phase,sim_time,rel_to_rl_switch,cmd_vx,cmd_vy,cmd_yaw,base_x,base_y,base_z,tilt_deg,base_vx,base_vy,base_wx,base_wy,base_wz,imu_wx,imu_wy,imu_wz,rtf,base_qw,base_qx,base_qy,base_qz,base_vz,imu_qw,imu_qx,imu_qy,imu_qz,kd_FL_calf,kd_FL_hip,kd_FL_thigh,kd_FR_calf,kd_FR_hip,kd_FR_thigh,kd_RL_calf,kd_RL_hip,kd_RL_thigh,kd_RR_calf,kd_RR_hip,kd_RR_thigh,kp_FL_calf,kp_FL_hip,kp_FL_thigh,kp_FR_calf,kp_FR_hip,kp_FR_thigh,kp_RL_calf,kp_RL_hip,kp_RL_thigh,kp_RR_calf,kp_RR_hip,kp_RR_thigh,mode_FL_calf,mode_FL_hip,mode_FL_thigh,mode_FR_calf,mode_FR_hip,mode_FR_thigh,mode_RL_calf,mode_RL_hip,mode_RL_thigh,mode_RR_calf,mode_RR_hip,mode_RR_thigh,pos_FL_calf_joint,pos_FL_hip_joint,pos_FL_thigh_joint,pos_FR_calf_joint,pos_FR_hip_joint,pos_FR_thigh_joint,pos_RL_calf_joint,pos_RL_hip_joint,pos_RL_thigh_joint,pos_RR_calf_joint,pos_RR_hip_joint,pos_RR_thigh_joint,target_FL_calf,target_FL_hip,target_FL_thigh,target_FR_calf,target_FR_hip,target_FR_thigh,target_RL_calf,target_RL_hip,target_RL_thigh,target_RR_calf,target_RR_hip,target_RR_thigh,vel_FL_calf_joint,vel_FL_hip_joint,vel_FL_thigh_joint,vel_FR_calf_joint,vel_FR_hip_joint,vel_FR_thigh_joint,vel_RL_calf_joint,vel_RL_hip_joint,vel_RL_thigh_joint,vel_RR_calf_joint,vel_RR_hip_joint,vel_RR_thigh_joint
fixedstand_hold,115.357,,0.0,0.0,0.0,0.016303134728776356,-0.008357548080117107,0.26881652245947696,0.19073461797842467,0.014424761736083496,-0.0008761558804503002,0.002964804348830993,0.009806150005261267,-0.004029509174086357,-0.0005044163240202709,0.004047403267747689,-0.004457274036635721,14.190639379970092,0.999995743359277,-0.0007461215389199705,-0.0014878750814918892,0.0023964126769342006,0.07910496266965034,0.9999956800195764,-0.0007484256322025625,-0.0015094383733938324,0.0024086089460969664,6.434538841247559,4.595454216003418,4.601281642913818,6.4178876876831055,4.598373889923096,4.592521667480469,6.426248550415039,4.601281642913818,4.601281642913818,6.422077178955078,4.595454216003418,4.601281642913818,126.99440002441406,85.75323486328125,85.88643646240234,126.61141967773438,85.81997680664062,85.68620300292969,126.8037109375,85.88643646240234,85.88643646240234,126.70777893066406,85.75323486328125,85.88643646240234,10,10,10,10,10,10,10,10,10,10,10,10,-1.6515908175368015,0.19814537684150135,0.7813002240733997,-1.6501178942589831,-0.19608062567107698,0.7856330157706424,-1.658064768113693,0.20028276648324717,0.7996241427184092,-1.6545805944055232,-0.20018545007816435,0.8020802714745257,-1.5951368808746338,0.10597201436758041,0.7825658917427063,-1.5997813940048218,-0.1055683046579361,0.7845792174339294,-1.597458839416504,0.105672687292099,0.7914707064628601,-1.5986177921295166,-0.10650309920310974,0.7913641929626465,0.601488259795961,-0.06711338050147546,-0.26321002613402583,0.5969385343354562,0.0663578101986213,-0.2671994458812734,0.6654660210206778,-0.0769682342785882,-0.30046624269525396,0.6510833909283994,0.07211626602414874,-0.29963061467450314
fixedstand_hold,115.412,,0.0,0.0,0.0,0.017016669707145833,-0.00844694020027031,0.27279180687359406,0.18418022795723057,0.012389029022691178,-0.0024284501675286884,0.004615674877971876,-0.0023036541868227136,-0.008966963060980564,0.0013030697843290989,-0.005238429391082962,-0.008765065652441168,21.17835930455068,0.9999961985897144,-0.0006962440132299706,-0.0014486466847146934,0.0022404180808825035,0.07730329590460193,0.9999962044370779,-0.0006955751523078991,-0.0014514376175267523,0.002236205600529241,6.513593673706055,4.656865119934082,4.662153244018555,6.509807109832764,4.6461405754089355,4.656865119934082,6.502181529998779,4.659515380859375,4.659515380859375,6.517362117767334,4.662153244018555,4.654202461242676,128.81265258789062,87.15691375732422,87.27779388427734,128.72555541992188,86.91178131103516,87.15691375732422,128.5501708984375,87.21749877929688,87.21749877929688,128.89932250976562,87.27779388427734,87.09605407714844,10,10,10,10,10,10,10,10,10,10,10,10,-1.6314883573257344,0.19482896664747518,0.7732344719151794,-1.6299833665195296,-0.19300111997929736,0.7771840011098163,-1.6369136709793928,0.1978497925378262,0.7908691822252454,-1.6336461554879014,-0.19771644502764918,0.793079956495526,-1.5722869634628296,0.09691943228244781,0.7713366150856018,-1.5734143257141113,-0.09855767339468002,0.7727586627006531,-1.575676679611206,0.09700540453195572,0.7800139784812927,-1.571161150932312,-0.09659183770418167,0.7809920907020569,0.5645736302546567,-0.11275747086281057,-0.23676653406491427,0.5901626363826914,0.08764846956106292,-0.26225850198684764,0.6245822574198682,-0.061823596315943766,-0.27301690508069604,0.6217018182837577,0.08024925657267035,-0.28270980779850147
fixedstand_hold,115.412,,0.0,0.0,0.0,0.017016669707145833,-0.00844694020027031,0.27279180687359406,0.18418022795723057,0.012389029022691178,-0.0024284501675286884,0.004615674877971876,-0.0023036541868227136,-0.008966963060980564,0.0013030697843290989,-0.005238429391082962,-0.008765065652441168,21.17835930455068,0.9999961985897144,-0.0006962440132299706,-0.0014486466847146934,0.0022404180808825035,0.07730329590460193,0.9999962044370779,-0.0006955751523078991,-0.0014514376175267523,0.002236205600529241,6.513593673706055,4.656865119934082,4.662153244018555,6.509807109832764,4.6461405754089355,4.656865119934082,6.502181529998779,4.659515380859375,4.659515380859375,6.517362117767334,4.662153244018555,4.654202461242676,128.81265258789062,87.15691375732422,87.27779388427734,128.72555541992188,86.91178131103516,87.15691375732422,128.5501708984375,87.21749877929688,87.21749877929688,128.89932250976562,87.27779388427734,87.09605407714844,10,10,10,10,10,10,10,10,10,10,10,10,-1.6314883573257344,0.19482896664747518,0.7732344719151794,-1.6299833665195296,-0.19300111997929736,0.7771840011098163,-1.6369136709793928,0.1978497925378262,0.7908691822252454,-1.6336461554879014,-0.19771644502764918,0.793079956495526,-1.5722869634628296,0.09691943228244781,0.7713366150856018,-1.5734143257141113,-0.09855767339468002,0.7727586627006531,-1.575676679611206,0.09700540453195572,0.7800139784812927,-1.571161150932312,-0.09659183770418167,0.7809920907020569,0.5645736302546567,-0.11275747086281057,-0.23676653406491427,0.5901626363826914,0.08764846956106292,-0.26225850198684764,0.6245822574198682,-0.061823596315943766,-0.27301690508069604,0.6217018182837577,0.08024925657267035,-0.28270980779850147
fixedstand_hold,115.417,,0.0,0.0,0.0,0.017155563124666318,-0.008477422561486567,0.2737437820326902,0.18413051146284623,0.01132696950730712,-0.0027161517556245044,0.003570656124204096,-0.003971245796509648,-0.009727494426395379,0.0026370592175488827,0.0012290372629362315,-0.008769394000810225,0.15815770340066512,0.9999963140803787,-0.0006731088244442623,-0.001459062364850605,0.0021885810888747233,0.08060916618954382,0.9999962742583922,-0.0006822805330845083,-0.0014561945350193657,0.002205778793264924,6.528563976287842,4.6647796630859375,4.67258358001709,6.521113395690918,4.67258358001709,4.662153244018555,6.532262802124023,4.67258358001709,4.667392730712891,6.535943984985352,4.6751604080200195,4.669994831085205,129.15696716308594,87.33781433105469,87.51620483398438,128.98561096191406,87.51620483398438,87.27779388427734,129.24203491210938,87.51620483398438,87.39755249023438,129.3267059326172,87.57510375976562,87.45702362060547,10,10,10,10,10,10,10,10,10,10,10,10,-1.623932569130507,0.1935569485190589,0.7701438424211577,-1.6224663259486363,-0.19174507381188022,0.77392997802996,-1.6290351499778666,0.1969832726365235,0.7875627226715629,-1.625872893695889,-0.19679806642692377,0.7896428949866303,-1.5677937269210815,0.09570641815662384,0.7693321108818054,-1.5700371265411377,-0.09451081603765488,0.7717486023902893,-1.5666770935058594,0.09497929364442825,0.7784047722816467,-1.5655570030212402,-0.09456884115934372,0.7777736783027649,0.6136425231600191,-0.08186563524215357,-0.27015245828240697,0.6065926192328265,0.08193951647086682,-0.2791470348812901,0.6673573300244697,-0.07442713905747916,-0.30298453441589585,0.6492816411993216,0.07289537174534343,-0.3056899891485151
fixedstand_hold,115.44,,0.0,0.0,0.0,0.01718912323141952,-0.008485822938859093,0.27398617599503156,0.1849754816256082,0.011200834536455862,-0.0028518061027286434,0.0017703589952354224,-0.007662713683225078,-0.009713665480230544,0.0014463812812402284,-0.004739860806614435,-0.009875382180668964,13.582156313453755,0.9999963333834815,-0.0006706283234545595,-0.0014683144674898794,0.002174288359351825,0.08107921044226066,0.99999632792888,-0.0006716137408070648,-0.0014645047295095536,0.002179057052095338,6.539608478546143,4.677725791931152,4.682818412780762,6.543254852294922,4.680278301239014,4.662153244018555,6.561225891113281,4.690365791320801,4.677725791931152,6.543254852294922,4.687862396240234,4.685346603393555,129.41099548339844,87.63373565673828,87.75013732910156,129.49485778808594,87.69207763671875,87.27779388427734,129.908203125,87.92265319824219,87.63373565673828,129.49485778808594,87.86543273925781,87.80792999267578,10,10,10,10,10,10,10,10,10,10,10,10,-1.6183125017730529,0.1922080398895334,0.7678967755882624,-1.6168532413788785,-0.19046798752233673,0.7715338852819915,-1.6230152758680747,0.1963134987089239,0.7850596762329864,-1.6199422007347204,-0.19610615560084188,0.7870387831628554,-1.5644409656524658,0.09369640797376633,0.7673394083976746,-1.5633268356323242,-0.0933082103729248,0.7717486023902893,-1.5577828884124756,0.09216777235269547,0.7762699723243713,-1.5633267164230347,-0.09256070852279663,0.7745835185050964,0.546864803603677,-0.20470659209605774,-0.2158999725712618,0.55067306221442,0.18728700025184955,-0.2332370268835428,0.6296030071234252,-0.06797736700999077,-0.2654694974218522,0.6304666257251066,0.06830893304092889,-0.27904619346321946
fixedstand_hold,115.458,,0.0,0.0,0.0,0.017550778556224122,-0.008605984382120686,0.2768911131662952,0.22847709142665726,0.007233415648427167,-0.0035580723238609617,0.0033681562107015974,-0.0195321752974987,-0.011001210697779328,0.0038403542538658995,-0.017982420534862244,-0.009416793129809854,15.687014453604737,0.999996051645276,-0.0006114427847739969,-0.0018977685410878908,0.0019802288110258685,0.07348515061293559,0.9999963376152633,-0.0006633949830532076,-0.0014953552516969346,0.0021560556180982592,6.578760623931885,4.6978044509887695,4.69285774230957,6.585653305053711,4.705132484436035,4.705132484436035,6.582216262817383,4.705132484436035,4.705132484436035,6.571799278259277,4.690365791320801,4.705132484436035,130.31149291992188,88.09266662597656,87.9796142578125,130.47003173828125,88.26016998291016,88.26016998291016,130.39096069335938,88.26016998291016,88.26016998291016,130.1513671875,87.92265319824219,88.26016998291016,10,10,10,10,10,10,10,10,10,10,10,10,-1.606820488123219,0.18801390508200644,0.7637101472078438,-1.6053881957327558,-0.18646215563849466,0.7669709828031763,-1.610524294946777,0.19499467088672962,0.7802685804027707,-1.60772503712165,-0.19470235139515868,0.782023263819247,-1.5522767305374146,0.09051152318716049,0.765358567237854,-1.5500869750976562,-0.0893387496471405,0.7632825374603271,-1.5511832237243652,0.08978158980607986,0.7704652547836304,-1.5544730424880981,-0.09216093271970749,0.7703748345375061,0.545414081977971,-0.15189725219713515,-0.2251707134171267,0.5538210999250202,0.12473029613756544,-0.244361317342829,0.5933310077326679,-0.05922956293032479,-0.2544844552322706,0.5833113146699139,0.06719830154564832,-0.26342078481987014
fixedstand_hold,115.484,,0.0,0.0,0.0,0.01769744287125597,-0.0087032065560972,0.2788777984584816,0.25736146394875725,0.0037275864808950844,-0.0036151727914712586,0.0027554066976677597,-0.018207860093114186,-0.011479566670668491,-0.0017565943936318986,-0.020429884947519693,-0.012150430884072335,11.3641530566202,0.9999958007627349,-0.0005683556598782836,-0.0021727957125736927,0.0018314987119933586,0.07546120083251456,0.9999958440111031,-0.0005755305204008233,-0.002125972315183469,0.0018603673983804752,6.5992302894592285,4.731069087982178,4.728771686553955,6.6158127784729,4.72180700302124,4.724140167236328,6.605915069580078,4.731069087982178,4.72180700302124,6.609231472015381,4.728771686553955,4.733354091644287,130.78228759765625,88.8530044555664,88.80049896240234,131.1636962890625,88.64130401611328,88.69464111328125,130.93603515625,88.8530044555664,88.64130401611328,131.0123291015625,88.80049896240234,88.90524291992188,10,10,10,10,10,10,10,10,10,10,10,10,-1.5943534509422967,0.18440608927058388,0.7586742402341482,-1.5929647968473404,-0.1829893711721935,0.7615388155428189,-1.5974037683104978,0.19365884321318116,0.774808466293516,-1.5949397368747302,-0.19321632675638778,0.776329513899582,-1.5457284450531006,0.08503248542547226,0.7580392360687256,-1.5403194427490234,-0.08659657090902328,0.7593745589256287,-1.5435618162155151,0.0854649767279625,0.7668225765228271,-1.5424777269363403,-0.08584786206483841,0.7641600370407104,0.5344338533958609,-0.1835200120526657,-0.23123787360261447,0.5275405047687447,0.17798877551010905,-0.24360011112528407,0.6109032937825107,-0.060101594561371194,-0.2766227022625341,0.594854578454493,0.06699865919801778,-0.2835738736844162
fixedstand_hold,115.51,,0.0,0.0,0.0,0.017721099277360257,-0.008728317184471035,0.2794086739961378,0.2642343566795893,0.003280613135402415,-0.003592702829376243,0.005442761327003595,-0.02394662698310572,-0.011750598013396757,0.0011141586418201425,-0.03253450053049117,-0.014898258066565693,13.876168536220291,0.9999957385632999,-0.0005531918933533018,-0.002238537642107687,0.0017904701043439213,0.07620581835755043,0.9999954359418586,-0.0005339603924337024,-0.002439707882811763,0.0017002373946414504,6.638305187225342,4.751204490661621,4.749014854431152,6.644577503204346,4.744600296020508,4.751204490661621,6.644577503204346,4.746813774108887,4.753381729125977,6.638305187225342,4.746813774108887,4.744600296020508,131.68101501464844,89.31324005126953,89.26319885253906,131.82528686523438,89.16229248046875,89.31324005126953,131.82528686523438,89.21288299560547,89.36300659179688,131.68101501464844,89.21288299560547,89.16229248046875,10,10,10,10,10,10,10,10,10,10,10,10,-1.5828683504580638,0.18069576726476821,0.7538526701376451,-1.5816825304416193,-0.17933106897441764,0.7563996731731049,-1.5853082361897552,0.19238741151810768,0.7695874702589425,-1.5832781218196716,-0.19171118837409828,0.7709277739771005,-1.532821536064148,0.08157569169998169,0.7537322640419006,-1.5306953191757202,-0.08273281157016754,0.7536073923110962,-1.5306974649429321,0.08275818079710007,0.7596608996391296,-1.5328214168548584,-0.0827520340681076,0.7616062760353088,0.5131293788713354,-0.23798500815692908,-0.21588285495178733,0.502154225365959,0.23155700765786894,-0.23055122378400855,0.6095222713643571,-0.0708732473544431,-0.2718214623583668,0.5389909488097271,0.1430110371526501,-0.25357053249696065
fixedstand_hold,115.517,,0.0,0.0,0.0,0.017766786347886747,-0.008800220715068936,0.2810831464104204,0.2992080712680132,0.0009763820012434555,-0.0028620861737331505,0.0035140618954851597,-0.029642045922343527,-0.018743519664292118,0.004443883825959601,-0.02993960213037955,-0.019009666697797762,10.454782983304103,0.9999952605690102,-0.00051140317708668,-0.00256050887696231,0.001631288018353378,0.07657888476987659,0.9999953012019475,-0.0005154355587639935,-0.0025317365847089468,0.001649912142223623,6.641449928283691,4.766195774078369,4.761971950531006,6.647687911987305,4.746813774108887,4.755547523498535,6.665994167327881,4.751204490661621,4.764090061187744,6.647687911987305,4.751204490661621,4.751204490661621,131.75335693359375,89.6559066772461,89.55935668945312,131.89682006835938,89.21288299560547,89.41250610351562,132.31787109375,89.31324005126953,89.60777282714844,131.89682006835938,89.31324005126953,89.31324005126953,10,10,10,10,10,10,10,10,10,10,10,10,-1.581999817043358,0.18034196534799474,0.7534979895547078,-1.5807989636294844,-0.17903452194812086,0.7559947848738151,-1.584396351127216,0.19227699783219965,0.7692029257209452,-1.5824331801684242,-0.191548680340361,0.7705370693070668,-1.5317574739456177,0.07892347872257233,0.750897228717804,-1.529634952545166,-0.0823499783873558,0.7526574730873108,-1.523313283920288,0.08199059963226318,0.7571439743041992,-1.529634952545166,-0.0819845125079155,0.7600842714309692,0.5473511919436951,-0.21281897378500528,-0.2332052728511338,0.55632323681315,0.17922353111950634,-0.26193268794777114,0.6034719677813888,-0.06615927496392637,-0.26751873143488475,0.5812514533913646,0.10657725280162204,-0.2775973218614011
fixedstand_hold,115.536,,0.0,0.0,0.0,0.01776986612479751,-0.008827192698246798,0.28185487647453045,0.3162611925745007,-8.971927578963382e-05,-0.0026468381354936717,-0.006509905510367756,-0.03209243205804696,-0.018705961201704032,0.004443883825959601,-0.02993960213037955,-0.019009666697797762,12.78036806258562,0.9999950024472376,-0.0004998371397885069,-0.002714256627237068,0.0015420941425865673,0.07808493779599719,0.9999953012019475,-0.0005154355587639935,-0.0025317365847089468,0.001649912142223623,6.680783271789551,4.776548385620117,4.774501800537109,6.677859306335449,4.776548385620117,4.776548385620117,6.677859306335449,4.776548385620117,4.776548385620117,6.671960353851318,4.768290042877197,4.753381729125977,132.65802001953125,89.89253234863281,89.84574890136719,132.59075927734375,89.89253234863281,89.89253234863281,132.59075927734375,89.89253234863281,89.89253234863281,132.45509338378906,89.70376586914062,89.36300659179688,10,10,10,10,10,10,10,10,10,10,10,10,-1.5719752020974873,0.17706288274770277,0.7492565701406022,-1.5708420825341287,-0.17580329158397845,0.7512853004270923,-1.5741404866208395,0.19105157935277628,0.7647806435673399,-1.5726443592760067,-0.19001369759252107,0.7658493515225837,-1.518092155456543,0.07704891264438629,0.7480916976928711,-1.519132137298584,-0.0770588219165802,0.7479572892189026,-1.5191341638565063,0.0774407908320427,0.754152774810791,-1.521217942237854,-0.07894083857536316,0.7595786452293396,0.5830258702422335,-0.20779212129507976,-0.25777957310758964,0.5710507176287248,0.20913851529238472,-0.27793681216878696,0.6134392224661875,-0.10389502072087552,-0.2783501584972601,0.6050880477138535,0.10532513701398415,-0.3002723236511028
fixedstand_hold,115.556,,0.0,0.0,0.0,0.01773227135947842,-0.008884035204303732,0.28419125528227746,0.3624986609653394,-0.001884136865419641,-0.001445653219062359,0.006056368633834186,-0.027721868705452794,-0.01936210720730326,-0.0033816007556210976,-0.02873299303647431,-0.02095303470044206,10.603892043062679,0.9999942061515267,-0.00043854255235908375,-0.0031328471592860776,0.0012572241185836166,0.082321215047785,0.999994380653816,-0.0004493572388649536,-0.003050390869209928,0.0013159993951666177,6.703573703765869,4.786606788635254,4.794443607330322,6.686581611633301,4.778583526611328,4.782618522644043,6.695152759552002,4.788583755493164,4.780607223510742,6.709105014801025,4.79637336730957,4.788583755493164,133.18218994140625,90.12244415283203,90.30156707763672,132.7913818359375,89.93904876708984,90.03128814697266,132.988525390625,90.1676254272461,89.98530578613281,133.30941772460938,90.3456802368164,90.1676254272461,10,10,10,10,10,10,10,10,10,10,10,10,-1.5691767817192002,0.17606633603016508,0.7480421195795035,-1.5681011665440643,-0.17483318371012846,0.7499487803191602,-1.571264411815294,0.19064237345788104,0.7635094433168916,-1.5698365239198573,-0.18961132218601406,0.7644620462541107,-1.5098391771316528,0.07519110292196274,0.7434828281402588,-1.5160174369812012,-0.07668589055538177,0.7465634942054749,-1.512921690940857,0.07520217448472977,0.7531628012657166,-1.5077950954437256,-0.07371804863214493,0.7511178851127625,0.5532725153238489,-0.2329057022951162,-0.2440720149505527,0.5427362955978654,0.2411912378570847,-0.26402631878772004,0.5904375658289882,-0.14174796711667226,-0.2692846063007015,0.5649628984034718,0.17083585969290635,-0.27954038070318904
fixedstand_hold,115.577,,0.0,0.0,0.0,0.01768524165081158,-0.008906517388076988,0.2859221471549355,0.3922961577073602,-0.002375365659304217,-0.0006837182192009671,0.005298491393109399,-0.023445092998828066,-0.016711710002869286,-0.0006014958313349948,-0.02417468810754313,-0.016701829245188645,27.133353129274166,0.9999935672908156,-0.0003897292275727681,-0.003401166994173645,0.0010703042540681613,0.08341115222011199,0.9999934122860578,-0.0003825881064227007,-0.0034598627294869515,0.0010287666017154012,6.730569362640381,4.800199031829834,4.809560775756836,6.730569362640381,4.811398506164551,4.811398506164551,6.7279438972473145,4.809560775756836,4.803977966308594,6.714570045471191,4.811398506164551,4.803977966308594,133.8031005859375,90.43312072753906,90.64710235595703,133.8031005859375,90.6891098022461,90.6891098022461,133.74270629882812,90.64710235595703,90.51950073242188,133.43511962890625,90.6891098022461,90.51950073242188,10,10,10,10,10,10,10,10,10,10,10,10,-1.5524162022871861,0.16902769456153255,0.7405664399805723,-1.5516055582197268,-0.1678706385719142,0.7417575787818418,-1.5544753595116436,0.1864823774420996,0.7559048355683053,-1.5535547921465875,-0.1852950541435927,0.7562708164727256,-1.4996954202651978,0.07261892408132553,0.7398572564125061,-1.4996954202651978,-0.07045029103755951,0.7397099733352661,-1.500702977180481,0.07116253674030304,0.7472991347312927,-1.5057584047317505,-0.0707942470908165,0.747226357460022,0.553949892172699,-0.2442369609292881,-0.2579392523652245,0.5437777706324008,0.24180200404141203,-0.273487023821951,0.599407579048657,-0.17690606431974842,-0.2867502908519306,0.5800576783833093,0.19209433543263468,-0.29665925765700546
fixedstand_hold,115.596,,0.0,0.0,0.0,0.01762940572313932,-0.00891305428031764,0.28815473811435866,0.4259825833903766,-0.0016557432361050148,0.00023400776871264508,0.0013655803138293047,-0.020163354150214235,-0.013487689551716567,0.0030307496772122287,-0.02276287930378888,-0.01491388859438465,12.056473699568725,0.9999927182359862,-0.0003416088350876624,-0.00370166144306517,0.0008628331057375473,0.08274138032035898,0.9999929335793728,-0.0003530276477401293,-0.0036298988968909173,0.0009121385851831829,6.753469467163086,4.82394552230835,4.818635940551758,6.743453025817871,4.829153060913086,4.827428340911865,6.743453025817871,4.825692653656006,4.82394552230835,6.753469467163086,4.829153060913086,4.82394552230835,134.32980346679688,90.97589111328125,90.85453796386719,134.09942626953125,91.09492492675781,91.05551147460938,134.09942626953125,91.01583862304688,90.97589111328125,134.32980346679688,91.09492492675781,90.97589111328125,10,10,10,10,10,10,10,10,10,10,10,10,-1.5488251262402208,0.16742657251129867,0.7389247535824772,-1.548068709747092,-0.16627489796998685,0.7399858304132341,-1.5508429993904835,0.18548245353925719,0.7542188467991267,-1.550011379869848,-0.18426729175252898,0.7544695855991117,-1.4907336235046387,0.06793268769979477,0.7376196980476379,-1.4946967363357544,-0.06687688082456589,0.7356923222541809,-1.4946985244750977,0.06792081147432327,0.7420413494110107,-1.4907336235046387,-0.06720339506864548,0.7419725656509399,0.528438416701303,-0.26460631448749283,-0.24390971493248026,0.5170272880823235,0.262867837591255,-0.25756986841680274,0.569093414768766,-0.20629934558726326,-0.27077998440969836,0.5443108678334122,0.2233025001117815,-0.2754062695063795
fixedstand_hold,115.616,,0.0,0.0,0.0,0.017600007801938284,-0.008895748928293354,0.2902967244487575,0.45288172034397906,-0.0005209308494192023,0.001097335539054921,0.0014036220644262174,-0.01593095679589498,-0.008972617958142257,0.0009500639192712436,-0.017253556118598242,-0.010248398494431545,12.311327158691407,0.9999919325041725,-0.0003089965375943702,-0.003940030342881144,0.0007180589163562533,0.08344853341667985,0.9999921449291914,-0.00031709101338515255,-0.003878841052845918,0.0007510827459710629,6.781986236572266,4.848982334136963,4.850563049316406,6.7865190505981445,4.847390651702881,4.850563049316406,6.7750701904296875,4.850563049316406,4.847390651702881,6.788762092590332,4.852133750915527,4.852133750915527,134.98568725585938,91.54816436767578,91.58430480957031,135.08993530273438,91.51177978515625,91.58430480957031,134.8266143798828,91.58430480957031,91.51177978515625,135.1415252685547,91.62019348144531,91.62019348144531,10,10,10,10,10,10,10,10,10,10,10,10,-1.5319453676559984,0.15991013811903,0.7311141541198829,-1.5313684862899821,-0.15881331307554003,0.7316547187534557,-1.5339842359886005,0.18024277605646954,0.7463124785050184,-1.5334700091324,-0.17898574534203338,0.7461078743088345,-1.4790380001068115,0.06267624348402023,0.7293208241462708,-1.4771174192428589,-0.06302961707115173,0.7295880317687988,-1.4819360971450806,0.0626487135887146,0.7355165481567383,-1.4761602878570557,-0.06229856237769127,0.7340806126594543,0.5493139667392195,-0.23510089075457294,-0.2608173721951464,0.542018457937578,0.2386094441688661,-0.26962615321302796,0.5968201816668397,-0.19109432525125863,-0.29051735809180673,0.584850306898558,0.2056328778938769,-0.2953619810004858
fixedstand_hold,115.662,,0.0,0.0,0.0,0.01760937818575114,-0.008859574326535204,0.29228364318173344,0.47363167366729036,0.0012060375780222096,0.0018597003008193175,-0.002710052138823049,-0.012858238581213235,-0.005543556429476042,-0.0018068583111689298,-0.014863526551579449,-0.006845800063307804,0.2963931624868851,0.9999912599222764,-0.0002920382220651518,-0.004122874180293164,0.0006298422254466301,0.08256337840581046,0.9999914406191437,-0.0002889176781900568,-0.004075606804493082,0.000651647297443763,6.810346603393555,4.868694305419922,4.868694305419922,6.810346603393555,4.868694305419922,4.867242336273193,6.810346603393555,4.856779098510742,4.870136260986328,6.8040313720703125,4.865779399871826,4.8598222732543945,135.63796997070312,91.99873352050781,91.99873352050781,135.63796997070312,91.99873352050781,91.96554565429688,135.63796997070312,91.72637176513672,92.03169250488281,135.4927215576172,91.93209838867188,91.79592895507812,10,10,10,10,10,10,10,10,10,10,10,10,-1.519871011603085,0.15458923631552057,0.7254862317282367,-1.519367768615365,-0.1535424870104194,0.7258016370943707,-1.5219663890983641,0.17626906553815314,0.7406369785172959,-1.521589524426167,-0.1749441528767104,0.7402390000812522,-1.4667036533355713,0.05825580283999443,0.7242510318756104,-1.4667036533355713,-0.058263298124074936,0.7249194383621216,-1.4667052030563354,0.06127103790640831,0.7287403345108032,-1.4695184230804443,-0.05922284722328186,0.731813371181488,0.5430896799968221,-0.23180674268676768,-0.2574516189511347,0.535936249576724,0.24499608678395016,-0.26183047604788523,0.5633622431718335,-0.23085408385437026,-0.2723825068432683,0.5575691463224675,0.23244736440982045,-0.27594900472935796
fixedstand_hold,115.662,,0.0,0.0,0.0,0.01760937818575114,-0.008859574326535204,0.29228364318173344,0.47363167366729036,0.0012060375780222096,0.0018597003008193175,-0.002710052138823049,-0.012858238581213235,-0.005543556429476042,-0.0018068583111689298,-0.014863526551579449,-0.006845800063307804,0.2963931624868851,0.9999912599222764,-0.0002920382220651518,-0.004122874180293164,0.0006298422254466301,0.08256337840581046,0.9999914406191437,-0.0002889176781900568,-0.004075606804493082,0.000651647297443763,6.810346603393555,4.868694305419922,4.868694305419922,6.810346603393555,4.868694305419922,4.867242336273193,6.810346603393555,4.856779098510742,4.870136260986328,6.8040313720703125,4.865779399871826,4.8598222732543945,135.63796997070312,91.99873352050781,91.99873352050781,135.63796997070312,91.99873352050781,91.96554565429688,135.63796997070312,91.72637176513672,92.03169250488281,135.4927215576172,91.93209838867188,91.79592895507812,10,10,10,10,10,10,10,10,10,10,10,10,-1.519871011603085,0.15458923631552057,0.7254862317282367,-1.519367768615365,-0.1535424870104194,0.7258016370943707,-1.5219663890983641,0.17626906553815314,0.7406369785172959,-1.521589524426167,-0.1749441528767104,0.7402390000812522,-1.4667036533355713,0.05825580283999443,0.7242510318756104,-1.4667036533355713,-0.058263298124074936,0.7249194383621216,-1.4667052030563354,0.06127103790640831,0.7287403345108032,-1.4695184230804443,-0.05922284722328186,0.731813371181488,0.5430896799968221,-0.23180674268676768,-0.2574516189511347,0.535936249576724,0.24499608678395016,-0.26183047604788523,0.5633622431718335,-0.23085408385437026,-0.2723825068432683,0.5575691463224675,0.23244736440982045,-0.27594900472935796
fixedstand_hold,115.689,,0.0,0.0,0.0,0.017727534471021305,-0.008763280162843744,0.2952406756891874,0.4949445536509549,0.004896337250484742,0.0031598611871707727,0.0016369521855191791,-0.005257732760772049,-0.0010323993323792238,0.0007483113457669757,-0.0047915692732737,-0.0008943924792116785,11.902071245549733,0.9999905033608562,-0.0002723387291932021,-0.00431059814943772,0.0005811740807744097,0.07279435358326687,0.9999905141176346,-0.00027422717532018175,-0.004307922917960905,0.0005816135641166075,6.824554920196533,4.885309219360352,4.872988700866699,6.836155891418457,4.883980751037598,4.883980751037598,6.822569370269775,4.877188682556152,4.88264274597168,6.834258556365967,4.88264274597168,4.879936218261719,135.96475219726562,92.37849426269531,92.09687805175781,136.23158264160156,92.34813690185547,92.34813690185547,135.91909790039062,92.19287872314453,92.31755065917969,136.18795776367188,92.31755065917969,92.25568389892578,10,10,10,10,10,10,10,10,10,10,10,10,-1.5031649444705337,0.14648532961396032,0.7177956685429443,-1.5027333871671233,-0.1454066109601868,0.7179956163455543,-1.5053248446263687,0.1695388169900367,0.7328733120564337,-1.5050227922313724,-0.16821713923047632,0.7323683265782277,-1.4602103233337402,0.05429031327366829,0.7230048775672913,-1.4547291994094849,-0.05462352931499481,0.7199583053588867,-1.4611330032348633,0.05654516816139221,0.7247843742370605,-1.4556372165679932,-0.055218786001205444,0.7255999445915222,0.478742854780445,-0.21915412365688933,-0.22399879903244088,0.4734807978743054,0.21720129454088363,-0.2231745266427425,0.540786453086217,-0.19055300005527545,-0.2603683096265778,0.5123250863566031,0.21486261395578965,-0.24575954538602562
fixedstand_hold,115.704,,0.0,0.0,0.0,0.017781321090183665,-0.008729934761343736,0.29594849707220594,0.4970226153951002,0.0058129598004404695,0.003449469501831724,-0.0011933482259140994,-0.0008069991537269333,0.00016052829432336159,-0.006125614439538078,-0.001670726552495362,0.00011822448058708543,27.057735053204986,0.9999904274408283,-0.000264709225474447,-0.004329241744592262,0.000576733606176492,0.06994298131765675,0.9999904130564138,-0.0002675309980647076,-0.004332337666195102,0.0005771245741296086,6.8323469161987305,4.887933731079102,4.890519142150879,6.845423221588135,4.886626243591309,4.891796112060547,6.836155891418457,4.885309219360352,4.887933731079102,6.843598365783691,4.890519142150879,4.891796112060547,136.14398193359375,92.43849182128906,92.49757385253906,136.44473266601562,92.40860748291016,92.52677154541016,136.23158264160156,92.37849426269531,92.43849182128906,136.40277099609375,92.49757385253906,92.52677154541016,10,10,10,10,10,10,10,10,10,10,10,10,-1.4976278937502299,0.14397232864653642,0.7152796495040281,-1.4972237480050126,-0.14289396590420633,0.7154784102306593,-1.4998255473940505,0.1672127147459177,0.7303504796697204,-1.4994881770386108,-0.16594811879365423,0.7298092876590081,-1.456547498703003,0.05364036187529564,0.717705488204956,-1.4502217769622803,-0.05397190898656845,0.7175305485725403,-1.4547306299209595,0.05456644296646118,0.7230531573295593,-1.45111882686615,-0.05325914919376373,0.7217124700546265,0.45773980652170226,-0.20244770493386122,-0.2138642445442564,0.4562643437776763,0.20274210422739194,-0.21389138616532422,0.49733007797224194,-0.22046624324209016,-0.23906391351212072,0.4922106367029455,0.21896846921694485,-0.23464042569383847
fixedstand_hold,115.725,,0.0,0.0,0.0,0.017948402271781003,-0.008633240658471389,0.29762716235328374,0.4949734512484321,0.0073552693385373815,0.004245573598990779,-0.004985868479361371,0.00580920002888171,0.002106730215753917,-0.004960648419962584,0.005813909713686528,0.0021527709505758464,9.32166299833893,0.9999904971014137,-0.0002720589439554101,-0.004310868495319124,0.0005900030631475407,0.06631953625849893,0.9999904971014137,-0.0002720589439554101,-0.004310868495319124,0.0005900030631475407,6.8595099449157715,4.90284538269043,4.904024124145508,6.8595099449157715,4.8992509841918945,4.904024124145508,6.856072425842285,4.8992509841918945,4.896805763244629,6.862891674041748,4.904024124145508,4.904024124145508,136.76873779296875,92.7793197631836,92.80626678466797,136.76873779296875,92.69715881347656,92.80626678466797,136.68966674804688,92.69715881347656,92.64126586914062,136.8465118408203,92.80626678466797,92.80626678466797,10,10,10,10,10,10,10,10,10,10,10,10,-1.4891839879499216,0.14092831199968092,0.7113897386427368,-1.488740330124096,-0.13988998003953146,0.7115930938100341,-1.491202783149788,0.16427901258279132,0.7263206835186811,-1.4909012080904276,-0.1630105324960578,0.7258285203175197,-1.443125605583191,0.049807608127593994,0.7133517861366272,-1.443125605583191,-0.050761472433805466,0.7135639786720276,-1.4448875188827515,0.05101308971643448,0.720064103603363,-1.4413739442825317,-0.04974145069718361,0.7174935936927795,0.5041587628546252,-0.13245868485117582,-0.2407584328518135,0.48119516687449815,0.16688919126860086,-0.22662991991402068,0.5372431636681947,-0.16574659884814477,-0.26120820171117926,0.5337162569734993,0.17815753085603334,-0.2569146943528885
fixedstand_hold,115.739,,0.0,0.0,0.0,0.018158969010924106,-0.008515524173280532,0.29924936181690964,0.4868347909411774,0.009439049848449637,0.005103475258542985,-0.0020645623848155993,0.00732171968326484,0.0022720789655879745,0.0003727268600838588,0.006095184486829434,0.0022458559325804935,25.653532347449776,0.9999907855852875,-0.0002569611506014786,-0.004240644100822949,0.0006161599602750243,0.06270299934070862,0.9999906264653502,-0.0002613400128582664,-0.004279714438246943,0.0006022683463757881,6.8694891929626465,4.908642292022705,4.9063520431518555,6.866217613220215,4.8992509841918945,4.908642292022705,6.856072425842285,4.90284538269043,4.900459289550781,6.8694891929626465,4.909773349761963,4.9063520431518555,136.9982452392578,92.91182708740234,92.85948181152344,136.92300415039062,92.69715881347656,92.91182708740234,136.68966674804688,92.7793197631836,92.72477722167969,136.9982452392578,92.93767547607422,92.85948181152344,10,10,10,10,10,10,10,10,10,10,10,10,-1.4861808712423814,0.13996129796788015,0.7100061383190077,-1.4857536913484441,-0.13894033791584537,0.710232008279176,-1.4881568932824596,0.1632980656415528,0.7248991692809081,-1.4878516725666335,-0.1620309956336854,0.7244199759646941,-1.4378981590270996,0.04824497178196907,0.7125734090805054,-1.4396315813064575,-0.050761472433805466,0.7120057344436646,-1.4448875188827515,0.0500609390437603,0.7187991142272949,-1.43789803981781,-0.0481751523911953,0.7166627645492554,0.45636740636236517,-0.18930527411581802,-0.21318683864912272,0.4548740997973736,0.18964114971063506,-0.21082442268110715,0.5003609057731045,-0.2108573347554845,-0.24146307297584174,0.49292533882151335,0.21274593270544076,-0.23366907318125935
fixedstand_hold,115.794,,0.0,0.0,0.0,0.01844200533080751,-0.008360180701462237,0.3009452441458417,0.4721780708850417,0.01076289059026714,0.006100598192916945,0.005136124539884336,0.011617149511872272,0.0035607442466265497,-0.00465386379557276,0.01201177278225981,0.003676100821718884,16.76249152608416,0.9999912954432547,-0.000267168180955768,-0.004111848825296184,0.0006560168612819824,0.05976773742860256,0.9999912511380697,-0.0002746210371450811,-0.004122676782338484,0.0006525080476422261,6.8908867835998535,4.921591758728027,4.923620700836182,6.892316818237305,4.923620700836182,4.924622058868408,6.893733978271484,4.922610759735107,4.920563697814941,6.895138263702393,4.924622058868408,4.920563697814941,137.49038696289062,93.20780944824219,93.25418853759766,137.52328491210938,93.25418853759766,93.27706909179688,137.55587768554688,93.23110961914062,93.18431091308594,137.5881805419922,93.27706909179688,93.18431091308594,10,10,10,10,10,10,10,10,10,10,10,10,-1.4676111993992205,0.1331996740282273,0.7017260064206585,-1.4671713478288542,-0.13216378647809712,0.7020887608820967,-1.4692146549208909,0.15578474749993898,0.7163214937668467,-1.4689090671864413,-0.1545074348503359,0.7159972246265438,-1.4260231256484985,0.04457898065447807,0.7064935564994812,-1.4251923561096191,-0.043985381722450256,0.7063096165657043,-1.4243651628494263,0.044504161924123764,0.7114143371582031,-1.4235379695892334,-0.04390024393796921,0.7113689184188843,0.40650791824577237,-0.16977575404873135,-0.1836014050246612,0.4126457205386088,0.16637331097938504,-0.18435913056200223,0.45029744287091056,-0.20039542989111436,-0.2113335813270883,0.43786852505899143,0.20932765945696508,-0.2000608938152367
fixedstand_hold,115.802,,0.0,0.0,0.0,0.01865593695238158,-0.008239882971304468,0.30204753851193894,0.4600919029062,0.011597232407415566,0.006627797537060252,-0.00401042620007994,0.014368781646011684,0.002747382438836796,-0.007094217427727406,0.015453371102833353,0.002996586561517793,4.298062169411369,0.9999917071833103,-0.0002602097607475125,-0.004006607705640726,0.0006818725555707231,0.05693919935991598,0.9999917360461783,-0.0002622324175630784,-0.003999025897227048,0.0006832754810965521,6.8908867835998535,4.923620700836182,4.924622058868408,6.897909641265869,4.929492950439453,4.931379318237305,6.8965301513671875,4.924622058868408,4.920563697814941,6.8965301513671875,4.9275712966918945,4.923620700836182,137.49038696289062,93.25418853759766,93.27706909179688,137.65191650390625,93.38841247558594,93.43153381347656,137.6201934814453,93.27706909179688,93.18431091308594,137.6201934814453,93.344482421875,93.25418853759766,10,10,10,10,10,10,10,10,10,10,10,10,-1.4669934905997568,0.13295712828005168,0.7014600817243455,-1.4665556991176585,-0.1319424369191422,0.7018278901760056,-1.468588159479003,0.1555035238343523,0.7160472683956574,-1.46828449342199,-0.15423153863711025,0.7157292731695177,-1.4260231256484985,0.04397972300648689,0.7061223983764648,-1.4218932390213013,-0.042207684367895126,0.7037326097488403,-1.422715663909912,0.04390350356698036,0.7114143371582031,-1.4227144718170166,-0.043005798012018204,0.7101739048957825,0.40377142599526405,-0.1783005630870012,-0.18174566078554902,0.40255728184172396,0.16769171420621176,-0.17949319133477573,0.44214443500432954,-0.21705985486386592,-0.20682317924925414,0.43958895579781787,0.20634272613168375,-0.2011218476807094
fixedstand_hold,115.802,,0.0,0.0,0.0,0.01865593695238158,-0.008239882971304468,0.30204753851193894,0.4600919029062,0.011597232407415566,0.006627797537060252,-0.00401042620007994,0.014368781646011684,0.002747382438836796,-0.007094217427727406,0.015453371102833353,0.002996586561517793,4.298062169411369,0.9999917071833103,-0.0002602097607475125,-0.004006607705640726,0.0006818725555707231,0.05693919935991598,0.9999917360461783,-0.0002622324175630784,-0.003999025897227048,0.0006832754810965521,6.8908867835998535,4.923620700836182,4.924622058868408,6.897909641265869,4.929492950439453,4.931379318237305,6.8965301513671875,4.924622058868408,4.920563697814941,6.8965301513671875,4.9275712966918945,4.923620700836182,137.49038696289062,93.25418853759766,93.27706909179688,137.65191650390625,93.38841247558594,93.43153381347656,137.6201934814453,93.27706909179688,93.18431091308594,137.6201934814453,93.344482421875,93.25418853759766,10,10,10,10,10,10,10,10,10,10,10,10,-1.4669934905997568,0.13295712828005168,0.7014600817243455,-1.4665556991176585,-0.1319424369191422,0.7018278901760056,-1.468588159479003,0.1555035238343523,0.7160472683956574,-1.46828449342199,-0.15423153863711025,0.7157292731695177,-1.4260231256484985,0.04397972300648689,0.7061223983764648,-1.4218932390213013,-0.042207684367895126,0.7037326097488403,-1.422715663909912,0.04390350356698036,0.7114143371582031,-1.4227144718170166,-0.043005798012018204,0.7101739048957825,0.40377142599526405,-0.1783005630870012,-0.18174566078554902,0.40255728184172396,0.16769171420621176,-0.17949319133477573,0.44214443500432954,-0.21705985486386592,-0.20682317924925414,0.43958895579781787,0.20634272613168375,-0.2011218476807094
fixedstand_hold,115.834,,0.0,0.0,0.0,0.019136921735515202,-0.007949340632142615,0.3043100073510588,0.4297548170504149,0.01239326422214878,0.007899431204292769,-0.005968539591875927,0.014110401224980168,0.002506074625470247,0.00042258039934438556,0.013677369805553846,0.0025179246351254123,15.12516138536443,0.9999927047446032,-0.00027033693385423465,-0.0037405533153701534,0.0007250078688390255,0.05582386336483434,0.9999922538969922,-0.00026537291406300296,-0.003862999127882813,0.000706371692664852,6.914708137512207,4.9452433586120605,4.942806243896484,6.921775817871094,4.944438934326172,4.941977500915527,6.920627117156982,4.942806243896484,4.937709808349609,6.914708137512207,4.944438934326172,4.941141128540039,138.0382843017578,93.7484130859375,93.69271850585938,138.2008514404297,93.73003387451172,93.67377471923828,138.17442321777344,93.69271850585938,93.57622528076172,138.0382843017578,93.73003387451172,93.65464782714844,10,10,10,10,10,10,10,10,10,10,10,10,-1.4530315269602365,0.1286919440980503,0.6953483067395521,-1.452583401897952,-0.12766867360321044,0.6957980566730768,-1.4542674334864811,0.1501040590054119,0.7096756225845198,-1.453922609979001,-0.14885096638449724,0.7094286877425668,-1.4114359617233276,0.037056710571050644,0.6989244222640991,-1.4067485332489014,-0.03733992576599121,0.69943767786026,-1.407524585723877,0.038087278604507446,0.7043918967247009,-1.4114359617233276,-0.03752223029732704,0.7028430104255676,0.429101060857612,-0.1295240492130879,-0.19531165113618557,0.41691199561065667,0.16176843319097972,-0.18645510508079197,0.45677052296726783,-0.18369579704914352,-0.21366872529523712,0.43929140764786856,0.2096246077731007,-0.20098367667767658
fixedstand_hold,115.852,,0.0,0.0,0.0,0.019322716674218816,-0.007826665687119564,0.30514854087101223,0.4183500887151192,0.012394851973000673,0.008412712926725742,-0.006649858051040847,0.014524047069227082,0.0023196775624747088,-0.001541166103098356,0.015184630934963679,0.0016032927339281915,16.46090618465486,0.9999930634187545,-0.00028153037968013753,-0.003639913830107649,0.0007381614523414603,0.056328206052856246,0.9999929203630884,-0.00027333725228699833,-0.003680579561742354,0.0007333788504096695,6.917110919952393,4.946039199829102,4.9452433586120605,6.9251532554626465,4.9452433586120605,4.942806243896484,6.922913551330566,4.943626880645752,4.946039199829102,6.922913551330566,4.944438934326172,4.942806243896484,138.0935516357422,93.76661682128906,93.7484130859375,138.27853393554688,93.7484130859375,93.69271850585938,138.2270050048828,93.71147155761719,93.76661682128906,138.2270050048828,93.73003387451172,93.69271850585938,10,10,10,10,10,10,10,10,10,10,10,10,-1.4472365608537885,0.12710737550024032,0.6928210289642411,-1.4467861622789497,-0.12604593093985983,0.6932990985684828,-1.4484049467086768,0.14794786995464815,0.7070828869855283,-1.448001920944149,-0.1467040395741348,0.7068379671557308,-1.4098637104034424,0.036779165267944336,0.6978822946548462,-1.4044380187988281,-0.037061478942632675,0.6990868449211121,-1.4059767723083496,0.03780568018555641,0.7006520628929138,-1.4059756994247437,-0.03752223029732704,0.7020955681800842,0.4432040894879847,-0.12504718776248883,-0.2040472661265654,0.42645622869858935,0.15437157487110198,-0.19277003839767504,0.4870887838486515,-0.1660602285236172,-0.23087295342400277,0.46216506857020334,0.19541585816201792,-0.21420240111366728
fixedstand_hold,115.856,,0.0,0.0,0.0,0.019322716674218816,-0.007826665687119564,0.30514854087101223,0.4183500887151192,0.012394851973000673,0.008412712926725742,-0.006649858051040847,0.014524047069227082,0.0023196775624747088,-0.005993244233443293,0.01443788564683548,0.0016792529502368896,24.43135924480912,0.9999930634187545,-0.00028153037968013753,-0.003639913830107649,0.0007381614523414603,0.056328206052856246,0.9999933198527842,-0.0002736044064070136,-0.0035670784233564484,0.0007492275739538031,6.9251532554626465,4.951388835906982,4.949899673461914,6.932638168334961,4.949143409729004,4.950648307800293,6.9273481369018555,4.944438934326172,4.949899673461914,6.93055534362793,4.946039199829102,4.950648307800293,138.27853393554688,93.88888549804688,93.85485076904297,138.45068359375,93.83757019042969,93.87196350097656,138.32901000976562,93.73003387451172,93.85485076904297,138.40277099609375,93.76661682128906,93.87196350097656,10,10,10,10,10,10,10,10,10,10,10,10,-1.446284063018858,0.12682180757046435,0.6924081998087477,-1.4458498420641561,-0.12573180347179758,0.6929008692459142,-1.4474040377795534,0.1476101706504407,0.7066389793699752,-1.4470359169180114,-0.14633058098789498,0.7064189015475462,-1.4044380187988281,0.03486168384552002,0.695827841758728,-1.3991345167160034,-0.035682663321495056,0.6956399083137512,-1.4029110670089722,0.03752501308917999,0.6988264918327332,-1.4006372690200806,-0.036963485181331635,0.6984293460845947,0.41357922012495485,-0.16340171903483566,-0.18573148972625864,0.4065236575569297,0.16585187873804835,-0.18053826685071592,0.45816583525677906,-0.1929420081418005,-0.21391294999568816,0.443550985049203,0.1998298944090613,-0.2026365789837348
fixedstand_hold,115.891,,0.0,0.0,0.0,0.0196337290631418,-0.007605799191795715,0.3065538023013487,0.3992157577678513,0.0124398632875714,0.00920756399175398,-0.00652643388013379,0.014599949710401934,0.0021269293834776945,-0.002065804855629382,0.013793362927398517,0.0016968784978902882,17.04245163592863,0.9999936427963663,-0.0002778974109624009,-0.0034727062627254875,0.0007599020300917276,0.056319628193736544,0.9999939000263824,-0.00027123929225605925,-0.0033964679667219397,0.0007683388723834444,6.941476345062256,4.960962772369385,4.957711219787598,6.938626289367676,4.957038402557373,4.959033489227295,6.937654972076416,4.959683895111084,4.956358432769775,6.939587116241455,4.960962772369385,4.959033489227295,138.65396118164062,94.10772705078125,94.03339385986328,138.58840942382812,94.01802062988281,94.0636215209961,138.56607055664062,94.0784912109375,94.00247955322266,138.61050415039062,94.10772705078125,94.0636215209961,10,10,10,10,10,10,10,10,10,10,10,10,-1.437463426194415,0.12399390410285793,0.6885859454231387,-1.4370238417167007,-0.12291292577453117,0.6891096474973448,-1.4383448430982453,0.14405419733856117,0.7026468687561636,-1.4379431443152288,-0.14280808315287263,0.7024455756956796,-1.3924977779388428,0.031160147860646248,0.6921663880348206,-1.3946870565414429,-0.03272869437932968,0.6916524171829224,-1.3954226970672607,0.03183899447321892,0.6956158876419067,-1.3939546346664429,-0.03131631016731262,0.6941881775856018,0.4178699687318006,-0.16433746249091538,-0.18817533061321215,0.4127898860332857,0.16207406083398163,-0.1848912747275022,0.45584646827625097,-0.20302391785298884,-0.21277588755350205,0.4472499416582955,0.19769998896653793,-0.2057872580380674
fixedstand_hold,115.9,,0.0,0.0,0.0,0.019807849637168588,-0.007473112987627208,0.3073386227478607,0.38889293904009814,0.012297401987812743,0.009633262732064314,-0.009948401105352207,0.014828044974493816,0.0010266656846330338,0.003953331484373269,0.01342627333024151,0.0020612127389869855,11.767057866613445,0.9999939458336,-0.00027521054624941974,-0.003382547235287039,0.0007687193919655757,0.0565644588761774,0.999994052470373,-0.00027507939983691706,-0.0033499603326699137,0.0007727360314845767,6.9477643966674805,4.962213516235352,4.963435173034668,6.946897029876709,4.961591720581055,4.962213516235352,6.9477643966674805,4.960962772369385,4.959683895111084,6.939587116241455,4.963435173034668,4.961591720581055,138.798583984375,94.13630676269531,94.16423034667969,138.77862548828125,94.1220932006836,94.13630676269531,138.798583984375,94.10772705078125,94.0784912109375,138.61050415039062,94.16423034667969,94.1220932006836,10,10,10,10,10,10,10,10,10,10,10,10,-1.434917814577263,0.1232150651287105,0.6874761665111198,-1.4344946801263267,-0.12209006252735843,0.6880172746559836,-1.4357414338347638,0.14305494506557803,0.7014948434416084,-1.4353008798272349,-0.14183809060678065,0.7012817872153336,-1.3874797821044922,0.030646057799458504,0.6892735958099365,-1.3881887197494507,-0.030906615778803825,0.6900396347045898,-1.3874804973602295,0.031318631023168564,0.693874716758728,-1.3939546346664429,-0.030286813154816628,0.6928134560585022,0.4551745475082986,-0.1046381557552463,-0.21022501081755454,0.4243307953003094,0.15884974734611967,-0.19179395961178342,0.4852414603256802,-0.16427847336150686,-0.22922889862823284,0.4565545764398127,0.2020668313945636,-0.21124875485402972
fixedstand_hold,115.92,,0.0,0.0,0.0,0.020089692530941065,-0.0072414637480794925,0.3086366751413573,0.37232110725291157,0.01206721820571833,0.01046728923614854,-0.00675107635760012,0.01307391185069251,0.0008818782274224706,0.0024406485708008117,0.01182082475987227,0.0011442139518648077,23.49403097199024,0.9999944170445249,-0.00027479679884553405,-0.0032374674118538036,0.0007804942393673032,0.05745259176659919,0.9999945424084198,-0.00026646137501408257,-0.0031984193052992838,0.0007837510183321613,6.95276403427124,4.964035987854004,4.968047142028809,6.954353332519531,4.968047142028809,4.965215682983398,6.95276403427124,4.963435173034668,4.963435173034668,6.953563690185547,4.966935157775879,4.966935157775879,138.91357421875,94.17796325683594,94.2696533203125,138.95013427734375,94.2696533203125,94.2049331665039,138.91357421875,94.16423034667969,94.16423034667969,138.9319610595703,94.24422454833984,94.24422454833984,10,10,10,10,10,10,10,10,10,10,10,10,-1.4250153404892023,0.11995077862247339,0.6831979467179057,-1.42453415160052,-0.11890542554376893,0.6837215550150173,-1.4256259624497662,0.13905637597256248,0.6970524015864754,-1.425193836024059,-0.13783062967490167,0.6968591698723854,-1.3832800388336182,0.029882006347179413,0.6867812275886536,-1.3819010257720947,-0.02813565358519554,0.6884560585021973,-1.3832807540893555,0.03028906136751175,0.6918259859085083,-1.3825892210006714,-0.028770804405212402,0.6897929310798645,0.42282613913214606,-0.16004825368579506,-0.19031093319421552,0.41442806427809553,0.17729691727731345,-0.1865498557108129,0.43904774483578113,-0.21864497026304,-0.2030792387748362,0.4480509831884009,0.20951071986780698,-0.2067401308813593
fixedstand_hold,115.94,,0.0,0.0,0.0,0.020223384034201985,-0.007124284668090964,0.3092612271460592,0.36561756043081367,0.012103691305225307,0.010820212435523103,-0.007824331658760866,0.011538517615477374,0.00048124848748521754,-0.00585083410328522,0.011952593922877633,0.0012610436548841347,12.410028277874806,0.9999946025126728,-0.0002698435869536599,-0.0031791783081085313,0.0007841908219802733,0.056791884455056334,0.9999946365646121,-0.00027184318370915023,-0.0031681135297606427,0.0007848566464088612,6.958160877227783,4.971225738525391,4.969666004180908,6.9588942527771,4.969666004180908,4.965795993804932,6.954353332519531,4.9701924324035645,4.9701924324035645,6.955133438110352,4.968047142028809,4.966935157775879,139.03768920898438,94.3423080444336,94.30664825439453,139.0545654296875,94.30664825439453,94.21819305419922,138.95013427734375,94.31868743896484,94.31868743896484,138.96807861328125,94.2696533203125,94.24422454833984,10,10,10,10,10,10,10,10,10,10,10,10,-1.4228433156094624,0.11915826510413208,0.6822618091223394,-1.4223491979681597,-0.11811619941786766,0.682781811053573,-1.4234064206055983,0.13810805028223339,0.6960783360461065,-1.4229817681451795,-0.13686933240787447,0.6958959023018414,-1.3785001039505005,0.02666912041604519,0.6858659982681274,-1.3778281211853027,-0.027399808168411255,0.6881428360939026,-1.381901741027832,0.02729104459285736,0.6878631114959717,-1.3812155723571777,-0.028273019939661026,0.6897929310798645,0.4507697667078978,-0.12356188353875937,-0.20819187854692267,0.43494767396924755,0.16038139823003067,-0.1988357405340536,0.4930218563341652,-0.1537232095721904,-0.23336707168416776,0.47302884055709926,0.19141515978378193,-0.22205166244700195
fixedstand_hold,115.959,,0.0,0.0,0.0,0.02047446206737533,-0.0068901356122092715,0.31042980145623666,0.35261415580479233,0.011790631741783842,0.011468394823743193,-0.0053417736221909335,0.0122349874834425,0.00047181907607424814,0.002382474894742399,0.01120076108358319,-0.00017693034811101032,14.534038341712844,0.9999949553957425,-0.00026939965482549767,-0.0030653186440849573,0.0007876728402996708,0.05517958017897274,0.9999950889919977,-0.0002685097953669073,-0.0030219023712119816,0.000786130037178315,6.963106632232666,4.9751081466674805,4.9755659103393555,6.96104097366333,4.9701924324035645,4.973698616027832,6.96444034576416,4.9751081466674805,4.973216533660889,6.963106632232666,4.974174499511719,4.9751081466674805,139.15145874023438,94.43104553222656,94.4415054321289,139.10394287109375,94.31868743896484,94.3988265991211,139.18212890625,94.43104553222656,94.38780975341797,139.15145874023438,94.40970611572266,94.43104553222656,10,10,10,10,10,10,10,10,10,10,10,10,-1.4141159306130682,0.11583584811149894,0.6785439862483962,-1.413616354372735,-0.1148182832553255,0.6790416018287111,-1.4144634224491313,0.1342372475667828,0.6922047861584595,-1.4140693905944746,-0.13298797073897006,0.6920162018919926,-1.3738514184951782,0.02477242611348629,0.6823128461837769,-1.375827670097351,-0.027156434953212738,0.6835871934890747,-1.3725481033325195,0.02489842288196087,0.6859501004219055,-1.3738514184951782,-0.025367295369505882,0.6846753358840942,0.40501198497653323,-0.16064834542595777,-0.18052240615616358,0.3983754227107098,0.17140039543781618,-0.1788220715693792,0.4023744608031803,-0.2250873593502747,-0.18291075117296407,0.4057531004993433,0.21555207041761507,-0.1848897544114197
fixedstand_hold,115.977,,0.0,0.0,0.0,0.02084795677564004,-0.006505985888144386,0.31210844243809566,0.33333689286660706,0.011371329775718031,0.012584472182554981,0.0016857416126241738,0.0121789828012389,0.0001278410820751344,-0.00891380173561099,0.012351791114859317,-0.0007106133353643987,9.169770103670182,0.9999954671201026,-0.00026470805317360907,-0.002896839914524916,0.0007771662654071144,0.050079088769326485,0.9999953665720802,-0.0002636706069121187,-0.002930868298187177,0.0007793094382390342,6.970600605010986,4.976902961730957,4.9755659103393555,6.968235969543457,4.976902961730957,4.977765083312988,6.967623710632324,4.977765083312988,4.977336883544922,6.966376304626465,4.977336883544922,4.977765083312988,139.32382202148438,94.4720687866211,94.4415054321289,139.26942443847656,94.4720687866211,94.49177551269531,139.25534057617188,94.49177551269531,94.48197937011719,139.22665405273438,94.48197937011719,94.49177551269531,10,10,10,10,10,10,10,10,10,10,10,10,-1.407918978307717,0.1135536087913378,0.6759087992230928,-1.4074459845682927,-0.1125411683623847,0.6763937750233335,-1.4081232580264649,0.13146046053212768,0.6894644200387035,-1.407734191976532,-0.13023898423826186,0.689255472994522,-1.3661911487579346,0.023847399279475212,0.6823128461837769,-1.3687007427215576,-0.023850468918681145,0.6809840202331543,-1.3693357706069946,0.02350974641740322,0.683167576789856,-1.3706116676330566,-0.02373700775206089,0.6828411221504211,0.412709013995486,-0.11587839347068139,-0.18959713093084907,0.404459117920451,0.14766303488005272,-0.18561815389928224,0.4400800348208008,-0.1620402484043176,-0.20689962588174687,0.42604392510614053,0.18881678306959754,-0.19960503469585858
fixedstand_hold,116.005,,0.0,0.0,0.0,0.02108174559344533,-0.006235892792222423,0.3131326277906743,0.3203688749919943,0.01092539412794212,0.013272434162234517,0.003224177995920263,0.011248695478303336,2.403456920627915e-05,-0.001588154870324091,0.01136790300295455,-0.0006110248290229547,2.08569715110938,0.9999957951923457,-0.0002551174458793513,-0.0027840778640335867,0.0007703396421556418,0.04751126188899669,0.9999954992909534,-0.00026100146155525367,-0.002886226791006951,0.0007765120635211293,6.972836971282959,4.979015350341797,4.980985641479492,6.9722900390625,4.980985641479492,4.981363773345947,6.970600605010986,4.9802141189575195,4.979820251464844,6.9722900390625,4.980985641479492,4.980602741241455,139.375244140625,94.52034759521484,94.56539154052734,139.3626708984375,94.56539154052734,94.57402801513672,139.32382202148438,94.54774475097656,94.53874206542969,139.3626708984375,94.56539154052734,94.556640625,10,10,10,10,10,10,10,10,10,10,10,10,-1.407918978307717,0.1135536087913378,0.6759087992230928,-1.4074459845682927,-0.1125411683623847,0.6763937750233335,-1.4081232580264649,0.13146046053212768,0.6894644200387035,-1.407734191976532,-0.13023898423826186,0.689255472994522,-1.3637259006500244,0.02271326631307602,0.6786611080169678,-1.3643380403518677,-0.021606694906949997,0.6784805059432983,-1.3661917448043823,0.022156795486807823,0.6813712120056152,-1.3643380403518677,-0.021712183952331543,0.68076092004776,0.412709013995486,-0.11587839347068139,-0.18959713093084907,0.404459117920451,0.14766303488005272,-0.18561815389928224,0.4400800348208008,-0.1620402484043176,-0.20689962588174687,0.42604392510614053,0.18881678306959754,-0.19960503469585858
fixedstand_hold,116.018,,0.0,0.0,0.0,0.021232350132710277,-0.0060482701478842965,0.3137777087374013,0.31204914079983465,0.01049515969581647,0.013711805836281434,-0.00010382912186393447,0.011600608696048276,-0.0005974809771607322,-0.003091440410137388,0.01043961395896991,-0.0004037139077891714,13.717231792108125,0.9999960019682425,-0.00025225463262857283,-0.002711430280992464,0.0007619455117836518,0.045429232120610785,0.9999960602092384,-0.0002514733971849058,-0.0026905608530442522,0.0007597430011365784,6.9778947830200195,4.984526634216309,4.983859539031982,6.975459098815918,4.982464790344238,4.984852313995361,6.975960731506348,4.983172416687012,4.984195709228516,6.97694206237793,4.982821464538574,4.983172416687012,139.4915771484375,94.64631652832031,94.63107299804688,139.435546875,94.59919738769531,94.65377044677734,139.4470977783203,94.61537170410156,94.63875579833984,139.46966552734375,94.60734558105469,94.61537170410156,10,10,10,10,10,10,10,10,10,10,10,10,-1.4010142958626588,0.1110199307518398,0.6729708633741005,-1.4005395508934981,-0.11003770034400162,0.6734242625594042,-1.4009726194207843,0.12844400579636694,0.6863605792818355,-1.4006483099672735,-0.12717002565565227,0.68615892267061,-1.357757806777954,0.01946032978594303,0.6765180230140686,-1.3607068061828613,-0.0207370538264513,0.6758176684379578,-1.3601118326187134,0.02040892280638218,0.6779217720031738,-1.358928918838501,-0.020622357726097107,0.6787455081939697,0.40209824501031466,-0.08513832117549285,-0.18547211017679463,0.3692429900311379,0.14637055375559016,-0.16893032403008296,0.431988901099423,-0.13134607932064127,-0.20341149840588227,0.3972965446752008,0.1827768693048523,-0.18622829821606288
fixedstand_hold,116.046,,0.0,0.0,0.0,0.021445855153901548,-0.005754849630662169,0.31470688564232974,0.30028627337238795,0.00966650836012632,0.01428030650559643,-0.006912363092375407,0.009986395574954586,-0.0006369844437598506,-0.0016342712474125335,0.007760885795597537,-0.0005850096607169047,5.804167219088298,0.99999628624949,-0.0002541863170821989,-0.002608131967983863,0.0007486816291911588,0.04384939149515689,0.9999964553028097,-0.0002481173817435466,-0.0025460172906546594,0.0007386579290975911,6.9814252853393555,4.9883904457092285,4.985800743103027,6.9801530838012695,4.987847328186035,4.987847328186035,6.982240676879883,4.987847328186035,4.987847328186035,6.983415126800537,4.988121032714844,4.9883904457092285,139.57278442382812,94.7346420288086,94.67544555664062,139.54351806640625,94.72222137451172,94.72222137451172,139.59152221679688,94.72222137451172,94.72222137451172,139.61854553222656,94.72847747802734,94.7346420288086,10,10,10,10,10,10,10,10,10,10,10,10,-1.3924419682697637,0.10846883728773005,0.669277133050679,-1.3920546012590664,-0.10746150057598491,0.6697177371196545,-1.3922595591120004,0.12513602590420358,0.6825535045279345,-1.3920019591868682,-0.12387463974683488,0.6823273772339382,-1.3531874418258667,0.01682615652680397,0.674963653087616,-1.3548799753189087,-0.01722228154540062,0.6732820272445679,-1.3520737886428833,0.017307650297880173,0.674666702747345,-1.3504239320755005,-0.017107898369431496,0.6741263270378113,0.37418228594508207,-0.12046982892815594,-0.1722583620075715,0.37077792439737023,0.13204637304288092,-0.1724850098667123,0.4062016197604073,-0.1485398536633932,-0.19261886525940128,0.4003957593340781,0.16204176622891633,-0.19066038970719507
fixedstand_hold,116.081,,0.0,0.0,0.0,0.02186977875626611,-0.005029935023367453,0.3167496792070001,0.27847128885359085,0.007951690306948415,0.016006312287699526,0.0024697123348978974,0.007123542418676977,-0.0008817287692614911,-0.003465856837397737,0.008019201308918858,-0.00018214404189276435,0.17560443460978106,0.999996789113064,-0.00023759911039462493,-0.0024184747980667705,0.0007185331419803515,0.04174227203375726,0.9999967184553689,-0.00024545630780994953,-0.0024455919278034994,0.0007224332615527416,6.98627233505249,4.991072177886963,4.990848541259766,6.986927032470703,4.9896721839904785,4.98991584777832,6.985936164855957,4.990390777587891,4.98991584777832,6.984165668487549,4.9896721839904785,4.990848541259766,139.68426513671875,94.79592895507812,94.79083251953125,139.69931030273438,94.7639389038086,94.76950073242188,139.67652893066406,94.78035736083984,94.76950073242188,139.63580322265625,94.7639389038086,94.79083251953125,10,10,10,10,10,10,10,10,10,10,10,10,-1.3854218107289418,0.1062831258860486,0.6662170284350122,-1.385008001061145,-0.10528472618408546,0.6665995600787511,-1.3850843000270672,0.12250233687348899,0.6793788582073024,-1.3848436862503402,-0.1212202820162398,0.6791149962481411,-1.3461534976959229,0.014734460972249508,0.6703464388847351,-1.3451151847839355,-0.01586165837943554,0.6713466644287109,-1.346677541732788,0.015370077453553677,0.6726066470146179,-1.3493388891220093,-0.015939099714159966,0.6715949177742004,0.37455383680730087,-0.1047064683872403,-0.17460089810931917,0.35288183246764726,0.1472440376875804,-0.16428928613130916,0.39468851575900044,-0.14851005816524832,-0.1880069843089683,0.38281246066302055,0.16943743606376768,-0.18272212632776497
fixedstand_hold,116.081,,0.0,0.0,0.0,0.02186977875626611,-0.005029935023367453,0.3167496792070001,0.27847128885359085,0.007951690306948415,0.016006312287699526,0.0024697123348978974,0.007123542418676977,-0.0008817287692614911,-0.003465856837397737,0.008019201308918858,-0.00018214404189276435,0.17560443460978106,0.999996789113064,-0.00023759911039462493,-0.0024184747980667705,0.0007185331419803515,0.04174227203375726,0.9999967184553689,-0.00024545630780994953,-0.0024455919278034994,0.0007224332615527416,6.98627233505249,4.991072177886963,4.990848541259766,6.986927032470703,4.9896721839904785,4.98991584777832,6.985936164855957,4.990390777587891,4.98991584777832,6.984165668487549,4.9896721839904785,4.990848541259766,139.68426513671875,94.79592895507812,94.79083251953125,139.69931030273438,94.7639389038086,94.76950073242188,139.67652893066406,94.78035736083984,94.76950073242188,139.63580322265625,94.7639389038086,94.79083251953125,10,10,10,10,10,10,10,10,10,10,10,10,-1.3854218107289418,0.1062831258860486,0.6662170284350122,-1.385008001061145,-0.10528472618408546,0.6665995600787511,-1.3850843000270672,0.12250233687348899,0.6793788582073024,-1.3848436862503402,-0.1212202820162398,0.6791149962481411,-1.3461534976959229,0.014734460972249508,0.6703464388847351,-1.3451151847839355,-0.01586165837943554,0.6713466644287109,-1.346677541732788,0.015370077453553677,0.6726066470146179,-1.3493388891220093,-0.015939099714159966,0.6715949177742004,0.37455383680730087,-0.1047064683872403,-0.17460089810931917,0.35288183246764726,0.1472440376875804,-0.16428928613130916,0.39468851575900044,-0.14851005816524832,-0.1880069843089683,0.38281246066302055,0.16943743606376768,-0.18272212632776497
fixedstand_hold,116.103,,0.0,0.0,0.0,0.022001008469636943,-0.004755496971251009,0.31744125267828854,0.27257949132028697,0.007446299386288134,0.016511805356736436,-0.0008073335638593623,0.006037980289184184,-0.00038527014092296996,-0.0046233532551369465,0.005398306929960043,-0.00033769198165648363,0.12066736291261689,0.9999969185043768,-0.0002374745802954658,-0.002366818892551881,0.0007104617544478063,0.040075539554907245,0.9999969441675812,-0.00023579590762119038,-0.002356656114911474,0.0007086802844144165,6.989867687225342,4.9923295974731445,4.993275165557861,6.990132808685303,4.992907524108887,4.993275165557861,6.989597797393799,4.993093013763428,4.992718696594238,6.989867687225342,4.993093013763428,4.993275165557861,139.7669677734375,94.82466888427734,94.84628295898438,139.77305603027344,94.83788299560547,94.84628295898438,139.7607421875,94.84212493896484,94.83356475830078,139.7669677734375,94.84212493896484,94.84628295898438,10,10,10,10,10,10,10,10,10,10,10,10,-1.3767220187861549,0.10315898703052273,0.6624009710980765,-1.376328792892993,-0.10216576802875732,0.6627494406332453,-1.3762016621445552,0.11896933192436254,0.6754219215630286,-1.3760006864735201,-0.11768831976667027,0.6751344822767686,-1.3401010036468506,0.013647475279867649,0.6676743030548096,-1.339616060256958,-0.013120073825120926,0.6677290201187134,-1.3405894041061401,0.013010036200284958,0.6694502830505371,-1.3401010036468506,-0.013009070418775082,0.6687430143356323,0.3403557472848281,-0.125528691998271,-0.15848232356470493,0.3207037692619802,0.14864616463920033,-0.1491883488811378,0.3731352205051862,-0.14284437640202308,-0.17863507904221557,0.34934484287865014,0.1676295377919496,-0.1664376674586255
fixedstand_hold,116.123,,0.0,0.0,0.0,0.022103451118279275,-0.004522455103212654,0.3179835710279241,0.26846415971861437,0.007001419597451609,0.016887236893965697,-0.005865311055449037,0.006045767321594157,-0.00015235665347725178,-0.0021948604883547597,0.005701690634566993,6.173294641176636e-05,11.935168327852839,0.9999970072523353,-0.00023248240390251758,-0.0023312260934872323,0.0007048568689523543,0.03809053834144898,0.999996976065142,-0.00023468666939655875,-0.0023436859949116577,0.0007070492885647496,6.990392684936523,4.992907524108887,4.993800163269043,6.9908976554870605,4.993800163269043,4.993275165557861,6.989867687225342,4.993275165557861,4.992907524108887,6.991618633270264,4.99362850189209,4.99362850189209,139.77903747558594,94.83788299560547,94.85828399658203,139.7906494140625,94.85828399658203,94.84628295898438,139.7669677734375,94.84628295898438,94.83788299560547,139.80722045898438,94.85436248779297,94.85436248779297,10,10,10,10,10,10,10,10,10,10,10,10,-1.3749728916075448,0.10250716392054304,0.6616320107934346,-1.3745941189247652,-0.10152461745895103,0.6619793583474127,-1.3744312737403384,0.11823110005648818,0.6746341789119423,-1.3742296442502129,-0.11697796694209739,0.6743388604895779,-1.3391340970993042,0.013118385337293148,0.6670363545417786,-1.3381789922714233,-0.012259767390787601,0.6677290201187134,-1.3401013612747192,0.012836042791604996,0.6692173480987549,-1.3367691040039062,-0.012490336783230305,0.6682876348495483,0.35016650758370105,-0.09028310170592774,-0.1653883078766783,0.32830598984935366,0.1395548134353789,-0.15408636018516916,0.3822050125555804,-0.11428119615683498,-0.1844013590982581,0.3579835230833421,0.1587260138721484,-0.17213367691771914
fixedstand_hold,116.164,,0.0,0.0,0.0,0.022482132616169926,-0.0034431444890633094,0.3199837424761714,0.25306196731807934,0.004883579906254689,0.01814649800321822,-0.005392307201041474,0.004231380032846423,-0.0008319147283894839,-0.007444499581938017,0.005486434770179107,0.0003969366019321883,19.13765619750037,0.9999973224938056,-0.0002492258522417718,-0.0021942722710781857,0.0006914194781523546,0.03000851426175178,0.9999972350359009,-0.00023865591563434075,-0.0022319740828464813,0.0007008962837171947,6.995263576507568,4.996463775634766,4.996790885925293,6.995263576507568,4.996575355529785,4.996684551239014,6.994785308837891,4.996349334716797,4.996575355529785,6.994272708892822,4.996684551239014,4.996463775634766,139.89105224609375,94.91917419433594,94.92665100097656,139.89105224609375,94.92172241210938,94.9242172241211,139.88006591796875,94.91656494140625,94.92172241210938,139.86827087402344,94.9242172241211,94.91917419433594,10,10,10,10,10,10,10,10,10,10,10,10,-1.3666491722869951,0.09915729161025144,0.6579985807246089,-1.3662308551852655,-0.09821674266565239,0.6582989833177031,-1.3659067779721177,0.11456141106018602,0.6708530870839624,-1.3656924053589243,-0.11331209820364663,0.6705297304551623,-1.328479290008545,0.009238636121153831,0.6627329587936401,-1.328479290008545,-0.009091981686651707,0.6629524230957031,-1.329714298248291,0.00943536963313818,0.6638665199279785,-1.3309768438339233,-0.008988944813609123,0.6640535593032837,0.3150824463100089,-0.06253976394677067,-0.15125000343151881,0.28915353739581784,0.12354489530819639,-0.13682378338025827,0.3514483890782283,-0.06955195907854948,-0.1713533255744273,0.31726245526316876,0.1415279087771004,-0.15391666249056035
fixedstand_hold,116.169,,0.0,0.0,0.0,0.022482132616169926,-0.0034431444890633094,0.3199837424761714,0.25306196731807934,0.004883579906254689,0.01814649800321822,-0.005392307201041474,0.004231380032846423,-0.0008319147283894839,-0.006720080365966823,0.005293116380834832,0.00019234245199876496,12.467427732609297,0.9999973224938056,-0.0002492258522417718,-0.0021942722710781857,0.0006914194781523546,0.03000851426175178,0.9999972571691608,-0.0002429871716917589,-0.0022219396993690597,0.0006997109134378035,6.995415687561035,4.996790885925293,4.996894836425781,6.995263576507568,4.996790885925293,4.996790885925293,6.994785308837891,4.996349334716797,4.996575355529785,6.994272708892822,4.996790885925293,4.996463775634766,139.89456176757812,94.92665100097656,94.92902374267578,139.89105224609375,94.92665100097656,94.92665100097656,139.88006591796875,94.91656494140625,94.92172241210938,139.86827087402344,94.92665100097656,94.91917419433594,10,10,10,10,10,10,10,10,10,10,10,10,-1.3633123567695185,0.09799249609551897,0.6565219880529796,-1.3627684329848755,-0.09715296148122476,0.6567269187111968,-1.3624472097921334,0.11334809703020898,0.6692961026317281,-1.36217910154404,-0.11211675974751678,0.6689154826400712,-1.3280738592147827,0.008798503316938877,0.6625532507896423,-1.328479290008545,-0.00879963580518961,0.662770688533783,-1.329714298248291,0.00943536963313818,0.6638665199279785,-1.3309768438339233,-0.008842597715556622,0.6640535593032837,0.31952929002782343,-0.06536723776493653,-0.15407456166668515,0.2951129767135148,0.1214456208977441,-0.14117060948693747,0.3494903242242893,-0.07031574177252939,-0.17159228799270868,0.3136269563704843,0.14244999650083603,-0.15342472270305343
fixedstand_hold,116.188,,0.0,0.0,0.0,0.022547123123768904,-0.0031916084576084523,0.32040342172667846,0.25087491420433916,0.004252857805884525,0.017938901110936236,-0.006136366093372646,0.003181706170689782,-0.001168947938367771,-0.0042372782146929905,0.0035613286180213115,-0.0008212918079803634,10.717309887375082,0.9999973730508217,-0.0002563095840566226,-0.002174239517925843,0.0006788809700561437,0.03022972758998633,0.9999973460455444,-0.0002520766266312874,-0.0021847134849541133,0.0006865757285022049,6.99612283706665,4.997095108032227,4.997467517852783,6.995263576507568,4.997467517852783,4.996894836425781,6.994948387145996,4.997554779052734,4.996575355529785,6.994785308837891,4.997377872467041,4.996463775634766,139.91082763671875,94.93360900878906,94.94210815429688,139.89105224609375,94.94210815429688,94.92902374267578,139.88381958007812,94.94410705566406,94.92172241210938,139.88006591796875,94.9400634765625,94.91917419433594,10,10,10,10,10,10,10,10,10,10,10,10,-1.3627757159954736,0.09780240516470062,0.6562827307150627,-1.3622281505556444,-0.09696761276061583,0.6564803719617665,-1.3619083637677605,0.11314813865446727,0.6690530602997047,-1.3616429674859125,-0.11191320943715599,0.6686683292755129,-1.326094150543213,0.008368450216948986,0.6615045070648193,-1.328479290008545,-0.007811916526407003,0.6625903844833374,-1.3292994499206543,0.0077134231105446815,0.6638665199279785,-1.329714059829712,-0.007988431490957737,0.6640535593032837,0.32906827820779655,-0.06638424073605932,-0.15833312854776493,0.29790754107874917,0.11830826323529242,-0.1422439154151658,0.34806838615986785,-0.07279269546024969,-0.17029477100165458,0.3092757099550967,0.14002611563056466,-0.15076601684985017
fixedstand_hold,116.197,,0.0,0.0,0.0,0.022568338381051767,-0.0031022770605627662,0.3205536127016594,0.25006171610267874,0.004080582598018661,0.017937803630929353,-0.002403277293944458,0.0034475701718902347,-0.0006908365224460903,-0.0042372782146929905,0.0035613286180213115,-0.0008212918079803634,25.755274581849562,0.9999973912279627,-0.000252819405332141,-0.0021675036882714436,0.0006749425003243773,0.03016899060480233,0.9999973460455444,-0.0002520766266312874,-0.0021847134849541133,0.0006865757285022049,6.996381759643555,4.997467517852783,4.997722625732422,6.995415687561035,4.997467517852783,4.997191905975342,6.996861934661865,4.997554779052734,4.9969964027404785,6.996506690979004,4.997803688049316,4.996684551239014,139.91677856445312,94.94210815429688,94.94795227050781,139.89456176757812,94.94210815429688,94.9358139038086,139.92782592773438,94.94410705566406,94.93134307861328,139.91964721679688,94.94979095458984,94.9242172241211,10,10,10,10,10,10,10,10,10,10,10,10,-1.360461676619388,0.09699602526041051,0.6552346119902115,-1.359863279942294,-0.09619486239110575,0.6553797544713831,-1.3595394855403713,0.1122995314897226,0.6679660987610898,-1.3592320137220533,-0.11110997463128491,0.6675314239817967,-1.325324296951294,0.007810911629348993,0.6609992384910583,-1.3280738592147827,-0.007811916526407003,0.6620578169822693,-1.3238228559494019,0.0077134231105446815,0.6630957722663879,-1.3249441385269165,-0.0073080058209598064,0.6636625528335571,0.3201034142340927,-0.06601970532435608,-0.1565552151968014,0.291548573648129,0.12212627754446265,-0.14152825352435816,0.3535823544926845,-0.0713193414098729,-0.17589711571696628,0.3179109378649551,0.13729006832174148,-0.1577197117327661
fixedstand_hold,116.221,,0.0,0.0,0.0,0.022653021807573386,-0.0027081449704304808,0.3212036011864982,0.24759799598239352,0.0034565273405555747,0.01801031424217956,-0.00580591479130191,0.0023357196435819768,-2.7583415757422166e-05,-0.0034135417194042375,0.002463770986575627,-0.00014878817993742692,0.10695245500005099,0.9999974461499682,-0.00025055290601536573,-0.002146122319152565,0.0006626279304848325,0.029286003341048913,0.9999974383476189,-0.000247334107215468,-0.0021496227756798787,0.0006642634733706159,6.997680187225342,4.998105525970459,4.99837589263916,6.99758768081665,4.998244762420654,4.998438835144043,6.997770309448242,4.998438835144043,4.99837589263916,6.99758768081665,4.99837589263916,4.998311519622803,139.9466552734375,94.95669555664062,94.96288299560547,139.94451904296875,94.95987701416016,94.96432495117188,139.94871520996094,94.96432495117188,94.96288299560547,139.94451904296875,94.96288299560547,94.9614028930664,10,10,10,10,10,10,10,10,10,10,10,10,-1.3590332720595795,0.09649827111196974,0.6545814425298779,-1.3584308040036799,-0.09569421593038463,0.6547114504471239,-1.3580976024532934,0.11177606510730964,0.6672994612014485,-1.3577753493629166,-0.11059887344895625,0.6668432683585896,-1.3209725618362427,0.006750526372343302,0.6595603227615356,-1.3213175535202026,-0.006497702095657587,0.659433901309967,-1.3206309080123901,0.00615626759827137,0.6600894927978516,-1.3213175535202026,-0.006279200315475464,0.6602476835250854,0.3204972894562517,-0.06652502757321796,-0.15672290849992057,0.2922675248822918,0.12018813003170913,-0.14181941970232465,0.3543413262491416,-0.07133719251575357,-0.17618201082718304,0.3174843360443818,0.1341800208403198,-0.15739644784424184
fixedstand_hold,116.241,,0.0,0.0,0.0,0.02273608771655056,-0.0022569959982602803,0.32190821169650713,0.24607168029652807,0.0030227992486841814,0.018190532289817807,-0.003554136239322784,0.0013924592722604219,0.0012652855977451547,-0.0031402624795652846,0.0010002435317431099,0.0012119916292434854,4.296067626341305,0.9999974753552093,-0.00024724151190507805,-0.0021330981213749734,0.0006618513784459385,0.027333850251542877,0.9999974719311332,-0.0002500617551421693,-0.0021345757750916754,0.0006612009692352727,6.99818229675293,4.998311519622803,4.998779773712158,6.9984002113342285,4.998830795288086,4.998830795288086,6.998256683349609,4.998830795288086,4.998779773712158,6.9983296394348145,4.998779773712158,4.998727321624756,139.95819091796875,94.9614028930664,94.97210693359375,139.96319580078125,94.97327423095703,94.97327423095703,139.95989990234375,94.97327423095703,94.97210693359375,139.96157836914062,94.97210693359375,94.97091674804688,10,10,10,10,10,10,10,10,10,10,10,10,-1.354047919937516,0.0946791159961533,0.6522823106570783,-1.3534585169110676,-0.09386784929555425,0.6523951674398596,-1.3530902908250448,0.10990019652777772,0.6649659129114696,-1.3527608094053436,-0.10875202297184305,0.6644807467043323,-1.3189703226089478,0.006371795665472746,0.6585217714309692,-1.318013072013855,-0.005299000535160303,0.6584019064903259,-1.318648099899292,0.005325267091393471,0.6589801907539368,-1.318328857421875,-0.005440049339085817,0.6591284275054932,0.30290605649794783,-0.06420569767685595,-0.1485117829374824,0.2789668620328256,0.12496902748236613,-0.13469087276432098,0.33336247279038533,-0.06711184609022851,-0.16625174227381115,0.2990241163384355,0.13954535269750798,-0.14734658606992923
fixedstand_hold,116.259,,0.0,0.0,0.0,0.02278119706668876,-0.0019843010441112207,0.3223039771461163,0.2453109494807271,0.00285805592433307,0.01825956750199372,-0.004128772758277473,0.0007713606439514332,0.0021335561696431762,-0.0070132092715315154,0.0010655071261192095,0.0016162971731940872,12.262867183737253,0.9999974853481709,-0.0002482241162699965,-0.00212630044526135,0.0006682279098809838,0.025720641095656152,0.9999974846223283,-0.00024824330583878246,-0.002127384663125605,0.0006658519147961789,6.998720169067383,4.999019145965576,4.9991044998168945,6.998720169067383,4.999144554138184,4.999144554138184,6.998720169067383,4.999144554138184,4.9991044998168945,6.998720169067383,4.9991044998168945,4.999144554138184,139.97056579589844,94.97757720947266,94.97952270507812,139.97056579589844,94.98045349121094,94.98045349121094,139.97056579589844,94.98045349121094,94.97952270507812,139.97056579589844,94.97952270507812,94.98045349121094,10,10,10,10,10,10,10,10,10,10,10,10,-1.3532250079314814,0.09437120514964814,0.6519024987421318,-1.3526258084484741,-0.09356804181852318,0.6520083181332073,-1.3522734875326998,0.10958640194323,0.6645854749074953,-1.3519335035145632,-0.10843776107945935,0.6640936767547219,-1.3164830207824707,0.004851625766605139,0.6575545072555542,-1.3164830207824707,-0.004529542289674282,0.6574416160583496,-1.3164831399917603,0.004551994614303112,0.6579471230506897,-1.3164829015731812,-0.004658532328903675,0.6578012108802795,0.30343691047687693,-0.06573350411494794,-0.14963992900455178,0.2759209565745626,0.12228174860486678,-0.1335338149173814,0.3355847753544753,-0.06877036645459199,-0.1682453530582503,0.29591539349081963,0.13873801062919663,-0.14627092892031587
fixedstand_hold,116.286,,0.0,0.0,0.0,0.022837747715550975,-0.001619863026060822,0.32278950099404435,0.24475670275129938,0.0026142908108513965,0.01821083829684973,-0.005834543331685634,0.0010556292462230413,0.00274172247033716,-0.0070132092715315154,0.0010655071261192095,0.0016162971731940872,14.69486155704024,0.9999974840829743,-0.00025134788988303544,-0.00212106298189525,0.000685378571724337,0.023226366104063912,0.9999974846223283,-0.00024824330583878246,-0.002127384663125605,0.0006658519147961789,6.999131202697754,4.999451637268066,4.999327659606934,6.998940467834473,4.999293327331543,4.999327659606934,6.998990535736084,4.999451637268066,4.999360084533691,6.999039173126221,4.999293327331543,4.999293327331543,139.98001098632812,94.98745727539062,94.98462677001953,139.9756317138672,94.98384857177734,94.98462677001953,139.97677612304688,94.98745727539062,94.9853744506836,139.9779052734375,94.98384857177734,94.98384857177734,10,10,10,10,10,10,10,10,10,10,10,10,-1.3476474322750764,0.09199471052073971,0.64930848726382,-1.3470260079888403,-0.09122089629609409,0.6494352031989656,-1.3466856269394523,0.10721347373357215,0.6619592499813809,-1.3463006287018313,-0.10612722782721651,0.6614775366316854,-1.314206600189209,0.0036251952406018972,0.656782865524292,-1.31531822681427,-0.004115867428481579,0.6568000316619873,-1.3150354623794556,0.0036436335649341345,0.6569910645484924,-1.3147557973861694,-0.004135962575674057,0.6572521328926086,0.2703565834865007,-0.0630085597918289,-0.134637801364821,0.2446018457352744,0.12123591919658742,-0.11794718678161192,0.3037462559245637,-0.06417184874885733,-0.15379059055798802,0.27331901427978683,0.1302043247175119,-0.13509480053272585
fixedstand_hold,116.31,,0.0,0.0,0.0,0.02289232128496107,-0.0012266854432665814,0.32327707317326443,0.24410265874120865,0.002135361389592402,0.017527137357385335,-0.005475385263602824,0.002026771661142315,0.0034819232019517345,-0.006900298855794219,0.0018576182743227196,0.0035392513833953886,23.923446038616234,0.9999974787093349,-0.000268878565067973,-0.0021131585535510383,0.0007105210892399182,0.021771901023353513,0.9999974791186524,-0.00027160038742402053,-0.002111659612408029,0.0007133605338653135,6.999629020690918,4.999604225158691,4.9997406005859375,6.99965238571167,4.999687194824219,4.999687194824219,6.999434947967529,4.999723434448242,4.999756813049316,6.999553203582764,4.999705791473389,4.999705791473389,139.991455078125,94.99095916748047,94.99406433105469,139.99200439453125,94.99285125732422,94.99285125732422,139.98699951171875,94.9936752319336,94.99443817138672,139.98971557617188,94.99327850341797,94.99327850341797,10,10,10,10,10,10,10,10,10,10,10,10,-1.3447147073152887,0.0905719088627821,0.6479297177127386,-1.3439365581480356,-0.0898912033956405,0.6480182848945741,-1.343718097609358,0.10582260975053526,0.6605477802953246,-1.3431745012144054,-0.10482064846762285,0.6600290451402957,-1.310515284538269,0.003076662542298436,0.6548883318901062,-1.3102962970733643,-0.0027355009224265814,0.6552026867866516,-1.3121435642242432,0.00258477870374918,0.6549948453903198,-1.3111926317214966,-0.002666137181222439,0.6553105711936951,0.2645378053411982,-0.0604099250859671,-0.1343695669008199,0.2421328117514983,0.11148888998416172,-0.11861945381057237,0.29885077430567475,-0.060933379036485866,-0.15400495270477524,0.2690326610501189,0.12654514074618514,-0.1346083587871248
fixedstand_hold,116.316,,0.0,0.0,0.0,0.022936016078979892,-0.0008715162458426857,0.32372425891298084,0.24363913235919427,0.0018388770748170855,0.01655933975230754,-0.006318973790299144,0.00037069235011413917,0.003832303718461477,-0.006468260982040082,-0.00018179604822461296,0.004090586502270255,13.538211999992145,0.9999974635647044,-0.00028375422341903023,-0.002107131054501789,0.0007432001193717567,0.02072010904878721,0.9999974519811986,-0.0002905553591600242,-0.0021076024601938952,0.0007547321138233563,6.999733924865723,4.999705791473389,4.999772071838379,6.999733924865723,4.999800682067871,4.999849319458008,6.999751567840576,4.999772071838379,4.999825954437256,6.999733924865723,4.999756813049316,4.999814033508301,139.99388122558594,94.99327850341797,94.99478912353516,139.99388122558594,94.99543762207031,94.9965591430664,139.99429321289062,94.99478912353516,94.99602508544922,139.99388122558594,94.99443817138672,94.99574279785156,10,10,10,10,10,10,10,10,10,10,10,10,-1.341798577432991,0.08915618969807593,0.6465298290883403,-1.3408479938754407,-0.0885667402161836,0.6465959292745289,-1.340761386657805,0.10446710039820761,0.6591124295372772,-1.3400726600500867,-0.10352645254913018,0.6585867638845491,-1.309454321861267,0.002652842318639159,0.654694139957428,-1.309454321861267,-0.002184809884056449,0.654156506061554,-1.3092526197433472,0.0023476025089621544,0.6544967889785767,-1.309454321861267,-0.0024252624716609716,0.6545909643173218,0.25610005814088027,-0.05894207014778778,-0.12963832852493076,0.2337764523860862,0.11282530370681908,-0.11320909386119464,0.2886113315376905,-0.05793411101450554,-0.14824093934057844,0.2572588832343718,0.12453016271824036,-0.12756184143148291
rl_zero,116.964,0.6159999999999997,0.0,0.0,0.0,0.055326971922433424,0.012501599571708072,0.2857916361347697,10.250012496467225,0.45733354952054706,0.1448905008747542,1.1890519709614238,-2.391086571451914,1.2224373209900254,0.6048041552079513,-2.6958731995400886,0.7629769135146408,12.611929290497985,0.9952037293376262,-0.020412570775210664,-0.08696549624050397,0.03987313043229317,0.29953405779382325,0.9962830646437146,-0.025842742614340792,-0.07432979084160485,0.03503269832228727,1.0,1.0,1.0,1.0,1.0,1.0,1.0,1.0,1.0,1.0,1.0,1.0,80.0,80.0,80.0,80.0,80.0,80.0,80.0,80.0,80.0,80.0,80.0,80.0,10,10,10,10,10,10,10,10,10,10,10,10,-1.294134787533383,0.22225379204695717,0.8730905082656664,-2.6830866159084223,-0.19633049691155868,1.8913279841671518,-2.67882621516764,0.32552444973633854,1.9073899381676291,-1.5275364120230357,-0.25083133798013346,1.313108947346965,-1.1768038272857666,0.09721654653549194,0.9462509155273438,-2.8020882606506348,-0.19394445419311523,1.8835251331329346,-3.173029899597168,0.3468400835990906,1.8402557373046875,-1.3098398447036743,-0.16656285524368286,1.368655800819397,5.2643474226936195,-2.2290909618893853,-0.026943122763650074,-2.1735028200824806,-0.4540929377881957,-1.161749222705469,-0.3684490013628139,2.463973810250984,-4.677216264128765,0.4561103593348559,-0.8207996289036388,4.588642488136473
rl_zero,116.982,0.6340000000000003,0.0,0.0,0.0,0.056246420942320415,0.012793309550127838,0.2863935176466554,10.491471203944892,0.4602245456698044,0.14634469222569174,1.2339330621875784,-2.3556876892565386,1.286521076323285,1.181684600640401,-1.8993929722698404,1.342163721248739,12.45082037730841,0.9949680526101196,-0.019174556464602994,-0.0893942093340827,0.04098275255697671,0.30149161542673586,0.9926106399639064,-0.00932858272299573,-0.10875369437921066,0.05300687628692556,1.0,1.0,1.0,1.0,1.0,1.0,1.0,1.0,1.0,1.0,1.0,1.0,80.0,80.0,80.0,80.0,80.0,80.0,80.0,80.0,80.0,80.0,80.0,80.0,10,10,10,10,10,10,10,10,10,10,10,10,-1.2516665789341141,0.20424360795025454,0.8739980889164629,-2.694191401415157,-0.19603192493218735,1.880784758492286,-2.687334866852594,0.3388754238531959,1.8663174171487142,-1.523651069450441,-0.2552527966782945,1.35427856052197,-1.077706217765808,0.07464219629764557,0.9462509155273438,-2.889235734939575,-0.23512092232704163,1.8208751678466797,-3.1038296222686768,0.36059340834617615,1.8402557373046875,-1.3098398447036743,-0.15901538729667664,1.3847293853759766,4.3964947161050905,-1.9848263810854943,0.1073825048615098,-0.3286899052637571,-0.5591240016610852,-1.7547554321175047,-1.1005464404039573,0.5474764202816466,-4.225194080099295,0.9729098805534371,-0.2118927122783708,4.088549235801736
rl_zero,116.989,0.6410000000000053,0.0,0.0,0.0,0.0681228399404551,0.01669531190255831,0.29363730869210575,13.212398909377955,0.48678382044587093,0.16001595527330456,0.6944554735618998,-1.684908819517105,1.6096195291149327,1.067456022794413,-1.8427664384928006,1.3768841875958817,22.982164853583942,0.9916504372007218,-0.006003007939754714,-0.11488790896258712,0.05825927110338028,0.26757427432848785,0.9922068369934918,-0.007743940306809428,-0.11141548096248471,0.05524685161883076,1.0,1.0,1.0,1.0,1.0,1.0,1.0,1.0,1.0,1.0,1.0,1.0,80.0,80.0,80.0,80.0,80.0,80.0,80.0,80.0,80.0,80.0,80.0,80.0,10,10,10,10,10,10,10,10,10,10,10,10,-1.2516665789341141,0.20424360795025454,0.8739980889164629,-2.694191401415157,-0.19603192493218735,1.880784758492286,-2.687334866852594,0.3388754238531959,1.8663174171487142,-1.523651069450441,-0.2552527966782945,1.35427856052197,-1.077706217765808,0.07464219629764557,0.9462509155273438,-2.835404872894287,-0.23512092232704163,1.7492632865905762,-3.0107791423797607,0.40749338269233704,1.8402557373046875,-1.3098398447036743,-0.13608422875404358,1.3847293853759766,4.3964947161050905,-1.9848263810854943,0.1073825048615098,-0.3286899052637571,-0.5591240016610852,-1.7547554321175047,-1.1005464404039573,0.5474764202816466,-4.225194080099295,0.9729098805534371,-0.2118927122783708,4.088549235801736
rl_zero,117.005,0.6569999999999965,0.0,0.0,0.0,0.0681228399404551,0.01669531190255831,0.29363730869210575,13.212398909377955,0.48678382044587093,0.16001595527330456,0.6944554735618998,-1.684908819517105,1.6096195291149327,0.8527134885837477,-1.3725991004000007,1.552919832824408,12.173596369461466,0.9916504372007218,-0.006003007939754714,-0.11488790896258712,0.05825927110338028,0.26757427432848785,0.9890550996238294,-0.00032847035057164716,-0.12869713029173283,0.07215920364027323,1.0,1.0,1.0,1.0,1.0,1.0,1.0,1.0,1.0,1.0,1.0,1.0,80.0,80.0,80.0,80.0,80.0,80.0,80.0,80.0,80.0,80.0,80.0,80.0,10,10,10,10,10,10,10,10,10,10,10,10,-1.143157745855608,0.15725649117565776,0.8766232010744455,-2.6927937477416464,-0.2377566086091374,1.8000766205791443,-2.6889180152689134,0.3675129877130594,1.6701362437279084,-1.4965346920353486,-0.24899193745442183,1.4652799420097837,-1.0192190408706665,0.013223841786384583,0.9038796424865723,-2.835404872894287,-0.23512092232704163,1.7492632865905762,-3.0107791423797607,0.40749338269233704,1.713379144668579,-1.333551049232483,-0.13608422875404358,1.3847293853759766,3.689325618228608,-1.609385490786701,-0.11720243900973792,0.4955207777406727,-2.7290304754905748,-3.9028831725414683,0.930341346294064,2.465926402755744,-9.350050028674216,1.6426418079472525,0.6722821959742209,3.302338835160206
rl_zero,117.026,0.6779999999999973,0.0,0.0,0.0,0.09569327536315035,0.026822306142916467,0.3068605045227923,17.06319781695592,0.5485878525353228,0.23334656167930873,1.3560479178057752,-0.5286488979436604,2.471865470319149,1.86834535589025,-0.801266373654965,2.0080202393884545,13.22121573685878,0.9830996386406514,0.021399880098801637,-0.14680327802873963,0.10726575966446324,0.23079916276653145,0.9832845864963204,0.020579521816594927,-0.14649699588816617,0.10614393735067013,1.0,1.0,1.0,1.0,1.0,1.0,1.0,1.0,1.0,1.0,1.0,1.0,80.0,80.0,80.0,80.0,80.0,80.0,80.0,80.0,80.0,80.0,80.0,80.0,10,10,10,10,10,10,10,10,10,10,10,10,-1.054609374142565,0.10772768290141865,0.8732018184924035,-2.6965174100317313,-0.27145412843795924,1.7301392719763946,-2.6919954116974703,0.3985144479785525,1.4341025209508071,-1.4518190643339342,-0.22929049653877787,1.5510996956234377,-0.9481598138809204,-0.0515916645526886,0.8838327527046204,-2.684445381164551,-0.280246764421463,1.697545051574707,-2.7603330612182617,0.4189733564853668,1.2569804191589355,-1.2952301502227783,-0.15346857905387878,1.5894056558609009,4.021399644613327,-2.0648793325008103,-0.4791684396572916,0.03962030622053225,0.12677221806067251,-1.1066418917849628,-0.8698143187071814,0.05083453646408298,-6.832700086880211,2.4556382747869208,1.029831271362255,2.904048313324861
rl_zero,117.046,0.6980000000000075,0.0,0.0,0.0,0.09569327536315035,0.026822306142916467,0.3068605045227923,17.06319781695592,0.5485878525353228,0.23334656167930873,1.3560479178057752,-0.5286488979436604,2.471865470319149,1.86834535589025,-0.801266373654965,2.0080202393884545,8.502533858063781,0.9830996386406514,0.021399880098801637,-0.14680327802873963,0.10726575966446324,0.23079916276653145,0.9832845864963204,0.020579521816594927,-0.14649699588816617,0.10614393735067013,1.0,1.0,1.0,1.0,1.0,1.0,1.0,1.0,1.0,1.0,1.0,1.0,80.0,80.0,80.0,80.0,80.0,80.0,80.0,80.0,80.0,80.0,80.0,80.0,10,10,10,10,10,10,10,10,10,10,10,10,-1.054609374142565,0.10772768290141865,0.8732018184924035,-2.6965174100317313,-0.27145412843795924,1.7301392719763946,-2.6919954116974703,0.3985144479785525,1.4341025209508071,-1.4518190643339342,-0.22929049653877787,1.5510996956234377,-1.077148675918579,-0.0515916645526886,0.9858635663986206,-2.684445381164551,-0.2980071008205414,1.697545051574707,-2.7603330612182617,0.43805935978889465,1.2569804191589355,-1.2952301502227783,-0.20346137881278992,1.5894056558609009,4.021399644613327,-2.0648793325008103,-0.4791684396572916,0.03962030622053225,0.12677221806067251,-1.1066418917849628,-0.8698143187071814,0.05083453646408298,-6.832700086880211,2.4556382747869208,1.029831271362255,2.904048313324861
rl_zero,117.078,0.730000000000004,0.0,0.0,0.0,0.11915669492725808,0.03774953105365887,0.30973544458571944,19.11970037449663,0.5764518768155649,0.2710408835346309,1.0425522585733873,-0.45422019726832535,2.485171025707482,1.86834535589025,-0.801266373654965,2.0080202393884545,15.566865596427776,0.9740892853621838,0.052224470223063424,-0.1576528822154601,0.1535195022844622,-0.18360633119263045,0.9832845864963204,0.020579521816594927,-0.14649699588816617,0.10614393735067013,1.0,1.0,1.0,1.0,1.0,1.0,1.0,1.0,1.0,1.0,1.0,1.0,80.0,80.0,80.0,80.0,80.0,80.0,80.0,80.0,80.0,80.0,80.0,80.0,10,10,10,10,10,10,10,10,10,10,10,10,-1.1232847605074445,-0.05472956702205689,1.0045749645769426,-2.3757978087133296,-0.35079531644943884,1.6511373422071962,-2.5993749937340542,0.44939122221030203,1.090229565908098,-1.3652482981246639,-0.1937256238862819,1.692550915667419,-1.077148675918579,-0.07429149746894836,1.1955745220184326,-2.3990862369537354,-0.4034334719181061,1.6589851379394531,-2.6029515266418457,0.45127740502357483,0.940730094909668,-1.359628438949585,-0.20346137881278992,1.8813753128051758,-23.844094192679265,-3.590598797260505,12.327463370386486,16.260751477498303,-5.398011780113584,-4.148323030460549,8.985045553293348,3.318456706630541,-6.126019001067303,-8.748329302986273,0.9511656519440428,6.895757751734126
rl_zero,117.084,0.7360000000000042,0.0,0.0,0.0,0.11915669492725808,0.03774953105365887,0.30973544458571944,19.11970037449663,0.5764518768155649,0.2710408835346309,1.0425522585733873,-0.45422019726832535,2.485171025707482,1.6713155534935846,-0.777496279754219,2.0397195865785163,25.784488042063003,0.9740892853621838,0.052224470223063424,-0.1576528822154601,0.1535195022844622,-0.18360633119263045,0.9770036606903427,0.04418914380419864,-0.15471796830769144,0.13990538535117858,1.0,1.0,1.0,1.0,1.0,1.0,1.0,1.0,1.0,1.0,1.0,1.0,80.0,80.0,80.0,80.0,80.0,80.0,80.0,80.0,80.0,80.0,80.0,80.0,10,10,10,10,10,10,10,10,10,10,10,10,-1.1940325188877159,-0.06633372279202288,1.0421651778209977,-2.31750195499189,-0.36838041054327597,1.636928708116299,-2.559497568979501,0.4630234696529394,1.0662953691338082,-1.4031213470210044,-0.1915183922187058,1.7200613340154174,-1.077148675918579,-0.07429149746894836,1.1955745220184326,-2.3990862369537354,-0.4034334719181061,1.6589851379394531,-2.350562334060669,0.45127740502357483,0.940730094909668,-1.543351173400879,-0.23686400055885315,1.8813753128051758,-23.00511491117167,-3.930808704930291,12.392086390110023,20.236500599747604,-5.752605696458007,-4.740727884191992,14.622647687551453,4.6216718230548235,-8.52164678558667,-13.35318275631584,0.324829794949979,9.719002498321304
rl_zero,117.124,0.7759999999999962,0.0,0.0,0.0,0.14004374173325182,0.04657541404415203,0.29595805955053717,22.393374975971785,0.5836417799430886,0.2331646946192646,2.627277431191916,-0.5738142696247842,3.163330189231933,3.086612546854807,-1.59137182007197,2.0723538435572393,15.651657041921698,0.9616051920342709,0.08845705019683058,-0.17285920646588088,0.1939342663460858,-0.5564748251210072,0.9680237615196264,0.07163138510310928,-0.16507175971342508,0.1747863151013737,1.0,1.0,1.0,1.0,1.0,1.0,1.0,1.0,1.0,1.0,1.0,1.0,80.0,80.0,80.0,80.0,80.0,80.0,80.0,80.0,80.0,80.0,80.0,80.0,10,10,10,10,10,10,10,10,10,10,10,10,-1.9070668018609078,-0.11243966879094813,1.543478503665762,-1.7938586245838763,-0.36075709053325333,1.6498008976863234,-2.1009059131302266,0.37194091410041175,0.9493660915221547,-1.8942588974799648,-0.3852291129006087,2.203234057562627,-2.0861716270446777,-0.16200754046440125,1.5744779109954834,-1.935204029083252,-0.3385649025440216,1.7168021202087402,-1.84877347946167,0.369493693113327,0.9369746446609497,-2.1343982219696045,-0.44836297631263733,2.385863780975342,-16.158528817883937,-1.4581848947224585,10.473778628154509,21.92239618231585,0.18170530090869708,0.2527594180804158,21.78632763281309,-4.170698953000915,-3.4495004892714896,-20.87758598631796,-6.352694234235021,17.906685612695664
rl_zero,117.124,0.7759999999999962,0.0,0.0,0.0,0.14004374173325182,0.04657541404415203,0.29595805955053717,22.393374975971785,0.5836417799430886,0.2331646946192646,2.627277431191916,-0.5738142696247842,3.163330189231933,3.086612546854807,-1.59137182007197,2.0723538435572393,15.651657041921698,0.9616051920342709,0.08845705019683058,-0.17285920646588088,0.1939342663460858,-0.5564748251210072,0.9680237615196264,0.07163138510310928,-0.16507175971342508,0.1747863151013737,1.0,1.0,1.0,1.0,1.0,1.0,1.0,1.0,1.0,1.0,1.0,1.0,80.0,80.0,80.0,80.0,80.0,80.0,80.0,80.0,80.0,80.0,80.0,80.0,10,10,10,10,10,10,10,10,10,10,10,10,-1.9070668018609078,-0.11243966879094813,1.543478503665762,-1.7938586245838763,-0.36075709053325333,1.6498008976863234,-2.1009059131302266,0.37194091410041175,0.9493660915221547,-1.8942588974799648,-0.3852291129006087,2.203234057562627,-2.0861716270446777,-0.16200754046440125,1.5744779109954834,-1.935204029083252,-0.3385649025440216,1.7168021202087402,-1.84877347946167,0.369493693113327,0.9369746446609497,-2.1343982219696045,-0.44836297631263733,2.385863780975342,-16.158528817883937,-1.4581848947224585,10.473778628154509,21.92239618231585,0.18170530090869708,0.2527594180804158,21.78632763281309,-4.170698953000915,-3.4495004892714896,-20.87758598631796,-6.352694234235021,17.906685612695664
rl_zero,117.144,0.7960000000000065,0.0,0.0,0.0,0.1435116835616659,0.04793590717023666,0.29249011838609323,23.149183482762307,0.5782087358455082,0.22742470746280727,2.7160114771586774,-0.5154950771658559,3.234882871702206,2.808686773315636,-0.9212932516696665,2.118249562384042,23.193778112402295,0.9586036991158997,0.09798410037441624,-0.17509120657727567,0.20204240518872277,-0.5889675346557398,0.9552597857037008,0.10753465352262517,-0.17727724990725993,0.21092135210643623,1.0,1.0,1.0,1.0,1.0,1.0,1.0,1.0,1.0,1.0,1.0,1.0,80.0,80.0,80.0,80.0,80.0,80.0,80.0,80.0,80.0,80.0,80.0,80.0,10,10,10,10,10,10,10,10,10,10,10,10,-2.072720041692368,-0.11533439953032598,1.609799555618027,-1.5095685163639594,-0.3143085379238464,1.715135221272539,-1.855386471266911,0.2921158939650166,0.9401668596902679,-2.1031360172118614,-0.4710635473460556,2.4217706287061507,-2.238668441772461,-0.1333034336566925,1.4089202880859375,-1.2713414430618286,-0.3385649025440216,1.852248191833496,-1.6782705783843994,0.32783690094947815,0.9907171726226807,-2.360919952392578,-0.5868062973022461,2.451117753982544,-5.539275908010292,-0.14818938466355558,-2.3065584387062246,4.551608133477955,0.21109808085808046,3.4411322483905664,3.2655197388649517,-2.19231331997149,0.738950949818423,-2.3417613791800314,-2.411843761998482,2.3502714616799203
rl_zero,117.165,0.8170000000000073,0.0,0.0,0.0,0.16346280059197932,0.056543781649720196,0.26696461630475704,26.193962255205907,0.5646015260366176,0.2504071586958398,2.056960073114283,0.2701388741363961,2.8028059614294367,2.6873730696777067,-0.8109018049309448,2.0535313988344805,9.22849821919356,0.9431406635076182,0.14154499191522343,-0.17695358233029448,0.24318333372705617,-0.888390576587036,0.9543764600236466,0.10993957141388791,-0.17772681724829223,0.21328863453277475,1.0,1.0,1.0,1.0,1.0,1.0,1.0,1.0,1.0,1.0,1.0,1.0,80.0,80.0,80.0,80.0,80.0,80.0,80.0,80.0,80.0,80.0,80.0,80.0,10,10,10,10,10,10,10,10,10,10,10,10,-2.1288912179109865,-0.11682188761984857,1.2679846482627184,-1.4588938984444333,-0.20732038875190728,1.992697881117767,-1.8154463791312745,0.2600342082253295,1.0119030999123373,-2.296625953845539,-0.6658424721767364,2.391459932254623,-2.0871353149414062,-0.1333034336566925,1.4089202880859375,-1.5258934497833252,-0.2817692458629608,2.0822181701660156,-1.6782705783843994,0.24860209226608276,1.129465103149414,-2.2703471183776855,-0.7081608772277832,2.307094097137451,5.9579306581742575,-0.577739356738733,-16.274055753770483,-5.389302090726734,3.126536113432486,12.25421766884907,-2.5819875614854855,1.3806053117094752,4.180722301793567,2.829520713903147,-7.1352519216935075,-7.43646098546166
rl_zero,117.191,0.8430000000000035,0.0,0.0,0.0,0.17086126428409748,0.05978992268511424,0.25470361627357113,27.638697260478914,0.5758082284340627,0.2577073532807851,3.1587663314405874,0.9141507543353956,3.018646450696172,1.3647590492776998,-0.5611529211698237,0.6017517572472227,0.18505205078624204,0.9363653041459999,0.16307630146291285,-0.17453047057063206,0.257226071647374,-0.9822130372972587,0.9300893272462903,0.18239259170795818,-0.1725482390243704,0.2681303620297146,1.0,1.0,1.0,1.0,1.0,1.0,1.0,1.0,1.0,1.0,1.0,1.0,80.0,80.0,80.0,80.0,80.0,80.0,80.0,80.0,80.0,80.0,80.0,80.0,10,10,10,10,10,10,10,10,10,10,10,10,-1.7141652453293243,-0.06219208456690417,0.8382835282536618,-1.8575685538071784,-0.08347601144246664,2.3315093542829075,-2.089868848299269,0.29668476217442574,1.2644674395088282,-2.1522337545665806,-0.7489512384258123,2.126709726703478,-1.225583553314209,-0.0551416277885437,0.5776508450508118,-2.1305501461029053,-0.026565611362457275,2.4161267280578613,-2.15720534324646,0.3022918403148651,1.3516480922698975,-2.107306480407715,-0.7509465217590332,2.022444009780884,20.44263141038128,0.8909302949949847,-17.917548815814374,-23.34384179153499,4.866984328521426,15.274016793690189,-7.8928446631396945,2.625929400295488,11.115005538255609,6.701853978173537,-1.6679663591674108,-13.124395277811367
rl_zero,117.211,0.8629999999999995,0.0,0.0,0.0,0.190080804616613,0.06966257639086146,0.21161283010746595,29.182131835153033,0.41241612384793136,0.29015846415121943,-3.759971200927087,-0.3944891230800604,-1.8364638197931566,-4.562022176367521,2.6892308400737814,-1.176014934156954,13.661763557112973,0.9284779083903224,0.18525844247939327,-0.1707109268227732,0.2728843392072017,-1.177991205919001,0.9335326961873824,0.16927405139255322,-0.16696736730161932,0.26830001664299985,1.0,1.0,1.0,1.0,1.0,1.0,1.0,1.0,1.0,1.0,1.0,1.0,80.0,80.0,80.0,80.0,80.0,80.0,80.0,80.0,80.0,80.0,80.0,80.0,10,10,10,10,10,10,10,10,10,10,10,10,-1.7141652453293243,-0.06219208456690417,0.8382835282536618,-1.8575685538071784,-0.08347601144246664,2.3315093542829075,-2.089868848299269,0.29668476217442574,1.2644674395088282,-2.1522337545665806,-0.7489512384258123,2.126709726703478,-1.225583553314209,-0.0551416277885437,0.5776508450508118,-2.1305501461029053,0.0865958034992218,2.4161267280578613,-2.15720534324646,0.36066970229148865,1.3516480922698975,-1.8856672048568726,-0.6893314123153687,1.7998218536376953,20.44263141038128,0.8909302949949847,-17.917548815814374,-23.34384179153499,4.866984328521426,15.274016793690189,-7.8928446631396945,2.625929400295488,11.115005538255609,6.701853978173537,-1.6679663591674108,-13.124395277811367
rl_zero,117.229,0.8810000000000002,0.0,0.0,0.0,0.19637184052204476,0.07524074760053258,0.19481812128723924,24.98847736900175,0.4346878580416573,0.43802154923873826,-5.671622004776127,2.0864869887442254,-2.325969273533522,-4.621399011864584,3.5036280771909443,-1.4082080512690172,12.947831586529956,0.9404766773749672,0.1489796620048616,-0.15687153989736125,0.26210684766501186,-1.0755550929219977,0.9360538137355675,0.16178712421684854,-0.16384053826807513,0.26605349508842946,1.0,1.0,1.0,1.0,1.0,1.0,1.0,1.0,1.0,1.0,1.0,1.0,80.0,80.0,80.0,80.0,80.0,80.0,80.0,80.0,80.0,80.0,80.0,80.0,10,10,10,10,10,10,10,10,10,10,10,10,-1.3222943832282414,0.03419378898533498,0.5232820774413405,-2.419308973553422,0.08838596426360112,2.5014614790352603,-2.4898267997061625,0.35700575171447557,1.5638544143986648,-2.130021203997,-0.799282839099682,2.0737026695946916,-1.225583553314209,-0.029022037982940674,0.5776508450508118,-2.1305501461029053,0.05842810869216919,2.4161267280578613,-2.7706258296966553,0.48052123188972473,1.578538417816162,-1.8856672048568726,-0.5415832996368408,1.9632647037506104,5.6491937271123405,1.8816374253993238,-4.039710458634784,-11.894929413403423,2.7979970725797116,-1.866347208765529,-9.250123926224365,1.921849999186327,4.776859735664386,5.564350842808918,-0.8662309027945803,-8.57017062040529
rl_zero,117.27,0.921999999999997,0.0,0.0,0.0,0.21316993301744802,0.09119866136720264,0.16523823365182938,16.644481807793753,0.5060690862486801,0.3453011573542229,-1.1794899321265704,2.4140128805047505,0.749994434393332,0.6022081436297936,2.0710160355702616,0.326089697470648,12.863224941996478,0.9577378620261925,0.10288976947940326,-0.10180103215582173,0.24857279181354994,-0.4007953720050011,0.95818254714533,0.10208350842746484,-0.08872590522971381,0.25217628237880535,1.0,1.0,1.0,1.0,1.0,1.0,1.0,1.0,1.0,1.0,1.0,1.0,80.0,80.0,80.0,80.0,80.0,80.0,80.0,80.0,80.0,80.0,80.0,80.0,10,10,10,10,10,10,10,10,10,10,10,10,-1.7918293890940964,0.13994274264602868,0.6593125488008145,-2.689729998377338,-0.024345122277862785,2.4076300690417884,-2.6551391130664674,0.4502431095222663,1.871393358119624,-2.0211755102476143,-0.6811553483839772,2.0159544779479557,-1.4367493391036987,-0.005431056022644043,0.7454837560653687,-2.692983388900757,-0.07955610752105713,2.4090094566345215,-2.6395673751831055,0.4592542350292206,1.9088630676269531,-1.6755191087722778,-0.5238358974456787,2.0647711753845215,-4.340580283528171,-0.41786566999547736,1.7667183469286032,-0.4652478984585865,-3.035035352801606,-1.2426553606145614,-2.422903796503875,-1.0486128536835393,3.27824044243223,4.371921600876333,3.6994887004744514,2.0888510918027823
rl_zero,117.27,0.921999999999997,0.0,0.0,0.0,0.21316993301744802,0.09119866136720264,0.16523823365182938,16.644481807793753,0.5060690862486801,0.3453011573542229,-1.1794899321265704,2.4140128805047505,0.749994434393332,0.6022081436297936,2.0710160355702616,0.326089697470648,12.863224941996478,0.9577378620261925,0.10288976947940326,-0.10180103215582173,0.24857279181354994,-0.4007953720050011,0.95818254714533,0.10208350842746484,-0.08872590522971381,0.25217628237880535,1.0,1.0,1.0,1.0,1.0,1.0,1.0,1.0,1.0,1.0,1.0,1.0,80.0,80.0,80.0,80.0,80.0,80.0,80.0,80.0,80.0,80.0,80.0,80.0,10,10,10,10,10,10,10,10,10,10,10,10,-1.7918293890940964,0.13994274264602868,0.6593125488008145,-2.689729998377338,-0.024345122277862785,2.4076300690417884,-2.6551391130664674,0.4502431095222663,1.871393358119624,-2.0211755102476143,-0.6811553483839772,2.0159544779479557,-1.4367493391036987,-0.005431056022644043,0.7454837560653687,-2.692983388900757,-0.07955610752105713,2.4090094566345215,-2.6395673751831055,0.4592542350292206,1.9088630676269531,-1.6755191087722778,-0.5238358974456787,2.0647711753845215,-4.340580283528171,-0.41786566999547736,1.7667183469286032,-0.4652478984585865,-3.035035352801606,-1.2426553606145614,-2.422903796503875,-1.0486128536835393,3.27824044243223,4.371921600876333,3.6994887004744514,2.0888510918027823
rl_zero,117.293,0.9450000000000074,0.0,0.0,0.0,0.2245915580714103,0.09774927614598074,0.16003146402364565,15.058503094194316,0.5778205640885219,0.2801609810527809,0.2097924753671262,1.6102713530886392,0.6635473177913034,0.6689131992698809,1.859677353255566,0.2959403302679831,10.400415525845219,0.9580878806790277,0.10384286367970492,-0.07991329458308942,0.25475112935499133,-0.11456887827867397,0.9582014087516378,0.10219652407507239,-0.08676732312163568,0.2527397126920416,1.0,1.0,1.0,1.0,1.0,1.0,1.0,1.0,1.0,1.0,1.0,1.0,80.0,80.0,80.0,80.0,80.0,80.0,80.0,80.0,80.0,80.0,80.0,80.0,10,10,10,10,10,10,10,10,10,10,10,10,-1.846804868194794,0.13471235884974053,0.6910391328900376,-2.693816101667853,-0.06235523877143301,2.4127456593185954,-2.6846221883007404,0.44767221560359705,1.909285425763624,-1.951340266557029,-0.6370784065471584,2.0475035809601447,-1.462697148323059,0.024880796670913696,0.7412152290344238,-2.925027370452881,-0.0986991822719574,2.425662040710449,-2.891068696975708,0.43349841237068176,1.9700052738189697,-1.6755191087722778,-0.5310255289077759,1.9794142246246338,0.6490345443521441,-0.19005517328610888,0.6988437721920142,0.01664663647058351,-1.1501476099932062,0.8878927501260067,-0.6427248010022912,0.11042907140564506,0.753286980088034,4.2362219011876565,1.6575146258731968,1.2102663554106519
rl_zero,117.304,0.9560000000000031,0.0,0.0,0.0,0.24353541654093208,0.10436931377887934,0.16233954734835687,16.81898661955133,0.6774194455082146,0.16847207428889993,2.1291936806136498,1.4561600900312317,0.7434165651405055,2.3453388828236585,0.33128681464109133,0.16522470772565512,6.642267367247701,0.9542346139981361,0.13212091586767408,-0.06270750068544143,0.26086037337223195,0.24350114561606986,0.9552565375431562,0.12542772333792895,-0.06540231773959235,0.259760217380595,1.0,1.0,1.0,1.0,1.0,1.0,1.0,1.0,1.0,1.0,1.0,1.0,80.0,80.0,80.0,80.0,80.0,80.0,80.0,80.0,80.0,80.0,80.0,80.0,10,10,10,10,10,10,10,10,10,10,10,10,-1.8264546554947918,0.11715103219342371,0.7070606873538754,-2.693741059172374,-0.08062782042794048,2.4609176841333067,-2.6916106479661,0.4235262690242587,1.9475352948691977,-1.8970134717504932,-0.6464850224754795,2.0593608489801767,-1.462697148323059,0.024880796670913696,0.7303184270858765,-2.925027370452881,-0.0986991822719574,2.4832541942596436,-2.891068696975708,0.43349841237068176,1.9932522773742676,-1.657947301864624,-0.5310255289077759,1.9794142246246338,3.3193499411066325,-0.608406157626701,0.15089497751011316,0.24094959612984557,-0.3324168416697484,2.4399040488435517,0.20140173856436494,-0.5394696854547232,1.9825899564670328,3.4263726551763454,-0.14780688871218706,-0.03246471099840936
rl_zero,117.325,0.9770000000000039,0.0,0.0,0.0,0.24353541654093208,0.10436931377887934,0.16233954734835687,16.81898661955133,0.6774194455082146,0.16847207428889993,2.1291936806136498,1.4561600900312317,0.7434165651405055,2.6995975050785317,0.3850420150566861,0.46315638818757826,26.360883992556648,0.9542346139981361,0.13212091586767408,-0.06270750068544143,0.26086037337223195,0.24350114561606986,0.9510017910364889,0.14969017307664903,-0.055768598738107196,0.2647230796973721,1.0,1.0,1.0,1.0,1.0,1.0,1.0,1.0,1.0,1.0,1.0,1.0,80.0,80.0,80.0,80.0,80.0,80.0,80.0,80.0,80.0,80.0,80.0,80.0,10,10,10,10,10,10,10,10,10,10,10,10,-1.8053606136350249,0.11126708642183036,0.7082330690825538,-2.6931125489629153,-0.08697607680952402,2.4807542848627033,-2.6906573252958994,0.41733565596944633,1.9604803058080247,-1.8751793407356736,-0.6475253387831055,2.0627416406685413,-1.369081974029541,-0.06467056274414062,0.68011873960495,-3.005131721496582,-0.13379427790641785,2.5415008068084717,-3.073643922805786,0.431447297334671,2.0042738914489746,-1.6563360691070557,-0.49178674817085266,1.996452808380127,4.39569094203798,-1.0347025343828993,-0.45921363876149035,0.0028422556309104507,-1.3044626951432445,3.181147527793706,0.08610410964014648,-1.0861190444572595,1.83482155255903,3.450589012727643,0.2533427133337751,0.16668854667774746
rl_zero,117.349,1.0010000000000048,0.0,0.0,0.0,0.26808511240456373,0.10732443666030275,0.17708346733218763,21.337509931676518,0.7677815879809897,0.02723317394497931,3.0056393873908167,1.7394841332967361,1.3962112435418914,3.709897640973205,0.19725172691786463,0.7103472646885445,11.470652838403632,0.9440217438948459,0.17959076953745823,-0.044950491604927346,0.2730376454907872,0.5924708108177346,0.9435922994468371,0.18129928902452663,-0.04441292070657764,0.27348058925295393,1.0,1.0,1.0,1.0,1.0,1.0,1.0,1.0,1.0,1.0,1.0,1.0,80.0,80.0,80.0,80.0,80.0,80.0,80.0,80.0,80.0,80.0,80.0,80.0,10,10,10,10,10,10,10,10,10,10,10,10,-1.6993431233384282,0.07193179188646415,0.6946188753401605,-2.691539184796488,-0.11996385787573338,2.5350192377611087,-2.69003784884206,0.39797757879498885,1.9885877277915132,-1.7783378922420425,-0.5976063357178258,2.081067898424502,-1.369081974029541,-0.09885217249393463,0.6955852508544922,-2.958136796951294,-0.13379427790641785,2.5415008068084717,-3.05324125289917,0.39095500111579895,1.9760730266571045,-1.481754183769226,-0.45530179142951965,1.996452808380127,5.494029596117197,-2.7414545640653154,-0.7870103701179679,-0.026769903341525403,-1.0335166658833033,1.0256554047029673,0.046800937826934286,-0.7524677156199875,0.7231919123123748,5.700833747581488,4.1051557206593365,0.8197216954845411
rl_zero,117.366,1.0180000000000007,0.0,0.0,0.0,0.27359092633311766,0.10745451299927457,0.18149784696675123,22.707986997515462,0.7997624192914289,0.014623379098602597,3.528195492369336,2.084806846210493,1.4858567959138393,3.709897640973205,0.19725172691786463,0.7103472646885445,12.85991507307454,0.9407380429355374,0.19260465691235842,-0.04075909009467536,0.27614140813022203,0.6605768312065953,0.9435922994468371,0.18129928902452663,-0.04441292070657764,0.27348058925295393,1.0,1.0,1.0,1.0,1.0,1.0,1.0,1.0,1.0,1.0,1.0,1.0,80.0,80.0,80.0,80.0,80.0,80.0,80.0,80.0,80.0,80.0,80.0,80.0,10,10,10,10,10,10,10,10,10,10,10,10,-1.6005103657460076,0.0031856838343378158,0.6870716882222885,-2.691369512366382,-0.14107916332940995,2.524687088462853,-2.688543292252131,0.3834437853611279,1.9842221602644052,-1.6597288320901225,-0.5097940686474578,2.0961077461983955,-1.3210538625717163,-0.13276273012161255,0.6930515170097351,-2.8978805541992188,-0.18758326768875122,2.4092342853546143,-3.05324125289917,0.3684171736240387,1.9760730266571045,-1.3117316961288452,-0.40920373797416687,1.99942946434021,6.308446311105639,-4.501876613002904,-0.5306888127695062,-0.1062853717676926,-1.103878310986333,-1.8646004955673336,-0.00919122166134545,-0.8417532108993946,-1.0786835898765574,7.9380088971099,5.44109360656168,0.170040626426755
rl_zero,117.397,1.0490000000000066,0.0,0.0,0.0,0.3142533769418695,0.10564149088730425,0.21301103465153487,35.09659273334054,0.9628806398981993,-0.060614201747252225,3.463477312922299,2.461364829212987,1.3150984143994233,4.551803997452642,0.38636666557739385,0.2981752071418531,27.774692154611525,0.9085164808329317,0.3013008563663326,-0.011217787274910327,0.2892918236945436,0.5765294648994074,0.9099158589271412,0.29739048484599545,-0.012836309414381398,0.28887239112896307,1.0,1.0,1.0,1.0,1.0,1.0,1.0,1.0,1.0,1.0,1.0,1.0,80.0,80.0,80.0,80.0,80.0,80.0,80.0,80.0,80.0,80.0,80.0,80.0,10,10,10,10,10,10,10,10,10,10,10,10,-1.2668348237608367,-0.17581993164049958,0.6699478090959756,-2.6958440144874887,-0.2085972998816885,2.3152623783810267,-2.6957915305985027,0.35014732008062754,1.8292081350744382,-1.1666824624849825,-0.30007525582461714,2.001419235269939,-1.2371549606323242,-0.16528040170669556,0.6956133246421814,-2.8146309852600098,-0.22286424040794373,2.302816867828369,-2.9295549392700195,0.3391820192337036,1.8161828517913818,-1.0964851379394531,-0.2853664457798004,1.886047601699829,3.1082565473838404,-0.994899292080123,2.091712227696457,-0.5241917482217144,-0.8544561228822247,-3.963607939343236,-0.3803144929942355,-1.1698120795422633,-3.155250868344043,7.168086178568615,2.5081454512165844,-3.406217903274195
rl_zero,117.415,1.0670000000000073,0.0,0.0,0.0,0.32102818196885474,0.10526003305934582,0.21676719558417543,36.606654717248496,0.9705582498976412,-0.049870090425293404,3.0264454290414657,2.4432726416066632,1.1690147295622433,4.416117781097507,0.47005059688915174,0.24582908495252578,14.101784537030934,0.903882045920162,0.3140020919366581,-0.005345666946833097,0.2904674803957894,0.505484447121382,0.9078299136967659,0.30320459020518636,-0.01039343635056447,0.2894888611961675,1.0,1.0,1.0,1.0,1.0,1.0,1.0,1.0,1.0,1.0,1.0,1.0,80.0,80.0,80.0,80.0,80.0,80.0,80.0,80.0,80.0,80.0,80.0,80.0,10,10,10,10,10,10,10,10,10,10,10,10,-1.261182306674578,-0.17742630778524582,0.6742908407995305,-2.6969460413350257,-0.2099850049436931,2.3082814572914714,-2.6965216104199685,0.3479788671464439,1.8235893045058056,-1.152491341881447,-0.2954926920871275,1.9946234552256357,-1.2003047466278076,-0.18269820511341095,0.7003581523895264,-2.8146309852600098,-0.25083258748054504,2.1900224685668945,-2.9295549392700195,0.3391820192337036,1.8161828517913818,-1.0964851379394531,-0.2853664457798004,1.886047601699829,2.7377375085607754,-0.7418126892750707,2.1924256916682956,-0.5566831718359748,-0.644941765088106,-3.3333285410745983,-0.35910108897065873,-1.0569437473871361,-2.694300654735331,7.149669495363609,2.2122310508622585,-3.5038371233114196
rl_zero,117.433,1.085000000000008,0.0,0.0,0.0,0.35671937711150487,0.10352760945532166,0.22936991922660455,42.50322125250172,0.9954108602664934,-0.06531212738107725,1.1526101020393675,3.093016191092933,1.428210424154294,2.8795164906254618,2.1209723211730194,-0.5039999238253796,13.060457289837192,0.8843324497663442,0.36058330606649125,0.03687821712543932,0.2942376501708514,0.1925417033980263,0.8848058558097055,0.3596442446547263,0.035422563983955185,0.29414257898575064,1.0,1.0,1.0,1.0,1.0,1.0,1.0,1.0,1.0,1.0,1.0,1.0,80.0,80.0,80.0,80.0,80.0,80.0,80.0,80.0,80.0,80.0,80.0,80.0,10,10,10,10,10,10,10,10,10,10,10,10,-1.2211477966021178,-0.17563079686387706,0.7136617555232361,-2.6581399203990443,-0.24807460729373965,2.2012810193904215,-2.6890338402697775,0.3224014215474815,1.7144015772522536,-0.9394090135926065,-0.22388941236165838,1.8726141341241345,-1.310083270072937,-0.14023524522781372,0.7003581523895264,-2.4591681957244873,-0.2719945013523102,2.1900224685668945,-2.6244611740112305,0.28342917561531067,1.596226692199707,-0.8375900983810425,-0.19132933020591736,1.7021913528442383,-5.866269005441443,0.5047072609726677,3.787862062607311,8.150719479861216,-2.2468657012000355,-6.043933717276163,1.8965847175209989,-0.6421913419290552,-6.764200908933769,8.425384956742217,2.941470871517323,-6.0259934286987695
rl_zero,117.453,1.105000000000004,0.0,0.0,0.0,0.35671937711150487,0.10352760945532166,0.22936991922660455,42.50322125250172,0.9954108602664934,-0.06531212738107725,1.1526101020393675,3.093016191092933,1.428210424154294,1.8224460031228706,2.38125278234129,-0.646284902556895,23.32252726089837,0.8843324497663442,0.36058330606649125,0.03687821712543932,0.2942376501708514,0.1925417033980263,0.8814536451326146,0.36601048507309425,0.04699114600106802,0.29473314794317135,1.0,1.0,1.0,1.0,1.0,1.0,1.0,1.0,1.0,1.0,1.0,1.0,80.0,80.0,80.0,80.0,80.0,80.0,80.0,80.0,80.0,80.0,80.0,80.0,10,10,10,10,10,10,10,10,10,10,10,10,-1.410073900980347,-0.13229625657229516,0.8175092855683559,-2.350180706357042,-0.2842887761235193,2.072388342801375,-2.5536224265382375,0.2987831919745396,1.5469162708713053,-0.9162182149726563,-0.18232498249836837,1.783965928342134,-1.5341438055038452,-0.09314709901809692,0.8899329900741577,-2.1810295581817627,-0.29305997490882874,2.044302463531494,-2.4064886569976807,0.28342917561531067,1.4663951396942139,-0.8698039054870605,-0.17200565338134766,1.6793444156646729,-12.709820211534531,2.8794913667738706,6.273877194490641,17.567080266016205,-1.3880604131329513,-5.420708585021924,13.069380710449618,-0.6988159918208621,-8.787704190261493,-0.019166130759797673,0.9462061787028118,-4.262416727182318
rl_zero,117.482,1.1340000000000003,0.0,0.0,0.0,0.39119351215691606,0.10136623236624441,0.2294765276031091,46.1590666758301,0.9636337771832595,-0.04796498584647381,-0.01849340804562686,2.8358549908871566,1.3515143500624254,2.4643603019505282,2.4668372923781514,-0.7789432365583446,14.385798298838791,0.8711126095985751,0.3810254815143056,0.09214262535544714,0.2957907037547965,-0.1972988481792893,0.8694049627443134,0.38326658926910245,0.09838268300203361,0.29590974973952733,1.0,1.0,1.0,1.0,1.0,1.0,1.0,1.0,1.0,1.0,1.0,1.0,80.0,80.0,80.0,80.0,80.0,80.0,80.0,80.0,80.0,80.0,80.0,80.0,10,10,10,10,10,10,10,10,10,10,10,10,-1.410073900980347,-0.13229625657229516,0.8175092855683559,-2.350180706357042,-0.2842887761235193,2.072388342801375,-2.5536224265382375,0.2987831919745396,1.5469162708713053,-0.9162182149726563,-0.18232498249836837,1.783965928342134,-1.8189889192581177,-0.024537116289138794,0.8899329900741577,-1.8830677270889282,-0.2662269175052643,1.9705884456634521,-2.023500919342041,0.30736130475997925,1.2785736322402954,-1.2289636135101318,-0.16349345445632935,1.8396801948547363,-12.709820211534531,2.8794913667738706,6.273877194490641,17.567080266016205,-1.3880604131329513,-5.420708585021924,13.069380710449618,-0.6988159918208621,-8.787704190261493,-0.019166130759797673,0.9462061787028118,-4.262416727182318
rl_zero,117.487,1.1389999999999958,0.0,0.0,0.0,0.39119351215691606,0.10136623236624441,0.2294765276031091,46.1590666758301,0.9636337771832595,-0.04796498584647381,-0.01849340804562686,2.8358549908871566,1.3515143500624254,2.7574387141942514,2.322611913358942,-0.8035477917907801,22.51593090759406,0.8711126095985751,0.3810254815143056,0.09214262535544714,0.2957907037547965,-0.1972988481792893,0.8673300188476829,0.38634250757239413,0.10471658355060084,0.29582518888330417,1.0,1.0,1.0,1.0,1.0,1.0,1.0,1.0,1.0,1.0,1.0,1.0,80.0,80.0,80.0,80.0,80.0,80.0,80.0,80.0,80.0,80.0,80.0,80.0,10,10,10,10,10,10,10,10,10,10,10,10,-1.5502168753638532,-0.07343307207303429,0.9065175401004426,-2.1498423564996862,-0.28037281064926045,2.029304830338088,-2.3814040388602145,0.27654400378937183,1.443006914929871,-0.9656321284409435,-0.1684024446945207,1.7276509685110106,-1.8189889192581177,-0.024537116289138794,1.039635419845581,-1.8830677270889282,-0.2662269175052643,1.9705884456634521,-2.023500919342041,0.30736130475997925,1.2785736322402954,-1.2289636135101318,-0.16349345445632935,1.8396801948547363,-16.959850390419632,2.3246349748228923,8.781374826510646,16.336211235783733,-0.40302091044072075,-4.473822334956405,18.627014589562677,5.6680126293977375,-8.918208895166032,-21.18531351128125,4.427743505002421,5.613290456604721
rl_zero,117.507,1.159000000000006,0.0,0.0,0.0,0.43653882450988485,0.09918832406836386,0.20704432902477307,54.65135441196031,0.8724029202045769,-0.037104766111346554,1.8102546321301018,3.258644139093546,0.1927512925385512,3.4210719484116616,1.383919937277811,-0.7123452539928934,15.750264890743882,0.841370002098559,0.43073236948682825,0.15872761882291295,0.28525723210418613,-0.7034067186034696,0.8541941134254114,0.40810878353561875,0.1362703222744398,0.2919418377993692,1.0,1.0,1.0,1.0,1.0,1.0,1.0,1.0,1.0,1.0,1.0,1.0,80.0,80.0,80.0,80.0,80.0,80.0,80.0,80.0,80.0,80.0,80.0,80.0,10,10,10,10,10,10,10,10,10,10,10,10,-1.9758976108496693,0.018913093673687875,1.0996608086533772,-1.600495850263398,-0.24830866410654284,1.9437098337272793,-1.7456878017427817,0.325478668209394,1.1916715122995676,-1.622393470538353,-0.1755795896814636,2.0160046959100235,-1.8189889192581177,0.05211706459522247,1.0814661979675293,-1.546825885772705,-0.2547334134578705,2.0063397884368896,-1.7145004272460938,0.32897311449050903,1.3389182090759277,-1.7328542470932007,-0.24059078097343445,2.0523316860198975,-5.254950700146221,2.2906604161525945,-0.21247434934403064,7.065832582228448,1.2709814734733262,1.2911897840837372,8.614829864271021,0.11177049170405695,-1.5155256525527665,-11.543092481340942,-2.255828723029163,6.803469864275523
rl_zero,117.556,1.2079999999999984,0.0,0.0,0.0,0.45962927579137447,0.09815092854019264,0.18431665360250601,60.80782758059765,0.8473739963257834,-0.03674379398968057,2.547013608579223,3.848331554804891,0.10888910861812795,4.608222691346035,0.9360067638316361,-1.0519022396731117,27.667875361292204,0.8193266299006188,0.4688090677436119,0.19065114405487205,0.2693957549918495,-0.9689168975888326,0.8262583474237997,0.457452924191233,0.18187658600337198,0.2737788759658782,1.0,1.0,1.0,1.0,1.0,1.0,1.0,1.0,1.0,1.0,1.0,1.0,80.0,80.0,80.0,80.0,80.0,80.0,80.0,80.0,80.0,80.0,80.0,80.0,10,10,10,10,10,10,10,10,10,10,10,10,-2.084581362584993,0.061956442542018486,1.0066387124494174,-1.3811528254280567,-0.20638370145409546,1.9765334258860427,-1.7179641775136387,0.3136269164269381,1.2808931427025216,-1.9941309860492522,-0.24241361493989366,2.1669839995749243,-1.9678781032562256,0.07679876685142517,0.8407882452011108,-1.396085262298584,-0.16742345690727234,2.1416454315185547,-1.6734533309936523,0.3113912045955658,1.3461623191833496,-2.1943931579589844,-0.43302395939826965,2.1995022296905518,-3.9578446954429642,1.0962262512307692,-8.112056088709839,5.59409536843902,1.8250811408690035,4.212788374743138,0.8525723029254477,-0.9962448209363157,5.4764454231988875,-13.854194790327501,-6.1052793862930645,3.044809625756044
rl_zero,117.556,1.2079999999999984,0.0,0.0,0.0,0.45962927579137447,0.09815092854019264,0.18431665360250601,60.80782758059765,0.8473739963257834,-0.03674379398968057,2.547013608579223,3.848331554804891,0.10888910861812795,4.608222691346035,0.9360067638316361,-1.0519022396731117,27.667875361292204,0.8193266299006188,0.4688090677436119,0.19065114405487205,0.2693957549918495,-0.9689168975888326,0.8262583474237997,0.457452924191233,0.18187658600337198,0.2737788759658782,1.0,1.0,1.0,1.0,1.0,1.0,1.0,1.0,1.0,1.0,1.0,1.0,80.0,80.0,80.0,80.0,80.0,80.0,80.0,80.0,80.0,80.0,80.0,80.0,10,10,10,10,10,10,10,10,10,10,10,10,-2.084581362584993,0.061956442542018486,1.0066387124494174,-1.3811528254280567,-0.20638370145409546,1.9765334258860427,-1.7179641775136387,0.3136269164269381,1.2808931427025216,-1.9941309860492522,-0.24241361493989366,2.1669839995749243,-1.9678781032562256,0.07679876685142517,0.8407882452011108,-1.396085262298584,-0.16742345690727234,2.1416454315185547,-1.6734533309936523,0.3113912045955658,1.3461623191833496,-2.1943931579589844,-0.43302395939826965,2.1995022296905518,-3.9578446954429642,1.0962262512307692,-8.112056088709839,5.59409536843902,1.8250811408690035,4.212788374743138,0.8525723029254477,-0.9962448209363157,5.4764454231988875,-13.854194790327501,-6.1052793862930645,3.044809625756044
rl_zero,117.576,1.2279999999999944,0.0,0.0,0.0,0.4714966461018207,0.09758371006540847,0.169890232780038,64.07406324954778,0.8440318117952227,-0.06184098191141656,1.8816185873916158,3.650603825345966,0.2301263321973743,-0.18146420753609194,-1.1412954767850318,2.2380105031018864,23.24283937369391,0.8065025575069934,0.48761118672890885,0.2088799945144342,0.26107106925730794,-1.0788770275308253,0.8005976425500295,0.49613469844902136,0.2128431886921183,0.2599837548109598,1.0,1.0,1.0,1.0,1.0,1.0,1.0,1.0,1.0,1.0,1.0,1.0,80.0,80.0,80.0,80.0,80.0,80.0,80.0,80.0,80.0,80.0,80.0,80.0,10,10,10,10,10,10,10,10,10,10,10,10,-2.0799364471149477,0.10316861650826681,0.7415906050231627,-1.3423340611306207,-0.14615892944549902,2.1886832785585035,-1.706118349174365,0.31108867700187215,1.3967965589254954,-2.172624374651898,-0.40140927689605377,2.1724734574799918,-1.9678781032562256,0.09187795221805573,0.6186533570289612,-1.396085262298584,-0.12074702978134155,2.2160604000091553,-1.6734533309936523,0.33466631174087524,1.4601421356201172,-2.1390111446380615,-0.43302395939826965,2.1186232566833496,10.500210477182572,2.085472092302084,-11.304610915699463,-5.395001383280882,1.578340569400427,6.738874169184026,-7.241573996646773,0.4291714062663714,5.515021598737794,3.1291010572485747,-4.13193346915435,-3.8140096436949893
rl_zero,117.585,1.2369999999999948,0.0,0.0,0.0,0.4714966461018207,0.09758371006540847,0.169890232780038,64.07406324954778,0.8440318117952227,-0.06184098191141656,1.8816185873916158,3.650603825345966,0.2301263321973743,-0.18146420753609194,-1.1412954767850318,2.2380105031018864,21.200815933852322,0.8065025575069934,0.48761118672890885,0.2088799945144342,0.26107106925730794,-1.0788770275308253,0.8005976425500295,0.49613469844902136,0.2128431886921183,0.2599837548109598,1.0,1.0,1.0,1.0,1.0,1.0,1.0,1.0,1.0,1.0,1.0,1.0,80.0,80.0,80.0,80.0,80.0,80.0,80.0,80.0,80.0,80.0,80.0,80.0,10,10,10,10,10,10,10,10,10,10,10,10,-2.001583594745709,0.08562559076125442,0.6382316954240075,-1.3773480745506559,-0.12292474991961289,2.2171096361182077,-1.7715180312885215,0.3650633359972941,1.4469187361444842,-2.140988606518576,-0.4161062975525658,2.1600610292040088,-1.9678781032562256,0.09187795221805573,0.4219497740268707,-2.078867197036743,-0.12074702978134155,2.2160604000091553,-1.789117693901062,0.35874250531196594,1.4601421356201172,-1.6191619634628296,-0.43302395939826965,2.1186232566833496,3.951296834828361,-2.440032980460652,-7.447252874416426,-2.795106423226648,-0.2869620121882057,4.26983037591704,-3.155450535658952,3.0118921521715336,3.094946185435896,3.0625531985378722,1.9602761504640647,2.055300139972889
rl_zero,117.62,1.2720000000000056,0.0,0.0,0.0,0.4953437363226341,0.09074031912445188,0.15936910185173025,64.83881066810511,0.562010752178644,-0.23358963213032471,-1.0750724002782248,0.23158942198799468,-0.08609742408945135,-1.0008844088528845,0.24704122357378583,-0.2545140645229297,11.58560587706387,0.8015599063294494,0.4956641169724763,0.2042888624346972,0.2647354536063449,0.1531997438176215,0.7992098316138705,0.4994198204940361,0.20337488584210037,0.2654847335688931,1.0,1.0,1.0,1.0,1.0,1.0,1.0,1.0,1.0,1.0,1.0,1.0,80.0,80.0,80.0,80.0,80.0,80.0,80.0,80.0,80.0,80.0,80.0,80.0,10,10,10,10,10,10,10,10,10,10,10,10,-1.4832710084083338,0.007945601346038167,0.44532346160841296,-2.1077769181713064,-0.016859507843255628,2.5839369257388434,-2.3525860318391283,0.3129769801293314,1.8394433487130328,-1.6959802693507697,-0.11881396423918478,2.051712186078726,-1.3943637609481812,-0.059126242995262146,0.5494373440742493,-2.5501961708068848,-0.058746933937072754,2.632153034210205,-2.500112771987915,0.33449873328208923,2.0756356716156006,-1.3791228532791138,-0.045611798763275146,2.0527701377868652,8.238016259044546,-8.64724465488017,3.6736333760675652,-21.973108379287574,-0.07318371224836451,10.26448443893386,-15.505407387938646,1.0678887961303118,9.534071190206806,25.18070379465998,9.287792901033882,-5.652243160334765
rl_zero,117.643,1.2950000000000017,0.0,0.0,0.0,0.5101882548088731,0.08503535911204851,0.16162517515818076,67.81189173828307,0.307106605186468,-0.23385147241141957,1.4364842205935775,1.3627188717902219,0.6990568210986976,1.331078520424118,1.089584481727703,0.16222839658920912,19.208605234532406,0.7883480240555996,0.5147676726464164,0.2149184405098117,0.25948352567100275,0.05374488825225809,0.7842339566475164,0.5185549825522382,0.21916331728402672,0.2608548862265964,1.0,1.0,1.0,1.0,1.0,1.0,1.0,1.0,1.0,1.0,1.0,1.0,80.0,80.0,80.0,80.0,80.0,80.0,80.0,80.0,80.0,80.0,80.0,80.0,10,10,10,10,10,10,10,10,10,10,10,10,-1.4135526249984247,-0.09098542589580116,0.5019827600007494,-2.3685505998218224,-0.027577654656862016,2.6601496415683723,-2.468649446135683,0.3345185110302138,1.9005630993475968,-1.4605322493274695,-0.04145834353545297,2.005382201776859,-1.378082036972046,-0.028571918606758118,0.5806194543838501,-2.7334775924682617,-0.0883583128452301,2.5318241119384766,-2.760262966156006,0.1860509216785431,2.0506672859191895,-1.2313506603240967,-0.045611798763275146,1.8900232315063477,4.358215644084582,-6.603213785487684,4.959620696468838,-22.104352607860136,-1.253599335642165,2.912677278290879,-9.189962143531188,-0.6302231453963332,4.369006141309162,18.44426864915267,3.308156616787466,-5.634047163642132
rl_zero,117.663,1.3149999999999977,0.0,0.0,0.0,0.5148515906787974,0.07607604243163002,0.16365037249091535,71.59415575173784,0.053921542222541634,-0.33384453307490597,1.850604499868409,1.7556169936169004,1.7858190951622748,2.7003646623705437,2.14543131820596,0.7013881985684285,29.429073651764543,0.7648416052387287,0.5338233716469268,0.2390809421563462,0.26998190657335847,0.032855485364959865,0.7597680699864934,0.5377076786022027,0.2436526981567647,0.27250008235257045,1.0,1.0,1.0,1.0,1.0,1.0,1.0,1.0,1.0,1.0,1.0,1.0,80.0,80.0,80.0,80.0,80.0,80.0,80.0,80.0,80.0,80.0,80.0,80.0,10,10,10,10,10,10,10,10,10,10,10,10,-1.3367677025134546,-0.12512444454820848,0.5815690390347026,-2.6894640603928606,-0.06240260884286375,2.584272763793665,-2.6859936255126486,0.22416181958470727,2.0551498146320775,-1.1293743354523382,-0.0154106855245848,1.8387537746600913,-1.4282010793685913,-0.08221946656703949,0.766476035118103,-2.7557919025421143,-0.16201338171958923,2.5318241119384766,-2.760262966156006,0.10233175754547119,1.9502649307250977,-0.8194557428359985,-0.045611798763275146,1.7513458728790283,3.183767688627315,0.4516878626843752,1.0032268480100321,-3.5888205655799927,-4.121475205064259,-6.5432689097866295,-1.9024038255461753,-4.157238026443128,1.1976040979602938,14.195699823463334,1.3074180086648677,-8.847630523081518
rl_zero,117.668,1.3200000000000074,0.0,0.0,0.0,0.5148515906787974,0.07607604243163002,0.16365037249091535,71.59415575173784,0.053921542222541634,-0.33384453307490597,1.850604499868409,1.7556169936169004,1.7858190951622748,2.7003646623705437,2.14543131820596,0.7013881985684285,12.226433554259149,0.7648416052387287,0.5338233716469268,0.2390809421563462,0.26998190657335847,0.032855485364959865,0.7597680699864934,0.5377076786022027,0.2436526981567647,0.27250008235257045,1.0,1.0,1.0,1.0,1.0,1.0,1.0,1.0,1.0,1.0,1.0,1.0,80.0,80.0,80.0,80.0,80.0,80.0,80.0,80.0,80.0,80.0,80.0,80.0,10,10,10,10,10,10,10,10,10,10,10,10,-1.3207754253352944,-0.12049721269293823,0.5880755145089145,-2.697015479304799,-0.09038420448508067,2.5458449188178633,-2.6932711918003394,0.2023290824269095,2.0578439798823283,-1.063625237883012,-0.003363181983838004,1.791802540018125,-1.4282010793685913,-0.08221946656703949,0.766476035118103,-2.7557919025421143,-0.2095741629600525,2.304931640625,-2.9402737617492676,0.10233175754547119,1.9502649307250977,-0.8194557428359985,-0.0004343688488006592,1.6028425693511963,1.7227322145405104,0.8366613304894646,0.8927556769251241,0.12282723868204393,-4.476734798802207,-4.485245588745239,-0.5856767204799558,-2.3228741563586874,-0.005523821202617185,6.577666171414565,1.6679773176244126,-5.381868722044664
rl_zero,117.703,1.355000000000004,0.0,0.0,0.0,0.517804428413482,0.06470057940299871,0.16470559385737013,74.54291575343117,0.10997327767254989,-0.3957948208700024,1.3198507817084475,-0.18393047436844306,1.8549066401713359,0.5510130419383136,1.628243576719397,1.6887417120264525,26.312324437538432,0.7396559981262728,0.5474897088798184,0.2588373193699092,0.2935426122523247,0.06354722920241858,0.7366387326362264,0.5483994374935232,0.25992694314200593,0.29842824726512374,1.0,1.0,1.0,1.0,1.0,1.0,1.0,1.0,1.0,1.0,1.0,1.0,80.0,80.0,80.0,80.0,80.0,80.0,80.0,80.0,80.0,80.0,80.0,80.0,10,10,10,10,10,10,10,10,10,10,10,10,-1.4146191233690253,-0.07978151484282137,0.7586018104005978,-2.6789096743792262,-0.2331219739780046,2.378424346169636,-2.692468144980306,0.11052308849149828,1.9434217406947631,-0.9216838071922799,0.027172687714656085,1.5951851179713223,-1.4282010793685913,-0.10814718902111053,0.7948883771896362,-2.7072434425354004,-0.2639617621898651,2.304931640625,-2.6866211891174316,0.05985069274902344,1.8563454151153564,-0.6489864587783813,0.07782387733459473,1.5331687927246094,1.546285019304399,0.32170947937573613,3.989349988282543,1.1525114565105068,-2.110633682218101,-4.071102846323468,1.0501726881287996,-1.6976671066942024,-5.401875470146056,1.1671383710080798,2.454371104926566,-4.177146684963956
rl_zero,117.713,1.3649999999999949,0.0,0.0,0.0,0.519016637554073,0.0601207186136099,0.16548179668465718,74.92582515518954,0.10121202929757456,-0.4249265545788583,1.4600756785335482,-0.5381525610614409,1.8548053817846046,0.522728903894548,1.57845162710015,1.78143523565451,2.867112126689586,0.7329988377440096,0.5495417474510339,0.26070905694937013,0.30454451119493986,0.07034503325653754,0.7354247045862116,0.5487573953827323,0.26026512854834866,0.3004627893080184,1.0,1.0,1.0,1.0,1.0,1.0,1.0,1.0,1.0,1.0,1.0,1.0,80.0,80.0,80.0,80.0,80.0,80.0,80.0,80.0,80.0,80.0,80.0,80.0,10,10,10,10,10,10,10,10,10,10,10,10,-1.3720835457981204,-0.08572044261485878,0.8090317054456406,-2.6631316462796235,-0.2512505469736359,2.3282014127278963,-2.6756069180128916,0.0907889236313304,1.855922273526751,-0.9256642944420346,0.07794750469885692,1.5416355848706509,-1.3958033323287964,-0.07001231610774994,0.8284420371055603,-2.693521499633789,-0.2639617621898651,2.2751309871673584,-2.6194655895233154,0.05985069274902344,1.7844831943511963,-0.6489864587783813,0.10750098526477814,1.583174705505371,5.839729826584514,-0.23787833032564232,1.4445729795181497,0.8035843692993161,0.07980317813449667,-1.9492987293282882,3.322604708401859,-1.0869900973944095,-5.4581426228498975,-1.4024374532480164,3.0605602131245613,-1.4495102068539423
rl_zero,117.727,1.3790000000000049,0.0,0.0,0.0,0.520759444759106,0.05097520685148001,0.1657680597187712,75.61193800306862,0.05515792966540648,-0.4313738370033857,1.6679882901591165,-0.5849449069039535,1.274145369731326,0.4853496768686968,1.2128848873114935,1.962637070302677,24.03209972149834,0.7204416313146506,0.5552853770218581,0.2596422826603553,0.3243576590575568,-0.0712006137066234,0.7291028402880024,0.5507872849713029,0.2606228071115188,0.31163787865280496,1.0,1.0,1.0,1.0,1.0,1.0,1.0,1.0,1.0,1.0,1.0,1.0,80.0,80.0,80.0,80.0,80.0,80.0,80.0,80.0,80.0,80.0,80.0,80.0,10,10,10,10,10,10,10,10,10,10,10,10,-1.3720835457981204,-0.08572044261485878,0.8090317054456406,-2.6631316462796235,-0.2512505469736359,2.3282014127278963,-2.6756069180128916,0.0907889236313304,1.855922273526751,-0.9256642944420346,0.07794750469885692,1.5416355848706509,-1.360404372215271,-0.07024334371089935,0.9023935198783875,-2.6261839866638184,-0.23829153180122375,2.2751309871673584,-2.6335554122924805,0.05985069274902344,1.7378296852111816,-0.6355302333831787,0.10750098526477814,1.583174705505371,5.839729826584514,-0.23787833032564232,1.4445729795181497,0.8035843692993161,0.07980317813449667,-1.9492987293282882,3.322604708401859,-1.0869900973944095,-5.4581426228498975,-1.4024374532480164,3.0605602131245613,-1.4495102068539423
rl_zero,117.764,1.4159999999999968,0.0,0.0,0.0,0.5239251844769833,0.03465579563670459,0.16081557687369075,77.45054788618866,0.14605685475109095,-0.40340684872098465,1.9493449610189122,-0.2253120509800403,0.4911832234651586,1.517168277960295,0.5131272128753572,1.2158692134238804,11.83403988565936,0.6983980540211658,0.5704901176652245,0.25670983116888524,0.34767980437035684,-0.08865062724334517,0.7085978523116899,0.5629498373389293,0.25932897741779454,0.33723144250021286,1.0,1.0,1.0,1.0,1.0,1.0,1.0,1.0,1.0,1.0,1.0,1.0,80.0,80.0,80.0,80.0,80.0,80.0,80.0,80.0,80.0,80.0,80.0,80.0,10,10,10,10,10,10,10,10,10,10,10,10,-1.3741862530084292,-0.0658385027877566,0.9436629381256703,-2.6576098962727803,-0.2628448159503156,2.256045915397287,-2.5626347260574027,0.057592648931146684,1.67721827535137,-0.9499428557474587,0.2421391140558935,1.5242555868527905,-1.3964414596557617,-0.025999829173088074,0.9529581069946289,-2.4822819232940674,-0.2477833330631256,2.1813528537750244,-2.5183987617492676,0.046806469559669495,1.637329339981079,-0.7900557518005371,0.20359940826892853,1.5783956050872803,-1.239699475739172,1.5943173663979058,2.2726594304770282,1.0341040502937169,-0.24207314813643765,-2.1788823486010203,4.574893687732642,-0.7007334816713162,-4.200694013084132,-0.1439667216500991,3.83891529997073,-0.4716314067941807
rl_zero,117.774,1.426000000000002,0.0,0.0,0.0,0.5247025712875995,0.03239995995340002,0.16037648540528845,77.8373682381534,0.12167193141274049,-0.34461809658728476,2.0703792571105533,-0.22185568505431943,0.3017187629270749,1.517168277960295,0.5131272128753572,1.2158692134238804,13.124908893936889,0.6947326513306221,0.5742950515829344,0.25464004532282697,0.3502715863732994,-0.06413517925034057,0.7085978523116899,0.5629498373389293,0.25932897741779454,0.33723144250021286,1.0,1.0,1.0,1.0,1.0,1.0,1.0,1.0,1.0,1.0,1.0,1.0,80.0,80.0,80.0,80.0,80.0,80.0,80.0,80.0,80.0,80.0,80.0,80.0,10,10,10,10,10,10,10,10,10,10,10,10,-1.3741862530084292,-0.0658385027877566,0.9436629381256703,-2.6576098962727803,-0.2628448159503156,2.256045915397287,-2.5626347260574027,0.057592648931146684,1.67721827535137,-0.9499428557474587,0.2421391140558935,1.5242555868527905,-1.3964414596557617,-0.025999829173088074,0.9529581069946289,-2.4822819232940674,-0.2477833330631256,2.111199378967285,-2.5183987617492676,0.046806469559669495,1.637329339981079,-1.2953622341156006,0.20359940826892853,1.5783956050872803,-1.239699475739172,1.5943173663979058,2.2726594304770282,1.0341040502937169,-0.24207314813643765,-2.1788823486010203,4.574893687732642,-0.7007334816713162,-4.200694013084132,-0.1439667216500991,3.83891529997073,-0.4716314067941807
rl_zero,117.814,1.465999999999994,0.0,0.0,0.0,0.5328774051078377,0.02224710257979961,0.17110170410301834,81.14901474500931,0.20499830145996126,-0.141291560590401,2.3509749508968465,2.1237459487889336,-2.8867799114586337,3.2280511139802797,-3.2125651692958357,-0.3315336666659593,9.681854096975886,0.6850233867698077,0.6043783949923591,0.24040419117147951,0.3281395131831416,0.33032051078683783,0.6834720158530588,0.6090236119862472,0.2389146386657725,0.3238457024883672,1.0,1.0,1.0,1.0,1.0,1.0,1.0,1.0,1.0,1.0,1.0,1.0,80.0,80.0,80.0,80.0,80.0,80.0,80.0,80.0,80.0,80.0,80.0,80.0,10,10,10,10,10,10,10,10,10,10,10,10,-2.021947488460129,0.01791526154502243,1.300038035589016,-2.4290134036987485,-0.24047413820069785,2.1352340480831877,-1.874330187637824,0.07636277080601861,1.485945109734116,-1.6777798083973998,0.2075771933645223,1.9357449561430506,-2.114223003387451,0.09776322543621063,1.3855127096176147,-2.0384693145751953,-0.16108140349388123,2.2030739784240723,-1.6046308279037476,0.07628558576107025,1.4998966455459595,-2.4866700172424316,0.032938674092292786,2.2871809005737305,-23.404745665839158,1.109717974615224,13.218131354888072,18.29296761053479,3.532425974159279,1.7318880881637555,21.074145868552407,-1.5105493579294724,-2.7835687313295336,-23.930835547688083,-4.578497596802601,21.040008202097024
rl_zero,117.818,1.4699999999999989,0.0,0.0,0.0,0.5328774051078377,0.02224710257979961,0.17110170410301834,81.14901474500931,0.20499830145996126,-0.141291560590401,2.3509749508968465,2.1237459487889336,-2.8867799114586337,3.2280511139802797,-3.2125651692958357,-0.3315336666659593,23.64681083450896,0.6850233867698077,0.6043783949923591,0.24040419117147951,0.3281395131831416,0.33032051078683783,0.6834720158530588,0.6090236119862472,0.2389146386657725,0.3238457024883672,1.0,1.0,1.0,1.0,1.0,1.0,1.0,1.0,1.0,1.0,1.0,1.0,80.0,80.0,80.0,80.0,80.0,80.0,80.0,80.0,80.0,80.0,80.0,80.0,10,10,10,10,10,10,10,10,10,10,10,10,-2.021947488460129,0.01791526154502243,1.300038035589016,-2.4290134036987485,-0.24047413820069785,2.1352340480831877,-1.874330187637824,0.07636277080601861,1.485945109734116,-1.6777798083973998,0.2075771933645223,1.9357449561430506,-2.114223003387451,0.09776322543621063,1.4522770643234253,-2.0384693145751953,-0.16108140349388123,2.2030739784240723,-1.6046308279037476,0.07628558576107025,1.4998966455459595,-2.4866700172424316,0.032938674092292786,2.2871809005737305,-23.404745665839158,1.109717974615224,13.218131354888072,18.29296761053479,3.532425974159279,1.7318880881637555,21.074145868552407,-1.5105493579294724,-2.7835687313295336,-23.930835547688083,-4.578497596802601,21.040008202097024
rl_zero,117.832,1.4839999999999947,0.0,0.0,0.0,0.5328774051078377,0.02224710257979961,0.17110170410301834,81.14901474500931,0.20499830145996126,-0.141291560590401,2.3509749508968465,2.1237459487889336,-2.8867799114586337,3.7114293267285072,-2.598988046813682,-0.42066450262978966,26.07154277607575,0.6850233867698077,0.6043783949923591,0.24040419117147951,0.3281395131831416,0.33032051078683783,0.6727612651349681,0.6339773322550875,0.234604318790994,0.30070888900285814,1.0,1.0,1.0,1.0,1.0,1.0,1.0,1.0,1.0,1.0,1.0,1.0,80.0,80.0,80.0,80.0,80.0,80.0,80.0,80.0,80.0,80.0,80.0,80.0,10,10,10,10,10,10,10,10,10,10,10,10,-2.021947488460129,0.01791526154502243,1.300038035589016,-2.4290134036987485,-0.24047413820069785,2.1352340480831877,-1.874330187637824,0.07636277080601861,1.485945109734116,-1.6777798083973998,0.2075771933645223,1.9357449561430506,-2.4154269695281982,0.09478187561035156,1.1215476989746094,-1.6273059844970703,-0.16108140349388123,2.194087505340576,-1.6046308279037476,0.0733405351638794,1.452089548110962,-2.5777697563171387,0.032938674092292786,2.3448712825775146,-23.404745665839158,1.109717974615224,13.218131354888072,18.29296761053479,3.532425974159279,1.7318880881637555,21.074145868552407,-1.5105493579294724,-2.7835687313295336,-23.930835547688083,-4.578497596802601,21.040008202097024
rl_zero,117.852,1.5040000000000049,0.0,0.0,0.0,0.5426900090241188,0.012387506922780265,0.17610585306897059,92.22503683223361,0.22944953350463027,-0.3144638445214327,2.756646135691176,2.1893773122672524,-2.2599780682533916,3.8358944244613085,-1.9813288800442266,0.2605103735594667,22.90478965607827,0.6398177112035626,0.683262011455303,0.22927113412097413,0.266872754681272,-0.12621124814634463,0.6463917811870047,0.6739640255459919,0.23071750089972215,0.27334884719405667,1.0,1.0,1.0,1.0,1.0,1.0,1.0,1.0,1.0,1.0,1.0,1.0,80.0,80.0,80.0,80.0,80.0,80.0,80.0,80.0,80.0,80.0,80.0,80.0,10,10,10,10,10,10,10,10,10,10,10,10,-2.2765459486109663,0.15266542796827576,1.2371340368547834,-1.7151089144848743,-0.13892618881850005,2.187853752074375,-1.5813370919277432,0.023410708917949385,1.472795163794915,-2.486479674585512,-0.09644073073507098,2.377552026574646,-1.685292363166809,0.16736987233161926,0.7743019461631775,-1.6273059844970703,-0.14532595872879028,2.289443254470825,-2.0156402587890625,0.11284717917442322,1.452089548110962,-2.5777697563171387,-0.2017037570476532,2.2469418048858643,2.400962311580244,-2.9739804622119914,-12.118950515104196,12.29524464522172,2.0753682887276597,1.1791082181899204,-0.2998504597493108,3.7544234180560383,-2.2094596094810246,-12.588733379389206,-4.617008385246824,-0.9792901331574435
rl_zero,117.891,1.5430000000000064,0.0,0.0,0.0,0.5488341577543692,0.004801561859262588,0.17271878646252076,94.83414399451465,0.307380290204866,-0.31159991009483085,0.13128539107357312,1.6790802365933335,-2.4032208750680746,1.0050237564892757,-2.5580947917332386,-1.0286375234211957,11.711659996661014,0.6327665692212501,0.7018747993362772,0.2225030288368516,0.23973034244971378,-0.17572333741748258,0.6327665692212501,0.7018747993362772,0.2225030288368516,0.23973034244971378,1.0,1.0,1.0,1.0,1.0,1.0,1.0,1.0,1.0,1.0,1.0,1.0,80.0,80.0,80.0,80.0,80.0,80.0,80.0,80.0,80.0,80.0,80.0,80.0,10,10,10,10,10,10,10,10,10,10,10,10,-1.4478985035261722,0.12556097994780213,0.6526942619518064,-2.3978618401121077,-0.030072601543939648,2.4305873651182868,-2.3408563324722635,0.15206923545374362,1.8605773709981719,-2.059844217244623,-0.12276914854740628,2.234495679304773,-1.321871280670166,0.07710596919059753,0.7729154825210571,-2.5422561168670654,-0.04040516912937164,2.4492568969726562,-2.7965288162231445,0.16159361600875854,1.9175143241882324,-1.7098301649093628,-0.10879364609718323,2.2546560764312744,11.262774460664387,-4.278588459660915,-3.3074645071140023,-20.379646769308703,-0.1300663657613188,2.6328163850238773,-19.7764977825507,3.2880498854960316,11.463385484545617,18.819858375451908,2.655465423370557,-1.3021782964647883
rl_zero,117.891,1.5430000000000064,0.0,0.0,0.0,0.5488341577543692,0.004801561859262588,0.17271878646252076,94.83414399451465,0.307380290204866,-0.31159991009483085,0.13128539107357312,1.6790802365933335,-2.4032208750680746,1.0050237564892757,-2.5580947917332386,-1.0286375234211957,11.711659996661014,0.6327665692212501,0.7018747993362772,0.2225030288368516,0.23973034244971378,-0.17572333741748258,0.6327665692212501,0.7018747993362772,0.2225030288368516,0.23973034244971378,1.0,1.0,1.0,1.0,1.0,1.0,1.0,1.0,1.0,1.0,1.0,1.0,80.0,80.0,80.0,80.0,80.0,80.0,80.0,80.0,80.0,80.0,80.0,80.0,10,10,10,10,10,10,10,10,10,10,10,10,-1.4478985035261722,0.12556097994780213,0.6526942619518064,-2.3978618401121077,-0.030072601543939648,2.4305873651182868,-2.3408563324722635,0.15206923545374362,1.8605773709981719,-2.059844217244623,-0.12276914854740628,2.234495679304773,-1.321871280670166,0.07710596919059753,0.7729154825210571,-2.5422561168670654,-0.04040516912937164,2.4492568969726562,-2.7965288162231445,0.16159361600875854,1.9175143241882324,-1.7098301649093628,-0.10879364609718323,2.2546560764312744,11.262774460664387,-4.278588459660915,-3.3074645071140023,-20.379646769308703,-0.1300663657613188,2.6328163850238773,-19.7764977825507,3.2880498854960316,11.463385484545617,18.819858375451908,2.655465423370557,-1.3021782964647883
rl_zero,117.906,1.558000000000007,0.0,0.0,0.0,0.5568684790501507,-0.0017077665476074508,0.1654584968071687,97.62199809851322,0.3532598191648654,-0.2357332357133681,0.9698729327079725,2.4109259078008765,-1.6390325730884248,1.9596785889010822,-2.138996202703209,-1.0495393008005638,9.101500346650091,0.6254758161012732,0.7199185615455728,0.21917056888816874,0.2060619565757743,-0.4124232972995286,0.6286171004510906,0.714127758102369,0.21920345542350506,0.21636065090155235,1.0,1.0,1.0,1.0,1.0,1.0,1.0,1.0,1.0,1.0,1.0,1.0,80.0,80.0,80.0,80.0,80.0,80.0,80.0,80.0,80.0,80.0,80.0,80.0,10,10,10,10,10,10,10,10,10,10,10,10,-1.4385239721701968,0.12106394796102382,0.6506111183885555,-2.418734469900852,-0.030329831336572077,2.43303475477747,-2.3623405014114187,0.15456360292046245,1.872767700330293,-2.0388993093577508,-0.12039086510638874,2.2319480188954977,-1.3343477249145508,0.07710596919059753,0.7729154825210571,-2.783721446990967,-0.04040516912937164,2.4478814601898193,-2.7965288162231445,0.16159361600875854,2.044987678527832,-1.7098301649093628,-0.10879364609718323,2.2546560764312744,9.37456813865563,-4.4970906033422064,-2.083146120431196,-20.873504109893517,-0.25739571985265197,2.4474105564137805,-21.48440476120655,2.4945060816557594,12.190388007253823,20.945232209170975,2.3782083737267854,-2.5470344808287497
rl_zero,117.932,1.5840000000000032,0.0,0.0,0.0,0.5607364785429197,-0.003937377293116186,0.16066882425861298,99.04605999505476,0.42150164325206024,-0.20929680997119032,1.4432395074524915,2.460572806755947,-0.8920472889436518,2.016510160414149,-1.264053646565462,-1.1489047543237243,9.570202009998392,0.6193275805265888,0.7278041597275464,0.22116806484544943,0.19447143794110427,-0.5342915012484316,0.6115812648557325,0.7368090275413833,0.2248235616501998,0.1803751078666402,1.0,1.0,1.0,1.0,1.0,1.0,1.0,1.0,1.0,1.0,1.0,1.0,80.0,80.0,80.0,80.0,80.0,80.0,80.0,80.0,80.0,80.0,80.0,80.0,10,10,10,10,10,10,10,10,10,10,10,10,-1.360161248245336,0.04235818183328366,0.717115480748431,-2.684665132228681,-0.053695765542300045,2.42251566468814,-2.6669427834919652,0.18203933827778052,2.0436509918853254,-1.7035044837865811,-0.08204309855343439,2.140317462181267,-1.337730884552002,0.03245316445827484,0.9259317517280579,-2.8484697341918945,-0.147181898355484,2.2560040950775146,-2.905439853668213,0.1813637912273407,2.060180187225342,-1.4643884897232056,-0.07000342011451721,1.8966028690338135,1.3293143104714504,-3.088571591561446,5.273273711018218,-2.7543998413902395,-4.6643497156656,-5.639012717902826,-5.074114291522154,0.13424147955896748,2.421969138900532,15.91565167006743,0.15141275244275754,-7.187773247551741
rl_zero,117.961,1.6129999999999995,0.0,0.0,0.0,0.5749853555926114,-0.013312693119122681,0.1468855627102824,103.52821842193296,0.3641293116146463,-0.35537189250082635,-0.07596413378431967,0.22341610702564607,0.15551099287248388,-0.014821491457791689,0.22960045179462923,0.2269164941201552,21.346994665797745,0.593894858125772,0.7520457956061238,0.2266919435974327,0.1741458627442525,0.01697545797578328,0.5955762291234699,0.7510020184278408,0.22584886490826186,0.17400348801109375,1.0,1.0,1.0,1.0,1.0,1.0,1.0,1.0,1.0,1.0,1.0,1.0,80.0,80.0,80.0,80.0,80.0,80.0,80.0,80.0,80.0,80.0,80.0,80.0,10,10,10,10,10,10,10,10,10,10,10,10,-1.3332204442258968,-0.0035280747297354864,0.8382354837397896,-2.684444522773039,-0.1736585176110248,2.2469105605314503,-2.6965668186692566,0.17931356439742263,2.0609524995931725,-1.4750480152132166,-0.11136223557989489,2.0132157566775923,-1.373817801475525,-0.016734644770622253,0.9259317517280579,-2.8444418907165527,-0.21746310591697693,2.115682363510132,-2.761181116104126,0.2143751084804535,1.8632586002349854,-1.2084252834320068,-0.0019212663173675537,1.9043824672698975,0.06290222520939626,-0.004097613850096771,1.622002683557053,1.4648327048816534,-2.3694239514762776,-0.09686882091152141,0.010714511649251413,1.3138317470938325,-0.37632532962861676,0.2643887674242904,-5.006300342554923,-1.6782256571728715
rl_zero,117.979,1.6310000000000002,0.0,0.0,0.0,0.5841697883680945,-0.023282612412717698,0.14880964188798154,105.13976102059908,0.28957448959361964,-0.3566039063569097,1.1494750125431081,1.2346393325294,1.3827217639066751,1.578966235694371,1.2325332402574898,-0.7623102406661019,25.86117453841408,0.583070397800578,0.75676083255346,0.24062473955637145,0.17158580429364775,0.0644429249186976,0.5838425631228193,0.7564386179533661,0.23983750005856957,0.1714830963116598,1.0,1.0,1.0,1.0,1.0,1.0,1.0,1.0,1.0,1.0,1.0,1.0,80.0,80.0,80.0,80.0,80.0,80.0,80.0,80.0,80.0,80.0,80.0,80.0,10,10,10,10,10,10,10,10,10,10,10,10,-1.164516008913699,-0.037994389659872674,0.8647812262786374,-2.6496876359397774,-0.19180401134372005,2.126074455551297,-2.6945674228428986,0.2149441663468057,1.8582620319557286,-1.2088870021379545,-0.05869888253344513,1.904937901145507,-1.020063877105713,-0.09125606715679169,0.8548864126205444,-2.776705503463745,-0.21256473660469055,2.115682363510132,-2.761181116104126,0.2143751084804535,1.7431600093841553,-1.1192834377288818,0.023347437381744385,1.8269472122192383,12.187078075345351,-2.9060346769304237,-3.342733360187487,-3.5617179337440965,0.22238341310541143,-3.1459882089596345,0.9717992198342928,-0.8823376340311346,-7.184398126219118,7.057604988882152,4.0487838897427695,-3.180395570495384
rl_zero,118.0,1.652000000000001,0.0,0.0,0.0,0.5841697883680945,-0.023282612412717698,0.14880964188798154,105.13976102059908,0.28957448959361964,-0.3566039063569097,1.1494750125431081,1.2346393325294,1.3827217639066751,1.9763717682053927,1.2603372506754282,-0.5458911985906385,16.21955016753755,0.583070397800578,0.75676083255346,0.24062473955637145,0.17158580429364775,0.0644429249186976,0.5720510660281699,0.7614992910599399,0.25104086908362616,0.1727856753929012,1.0,1.0,1.0,1.0,1.0,1.0,1.0,1.0,1.0,1.0,1.0,1.0,80.0,80.0,80.0,80.0,80.0,80.0,80.0,80.0,80.0,80.0,80.0,80.0,10,10,10,10,10,10,10,10,10,10,10,10,-1.037218136042818,-0.11598956255297654,0.8347146272403396,-2.648805473970512,-0.23457143259934732,2.0244106805740643,-2.676508045757865,0.21649375999781828,1.6967269718264308,-1.0701373636554727,0.0016512267614121612,1.809840647017463,-1.0243768692016602,-0.11160776019096375,0.8548864126205444,-2.5753369331359863,-0.24623343348503113,1.9825999736785889,-2.631974697113037,0.19195222854614258,1.5462874174118042,-0.9446415901184082,-0.01705668866634369,1.7945585250854492,0.5919319842351318,-2.64264866191173,0.6658670326534688,6.327199469145425,-3.111111921942941,-4.974015246204166,4.2275081310889195,0.823065617953983,-9.127502340410967,10.937724731107934,-0.48602331136508403,-6.115208309942119
rl_zero,118.052,1.7040000000000077,0.0,0.0,0.0,0.59628132024785,-0.03995552408737793,0.14564089977351624,111.88589963004539,0.08642709214862854,-0.17358064756640576,1.1904190391776388,1.8983806791999152,0.9374160086829648,2.14075491170453,0.031516990951048374,-0.7230905406395502,26.69870512482599,0.5311646689280964,0.7794204599375066,0.28086199992919453,0.1774383783432561,0.031570038895374145,0.5201017466994515,0.7850979054889816,0.2885826056866463,0.17272964879284444,1.0,1.0,1.0,1.0,1.0,1.0,1.0,1.0,1.0,1.0,1.0,1.0,80.0,80.0,80.0,80.0,80.0,80.0,80.0,80.0,80.0,80.0,80.0,80.0,10,10,10,10,10,10,10,10,10,10,10,10,-1.399656038293024,-0.14905080698276763,1.0634055869600436,-2.1213872612681186,-0.3504690475365848,1.8055066644682292,-2.347324070530501,0.2128713060509746,1.342315400908669,-1.1804602381294576,-0.053834022979043716,1.8001300137125646,-1.6261284351348877,-0.0705527514219284,1.2935700416564941,-1.9021761417388916,-0.34430596232414246,1.76444411277771,-2.020669460296631,0.2793552577495575,1.5462874174118042,-1.424715518951416,-0.13328129053115845,1.9914870262145996,-20.60051220812938,0.7464512922193509,11.181956822536577,20.062780396990018,-3.2253350339101807,-6.02788219037914,22.43982746574907,4.912895626116139,-11.540174127653785,-20.416334528737487,-1.0982678349345179,5.2469714937610465
rl_zero,118.052,1.7040000000000077,0.0,0.0,0.0,0.59628132024785,-0.03995552408737793,0.14564089977351624,111.88589963004539,0.08642709214862854,-0.17358064756640576,1.1904190391776388,1.8983806791999152,0.9374160086829648,2.14075491170453,0.031516990951048374,-0.7230905406395502,26.69870512482599,0.5311646689280964,0.7794204599375066,0.28086199992919453,0.1774383783432561,0.031570038895374145,0.5201017466994515,0.7850979054889816,0.2885826056866463,0.17272964879284444,1.0,1.0,1.0,1.0,1.0,1.0,1.0,1.0,1.0,1.0,1.0,1.0,80.0,80.0,80.0,80.0,80.0,80.0,80.0,80.0,80.0,80.0,80.0,80.0,10,10,10,10,10,10,10,10,10,10,10,10,-1.399656038293024,-0.14905080698276763,1.0634055869600436,-2.1213872612681186,-0.3504690475365848,1.8055066644682292,-2.347324070530501,0.2128713060509746,1.342315400908669,-1.1804602381294576,-0.053834022979043716,1.8001300137125646,-1.6261284351348877,-0.0705527514219284,1.2935700416564941,-1.9021761417388916,-0.34430596232414246,1.76444411277771,-2.020669460296631,0.2793552577495575,1.5462874174118042,-1.424715518951416,-0.13328129053115845,1.9914870262145996,-20.60051220812938,0.7464512922193509,11.181956822536577,20.062780396990018,-3.2253350339101807,-6.02788219037914,22.43982746574907,4.912895626116139,-11.540174127653785,-20.416334528737487,-1.0982678349345179,5.2469714937610465
rl_zero,118.052,1.7040000000000077,0.0,0.0,0.0,0.59628132024785,-0.03995552408737793,0.14564089977351624,111.88589963004539,0.08642709214862854,-0.17358064756640576,1.1904190391776388,1.8983806791999152,0.9374160086829648,2.14075491170453,0.031516990951048374,-0.7230905406395502,26.69870512482599,0.5311646689280964,0.7794204599375066,0.28086199992919453,0.1774383783432561,0.031570038895374145,0.5201017466994515,0.7850979054889816,0.2885826056866463,0.17272964879284444,1.0,1.0,1.0,1.0,1.0,1.0,1.0,1.0,1.0,1.0,1.0,1.0,80.0,80.0,80.0,80.0,80.0,80.0,80.0,80.0,80.0,80.0,80.0,80.0,10,10,10,10,10,10,10,10,10,10,10,10,-1.399656038293024,-0.14905080698276763,1.0634055869600436,-2.1213872612681186,-0.3504690475365848,1.8055066644682292,-2.347324070530501,0.2128713060509746,1.342315400908669,-1.1804602381294576,-0.053834022979043716,1.8001300137125646,-1.6261284351348877,-0.0705527514219284,1.2935700416564941,-1.9021761417388916,-0.34430596232414246,1.76444411277771,-2.020669460296631,0.2793552577495575,1.5462874174118042,-1.424715518951416,-0.13328129053115845,1.9914870262145996,-20.60051220812938,0.7464512922193509,11.181956822536577,20.062780396990018,-3.2253350339101807,-6.02788219037914,22.43982746574907,4.912895626116139,-11.540174127653785,-20.416334528737487,-1.0982678349345179,5.2469714937610465
rl_zero,118.074,1.725999999999999,0.0,0.0,0.0,0.598174821700624,-0.043950830941188436,0.14851876184218496,115.7547235604043,0.05325342269008541,-0.11461789734572797,1.8454012583261332,2.606694679535132,-0.5625868038401742,2.5058328370243177,-0.5104187380791818,-0.37624330466162054,0.21279638225660813,0.5061612270840969,0.7944240278296649,0.2935135763632434,0.16291426178843765,0.15295122388375468,0.5111333455928389,0.7908175676866157,0.292176089470266,0.16728242706022564,1.0,1.0,1.0,1.0,1.0,1.0,1.0,1.0,1.0,1.0,1.0,1.0,80.0,80.0,80.0,80.0,80.0,80.0,80.0,80.0,80.0,80.0,80.0,80.0,10,10,10,10,10,10,10,10,10,10,10,10,-1.399656038293024,-0.14905080698276763,1.0634055869600436,-2.1213872612681186,-0.3504690475365848,1.8055066644682292,-2.347324070530501,0.2128713060509746,1.342315400908669,-1.1804602381294576,-0.053834022979043716,1.8001300137125646,-1.938936471939087,-0.0705527514219284,1.2935700416564941,-1.9021761417388916,-0.34430596232414246,1.76444411277771,-1.6055501699447632,0.2793552577495575,1.2038369178771973,-1.8326573371887207,-0.13328129053115845,2.1675214767456055,-20.60051220812938,0.7464512922193509,11.181956822536577,20.062780396990018,-3.2253350339101807,-6.02788219037914,22.43982746574907,4.912895626116139,-11.540174127653785,-20.416334528737487,-1.0982678349345179,5.2469714937610465
rl_zero,118.085,1.7369999999999948,0.0,0.0,0.0,0.598886722077517,-0.045546993030635675,0.15153550502915625,118.15524103881059,0.023096753624259767,-0.10124101424465493,1.5900010522059778,2.2923388831427842,-1.653511435705321,2.877625747322148,-0.8312282926380384,-0.6599516829271443,13.530151426888892,0.4919032606579021,0.8057311308109641,0.2944968963292611,0.14866104078958103,0.26135064930306506,0.5061612270840969,0.7944240278296649,0.2935135763632434,0.16291426178843765,1.0,1.0,1.0,1.0,1.0,1.0,1.0,1.0,1.0,1.0,1.0,1.0,80.0,80.0,80.0,80.0,80.0,80.0,80.0,80.0,80.0,80.0,80.0,80.0,10,10,10,10,10,10,10,10,10,10,10,10,-1.8116249187346867,-0.08907170390651498,1.267826757434583,-1.6823556801986728,-0.4051917048750102,1.7440751295198247,-1.7966485708506479,0.27714831134252726,1.133191518460304,-1.6642535089389714,-0.11177316996824604,1.994139438561053,-1.938936471939087,-0.024248391389846802,1.2441887855529785,-1.5397436618804932,-0.34430596232414246,1.76444411277771,-1.6055501699447632,0.1798369288444519,1.284166932106018,-1.8326573371887207,-0.24323999881744385,2.2783327102661133,-13.402058561597961,1.8220939330999273,4.671973500480611,15.702356396756748,1.66346046740835,-0.2240098130555681,19.81625072937889,2.144849226184618,-5.600376470394708,-18.383505550121548,-3.556584246135905,8.658447145261075
rl_zero,118.11,1.7620000000000005,0.0,0.0,0.0,0.6005378315887404,-0.04835946032525862,0.15591889884159923,121.095637436076,0.12819436661796665,-0.16249748479405185,1.7088978186324548,1.5941986892509505,-1.436522643050058,2.4703021691577267,-1.123774766005674,0.7295717546789111,9.821736236112239,0.47461370228628125,0.8223663236234252,0.2862650780205269,0.1284825609882622,0.11598549006032735,0.46802834066758475,0.8277143312676932,0.28379741721140456,0.12368299854935176,1.0,1.0,1.0,1.0,1.0,1.0,1.0,1.0,1.0,1.0,1.0,1.0,80.0,80.0,80.0,80.0,80.0,80.0,80.0,80.0,80.0,80.0,80.0,80.0,10,10,10,10,10,10,10,10,10,10,10,10,-2.0370017803218285,-0.04967639691537329,1.299514318728603,-1.5531290993120521,-0.34721494469796976,1.8277496192700937,-1.6852682554206169,0.25396456860396555,1.157433700379106,-1.9789479487161046,-0.19070585785416316,2.163318641897156,-2.178553581237793,0.022924602031707764,0.9282405972480774,-1.1277554035186768,-0.21980836987495422,1.9383628368377686,-1.5933045148849487,0.19820675253868103,1.2888166904449463,-2.4963223934173584,-0.37567612528800964,2.260948419570923,-13.342742028664198,4.162804542132726,-1.613492465281522,5.5127386661050615,8.502363064119258,9.336975433650604,1.382592549690214,-3.9559747913017995,7.178492750774862,-21.860398202318223,-5.678227452439222,12.423361781149985
rl_zero,118.134,1.7860000000000014,0.0,0.0,0.0,0.6026130890302938,-0.05130173222306132,0.15670355278162829,123.3052672929356,0.11913656363938051,-0.19870076152290625,1.859573747600783,0.9906447904742177,-1.211379315658151,2.4703021691577267,-1.123774766005674,0.7295717546789111,24.284808957575162,0.4597091986639474,0.8342876563103537,0.28020337778661847,0.11881761767051979,0.0024857078428489727,0.46802834066758475,0.8277143312676932,0.28379741721140456,0.12368299854935176,1.0,1.0,1.0,1.0,1.0,1.0,1.0,1.0,1.0,1.0,1.0,1.0,80.0,80.0,80.0,80.0,80.0,80.0,80.0,80.0,80.0,80.0,80.0,80.0,10,10,10,10,10,10,10,10,10,10,10,10,-2.161724871976711,0.0019708312478847745,1.2401020808409786,-1.473415416748571,-0.26563381544179165,1.940712039424298,-1.6457036147024722,0.1855543322878166,1.2612390382824028,-2.1742564838938616,-0.25962774798234545,2.280315535390603,-2.178553581237793,0.042414769530296326,0.8106272220611572,-1.4381463527679443,-0.16700047254562378,2.1124773025512695,-1.5933045148849487,0.17478808760643005,1.4306435585021973,-2.4963223934173584,-0.37567612528800964,2.260948419570923,-2.775237135787119,2.450817187326197,-5.770375548656764,11.038543009522265,0.2208227527230613,0.8086591916574195,3.374423975521871,-3.691422541968719,4.631162015518045,-8.986571149341732,-3.2820351646222417,3.7415102653798877
rl_zero,118.152,1.804000000000002,0.0,0.0,0.0,0.6053488369504064,-0.05605982576647777,0.15833890128740746,125.26659721809672,0.11441587290389134,-0.21218845444571666,-0.14139194133169822,-0.03763426395322592,-0.8758054654534995,-1.650139815675736,-0.9750188556550001,0.3679881370779634,18.917899143685492,0.4460875597210848,0.8454463437423572,0.27186640751232655,0.1109730840389206,0.10679900564133465,0.4482020124615031,0.8447723300157858,0.2705976296747173,0.11068689750635943,1.0,1.0,1.0,1.0,1.0,1.0,1.0,1.0,1.0,1.0,1.0,1.0,80.0,80.0,80.0,80.0,80.0,80.0,80.0,80.0,80.0,80.0,80.0,80.0,10,10,10,10,10,10,10,10,10,10,10,10,-1.6279195081755011,0.07654172549297655,0.5224153999004031,-1.829722617857966,-0.1562838504310955,1.9742364040699858,-2.082171835526138,0.28830178567338915,1.648953096786415,-1.9226493817062025,-0.39611635885150953,1.9624012190784619,-1.5531843900680542,-0.0011362135410308838,0.502274215221405,-2.5338916778564453,-0.05107404291629791,2.4036364555358887,-2.1616945266723633,0.21951133012771606,1.6648808717727661,-1.7332834005355835,-0.22870227694511414,1.9554433822631836,14.583137191484061,-4.221136893102644,-6.812846986634053,-22.621704170254493,4.47541397874961,3.8529370681218116,-9.389628716986861,5.1434324689149635,6.352213819017732,11.047188644684569,5.007385259363286,-2.9441262420070284
rl_zero,118.187,1.8389999999999986,0.0,0.0,0.0,0.607610398356242,-0.06248357345933131,0.17044221578829602,124.96874506470624,0.01894267687520435,-0.10947266393241148,1.434578983364599,1.6948445439659208,-1.4641770528086422,2.2042626966503387,-1.4757062317988743,0.19454154126972542,26.574540659647443,0.45162127367888427,0.8488367395850848,0.25698431995170945,0.09733177276810848,0.4903116436440005,0.45162127367888427,0.8488367395850848,0.25698431995170945,0.09733177276810848,1.0,1.0,1.0,1.0,1.0,1.0,1.0,1.0,1.0,1.0,1.0,1.0,80.0,80.0,80.0,80.0,80.0,80.0,80.0,80.0,80.0,80.0,80.0,80.0,10,10,10,10,10,10,10,10,10,10,10,10,-1.5887107524844577,-0.013328122761246064,0.572717393301569,-2.164740387883075,-0.11819074930574036,2.0284154558656358,-2.391832642855279,0.2616210098741556,1.8453283073748583,-1.778386532512794,-0.28722202034433764,1.9566544204035967,-1.5531843900680542,-0.047743454575538635,0.7091971039772034,-2.5338916778564453,-0.14311283826828003,2.2977943420410156,-2.5120997428894043,0.21951133012771606,2.0860161781311035,-1.7332834005355835,-0.22870227694511414,1.9554433822631836,1.6122198405357802,-5.469062402358755,6.825896229788724,-23.511750392247123,2.024402343029771,5.377820117213057,-14.51834281699477,-1.4812632723627557,9.76983202948388,6.198273191776009,6.643168677262724,0.7808525222418254
rl_zero,118.19,1.8419999999999987,0.0,0.0,0.0,0.607610398356242,-0.06248357345933131,0.17044221578829602,124.96874506470624,0.01894267687520435,-0.10947266393241148,1.434578983364599,1.6948445439659208,-1.4641770528086422,2.2042626966503387,-1.4757062317988743,0.19454154126972542,20.650916537545804,0.45162127367888427,0.8488367395850848,0.25698431995170945,0.09733177276810848,0.4903116436440005,0.45162127367888427,0.8488367395850848,0.25698431995170945,0.09733177276810848,1.0,1.0,1.0,1.0,1.0,1.0,1.0,1.0,1.0,1.0,1.0,1.0,80.0,80.0,80.0,80.0,80.0,80.0,80.0,80.0,80.0,80.0,80.0,80.0,10,10,10,10,10,10,10,10,10,10,10,10,-1.5887107524844577,-0.013328122761246064,0.572717393301569,-2.164740387883075,-0.11819074930574036,2.0284154558656358,-2.391832642855279,0.2616210098741556,1.8453283073748583,-1.778386532512794,-0.28722202034433764,1.9566544204035967,-1.5531843900680542,-0.047743454575538635,0.5848565101623535,-2.5338916778564453,-0.14311283826828003,2.2977943420410156,-2.736490249633789,0.21951133012771606,2.0860161781311035,-1.3302834033966064,-0.22870227694511414,1.940119743347168,1.6122198405357802,-5.469062402358755,6.825896229788724,-23.511750392247123,2.024402343029771,5.377820117213057,-14.51834281699477,-1.4812632723627557,9.76983202948388,6.198273191776009,6.643168677262724,0.7808525222418254
rl_zero,118.207,1.8589999999999947,0.0,0.0,0.0,0.6075575126745597,-0.06393682082651907,0.18153558199045167,128.36641405881315,-0.01604218628605504,-0.030134445323638483,1.7614834911402675,1.712184723842936,-1.4229248710632658,3.1427079424560906,-1.0589531251747661,0.0351782884749092,25.902046675056337,0.4283383904751462,0.8641938474336959,0.25201812648385025,0.07862621208272304,0.44315224551294385,0.44080294308350787,0.8559763203809868,0.25522421090227093,0.08864483338162947,1.0,1.0,1.0,1.0,1.0,1.0,1.0,1.0,1.0,1.0,1.0,1.0,80.0,80.0,80.0,80.0,80.0,80.0,80.0,80.0,80.0,80.0,80.0,80.0,10,10,10,10,10,10,10,10,10,10,10,10,-1.578895651910889,-0.03746363821183962,0.6079283205475408,-2.2805020234132627,-0.11498690143880985,2.0510229126527744,-2.4464479044972496,0.2563987374882446,1.8819307886985115,-1.7547377721930184,-0.25983439923963836,1.9601349375630512,-1.3877760171890259,-0.047743454575538635,0.5848565101623535,-2.6233911514282227,-0.14311283826828003,2.2977943420410156,-2.736490249633789,0.21951133012771606,2.0860161781311035,-1.3302834033966064,-0.22870227694511414,1.940119743347168,2.1774323276866605,-4.235000118041526,7.1129999056489694,-23.66283671057183,0.9563700216424027,5.680702817628135,-8.80903916400516,-0.6756749847284298,5.869572786151763,3.842472090714373,4.8143099329636545,0.6368396267003518
rl_zero,118.235,1.8870000000000005,0.0,0.0,0.0,0.6070771325142668,-0.06458972775426142,0.1911304198081212,134.4605007502772,0.019321860655650953,-0.04779670912096571,2.354587450475859,1.043450452482436,-0.6214900781131054,2.7938916356582206,-0.08805339688386452,0.26310529843556585,10.598047294350994,0.38228794011373396,0.8882793819598223,0.24732253013678568,0.06039235477618969,0.030976959687109503,0.39909442134895656,0.8802171576816105,0.24863799017041285,0.06419149488106815,1.0,1.0,1.0,1.0,1.0,1.0,1.0,1.0,1.0,1.0,1.0,1.0,80.0,80.0,80.0,80.0,80.0,80.0,80.0,80.0,80.0,80.0,80.0,80.0,10,10,10,10,10,10,10,10,10,10,10,10,-1.3482771112610283,-0.07959680150158377,0.7036837159015121,-2.678916404643731,-0.1958162088159936,2.182086764754086,-2.6929598220565545,0.24944840229122356,2.055340915537295,-1.3114089858583444,-0.08933253551532339,1.8911682554713352,-1.3877760171890259,-0.047743454575538635,0.7203139066696167,-2.756312370300293,-0.17991185188293457,2.148953437805176,-2.833725929260254,0.22209432721138,1.9307985305786133,-1.0976862907409668,-0.04116961359977722,1.8386168479919434,-3.392262106612948,0.8318074188591904,3.037807410662557,-2.641817763622835,-1.079637427990964,-1.2226735752899405,-0.6383397976991689,-1.2048553196751972,-1.8385211371497672,1.5911492344970362,0.2008845815547713,-2.899356794949644
rl_zero,118.244,1.8960000000000008,0.0,0.0,0.0,0.6070771325142668,-0.06458972775426142,0.1911304198081212,134.4605007502772,0.019321860655650953,-0.04779670912096571,2.354587450475859,1.043450452482436,-0.6214900781131054,2.585595206543353,-0.0037451200440099253,0.3033218794120355,12.315117573589413,0.38228794011373396,0.8882793819598223,0.24732253013678568,0.06039235477618969,0.030976959687109503,0.3919841054435809,0.8836253531115635,0.2483236087438166,0.06237051994739241,1.0,1.0,1.0,1.0,1.0,1.0,1.0,1.0,1.0,1.0,1.0,1.0,80.0,80.0,80.0,80.0,80.0,80.0,80.0,80.0,80.0,80.0,80.0,80.0,10,10,10,10,10,10,10,10,10,10,10,10,-1.3482771112610283,-0.07959680150158377,0.7036837159015121,-2.678916404643731,-0.1958162088159936,2.182086764754086,-2.6929598220565545,0.24944840229122356,2.055340915537295,-1.3114089858583444,-0.08933253551532339,1.8911682554713352,-1.1965467929840088,-0.0542604923248291,0.7203139066696167,-2.6848959922790527,-0.17991185188293457,2.148953437805176,-2.833725929260254,0.22209432721138,1.9307985305786133,-1.0976862907409668,-0.04116961359977722,1.8386168479919434,-3.392262106612948,0.8318074188591904,3.037807410662557,-2.641817763622835,-1.079637427990964,-1.2226735752899405,-0.6383397976991689,-1.2048553196751972,-1.8385211371497672,1.5911492344970362,0.2008845815547713,-2.899356794949644
rl_zero,118.266,1.9180000000000064,0.0,0.0,0.0,0.607186268182036,-0.06500650941920705,0.19106160122920188,136.18013558704826,0.01063237041496512,-0.030285623047276763,3.0313516954714923,1.5717463418999233,-0.8412759157875705,3.4366479980266114,-0.21132622649524874,0.4671802912385749,16.055228522715712,0.36892655584202083,0.8946969165503584,0.24551484082002414,0.055973983661546683,-0.039759913812795304,0.3479754892398167,0.9038915597990832,0.2436256670707333,0.05039485446581596,1.0,1.0,1.0,1.0,1.0,1.0,1.0,1.0,1.0,1.0,1.0,1.0,80.0,80.0,80.0,80.0,80.0,80.0,80.0,80.0,80.0,80.0,80.0,80.0,10,10,10,10,10,10,10,10,10,10,10,10,-1.2605564148129895,-0.08475053185530346,0.7381199919631953,-2.6923967953117263,-0.22449775007133344,2.05892367451327,-2.6925393598340444,0.24688369062876792,1.8820018211243337,-1.093622577400616,-0.04712535791403294,1.799714992147539,-1.2704216241836548,-0.10876467823982239,0.7923088073730469,-2.7098336219787598,-0.2250463366508484,2.033053398132324,-2.78416109085083,0.227688729763031,1.793034553527832,-0.9074945449829102,-0.05327385663986206,1.7736213207244873,-1.5444648885897319,-1.4247133024905705,3.68141909495682,-0.7465345248527728,-0.5231693750374871,-3.3371774029985963,-0.020143330621575473,-0.9447411041875089,-7.919626389765628,3.534270347035844,0.031124984143632517,-1.2873576580041912
rl_zero,118.287,1.9390000000000072,0.0,0.0,0.0,0.6071987488603597,-0.06503565919357188,0.19101046702800362,136.382115178863,0.012493453644741536,-0.029164854709432475,3.1583586538468675,1.5736428878348991,-0.7960188103391027,3.3374142741187365,0.05419165466426374,0.5923291288170394,11.959435197158694,0.3673421699539462,0.8954198118916289,0.24536022807601893,0.05551080186747394,-0.05111332484638474,0.3225379873233814,0.9144433883521622,0.24056524627299644,0.04348446294955555,1.0,1.0,1.0,1.0,1.0,1.0,1.0,1.0,1.0,1.0,1.0,1.0,80.0,80.0,80.0,80.0,80.0,80.0,80.0,80.0,80.0,80.0,80.0,80.0,10,10,10,10,10,10,10,10,10,10,10,10,-1.2172134932798793,-0.09537739186146421,0.789159368944448,-2.6500003435032093,-0.24784111866727798,2.0124897395531356,-2.6904914573311673,0.22729206296326065,1.706641104395299,-0.9681726407697777,-0.041484371607838355,1.7413716104797068,-1.204741358757019,-0.10876467823982239,0.7704414129257202,-2.6228017807006836,-0.26390859484672546,2.033053398132324,-2.6686577796936035,0.22963091731071472,1.6507073640823364,-0.9074945449829102,0.01993080973625183,1.7025010585784912,2.352772671157375,-0.5311494052064463,0.4202879132873733,2.938366529533721,-1.492903061827544,-0.052189290475035566,-0.35318419974824966,-0.32173988925164654,-6.899126560723654,4.991198335665125,1.3678595042693509,-2.2853359990096536
rl_zero,118.309,1.9609999999999985,0.0,0.0,0.0,0.607200524863692,-0.0667337334727773,0.17411935851179597,146.5007928011324,-0.002613985434604395,-0.04467539717568726,3.1080824789581105,1.2067041869684991,-0.7732467152223891,3.296568917303722,-0.10490623629280654,0.6368875171525261,0.15196591473966503,0.2858699131789521,0.9281517932211184,0.2355440050338483,0.036491960376160176,-0.5888809069342725,0.27971910688302937,0.9303293790714908,0.23454202526736956,0.035135538483069446,1.0,1.0,1.0,1.0,1.0,1.0,1.0,1.0,1.0,1.0,1.0,1.0,80.0,80.0,80.0,80.0,80.0,80.0,80.0,80.0,80.0,80.0,80.0,80.0,10,10,10,10,10,10,10,10,10,10,10,10,-1.2131043422610688,-0.09655823561336785,0.7899972266622441,-2.6447360231168755,-0.25045681709789136,2.012877685187018,-2.6915005408929433,0.22657660608734087,1.693789164177442,-0.9594917143833905,-0.03893711444861214,1.7373915686762302,-1.204741358757019,-0.09878221154212952,0.9307186007499695,-2.3542349338531494,-0.27022063732147217,1.961348533630371,-2.575643539428711,0.18455937504768372,1.481466293334961,-0.8839601874351501,0.01993080973625183,1.631866216659546,1.960580545196752,-0.6068242577373741,0.4166547646934122,2.53198615347029,-1.2473540614627274,0.2689925552704943,-0.5477635981091504,-0.36509616069257333,-6.261893718418185,4.1393145960308075,1.238053494457736,-1.8987747709674805
rl_zero,118.34,1.9920000000000044,0.0,0.0,0.0,0.6071418663961211,-0.06728542853336111,0.1517564605277355,151.49695651625416,-0.006498382515173355,-0.003926566465567672,2.4157133908156023,0.7875301459965854,-0.7500008270356517,2.8199197309835515,-0.048891957509001376,0.5951733969769079,23.078697795493415,0.2446257038953448,0.9422375095782505,0.22712190163342347,0.027611271899370463,-0.8591383629642785,0.2540126480116256,0.9391599000844856,0.22937050019193148,0.029076285270375805,1.0,1.0,1.0,1.0,1.0,1.0,1.0,1.0,1.0,1.0,1.0,1.0,80.0,80.0,80.0,80.0,80.0,80.0,80.0,80.0,80.0,80.0,80.0,80.0,10,10,10,10,10,10,10,10,10,10,10,10,-1.2534408101352543,-0.1248666625262187,0.8667232964515019,-2.48244770320522,-0.2874253252420891,1.9530654439816644,-2.6626817309334117,0.19336242055076003,1.5463134313791969,-0.915520709385846,0.006836895467372095,1.6959354789355476,-1.5197678804397583,-0.09878221154212952,1.04511559009552,-2.3542349338531494,-0.29840731620788574,1.867002010345459,-2.4478816986083984,0.19733846187591553,1.3928067684173584,-1.111250638961792,-0.025891587138175964,1.7562005519866943,-5.468490002823233,-0.011598662585483588,5.082767354371695,12.164731795634923,-1.1315940563157787,-1.9179934906020768,4.448480887816475,1.1672187594759835,-5.283897776364604,-0.19466019939573664,-1.9693722486832637,-2.65414122167632
rl_zero,118.346,1.9980000000000047,0.0,0.0,0.0,0.6070895666591217,-0.06732860238466898,0.14639531063105632,152.39015151224785,-0.01269842653512618,-0.008504272459529397,2.533486527772176,1.0075102769869777,-0.7727854381826921,2.572469624231542,0.008603756334194624,0.6979202013290936,20.25070658068345,0.23717926512748863,0.9445999838204142,0.22537266027055441,0.02615398177392901,-0.9110633543771456,0.24340293676123667,0.9426304562300675,0.22682946382011926,0.027408533462729427,1.0,1.0,1.0,1.0,1.0,1.0,1.0,1.0,1.0,1.0,1.0,1.0,80.0,80.0,80.0,80.0,80.0,80.0,80.0,80.0,80.0,80.0,80.0,80.0,10,10,10,10,10,10,10,10,10,10,10,10,-1.4625294830896607,-0.09883145760123391,1.0177905710387494,-2.1750007841253307,-0.3096651197719611,1.8867940564638381,-2.485277183124534,0.19748229995090494,1.4168240705699677,-1.0789430012355448,-0.011451891334099074,1.7050993501884335,-1.5197678804397583,-0.08673857152462006,1.04511559009552,-2.127641201019287,-0.29840731620788574,1.867002010345459,-2.4478816986083984,0.19733846187591553,1.3928067684173584,-1.111250638961792,-0.014820769429206848,1.7562005519866943,-5.478035361899633,1.9178989211555564,4.600385778467706,9.205706988148577,-1.255249367697088,-5.143241469061122,4.978831024223757,-1.3876809592378372,-3.459247867073889,-4.8375545355614635,-0.8458257652401611,1.404300673652315
rl_zero,118.372,2.024000000000001,0.0,0.0,0.0,0.6036280738014091,-0.069071952632461,0.12535501777186264,155.8556124293061,-0.2700551900532641,-0.14366473787855102,3.229562910482391,-1.3429150377852688,-1.165056489863989,0.7242115215917971,1.8700190556830716,1.5008786980110163,20.013209266118917,0.2068463651634533,0.9545146076491676,0.21251034506178207,0.03091598687969135,-0.5294295137877685,0.21635465017938282,0.9512676065515087,0.2186098034769505,0.022144071335008668,1.0,1.0,1.0,1.0,1.0,1.0,1.0,1.0,1.0,1.0,1.0,1.0,80.0,80.0,80.0,80.0,80.0,80.0,80.0,80.0,80.0,80.0,80.0,80.0,10,10,10,10,10,10,10,10,10,10,10,10,-1.4795419767352342,-0.09071345163608324,1.0335736523599879,-2.146476885977238,-0.31444822162951613,1.8642303289433766,-2.46977491661654,0.1927295313637698,1.4056532944598974,-1.0942000076391087,-0.014485838049420607,1.7109826741944802,-1.8205479383468628,-0.06120775640010834,1.123849630355835,-1.8223447799682617,-0.3127215802669525,1.867002010345459,-2.1162402629852295,0.26738032698631287,1.2895021438598633,-1.447695255279541,-0.018735647201538086,1.9795334339141846,-3.5832238706355612,2.098250538409228,3.5835924801994348,5.532088552697527,-0.5498073540537112,-5.118664647837603,3.2657604721499687,-0.9725209521749523,-2.3968978586040746,-3.2144860581569077,-0.6585080023797714,1.5217156271898864
rl_zero,118.41,2.0619999999999976,0.0,0.0,0.0,0.6002875433243301,-0.07286963967162707,0.11829084678529614,158.49671710272267,-0.06685916789384848,-0.2148889783090982,2.1816996615862134,-0.15149756571550976,-0.20469935721090549,2.01472737714542,0.7362587705052178,0.5353143077617057,13.839679770763768,0.18160575566419843,0.9611307770652453,0.2035335668330512,0.042673950599973934,-0.17613520713963404,0.18041234915901821,0.9613754288130608,0.20343114758559847,0.04271343275170259,1.0,1.0,1.0,1.0,1.0,1.0,1.0,1.0,1.0,1.0,1.0,1.0,80.0,80.0,80.0,80.0,80.0,80.0,80.0,80.0,80.0,80.0,80.0,80.0,10,10,10,10,10,10,10,10,10,10,10,10,-1.902436278265517,-0.054197967911393086,1.1738153471511152,-1.5690029394579321,-0.2674164215172725,1.7644774738145692,-2.1097499829113904,0.30037700585701366,1.4457935853993975,-1.7786634374235186,-0.047666482688076606,1.825927680834205,-2.120358943939209,-0.00818684697151184,1.1800872087478638,-1.609548568725586,-0.20125731825828552,1.8946001529693604,-2.1423585414886475,0.19419452548027039,1.4119921922683716,-1.447695255279541,-0.2595230042934418,2.1270031929016113,-19.094714453069926,-2.5093830853172863,3.0530691348867203,13.168355977494016,5.558275499606619,6.2505074298799554,5.806479833070199,-0.9435008889014291,4.1502712850077685,-20.711394120893754,-7.0988911918627275,1.0013896294497338
rl_zero,118.41,2.0619999999999976,0.0,0.0,0.0,0.6002875433243301,-0.07286963967162707,0.11829084678529614,158.49671710272267,-0.06685916789384848,-0.2148889783090982,2.1816996615862134,-0.15149756571550976,-0.20469935721090549,2.01472737714542,0.7362587705052178,0.5353143077617057,13.839679770763768,0.18160575566419843,0.9611307770652453,0.2035335668330512,0.042673950599973934,-0.17613520713963404,0.18041234915901821,0.9613754288130608,0.20343114758559847,0.04271343275170259,1.0,1.0,1.0,1.0,1.0,1.0,1.0,1.0,1.0,1.0,1.0,1.0,80.0,80.0,80.0,80.0,80.0,80.0,80.0,80.0,80.0,80.0,80.0,80.0,10,10,10,10,10,10,10,10,10,10,10,10,-1.902436278265517,-0.054197967911393086,1.1738153471511152,-1.5690029394579321,-0.2674164215172725,1.7644774738145692,-2.1097499829113904,0.30037700585701366,1.4457935853993975,-1.7786634374235186,-0.047666482688076606,1.825927680834205,-2.120358943939209,-0.00818684697151184,1.1800872087478638,-1.609548568725586,-0.20125731825828552,1.8946001529693604,-2.1423585414886475,0.19419452548027039,1.4119921922683716,-1.447695255279541,-0.2595230042934418,2.1270031929016113,-19.094714453069926,-2.5093830853172863,3.0530691348867203,13.168355977494016,5.558275499606619,6.2505074298799554,5.806479833070199,-0.9435008889014291,4.1502712850077685,-20.711394120893754,-7.0988911918627275,1.0013896294497338
rl_zero,118.428,2.0799999999999983,0.0,0.0,0.0,0.602549184652622,-0.08334379689882639,0.1201426821648581,168.9345567603605,0.13332402866116838,-0.362583317060478,6.209247408840494,3.2941061158257305,-1.8383190204773057,4.945223346556809,-0.18097185358881376,0.7693728280380657,12.807868164312401,0.09383918910278251,0.9777934284898959,0.18607609134165448,0.02213382076187933,0.15466877625180242,0.16264195358704306,0.9650832161508799,0.2010600436155648,0.04167540879909114,1.0,1.0,1.0,1.0,1.0,1.0,1.0,1.0,1.0,1.0,1.0,1.0,80.0,80.0,80.0,80.0,80.0,80.0,80.0,80.0,80.0,80.0,80.0,80.0,10,10,10,10,10,10,10,10,10,10,10,10,-1.9205615453513065,-0.05728494109842419,1.1763697396773418,-1.556473290522531,-0.26244181279814516,1.7713068432830124,-2.103935419779372,0.29809199149462096,1.4498270730740028,-1.7985391138279736,-0.056064402000647995,1.8266058230000546,-2.177936553955078,-0.00818684697151184,0.9217525124549866,-1.4208858013153076,-0.20125731825828552,1.7868618965148926,-2.112785816192627,0.20295876264572144,1.5224201679229736,-2.312429904937744,-0.3638649880886078,2.1826212406158447,-18.1211940735816,-3.066131037850145,2.541470216410534,12.540059169106167,4.979373382078561,6.82149157145963,5.816362354056404,-2.2807091857922077,4.012539772420282,-20.40011532859593,-8.33507900659384,1.3486738548314894
rl_zero,118.45,2.102000000000004,0.0,0.0,0.0,0.6042167006149356,-0.08815675772685538,0.12157983955066856,174.04433164911157,0.10309657547842707,-0.38188222320021276,6.43494864408404,2.856897765855644,-1.6228260473077383,6.891961474907104,-1.008015646224367,1.7204336611115714,14.680838184896253,0.05109147784468896,0.9830830130842648,0.17563891024669107,0.009403376210902292,0.022385724344478344,0.09716289478731911,0.9772885522871088,0.18688389675620326,0.023256538399610182,1.0,1.0,1.0,1.0,1.0,1.0,1.0,1.0,1.0,1.0,1.0,1.0,80.0,80.0,80.0,80.0,80.0,80.0,80.0,80.0,80.0,80.0,80.0,80.0,10,10,10,10,10,10,10,10,10,10,10,10,-2.004190964587349,-0.011458270300574114,0.8234527344168434,-1.27102237320066,-0.12510007112255028,1.9394393766385818,-2.150402167336802,0.19676225247112367,1.5526442337380013,-2.2480752058902986,-0.4105964467576273,1.8640011896901214,-1.8409478664398193,-0.00818684697151184,0.6748912334442139,-1.3735780715942383,-0.0959027111530304,1.9599244594573975,-2.112785816192627,0.20295876264572144,1.7497811317443848,-2.077101469039917,-0.44175735116004944,1.8307068347930908,16.1566875512654,0.9897757665633993,-16.85338064696596,-8.96717598886754,2.820189776884776,5.269166375183921,-11.14182623865202,1.5351415994439384,8.25369518433123,10.128395786090525,-8.03191846544376,-5.443150948526722
rl_zero,118.481,2.1329999999999956,0.0,0.0,0.0,0.609719689341484,-0.10340781945673405,0.11948551289302271,173.37347849831855,0.15558557851116717,-0.3588839910709032,6.338223285817238,1.8570998506956053,-0.2712444417023001,6.889129809715862,0.5040646016032226,0.2576393001534136,0.12294331194821109,-0.05657008818405336,0.9856098072089164,0.15884909831931948,-0.011836258682124083,-0.1196256155994054,-0.05022974965340132,0.9858994881460086,0.15924618451057723,-0.010946425992901321,1.0,1.0,1.0,1.0,1.0,1.0,1.0,1.0,1.0,1.0,1.0,1.0,80.0,80.0,80.0,80.0,80.0,80.0,80.0,80.0,80.0,80.0,80.0,80.0,10,10,10,10,10,10,10,10,10,10,10,10,-1.4612607689736352,-0.015249789679250725,0.4688213921185955,-1.8304347408480837,0.031029858320157366,2.208501403391697,-2.551009088775679,0.3451074588502534,1.9129447928666803,-1.7941747422953682,-0.45061650174070245,1.7151706348823659,-1.2487834692001343,-0.043505847454071045,0.6077664494514465,-2.729276180267334,0.04375419020652771,2.5628082752227783,-2.649134874343872,0.3267616033554077,2.1103403568267822,-1.6140308380126953,-0.42408332228660583,1.692887783050537,19.88968481127069,-2.2633215285593353,-7.875497152927412,-21.608356261895196,3.6283886018648603,7.131150189937071,-11.306687229080003,5.17508035210123,9.963471869457765,13.46307874832384,1.4026298645152409,-3.7567027963030646
rl_zero,118.484,2.1359999999999957,0.0,0.0,0.0,0.6100427287165778,-0.10411950078750477,0.11924945721776663,172.67262200006587,0.16131695313692931,-0.3573408591039262,5.637512684569112,2.1204157038451545,-0.2502880713254349,6.3396331619046355,0.03311033799992539,0.21703964744668724,0.04556586908693619,-0.06257108146850647,0.9852855870791883,0.15852166581733812,-0.012963530552169478,-0.12127455254837166,-0.05965361287706586,0.9854476876324478,0.15868734780577856,-0.012354232349380101,1.0,1.0,1.0,1.0,1.0,1.0,1.0,1.0,1.0,1.0,1.0,1.0,80.0,80.0,80.0,80.0,80.0,80.0,80.0,80.0,80.0,80.0,80.0,80.0,10,10,10,10,10,10,10,10,10,10,10,10,-1.3718814665648802,-0.03023548770369011,0.44097979090659756,-1.96052953993315,0.05397968679553422,2.255214600726852,-2.5925406758769185,0.36344154686274344,1.8986726365850402,-1.7359410968204756,-0.4393373960067297,1.7039314595133526,-1.2023931741714478,-0.043505847454071045,0.6077664494514465,-2.729276180267334,0.09501396119594574,2.5628082752227783,-2.8959927558898926,0.3267616033554077,2.1103403568267822,-1.6140308380126953,-0.30856838822364807,1.7237534523010254,11.800181172013545,-2.361541208648764,-2.1434952695894345,-22.293474381387785,5.391642829439033,9.158809302530207,-7.72587327180099,-0.6614777504408567,-3.4960606546029687,7.817785193611338,2.875788405327528,-0.5374310006811365
rl_zero,118.504,2.156000000000006,0.0,0.0,0.0,0.6140198677679278,-0.11091277083562309,0.11760237070794313,166.34544042505212,0.23160770356620247,-0.42029654849503667,4.63642901992519,2.7217789529518055,-0.6109416483862248,5.1960211373648,-0.8868925135098893,0.7101816207724463,0.05367174875349568,-0.11417560529876829,0.9808634280110258,0.15419227996703389,-0.03309996289555079,-0.018979075062936134,-0.11168403918490555,0.9811219176395359,0.15457203362177188,-0.03215500801887588,1.0,1.0,1.0,1.0,1.0,1.0,1.0,1.0,1.0,1.0,1.0,1.0,80.0,80.0,80.0,80.0,80.0,80.0,80.0,80.0,80.0,80.0,80.0,80.0,10,10,10,10,10,10,10,10,10,10,10,10,-1.1042194667001048,-0.08473466268902285,0.49152474654530476,-2.4035957628651072,0.08660412079229651,2.3898005758174747,-2.697530149218643,0.3339890640998515,1.8852109171271518,-1.46749453614399,-0.32403013236138545,1.7074340699769577,-0.9815950989723206,-0.15220774710178375,0.5569276809692383,-2.736876964569092,0.013390377163887024,2.381157636642456,-2.955390453338623,0.3820636570453644,2.0317909717559814,-1.357712984085083,-0.26531490683555603,1.7065362930297852,11.485191970088009,-3.412259063783954,4.5270341590624525,-21.313173535353133,-4.873331973458082,1.2759040235602663,-1.5705943438806407,0.5744661047227915,0.05709617273477985,13.146943441121849,7.810827634355433,0.44060952722948543
rl_zero,118.524,2.176000000000002,0.0,0.0,0.0,0.619891104796825,-0.11964796239101713,0.11629753018690213,159.76221163813062,0.2833866710093404,-0.40835676446572805,4.483178887799724,1.9434177327562248,-1.1137771849658609,4.904228917032906,-0.19140083996394022,1.0139869277038722,0.04931671932004154,-0.1687955297341614,0.9739289220912061,0.1435095695578304,-0.04873938142151022,-0.1660654407702699,-0.1687955297341614,0.9739289220912061,0.1435095695578304,-0.04873938142151022,1.0,1.0,1.0,1.0,1.0,1.0,1.0,1.0,1.0,1.0,1.0,1.0,80.0,80.0,80.0,80.0,80.0,80.0,80.0,80.0,80.0,80.0,80.0,80.0,10,10,10,10,10,10,10,10,10,10,10,10,-0.9547578901936156,-0.16765634274467622,0.5941308119448419,-2.6704410216591903,-0.08033452964272847,2.239593268407525,-2.6862903033154524,0.3608816032521256,1.813165878337756,-1.2392516433493874,-0.2253027947348345,1.6644855125459381,-0.9350890517234802,-0.19535969197750092,0.5862205028533936,-2.7427475452423096,-0.10946708917617798,2.133631467819214,-2.878038167953491,0.36953094601631165,1.7568168640136719,-1.1960114240646362,-0.22034361958503723,1.6026945114135742,4.200254404277283,-3.3615143776123846,4.282469623688042,-4.884062696475667,-7.145766256822364,-12.328665051697872,-0.6379292742004852,1.8757083482665946,-5.670388359262925,6.504595485665014,3.560239106894758,-3.3672617181816595
rl_zero,118.544,2.195999999999998,0.0,0.0,0.0,0.6251354927307351,-0.12720337700111908,0.11100621326170931,154.58788826536474,0.259303329532609,-0.3913654621144975,4.269668687424587,1.774504795070698,-1.4938639125713367,4.6681815421666,0.05255876640847577,1.3475481523249981,0.04559841258730325,-0.2124977622321464,0.9667999790941365,0.13007728679796948,-0.05676619530306933,-0.3733518833354589,-0.2124977622321464,0.9667999790941365,0.13007728679796948,-0.05676619530306933,1.0,1.0,1.0,1.0,1.0,1.0,1.0,1.0,1.0,1.0,1.0,1.0,80.0,80.0,80.0,80.0,80.0,80.0,80.0,80.0,80.0,80.0,80.0,80.0,10,10,10,10,10,10,10,10,10,10,10,10,-0.9504864146746517,-0.22472053975431905,0.6715623157513484,-2.6344953077041833,-0.1974872446625362,2.004093306270736,-2.6921905991529975,0.3737377566363467,1.6546198827675642,-1.0783551012534076,-0.18013866232270104,1.57564124152083,-0.9732166528701782,-0.22818642854690552,0.6629827618598938,-2.5946309566497803,-0.221571683883667,1.941502571105957,-2.797276496887207,0.3616805374622345,1.574916124343872,-1.0073152780532837,-0.17653754353523254,1.5821373462677002,-0.39486727994921456,-2.179332356116432,2.8852410033364464,3.853773656974554,-3.5671426405173503,-9.638894836197755,-0.7705209785250329,-0.4146881021508655,-8.921895531258688,5.862954862187263,2.3894698740673697,-2.5153210450895416
rl_zero,118.564,2.215999999999994,0.0,0.0,0.0,0.6292014138446239,-0.13381385294383147,0.10913718887287571,148.66765485854845,0.1786289003891627,-0.26048844668079535,3.065720414836674,2.1581350347110013,-0.69676359398305,4.432553828344507,-1.0520888572144154,1.1555820140617712,0.048072615037761654,-0.2594461112920144,0.9559101371409041,0.11540587008291649,-0.07486661603888976,0.0012045300877848442,-0.25786624933476693,0.9563364531380619,0.11588937413864725,-0.07412987801881346,1.0,1.0,1.0,1.0,1.0,1.0,1.0,1.0,1.0,1.0,1.0,1.0,80.0,80.0,80.0,80.0,80.0,80.0,80.0,80.0,80.0,80.0,80.0,80.0,10,10,10,10,10,10,10,10,10,10,10,10,-0.9149207580557572,-0.23477447611191238,0.690121164269101,-2.515336094350152,-0.2802046664361182,1.8528063189848147,-2.6637510574095593,0.3140125227219954,1.4605569109389016,-0.957475500019596,-0.1612852099429407,1.57149086237873,-0.8630373477935791,-0.2521117329597473,0.6317843794822693,-2.4646472930908203,-0.29390954971313477,1.7958259582519531,-2.6639106273651123,0.3364918828010559,1.3445923328399658,-0.8827260136604309,-0.1372416913509369,1.5578675270080566,-0.3425226248330553,1.3995999247303361,0.05987002470116076,5.740804694192657,-1.7878907444326786,-6.758710337202132,0.9036208412597784,-2.0716233875718126,-12.19357740063214,4.69401602545396,3.274391865346365,0.31153886694522803
rl_zero,118.584,2.236000000000004,0.0,0.0,0.0,0.6320432035719434,-0.13754492336285418,0.1124624715138757,146.42063282211834,0.11122679401083017,-0.1648655405577345,1.9292445266693405,0.5035497644502684,-0.1755020660179225,2.1016323815447624,0.07912132864648216,0.09775617542978551,0.05131396327605529,-0.2788279536738782,0.9507509162439839,0.11239630649809364,-0.07546348651400403,0.12184736237627641,-0.27707059695293546,0.9512620028706101,0.11241326090135281,-0.07547015948216694,1.0,1.0,1.0,1.0,1.0,1.0,1.0,1.0,1.0,1.0,1.0,1.0,80.0,80.0,80.0,80.0,80.0,80.0,80.0,80.0,80.0,80.0,80.0,80.0,10,10,10,10,10,10,10,10,10,10,10,10,-0.9671166506112066,-0.21819064515147524,0.6909367654528253,-2.2797257407845937,-0.3401636574662028,1.7285233230087123,-2.5511134750301174,0.3158079027502172,1.2373639360646216,-0.9160500052305274,-0.12118346510655353,1.5321886572057286,-0.9914884567260742,-0.22895559668540955,0.6855872869491577,-2.1353745460510254,-0.3488616943359375,1.7168307304382324,-2.46990966796875,0.30719324946403503,1.167331337928772,-0.8297362327575684,-0.12120172381401062,1.4736768007278442,-0.4973230188519424,-1.0985628887572414,-2.0765570148943207,15.365670376743033,-1.000315705849376,-4.027259008758671,8.409131192440743,-1.7512187304139375,-10.000893058372268,-0.0607086989764003,-0.1639738239761377,-2.6584571887229314
rl_zero,118.604,2.2560000000000002,0.0,0.0,0.0,0.6334003869635306,-0.14026278366281722,0.11494336266640766,144.62338469722098,0.04443273149266841,-0.138405545212575,1.348202097454458,0.5434455023512434,0.03241578897968328,1.8047254536147852,-0.21690373730229429,0.07707367151761021,0.04671582168617281,-0.2940983454180088,0.9460754649556048,0.11235342639174546,-0.07631569569531836,0.0916589168406314,-0.2928384771885631,0.946496919746565,0.11220934302508348,-0.07614637565916771,1.0,1.0,1.0,1.0,1.0,1.0,1.0,1.0,1.0,1.0,1.0,1.0,80.0,80.0,80.0,80.0,80.0,80.0,80.0,80.0,80.0,80.0,80.0,80.0,10,10,10,10,10,10,10,10,10,10,10,10,-1.2478525927955388,-0.22840835673446414,0.796536900751212,-1.9134519337064688,-0.37912926129808344,1.626266253604971,-2.2491018366281903,0.30871393105366973,1.0163850412584008,-1.070977898977299,-0.12189006901537969,1.5466464023849884,-1.3768491744995117,-0.1810711771249771,0.9074679017066956,-1.7320780754089355,-0.3873460590839386,1.5800752639770508,-2.0833442211151123,0.2774539291858673,0.9068859815597534,-1.132277488708496,-0.1485399305820465,1.611065149307251,-12.875193781200208,-0.04973455889413181,6.082023832500998,19.75752006901272,-0.8849533269172493,-5.52224888899137,18.192450074995094,-1.4580706108621866,-11.760837672487346,-7.694318832610614,-1.2889593025865174,2.0390090253680158
rl_zero,118.624,2.2759999999999962,0.0,0.0,0.0,0.6331348387371774,-0.143900035662346,0.11837781991042545,143.4897497689179,-0.015417431009110256,-0.1886269352983702,0.578815341651868,0.5944860000595753,0.8458426013737421,0.6426408113628042,-0.8701554852458824,-0.48345912894944937,0.05006289150213345,-0.3021448183682469,0.9425477236177869,0.11609911971203798,-0.08266372746396727,0.18013560309918078,-0.3021448183682469,0.9425477236177869,0.11609911971203798,-0.08266372746396727,1.0,1.0,1.0,1.0,1.0,1.0,1.0,1.0,1.0,1.0,1.0,1.0,80.0,80.0,80.0,80.0,80.0,80.0,80.0,80.0,80.0,80.0,80.0,80.0,10,10,10,10,10,10,10,10,10,10,10,10,-1.6674337260848446,-0.2335557074329735,1.0298244423530445,-1.567313431658727,-0.37192790287563593,1.5697686530170536,-1.8806365093170632,0.285247814586298,0.8240359799168484,-1.4943392532825044,-0.1489200860703761,1.763127374548814,-1.88777756690979,-0.1533697098493576,1.1658523082733154,-1.4183884859085083,-0.36525020003318787,1.6118888854980469,-1.6172317266464233,0.24513530731201172,0.7776473760604858,-1.701674222946167,-0.21090710163116455,1.9547765254974365,-22.321954992205406,1.7014986920124666,14.117864631566585,15.221270994549592,1.8198514029129726,0.34329548303398744,21.604125718066904,-1.4282406547303292,-8.530844953178534,-22.75723099456514,-4.08414640439392,14.424647350725694
rl_zero,118.644,2.2960000000000065,0.0,0.0,0.0,0.6329185005117848,-0.14798532140952977,0.12174297427116179,143.6193252992394,-0.011319584440166482,-0.2388685282110972,-0.7081810374215279,-0.25228874985537947,1.0978259547643883,-0.6608597217554251,-0.6891966798117249,-0.8163550309294884,0.05413291841306116,-0.2997118942396826,0.9418173191900144,0.12460774540807931,-0.08732598415884825,0.16765922885074233,-0.3001094257059438,0.9417681900322508,0.12408393384939898,-0.08723638120810052,1.0,1.0,1.0,1.0,1.0,1.0,1.0,1.0,1.0,1.0,1.0,1.0,80.0,80.0,80.0,80.0,80.0,80.0,80.0,80.0,80.0,80.0,80.0,80.0,10,10,10,10,10,10,10,10,10,10,10,10,-2.076071311436518,-0.19395201906136883,1.2664722089689597,-1.2396924522931458,-0.31158357423154026,1.6145505384319616,-1.4827412644979647,0.24723050744645914,0.7394699249036254,-1.9585415403676478,-0.2467820163176544,2.074380809851146,-2.360157012939453,-0.11442789435386658,1.2771201133728027,-1.0620381832122803,-0.29690536856651306,1.740931749343872,-1.2720561027526855,0.19876927137374878,0.8169571757316589,-2.2665934562683105,-0.3060131072998047,2.1900477409362793,-21.137775710713143,4.73412393683355,8.447530246130867,16.58284114080844,4.730035777580358,5.216357929020399,18.88745821533474,-2.526221730752626,-0.4956195561466461,-25.439165770535503,-6.102806295597247,15.895415087743663
rl_zero,118.672,2.323999999999998,0.0,0.0,0.0,0.6323491428465704,-0.15368777498169556,0.12362032817264272,145.00373926602748,-0.03684671133549001,-0.27985354494910025,-0.9712058846264796,-2.1480928586161494,0.29944270371442183,-2.2486236874691525,1.3304274297158072,-1.2332394630585803,12.483147392969922,-0.2907406269649014,0.9441676239719238,0.1346931165005753,-0.07664952734772994,-0.006946915515681114,-0.2839619613578187,0.9462963666925195,0.13870696803064997,-0.06818480700347926,1.0,1.0,1.0,1.0,1.0,1.0,1.0,1.0,1.0,1.0,1.0,1.0,80.0,80.0,80.0,80.0,80.0,80.0,80.0,80.0,80.0,80.0,80.0,80.0,10,10,10,10,10,10,10,10,10,10,10,10,-2.512415413225554,-0.07050851443815365,1.2238711150719954,-0.9742733109671526,-0.23604815395342982,1.7561732699099224,-1.2000986869779249,0.1530411378524752,0.7818814949612323,-2.42408623092299,-0.43058229707957274,2.2079617354295635,-2.6563000679016113,-0.027684882283210754,1.115962028503418,-0.8260034918785095,-0.2254945933818817,1.8001689910888672,-1.1380269527435303,0.12383034825325012,0.8214012980461121,-2.6022286415100098,-0.48793360590934753,2.1663291454315186,-16.71634069971751,7.541250350777361,-10.710449196466076,8.011347974933907,2.98631158202926,6.898171539451899,7.264146345971132,-4.861011383033501,3.5331332237231496,-18.79157121244507,-8.61234661717544,-1.3531857834961558
rl_zero,118.686,2.338000000000008,0.0,0.0,0.0,0.6316210856886213,-0.16030505725543312,0.11879372442469735,149.02153409463185,-0.04497128892043269,-0.23778030784948712,-2.6069429396835635,-2.8335445599460787,0.06958103404106897,-2.4208919128047857,1.6987787783651191,-0.8375896385355965,7.430027436420789,-0.2619828959607652,0.952498707567756,0.14637833970602088,-0.051812700862573,-0.33892495804668393,-0.2556126224634263,0.9543400675393666,0.1478730500183594,-0.04506421867285113,1.0,1.0,1.0,1.0,1.0,1.0,1.0,1.0,1.0,1.0,1.0,1.0,80.0,80.0,80.0,80.0,80.0,80.0,80.0,80.0,80.0,80.0,80.0,80.0,10,10,10,10,10,10,10,10,10,10,10,10,-2.6787299934015714,0.0020017649607906307,1.0859379032147007,-0.9162167645318187,-0.22501260676054802,1.8638190066459437,-1.1256199348778022,0.09353370740652789,0.8532153110034395,-2.608522958279444,-0.5020166621363309,2.1591945052781387,-2.6129961013793945,0.20004451274871826,0.7497879862785339,-0.8678069114685059,-0.17460158467292786,1.9982624053955078,-0.9931045770645142,0.08954037725925446,0.8995267152786255,-2.6189393997192383,-0.7119660377502441,1.5991857051849365,-1.2056449251245285,0.16761016429689501,-1.0131758766407035,-0.020537284066155514,0.1635060222077449,2.176060241387556,1.1440672718288938,0.09640962945990017,2.0300767289352057,-1.4398617909135587,0.9987992542629338,-1.194914827272817
rl_zero,118.707,2.3589999999999947,0.0,0.0,0.0,0.6311954686803947,-0.16216783889321615,0.1158098032961943,150.2043946157422,-0.057131790962059226,-0.23584517047873063,-1.8699351728011497,-2.5368644303147168,-0.05203728563231997,-3.89720695034561,1.377399132302956,-1.1829489590285314,0.23988679217406794,-0.25349157014835555,0.9549274624382182,0.14837562457706616,-0.042898011333763815,-0.4054017939167735,-0.24398679452174618,0.9573325414603064,0.15073482516888362,-0.035550831797021724,1.0,1.0,1.0,1.0,1.0,1.0,1.0,1.0,1.0,1.0,1.0,1.0,80.0,80.0,80.0,80.0,80.0,80.0,80.0,80.0,80.0,80.0,80.0,80.0,10,10,10,10,10,10,10,10,10,10,10,10,-2.6165398433644453,0.0917254225420514,0.8725378716588672,-0.9298993733160001,-0.18380493924819508,1.9440588216539325,-1.0381120444302816,0.08486019850664839,0.8618038570480131,-2.598089002628398,-0.6469836575693444,1.9919991821013951,-2.0618960857391357,0.20004451274871826,0.47639501094818115,-1.6615164279937744,-0.09189751744270325,2.500782012939453,-0.9931045770645142,0.11416670680046082,1.1914658546447754,-2.1032400131225586,-0.7119660377502441,1.5991857051849365,1.3690422505701996,4.247027871715306,-13.797655151002823,-3.301232757592392,6.150832171339665,8.519926421016939,3.459308426170647,-0.09801030441936565,2.371673755520718,-1.4760133943937639,-8.965163561833123,-10.91169759521705
rl_zero,118.724,2.3760000000000048,0.0,0.0,0.0,0.6280064069150556,-0.16731067475443834,0.10491557673293297,158.48276455312796,-0.11513954229422017,-0.3145761698718235,-3.7000025368389076,-2.5831892939623415,1.832202907557469,-4.25112999995921,0.5779167104049706,-2.220850804938333,0.052881247991324994,-0.18538711787684675,0.9693385520744549,0.15980115712413753,-0.021862711846931226,-0.6211152135789411,-0.1884084902129713,0.9688131156781045,0.15939173406354865,-0.022308357581130922,1.0,1.0,1.0,1.0,1.0,1.0,1.0,1.0,1.0,1.0,1.0,1.0,80.0,80.0,80.0,80.0,80.0,80.0,80.0,80.0,80.0,80.0,80.0,80.0,10,10,10,10,10,10,10,10,10,10,10,10,-2.191550361141462,0.26953335411001156,0.5055089678327214,-1.5083178398792354,-0.020531491980804617,2.3715817717023846,-1.3686632207886413,0.21035855273045634,1.1991674363788691,-2.2379520452153123,-0.6966460874277063,1.6340257432362648,-1.770526647567749,0.2662452161312103,0.45154857635498047,-1.9713938236236572,0.02524559199810028,2.5734055042266846,-1.5010913610458374,0.10820502042770386,1.470989465713501,-2.0511882305145264,-0.6133277416229248,1.4329006671905518,21.645870025564392,-2.9941514195032477,-12.788413855970225,-26.660751492987096,2.209652171593351,20.794756732775248,-8.525408410069794,-23.837765257429222,17.224514081791128,20.06210898165623,4.22333541803492,-19.159070304075044
rl_zero,118.744,2.396000000000001,0.0,0.0,0.0,0.6253343397015559,-0.16938508234505406,0.09770310383998304,160.46680581974078,-0.0865450926025542,-0.22505153191377777,-0.19593980852260307,-2.234189366106859,0.9991920215674053,-1.4252755596928162,1.4690396991548769,-1.5073900942992813,0.056609489024270765,-0.16921068335334724,0.9710167448242626,0.1683759264266512,-0.011990550861105663,-0.39881300749661847,-0.16921068335334724,0.9710167448242626,0.1683759264266512,-0.011990550861105663,1.0,1.0,1.0,1.0,1.0,1.0,1.0,1.0,1.0,1.0,1.0,1.0,80.0,80.0,80.0,80.0,80.0,80.0,80.0,80.0,80.0,80.0,80.0,80.0,10,10,10,10,10,10,10,10,10,10,10,10,-1.7650735400925637,0.20827353928049064,0.3866086623839182,-1.9139392488536542,0.1605934307699437,2.500261509718362,-1.706779389196389,-0.01982714518876172,1.627324845865627,-1.9393568494021762,-0.6046284747707569,1.3996289401609037,-1.5800197124481201,0.24022918939590454,0.5103317499160767,-2.234694242477417,0.11357545852661133,2.6927614212036133,-1.9233872890472412,0.262951523065567,1.843531608581543,-1.8103209733963013,-0.557267427444458,1.4274520874023438,17.20571403310385,-4.948109120335251,1.536067617839217,-22.68572646431271,8.0445999577039,6.08802007979007,-17.261750005819902,0.628919558431525,18.81007350936922,12.56624204132752,8.629189019149026,-6.250362884078413
rl_zero,118.764,2.415999999999997,0.0,0.0,0.0,0.6244714956714771,-0.17157933328774475,0.09740031661245928,161.69476481476948,0.007794239612207564,-0.07192395665375831,-0.827642468746004,0.8570094051355898,0.6096273183553106,-0.45655990593871587,-1.231341869710519,-0.25778459231490025,0.05159995726192855,-0.1588731362795528,0.9714780493128311,0.1758658341063634,-0.007806065981542935,0.23311041759543974,-0.1588731362795528,0.9714780493128311,0.1758658341063634,-0.007806065981542935,1.0,1.0,1.0,1.0,1.0,1.0,1.0,1.0,1.0,1.0,1.0,1.0,80.0,80.0,80.0,80.0,80.0,80.0,80.0,80.0,80.0,80.0,80.0,80.0,10,10,10,10,10,10,10,10,10,10,10,10,-1.5313652045275123,0.19215988186399535,0.5181652553641598,-2.3329742951692287,0.24007282767100335,2.6143878245927343,-2.029447244375663,0.07193816723239443,1.6597460320399833,-1.681928998239755,-0.5423026351269442,1.4016284097442808,-1.452928066253662,0.1556791365146637,0.6130829453468323,-2.630427122116089,0.10408994555473328,2.805356025695801,-2.3700873851776123,0.24486932158470154,2.030035972595215,-1.5354503393173218,-0.45517703890800476,1.4248359203338623,9.020806205681176,-1.579329244811073,9.52479915885578,-20.979864747949755,1.4822966028800753,6.506484384723982,-25.4869296576613,3.672248953178778,2.4126317048677843,15.023438540466017,2.4051231881312547,3.2436406923546692
rl_zero,118.784,2.436000000000007,0.0,0.0,0.0,0.6252148890961551,-0.17361445632942352,0.10458861019626574,161.37106191467876,0.05111027149769403,-0.13023599064929361,-0.08222215056251095,2.393027854178578,0.6347733962511415,0.9311368152220074,-2.210801309565282,0.10405607459910177,0.0477724746109058,-0.159757562124844,0.9704109557111834,0.1791819578850095,-0.02596005293000605,0.43985682751541766,-0.15958875211469162,0.9704906997763536,0.17907330139917887,-0.0247383219333449,1.0,1.0,1.0,1.0,1.0,1.0,1.0,1.0,1.0,1.0,1.0,1.0,80.0,80.0,80.0,80.0,80.0,80.0,80.0,80.0,80.0,80.0,80.0,80.0,10,10,10,10,10,10,10,10,10,10,10,10,-1.3255247615534778,0.14201710920026045,0.648805727657253,-2.63609126041188,0.23705008894034396,2.688799385470272,-2.491892520932626,0.11077942585820377,1.7454268272557414,-1.4718021361195213,-0.48426558838664846,1.4551861052721016,-1.241520643234253,0.07086220383644104,0.6294535994529724,-2.8882884979248047,0.06516093015670776,2.803609609603882,-2.846801280975342,0.21899321675300598,2.156177520751953,-1.4316705465316772,-0.3815504014492035,1.3352057933807373,11.70055335399445,-3.7549026273763273,4.5191808374693645,-9.44962611367327,-1.5449795107926443,2.8136224770109246,-23.502810837355067,0.21184870151203095,7.304054566490512,8.497527773249299,4.055975888502277,0.6309937531789989
rl_zero,118.804,2.456000000000003,0.0,0.0,0.0,0.6267034800462388,-0.17637944272037454,0.11441423213383115,159.77418688019304,0.11288665202096096,-0.1527850564793506,0.5438967038075838,3.2143914027207416,0.5628412467345338,1.5955390182974816,-2.8298512193496137,0.3719652785735076,0.048772515285110486,-0.16704060055384418,0.9677443985711982,0.18066394284308526,-0.05411798737084526,0.505210797901383,-0.16650405770041507,0.9679257552365039,0.18064676833019833,-0.05256306888867769,1.0,1.0,1.0,1.0,1.0,1.0,1.0,1.0,1.0,1.0,1.0,1.0,80.0,80.0,80.0,80.0,80.0,80.0,80.0,80.0,80.0,80.0,80.0,80.0,10,10,10,10,10,10,10,10,10,10,10,10,-1.1276553851583015,0.05586443697035648,0.7088714865042904,-2.6958074784110444,0.1931277655485717,2.7265553842459713,-2.696924968812005,0.15289836880445318,1.8854307097584062,-1.4045841994649617,-0.41042034198091226,1.4434031597046406,-1.0410962104797363,0.005721062421798706,0.7259955406188965,-2.976896047592163,0.07932603359222412,2.7250242233276367,-3.100243091583252,0.21910247206687927,2.1354610919952393,-1.4117348194122314,-0.3655509650707245,1.3913276195526123,9.435345212847693,-4.8888748226107746,2.7590926287494186,0.19513312188722454,-3.42238968919748,0.49490016021229266,0.09769831875614798,2.789228556154999,7.9233053433075185,0.920976063296751,3.1385533041386506,-1.1378375025193908
rl_zero,118.824,2.475999999999999,0.0,0.0,0.0,0.6295814053414819,-0.1793632412477442,0.12396892898266967,156.92323206903933,0.1664607190987246,-0.11879851771327601,1.2562232972530538,3.156926723197539,-0.21249990014511932,2.245012935607,-2.338759674968226,0.8990403917449719,0.04770510305666599,-0.18078493216833869,0.9635220648427819,0.17780743256107734,-0.08559530237127085,0.3710046757844037,-0.17988971349599728,0.9637504387616428,0.17814114856002342,-0.0842051895953251,1.0,1.0,1.0,1.0,1.0,1.0,1.0,1.0,1.0,1.0,1.0,1.0,80.0,80.0,80.0,80.0,80.0,80.0,80.0,80.0,80.0,80.0,80.0,80.0,10,10,10,10,10,10,10,10,10,10,10,10,-0.9630095147714748,-0.04526190089209514,0.7462644460718453,-2.68458043645834,0.07899368370763238,2.6305381578219578,-2.686144864385292,0.23315721624470598,2.002928854983063,-1.3126264497235223,-0.32798617639022254,1.424145131690957,-0.7201776504516602,-0.10900843143463135,0.7145408391952515,-2.8780765533447266,0.029181048274040222,2.5006706714630127,-3.033189058303833,0.28211870789527893,1.9904556274414062,-1.2126346826553345,-0.27379947900772095,1.533997654914856,6.184682807953459,-5.703083430269734,0.8418011366932638,0.2816838019627568,-8.056336348696,-10.779716684616808,0.2091744107304776,4.998950554640191,1.5352624008990032,7.085313895770215,6.197099488970191,2.0636409521977344
rl_zero,118.844,2.495999999999995,0.0,0.0,0.0,0.6328236030585355,-0.1813669414054912,0.12914123032791694,153.57530142517484,0.1601814239844829,-0.09205117455174015,1.8911169756655835,2.5014899925555993,-0.9634996138472438,2.79013382870556,-1.2193798754678107,1.220808355806554,0.05277871767911905,-0.201657610655399,0.9588344782688957,0.1685124536306877,-0.10758347604969744,0.16289720035320432,-0.201657610655399,0.9588344782688957,0.1685124536306877,-0.10758347604969744,1.0,1.0,1.0,1.0,1.0,1.0,1.0,1.0,1.0,1.0,1.0,1.0,80.0,80.0,80.0,80.0,80.0,80.0,80.0,80.0,80.0,80.0,80.0,80.0,10,10,10,10,10,10,10,10,10,10,10,10,-0.9161087396142733,-0.1530658754482701,0.753362419971312,-2.6843345055264347,-0.06790960256092848,2.387426169937843,-2.687140488602677,0.29315559037935746,1.9514807976925326,-1.2070594174249694,-0.19783534024859506,1.4908341600018806,-0.7008504867553711,-0.20332098007202148,0.7200219035148621,-2.746516466140747,-0.105884850025177,2.2206032276153564,-2.866201877593994,0.29522207379341125,1.8687748908996582,-1.1682868003845215,-0.14523586630821228,1.5321099758148193,-0.04622100971789256,-5.6935952788056685,-0.15551256572406968,-0.018903297078896486,-7.9801906378010745,-16.31480056731865,-0.375968892171036,1.830915349321248,-6.574426978318632,4.441074409001393,8.000866427432218,3.7026070880941715
rl_zero,118.864,2.5160000000000053,0.0,0.0,0.0,0.635693323905642,-0.18348364635966707,0.1306785539142918,149.90699091932404,0.13035355063835388,-0.12337813604961054,2.357122473032809,2.4792855011292168,-1.2002065637450077,3.4071345697335595,-0.8660290250842824,1.290015739356431,0.05748165398553042,-0.22692302235056858,0.9530683624300205,0.15577868726398278,-0.12609377088719587,0.030362719384918867,-0.2255306110779724,0.9533970688887091,0.15648306738111437,-0.12523187343568706,1.0,1.0,1.0,1.0,1.0,1.0,1.0,1.0,1.0,1.0,1.0,1.0,80.0,80.0,80.0,80.0,80.0,80.0,80.0,80.0,80.0,80.0,80.0,80.0,10,10,10,10,10,10,10,10,10,10,10,10,-0.9198305243377227,-0.24846170457955985,0.7388366817711116,-2.644360116065113,-0.19702676955413612,2.1076601535635717,-2.6903261653277672,0.302978030626341,1.7893034869450695,-1.0720010954319665,-0.09324841370467407,1.5421008476071982,-0.7257308959960938,-0.2424478530883789,0.7506555914878845,-2.600397825241089,-0.23824647068977356,1.9896948337554932,-2.7473392486572266,0.2876403331756592,1.6694352626800537,-0.9669440984725952,-0.07874496281147003,1.6439058780670166,-0.1557299300599757,-3.7660604069762766,-0.7172605133543486,4.637347148176756,-6.910197048436389,-13.70753996365267,-0.15964361615734646,-0.09800043465036179,-11.057593747588427,8.19549619665873,4.635492210421875,3.7451164060194038
rl_zero,118.884,2.5360000000000014,0.0,0.0,0.0,0.6387256027504883,-0.1862562165431953,0.13039585104272783,145.92332919457797,0.09649641804694682,-0.15193476010781357,2.5491099563816766,2.007387177797592,-1.1202480482839856,3.299621017523573,-0.5299751225860279,1.0062866641076393,0.049174355206127465,-0.25694266657450177,0.9455662888044768,0.14159330671344977,-0.14084102763067355,-0.059202816779794054,-0.2555161092857229,0.9459544345596105,0.1422011137346015,-0.14021615058591924,1.0,1.0,1.0,1.0,1.0,1.0,1.0,1.0,1.0,1.0,1.0,1.0,80.0,80.0,80.0,80.0,80.0,80.0,80.0,80.0,80.0,80.0,80.0,80.0,10,10,10,10,10,10,10,10,10,10,10,10,-0.9267861608704226,-0.28507968405560025,0.7389213572296764,-2.4229940524371782,-0.3117943577718636,1.868233294908837,-2.6204083977223167,0.2871842012459096,1.5553085050764146,-0.9438107445155497,-0.04381523241061824,1.6231452625957505,-0.8618000745773315,-0.23989106714725494,0.7842486500740051,-2.2698848247528076,-0.32558637857437134,1.784240961074829,-2.5611581802368164,0.2561732828617096,1.449251413345337,-0.9125758409500122,-0.0492483526468277,1.623424768447876,-0.20056273113664502,0.047108037416168536,0.7670111707039818,16.007577228456185,-3.735820643934197,-10.246275931434798,5.9574933444028275,-2.2025999492264567,-11.61028765345952,3.8376393902758537,0.2991450414253016,3.3203818835645524
rl_zero,118.904,2.5559999999999974,0.0,0.0,0.0,0.6402064291526763,-0.18854975011066175,0.13033200483197654,143.80187737952284,0.053292116552449975,-0.07779916221330771,1.3658238285558661,-0.5724080843131476,-0.635762631893565,1.4211726799095785,1.0488870372481858,-0.1969241188642141,0.05146538948060621,-0.27641549562252377,0.9408024936084175,0.13557470229434967,-0.1417908385536119,0.021987120372716083,-0.2757942497932992,0.9408983230092063,0.13565893650677613,-0.1422832754938735,1.0,1.0,1.0,1.0,1.0,1.0,1.0,1.0,1.0,1.0,1.0,1.0,80.0,80.0,80.0,80.0,80.0,80.0,80.0,80.0,80.0,80.0,80.0,80.0,10,10,10,10,10,10,10,10,10,10,10,10,-1.1363256960251675,-0.27417056123544903,0.8457978559441939,-2.0682345536545643,-0.36491455667513684,1.6802184325005882,-2.3625078725787283,0.2764428925329332,1.3103748375455258,-1.086915094901375,-0.046739757527133996,1.7116442287312905,-1.2454642057418823,-0.2108505368232727,0.9165376424789429,-1.8168509006500244,-0.3643985092639923,1.6148936748504639,-2.19311261177063,0.2421766221523285,1.2074353694915771,-1.199963927268982,-0.08378440141677856,1.7331318855285645,-10.58846481171398,1.4246678060493647,5.233571048705643,21.844755324898905,-1.0002832975626823,-9.580181038639108,17.69260117757759,-1.598340031217871,-12.478040131123906,-10.420319119227079,-2.1637519787717574,2.8135034865242985
rl_zero,118.924,2.5760000000000076,0.0,0.0,0.0,0.6405400387868374,-0.1907794923712039,0.13079609425969044,143.7759066769888,0.005463392021539894,-0.13365806082349108,0.5516396044810402,-0.761777418298684,-0.09934747375105198,0.550696923973534,0.6733146195639995,-0.4547585621618422,0.05071985932660789,-0.2811634405054767,0.9406617041806398,0.13605697902452218,-0.13263173251457808,0.016002436805270324,-0.28095017651631266,0.9406815014543534,0.13595993189747393,-0.133042128874542,1.0,1.0,1.0,1.0,1.0,1.0,1.0,1.0,1.0,1.0,1.0,1.0,80.0,80.0,80.0,80.0,80.0,80.0,80.0,80.0,80.0,80.0,80.0,80.0,10,10,10,10,10,10,10,10,10,10,10,10,-1.5034272832980484,-0.2352879010419464,1.0303197574056364,-1.6774784050250195,-0.3513112367110951,1.5517396968755932,-2.012901201559097,0.24769959275912257,1.1029587819731557,-1.4918117808669002,-0.07720071592329525,1.8752221671347264,-1.7432804107666016,-0.15144938230514526,1.141555666923523,-1.4598417282104492,-0.3481288254261017,1.5539491176605225,-1.7378332614898682,0.21037256717681885,1.0204660892486572,-1.7231504917144775,-0.12128007411956787,2.032135248184204,-22.792054595473992,3.5331577113205594,11.676420282244166,19.80113393141138,1.208110327342595,-4.596545493816713,20.86383187486721,-1.5193278451786414,-10.58394176057567,-24.568053255840088,-2.5790672629527367,11.819182204229254
rl_zero,118.944,2.5960000000000036,0.0,0.0,0.0,0.6405813821961807,-0.19387835322222197,0.13105265833998758,144.48406439065835,-0.0033489371017350004,-0.1792657150688564,-0.33627588173749556,-1.1954437859118443,0.16102449146775905,-0.5133564268042115,0.6531320965899237,-0.5782468942493187,0.04863143840507033,-0.2793763699891664,0.9420705049744486,0.13957131499438566,-0.12235953407724981,0.018700538640843593,-0.2800134858575008,0.9417944416832543,0.13888311070443796,-0.12380290349388985,1.0,1.0,1.0,1.0,1.0,1.0,1.0,1.0,1.0,1.0,1.0,1.0,80.0,80.0,80.0,80.0,80.0,80.0,80.0,80.0,80.0,80.0,80.0,80.0,10,10,10,10,10,10,10,10,10,10,10,10,-1.9226461355936166,-0.1712180544934334,1.2271794303293948,-1.3302330837861032,-0.2889616212332582,1.5487741132565418,-1.605589754158359,0.2121815159486431,0.9562514361658501,-1.94801639813139,-0.16161627018505875,2.1141919207458493,-2.259624719619751,-0.09450612962245941,1.2428672313690186,-1.139046549797058,-0.26588672399520874,1.6996979713439941,-1.3583139181137085,0.17982074618339539,0.9764447212219238,-2.2701196670532227,-0.22702214121818542,2.216646432876587,-22.376438641910138,3.0500027648281343,8.170185884414774,16.665719706743733,5.343736646901673,4.712349559800387,20.67823066969332,-2.0805330290086257,-4.751338064581302,-25.82215494332357,-6.390184889678703,12.947075046646766
rl_zero,118.964,2.6159999999999997,0.0,0.0,0.0,0.6401791668586766,-0.19806195236431,0.1302448482833622,145.64064469342532,-0.036650741203300925,-0.22173126216638533,-0.035415717626695,-2.3768961122697805,-0.4490849303053932,-0.7520122898460673,2.136250540876989,-0.7631684351314658,0.06166213495396332,-0.2764246470873381,0.9446400724917721,0.14287115859729368,-0.10407872004616119,-0.09586964614034812,-0.27658762266428033,0.9444787060319518,0.14275649014018157,-0.10526084440088936,1.0,1.0,1.0,1.0,1.0,1.0,1.0,1.0,1.0,1.0,1.0,1.0,80.0,80.0,80.0,80.0,80.0,80.0,80.0,80.0,80.0,80.0,80.0,80.0,10,10,10,10,10,10,10,10,10,10,10,10,-2.348125454330951,-0.07603535838639441,1.238690935406579,-1.0492486804124077,-0.20053471639448617,1.682524200913588,-1.2858008245686294,0.13957988164485435,0.9107581792759252,-2.384457515647613,-0.3189161813263084,2.2354169754516313,-2.603890895843506,-0.02262537181377411,1.134627103805542,-0.9359509348869324,-0.18269068002700806,1.7912309169769287,-1.1782851219177246,0.09665562212467194,0.9360655546188354,-2.6352243423461914,-0.3914550840854645,2.2025227546691895,-21.27410168117902,6.165205310517547,-6.7130670770584135,12.014023777636297,4.828345657827103,8.270538818057318,11.13000678855203,-4.738024526328734,-0.28072512854910325,-20.994391471568917,-8.96736794459845,0.3106255050745266
rl_zero,118.987,2.638999999999996,0.0,0.0,0.0,0.6384202544874968,-0.20551291806362643,0.12107793776549673,149.36462183455794,-0.05411689100819012,-0.21967510848750968,-2.302433550589242,-3.5822507984890937,-0.23891890330784332,-2.3294758963721454,2.781572719030984,-1.0744004470934638,6.5932186939275015,-0.25892539679832755,0.9530796406308084,0.14782750872562067,-0.052381916458398105,-0.4561141482209782,-0.26842445728140946,0.9499940469919449,0.14565224523074233,-0.06515400887352134,1.0,1.0,1.0,1.0,1.0,1.0,1.0,1.0,1.0,1.0,1.0,1.0,80.0,80.0,80.0,80.0,80.0,80.0,80.0,80.0,80.0,80.0,80.0,80.0,10,10,10,10,10,10,10,10,10,10,10,10,-2.5836984518592274,0.07870401178188402,0.8542122958678728,-0.9159475651908773,-0.13373015036988534,1.9080899874025175,-1.0895572252025039,0.032932317169361625,0.93599854466094,-2.6204570191333776,-0.594823755591797,1.979402399756367,-2.5781922340393066,0.07949692010879517,0.7894818782806396,-0.8835471868515015,-0.1322045624256134,1.8955812454223633,-1.057023286819458,0.04489637911319733,0.9591252207756042,-2.6263585090637207,-0.6209659576416016,1.9188461303710938,-2.126171421772895,3.4290575047635485,-13.758593122011806,-0.08794697384634986,1.1507925511697468,7.0017850176275935,3.6519200394306077,-1.7355722008812418,2.7271699592816185,-2.8429011949687757,-6.088968034620649,-10.338365851465593
rl_zero,119.01,2.662000000000006,0.0,0.0,0.0,0.6383163146586732,-0.20594892149921298,0.120130265386582,149.76457588101098,-0.05121671374356952,-0.2174608989355227,-2.448450958731705,-3.5713677711359493,-0.2244568856810422,-3.1259813195343873,2.5407885907885794,-1.1123098492273382,9.827719949655165,-0.2561062009186641,0.9539165213401747,0.14840851816036352,-0.04927266892216898,-0.47975366822068893,-0.26159483263230926,0.9522617896084317,0.1472496889879239,-0.055526180174586,1.0,1.0,1.0,1.0,1.0,1.0,1.0,1.0,1.0,1.0,1.0,1.0,80.0,80.0,80.0,80.0,80.0,80.0,80.0,80.0,80.0,80.0,80.0,80.0,10,10,10,10,10,10,10,10,10,10,10,10,-2.5836984518592274,0.07870401178188402,0.8542122958678728,-0.9159475651908773,-0.13373015036988534,1.9080899874025175,-1.0895572252025039,0.032932317169361625,0.93599854466094,-2.6204570191333776,-0.594823755591797,1.979402399756367,-2.5781922340393066,0.07949692010879517,0.7894818782806396,-0.8835471868515015,-0.1322045624256134,1.8955812454223633,-1.057023286819458,0.04489637911319733,0.9591252207756042,-2.6263585090637207,-0.6590859889984131,1.9188461303710938,-2.126171421772895,3.4290575047635485,-13.758593122011806,-0.08794697384634986,1.1507925511697468,7.0017850176275935,3.6519200394306077,-1.7355722008812418,2.7271699592816185,-2.8429011949687757,-6.088968034620649,-10.338365851465593
rl_zero,119.024,2.676000000000002,0.0,0.0,0.0,0.6359359096689207,-0.21140446069636148,0.10574847680400037,156.34789016132558,-0.13778448034063664,-0.29717912866140606,-5.8752720465937,-4.201831132812048,0.7239001865102609,-6.922824185889728,1.7090405332982719,-1.8144275414851014,0.048833487603888,-0.20458969894326684,0.9659138117248763,0.1581443241366874,-0.011997339237264525,-0.7634821722376244,-0.2077624238776702,0.9653384776777155,0.15739909284670622,-0.013487932027558174,1.0,1.0,1.0,1.0,1.0,1.0,1.0,1.0,1.0,1.0,1.0,1.0,80.0,80.0,80.0,80.0,80.0,80.0,80.0,80.0,80.0,80.0,80.0,80.0,10,10,10,10,10,10,10,10,10,10,10,10,-2.2716279569380458,0.2235950857491309,0.5187697409164205,-1.4090563891544425,-0.0019319349175113132,2.266574517006589,-1.233352810835659,0.04042690310368258,1.1547196231155201,-2.34723933333969,-0.6700690976748103,1.6468766034348707,-1.798811912536621,0.12348029017448425,0.5176175236701965,-2.1791810989379883,0.05930580198764801,2.6699652671813965,-1.7805776596069336,0.08805246651172638,1.6267024278640747,-2.0676076412200928,-0.5116841793060303,1.4657135009765625,21.556751027698155,5.009047338196106,-12.568796852359112,-32.46429294875784,7.926470838125294,22.37708898670346,-31.158892328618577,-0.7500811092384616,23.575383490961972,21.15740526205641,5.204612034285571,-16.82781771318919
rl_zero,119.044,2.695999999999998,0.0,0.0,0.0,0.6325456103444093,-0.21360479537555274,0.09488868320426624,160.03210079388828,-0.10076211647557651,-0.27356604235247,1.3601524340604807,-1.8698438145345138,0.5999848177899985,0.2901286664714286,1.7918288929368507,-1.1957859682791239,0.0586881531068671,-0.17329936674958948,0.972375303540247,0.15629560643719065,-0.005028116708525605,-0.5340169573821011,-0.17134151275954784,0.9726026117400005,0.15699589818259949,-0.006207543446349995,1.0,1.0,1.0,1.0,1.0,1.0,1.0,1.0,1.0,1.0,1.0,1.0,80.0,80.0,80.0,80.0,80.0,80.0,80.0,80.0,80.0,80.0,80.0,80.0,10,10,10,10,10,10,10,10,10,10,10,10,-1.8114148631122147,0.13989957254095753,0.43303843003897136,-1.8931308576232686,0.1778494441190599,2.527261123538546,-1.828757325973899,0.07572371878402517,1.7041335173177377,-2.035378524638584,-0.5751321758043666,1.4959568271001888,-1.4540162086486816,0.11072984337806702,0.5809144973754883,-2.487335681915283,0.11884516477584839,2.808320999145508,-2.2405526638031006,0.14841243624687195,2.108625888824463,-1.855400800704956,-0.4560717046260834,1.5182311534881592,21.903309114737745,-5.54631537688335,1.3303876397520424,-24.82974757697093,5.637057040254726,8.67578664256096,-20.50246073208581,-30.77054418936676,21.01937944187785,14.924289178389392,7.84179055566589,-4.777212758421639
rl_zero,119.064,2.715999999999994,0.0,0.0,0.0,0.6315395922362046,-0.21448438325933927,0.09339128056479515,159.820798766364,0.0373563699430688,-0.07947894986016633,0.6076401863860409,0.8397195184190859,0.11414870990141751,0.6354470387237833,-0.41791942746640404,0.03756916188938092,0.05581922384921951,-0.17517594812854737,0.972380265086879,0.1542263704894007,-0.002057647321996537,0.10106826355161211,-0.1745776675123098,0.9724894719886396,0.1542241962403576,-0.0013274679785656533,1.0,1.0,1.0,1.0,1.0,1.0,1.0,1.0,1.0,1.0,1.0,1.0,80.0,80.0,80.0,80.0,80.0,80.0,80.0,80.0,80.0,80.0,80.0,80.0,10,10,10,10,10,10,10,10,10,10,10,10,-1.471058011363743,0.07997641204544603,0.5433930222009673,-2.3229831691408718,0.24819342606359296,2.69087671868734,-2.2215192008159965,-0.13006327578102805,1.6813678254808373,-1.7837527263929696,-0.47774118731542625,1.4955457586809189,-1.3350520133972168,-0.023887693881988525,0.6322345733642578,-2.854215621948242,0.09876102209091187,2.8329477310180664,-2.7294504642486572,-0.011561617255210876,2.2799713611602783,-1.5624819993972778,-0.40748825669288635,1.4746915102005005,14.836909721508343,-4.939236640391846,8.254071959132329,-22.431436025943473,0.8154457475746226,6.95219848063032,-27.910160733019865,-0.8432343488439294,1.9073409039309392,20.265934400443204,1.356220909742889,-1.4630489966227505
rl_zero,119.084,2.736000000000004,0.0,0.0,0.0,0.6329582053026127,-0.215866759345729,0.09815804313532228,158.99405184742974,0.1189049930580886,-0.04227198278054704,-0.17223303386247782,1.7621534483935846,0.013815903979635495,0.8260818397255634,-1.4902545849714315,0.5441277828473157,0.04726029026800015,-0.18158197815065585,0.971418917375288,0.15204241428546708,-0.01601175925889371,0.3209527574666403,-0.1815272623015743,0.9714184204926277,0.1521999286178826,-0.015142228951358546,1.0,1.0,1.0,1.0,1.0,1.0,1.0,1.0,1.0,1.0,1.0,1.0,80.0,80.0,80.0,80.0,80.0,80.0,80.0,80.0,80.0,80.0,80.0,80.0,10,10,10,10,10,10,10,10,10,10,10,10,-1.2225998205518653,-0.022439772913954492,0.67532718156626,-2.6528131155334043,0.23053870691734435,2.744651681980141,-2.663171264328862,-0.14686509043486318,1.7530193620593906,-1.5510796650245968,-0.4227176603756826,1.5158778860060247,-1.0517606735229492,-0.09042507410049438,0.6540220975875854,-3.051886558532715,0.11129410564899445,2.733982801437378,-3.232797145843506,-0.03422990441322327,2.238799571990967,-1.5135754346847534,-0.30698612332344055,1.388792872428894,18.983780736883823,-3.667668856517232,1.940113437160302,-7.685281591191581,-1.5705465926053979,-0.7103643761692819,-10.115401914662387,-0.08357877832768362,5.653641726777334,7.703015944831499,5.181286652910175,-0.32603823484968375
rl_zero,119.104,2.7560000000000002,0.0,0.0,0.0,0.6364130478178482,-0.2157849307164861,0.10692017449710907,158.89869183091773,0.19557814045914382,0.051815369711666615,-0.8683571546534156,1.7522891290257012,0.0699908110106272,-0.3169453460744145,-1.831043992675344,0.6400961565421164,0.05483621107879165,-0.17963159635243056,0.9717350854705605,0.1490086616903235,-0.0354941121688991,0.4480823053610171,-0.1799237836470008,0.9716930675168421,0.14914697589450476,-0.03457158080534963,1.0,1.0,1.0,1.0,1.0,1.0,1.0,1.0,1.0,1.0,1.0,1.0,80.0,80.0,80.0,80.0,80.0,80.0,80.0,80.0,80.0,80.0,80.0,80.0,10,10,10,10,10,10,10,10,10,10,10,10,-0.9969328955890218,-0.09147229581886673,0.7287919643386225,-2.685922064567986,0.17531727125375962,2.662590625192509,-2.685638640725853,-0.10969694288178733,1.861626076203116,-1.480846302115161,-0.3036217814015796,1.480075992716949,-0.7817314863204956,-0.15271517634391785,0.7204375267028809,-2.9798154830932617,0.11347408592700958,2.4404757022857666,-3.1313436031341553,0.022325053811073303,1.965691328048706,-1.4492263793945312,-0.20763996243476868,1.4885213375091553,9.039134582484976,-2.940069228150286,1.7645311936794448,1.3087843484530026,-5.546366751195164,-12.823238172780563,0.8706187712927675,7.460338892602721,3.6076915551915225,2.1319699522718367,7.482106310734309,-1.245455174025426
rl_zero,119.124,2.7759999999999962,0.0,0.0,0.0,0.6403487401616983,-0.21480138877167806,0.11434935494630709,158.99823232423924,0.22969181085273216,0.06349984853088744,-0.6236141211012909,1.1321775030234171,-0.3426251230777447,-0.3038550800836781,-1.0890172570603704,0.7571729951924215,0.05159507729012059,-0.17506738277323947,0.972344532180742,0.14605066115322865,-0.05066287204498628,0.31538363314161405,-0.17527917066349416,0.9722933869826146,0.1463321039958121,-0.0500968791598076,1.0,1.0,1.0,1.0,1.0,1.0,1.0,1.0,1.0,1.0,1.0,1.0,80.0,80.0,80.0,80.0,80.0,80.0,80.0,80.0,80.0,80.0,80.0,80.0,10,10,10,10,10,10,10,10,10,10,10,10,-0.9156959554200599,-0.15077579258690665,0.7632997287644976,-2.6825934529655537,0.05470050201547583,2.39218890909099,-2.6841367708788058,0.03442673324072132,1.8950850892944153,-1.3973744943476696,-0.16782827939252698,1.464836916362323,-0.5224045515060425,-0.1889878809452057,0.7097988128662109,-2.7895586490631104,-0.0650632381439209,2.15055251121521,-2.909531593322754,0.13502496480941772,1.8060181140899658,-1.232122778892517,-0.050775378942489624,1.6011621952056885,-0.151559558585185,-3.0821809567697276,1.3569581495697707,0.9418219299589978,-10.29791008829851,-19.136099392048962,0.8143043900330107,9.806942040227865,-3.7561532026308733,10.818981362334343,9.347843186762752,0.2600998852647649
rl_zero,119.144,2.7960000000000065,0.0,0.0,0.0,0.6440402463408696,-0.2142105538871852,0.11929760430417014,157.66117077038996,0.17311525023456392,0.010989862473033973,1.5200662007809012,1.8144006192071616,-0.5622221645516963,2.021290056442612,-0.9901175546470723,0.8609916983134095,0.05856709511083854,-0.18259231398667006,0.9710889667999868,0.13950768154132118,-0.06468285880581195,0.17855700051119844,-0.18170937531197692,0.971246487586924,0.13989704860001745,-0.06395919845337647,1.0,1.0,1.0,1.0,1.0,1.0,1.0,1.0,1.0,1.0,1.0,1.0,80.0,80.0,80.0,80.0,80.0,80.0,80.0,80.0,80.0,80.0,80.0,80.0,10,10,10,10,10,10,10,10,10,10,10,10,-0.9162887501558385,-0.2239074200883211,0.750171532333038,-2.670672042181753,-0.13786701067307217,2.0975650661053535,-2.690336563336837,0.15671550101760534,1.7923642408942815,-1.218300460482265,-0.020666524821377763,1.542207933708247,-0.6840615272521973,-0.25633034110069275,0.7151083946228027,-2.612668991088867,-0.23802480101585388,1.939758062362671,-2.718015670776367,0.2037663757801056,1.6651777029037476,-1.0833884477615356,0.01150485873222351,1.6668131351470947,-0.0016342192057736682,-4.184744179375836,-1.8716190320085648,5.02206954228337,-11.741238524105132,-14.605391911651253,0.6292629072522189,5.35795192491954,-8.956325099418228,11.123589621035118,5.457002197078156,5.008613625019063
rl_zero,119.164,2.8160000000000025,0.0,0.0,0.0,0.6471991613625404,-0.21485650930383235,0.1215694433522428,155.1541363883468,0.15207255891436966,-0.0377126236178676,1.232380214067492,1.2708211225005364,-0.7498689485470132,1.8682692606758442,-0.4834534279039942,0.8981780018076913,0.04543727514321106,-0.2002926815092411,0.967702695211217,0.13142377231526728,-0.07849921964713434,0.0068512203879719895,-0.19881152592115645,0.9679596843144685,0.13231736601442667,-0.07758956987727071,1.0,1.0,1.0,1.0,1.0,1.0,1.0,1.0,1.0,1.0,1.0,1.0,80.0,80.0,80.0,80.0,80.0,80.0,80.0,80.0,80.0,80.0,80.0,80.0,10,10,10,10,10,10,10,10,10,10,10,10,-0.9265462403328444,-0.2830065863913953,0.7163904541800328,-2.520042548645444,-0.30000653741044214,1.870442201985819,-2.652078742031332,0.22502355785546158,1.6141924702892005,-1.0797098463371873,0.04089946907383091,1.6599724743638342,-0.7943903207778931,-0.24388737976551056,0.7703559994697571,-2.2679901123046875,-0.3515419661998749,1.689173698425293,-2.56899356842041,0.2154313325881958,1.431418776512146,-1.0428369045257568,0.01519562304019928,1.710463285446167,-0.9787684009702229,-1.346542239045553,-0.7813086012574617,21.095717097989997,-9.516665044046361,-15.238835046883223,7.662112489347802,3.077296995162621,-13.34048072753489,4.725292521962849,1.0043749230886911,5.085705747551939
rl_zero,119.184,2.8359999999999985,0.0,0.0,0.0,0.6486100423924902,-0.21633176879955834,0.12173035106425388,153.22523623243947,0.04871442259620307,-0.06794349057431169,1.6042759371566828,0.5417968897497221,-0.6197283510878199,1.8117264192819944,0.12555291199799953,0.4199688071581128,0.053148478703200316,-0.2155781008078494,0.9647268302267824,0.12527691201738406,-0.08446254085720077,-0.06019251373992112,-0.21474406027665047,0.9648834234089839,0.12556644443127127,-0.08436845286803685,1.0,1.0,1.0,1.0,1.0,1.0,1.0,1.0,1.0,1.0,1.0,1.0,80.0,80.0,80.0,80.0,80.0,80.0,80.0,80.0,80.0,80.0,80.0,80.0,10,10,10,10,10,10,10,10,10,10,10,10,-1.0790018183228947,-0.27999641427777444,0.7830079539741517,-2.1672790119484597,-0.38839295039735244,1.635654038435689,-2.4467758303336797,0.23940035081781197,1.361273064431085,-1.1821965238656542,0.01857985955063768,1.8000132071188517,-1.2297205924987793,-0.22438158094882965,0.9148646593093872,-1.8050620555877686,-0.4033001959323883,1.4996650218963623,-2.195368528366089,0.2092287242412567,1.2151601314544678,-1.3820687532424927,-0.019492000341415405,1.8484952449798584,-16.41851310386172,1.0308431396078799,7.965227042410275,21.46406502703966,-4.080247383494429,-12.582742098374611,20.988460709487327,0.2993635828820209,-14.56082999932179,-17.300514131583263,-2.473038738399614,8.950909571647305
rl_zero,119.204,2.8559999999999945,0.0,0.0,0.0,0.6489293022164688,-0.217948026552544,0.11981764644039844,151.98992998330962,-0.00947443679161909,-0.10298642252014956,1.2571503934676067,0.4126523014194387,-0.2093079526983771,1.337166088162284,-0.016250133912376043,0.07900404130111172,0.049652815101119546,-0.2263020291441257,0.9625828136038177,0.12192973628652844,-0.08576046856743896,-0.09366389714478437,-0.2263020291441257,0.9625828136038177,0.12192973628652844,-0.08576046856743896,1.0,1.0,1.0,1.0,1.0,1.0,1.0,1.0,1.0,1.0,1.0,1.0,80.0,80.0,80.0,80.0,80.0,80.0,80.0,80.0,80.0,80.0,80.0,80.0,10,10,10,10,10,10,10,10,10,10,10,10,-1.3613361151559582,-0.22918630549448427,0.9424894459561477,-1.7912664692334959,-0.40003359297705554,1.4748169682597965,-2.1214770806677823,0.21111720166472914,1.1717555952817733,-1.4901206040158748,-0.030442898063599344,1.941161926031505,-1.7353160381317139,-0.1565907746553421,1.0978105068206787,-1.490631103515625,-0.3870176374912262,1.5102181434631348,-1.7428944110870361,0.18820539116859436,1.0898773670196533,-1.8749594688415527,-0.0766783207654953,2.104848623275757,-25.46553536491242,2.889395544403607,13.321622362083946,20.970603821363834,0.5840639202490043,-4.7963066173725775,23.12967692464428,-0.4251838017967743,-9.954972898854503,-27.046787382309702,-2.3284817728337384,12.445016303148645
rl_zero,119.224,2.8760000000000048,0.0,0.0,0.0,0.6488343506930117,-0.2206115347442049,0.1169240682076677,150.16333745708087,0.0017157001151163786,-0.14506537776488887,1.898708411188729,0.5285965691553975,-0.4064404616638061,1.986215384653039,0.14292355922594036,0.1539454845826403,0.05186358031752157,-0.24244244245793672,0.958901280461065,0.11929781989435989,-0.08659114616179145,-0.16883574983178015,-0.24244244245793672,0.958901280461065,0.11929781989435989,-0.08659114616179145,1.0,1.0,1.0,1.0,1.0,1.0,1.0,1.0,1.0,1.0,1.0,1.0,80.0,80.0,80.0,80.0,80.0,80.0,80.0,80.0,80.0,80.0,80.0,80.0,10,10,10,10,10,10,10,10,10,10,10,10,-1.8064452370210917,-0.13001197376769102,1.1441187756919344,-1.436618142416016,-0.3517517486558104,1.486625767648964,-1.6858710032570912,0.16858795658870207,1.0364679831997492,-1.9726207234270632,-0.1168162758374276,2.1507641001433644,-2.24802303314209,-0.057139500975608826,1.163403034210205,-1.1968744993209839,-0.27808135747909546,1.6812527179718018,-1.3692415952682495,0.12913468480110168,1.0371779203414917,-2.4172637462615967,-0.2067381739616394,2.253401041030884,-22.64256387164882,6.212220583091862,7.0684271686956865,19.10575042253066,5.13209982946912,5.220791990181238,22.008889643090736,-2.819171518800922,-4.709171216622094,-26.308944998201255,-6.9681265668729555,10.291710247740307
rl_zero,119.244,2.896000000000001,0.0,0.0,0.0,0.6483571519871589,-0.22342878589267812,0.11556271345927425,150.00537475648434,-0.05252831918923918,-0.16097982136816621,0.9474105660353324,-2.013492523165717,-0.7438730199884954,0.6360834891663539,2.165320335627903,-0.4700064146799719,0.055613331629610255,-0.24862272981892117,0.9585046480129591,0.11960347621960662,-0.07176758621499907,-0.08667195971218798,-0.24826746875958064,0.9585037004890082,0.11967220997434175,-0.07288677702056325,1.0,1.0,1.0,1.0,1.0,1.0,1.0,1.0,1.0,1.0,1.0,1.0,80.0,80.0,80.0,80.0,80.0,80.0,80.0,80.0,80.0,80.0,80.0,80.0,10,10,10,10,10,10,10,10,10,10,10,10,-2.2397723797230844,-0.07898383294381262,1.1863186562566863,-1.1773971543416915,-0.23629628113167822,1.6347583810022792,-1.372216016827962,0.11387853654439795,0.9888750913822264,-2.4073325362985187,-0.236873920705996,2.231139060949186,-2.585536003112793,0.003517746925354004,1.0380451679229736,-1.029828667640686,-0.17796030640602112,1.7612254619598389,-1.2351388931274414,0.06084330379962921,0.9896140098571777,-2.7358171939849854,-0.36914196610450745,2.169034242630005,-21.73844150447401,3.018721640205471,-5.422593061057272,14.147873197069279,6.256257952739428,8.123849788604725,13.976926673049237,-3.895299181837925,-1.9179260898861934,-20.778798338862433,-10.07878599902335,-2.2467891405546396
rl_zero,119.264,2.915999999999997,0.0,0.0,0.0,0.6470351255696173,-0.22700733093967768,0.11248573111515617,150.35075723825545,-0.08170571067881056,-0.17286130735966754,0.4291390604928888,-3.228341472354632,-1.2134159381051595,-0.1669433312371767,3.4228811885157913,-0.5244723213434951,0.052660594925885575,-0.2520445979040326,0.9594758481963025,0.11807261404883027,-0.04402811836833852,-0.2202786568413731,-0.25200222456384336,0.9593857735687259,0.11823828121004551,-0.04575505595347851,1.0,1.0,1.0,1.0,1.0,1.0,1.0,1.0,1.0,1.0,1.0,1.0,80.0,80.0,80.0,80.0,80.0,80.0,80.0,80.0,80.0,80.0,80.0,80.0,10,10,10,10,10,10,10,10,10,10,10,10,-2.5177912700963345,0.02513509935369207,0.9386320841753886,-1.022104573406379,-0.1508122519246884,1.807879148965064,-1.2181566643241233,0.03651854635210583,0.9872150987835573,-2.639676826540807,-0.4622658049840318,2.059974772549083,-2.4780795574188232,0.08654852211475372,0.6919236183166504,-1.0016902685165405,-0.1280263364315033,1.8771321773529053,-1.1571389436721802,0.03135739266872406,1.0343565940856934,-2.6177783012390137,-0.6099196672439575,1.8204505443572998,0.8231217345899449,5.138767991734249,-19.584184677300282,3.351474531133583,3.029550675998511,8.110650639164659,5.193469337907915,-2.834554214451522,0.5476334835620742,2.3862113421322118,-16.15847894738491,-18.815278927059108
rl_zero,119.284,2.936000000000007,0.0,0.0,0.0,0.6444981004644812,-0.23030651571038513,0.10688516430925528,154.3972333771227,-0.17497394438834513,-0.18271975299759535,-4.083956819710489,-3.312450582348138,-0.31875672990041887,-5.1144662988368506,2.1301988824621594,-0.7166931656822838,0.042894121266311945,-0.2211572717965224,0.9681506467072579,0.11657682430230264,-0.013551031231130497,-0.3492061365740617,-0.22399578226264605,0.9674690796525209,0.11670256105277199,-0.014490744928181618,1.0,1.0,1.0,1.0,1.0,1.0,1.0,1.0,1.0,1.0,1.0,1.0,80.0,80.0,80.0,80.0,80.0,80.0,80.0,80.0,80.0,80.0,80.0,80.0,10,10,10,10,10,10,10,10,10,10,10,10,-2.3660217371710077,0.16912328790775,0.6018801487668206,-1.1670686529301806,-0.03730342451481761,2.0312697296732374,-1.2627779408086388,0.06480592176786715,1.1087301902599211,-2.4883300323170756,-0.6491438285321589,1.7454633754961026,-1.7611156702041626,0.253816694021225,0.3121604323387146,-1.819799542427063,-0.0032830089330673218,2.4835562705993652,-1.312746286392212,0.08309169113636017,1.3879542350769043,-2.050732135772705,-0.6252655982971191,1.3352816104888916,22.318008036646034,10.45466450389645,-21.134144281027176,-27.309896116770677,7.093652820428303,20.464701988489775,-6.60330587492607,-5.053025839234725,12.029490603510219,24.844762841539755,-6.8475829796445185,-22.231376211184934
rl_zero,119.304,2.956000000000003,0.0,0.0,0.0,0.6407197172403505,-0.2320959456551614,0.10058323132209603,159.9343552058327,-0.20515622727688015,-0.23424011213760187,-6.829990297687333,-2.961025122386371,0.36509201299693184,-6.954639917598323,1.0631794770166088,-1.2383856989693416,0.050290783816220076,-0.17419980419996894,0.9778669685195743,0.11587175952558301,0.002086968968570892,-0.5663383502866215,-0.17735797564550387,0.9773425352326667,0.11551964970974711,0.000963239767767333,1.0,1.0,1.0,1.0,1.0,1.0,1.0,1.0,1.0,1.0,1.0,1.0,80.0,80.0,80.0,80.0,80.0,80.0,80.0,80.0,80.0,80.0,80.0,80.0,10,10,10,10,10,10,10,10,10,10,10,10,-1.9133676065683431,0.28508376959292026,0.28408180170093544,-1.6133476506610913,0.06385102251513075,2.430849781625456,-1.447738454408193,0.03599950199302082,1.446711750906843,-2.0686629578653815,-0.6345551328085532,1.3816365873521672,-1.4969316720962524,0.2790829837322235,0.3089061379432678,-2.1772143840789795,0.1254042237997055,2.6962990760803223,-1.711871862411499,0.14641019701957703,1.761446237564087,-1.941826343536377,-0.5788741111755371,1.1655499935150146,22.41687271437621,5.561798470392441,-9.068838829663523,-13.913607264660975,19.176491154179615,11.48239245436303,-20.76052499081033,-13.557421642488183,23.291923346251746,17.113679705516716,8.652095680104708,-18.93080727975579
rl_zero,119.324,2.975999999999999,0.0,0.0,0.0,0.6372921277628051,-0.2349697349793615,0.09411347050433021,162.10824192450602,-0.04618032489313939,-0.0564237434228658,-0.444553085715228,0.28355120771137776,-0.14493640462604696,-0.3759735782499405,-0.32236003054565743,0.23186887234809173,0.05328700632038422,-0.15513660517203068,0.9808068106235718,0.11763206909375579,0.0106456700510751,-0.012034875389159694,-0.15513660517203068,0.9808068106235718,0.11763206909375579,0.0106456700510751,1.0,1.0,1.0,1.0,1.0,1.0,1.0,1.0,1.0,1.0,1.0,1.0,80.0,80.0,80.0,80.0,80.0,80.0,80.0,80.0,80.0,80.0,80.0,80.0,10,10,10,10,10,10,10,10,10,10,10,10,-1.5483637976668856,0.2602588881871304,0.25392248067538414,-2.0649955849353203,0.2535119684712459,2.5876005499655275,-1.68701779204698,-0.003842855631199349,1.6469254543479588,-1.9262957678130457,-0.5922889481676181,1.1837049415146712,-1.3548259735107422,0.21310245990753174,0.4966669976711273,-2.5647177696228027,0.12689223885536194,2.8553807735443115,-2.2159476280212402,0.15154436230659485,2.2089874744415283,-1.7622969150543213,-0.45540979504585266,1.274802565574646,14.372471697750992,-2.4837578379766136,7.098722980344544,-26.401921180094426,3.980062623721051,8.779258225407537,-25.460303460034186,-5.861509049802764,3.477827045933515,7.703056604498486,2.837217329546786,-0.759070478022253
rl_zero,119.344,2.995999999999995,0.0,0.0,0.0,0.6388489935878112,-0.23536767510264475,0.0997410404624319,161.8511713135137,0.13709883555252728,-0.0510467698538447,0.8015276556398044,2.48966611331994,-0.13781944646646357,1.119800236605216,-2.1102931327985774,0.8241084362052657,0.05054038536830667,-0.15769450808277158,0.980761173437684,0.1150340444334214,-0.002670471673603143,0.441526020188084,-0.15713223997294853,0.9808218171324803,0.11530685295715264,-0.001533577236619027,1.0,1.0,1.0,1.0,1.0,1.0,1.0,1.0,1.0,1.0,1.0,1.0,80.0,80.0,80.0,80.0,80.0,80.0,80.0,80.0,80.0,80.0,80.0,80.0,10,10,10,10,10,10,10,10,10,10,10,10,-1.323178904561713,0.1906004517216635,0.4874323671181964,-2.5388956774464786,0.2740170235506483,2.724174245108003,-2.1960632381537177,-0.03412808717732041,1.7329400318592665,-1.7258562062562026,-0.5102462143435833,1.2642487053777538,-1.2329833507537842,0.07737395167350769,0.5820878148078918,-2.9045567512512207,0.05498942732810974,2.8527894020080566,-2.7454159259796143,0.09334401786327362,2.3575925827026367,-1.5740193128585815,-0.38383975625038147,1.292052984237671,10.673813535288806,-5.7151778667442485,11.423670947632013,-17.46788564585183,-2.3532757958185995,2.968579774824317,-25.52916889264653,-2.4091450501037497,7.772229306817973,14.095484126440438,3.9904559998332916,4.840086442599867
rl_zero,119.364,3.0160000000000053,0.0,0.0,0.0,0.6420121679578339,-0.2362375118520765,0.11172232723997329,160.39159159551178,0.1760400778452146,-0.02873068896151485,0.3414189281718869,3.4885785363478616,-0.10574695298913295,1.115330902316973,-3.1081770234960393,1.180339813695878,0.04868314524312769,-0.16694842758992465,0.9794186608389289,0.10836601697299343,-0.03352783457278197,0.6752510388951899,-0.16694842758992465,0.9794186608389289,0.10836601697299343,-0.03352783457278197,1.0,1.0,1.0,1.0,1.0,1.0,1.0,1.0,1.0,1.0,1.0,1.0,80.0,80.0,80.0,80.0,80.0,80.0,80.0,80.0,80.0,80.0,80.0,80.0,10,10,10,10,10,10,10,10,10,10,10,10,-1.079902031585977,0.0844389029451813,0.6410835988199617,-2.694660244480244,0.22320451652969808,2.758906527263452,-2.635312714347581,-0.055362201883110806,1.9136697517900814,-1.5556568684744443,-0.41015791862317297,1.3525969739153538,-0.929653525352478,-0.0011650770902633667,0.5912854075431824,-3.055774688720703,0.07332229614257812,2.731712818145752,-3.2079100608825684,0.06467373669147491,2.3695011138916016,-1.5613353252410889,-0.2989184558391571,1.2095698118209839,18.52980209635919,-4.560592946721813,2.229573266599543,-1.4484682241171383,-3.6656590884332654,-0.8015794472663127,-11.99164990467698,0.8796809792576792,10.241113666463718,5.009674733536686,5.916115715343361,0.8140835823474362
rl_zero,119.384,3.0360000000000014,0.0,0.0,0.0,0.6456366139146137,-0.23680457551746636,0.12556231533021303,158.9052666979841,0.21084441687272226,-0.014815655509636353,-0.13408096401503516,3.2760218329954403,-0.28836650956278287,0.38397333895780655,-3.0484756014827252,1.2997179034719921,0.05282754133266195,-0.17014070809259518,0.977853340508325,0.10146997374433298,-0.06751909607499684,0.6489276550339005,-0.16990394854931817,0.978083109758829,0.10271089793628514,-0.06274193268437753,1.0,1.0,1.0,1.0,1.0,1.0,1.0,1.0,1.0,1.0,1.0,1.0,80.0,80.0,80.0,80.0,80.0,80.0,80.0,80.0,80.0,80.0,80.0,80.0,10,10,10,10,10,10,10,10,10,10,10,10,-0.925956643711225,-0.004984074952422368,0.7048944259021566,-2.6871842257386414,0.1326854359199583,2.6719055812792956,-2.6890840675242558,0.01931744497925525,2.1000215406693954,-1.5166778734690691,-0.2906142227520814,1.3170721392076876,-0.6773561239242554,-0.07862187922000885,0.7008271813392639,-2.959578275680542,0.062083348631858826,2.4615161418914795,-3.1683883666992188,0.11220654845237732,2.1552822589874268,-1.4794275760650635,-0.20704492926597595,1.3728686571121216,2.2440332139121373,-4.810372703882751,3.3254937736356034,1.2151149176182496,-7.452797722398856,-12.598550706302639,0.7916974333851776,7.0613633673578935,7.278797857693402,1.5793817459975896,7.426125774438192,-1.0122261026439165
rl_zero,119.404,3.0559999999999974,0.0,0.0,0.0,0.6497855254929524,-0.23679207135525138,0.13589847602855687,156.7847438685806,0.24206482110413613,0.026829261132790105,0.7199505478296546,2.7270052250514345,-0.9287670685852315,1.3692738473468895,-2.072721717276578,1.5579888140370282,0.055533228116689724,-0.17741764509243046,0.9752143062263829,0.09204489592699924,-0.09490928971938954,0.4364564339406089,-0.17741764509243046,0.9752143062263829,0.09204489592699924,-0.09490928971938954,1.0,1.0,1.0,1.0,1.0,1.0,1.0,1.0,1.0,1.0,1.0,1.0,80.0,80.0,80.0,80.0,80.0,80.0,80.0,80.0,80.0,80.0,80.0,80.0,10,10,10,10,10,10,10,10,10,10,10,10,-0.9162718001668644,-0.09972244967251864,0.7437904844785832,-2.684350495805977,-0.008452139653597257,2.416700245178756,-2.6822905828022927,0.13634550365046927,2.1390141695744127,-1.4557909352069416,-0.15806709362578442,1.3343559749098581,-0.5961922407150269,-0.16359926760196686,0.7087936401367188,-2.793546199798584,-0.11429324746131897,2.1898460388183594,-2.912700653076172,0.19921398162841797,1.9999043941497803,-1.3216743469238281,-0.03338778018951416,1.515064001083374,-0.006583020794900918,-5.047172332352643,0.4367638727903609,0.9002125316147911,-10.164514775257622,-17.783960156354823,0.7662453753274932,6.913160893094986,-6.150907423206091,7.4989654664042,9.336632494706063,3.595556677512345
rl_zero,119.424,3.0760000000000076,0.0,0.0,0.0,0.6547296347207427,-0.2363672170782478,0.14304423794657178,153.57464634793791,0.2648486165847229,0.02294038731675014,2.1718566579666416,2.5986615831087136,-1.5211228186752286,2.909577606084926,-1.5084546548749393,1.7379037504397907,0.054339976336632706,-0.19563291208238615,0.9705049361204039,0.0766656941651818,-0.11819604060317253,0.2730672131160841,-0.19563291208238615,0.9705049361204039,0.0766656941651818,-0.11819604060317253,1.0,1.0,1.0,1.0,1.0,1.0,1.0,1.0,1.0,1.0,1.0,1.0,80.0,80.0,80.0,80.0,80.0,80.0,80.0,80.0,80.0,80.0,80.0,80.0,10,10,10,10,10,10,10,10,10,10,10,10,-0.916267416450415,-0.2036050955372284,0.7283823947671646,-2.673187477091891,-0.19353877093734972,2.1118756406814576,-2.68564960649745,0.22379882301493925,1.9546959938993425,-1.2926733401611585,0.012766130357616312,1.4618123861442305,-0.6886036396026611,-0.21720556914806366,0.7191088795661926,-2.6441574096679688,-0.2612312138080597,1.9282410144805908,-2.762598991394043,0.24331966042518616,1.7792212963104248,-1.1823350191116333,0.03609013557434082,1.589400053024292,-0.0062825665979961975,-4.5550966110288496,-1.2799057672580239,3.4284215634365296,-9.782056568475367,-15.991902296630752,0.4468629771419188,3.6803406140886503,-13.603147120844806,9.811652813918446,6.563943641900639,6.6664303755253655
rl_zero,119.444,3.0960000000000036,0.0,0.0,0.0,0.6597699037008206,-0.2367009106433952,0.14752204524132273,149.7912331205055,0.23901421041209747,-0.027864473422916806,1.7303472350404112,2.236283078407191,-1.4955180018342427,2.4070667249174775,-1.2525705090071588,1.693733909489096,0.04979060315189476,-0.22012302383052412,0.9636216220904046,0.05943300083047749,-0.1394522937489676,0.12796610524218166,-0.22012302383052412,0.9636216220904046,0.05943300083047749,-0.1394522937489676,1.0,1.0,1.0,1.0,1.0,1.0,1.0,1.0,1.0,1.0,1.0,1.0,80.0,80.0,80.0,80.0,80.0,80.0,80.0,80.0,80.0,80.0,80.0,80.0,10,10,10,10,10,10,10,10,10,10,10,10,-0.9269433072153976,-0.25955415343573396,0.7141873478073695,-2.5556898436197564,-0.3208286361837196,1.8555482102834588,-2.6780988839700637,0.25895364645432295,1.7114425705375016,-1.146005519545052,0.08134814756687891,1.589539167657037,-0.8011947870254517,-0.22437167167663574,0.7714205384254456,-2.3776798248291016,-0.3576219379901886,1.708315372467041,-2.654916524887085,0.2423083782196045,1.5311784744262695,-1.0811163187026978,0.06382275372743607,1.6470311880111694,-0.6797038559395914,-0.9883500662746183,0.2484012001882241,15.834096137667405,-6.6220202706797195,-14.423236755728752,2.6900306417452526,1.3200444845131631,-14.883322229845243,7.159852673068356,1.6393650381624538,5.1982495061766345
rl_zero,119.464,3.1159999999999997,0.0,0.0,0.0,0.6632165545509267,-0.23801318384346326,0.1502940008594361,146.6400450910428,0.16305314686811256,-0.05753997617826884,1.8694881437336355,1.6406441992209932,-1.4494770773872891,2.4486793946477303,-0.808358867553925,1.3437736284678174,0.05191496930224027,-0.24190976400733594,0.9568774204225801,0.04474150854214005,-0.1544780430246239,0.05129882804788706,-0.2387181929040159,0.9578488305225451,0.04698344940953,-0.15274749662372714,1.0,1.0,1.0,1.0,1.0,1.0,1.0,1.0,1.0,1.0,1.0,1.0,80.0,80.0,80.0,80.0,80.0,80.0,80.0,80.0,80.0,80.0,80.0,80.0,10,10,10,10,10,10,10,10,10,10,10,10,-1.0208531637218448,-0.2548044101294371,0.7708174873583689,-2.2554072163867467,-0.39097413730684316,1.6424105152868922,-2.5632397077558053,0.2624502007042304,1.4549930044044164,-1.1723399057956545,0.06765924289842751,1.7151427519093918,-1.1140291690826416,-0.20945271849632263,0.860398530960083,-1.9138603210449219,-0.39703211188316345,1.5193357467651367,-2.386862277984619,0.236945241689682,1.3076999187469482,-1.3120437860488892,0.027077876031398773,1.7191541194915771,-10.155146672989066,1.2699658986067406,5.592511956448165,23.407125689205905,-3.6264212700082465,-12.24762253010348,15.437214868430619,0.30910791462557663,-14.671610846862322,-10.73839779493267,-2.4625757106347645,6.754939220009913
rl_zero,119.484,3.1359999999999957,0.0,0.0,0.0,0.6650898499406653,-0.23949447318204192,0.15133111638765023,143.98858622456967,0.07744470448019457,-0.08301320444918953,2.042882273393566,1.3813523053095316,-1.241343727227555,2.4539261049797503,-0.5964905869110807,1.008173737471723,0.048847110515566415,-0.2617844278449313,0.9504716919450908,0.03245776057847243,-0.16437448076623412,0.02094561900732438,-0.2606888881575639,0.9508315672876466,0.033060569519548895,-0.16391349237794228,1.0,1.0,1.0,1.0,1.0,1.0,1.0,1.0,1.0,1.0,1.0,1.0,80.0,80.0,80.0,80.0,80.0,80.0,80.0,80.0,80.0,80.0,80.0,80.0,10,10,10,10,10,10,10,10,10,10,10,10,-1.2678266392807744,-0.2083813889674424,0.9032390322363772,-1.8571486155819388,-0.39982414844282843,1.4818297388742376,-2.2769302080895173,0.2420223106667878,1.2363702439336866,-1.435171589921726,0.01486286713197238,1.8340249631875878,-1.5745275020599365,-0.1531730592250824,1.0063227415084839,-1.5770782232284546,-0.39077237248420715,1.457399845123291,-1.986074686050415,0.22224128246307373,1.116263747215271,-1.7240077257156372,-0.025155186653137207,1.963620662689209,-22.410806759883748,2.451808250274367,10.401158306586938,21.783668347898598,-0.1826024184913435,-6.462303458016117,21.219183676767365,-0.3061279099558556,-11.95934599265749,-23.63805185487371,-2.1764804596607936,10.229347124850417
rl_zero,119.504,3.156000000000006,0.0,0.0,0.0,0.6668301922747936,-0.24074979181837342,0.1530161539954115,142.75399833944817,0.10935991854285336,-0.06715539451861774,1.033632083879233,0.3771317235392277,-0.40908749156860325,1.255565185063513,0.009975276303215853,0.26455289603876897,0.051733477582550084,-0.2728108618508345,0.9472817847120575,0.026064163628574697,-0.16598829291033493,0.13415756089207795,-0.2717044397930358,0.9476266446980369,0.02638018634820525,-0.1657845753480304,1.0,1.0,1.0,1.0,1.0,1.0,1.0,1.0,1.0,1.0,1.0,1.0,80.0,80.0,80.0,80.0,80.0,80.0,80.0,80.0,80.0,80.0,80.0,80.0,10,10,10,10,10,10,10,10,10,10,10,10,-1.6592429310072996,-0.1814082215844275,1.0689935806245652,-1.5384727739191906,-0.3633498624484117,1.4367028549760024,-1.9245450883740745,0.2228610970671463,1.07671099437154,-1.8192605069479963,-0.02881451018276948,1.9918210343224505,-2.103555202484131,-0.10729381442070007,1.1821825504302979,-1.2753089666366577,-0.3112356662750244,1.5992846488952637,-1.5769246816635132,0.17820292711257935,1.046189785003662,-2.2125864028930664,-0.1262696385383606,2.1776058673858643,-26.363020347917818,-0.3851663823528304,10.947725592436603,20.27795037572122,3.0575255012454274,1.2724132999856874,22.63451375785017,-1.3794653933698766,-6.762020161040898,-27.186004876215456,-5.23107706652759,12.539064341181872
rl_zero,119.524,3.176000000000002,0.0,0.0,0.0,0.6688923199485033,-0.2421279313690293,0.1555397129385051,142.55691579445835,0.09447010440617203,-0.07841267287341898,0.2381422330781206,-0.5778962388229965,-0.5763300245350045,0.3389043385402406,0.7532263356517266,0.09145960829821921,0.05004209541976791,-0.27633481154504624,0.9467840816941595,0.024056996793126117,-0.16327962360382428,0.1195121578319816,-0.27633481154504624,0.9467840816941595,0.024056996793126117,-0.16327962360382428,1.0,1.0,1.0,1.0,1.0,1.0,1.0,1.0,1.0,1.0,1.0,1.0,80.0,80.0,80.0,80.0,80.0,80.0,80.0,80.0,80.0,80.0,80.0,80.0,10,10,10,10,10,10,10,10,10,10,10,10,-2.135851775605455,-0.14022383896418944,1.19314336531533,-1.2304118686973915,-0.25677218245947486,1.5613149071799688,-1.5390817057233175,0.1716410427193713,1.0008090713121138,-2.2896551838268895,-0.16330258489747962,2.1809770244412583,-2.524285316467285,-0.051678285002708435,1.1135605573654175,-1.0503545999526978,-0.19569486379623413,1.7259206771850586,-1.359281301498413,0.10437208414077759,1.0188719034194946,-2.6834006309509277,-0.2818800210952759,2.21018123626709,-21.942755454906674,4.580489444938599,-0.7682127084019896,15.801156681505788,6.658666921798852,7.906288858984818,17.560739786663376,-3.71297248805042,-2.475715036382428,-22.747594205467987,-9.272508416966927,5.3371053550161305
rl_zero,119.544,3.195999999999998,0.0,0.0,0.0,0.6705735911532753,-0.24414902124784213,0.1569812513574724,143.47177722481666,0.07687667390111738,-0.10168103451264698,-0.3102585708547124,-2.0050882840891897,-1.2514358953439595,-0.19808497993072272,2.374863147906079,0.05931759755210375,0.04440167084071604,-0.2757010142633824,0.9494053690279416,0.020281218057071945,-0.14902036165968016,0.010213759670346758,-0.2757010142633824,0.9494053690279416,0.020281218057071945,-0.14902036165968016,1.0,1.0,1.0,1.0,1.0,1.0,1.0,1.0,1.0,1.0,1.0,1.0,80.0,80.0,80.0,80.0,80.0,80.0,80.0,80.0,80.0,80.0,80.0,80.0,10,10,10,10,10,10,10,10,10,10,10,10,-2.483361380430291,-0.05076642747372695,1.0661333825876982,-1.0167804659538469,-0.16635977573936866,1.7156482827565247,-1.3456087431464185,0.08464180698926516,0.9977911399257149,-2.620590309651627,-0.34666965903311997,2.1611969738043086,-2.607356548309326,0.02167820930480957,0.825840175151825,-0.9239974617958069,-0.13163062930107117,1.7626187801361084,-1.2593638896942139,0.0417468398809433,1.0275980234146118,-2.74284029006958,-0.504609227180481,1.986349105834961,-12.113622539992779,6.71723380847561,-16.223871851488283,10.869885262223702,3.1429069317595895,6.457841544624388,8.576709678185573,-4.8243923391174555,-0.3229439962065568,-8.071238795500056,-14.349258856857857,-11.543752254205353
rl_zero,119.58,3.2319999999999993,0.0,0.0,0.0,0.6713784157654779,-0.24675471857246287,0.1544161162340994,147.15809404065325,-0.011812242562642315,-0.1352308768996643,-3.3258933447775787,-2.463026865963331,0.2385226687151543,-4.0374206913557344,1.6317370936328777,-0.6289543881549864,13.42948688618367,-0.2550082206455526,0.9590367578973613,0.018264295299427833,-0.12200704865753592,-0.18527824870015808,-0.23112683135140508,0.9665725931322628,0.022558453213339533,-0.10866888341955998,1.0,1.0,1.0,1.0,1.0,1.0,1.0,1.0,1.0,1.0,1.0,1.0,80.0,80.0,80.0,80.0,80.0,80.0,80.0,80.0,80.0,80.0,80.0,80.0,10,10,10,10,10,10,10,10,10,10,10,10,-2.227400663071734,0.1862666398912287,0.4369915001723532,-1.2951550868151962,-0.0870257991923431,2.1793546216428776,-1.2455138447554024,0.036584612795063975,1.2178176813768173,-2.3785568707719698,-0.6741375272615695,1.5757411842416698,-2.173624038696289,0.18642786145210266,0.4074007272720337,-1.3564379215240479,-0.10280042886734009,2.2387595176696777,-1.2331959009170532,0.06697902083396912,1.2850801944732666,-2.349987030029297,-0.6812096834182739,1.4845117330551147,6.639520034355957,2.040520531034508,-9.978957365973642,-3.5482703067389085,-2.1794461575822943,11.064076215445615,3.2341861343408365,1.592098679035301,9.578442467236998,4.342637202820215,0.17323231005012873,-12.486643473712585
rl_zero,119.584,3.236000000000004,0.0,0.0,0.0,0.671283203075676,-0.2492789927048071,0.14978048783324907,151.64491908338803,-0.06222836745591993,-0.1638382899530386,-6.980927965345481,-1.9541640310414548,1.768297179722676,-5.937154530181816,1.1975022991579332,-0.7627825739381775,0.04558744737234458,-0.2210341955352974,0.9692330314747465,0.024452469902574624,-0.10551441521422955,-0.3513076032686045,-0.22453288829743578,0.9683733032234457,0.023747684332933172,-0.1061799188441346,1.0,1.0,1.0,1.0,1.0,1.0,1.0,1.0,1.0,1.0,1.0,1.0,80.0,80.0,80.0,80.0,80.0,80.0,80.0,80.0,80.0,80.0,80.0,80.0,10,10,10,10,10,10,10,10,10,10,10,10,-2.185715037744896,0.20186995506526362,0.3974926668004324,-1.3378115748231387,-0.07948234684926803,2.236262159755814,-1.263605805684688,0.04663466075074396,1.2700607122957948,-2.346945962159465,-0.6716806415701502,1.5212567993114963,-1.4663903713226318,0.3194415867328644,0.2060098648071289,-2.053053855895996,0.0948672741651535,2.5845448970794678,-1.5732389688491821,0.12904801964759827,1.6291369199752808,-1.9647283554077148,-0.634103536605835,1.161355972290039,18.852230802606257,7.860862955853735,-11.872451567987513,-23.58044863818339,8.416957896191267,20.375841851082374,-16.32760475045052,3.655633169030451,18.841501617055364,15.041950552248498,0.7499814732724843,-17.260367883002015
rl_zero,119.604,3.2560000000000002,0.0,0.0,0.0,0.6689328802826295,-0.2523971191079474,0.1415139820302684,158.3758856992361,-0.1969326279392047,-0.11596908792425448,-0.9085205817423956,-2.116923867423434,1.2568900912879253,-1.3240859005066274,1.5458757080022083,-1.6563857742031358,0.05420374135996324,-0.16331083996480125,0.9815144924261041,0.03794780512207008,-0.09229753406205153,-0.3234892615029048,-0.16331083996480125,0.9815144924261041,0.03794780512207008,-0.09229753406205153,1.0,1.0,1.0,1.0,1.0,1.0,1.0,1.0,1.0,1.0,1.0,1.0,80.0,80.0,80.0,80.0,80.0,80.0,80.0,80.0,80.0,80.0,80.0,80.0,10,10,10,10,10,10,10,10,10,10,10,10,-1.704732232244699,0.3136553797018511,0.18489712211527642,-1.798471802849118,0.03526074958257297,2.622631060144599,-1.5681335111654606,0.08144885202575924,1.649686191093016,-2.004208982768551,-0.6449365714920869,1.1871651942384531,-1.448898434638977,0.26719075441360474,0.3908073902130127,-2.37740159034729,0.11223892867565155,2.8515686988830566,-1.9972069263458252,0.16128239035606384,2.055971384048462,-1.8196747303009033,-0.5208542346954346,1.1676095724105835,18.877067703099257,0.1213190203311032,-3.0648367457568613,-17.807432159194263,4.852892590623636,10.01457619282417,-22.301638423953293,-2.321539650510765,21.507637952642114,11.390160080326778,1.6331586277619277,-10.353173612877345
rl_zero,119.624,3.2759999999999962,0.0,0.0,0.0,0.6659708404732061,-0.2547139441102048,0.13557633792538804,159.84786743038688,-0.13462820035752993,-0.1256028646045791,1.6558718536046375,-1.3479718786273613,0.8700511081807673,1.3392735988583062,1.1294534774495386,-1.4988695012091888,0.04137804447127123,-0.15761812208388093,0.9831473950582698,0.053026275503893466,-0.07593379542123642,-0.3268096351773465,-0.1584690675298638,0.9830268960208839,0.05361715380365441,-0.07530522660318545,1.0,1.0,1.0,1.0,1.0,1.0,1.0,1.0,1.0,1.0,1.0,1.0,80.0,80.0,80.0,80.0,80.0,80.0,80.0,80.0,80.0,80.0,80.0,80.0,10,10,10,10,10,10,10,10,10,10,10,10,-1.4847439439681338,0.2595746143302282,0.2994863017222533,-2.2336910584558805,0.15825175020070148,2.7513458303774474,-1.9610431660727174,0.12140797767304079,2.0597440851527153,-1.8330058827946685,-0.5652066544235588,1.1259562272311587,-1.3474814891815186,0.16001468896865845,0.5518015027046204,-2.7342987060546875,0.041392311453819275,2.94185209274292,-2.500978946685791,0.1406174898147583,2.427854299545288,-1.5472511053085327,-0.3902641236782074,1.3150068521499634,8.910439188362544,-6.228260697003795,10.265778306197964,-21.133947995040817,1.5854157723990245,5.888860755235141,-25.928217568771345,0.4771361410395629,23.500093102842772,14.134480325532154,4.387018234072874,1.8682093885263473
rl_zero,119.644,3.2960000000000065,0.0,0.0,0.0,0.6642971910885243,-0.25724340802971735,0.13052484179294205,157.59005244742147,0.00503159476511282,-0.15156271915603187,1.7334324345372751,0.33841920682264515,-0.37920119240568084,1.7977052510840545,-0.024528602641280522,0.17539466027067568,0.044122703633324295,-0.17928655953144887,0.979169463151499,0.0588820177911661,-0.07494264462788873,-0.08543293640665557,-0.17928655953144887,0.979169463151499,0.0588820177911661,-0.07494264462788873,1.0,1.0,1.0,1.0,1.0,1.0,1.0,1.0,1.0,1.0,1.0,1.0,80.0,80.0,80.0,80.0,80.0,80.0,80.0,80.0,80.0,80.0,80.0,80.0,10,10,10,10,10,10,10,10,10,10,10,10,-1.3105575779370913,0.12684471032310896,0.5294426992605086,-2.617413774702767,0.1630107509753893,2.823380902402345,-2.369255821742523,0.13389704998370977,2.170310289009489,-1.56439557456277,-0.43849792944166044,1.2771060580889193,-1.1380091905593872,0.046142905950546265,0.582359254360199,-2.9544742107391357,-0.006531134247779846,2.771512031555176,-2.9863719940185547,0.14480280876159668,2.443598508834839,-1.444262981414795,-0.30946385860443115,1.1863473653793335,14.104223352312914,-4.564292161995793,7.6191558955811844,-10.911833786966051,-2.6787174093348396,-1.9085856172663915,-22.410468781239615,-1.2810393639270283,0.06336122668016209,15.604247081294863,7.415857568065607,5.28785775520246
rl_zero,119.664,3.3160000000000025,0.0,0.0,0.0,0.6648963264679465,-0.26037126160095875,0.13032319267790482,155.3411189357516,0.042137985483088836,-0.1663475464597578,1.793400123090863,0.9266740270417875,-0.40348229096208477,2.0657499221492195,-0.5379517474885551,0.37728702770859823,0.05571480082001471,-0.19750451785513762,0.9754002801321879,0.05475590106847887,-0.08116680505624041,-0.002713517363788765,-0.19659622636793356,0.9756021276177235,0.05497238172745749,-0.08079882185323159,1.0,1.0,1.0,1.0,1.0,1.0,1.0,1.0,1.0,1.0,1.0,1.0,80.0,80.0,80.0,80.0,80.0,80.0,80.0,80.0,80.0,80.0,80.0,80.0,10,10,10,10,10,10,10,10,10,10,10,10,-1.1126480401595948,0.04019489472295845,0.6458230700848331,-2.6966668162146403,0.09285210157501833,2.754534509913187,-2.6747079731793795,0.10650186083361124,2.1807394353063287,-1.4121822422432455,-0.3263929629282689,1.3141868935426286,-0.9687864780426025,-0.03044259548187256,0.6359748840332031,-2.9718527793884277,-0.02475753426551819,2.555727958679199,-3.2092766761779785,0.1442350447177887,2.338604688644409,-1.4051183462142944,-0.21165016293525696,1.2380561828613281,12.150351645854226,-3.6144988270815532,2.6545513909068603,0.5307879170848011,-5.422910058645024,-7.077149306825158,-6.566923527021748,-0.5470542626232298,1.1895931854983544,2.8460257167318344,5.401022893291708,-0.7403036342662481
rl_zero,119.684,3.3359999999999985,0.0,0.0,0.0,0.666239454183515,-0.26365230165823283,0.13027837682445215,153.3120585184997,0.0731660429612919,-0.14730886406825708,1.5245631161388802,0.6182161447591684,-0.2640264988411062,1.3496107575745249,-0.37252252175361206,0.21707911506190378,0.04958692849355364,-0.213620789662902,0.9716335552325928,0.051586826286316306,-0.08736814020897934,-0.022833782026444836,-0.21284022486107415,0.9718184418142368,0.05171713551169823,-0.08713950152084106,1.0,1.0,1.0,1.0,1.0,1.0,1.0,1.0,1.0,1.0,1.0,1.0,80.0,80.0,80.0,80.0,80.0,80.0,80.0,80.0,80.0,80.0,80.0,80.0,10,10,10,10,10,10,10,10,10,10,10,10,-0.961319673559931,-0.02767113451785086,0.6951574430297454,-2.6927214200396463,-0.04027097266796442,2.553098030699873,-2.6933525486877565,0.12504084744993982,2.1852734825284443,-1.378926663395653,-0.21198333616537646,1.270115241857769,-0.825749933719635,-0.12094278633594513,0.6995701193809509,-2.8268117904663086,-0.10339847207069397,2.3064239025115967,-3.017259359359741,0.20152118802070618,2.0978472232818604,-1.2535791397094727,-0.10379326343536377,1.385737657546997,4.389903598886789,-3.435141932718102,1.72718959364434,0.6308282698793981,-6.669312696969396,-12.545724645048777,1.0379585722259388,3.643606200208989,-2.746059550991256,5.060964515625946,5.518098372970482,-2.1949856652403286
rl_zero,119.704,3.3559999999999945,0.0,0.0,0.0,0.6673501873746187,-0.2670587410024217,0.12897669389321115,150.98399625379173,0.07535588820907468,-0.17079365860649057,2.153395045440139,0.3285593462131339,-0.8358975787887744,2.282823929798312,0.0037401245821150064,0.37525063395246644,0.04568623488448261,-0.23309945731018653,0.9669517711910499,0.047396209338487975,-0.09177425855069687,-0.13957350946885214,-0.23093380665268531,0.9674434565832958,0.048057436502931136,-0.09172359595998955,1.0,1.0,1.0,1.0,1.0,1.0,1.0,1.0,1.0,1.0,1.0,1.0,80.0,80.0,80.0,80.0,80.0,80.0,80.0,80.0,80.0,80.0,80.0,80.0,10,10,10,10,10,10,10,10,10,10,10,10,-0.9158073805199809,-0.11432646558845327,0.7244640457053961,-2.689052760011461,-0.14466292155535942,2.2994365176009595,-2.6899567463172973,0.20620525265719358,2.0897481853092827,-1.2727863339856613,-0.09142342691164806,1.3081757928186484,-0.7380234003067017,-0.16780856251716614,0.6830294132232666,-2.655888557434082,-0.21820002794265747,2.0283420085906982,-2.8062567710876465,0.26563262939453125,1.8568415641784668,-1.1225950717926025,-0.004711821675300598,1.4696671962738037,-0.12230583290364883,-4.342849156202196,0.7901582341986964,2.822189612079052,-5.952267729997738,-15.597905568089672,1.453879224322046,5.2105907676402925,-10.664914184125081,9.134016633391667,6.678250437210824,3.2049771921820414
rl_zero,119.724,3.3760000000000048,0.0,0.0,0.0,0.6678737988667537,-0.2709234024719366,0.12501823987339816,147.77373166420207,0.011991189261106185,-0.2016905308368283,3.2493812504059107,0.28168088671330593,-1.192128572857453,3.4062063846767825,0.45411204371315417,0.5005331990927284,0.04830751479905737,-0.2614998586446476,0.9598984847563039,0.039614188764162006,-0.09297009702016305,-0.26293671041498895,-0.2614998586446476,0.9598984847563039,0.039614188764162006,-0.09297009702016305,1.0,1.0,1.0,1.0,1.0,1.0,1.0,1.0,1.0,1.0,1.0,1.0,80.0,80.0,80.0,80.0,80.0,80.0,80.0,80.0,80.0,80.0,80.0,80.0,10,10,10,10,10,10,10,10,10,10,10,10,-0.9191352601474705,-0.19609337035047147,0.7126908875609539,-2.63633361625609,-0.2452225824463623,2.019162711273566,-2.6910726130978775,0.2724429986362997,1.8577175515411923,-1.1266271555600706,0.020059046893447174,1.4209569767371288,-0.8137068748474121,-0.19784526526927948,0.735143780708313,-2.4583661556243896,-0.3104281723499298,1.8086752891540527,-2.684112071990967,0.2801361083984375,1.616658329963684,-1.013805866241455,0.04848967492580414,1.4951081275939941,-0.7997348820636713,-3.21634006171225,-0.9919332718871525,10.229893699576749,-6.993690961543283,-15.194279927532532,1.4541690303431984,2.459246682061325,-14.391528192745954,10.002108728642824,4.029226253907638,4.279591345202948
rl_zero,119.744,3.396000000000001,0.0,0.0,0.0,0.667098997616986,-0.2731834453911887,0.12144876740207354,145.65676903399125,-0.08108198242717708,-0.07229519832451553,2.026479435256496,-1.3042983435648416,-0.28744755817854767,1.8951005640365441,1.227762519252647,-0.8290355087461917,0.05418384043714578,-0.2831378540884526,0.9545730425541826,0.04033285911981654,-0.08364521795211909,-0.16952677614854886,-0.28221287939247164,0.9547889341603654,0.04017557036518802,-0.0843795322086788,1.0,1.0,1.0,1.0,1.0,1.0,1.0,1.0,1.0,1.0,1.0,1.0,80.0,80.0,80.0,80.0,80.0,80.0,80.0,80.0,80.0,80.0,80.0,80.0,10,10,10,10,10,10,10,10,10,10,10,10,-0.9512657077735502,-0.23784219616472235,0.7228435069959174,-2.4299523362155986,-0.3278556647588067,1.7834547431607035,-2.6592902932495157,0.30003914655930064,1.6007867392262245,-1.0383258252866518,0.07296760165830918,1.5059899160798143,-1.021013617515564,-0.1628752499818802,0.8242735862731934,-1.9903160333633423,-0.3792450726032257,1.6058437824249268,-2.463120698928833,0.27092650532722473,1.3667606115341187,-1.1136894226074219,0.021697968244552612,1.5276802778244019,-7.755922281933371,-1.9447348512325928,2.440665485441702,22.26050970875141,-7.225757933193109,-13.749436646837506,11.146305093312494,2.491115452362443,-15.5284973704033,-3.987511940090355,0.2900113931954915,5.090004124583923
rl_zero,119.764,3.415999999999997,0.0,0.0,0.0,0.6638615865528594,-0.2745152222217845,0.11782541235523085,145.61422772841433,-0.2062534595839442,-0.0975447983601292,-0.3310505161124603,-1.9360585047729024,-0.13878791836288346,-0.7369826365367296,1.6417622863729124,-0.8892139336858675,0.05187866928429831,-0.28787824532920514,0.9543166793783983,0.04366415442199925,-0.06707632179075813,-0.18817600813311605,-0.28787824532920514,0.9543166793783983,0.04366415442199925,-0.06707632179075813,1.0,1.0,1.0,1.0,1.0,1.0,1.0,1.0,1.0,1.0,1.0,1.0,80.0,80.0,80.0,80.0,80.0,80.0,80.0,80.0,80.0,80.0,80.0,80.0,10,10,10,10,10,10,10,10,10,10,10,10,-1.1057346779269048,-0.22289124105213798,0.8097527279341952,-2.024405004947142,-0.367333516686128,1.5807563238051596,-2.438620751397517,0.29703412332760504,1.3481926105958237,-1.1700768136590494,0.0531468597530429,1.5805934548792209,-1.502108097076416,-0.13914908468723297,0.9582414627075195,-1.6139984130859375,-0.37010154128074646,1.485041856765747,-2.0814414024353027,0.27150365710258484,1.1349551677703857,-1.540098786354065,-0.0006797313690185547,1.7549736499786377,-23.725980212097078,1.401078031937776,11.47045836672197,23.718854613769963,-1.5156508128302322,-9.231298041625264,22.603817596446348,3.003563848118741,-15.092191811439474,-23.969641858029128,-0.16559196939321025,10.355222016105794
rl_zero,119.784,3.436000000000007,0.0,0.0,0.0,0.6593147551295153,-0.2764577802781107,0.11374004920251202,146.99181524116244,-0.20071787996623133,-0.0921423569039483,-1.4764402169644888,-0.507126320493021,0.24018588928809104,-3.364925233624378,0.47322210084526417,-0.4941060636355334,0.046839684328501684,-0.2797280144343762,0.9575743114601093,0.04845427342611768,-0.04955662780139414,-0.02797705881648209,-0.28345887092387645,0.956477857336203,0.048013998207103996,-0.04995831158351131,1.0,1.0,1.0,1.0,1.0,1.0,1.0,1.0,1.0,1.0,1.0,1.0,80.0,80.0,80.0,80.0,80.0,80.0,80.0,80.0,80.0,80.0,80.0,80.0,10,10,10,10,10,10,10,10,10,10,10,10,-1.4663116731942933,-0.16795800007671868,0.9865433861858302,-1.6577014840961937,-0.34227129622733976,1.4730121844490949,-2.1033891749412934,0.30156541998738895,1.1410934313496295,-1.5290674926121142,0.013090604500892944,1.7506613297231475,-1.9423902034759521,-0.11404410004615784,1.1137723922729492,-1.3158177137374878,-0.3161921799182892,1.5748307704925537,-1.6588090658187866,0.26512259244918823,1.0129671096801758,-1.9930964708328247,-0.09389187395572662,2.0095126628875732,-25.66452590316945,3.53261669790807,11.95994372387764,20.91457181401843,2.9109665598901717,-2.456028080093395,24.213116440055487,3.4729841416919998,-10.33754069980993,-27.228863641646015,-2.074810883990769,15.170624287801493
rl_zero,119.804,3.456000000000003,0.0,0.0,0.0,0.6560185643323111,-0.2773750002352235,0.11382491325798716,147.6635144329705,-0.17408250439299966,-0.06804149093696474,2.3023246324416586,-1.2265265020454892,-0.20864489791090532,1.5259035841171307,1.4064651538562516,-0.6363833745496357,0.04897010243689786,-0.2745549610852405,0.9591862477918189,0.04921825869341657,-0.046463732111414385,-0.13838338018028926,-0.2742988438353493,0.95924812720218,0.04927490545377855,-0.04663859369901854,1.0,1.0,1.0,1.0,1.0,1.0,1.0,1.0,1.0,1.0,1.0,1.0,80.0,80.0,80.0,80.0,80.0,80.0,80.0,80.0,80.0,80.0,80.0,80.0,10,10,10,10,10,10,10,10,10,10,10,10,-1.9042147622398735,-0.13138305034620945,1.1496574884017852,-1.3207618983765812,-0.29696127482069024,1.5335699869565929,-1.684178197247948,0.3179224096408797,0.9941870877021675,-1.9801921710957355,-0.12640274150943664,2.025184369468967,-2.3447389602661133,-0.05434897541999817,1.1161572933197021,-1.0137100219726562,-0.2354694902896881,1.7390003204345703,-1.373238444328308,0.21124276518821716,0.9811173677444458,-2.469625234603882,-0.2908421456813812,2.1668577194213867,-22.447789136723323,-2.0463525750535254,3.6070022989893324,19.462733917404,-0.9340821355877433,3.5781819533803816,21.235698597365527,-21.189940157696178,-4.815876314137873,-23.93449960178102,-10.041577341545926,11.08337350234769
rl_zero,119.824,3.475999999999999,0.0,0.0,0.0,0.6532752905469446,-0.27752155683755125,0.11363104176097577,148.83375818585293,-0.16672925337257094,-0.15650249087263435,0.6009708026246858,-2.4693505158708646,-0.024001669884046062,-0.19258388923162062,1.923474341023747,-1.30882521145906,0.04568977512832577,-0.2657607284074691,0.9620893761519266,0.04710304328023034,-0.039199117919528105,-0.21770353913101387,-0.26622832826927845,0.9619225397053344,0.04743125761390291,-0.039721286924625065,1.0,1.0,1.0,1.0,1.0,1.0,1.0,1.0,1.0,1.0,1.0,1.0,80.0,80.0,80.0,80.0,80.0,80.0,80.0,80.0,80.0,80.0,80.0,80.0,10,10,10,10,10,10,10,10,10,10,10,10,-2.2794604475747127,-0.07332748632768382,1.1318999154830252,-1.0440739021993073,-0.21074952500120503,1.684758876112097,-1.4098677302099336,0.313540900399925,0.9541381758817744,-2.366406069274092,-0.3037617588235557,2.1728562793299044,-2.545145034790039,0.0015646815299987793,0.9133622646331787,-0.8157958984375,-0.17522475123405457,1.7546229362487793,-1.2837929725646973,0.1770077645778656,0.9488327503204346,-2.6375999450683594,-0.5302325487136841,2.032989978790283,-17.31559913367484,3.3478251146220064,-7.4210933439016955,10.988000775930965,-0.21429715845399996,6.85343038711075,15.585239402161427,-24.295606441115677,-1.9925022736664477,-18.592975634683626,-11.848028968453518,-1.1548190941778
rl_zero,119.844,3.495999999999995,0.0,0.0,0.0,0.651439061046234,-0.2761912684478084,0.11244811130423044,151.40256628769006,-0.0382363012148585,-0.04719756175451225,-1.2280576771218594,-3.0369756229164127,-0.14581236348124915,-1.4791825566914296,2.656284380799792,-1.2283240981798453,0.05157417799378734,-0.24568840291727817,0.9682790850702483,0.03791861065430191,-0.025199227240682243,-0.3059896716264729,-0.24568840291727817,0.9682790850702483,0.03791861065430191,-0.025199227240682243,1.0,1.0,1.0,1.0,1.0,1.0,1.0,1.0,1.0,1.0,1.0,1.0,80.0,80.0,80.0,80.0,80.0,80.0,80.0,80.0,80.0,80.0,80.0,80.0,10,10,10,10,10,10,10,10,10,10,10,10,-2.505480842326814,0.04245355943997442,0.8827893915218894,-0.9452228692413849,-0.16971685860990426,1.8433913934031416,-1.279594280404492,0.2883908934378141,0.9547973999330548,-2.587443220174632,-0.5881748312053405,2.0193504801433377,-2.389338731765747,0.13287439942359924,0.571941614151001,-1.0219097137451172,-0.1474704146385193,2.07002854347229,-1.1673057079315186,0.2144210934638977,1.1044902801513672,-2.454862356185913,-0.7863373756408691,1.6426787376403809,4.442392536954975,8.071203170264743,-18.3737560486928,-11.280768033139303,1.0797784271450925,11.656239326134054,15.837986067253858,-19.475417629167815,-1.9425686205857864,6.404694511690028,-15.646627810383077,-20.50495703238886
rl_zero,119.864,3.5160000000000053,0.0,0.0,0.0,0.6513041854669953,-0.27260418827024485,0.10825422694784068,156.26054861892203,-0.09776668289707266,-0.10624902511862867,-7.046154789604825,-3.1236400894531213,1.4165519704374672,-6.929501214309608,1.951811881330325,-2.262449822816888,0.05123060525134217,-0.20542911551978696,0.9781793761380954,0.029290175342778578,-0.010299137014034282,-0.5577288184106427,-0.2091788008973158,0.9773753729437792,0.029376720090105137,-0.010891186111582053,1.0,1.0,1.0,1.0,1.0,1.0,1.0,1.0,1.0,1.0,1.0,1.0,80.0,80.0,80.0,80.0,80.0,80.0,80.0,80.0,80.0,80.0,80.0,80.0,10,10,10,10,10,10,10,10,10,10,10,10,-2.3442039584981034,0.16734306510278163,0.5454669890329331,-1.1023152283807418,-0.0925670273141872,2.0956464490040148,-1.2335034563817286,0.2911311554790812,1.0848863075094348,-2.4104028586421586,-0.7969239307275524,1.6671336313316676,-1.6632819175720215,0.30382677912712097,0.21623271703720093,-1.8630480766296387,0.044625699520111084,2.56961989402771,-1.3274058103561401,0.2820398807525635,1.3925249576568604,-1.948244571685791,-0.7602344751358032,1.2049541473388672,23.213782690264157,12.36130542320632,-19.740211376696386,-30.19573363680935,12.92236465589372,22.411218402439037,-1.2927802616010151,-20.49648118816281,11.297510737808956,21.792402180190688,1.983665799483063,-24.393583093476238
rl_zero,119.884,3.5360000000000014,0.0,0.0,0.0,0.6481724572664488,-0.268963760652191,0.10279188707157363,161.64294474986937,-0.2140516436398502,-0.1818806059865161,-3.3723459620515452,-3.106270909788302,2.4148872448913625,-2.8721484649714837,2.2463828669721893,-3.256754078978749,0.054382790697838385,-0.15948185667848444,0.9868036325280167,0.02783445985582614,0.003061219434871536,-0.48325383292472346,-0.16426205784530873,0.9860254480778425,0.02775848146442677,0.0011219635035380768,1.0,1.0,1.0,1.0,1.0,1.0,1.0,1.0,1.0,1.0,1.0,1.0,80.0,80.0,80.0,80.0,80.0,80.0,80.0,80.0,80.0,80.0,80.0,80.0,10,10,10,10,10,10,10,10,10,10,10,10,-1.889024656742988,0.2883931693773407,0.2092305819179856,-1.5067447623939598,0.07565261933105116,2.4008927004646736,-1.353278637828753,0.31694189432167885,1.3646000828712053,-2.0362839607013026,-0.7979643498069056,1.3219273113921801,-1.478214979171753,0.2934974133968353,0.27446651458740234,-2.1584153175354004,0.1100766658782959,2.759202003479004,-1.6694375276565552,0.3307674825191498,1.744398593902588,-1.831478238105774,-0.6657744646072388,1.0856854915618896,21.82285197299249,4.920540642020961,-9.679453838549364,-26.79332009893128,14.994824392952717,10.112462569574237,-8.205568158423677,-35.526538500531395,15.284177408567409,18.56481100147751,6.4000834367587025,-20.69905936676076
rl_zero,119.904,3.5559999999999974,0.0,0.0,0.0,0.6450811509404862,-0.2651369443478204,0.0998015588358011,162.0134114849672,-0.19676756218874009,-0.12989186650600215,2.3445251130019615,-1.4627447628492891,1.9770096160393102,2.1381739968586886,0.4844857323499047,-1.7371404716663232,0.04928810478237376,-0.1558687184242425,0.9873808624528592,0.02536619979152434,0.011854576617007246,-0.3776569084174973,-0.15629187675550085,0.987326144649247,0.024785769134212324,0.012066441095994189,1.0,1.0,1.0,1.0,1.0,1.0,1.0,1.0,1.0,1.0,1.0,1.0,80.0,80.0,80.0,80.0,80.0,80.0,80.0,80.0,80.0,80.0,80.0,80.0,10,10,10,10,10,10,10,10,10,10,10,10,-1.555811857679207,0.28301392022796446,0.18134656772515534,-1.9704556911930924,0.22619146057010742,2.5887245303498077,-1.62828717720146,0.24471797864007705,1.7251432494977337,-1.8455907356266232,-0.7100321231468119,1.11111807807983,-1.383801817893982,0.2108006775379181,0.47287625074386597,-2.5427019596099854,0.07383809983730316,2.917593479156494,-2.1434895992279053,0.25663653016090393,2.171584367752075,-1.6089733839035034,-0.5324169397354126,1.2207123041152954,9.312147591455483,-3.881823044012494,7.599050167874207,-23.805980738085534,2.707755649150952,9.999211241784062,0.6153608683840686,-36.39088480158448,0.972020345188207,10.894241682505472,4.135439916044573,-8.875691130603393
rl_zero,119.924,3.5760000000000076,0.0,0.0,0.0,0.6443715045301114,-0.26534988176487606,0.09886215356819587,160.91210940111708,0.03812971852146878,-0.06610400658674113,2.3399408722500032,1.497884588312731,-0.06709192660620537,2.0037465154402074,-1.1479373340435366,0.6040749245446609,0.05189516470440769,-0.16537113154587296,0.9859313960027327,0.021173249090457893,0.011973502006253281,0.17766554365247308,-0.164196040523556,0.986115158988093,0.02134840906955303,0.012680651421497493,1.0,1.0,1.0,1.0,1.0,1.0,1.0,1.0,1.0,1.0,1.0,1.0,80.0,80.0,80.0,80.0,80.0,80.0,80.0,80.0,80.0,80.0,80.0,80.0,10,10,10,10,10,10,10,10,10,10,10,10,-1.3943243700769123,0.21866268753645368,0.41086139818621525,-2.391945429279974,0.26828976931902293,2.7602815815407347,-2.063826079738045,0.03752225814852039,1.6892181870445837,-1.646170583372558,-0.5758815975886851,1.1496504244963788,-1.2622321844100952,0.09751468896865845,0.5443227887153625,-2.8538424968719482,0.0283079594373703,2.8977270126342773,-2.7211108207702637,0.163665771484375,2.306563138961792,-1.4253493547439575,-0.4332630932331085,1.2098736763000488,10.907290101972617,-5.367491007221263,12.154039102381502,-21.55505513039186,-2.0427884129860687,6.8380457465489535,-27.108511076660267,3.970370279020509,1.1769626795631005,13.30266962896846,3.1273563798803563,4.962433418404394
rl_zero,119.944,3.5960000000000036,0.0,0.0,0.0,0.6461662194939821,-0.2680899943479062,0.10587798986220733,158.0992890540877,0.11487384188080299,-0.15477266769181927,2.2830333793633732,2.683091974409935,-0.3911631445787596,2.3396238634189217,-2.4182240894676683,1.2184285403556834,0.04509347584620353,-0.1896795333468051,0.9816906738513121,0.014115017045372878,-0.010288916196759664,0.43478816341570303,-0.18622556926327685,0.9823646650956025,0.015404333150296726,-0.006512191978746952,1.0,1.0,1.0,1.0,1.0,1.0,1.0,1.0,1.0,1.0,1.0,1.0,80.0,80.0,80.0,80.0,80.0,80.0,80.0,80.0,80.0,80.0,80.0,80.0,10,10,10,10,10,10,10,10,10,10,10,10,-1.211135589738852,0.10962780503338632,0.607116497278053,-2.672246652993503,0.2166670581317076,2.818071968798943,-2.5999014725787566,0.04583088360352239,1.7813027504730972,-1.4302933718079993,-0.4818906136343326,1.2577350409219328,-1.0012328624725342,0.026589900255203247,0.5663402676582336,-3.014063835144043,0.03136979043483734,2.7982394695281982,-3.2299630641937256,0.1358489990234375,2.3287901878356934,-1.38074791431427,-0.35140344500541687,1.1511863470077515,16.913547046384977,-4.157684422795694,3.397690027502638,-5.250288495805372,-3.6117010890313104,0.24847765905002794,-17.78171215100184,-0.3639016366408445,7.665593047217657,7.9722581553323675,5.230665960134221,3.7696036625776257
rl_zero,119.964,3.6159999999999997,0.0,0.0,0.0,0.6487863832501606,-0.27132571175490744,0.11617928911795825,155.37711139262706,0.15966472049410976,-0.15565703338574813,1.780677981488873,3.1372076681957863,-0.36798586511493236,1.6793784932516902,-2.8032815978474033,1.4909864053534163,0.053122060520116234,-0.20955317738017676,0.9769890297069818,0.005225498312441929,-0.039402992899897654,0.5458950134814723,-0.2086395766773796,0.977240605358093,0.005698243777464345,-0.03791907568868913,1.0,1.0,1.0,1.0,1.0,1.0,1.0,1.0,1.0,1.0,1.0,1.0,80.0,80.0,80.0,80.0,80.0,80.0,80.0,80.0,80.0,80.0,80.0,80.0,10,10,10,10,10,10,10,10,10,10,10,10,-0.9873896543687515,0.03109848999797027,0.6577574413900029,-2.692795946975947,0.13441041828633704,2.7855560024175805,-2.693466517404979,0.04944588107320769,1.9530500105691218,-1.3441506182614997,-0.37422288560127637,1.2646515414062938,-0.7284806966781616,-0.06700737774372101,0.6587163209915161,-2.8974645137786865,0.04918360710144043,2.5618913173675537,-3.139920949935913,0.14655372500419617,2.1070146560668945,-1.3058371543884277,-0.26169002056121826,1.2629644870758057,6.687122889327927,-3.5106560825528446,1.6051042039823051,1.1674541348616057,-5.749878314174655,-7.406139316766226,0.8782084573429447,2.9015457247317418,8.40501858227256,2.6226693548869298,5.5258201144687265,-1.4666992668761045
rl_zero,119.984,3.6359999999999957,0.0,0.0,0.0,0.6523845557367594,-0.27422680928965937,0.12541945199460786,152.44561324619278,0.21484545071539143,-0.13378375267200354,2.4242945074749302,2.5268461313653825,-0.9270076608701379,2.4831326790524426,-1.9944627945730364,1.581471736773759,0.04569804750303758,-0.2287130258968804,0.9712167127150815,-0.004915426701351616,-0.06636480474127358,0.3655886663211253,-0.22751084498790053,0.9715784781561153,-0.004256739656413558,-0.06523769128530044,1.0,1.0,1.0,1.0,1.0,1.0,1.0,1.0,1.0,1.0,1.0,1.0,80.0,80.0,80.0,80.0,80.0,80.0,80.0,80.0,80.0,80.0,80.0,80.0,10,10,10,10,10,10,10,10,10,10,10,10,-0.919091628816326,-0.04989868414781373,0.6902323770678125,-2.688408768229861,0.020260318920564124,2.5817570429519723,-2.687744861578051,0.13226300055051343,2.0824298934507404,-1.301430355238633,-0.2610737457216228,1.2496611487063394,-0.6599410772323608,-0.15371419489383698,0.6875802278518677,-2.7241218090057373,-0.11501660943031311,2.278496026992798,-2.898514986038208,0.20945954322814941,1.9992318153381348,-1.1425814628601074,-0.12603554129600525,1.452186942100525,0.8259128515618442,-5.086146082400219,1.5262273909716497,0.6840064056240536,-7.562215429417859,-14.366577026902151,0.929958251142039,5.107356541859296,1.6510002841507028,5.387666683294151,6.444128280737061,0.18320499966328363
rl_zero,120.004,3.656000000000006,0.0,0.0,0.0,0.6566403490517005,-0.27682029538438985,0.1308483962083402,148.47645606993828,0.242791936188621,-0.13961586844306045,3.7064571081299342,2.2695817548664268,-1.6367350476343183,3.84572093883474,-1.557777781944126,1.9202222954515136,0.04810041596595302,-0.2572020308033348,0.9621866893631283,-0.02023533246288684,-0.08737517658453965,0.21720472379928085,-0.25536964679046076,0.9627764609095167,-0.019317912690302638,-0.08645604701784089,1.0,1.0,1.0,1.0,1.0,1.0,1.0,1.0,1.0,1.0,1.0,1.0,80.0,80.0,80.0,80.0,80.0,80.0,80.0,80.0,80.0,80.0,80.0,80.0,10,10,10,10,10,10,10,10,10,10,10,10,-0.9167793244625173,-0.1699569475839473,0.7082668735208264,-2.6818993102237076,-0.15366552795711375,2.2685352675202353,-2.6883676502250156,0.21821303435509876,2.0113457109245587,-1.176688988372347,-0.10412376688369207,1.3578560451648514,-0.7505142688751221,-0.20017601549625397,0.716030478477478,-2.614664077758789,-0.2494540512561798,2.0141117572784424,-2.7824923992156982,0.24345985054969788,1.8180549144744873,-1.0870732069015503,-0.05757565796375275,1.5051219463348389,-0.05195915498318082,-5.43017309514692,0.09493966544451515,3.9954927478133655,-9.303898684553197,-16.00055780556969,0.7548092659531864,3.2006679526072936,-9.12505729138347,6.458111951653912,6.766957475388965,6.904717968549007
rl_zero,120.024,3.676000000000002,0.0,0.0,0.0,0.6612653235601439,-0.2790739512310995,0.13483264080576007,144.24590122630653,0.22692354120293096,-0.040492844656725833,2.372438646271042,0.8368630616198953,-0.8990296797733073,2.585068067821971,-0.5728956967237893,0.7996002995273037,0.05018895389353731,-0.2893440687027304,0.951094403525431,-0.034431493788808006,-0.10253739671274052,0.20668675512658527,-0.28827037817318557,0.9514562831133444,-0.034088218100641714,-0.10231873620579575,1.0,1.0,1.0,1.0,1.0,1.0,1.0,1.0,1.0,1.0,1.0,1.0,80.0,80.0,80.0,80.0,80.0,80.0,80.0,80.0,80.0,80.0,80.0,80.0,10,10,10,10,10,10,10,10,10,10,10,10,-0.9233088225544295,-0.24195476568500052,0.7163100913771316,-2.5983794892491208,-0.2761179833410887,1.9980925565204295,-2.6899223957810046,0.2687714240243668,1.813727457147147,-1.0721885107116016,-0.00898428772774551,1.4828710472071274,-0.7995100021362305,-0.22014686465263367,0.7496209144592285,-2.378300666809082,-0.3361375033855438,1.782700538635254,-2.6719720363616943,0.26617321372032166,1.5716146230697632,-0.968986988067627,0.009097203612327576,1.5742180347442627,2.0955378965896005,-1.3628019966858074,-1.2301929951815982,12.649982564887406,-7.2970469295199605,-14.993336880748005,2.0622675625441076,2.545341552838121,-13.312297427084857,7.956732058379258,2.7689780564009836,3.4288580217419478
rl_zero,120.044,3.695999999999998,0.0,0.0,0.0,0.6647343601216721,-0.2791845935439566,0.13879803802875965,142.43692467861595,0.14910462851707207,-0.00552038294168878,1.0812789518080475,0.2873951929046181,-0.5497025551277339,1.1403606959359103,-0.1433944106466205,0.4003534414089958,0.05171124668119012,-0.3036990740052668,0.9459424005692997,-0.039170402498684254,-0.1068902559713717,0.1510651011709207,-0.30316651604547884,0.9461311591110012,-0.0389279297415336,-0.10681998686649405,1.0,1.0,1.0,1.0,1.0,1.0,1.0,1.0,1.0,1.0,1.0,1.0,80.0,80.0,80.0,80.0,80.0,80.0,80.0,80.0,80.0,80.0,80.0,80.0,10,10,10,10,10,10,10,10,10,10,10,10,-0.9510929016117506,-0.2647899865466776,0.7397855885081102,-2.3486713146619227,-0.34505976816240924,1.7632889070977775,-2.646882096618147,0.2857662893345445,1.5638327538629824,-1.0089025353247596,0.03364321483027677,1.5773874446511043,-1.0281941890716553,-0.20640882849693298,0.8148103952407837,-1.9377331733703613,-0.3717872202396393,1.5821547508239746,-2.440971851348877,0.2593249976634979,1.3565092086791992,-1.1249456405639648,0.0038648098707199097,1.6046828031539917,-8.085016682515013,-0.6575004812765423,4.424893622587613,22.42352127571465,-5.3216344237783355,-13.573181649705461,11.75724913956403,2.319889651068342,-14.931227277671226,-7.30110955127177,1.0376318089104042,7.003665328729583
rl_zero,120.064,3.715999999999994,0.0,0.0,0.0,0.6670352721763996,-0.2792282140946044,0.14067760384025885,142.41781832631855,0.09483995399721337,-0.021794690084886912,-0.33561571017490566,-0.21515486183835744,-0.34668432678556943,-0.7343722931678222,0.3806634786691394,0.22446443930085613,0.05182581569643596,-0.3043874025919957,0.9457438444488097,-0.042523608264166096,-0.10539749793367953,0.07504308393254237,-0.30478943665918024,0.945592036207283,-0.042236478750390674,-0.10571272499141882,1.0,1.0,1.0,1.0,1.0,1.0,1.0,1.0,1.0,1.0,1.0,1.0,80.0,80.0,80.0,80.0,80.0,80.0,80.0,80.0,80.0,80.0,80.0,80.0,10,10,10,10,10,10,10,10,10,10,10,10,-1.0778451271531297,-0.24446835234439934,0.8159296719781182,-1.9805871485579791,-0.36132056286257175,1.5722018554411665,-2.4365618132374145,0.2738995436598106,1.3459202029904471,-1.1453681054871225,0.02004702576753825,1.6561134367732473,-1.469625473022461,-0.16997438669204712,0.9742188453674316,-1.5786317586898804,-0.36887064576148987,1.4806036949157715,-2.0413806438446045,0.2496659755706787,1.129198431968689,-1.5223714113235474,-0.022705644369125366,1.8446877002716064,-23.34952339103956,1.1982676538705515,10.664013334349969,21.53755920457789,-0.7075643938012222,-8.854700228450909,21.040449310791004,2.8075867209674206,-13.38576968300233,-23.539973586946555,0.8216169792937085,9.969323600228176
rl_zero,120.084,3.736000000000004,0.0,0.0,0.0,0.6687088318028767,-0.2797237712901552,0.14124496779351375,142.935459400529,0.07362604376853879,-0.05514319598929585,-0.2429423432840879,-0.22388514038961782,-0.12386103029716046,-0.20474274608127443,0.2871987184701107,0.009186789980260424,0.0456305945024405,-0.30125708039157856,0.947104032888204,-0.04441279756617269,-0.1013194246587874,0.027328234244476876,-0.30125708039157856,0.947104032888204,-0.04441279756617269,-0.1013194246587874,1.0,1.0,1.0,1.0,1.0,1.0,1.0,1.0,1.0,1.0,1.0,1.0,80.0,80.0,80.0,80.0,80.0,80.0,80.0,80.0,80.0,80.0,80.0,80.0,10,10,10,10,10,10,10,10,10,10,10,10,-1.4520833045630157,-0.20801618514544007,0.987046397955937,-1.6224792362055096,-0.3514320483651918,1.4622385560798765,-2.067953478914008,0.2583237347044838,1.1269217259067865,-1.5191956849968182,-0.015636707327908894,1.827028136925307,-1.9661146402359009,-0.14305071532726288,1.1534180641174316,-1.2773927450180054,-0.3184874355792999,1.5806987285614014,-1.618165373802185,0.2171877920627594,1.0119692087173462,-2.013927936553955,-0.11719533801078796,2.0807411670684814,-27.05325280948496,1.164162521033384,11.15588174965343,19.50309929452336,0.9547679976397567,-2.822295457789267,21.76422266809893,-0.39132904516380435,-9.884477835096037,-27.153198762625347,-1.8395362558379924,13.101616513035305
rl_zero,120.104,3.7560000000000002,0.0,0.0,0.0,0.6699484084369363,-0.28077295023490595,0.14156150717481245,143.44619158354598,0.03457810516140244,-0.05216043092397879,-0.10200569691736967,-0.46411477808675533,-0.20287432372883768,-0.17009042937666943,0.5516280766170166,-0.09903057132030384,0.05136097863966444,-0.29783060577664555,0.9485134510676823,-0.04439794012397485,-0.09822416362148295,0.005798338310286474,-0.2978593228446709,0.948479712616421,-0.044365844147088766,-0.09847705531088045,1.0,1.0,1.0,1.0,1.0,1.0,1.0,1.0,1.0,1.0,1.0,1.0,80.0,80.0,80.0,80.0,80.0,80.0,80.0,80.0,80.0,80.0,80.0,80.0,10,10,10,10,10,10,10,10,10,10,10,10,-1.9335342661262507,-0.1733286969860499,1.1672242732998672,-1.295420173618588,-0.29216890310856325,1.523206168719665,-1.6578583338351507,0.22097202307803787,0.9818238141034019,-2.0021797326857307,-0.12501361660723198,2.076928290071006,-2.4119255542755127,-0.08488619327545166,1.1467868089675903,-1.0167393684387207,-0.23232179880142212,1.7392537593841553,-1.3451423645019531,0.14417937397956848,0.98589026927948,-2.51953125,-0.27251380681991577,2.209294557571411,-24.37620342602095,1.3382685582151075,5.7358422012720185,18.12791064610034,2.910989375674472,5.0913288316384,21.34631261558829,-2.9716158451227814,-5.401644382314801,-25.596094009779947,-7.800333628072012,11.379023719474354
rl_zero,120.124,3.7759999999999962,0.0,0.0,0.0,0.6700681975051356,-0.2819192863820446,0.14131767954045976,144.7060290209447,-0.017817811953804157,-0.057830354963897136,-0.6160767579707428,-1.6466236945743298,-0.7262887786754022,-0.5552433511144573,1.5693435007005823,-0.25604168402412225,0.05016169875579197,-0.2899640277411288,0.9518994858402422,-0.04457089339483715,-0.08844018846209091,-0.06174780452557348,-0.2904525824073671,0.9515957800311149,-0.04434037982903391,-0.09020365578225123,1.0,1.0,1.0,1.0,1.0,1.0,1.0,1.0,1.0,1.0,1.0,1.0,80.0,80.0,80.0,80.0,80.0,80.0,80.0,80.0,80.0,80.0,80.0,80.0,10,10,10,10,10,10,10,10,10,10,10,10,-2.3250200831429,-0.10767306219818451,1.1571648585490344,-1.0456619734008097,-0.20945348544382547,1.6825999649650658,-1.3873482423193941,0.14915598022339172,0.9514218787128383,-2.4220700723965685,-0.2801553476610241,2.206733243866916,-2.5698046684265137,-0.01744064688682556,0.8992812037467957,-0.8719021677970886,-0.16331154108047485,1.777296543121338,-1.2601155042648315,0.0749550610780716,0.9742943048477173,-2.680943250656128,-0.4851754605770111,2.059319257736206,-17.045666906485685,5.116750766082776,-8.208847051373645,11.280843067652867,1.9505292599627415,8.132326958757975,10.59047140646604,-5.303833615015232,-0.44187003556287974,-18.171130298840875,-11.271945832370962,-1.3477600226646864
rl_zero,120.144,3.7960000000000065,0.0,0.0,0.0,0.6693388625666523,-0.2829916604484057,0.13804902415951656,147.49853188048863,-0.059622904320064105,-0.0312866247564174,-2.678852190655441,-2.0894972162685663,-0.5350461528304541,-2.467971823444689,2.3601998141784843,-0.3565769290039916,0.05842209059539905,-0.27162192966937976,0.9589203722440989,-0.04648181052636321,-0.06732524272598459,-0.26372827199120374,-0.27283935636590784,0.9584972345470919,-0.046418808011137506,-0.06846189630911208,1.0,1.0,1.0,1.0,1.0,1.0,1.0,1.0,1.0,1.0,1.0,1.0,80.0,80.0,80.0,80.0,80.0,80.0,80.0,80.0,80.0,80.0,80.0,80.0,10,10,10,10,10,10,10,10,10,10,10,10,-2.5160670124032443,0.019997235899626098,0.8652838989826126,-0.9803277271563049,-0.14760403515639986,1.8666245609698713,-1.272670937923162,0.0639632010044009,0.978051767862814,-2.6278643444798027,-0.5184192951469608,2.0276830583093535,-2.288513660430908,0.13669955730438232,0.48902007937431335,-1.1880673170089722,-0.1264084279537201,2.16228985786438,-1.2077659368515015,0.0792265385389328,1.1901508569717407,-2.4413795471191406,-0.6967257261276245,1.6211673021316528,11.615377300470833,11.212094959343258,-22.079360226933588,-21.325182358228542,5.419990327034787,17.97182386112032,1.6661017574723038,-3.1073767836458606,4.347871631389776,9.7833559278366,-16.858998929724184,-20.52918471735121
rl_zero,120.164,3.8160000000000025,0.0,0.0,0.0,0.6677329893382041,-0.28411856084681947,0.1319069451935978,153.3053598962089,-0.15413114073396586,-0.0793106863464994,-9.365878784796664,-1.1806857389456964,1.5246008009601535,-6.986034384750734,1.6480744157884368,-1.0175781534786044,0.05623276043423498,-0.2258897795990417,0.9720858311757063,-0.041902809534639276,-0.047614061507462106,-0.43206608710194666,-0.2304509238393671,0.9709568541340405,-0.04255372323321986,-0.04821140685252929,1.0,1.0,1.0,1.0,1.0,1.0,1.0,1.0,1.0,1.0,1.0,1.0,80.0,80.0,80.0,80.0,80.0,80.0,80.0,80.0,80.0,80.0,80.0,80.0,10,10,10,10,10,10,10,10,10,10,10,10,-2.251664974952777,0.17387372649395783,0.48593956688980633,-1.2377248881682226,-0.06495817187984443,2.1739000018377084,-1.2963918648774886,0.06414255804731628,1.1703311646818815,-2.3995611892016866,-0.6913530061458815,1.6419489803328666,-1.5449689626693726,0.31521889567375183,0.1991766095161438,-1.9827141761779785,0.07202157378196716,2.618013858795166,-1.4968863725662231,0.13149511814117432,1.5534006357192993,-1.9596199989318848,-0.6621556282043457,1.1961796283721924,27.220409850625362,14.158016383600469,-20.255681190949858,-27.497395502786855,14.193752218317044,23.338228884415216,-20.068483710066573,3.3696286666553696,21.786481883917364,22.625790850907432,-0.8780578169860327,-21.83728258069236
rl_zero,120.184,3.8359999999999985,0.0,0.0,0.0,0.6636736658262203,-0.28564947834608806,0.12229348767498113,161.28184963461533,-0.2562536876545528,-0.03936195581985228,-3.3420143665995496,-2.3267866490880094,1.6246439031850828,-3.8081055121266516,1.8997795102935078,-1.7813334326936026,0.041086762945610145,-0.15944677355432385,0.9862941481585621,-0.027895984369463066,-0.03197489276527941,-0.3837284795621577,-0.16104448992351564,0.9859725417530601,-0.028811151609371897,-0.033056568442992595,1.0,1.0,1.0,1.0,1.0,1.0,1.0,1.0,1.0,1.0,1.0,1.0,80.0,80.0,80.0,80.0,80.0,80.0,80.0,80.0,80.0,80.0,80.0,80.0,10,10,10,10,10,10,10,10,10,10,10,10,-1.7584869036499233,0.3114624820718719,0.17908745510148094,-1.6350295071540453,0.06957638439908465,2.517150584498168,-1.4936499088172202,0.06120523656051535,1.5264146058721995,-2.026730891740044,-0.6887027967692285,1.2784088011396424,-1.4396226406097412,0.2875862121582031,0.3219159245491028,-2.2710084915161133,0.14635156095027924,2.8189456462860107,-1.8763904571533203,0.15839093923568726,1.9500184059143066,-1.8480852842330933,-0.5613222122192383,1.1162980794906616,20.726129594314884,2.3292498151200274,-7.720500802218596,-22.719721475268194,11.820332455235755,9.039872138325086,-23.121677241051927,-3.980854657217783,23.709700127053026,13.427889633622726,1.6265221020204874,-15.238797898854761
rl_zero,120.204,3.8559999999999945,0.0,0.0,0.0,0.6597468176941149,-0.28629731149768517,0.1152539198353866,162.89066624599212,-0.18317586626368798,-0.03363103271759201,1.28966734870805,-1.7400721235709875,1.095206408261578,1.2887524866871085,1.3114846379119636,-1.584201696384789,0.04831706352952897,-0.14826332941445977,0.9888208210811847,-0.010292452243508181,-0.012059617493359008,-0.34816473101815243,-0.14826332941445977,0.9888208210811847,-0.010292452243508181,-0.012059617493359008,1.0,1.0,1.0,1.0,1.0,1.0,1.0,1.0,1.0,1.0,1.0,1.0,80.0,80.0,80.0,80.0,80.0,80.0,80.0,80.0,80.0,80.0,80.0,80.0,10,10,10,10,10,10,10,10,10,10,10,10,-1.4961426438557242,0.2836547335114359,0.2187135833786833,-2.0654735573697858,0.22556228065792894,2.684690063105558,-1.8073475413133,0.10160374968327446,1.9122879069838667,-1.867724823642253,-0.6122202310059262,1.1074869865205308,-1.3321585655212402,0.1917780041694641,0.5107625722885132,-2.643017053604126,0.0897098183631897,2.9457688331604004,-2.3620591163635254,0.1469387412071228,2.3635263442993164,-1.581860899925232,-0.41813281178474426,1.266545057296753,9.17652819744608,-5.271939148819116,8.207073284512127,-21.494773649347614,2.633730807790986,8.396003422227928,-6.980364895347661,0.5386371658681919,2.083740658039495,10.47048844970565,3.906550305975687,-2.4896718421165644
rl_zero,120.224,3.8760000000000048,0.0,0.0,0.0,0.6586016017755503,-0.28731495930381695,0.11491542945563,161.50635932140676,-0.014172624728948771,-0.08568405098569494,1.8381436248034795,1.3905241077199617,-0.4565255918814331,1.829734643212136,-1.2284014215848307,0.8147674382770138,0.03865550284937193,-0.15971597343797903,0.9869355259199388,-0.011734622085926441,-0.017645796961127905,0.16967503644542428,-0.15971597343797903,0.9869355259199388,-0.011734622085926441,-0.017645796961127905,1.0,1.0,1.0,1.0,1.0,1.0,1.0,1.0,1.0,1.0,1.0,1.0,80.0,80.0,80.0,80.0,80.0,80.0,80.0,80.0,80.0,80.0,80.0,80.0,10,10,10,10,10,10,10,10,10,10,10,10,-1.316579392840076,0.17210468498383502,0.46662894152898016,-2.5098514896381845,0.2527863732576021,2.8101505102642115,-2.243721767398636,0.0570005809938019,1.9240776669932682,-1.603574669758201,-0.48552541226151824,1.2326571959823376,-1.1678762435913086,0.06536439061164856,0.5640899538993835,-2.9009194374084473,0.026513904333114624,2.848785161972046,-2.853482246398926,0.09797827899456024,2.427004337310791,-1.4390575885772705,-0.3358185589313507,1.1743534803390503,13.439778735190579,-5.269714167761661,9.938745567187983,-18.319679022192705,-2.140237939228066,2.0041645952849416,-23.933817459653604,-5.64456909736733,5.664323041432718,15.87842923211183,5.794448727798141,5.113248919058196
rl_zero,120.244,3.896000000000001,0.0,0.0,0.0,0.6587784225581073,-0.28926836150613533,0.1210326636545941,159.26702912343097,0.027889137964908453,-0.108001026562197,1.7924929745136176,2.254940077581324,-0.4996468788932156,1.7136578439220544,-2.0971491917348852,1.1561587850455488,0.04391254834799321,-0.176477560034176,0.9834865533295083,-0.019350291657925008,-0.03514877575650594,0.3960551372852722,-0.176477560034176,0.9834865533295083,-0.019350291657925008,-0.03514877575650594,1.0,1.0,1.0,1.0,1.0,1.0,1.0,1.0,1.0,1.0,1.0,1.0,80.0,80.0,80.0,80.0,80.0,80.0,80.0,80.0,80.0,80.0,80.0,80.0,10,10,10,10,10,10,10,10,10,10,10,10,-1.1289175343333273,0.07633625119515575,0.6273731592462131,-2.6904328532853112,0.20379985620634233,2.8170953348248045,-2.633600323132754,-0.021751240381921555,2.0449209689448065,-1.4225271279332556,-0.37406654070961576,1.2869122890155662,-0.9472646713256836,-0.008510202169418335,0.6219480633735657,-3.0166001319885254,0.041413813829422,2.6851682662963867,-3.2217564582824707,0.04238630831241608,2.411452531814575,-1.4166324138641357,-0.25146764516830444,1.1728880405426025,14.84877364933236,-4.088830560883214,3.7399993395080675,-2.19631611397783,-3.9129389299221464,-2.6632667428834456,-11.783891949734222,-1.829542756444421,7.417496025544851,4.324446587512782,5.57549847542475,0.5524550405587798
rl_zero,120.264,3.915999999999997,0.0,0.0,0.0,0.6596599342820195,-0.29139805321030643,0.1293066769608283,157.0261601327383,0.07648964393070092,-0.09847587458493096,1.2150378276929041,2.2200639350883398,-0.41507733034318745,1.0002106163268678,-2.0815364908525495,1.0973369219230418,0.048666451620985235,-0.19061390130588007,0.9795948040772394,-0.027121922343803916,-0.05766074732609405,0.40717824289910487,-0.19002786414933526,0.9797810276791912,-0.026742363652241634,-0.05659853914228983,1.0,1.0,1.0,1.0,1.0,1.0,1.0,1.0,1.0,1.0,1.0,1.0,80.0,80.0,80.0,80.0,80.0,80.0,80.0,80.0,80.0,80.0,80.0,80.0,10,10,10,10,10,10,10,10,10,10,10,10,-0.9488543952305815,0.00141610249551416,0.6964923036208672,-2.6947366774717363,0.09286077730335851,2.6895637397917014,-2.693996269443425,-0.020129310903964637,2.180651297543424,-1.3855744038800806,-0.2643646156069961,1.2471724459922786,-0.7715197801589966,-0.09494885802268982,0.7337960004806519,-2.8859548568725586,-0.0027922391891479492,2.413808584213257,-3.103966236114502,0.06586761772632599,2.209174871444702,-1.2923626899719238,-0.14239662885665894,1.3337188959121704,3.01558890512378,-3.570961251459011,3.746890131229173,0.998928626613294,-7.231516318792908,-10.667624782997347,0.9128402671459748,2.9443042873352754,5.359561219454163,2.8607053734820735,5.742254918534344,-2.942721238490908
rl_zero,120.284,3.936000000000007,0.0,0.0,0.0,0.6622181567580234,-0.29325014207960143,0.13602849970959047,154.55446149584043,0.16534875036356025,-0.08056292306105867,1.8085388664060054,1.5030456382293444,-0.9677554650320185,1.6774644425158298,-1.6915825978466803,1.1291423688189666,0.05620310269900316,-0.2063134371473896,0.9747644003766806,-0.03648848318581382,-0.07705660260820844,0.22159461150978568,-0.2027807748465311,0.9758058241184591,-0.034417361266791714,-0.07415117134993056,1.0,1.0,1.0,1.0,1.0,1.0,1.0,1.0,1.0,1.0,1.0,1.0,80.0,80.0,80.0,80.0,80.0,80.0,80.0,80.0,80.0,80.0,80.0,80.0,10,10,10,10,10,10,10,10,10,10,10,10,-0.9160996057081583,-0.08548716759381936,0.7617307022120023,-2.689954497225881,-0.043330937342315856,2.4259463934820076,-2.6872485205868717,0.0632527421623692,2.211203020975198,-1.3133218577702053,-0.13289346010165914,1.2598910167572335,-0.6963547468185425,-0.16146300733089447,0.7358054518699646,-2.7114744186401367,-0.16178348660469055,2.094285726547241,-2.8754160404205322,0.145290344953537,2.016840934753418,-1.1518676280975342,-0.01231299340724945,1.4512780904769897,-0.05022045590864099,-4.506855532586197,2.2626372464092475,0.7934707204597977,-7.267982649969882,-15.933262552463566,1.0460899854769172,5.1853608652426715,-5.078816261845331,7.185299721691279,6.975108587798924,2.3772255985484563
rl_zero,120.304,3.956000000000003,0.0,0.0,0.0,0.6650973290309671,-0.2951106137449465,0.13899612773172623,151.43789205984575,0.15292948629050945,-0.10175303623552995,2.78875507954652,1.0432105651975034,-1.5095202569318034,2.9617313879483316,-0.6989513442942136,1.3680762427216462,0.04892345644289303,-0.2299450057773219,0.9678382640858083,-0.049383960933575034,-0.08930628920713134,0.06915287248530151,-0.2285535095714159,0.9682414011432917,-0.04865799357390106,-0.08890602924451288,1.0,1.0,1.0,1.0,1.0,1.0,1.0,1.0,1.0,1.0,1.0,1.0,80.0,80.0,80.0,80.0,80.0,80.0,80.0,80.0,80.0,80.0,80.0,80.0,10,10,10,10,10,10,10,10,10,10,10,10,-0.9171590145903021,-0.1801159267801582,0.7712605378652668,-2.675926746740286,-0.19806435536366163,2.083992035437152,-2.6891957979112595,0.15556310199745216,2.020772329892381,-1.1658648158095684,0.015612562877359792,1.3797524985849305,-0.7721443176269531,-0.19772827625274658,0.7736135125160217,-2.5505213737487793,-0.2797985076904297,1.8219709396362305,-2.743678092956543,0.19340834021568298,1.773890733718872,-1.0490179061889648,0.05172531306743622,1.4938209056854248,-0.18458099274294004,-3.8413203608662796,-0.6694481248821537,7.105941485116601,-8.689238042170071,-17.60754381404351,0.973489596751687,4.039825302610986,-13.650171075873239,9.43107955269748,5.717941553689384,5.423818086674986
rl_zero,120.324,3.975999999999999,0.0,0.0,0.0,0.6669669020751101,-0.2976622612167329,0.13936319548576914,147.95030383793102,0.08532139205147453,-0.13743388185189223,2.654566559545124,0.6870562668837513,-1.519020569436157,3.091481801248885,-0.4313645673719765,1.1809357548701573,0.05447980341039041,-0.2583684807238112,0.9590901483144342,-0.06277069530018149,-0.09721962449113992,-0.05041508118724179,-0.25704290491494314,0.9595129705945957,-0.062082461341988436,-0.09700294988990034,1.0,1.0,1.0,1.0,1.0,1.0,1.0,1.0,1.0,1.0,1.0,1.0,80.0,80.0,80.0,80.0,80.0,80.0,80.0,80.0,80.0,80.0,80.0,80.0,10,10,10,10,10,10,10,10,10,10,10,10,-0.9236325985696521,-0.23088896323209784,0.7643165541316206,-2.5190408180729307,-0.30491376009098925,1.8024211350248969,-2.681049078771565,0.20641788348744505,1.7618300934616258,-1.0533086463403167,0.08254795068661736,1.4978334085863683,-0.8959085941314697,-0.1850060224533081,0.8319814205169678,-2.1714367866516113,-0.36180469393730164,1.5860602855682373,-2.586165189743042,0.21131592988967896,1.5111827850341797,-1.0437278747558594,0.07541817426681519,1.5367389917373657,-1.3088590883968099,-0.7907745137573134,0.5295007624867676,20.968730197671455,-8.038087055263098,-16.367900358309107,6.156447273246261,3.5699934140050305,-15.804260635594186,2.6369787837770495,1.7570472454099697,5.051001619078381
rl_zero,120.344,3.995999999999995,0.0,0.0,0.0,0.6671865782239864,-0.30032262754570155,0.13793575379829395,144.7898167603533,-0.017439862329037797,-0.14824500563086923,2.569619537540591,0.14435173994249698,-1.3201708281299476,2.545355815036293,-0.0015049934826438238,0.776009815194495,0.05163160788706703,-0.28531218383931506,0.9503005102413271,-0.07382518531272927,-0.10037798564155041,-0.08459182613409874,-0.2840300018131873,0.9507220636366883,-0.07330620301472879,-0.10040277079822502,1.0,1.0,1.0,1.0,1.0,1.0,1.0,1.0,1.0,1.0,1.0,1.0,80.0,80.0,80.0,80.0,80.0,80.0,80.0,80.0,80.0,80.0,80.0,80.0,10,10,10,10,10,10,10,10,10,10,10,10,-1.0094533482213377,-0.21809054151941787,0.8215546436426617,-2.1624205539808994,-0.36752173252040077,1.5714522876916543,-2.54857202346344,0.22803365712760826,1.4906660325399237,-1.1013966564702242,0.08175712422715531,1.5993652355648038,-1.300606369972229,-0.1576303243637085,0.9513585567474365,-1.7103686332702637,-0.38478991389274597,1.4159765243530273,-2.2156200408935547,0.22565621137619019,1.26411771774292,-1.3855971097946167,0.03420060873031616,1.6923691034317017,-23.96956939558077,0.9160260464050749,10.918828734869317,22.220226470166367,-3.696096486137641,-11.666503003073988,20.14867482002728,4.766847416333325,-16.79895943186436,-22.424788313902763,0.48877536189397297,11.02644961988021
rl_zero,120.364,4.016000000000005,0.0,0.0,0.0,0.666825804221802,-0.30179639692284227,0.13822128405265866,144.36302627483803,-0.02614736961495765,-0.09300875005788282,0.6040713077428965,-0.9701957122626449,-0.4227373173463548,0.45144594027193263,1.0068626195677672,-0.26739642869688746,0.05317252546729038,-0.29304441358886957,0.9489625229126947,-0.0763714617104874,-0.08810506005748278,0.015353408861783286,-0.29270206508139274,0.949024260760905,-0.07633963689432445,-0.08860425172162262,1.0,1.0,1.0,1.0,1.0,1.0,1.0,1.0,1.0,1.0,1.0,1.0,80.0,80.0,80.0,80.0,80.0,80.0,80.0,80.0,80.0,80.0,80.0,80.0,10,10,10,10,10,10,10,10,10,10,10,10,-1.334720256613413,-0.19509041298518426,0.9719470651902968,-1.7638408963725212,-0.37452102703714196,1.395858190539668,-2.2056924201032793,0.23679728913261489,1.2462689198648462,-1.424075887920579,0.05272872873847234,1.7146337226272044,-1.8164281845092773,-0.12080180644989014,1.1308612823486328,-1.424298882484436,-0.34174811840057373,1.4644309282302856,-1.8038934469223022,0.21240785717964172,1.0928974151611328,-1.8748340606689453,-0.0334341824054718,1.976184368133545,-26.52677986237929,0.8859937609587965,11.591091353109384,21.439017723424627,1.1927031614623766,-4.828276494352999,23.623349064630737,1.2420200160410615,-11.75836250394105,-29.09786086448915,-1.4283949505950309,12.742827583829884
rl_zero,120.384,4.036000000000001,0.0,0.0,0.0,0.66625570019996,-0.30376257317314054,0.13846718449664966,144.03393782227604,-0.04650388604315131,-0.11601720690108906,0.8148448874156138,-1.0350152577120508,-0.3045594389674346,0.2232509376029096,1.0515259073877234,-0.3721201307402728,0.05162483756491768,-0.29862983302668794,0.9481256120590584,-0.07576496838838508,-0.07834357758741338,0.005710581029563474,-0.2979148916588894,0.948257981742007,-0.0758447089286324,-0.07937945274426265,1.0,1.0,1.0,1.0,1.0,1.0,1.0,1.0,1.0,1.0,1.0,1.0,80.0,80.0,80.0,80.0,80.0,80.0,80.0,80.0,80.0,80.0,80.0,80.0,10,10,10,10,10,10,10,10,10,10,10,10,-1.7497193918143052,-0.16467547854659248,1.1443821952994906,-1.4599312855300424,-0.32092965085200653,1.408314060749781,-1.8365961760234093,0.2180639897498633,1.084167929162584,-1.8549804705663488,-0.026586161386921603,1.9380119755386076,-2.3186893463134766,-0.09062519669532776,1.2316679954528809,-1.114307165145874,-0.24889326095581055,1.6416363716125488,-1.441933274269104,0.15960785746574402,1.0397071838378906,-2.4032719135284424,-0.1768442988395691,2.1746253967285156,-21.425370107660004,0.6331687626230451,7.899305436528353,18.768207881130902,2.667781614411199,3.0631708544251586,23.477627215460558,-1.4971915756320284,-7.8744387358810135,-26.593503802153897,-5.863068969528489,14.35372646746143
rl_zero,120.404,4.055999999999997,0.0,0.0,0.0,0.6650322403869501,-0.3063456863623173,0.1385424144886045,143.97565934578347,-0.08387288377586745,-0.13420431448160464,0.7234473666432364,-1.8236261970545933,-0.7740557327044701,0.29277419894084183,1.5869913038939756,-0.5056851253638861,0.04208347543908166,-0.3019790970563883,0.9480451868083353,-0.07479259090116161,-0.06652080168525278,-0.042127811808868904,-0.301237976410528,0.9481565129631017,-0.07469855369834141,-0.06837422444984571,1.0,1.0,1.0,1.0,1.0,1.0,1.0,1.0,1.0,1.0,1.0,1.0,80.0,80.0,80.0,80.0,80.0,80.0,80.0,80.0,80.0,80.0,80.0,80.0,10,10,10,10,10,10,10,10,10,10,10,10,-2.204121379542351,-0.11913303442032408,1.2432252828453842,-1.1453493840085267,-0.2216672855507067,1.5608424591863086,-1.4911660287797064,0.1621214500655821,1.0068075081277605,-2.3166600259654606,-0.18476149667341168,2.1694109204406953,-2.6026721000671387,-0.04552897810935974,1.0765140056610107,-0.9169911742210388,-0.17155173420906067,1.7020113468170166,-1.2936840057373047,0.08116336166858673,1.0110009908676147,-2.7064006328582764,-0.3823694884777069,2.1285629272460938,-23.231413679949128,1.8765535950875825,-0.5955392793251773,16.81018161306609,2.8925210874119083,7.418359426787738,14.818199345391351,-4.947584487666317,-2.6664650484640657,-20.79591900500941,-11.302434232538271,4.960604332905712
rl_zero,120.426,4.078000000000003,0.0,0.0,0.0,0.6621366619309743,-0.3100067777002491,0.13405348467124276,145.41595856444746,-0.10870018161384573,-0.1327739344497263,-2.0256068430929846,-2.3098301166481328,-0.4420363862693606,-1.6647233996551347,2.4573255199738107,-0.9077674310482963,12.26376882411443,-0.29535975462358033,0.9518268999834758,-0.07531800173222417,-0.03339710214389061,-0.3392704336618538,-0.29535975462358033,0.9518268999834758,-0.07531800173222417,-0.03339710214389061,1.0,1.0,1.0,1.0,1.0,1.0,1.0,1.0,1.0,1.0,1.0,1.0,80.0,80.0,80.0,80.0,80.0,80.0,80.0,80.0,80.0,80.0,80.0,80.0,10,10,10,10,10,10,10,10,10,10,10,10,-2.6191404452970692,-0.014109799135099799,1.0451542378084797,-0.9161661120761107,-0.16407730405116538,1.7721401010073254,-1.2955419940590502,0.05457484869090834,1.0138740470039584,-2.6968372383938286,-0.40116836231583264,2.1247967477329084,-2.6026721000671387,0.050426363945007324,0.6988616585731506,-0.9306887984275818,-0.17155173420906067,1.7020113468170166,-1.2331236600875854,0.040428176522254944,1.0717260837554932,-2.7064006328582764,-0.651828408241272,2.1285629272460938,-2.5486893502530057,0.5248436362520534,-1.7539184059286992,-0.032980959916550034,-1.4894233326671151,3.236914123975114,1.3329444790598002,-0.3435310834844363,1.3836637254768758,0.1262886046671865,0.09753253288847441,-1.4857490550088528
