rtf,sim_time,wall_time
,0.002,107486.97551763
0.6774606469557899,0.004,107486.978469831
0.6932327308593664,0.006,107486.981354865
0.3730836558870684,0.008,107486.986715593
0.6685137684751965,0.01,107486.989707304
0.5119322446853326,0.012,107486.993614071
0.18339563455552874,0.014,107487.004519456
15.080112442493192,0.016,107487.004652081
0.20730890340598554,0.018,107487.01429952
0.4071380248405027,0.02,107487.019211859
11.806236863228024,0.022,107487.019381261
15.428526947479085,0.024,107487.019510891
21.418091922712247,0.026,107487.01960427
0.8590076381948287,0.028,107487.021932538
15.507363229690224,0.03,107487.022061509
0.3420105394246783,0.032,107487.027909282
10.735257769373924,0.034,107487.028095584
0.17590072151162764,0.036,107487.039465634
0.05128789153603371,0.038,107487.078461193
15.142682469060514,0.04,107487.07859327
0.2957078595470266,0.042,107487.085356702
15.786938284937756,0.044,107487.085483389
21.707513894557305,0.046,107487.085575523
23.311383785065527,0.048,107487.085661318
23.478587152277175,0.05,107487.085746502
0.30625437239325337,0.052,107487.092277021
20.09565591483379,0.054,107487.092376545
19.297383091494094,0.056,107487.092480186
26.23569728844829,0.058,107487.092556418
21.742675668599432,0.06,107487.092648403
26.291923583732803,0.062,107487.092724472
28.273744236691577,0.064,107487.092795209
28.335030782831307,0.066,107487.092865793
27.204596287961603,0.068,107487.09293931
19.5614319566833,0.07,107487.093041552
26.780929485376898,0.072,107487.093116232
28.943979678408567,0.074,107487.093185331
29.518992573373882,0.076,107487.093253084
30.687550943754346,0.078,107487.093318257
30.1404518628494,0.08,107487.093384613
30.103713047049485,0.082,107487.09345105
27.895166121403783,0.084,107487.093522747
28.27134806893933,0.086,107487.09359349
0.2229430218879468,0.088,107487.102564392
14.690867176297427,0.09,107487.102700531
20.79196657163671,0.092,107487.102796722
24.19374462167415,0.094,107487.102879388
23.500104894980563,0.096,107487.102964494
0.03420009951115294,0.098,107487.161443856
15.46168725506951,0.1,107487.161573208
0.5620750005318534,0.102,107487.165131452
18.159861573868433,0.104,107487.165241585
25.35207603467198,0.106,107487.165320474
24.75217086908086,0.108,107487.165401275
27.513339581535437,0.11,107487.165473967
28.065846086740976,0.112,107487.165545228
28.507084299184818,0.114,107487.165615386
28.37321664222392,0.116,107487.165685875
28.778223503218243,0.118,107487.165755372
28.230646274333584,0.12,107487.165826217
28.353508365318287,0.122,107487.165896755
29.30488710730803,0.124,107487.165965003
20.247424926325582,0.126,107487.166063781
14.241463602545755,0.128,107487.166204216
26.58514011504585,0.13,107487.166279446
25.557147543257738,0.132,107487.166357702
28.443433161769143,0.134,107487.166428017
27.080451952225047,0.136,107487.166501871
24.112363605422328,0.138,107487.166584816
25.245834372913446,0.14,107487.166664037
23.984553974818855,0.142,107487.166747424
24.70477772037734,0.144,107487.16682838
25.189232890380207,0.146,107487.166907779
26.533292638345248,0.148,107487.166983156
0.10970648414272102,0.15,107487.185213619
21.544526289883326,0.152,107487.18530645
37.06930034183639,0.154,107487.185360403
36.42125419812214,0.156,107487.185415316
44.904462438457685,0.158,107487.185459855
51.99667129182299,0.16,107487.185498319
50.14038373591757,0.162,107487.185538207
50.40196587939893,0.164,107487.185577888
46.7213249159068,0.166,107487.185620695
0.3359666964120706,0.168,107487.191573666
14.534144392705771,0.17,107487.191711273
21.065936772585964,0.172,107487.191806213
5.18497389882977,0.174,107487.192191943
0.0750109947405901,0.176,107487.218854701
22.284617703694067,0.178,107487.218944449
37.0940522408282,0.18,107487.218998366
20.65454447350725,0.182,107487.219095197
47.49014650462401,0.184,107487.219137311
42.21991492425766,0.186,107487.219184682
29.57223714515576,0.188,107487.219252313
34.434676833458845,0.19,107487.219310394
0.5230869656361831,0.192,107487.22313385
33.840948172281905,0.194,107487.22319295
47.89845112013671,0.196,107487.223234705
52.102325695088425,0.198,107487.223273091
0.21729838580347235,0.2,107487.232477025
24.213368451911172,0.202,107487.232559624
42.79355671590523,0.204,107487.23260636
44.57520533064362,0.206,107487.232651228
52.928253047037,0.208,107487.232689015
44.51765430340066,0.21,107487.232733941
50.24999176338454,0.212,107487.232773742
55.30362034322794,0.214,107487.232809906
47.95012140153303,0.216,107487.232851616
51.619566260137,0.218,107487.232890361
27.924382835151043,0.22,107487.232961983
0.34030863928837424,0.222,107487.238839001
0.09105401995369444,0.224,107487.260803984
17.005789420596084,0.226,107487.260921591
15.718081692332461,0.228,107487.261048833
0.24418888431901853,0.23,107487.269239214
21.644086472437458,0.232,107487.269331618
0.19290352287590123,0.234,107487.279699495
20.54189732590082,0.236,107487.279796857
38.74016647123558,0.238,107487.279848483
45.53422397151311,0.24,107487.279892406
53.57765465461373,0.242,107487.279929735
52.845749707489055,0.244,107487.279967581
2.053282664672053,0.246,107487.280941631
43.74453856608236,0.248,107487.280987351
0.5542608952193018,0.25,107487.28459576
39.86922697435984,0.252,107487.284645924
45.465912867143224,0.254,107487.284689913
0.34184446253506795,0.256,107487.290540527
0.075760167105623,0.258,107487.316939624
0.11641873835730704,0.26,107487.334118989
0.4213897439994892,0.262,107487.338865189
15.386508185619766,0.264,107487.338995173
13.822941840112696,0.266,107487.33913986
23.640384336681286,0.268,107487.339224461
26.38557042950601,0.27,107487.33930026
27.1241641498077,0.272,107487.339373995
25.218772030950504,0.274,107487.339453301
0.1485279286115739,0.276,107487.352918782
13.693189466605173,0.278,107487.35306484
23.863502206053834,0.28,107487.35314865
24.442408376638667,0.282,107487.353230475
0.3274164270222144,0.284,107487.359338904
0.3147798920848262,0.286,107487.36569255
14.342159902734718,0.288,107487.365831999
23.13904348890409,0.29,107487.365918433
24.942634312135947,0.292,107487.365998617
0.22086937259495903,0.294,107487.375053743
14.770502903988541,0.296,107487.375189148
0.4045468643162772,0.298,107487.380132951
0.11370301554176204,0.3,107487.397722634
15.00881911035597,0.302,107487.397855889
23.06645426122591,0.304,107487.397942595
0.0844168659868425,0.306,107487.421634543
0.15690952271268094,0.308,107487.434380742
15.34048210064412,0.31,107487.434511116
21.507686109957024,0.312,107487.434604106
19.595164227945524,0.314,107487.434706172
20.93824488091513,0.316,107487.434801691
0.08454650165310439,0.318,107487.458457312
14.310143429668985,0.32,107487.458597073
21.569154347746274,0.322,107487.458689798
25.518995117301213,0.324,107487.458768171
26.033531586449374,0.326,107487.458844995
25.284127295806694,0.328,107487.458924096
0.29018015830427857,0.33,107487.465816366
22.14716916801813,0.332,107487.465906671
36.78499123245115,0.334,107487.465961041
1.472196830273106,0.336,107487.467319555
26.835908897018978,0.338,107487.467394082
34.74454286638092,0.34,107487.467451645
32.363508611575156,0.342,107487.467513443
46.93514113501548,0.344,107487.467556055
50.492290158006405,0.346,107487.467595665
21.69220936487463,0.348,107487.467687864
46.42525624511267,0.35,107487.467730944
0.18377138763713305,0.352,107487.478614031
24.808663436076614,0.354,107487.478694648
43.875038658149144,0.356,107487.478740232
0.39488614602719335,0.358,107487.483804983
0.07165949669742365,0.36,107487.511714752
15.90128649051401,0.362,107487.511840528
23.411525677242835,0.364,107487.511925956
0.9341739005281156,0.366,107487.514066885
20.868986963009366,0.368,107487.514162721
34.625436656181236,0.37,107487.514220482
0.3195631955260815,0.372,107487.520479025
23.669200678255912,0.374,107487.520563523
33.06878269477024,0.376,107487.520624003
44.937761665220975,0.378,107487.520668509
44.41779203110824,0.38,107487.520713536
47.74180099256743,0.382,107487.520755428
48.323197411117064,0.384,107487.520796816
2.6223489650677165,0.386,107487.521559491
0.5190425015622098,0.388,107487.52541274
37.555864492905926,0.39,107487.525465994
1.8531061286032833,0.392,107487.526545263
0.0989209847086096,0.394,107487.54676342
0.06037464276814238,0.396,107487.57988991
0.16573607252223935,0.398,107487.591957289
19.856044527345556,0.4,107487.592058014
37.51289405610986,0.402,107487.592111329
0.3061514236605136,0.404,107487.598644044
29.214570468146675,0.406,107487.598712503
39.17956987437479,0.408,107487.59876355
45.173241050903805,0.41,107487.598807824
49.11591518291569,0.412,107487.598848544
46.767222906858244,0.414,107487.598891309
46.04580744169439,0.416,107487.598934744
50.66754313336022,0.418,107487.598974217
29.17450910330583,0.42,107487.59904277
1.3632298759418646,0.422,107487.600509874
36.56373641240083,0.424,107487.600564573
0.02752177670896141,0.426,107487.6732343
19.85919766034215,0.428,107487.673335009
0.07777356981106771,0.43,107487.699050686
23.155650908382704,0.432,107487.699137058
40.526851151739216,0.434,107487.699186408
44.59507804425217,0.436,107487.699231256
48.55666252085335,0.438,107487.699272445
47.51608778650238,0.44,107487.699314536
45.113129475404925,0.442,107487.699358869
49.5785765357067,0.444,107487.699399209
48.21717310356566,0.446,107487.699440688
50.75111913347274,0.448,107487.699480096
48.935649868171154,0.45,107487.699520966
24.442703968394994,0.452,107487.69960279
47.897316026416256,0.454,107487.699644546
48.56843362499121,0.456,107487.699685725
48.954823469571345,0.458,107487.699726579
48.301001266575526,0.46,107487.699767986
0.18480464167499505,0.462,107487.710590225
22.590191908297342,0.464,107487.710678759
41.535141787499505,0.466,107487.710726911
21.501676619768038,0.468,107487.710819927
47.849174199265725,0.47,107487.710861725
50.2600985286815,0.472,107487.710901518
50.952815817737054,0.474,107487.71094077
51.586280239046324,0.476,107487.71097954
26.08412069083973,0.478,107487.711056215
45.91157193947808,0.48,107487.711099777
48.198589756880075,0.482,107487.711141272
0.032595882990806284,0.484,107487.772498714
20.87617307427079,0.486,107487.772594517
39.58984375431184,0.488,107487.772645035
41.311218399262295,0.49,107487.772693448
47.78972689409617,0.492,107487.772735298
52.324507872911134,0.494,107487.772773521
52.60112454589855,0.496,107487.772811543
47.85034033117399,0.498,107487.77285334
22.69451788346252,0.5,107487.772941467
50.816889746031976,0.502,107487.772980824
0.1077745429353007,0.504,107487.791538082
22.860801124153213,0.506,107487.791625568
38.113393052904954,0.508,107487.791678043
44.33410228468817,0.51,107487.791723155
47.1253468584292,0.512,107487.791765595
46.126521835087075,0.514,107487.791808954
44.97111031519613,0.516,107487.791853427
44.0354072079052,0.518,107487.791898845
44.76375198660208,0.52,107487.791943524
45.694437887307735,0.522,107487.791987293
28.494087902774407,0.524,107487.792057483
48.09890078336296,0.526,107487.792099064
47.93518707107294,0.528,107487.792140787
44.88028246057112,0.53,107487.79218535
0.509176247076188,0.532,107487.796113263
32.6141940863068,0.534,107487.796174586
44.90144035011894,0.536,107487.796219128
48.9488257470505,0.538,107487.796259987
28.258960778673558,0.54,107487.796330761
36.85141945594946,0.542,107487.796385033
49.92511664854038,0.544,107487.796425093
0.22938997033519823,0.546,107487.80514387
28.38731662880701,0.548,107487.805214324
46.925237759535044,0.55,107487.805256945
49.824360350614825,0.552,107487.805297086
52.552752357416544,0.554,107487.805335143
48.753140111362654,0.556,107487.805376166
50.76785992928502,0.558,107487.805415561
55.13136056120178,0.56,107487.805451838
0.448545243426385,0.562,107487.809910697
32.04204138826104,0.564,107487.809973115
25.48484970740598,0.566,107487.810051593
0.24149876064893525,0.568,107487.818333209
20.174306139206728,0.57,107487.818432345
0.34325194093355377,0.572,107487.824258969
22.17295186961484,0.574,107487.824349169
0.3114571049936833,0.576,107487.830770599
19.295892988969797,0.578,107487.830874248
0.1814254946099389,0.58,107487.841898057
20.476278752451186,0.582,107487.841995731
0.45300226097444113,0.584,107487.84641072
33.11696625460503,0.586,107487.846471112
0.47790992830037765,0.588,107487.850656001
37.550221063309955,0.59,107487.850709263
42.894526684131755,0.592,107487.850755889
0.10293083723992633,0.594,107487.870186412
0.3451298716143516,0.596,107487.875981332
14.178164003736045,0.598,107487.876122394
0.23483083750824493,0.6,107487.884639163
22.603470124839752,0.602,107487.884727645
39.574180838452705,0.604,107487.884778183
48.56726655518919,0.606,107487.884819363
53.76200098809557,0.608,107487.884856564
47.58277834856317,0.61,107487.884898596
54.978286320487015,0.612,107487.884934974
0.36546341522615233,0.614,107487.890407478
0.24780337774442188,0.616,107487.898478393
23.526091063646252,0.618,107487.898563405
38.7311706777105,0.62,107487.898615043
0.34042877645949216,0.622,107487.904489987
22.965805265064592,0.624,107487.904577073
0.19646537188758723,0.626,107487.914756984
24.161008306464634,0.628,107487.914839762
5.459215665208354,0.63,107487.915206115
42.365701482903354,0.632,107487.915253323
47.17426068164996,0.634,107487.915295719
0.12761950189034588,0.636,107487.930967305
17.393421261898286,0.638,107487.931082291
42.42951364120489,0.64,107487.931129428
0.7098579770794293,0.642,107487.933946893
0.42854274657426317,0.644,107487.938613872
39.43683672841635,0.646,107487.938664586
44.49488291094064,0.648,107487.938709535
50.14415220821661,0.65,107487.93874942
0.24153259211822103,0.652,107487.947029876
0.8311367073064011,0.654,107487.949436219
39.39877241159077,0.656,107487.949486982
47.43608934785239,0.658,107487.949529144
1.935291594748039,0.66,107487.95056258
38.53415277124746,0.662,107487.950614482
34.74998065070748,0.664,107487.950672036
0.7479837142286003,0.666,107487.953345891
0.4665198530182443,0.668,107487.957632954
1.014734452714156,0.67,107487.959603913
6.335790582456011,0.672,107487.95991958
0.09041475234436477,0.674,107487.982039864
0.33114408451933114,0.676,107487.988079531
0.29815177201349213,0.678,107487.994787524
15.95163515045709,0.68,107487.994912903
24.214831710042823,0.682,107487.994995497
11.502119587303094,0.684,107487.995169378
25.814781191955532,0.686,107487.995246853
26.78810677589748,0.688,107487.995321513
0.9590040139410277,0.69,107487.99740701
13.685038732618766,0.692,107487.997553155
0.3304727064110638,0.694,107488.003605092
16.63755155356017,0.696,107488.003725302
4.759253109873899,0.698,107488.004145536
0.258604482352016,0.7,107488.011879354
31.553706675482697,0.702,107488.011942738
1.3213513122827838,0.704,107488.01345634
0.25003544252460635,0.706,107488.021455206
15.228697967655847,0.708,107488.021586537
0.22752313204689442,0.71,107488.030376852
0.1646846593639817,0.712,107488.042521274
28.893378432349923,0.714,107488.042590494
0.13196696504111935,0.716,107488.057745802
15.991939911550322,0.718,107488.057870865
37.18854048262135,0.72,107488.057924645
0.25296577103365137,0.722,107488.065830853
28.764972743180902,0.724,107488.065900382
24.366768302961535,0.726,107488.065982461
13.739189674736416,0.728,107488.06612803
23.421671426416914,0.73,107488.066213421
48.709201116237445,0.732,107488.066254481
0.21214964010393375,0.734,107488.075681789
22.807360054854925,0.736,107488.07576948
41.03911001784132,0.738,107488.075818214
46.14248799745654,0.74,107488.075861558
49.35589898770084,0.742,107488.07590208
49.18597855111409,0.744,107488.075942742
0.43119274135705743,0.746,107488.080581039
14.991604623522875,0.748,107488.080714447
24.019117831062758,0.75,107488.080797714
26.054560582243507,0.752,107488.080874476
26.95962997547646,0.754,107488.080948661
0.33503879177851187,0.756,107488.086918119
15.009494415353148,0.758,107488.087051368
0.14011533587495706,0.76,107488.101325323
27.829188041619396,0.762,107488.10139719
44.85008310642712,0.764,107488.101441783
1.5692908617238825,0.766,107488.102716244
34.68188101985294,0.768,107488.102773911
0.8652109516194332,0.77,107488.105085486
37.24325048254823,0.772,107488.105139187
34.62603857416428,0.774,107488.105196947
39.75036484541668,0.776,107488.105247261
46.17231281980134,0.778,107488.105290577
46.98807800818815,0.78,107488.105333141
47.81942375207198,0.782,107488.105374965
1.2995181352332525,0.784,107488.106913997
0.1972175950882643,0.786,107488.11705508
0.1300442033794118,0.788,107488.132434466
0.27423365037763536,0.79,107488.139727517
14.9799265354569,0.792,107488.139861029
21.476742540900524,0.794,107488.139954153
5.812736819738829,0.796,107488.140298225
1.3371754862966987,0.798,107488.141793915
19.225038379310227,0.8,107488.141897946
24.958505709229037,0.802,107488.141978079
10.884887202042368,0.804,107488.14216182
25.564330469848613,0.806,107488.142240054
27.266160435912752,0.808,107488.142313405
0.7343718308807669,0.81,107488.145036821
22.133690744056175,0.812,107488.145127181
39.54600969609491,0.814,107488.145177755
48.10814385368633,0.816,107488.145219328
48.83526906576258,0.818,107488.145260282
1.694019444271853,0.82,107488.146440906
0.23425754189027276,0.822,107488.154978518
0.6979794183580077,0.824,107488.157843932
3.3034372105759955,0.826,107488.158449362
7.971080802575178,0.828,107488.158700269
14.828764815337113,0.83,107488.158835142
0.057115536339704925,0.832,107488.193851884
0.19926459419549203,0.834,107488.20388879
0.438455531157845,0.836,107488.208450256
24.067968269406414,0.838,107488.208533354
44.86719889372005,0.84,107488.20857793
51.38085355971392,0.842,107488.208616855
51.77189510235052,0.844,107488.208655486
55.23640770598772,0.846,107488.208691694
52.565193909061264,0.848,107488.208729742
51.131266863420414,0.85,107488.208768857
56.62513965718133,0.852,107488.208804177
51.7946834191686,0.854,107488.208842791
60.03483718833545,0.856,107488.208876105
57.28031202337246,0.858,107488.208911021
57.801812575018076,0.86,107488.208945622
56.06952015482882,0.862,107488.208981292
5.58628010993968,0.864,107488.209339312
0.03977780436443359,0.866,107488.259618608
14.154783225630252,0.868,107488.259759903
5.48338796769389,0.87,107488.260124641
18.351992599326394,0.872,107488.260233621
23.4027594610854,0.874,107488.260319081
0.14568752903517124,0.876,107488.274047092
13.310261663491296,0.878,107488.274197352
21.256923125416357,0.88,107488.274291439
24.0315282398835,0.882,107488.274374663
24.303106728125158,0.884,107488.274456957
25.180040026015686,0.886,107488.274536385
24.570325041202647,0.888,107488.274617784
22.977412027556408,0.89,107488.274704826
24.91839516480825,0.892,107488.274785088
25.83812462214935,0.894,107488.274862493
25.395210141605634,0.896,107488.274941248
13.810533935545807,0.898,107488.275086065
24.50199694792361,0.9,107488.275167691
4.900555423282819,0.902,107488.275575808
25.1139544257926,0.904,107488.275655445
32.16003235496113,0.906,107488.275717634
40.03522143834856,0.908,107488.27576759
52.503085103855256,0.91,107488.275805683
57.47291759322803,0.912,107488.275840482
51.41389415405661,0.914,107488.275879382
0.16861413174410964,0.916,107488.287740784
5.369761677191261,0.918,107488.28811324
12.037895614779513,0.92,107488.288279382
35.670337924003775,0.922,107488.288335451
45.4700493782559,0.924,107488.288379436
1.1368900910001263,0.926,107488.290138621
34.71800211128693,0.928,107488.290196228
49.44987440341465,0.93,107488.290236673
50.762703412288744,0.932,107488.290276072
56.13405353197146,0.934,107488.290311701
53.607810274336515,0.936,107488.290349009
54.19760725521277,0.938,107488.290385911
0.09770084508476572,0.94,107488.310856563
15.764913059696541,0.942,107488.310983427
15.530481567469645,0.944,107488.311112206
24.565498629798142,0.946,107488.311193621
25.348545799069953,0.948,107488.311272521
25.80877987275411,0.95,107488.311350014
0.1646157058849059,0.952,107488.323499523
0.31434807201842385,0.954,107488.329861897
3.7700496208580603,0.956,107488.330392394
15.235192128719744,0.958,107488.330523669
24.72982647281149,0.96,107488.330604543
27.77546675871337,0.962,107488.330676549
28.451523458194764,0.964,107488.330746844
28.205959554184858,0.966,107488.330817751
30.093746647874017,0.968,107488.33088421
27.860581997880868,0.97,107488.330955996
0.1721303420400595,0.972,107488.342575098
14.783166753110429,0.974,107488.342710387
22.12365055762682,0.976,107488.342800788
25.78282893889459,0.978,107488.342878359
27.453676755663437,0.98,107488.342951209
14.039914304385098,0.982,107488.34309366
0.44686346658443454,0.984,107488.3475693
15.593568587887471,0.986,107488.347697558
23.68461473554767,0.988,107488.347782001
0.09669407318100423,0.99,107488.368465792
12.316863537719797,0.992,107488.368628171
14.885271145119733,0.994,107488.368762532
19.462446845265447,0.996,107488.368865294
0.21953855859389076,0.998,107488.377975311
13.033477009165999,1.0,107488.378128762
21.869871281524723,1.002,107488.378220212
0.08071621112570147,1.004,107488.402998382
10.226621657878663,1.006,107488.40319395
20.73613124453645,1.008,107488.4032904
23.085093921976377,1.01,107488.403377036
24.6072070575096,1.012,107488.403458313
26.82403530557074,1.014,107488.403532873
27.23830417117457,1.016,107488.403606299
27.23237821908324,1.018,107488.403679741
28.093830812691404,1.02,107488.403750931
28.674657717034247,1.022,107488.403820679
0.43868134190771696,1.024,107488.408379797
14.917245610346738,1.026,107488.40851387
21.489664348400414,1.028,107488.408606938
23.774708954280236,1.03,107488.408691061
0.6471714885940012,1.032,107488.411781432
15.613777977066535,1.034,107488.411909524
22.309725674966074,1.036,107488.411999171
16.370632009831997,1.038,107488.412121341
26.530122259162145,1.04,107488.412196727
28.10409667195806,1.042,107488.412267891
13.62973540935831,1.044,107488.412414629
28.09659329728424,1.046,107488.412485812
29.942363881356428,1.048,107488.412552607
28.033976661699924,1.05,107488.412623949
28.286942066897176,1.052,107488.412694653
1.469641607265082,1.054,107488.414055529
15.726115605222077,1.056,107488.414182706
0.08328666848015726,1.058,107488.438196153
14.776615255466242,1.06,107488.438331502
0.33295492967449736,1.062,107488.444338321
2.3355509307684876,1.064,107488.44519465
19.224669964707427,1.066,107488.445298683
23.814627336884435,1.068,107488.445382665
25.500444177926347,1.07,107488.445461095
26.635063799835528,1.072,107488.445536184
27.59914773568396,1.074,107488.44560865
29.593676730545653,1.076,107488.445676232
30.050339396504857,1.078,107488.445742787
30.451595790096892,1.08,107488.445808465
0.4962032991012071,1.082,107488.449839071
20.069442416295175,1.084,107488.449938725
17.808804939234005,1.086,107488.450051029
24.95072149089686,1.088,107488.450131187
28.930161769754683,1.09,107488.450200319
0.12375245147986141,1.092,107488.466361615
0.0661155079671389,1.094,107488.496611704
0.7090943851694964,1.096,107488.499432203
15.800908130539685,1.098,107488.499558778
22.65005586287253,1.1,107488.499647078
25.641681907140757,1.102,107488.499725076
27.896338145813086,1.104,107488.49979677
27.694697781525804,1.106,107488.499868986
0.2371311303226941,1.108,107488.508303138
13.594161100344161,1.11,107488.50845026
19.46737037251603,1.112,107488.508552996
25.468622983124153,1.114,107488.508631524
4.5736135586578435,1.116,107488.509068815
8.800841252079353,1.1179999999999999,107488.509296066
29.879286994435937,1.12,107488.509363002
46.10631285303261,1.1219999999999999,107488.50940638
48.066535962749334,1.124,107488.509447989
49.719081243415125,1.126,107488.509488215
48.11971532406669,1.1280000000000001,107488.509529778
44.89438550406772,1.13,107488.509574327
47.25004743330844,1.1320000000000001,107488.509616655
49.50373549012812,1.134,107488.509657056
0.04627204203156423,1.1360000000000001,107488.5528797
0.28745961711594376,1.138,107488.559837199
23.012314372980047,1.1400000000000001,107488.559924109
40.150962655284495,1.142,107488.559973921
32.15640557528564,1.144,107488.560036117
48.06769590235864,1.146,107488.560077725
54.7765016711265,1.148,107488.560114237
50.49230870785882,1.15,107488.560153847
56.12458637081798,1.152,107488.560189482
52.991352007683545,1.154,107488.560227224
53.34186928969083,1.156,107488.560264718
52.53342838348018,1.158,107488.560302789
52.041324955565415,1.16,107488.56034122
47.86750570294271,1.162,107488.560383002
46.93512510676085,1.164,107488.560425614
52.90586175235838,1.166,107488.560463417
54.312405196390046,1.168,107488.560500241
52.40814813803617,1.17,107488.560538403
55.157203026927114,1.172,107488.560574663
54.15065038089746,1.174,107488.560611597
51.88605724196178,1.176,107488.560650143
53.11521051738649,1.178,107488.560687797
54.63138183071382,1.18,107488.560724406
52.18660402201397,1.182,107488.56076273
0.529265611192969,1.184,107488.564541551
0.1499142826297442,1.186,107488.577882508
6.563014755626124,1.188,107488.578187246
1.1333544530947959,1.19,107488.579951919
12.625864908831092,1.192,107488.580110324
0.2216668236178866,1.194,107488.589132874
12.665201409659458,1.196,107488.589290787
20.111417497271333,1.198,107488.589390233
22.181064236328275,1.2,107488.5894804
24.370332843050445,1.202,107488.589562467
27.675145897094172,1.204,107488.589634734
26.43544328117438,1.206,107488.58971039
0.12182028506419046,1.208,107488.606128017
0.08863677042193222,1.21,107488.628692016
23.59687384916293,1.212,107488.628776773
41.10658226912219,1.214,107488.628825427
47.73042711903495,1.216,107488.628867329
0.5269593722771063,1.218,107488.632662688
13.782837375921941,1.22,107488.632807796
22.563685925678836,1.222,107488.632896434
22.17442575350707,1.224,107488.632986628
17.7706683823733,1.226,107488.633099173
25.25125195683078,1.228,107488.633178377
27.106146987277945,1.23,107488.633252161
29.097259021563367,1.232,107488.633320896
0.30845961254170273,1.234,107488.639804727
12.453067639772353,1.236,107488.63996533
15.724136489838969,1.238,107488.640092523
22.9687029773475,1.24,107488.640179598
22.750281230974405,1.242,107488.640267509
26.58019402142215,1.244,107488.640342753
26.595037826620885,1.246,107488.640417955
25.835788379521322,1.248,107488.640495367
27.174651747384562,1.25,107488.640568965
28.849619681703008,1.252,107488.64063829
28.832570620721075,1.254,107488.640707656
0.24710085815649588,1.256,107488.648801517
0.33034083091110017,1.258,107488.65485587
15.912544419712779,1.26,107488.654981557
13.559046225906847,1.262,107488.65512906
0.38848378720215704,1.264,107488.66027728
13.535188159850383,1.266,107488.660425043
22.295050485761347,1.268,107488.660514749
24.90752999509967,1.27,107488.660595046
0.2786029848693753,1.272,107488.66777372
13.91275303956592,1.274,107488.667917473
14.789617432167569,1.276,107488.668052703
0.08226326645720577,1.278,107488.692364891
19.712397243398772,1.28,107488.69246635
37.12434168808458,1.282,107488.692520223
0.2240636017853964,1.284,107488.70144626
14.599713003828855,1.286,107488.701583249
21.81548528268921,1.288,107488.701674927
0.28702595320376284,1.29,107488.708642938
14.678575670908625,1.292,107488.708779191
21.075259440044636,1.294,107488.708874089
23.675924270229405,1.296,107488.708958563
17.423879729689485,1.298,107488.709073348
21.10238920232394,1.3,107488.709168124
23.052630554629335,1.302,107488.709254882
21.378938578638216,1.304,107488.709348432
24.406616451115294,1.306,107488.709430377
27.934519530735546,1.308,107488.709501973
28.464887819652546,1.31,107488.709572235
27.483102077185656,1.312,107488.709645007
3.1068443749367645,1.314,107488.710288747
20.446970469345175,1.316,107488.710386561
24.790213828405488,1.318,107488.710467238
0.3068944761411746,1.32,107488.716984136
11.566978438159884,1.322,107488.717157042
22.60321362649979,1.324,107488.717245525
26.553018240269573,1.326,107488.717320846
3.5505374303223713,1.328,107488.717884141
5.140014033871025,1.33,107488.718273245
22.783975215938845,1.332,107488.718361026
2.4043605305189155,1.334,107488.719192848
0.3730030816194713,1.336,107488.724554734
2.1752063470041776,1.338,107488.725474187
17.333426004978115,1.34,107488.725589571
0.9951813311597327,1.342,107488.727599255
3.266564726887889,1.3439999999999999,107488.728211519
2.2760456603675396,1.346,107488.729090236
0.3700497976874772,1.3479999999999999,107488.734494914
0.9758034851999565,1.35,107488.736544507
1.5907444251238614,1.3519999999999999,107488.73780178
1.5326140155699044,1.354,107488.73910674
0.42216955869704637,1.3559999999999999,107488.743844173
1.328629103710803,1.358,107488.745349484
3.9232071306997653,1.3599999999999999,107488.745859271
0.8178199703316372,1.362,107488.748304797
0.716538972957772,1.3639999999999999,107488.751095992
0.39811096378458133,1.366,107488.756119717
0.17843190110931811,1.3679999999999999,107488.767328475
0.5243494792084058,1.37,107488.771142725
0.6840324273057335,1.3719999999999999,107488.774066563
13.086264741989947,1.374,107488.774219395
20.812520296978157,1.376,107488.774315491
19.603423247037874,1.3780000000000001,107488.774417514
0.3885396350478697,1.38,107488.779564994
15.501351807574176,1.3820000000000001,107488.779694015
0.8161932735683266,1.384,107488.782144415
22.191400261864292,1.3860000000000001,107488.78223454
0.48239848623994125,1.388,107488.78638049
11.654196519708146,1.3900000000000001,107488.786552102
0.6186713782079192,1.392,107488.789784836
16.92333678337119,1.3940000000000001,107488.789903016
2.589754422217128,1.396,107488.79067529
25.084032966484234,1.3980000000000001,107488.790755022
0.4419644344227716,1.4,107488.795280273
0.369260264961452,1.4020000000000001,107488.800696507
0.8711878954314338,1.404,107488.802992223
5.433586782937324,1.4060000000000001,107488.803360304
2.1248294796978198,1.408,107488.804301556
19.717643246239735,1.41,107488.804402988
40.22202865607244,1.412,107488.804452712
2.404250711799379,1.414,107488.805284572
0.7206428125787363,1.416,107488.808059872
1.5358034099453362,1.418,107488.809362122
0.759545107447217,1.42,107488.811995277
1.6950301713351383,1.422,107488.813175197
0.8332649407333077,1.424,107488.815575394
2.187800817493029,1.426,107488.816489554
0.983425346306958,1.428,107488.818523262
0.5506183443095211,1.43,107488.822155542
3.166811851072537,1.432,107488.822787092
0.8005107224608956,1.434,107488.825285497
0.46625252653020527,1.436,107488.829575018
2.4959565427121113,1.438,107488.830376314
0.30509524339996397,1.44,107488.836931644
0.16214082966494595,1.442,107488.8492666
0.9324548326505272,1.444,107488.851411476
0.3774381805007984,1.446,107488.856710357
14.05955628709089,1.448,107488.856852609
22.68113625568623,1.45,107488.856940788
18.032476216342047,1.452,107488.857051699
25.446587582178093,1.454,107488.857130295
28.686999053221662,1.456,107488.857200013
1.7626285715751422,1.458,107488.858334682
0.5691921337959253,1.46,107488.861848434
22.19213840610988,1.462,107488.861938556
39.122869481652224,1.464,107488.861989677
0.5306220661113495,1.466,107488.865758838
1.452782046183199,1.468,107488.867135507
0.6595462046274867,1.47,107488.870167895
0.8715105789120958,1.472,107488.872462761
32.4296320638631,1.474,107488.872524433
5.428896281734691,1.476,107488.872892832
6.5889392264965645,1.478,107488.873196371
0.32149037831549065,1.48,107488.879417397
2.3979808908570353,1.482,107488.880251432
1.598198504370638,1.484,107488.881502841
1.2427346598162035,1.486,107488.883112195
3.480343077532503,1.488,107488.883686851
1.5559225682626616,1.49,107488.884972262
0.5720905635915019,1.492,107488.888468212
0.39558792873585813,1.494,107488.893523978
0.8328003374951497,1.496,107488.895925514
1.3083422587343636,1.498,107488.897454166
0.7360775524875124,1.5,107488.900171271
0.6680198520447251,1.502,107488.903165194
1.9640770301328654,1.504,107488.904183484
1.032297491114187,1.506,107488.90612091
1.6071653913475203,1.508,107488.907365337
0.33851274787288443,1.51,107488.913273534
2.07921172392669,1.512,107488.914235437
0.2152030865681349,1.514,107488.923528984
3.4949637573262216,1.516,107488.924101236
0.7782516017232454,1.518,107488.926671099
20.383827165660957,1.52,107488.926769216
24.514911503242512,1.522,107488.926850799
4.377909946560364,1.524,107488.927307638
0.5451807659364153,1.526,107488.930976146
0.6341594424448405,1.528,107488.934129927
0.6525349369837035,1.53,107488.937194897
2.5334606538251108,1.532,107488.937984331
1.735857966735587,1.534,107488.939136499
0.4082942527550621,1.536,107488.944034927
1.3203542483624477,1.538,107488.945549672
1.1390637389334224,1.54,107488.9473055
4.960612690573946,1.542,107488.947708676
0.6310967884110504,1.544,107488.950877762
1.9221214277851582,1.546,107488.951918279
0.7522439413442741,1.548,107488.954576991
2.831878446873453,1.55,107488.955283236
1.6692888588512866,1.552,107488.956481351
1.419990616377637,1.554,107488.957889811
0.4661690624702,1.556,107488.9621801
0.7004890834896998,1.558,107488.965035248
3.2581036931635703,1.56,107488.965649102
0.7513122589150221,1.562,107488.968311111
1.032678601839304,1.564,107488.970247822
0.9577530309499989,1.5659999999999998,107488.972336043
0.263931596812694,1.568,107488.979913764
0.4420382825756476,1.5699999999999998,107488.984438259
0.9438748372879342,1.572,107488.986557184
22.8906290394065,1.5739999999999998,107488.986644556
0.43363836900885455,1.576,107488.991256694
28.617626016582037,1.5779999999999998,107488.991326581
0.39889951617977487,1.58,107488.996340375
0.8553266311657662,1.5819999999999999,107488.998678663
1.5795430320092096,1.584,107488.999944852
40.562182875918694,1.5859999999999999,107488.999994159
0.9133496118142578,1.588,107489.002183901
42.72956230218613,1.5899999999999999,107489.002230707
48.108143853691665,1.592,107489.00227228
2.230047208466119,1.5939999999999999,107489.003169122
2.271779858888658,1.596,107489.004049489
0.9240474570559213,1.5979999999999999,107489.00621388
0.7981623117814688,1.6,107489.008719636
0.7624333823168976,1.6019999999999999,107489.011342816
3.177851645222796,1.604,107489.011972172
2.8612098528123835,1.6059999999999999,107489.012671177
1.6565918238641775,1.608,107489.013878475
0.642959464802084,1.6099999999999999,107489.016989091
1.032981550271007,1.612,107489.018925234
0.6280771873805046,1.6139999999999999,107489.022109556
1.3162319699149772,1.616,107489.023629045
0.9336226943014445,1.6179999999999999,107489.025771238
1.03152973348192,1.62,107489.027710106
0.47381171604290684,1.6219999999999999,107489.031931192
0.41630170869773503,1.624,107489.0367354
1.1077116716752493,1.626,107489.038540924
1.807754350198716,1.6280000000000001,107489.039647269
2.8414822576051293,1.63,107489.040351127
0.8024519711089831,1.6320000000000001,107489.042843488
0.24823560328872282,1.634,107489.05090035
2.694647904476031,1.6360000000000001,107489.051642562
0.3461912815751601,1.638,107489.057419715
1.069933529344111,1.6400000000000001,107489.05928899
0.5174047195454383,1.642,107489.063154436
32.92723095356142,1.6440000000000001,107489.063215176
42.59487099549994,1.646,107489.06326213
2.2719811506124103,1.6480000000000001,107489.064142419
41.23201177448848,1.65,107489.064190925
0.7814563536644537,1.6520000000000001,107489.066750249
1.485492312340246,1.654,107489.068096604
0.7958095851953704,1.6560000000000001,107489.070609768
1.1988646695833056,1.658,107489.072278013
0.4015993297074265,1.6600000000000001,107489.077258101
3.6731080388918627,1.662,107489.077802599
3.75035391020119,1.6640000000000001,107489.078335882
0.7872500169862906,1.666,107489.080876371
0.3942908258203238,1.6680000000000001,107489.085948769
3.979188819273991,1.67,107489.086451384
1.0720043979971694,1.6720000000000002,107489.088317048
0.8272923754476225,1.674,107489.090734573
3.2387509861549972,1.6760000000000002,107489.091352095
0.8487227993787484,1.678,107489.093708577
0.488303304033735,1.6800000000000002,107489.097804392
3.1010492739133606,1.682,107489.098449335
1.3132924890145208,1.6840000000000002,107489.099972225
0.13715852929272412,1.686,107489.114553892
0.6868037528134301,1.688,107489.117465932
2.5399308664140894,1.69,107489.118253355
18.09267160550516,1.692,107489.118363897
22.508327435770386,1.694,107489.118452753
23.67928545902657,1.696,107489.118537215
24.53145150441024,1.698,107489.118618743
3.8537947485365796,1.7,107489.119137712
0.3707707342075307,1.702,107489.124531881
1.4415390924957756,1.704,107489.125919287
2.5730919050312946,1.706,107489.126696562
1.2756224746492246,1.708,107489.128264424
2.227823957709149,1.71,107489.129162161
0.26685784350744335,1.712,107489.136656788
2.0249596665745346,1.714,107489.137644462
1.8388335909289815,1.716,107489.138732108
1.4790897419567115,1.718,107489.140084291
4.250218866662349,1.72,107489.140554855
1.0156145607575098,1.722,107489.142524106
0.3022018126283661,1.724,107489.1491422
3.2522916412510456,1.726,107489.149757151
3.3614180056127627,1.728,107489.150352138
22.01406410075293,1.73,107489.150442989
0.3237514772115753,1.732,107489.156620567
1.660959875005535,1.734,107489.15782469
0.8497653159091544,1.736,107489.160178281
0.4449545608936013,1.738,107489.164673122
0.41245158277609517,1.74,107489.169522176
0.744957477677923,1.742,107489.172206893
1.9807353497355455,1.744,107489.173216619
22.26031247471322,1.746,107489.173306465
20.66500092500041,1.748,107489.173403247
3.002691923145098,1.75,107489.174069316
2.0583056270466793,1.752,107489.175040989
3.659585294042625,1.754,107489.175587499
0.8994140366644116,1.756,107489.177811169
0.49346674699062476,1.758,107489.181864127
2.302797054696121,1.76,107489.182732636
0.7936063932457029,1.762,107489.185252777
0.5774233808481252,1.764,107489.18871644
2.0334378418266277,1.766,107489.189699996
1.4879302804951828,1.768,107489.191044145
0.8170201664452299,1.77,107489.193492065
0.48111572605795727,1.772,107489.197649069
0.8169690997393247,1.774,107489.200097142
1.8667600145055327,1.776,107489.201168517
1.840295486863226,1.778,107489.202255299
1.5085276968408763,1.78,107489.203581095
0.7961495026990718,1.782,107489.206093186
0.1173028165069638,1.784,107489.223143075
0.9153125366046229,1.786,107489.225328121
0.957887434210949,1.788,107489.227416049
13.69440923000646,1.79,107489.227562094
20.354990760949832,1.792,107489.22766035
21.5301487778446,1.794,107489.227753243
21.034917474664258,1.796,107489.227848323
24.414064816780343,1.798,107489.227930243
0.8804944513179862,1.8,107489.230201694
1.1245197597397467,1.802,107489.231980231
3.0431209912625876,1.804,107489.232637451
1.0888869311451408,1.806,107489.234474189
2.9249002410102976,1.808,107489.235157973
0.6156145709589307,1.81,107489.238406759
2.2654007666389524,1.812,107489.239289605
1.5258882160020477,1.814,107489.240600317
0.5554876622134027,1.8159999999999998,107489.244200757
1.3375832822929639,1.818,107489.245695991
1.3910575901719906,1.8199999999999998,107489.247133746
1.7754909419949692,1.822,107489.248260195
0.8276378060529175,1.8239999999999998,107489.250676711
0.18643507702305676,1.826,107489.261404306
0.34546443238621616,1.8279999999999998,107489.267193614
0.5707280422133979,1.83,107489.27069791
15.217111040027802,1.8319999999999999,107489.270829341
0.23765469965853508,1.834,107489.279244912
14.5576304979581,1.8359999999999999,107489.279382297
0.7832972795105259,1.838,107489.281935606
1.122668360179134,1.8399999999999999,107489.283717076
17.60114150521582,1.842,107489.283830705
24.68038682131739,1.8439999999999999,107489.283911741
26.698352450465745,1.846,107489.283986652
2.5470503864847567,1.8479999999999999,107489.284771874
1.3140906582790066,1.85,107489.286293839
0.653483081465616,1.8519999999999999,107489.289354362
0.5992367533116623,1.854,107489.292691941
0.5186883408388664,1.8559999999999999,107489.296547821
0.8851782204183032,1.858,107489.298807253
36.049022603985954,1.8599999999999999,107489.298862733
1.1149595800712193,1.862,107489.30065652
42.42951364120018,1.8639999999999999,107489.300703657
7.117387212945591,1.866,107489.300984659
7.099297713361238,1.8679999999999999,107489.301266377
0.5240520242577361,1.87,107489.305082792
1.5389610940527363,1.8719999999999999,107489.30638237
1.085183078759336,1.874,107489.308225377
1.6498913843884353,1.876,107489.309437578
0.9636845127828134,1.8780000000000001,107489.311512946
0.49571442517052755,1.88,107489.315547527
0.5358809828283944,1.8820000000000001,107489.319279699
3.035753592294942,1.884,107489.319938514
0.8212982365098385,1.8860000000000001,107489.322373683
1.3759340895320529,1.888,107489.323827241
0.38832877861143444,1.8900000000000001,107489.328977516
3.6730472756368737,1.892,107489.329522023
0.5362295458542251,1.8940000000000001,107489.333251769
4.776609887643328,1.896,107489.333670476
1.8922496267447975,1.8980000000000001,107489.334727419
2.045719796203212,1.9,107489.33570507
0.26609789152662483,1.9020000000000001,107489.343221101
0.3204673177308837,1.904,107489.349461987
0.40086458455269974,1.9060000000000001,107489.354451203
0.38306566371295875,1.908,107489.35967224
23.1905572461367,1.9100000000000001,107489.359758482
41.13448525294275,1.912,107489.359807103
1.2980202535013512,1.9140000000000001,107489.361347911
13.359517968123239,1.916,107489.361497617
0.9721125251167729,1.9180000000000001,107489.363554992
3.9008254541012297,1.92,107489.364067704
21.264151927212332,1.9220000000000002,107489.364161759
6.2836172986405066,1.924,107489.364480047
0.922003995989409,1.9260000000000002,107489.366649235
1.0166915366567386,1.928,107489.3686164
1.190878111562226,1.9300000000000002,107489.370295833
0.9565451100336254,1.932,107489.372386691
0.42274584050333575,1.9340000000000002,107489.377117666
1.5512088886389095,1.936,107489.378406983
3.5270072156639967,1.938,107489.378974036
0.44214597321110355,1.94,107489.383497429
3.433523502752264,1.942,107489.384079921
0.655778341873595,1.944,107489.387129732
0.638046658538505,1.946,107489.390264299
0.679884990681538,1.948,107489.393205973
0.4319880220728077,1.95,107489.397835731
1.044879668022538,1.952,107489.399749827
0.15812434168923503,1.954,107489.412398101
0.19529571675107574,1.956,107489.422638981
0.3898133206040242,1.958,107489.427769642
16.25659420480651,1.96,107489.427892669
22.65955222181208,1.962,107489.427980932
0.7532624735726537,1.964,107489.430636049
18.725012765504093,1.966,107489.430742858
39.62986664667476,1.968,107489.430793325
42.179851133208544,1.97,107489.430840741
0.6998762627881229,1.972,107489.433698389
0.41363592096343343,1.974,107489.438533559
12.699138493272345,1.976,107489.43869105
2.8801179791141265,1.978,107489.439385466
21.30061739900497,1.98,107489.43947936
1.4067180538079498,1.982,107489.440901109
0.6050977676948325,1.984,107489.44420636
1.8739541039730137,1.986,107489.445273622
3.813220825593569,1.988,107489.445798113
4.522206326774081,1.99,107489.446240375
0.5525045016836968,1.992,107489.449860255
0.5549406510277036,1.994,107489.453464244
1.1636600546497677,1.996,107489.455182959
2.7670975875211026,1.998,107489.455905738
0.3160003451566725,2.0,107489.462234845
0.9267552861038876,2.002,107489.464392912
2.9789611321078184,2.004,107489.465064287
3.38228055576197,2.006,107489.465655604
1.9472205902352686,2.008,107489.466682709
0.1892656472251385,2.01,107489.477249867
0.15932327123711637,2.012,107489.489802961
0.3289861111868418,2.014,107489.495882245
12.481433315365592,2.016,107489.496042483
0.7893862300263768,2.018,107489.498576097
19.79335680000959,2.02,107489.498677141
41.34794405589743,2.022,107489.498725511
46.61135939144832,2.024,107489.498768419
32.85421059460379,2.026,107489.498829294
0.5447401926489128,2.028,107489.502500769
37.22384323182145,2.03,107489.502554498
46.358531691618765,2.032,107489.50259764
0.535374467168477,2.034,107489.506333343
40.329893491184336,2.036,107489.506382934
41.81476789097436,2.038,107489.506430764
4.483239393204565,2.04,107489.50687687
4.621947708840799,2.042,107489.507309588
0.3926478267887642,2.044,107489.512403211
2.924049272987925,2.046,107489.513087194
3.2305063634459072,2.048,107489.513706292
4.036766857374363,2.05,107489.514201738
0.784922272326021,2.052,107489.516749761
1.1301484607508667,2.054,107489.51851944
0.5238982739159225,2.056,107489.522336975
3.3285347271691115,2.058,107489.52293784
0.9223437272949168,2.06,107489.525106229
0.26687942334091436,2.062,107489.53260025
3.975684658001746,2.064,107489.533103308
4.342907292442268,2.066,107489.533563829
1.1547284125308697,2.068,107489.535295838
0.6392833892699776,2.07,107489.538424341
3.2725778690763963,2.072,107489.53903548
1.4762032428555296,2.074,107489.540390307
3.0023448017854166,2.076,107489.541056453
1.763366765348533,2.078,107489.542190647
0.31132494277081924,2.08,107489.548614803
0.23212794704770054,2.082,107489.557230741
1.7184094108339634,2.084,107489.558394608
0.2501798166962447,2.086,107489.566388858
15.170478610170411,2.088,107489.566520693
22.128053151522266,2.09,107489.566611076
26.53470136978241,2.092,107489.566686449
0.8137911596678339,2.094,107489.569144082
0.22336029239569552,2.096,107489.578098225
12.892662465011114,2.098,107489.578253352
1.2714541926046241,2.1,107489.579826354
0.6199232167648616,2.102,107489.58305256
12.962518613910591,2.104,107489.583206851
19.54977057179316,2.106,107489.583309154
24.171227555974717,2.108,107489.583391897
24.462738265571684,2.11,107489.583473654
0.8107821052986937,2.112,107489.585940408
0.42239246064525543,2.114,107489.590675341
15.024941381841108,2.116,107489.590808453
0.5414161705435825,2.118,107489.594502469
2.743055245781146,2.12,107489.595231583
3.5381197065393843,2.122,107489.595796855
21.679983322188612,2.124,107489.595889106
26.68481265969166,2.126,107489.595964055
0.9288289436495137,2.128,107489.598117304
0.6989998365850891,2.13,107489.600978535
0.8344201660151507,2.132,107489.603375409
0.720387915660597,2.134,107489.606151691
1.2152477069917798,2.136,107489.607797446
1.9112949025886459,2.138,107489.608843857
0.4525866794210829,2.14,107489.6132629
0.4826942061541643,2.142,107489.61740631
2.898886851286402,2.144,107489.61809623
0.49674495476637176,2.146,107489.622122441
3.476338296023169,2.148,107489.622697759
3.5283635965292914,2.15,107489.623264594
0.5183335898948837,2.152,107489.627123113
1.1132082662076477,2.154,107489.628919722
0.2584270478637338,2.156,107489.63665885
0.46551033909412814,2.158,107489.64095521
0.7783070264632088,2.16,107489.64352489
1.8902823244518938,2.162,107489.644582933
14.607070993415437,2.164,107489.644719853
3.339243791386077,2.166,107489.645318791
1.6942074044677489,2.168,107489.646499284
0.8979506086032351,2.17,107489.648726578
0.9062785600641671,2.172,107489.650933405
0.47590198906726267,2.174,107489.655135951
2.3768495147597335,2.176,107489.655977401
0.4856070900926971,2.178,107489.660095957
2.4801464241672653,2.18,107489.660902361
0.43892279692238706,2.182,107489.665458971
1.1359815333489978,2.184,107489.667219563
0.7548964474117295,2.186,107489.669868933
3.8428061520488788,2.188,107489.670389386
6.582671830858572,2.19,107489.670693214
1.6012502508032687,2.192,107489.671942238
0.22378951979476258,2.194,107489.680879207
0.44641481890217166,2.196,107489.685359345
0.7164232154331291,2.198,107489.688150991
12.867032796205711,2.2,107489.688306427
0.4030057782419273,2.202,107489.693269135
0.8860860953698385,2.204,107489.695526252
0.9312166179742604,2.206,107489.69767398
19.02352192130389,2.208,107489.697779113
24.797898201901404,2.21,107489.697859765
1.0194334577954218,2.212,107489.699821639
2.8663725777149693,2.214,107489.700519385
2.7468226175627226,2.216,107489.701247499
1.6636803571185939,2.218,107489.702449653
0.2699662664956884,2.22,107489.709857986
1.3996614295872762,2.222,107489.711286903
3.866744223613388,2.224,107489.711804134
20.498734773970774,2.226,107489.711901701
4.8009063062332045,2.228,107489.712318289
0.8713389654270041,2.23,107489.714613607
0.6306581846166567,2.232,107489.717784897
1.535990959220525,2.234,107489.719086988
1.348016825700498,2.2359999999999998,107489.720570649
0.42220574306422065,2.238,107489.725307676
1.0280355559397074,2.24,107489.727253134
1.7371138666206272,2.242,107489.728404469
0.29360039233545143,2.2439999999999998,107489.735216449
3.2209853827696024,2.246,107489.735837377
2.274608985250799,2.248,107489.736716649
0.2775325081598437,2.25,107489.743923012
1.4275884320538388,2.252,107489.745323976
3.6121491892055047,2.254,107489.745877663
19.240758894686056,2.2560000000000002,107489.745981609
4.031981669598262,2.258,107489.746477643
0.32493954893168525,2.26,107489.752632634
1.1107069406274162,2.262,107489.754433289
2.819184538345589,2.2640000000000002,107489.755142714
0.937484328766613,2.266,107489.757276083
3.2156977378335863,2.268,107489.757898032
0.5980272871608546,2.27,107489.761242361
0.6535881502843969,2.2720000000000002,107489.764302392
0.4742422441202929,2.274,107489.768519646
3.194495233648166,2.276,107489.769145723
1.9492588274343843,2.278,107489.770171754
0.3002127157230737,2.2800000000000002,107489.776833697
0.32094172011959304,2.282,107489.783065358
0.501361949937194,2.284,107489.787054492
1.377209384707436,2.286,107489.788506704
13.9009566965299,2.288,107489.788650579
36.1912318468453,2.29,107489.788705841
3.8251449440665666,2.292,107489.789228697
2.073439159372355,2.294,107489.790193278
1.0503346566549148,2.296,107489.792097433
0.46426688674387007,2.298,107489.7964053
1.533790559125653,2.3,107489.797709259
4.492171226372259,2.302,107489.798154478
0.5708888375806226,2.304,107489.801657787
4.3199156186825505,2.306,107489.802120759
1.2226515781202278,2.308,107489.803756548
1.0043382383812285,2.31,107489.805747909
0.7069441027375414,2.312,107489.808576987
0.39532183972166446,2.314,107489.813636156
2.711382810080567,2.316,107489.814373787
0.6016041771118472,2.318,107489.817698232
0.18298201387469937,2.32,107489.828628268
0.6526352291219651,2.322,107489.831692767
0.8259742456455706,2.324,107489.83411415
17.9467166845559,2.326,107489.834225591
23.36694172654262,2.328,107489.834311182
19.787090419228548,2.33,107489.834412258
2.030696004517341,2.332,107489.835397142
21.482278075391957,2.334,107489.835490242
0.3194718235885864,2.336,107489.841750575
0.30661965776130057,2.338,107489.848273314
1.2330874317681777,2.34,107489.849895259
32.136773473308175,2.342,107489.849957493
7.152436552579727,2.344,107489.850237118
43.887549901397676,2.346,107489.850282689
50.65856020522507,2.348,107489.850322169
0.7678014806000936,2.35,107489.852927009
0.388085766251997,2.352,107489.858080509
3.231132629506902,2.354,107489.858699487
3.4464219233418767,2.356,107489.859279799
18.239187515512235,2.358,107489.859389453
0.3713971462316271,2.36,107489.864774524
2.9412716515326567,2.362,107489.865454502
0.9769918409114259,2.364,107489.867501602
1.237732526197959,2.366,107489.86911746
2.49812640859413,2.368,107489.86991806
0.47069976282912995,2.37,107489.874167053
1.6947371582728965,2.372,107489.875347177
2.0313993331096873,2.374,107489.87633172
2.3362166235960538,2.376,107489.877187805
0.9506747166501588,2.378,107489.879291574
0.6878494487082158,2.38,107489.882199187
0.394938391130396,2.382,107489.887263268
0.259141777012133,2.384,107489.894981051
0.30992913758625973,2.386,107489.901434139
0.18016091427387498,2.388,107489.912535326
14.972300757293866,2.39,107489.912668906
0.5065989586399636,2.392,107489.916616802
15.15886470797901,2.394,107489.916748738
21.59034482481037,2.396,107489.916841372
0.6938233754954831,2.398,107489.91972395
17.429043504459614,2.4,107489.919838701
23.8010219194838,2.402,107489.919922731
26.159863693583297,2.404,107489.919999184
15.791551027528957,2.406,107489.920125834
1.2974384106846082,2.408,107489.921667333
24.370328521767206,2.41,107489.9217494
0.82012992649252,2.412,107489.924188038
3.640772283827576,2.414,107489.924737372
1.4501759472494995,2.416,107489.926116515
0.7800884000137117,2.418,107489.928680327
1.7530388871218399,2.42,107489.929821203
3.87596899178678,2.422,107489.930337203
0.5354353804632964,2.424,107489.934072481
2.0305021968049304,2.426,107489.935057459
2.9679403311607615,2.428,107489.935731327
1.1092377348216047,2.43,107489.937534367
0.6149757043459992,2.432,107489.940786528
3.5612725829781113,2.434,107489.941348125
2.730438766851531,2.436,107489.942080608
0.2968217366925754,2.438,107489.948818659
4.038772198965258,2.44,107489.949313859
1.3943374562170279,2.442,107489.950748232
2.7234450389979306,2.444,107489.951482596
0.24172479360085047,2.446,107489.959756468
0.33578258791405496,2.448,107489.965712703
0.44386515081563793,2.45,107489.970218576
12.776287078215926,2.452,107489.970375116
0.38313346842017404,2.454,107489.975595229
18.75591974195469,2.456,107489.975701862
0.8189843878185142,2.458,107489.978143911
16.874077157745447,2.46,107489.978262436
24.205747864855972,2.462,107489.978345061
0.8293266464540785,2.464,107489.980756656
19.058147270516038,2.466,107489.980861598
26.836993599606515,2.468,107489.980936122
0.20256565604969423,2.4699999999999998,107489.990809464
3.3163316187968275,2.472,107489.99141254
2.321499868435212,2.474,107489.992274052
18.818569001783267,2.476,107489.99238033
26.721893137663876,2.4779999999999998,107489.992455175
28.087125002557652,2.48,107489.992526382
1.2407594447394485,2.482,107489.994138298
3.769850660551352,2.484,107489.994668823
1.3589264465768949,2.4859999999999998,107489.996140573
1.017786845286375,2.488,107489.998105621
0.6311065457621985,2.49,107490.001274658
0.8200932678934708,2.492,107490.003713405
1.2629372195044135,2.4939999999999998,107490.005297015
0.2902415141005135,2.496,107490.012187828
0.9311212414586582,2.498,107490.014335776
3.7356713386556963,2.5,107490.014871155
3.7256366870441044,2.502,107490.015407976
0.9298229993078799,2.504,107490.017558923
0.9616868801485198,2.5060000000000002,107490.019638602
0.9658000492108165,2.508,107490.021709424
0.8594258632087439,2.51,107490.024036559
0.6288216641547788,2.512,107490.027217111
3.563112459260471,2.5140000000000002,107490.027778418
0.582179601173628,2.516,107490.031213784
0.21751249661378047,2.518,107490.040408658
0.4888100378930439,2.52,107490.044500227
1.4849364290461675,2.5220000000000002,107490.045847086
17.811500618947214,2.524,107490.045959373
0.8021951262748725,2.526,107490.048452532
21.322871043434724,2.528,107490.048546328
0.5200467633667212,2.5300000000000002,107490.052392136
0.21677796406949315,2.532,107490.061618166
22.477718525595808,2.534,107490.061707143
1.7908678293386306,2.536,107490.06282392
0.7590899111621398,2.5380000000000003,107490.065458654
16.779227377108054,2.54,107490.065577849
23.659401433929165,2.542,107490.065662382
25.531372669485723,2.544,107490.065740717
27.237192183995013,2.5460000000000003,107490.065814146
5.190221654891395,2.548,107490.066199486
0.6568644959282927,2.55,107490.069244254
0.8212557415709316,2.552,107490.071679549
2.5385768348411273,2.5540000000000003,107490.072467392
2.727366947910365,2.556,107490.0732007
3.5074121050733345,2.558,107490.073770921
0.6506432743353983,2.56,107490.076844802
0.6809064633938741,2.5620000000000003,107490.079782063
0.641697778812267,2.564,107490.082898795
1.4237408783471268,2.566,107490.084303545
0.48965949299839445,2.568,107490.088388016
2.0940259467085056,2.57,107490.089343114
1.1592576527108833,2.572,107490.091068356
0.47541272495495734,2.574,107490.095275227
0.28970463559532555,2.576,107490.10217881
0.15343099316308215,2.578,107490.115213986
0.19175668708335925,2.58,107490.12564387
0.6679109817559721,2.582,107490.128638281
29.759248675453343,2.584,107490.128705487
43.129482467997,2.586,107490.128751859
49.41932692694786,2.588,107490.128792329
52.682865239847956,2.59,107490.128830292
53.824216802343855,2.592,107490.12886745
52.158025703501096,2.594,107490.128905795
0.817424885102221,2.596,107490.131352503
44.44345929256134,2.598,107490.131397504
54.01754776860135,2.6,107490.131434529
47.53416491270748,2.602,107490.131476604
2.38442401099979,2.604,107490.132315381
7.917969663182703,2.606,107490.132567971
42.571307164050815,2.608,107490.132614951
0.46946869058578056,2.61,107490.136875086
3.863480077317848,2.612,107490.137392754
0.5855366592428889,2.614,107490.140808424
3.417109427920343,2.616,107490.141393714
1.6363063701744993,2.618,107490.142615979
0.33369366681821805,2.62,107490.1486095
0.9685835071678288,2.622,107490.150674371
3.483610556444752,2.624,107490.151248488
5.272620755769221,2.626,107490.151627806
0.6589649052153005,2.628,107490.154662869
1.763802187308272,2.63,107490.155796783
0.6664667257989798,2.632,107490.158797683
0.4031062561425957,2.634,107490.163759154
1.7707106924905613,2.636,107490.164888644
2.8221243310875783,2.638,107490.16559733
0.2735703413860909,2.64,107490.172908064
0.39684012109116684,2.642,107490.177947877
0.9934802899644034,2.644,107490.179961002
0.5740364992843633,2.646,107490.183445101
21.72496207855843,2.648,107490.183537161
1.4871812416279533,2.65,107490.184881987
2.2569084062450857,2.652,107490.185768155
42.88901181391097,2.654,107490.185814787
0.7874214147244639,2.656,107490.188354723
2.474243092994207,2.658,107490.189163051
1.4440308236947907,2.66,107490.190548063
1.1077380449740304,2.662,107490.192353544
1.003639194453766,2.664,107490.194346292
0.5333846805583369,2.666,107490.198095931
5.362289663308748,2.668,107490.198468906
0.5768143697841418,2.67,107490.201936226
0.92261689542042,2.672,107490.204103973
0.45733467558173335,2.674,107490.208477138
3.155539756430503,2.676,107490.209110944
2.179998080939689,2.678,107490.210028376
0.9360670814317366,2.68,107490.212164975
0.8739600968680282,2.682,107490.214453409
0.7346858409229329,2.684,107490.217175661
1.386377051855273,2.686,107490.21861827
3.089237232029216,2.6879999999999997,107490.219265679
0.9755364726437472,2.69,107490.221315833
0.08769720852364665,2.692,107490.244121576
0.08612191428177168,2.694,107490.267344469
0.09882988869213763,2.6959999999999997,107490.287581262
0.10490128162934853,2.698,107490.306646806
0.10695060769333871,2.7,107490.325347027
0.10878328776597633,2.702,107490.343732204
0.11076392158500406,2.7039999999999997,107490.361788625
0.10511875239551326,2.706,107490.380814726
0.11372515967750901,2.708,107490.398400984
0.10563834085829045,2.71,107490.417333504
0.10393993680954648,2.7119999999999997,107490.436575386
0.10485938307033177,2.714,107490.455648548
0.1048140682397808,2.716,107490.474729956
0.10665824774463843,2.718,107490.493481436
0.10538407228291576,2.7199999999999998,107490.512459636
0.10448949566872566,2.722,107490.531600316
0.09689095336746958,2.724,107490.552242078
0.1157260272614174,2.726,107490.569524275
0.10697961192109642,2.7279999999999998,107490.588219426
0.10012245977182238,2.73,107490.608194964
0.10235397249558123,2.732,107490.627734997
0.10622321453472035,2.734,107490.646563273
0.10996024276662639,2.7359999999999998,107490.664751665
0.10133615777091635,2.738,107490.684487957
0.12129174738214747,2.74,107490.700977125
0.1009699272482882,2.742,107490.720785003
0.11821820568947636,2.7439999999999998,107490.737702871
0.10748479508660815,2.746,107490.756310154
0.10246488499045092,2.748,107490.775829036
0.09999903003111525,2.75,107490.79582923
0.10809735684195004,2.752,107490.81433107
0.10036377352497527,2.754,107490.834258579
0.08510103428625256,2.7560000000000002,107490.857760056
0.08201446216825063,2.758,107490.882145999
0.08687241788085134,2.76,107490.905168266
0.08822003599661334,2.762,107490.927838853
0.08708125235334481,2.7640000000000002,107490.950805909
0.08825425449105387,2.766,107490.973467706
0.0828896767243464,2.768,107490.997596163
0.08442989115624888,2.77,107491.021284456
0.09305576044236978,2.7720000000000002,107491.042776946
0.07807794887756518,2.774,107491.068392373
0.08577678879470757,2.776,107491.091708704
0.08982301630745775,2.778,107491.113974712
0.10669367869772016,2.7800000000000002,107491.132719965
0.10016556864304954,2.782,107491.152686906
0.10131325794856834,2.784,107491.172427659
0.10454415274648624,2.786,107491.191558332
0.10408364362819143,2.7880000000000003,107491.210773647
0.10227103055753142,2.79,107491.230329527
0.10545370718604134,2.792,107491.249295195
0.08874277880939019,2.794,107491.27183224
0.08385683758937199,2.7960000000000003,107491.295682412
0.09516466890761702,2.798,107491.316698615
0.10687312279280699,2.8,107491.335412394
0.09873159513074146,2.802,107491.355669334
0.09075724996294741,2.8040000000000003,107491.377706141
0.0950498602430577,2.806,107491.398747729
0.1027747909061167,2.808,107491.418207754
0.10907854160036173,2.81,107491.436543166
0.10996887656424928,2.8120000000000003,107491.45473013
0.1070764869289188,2.814,107491.473408367
0.10257157193176107,2.816,107491.492906947
0.11107213089045113,2.818,107491.510913264
0.108792376876559,2.82,107491.529296905
0.10804423943118723,2.822,107491.547807841
0.10164325114075182,2.824,107491.567484504
0.10474902214664938,2.826,107491.586577761
0.09291513287665211,2.828,107491.60810278
0.11775065169280444,2.83,107491.625087824
0.0989895345722641,2.832,107491.64529198
0.11524845377057455,2.834,107491.662645792
0.10451911387049011,2.836,107491.681781048
0.1022783002504,2.838,107491.701335538
0.10262329783927641,2.84,107491.72082429
0.1116288020376136,2.842,107491.738740813
0.09794913131057967,2.844,107491.759159575
0.11454213154158666,2.846,107491.776620399
0.11267824012615041,2.848,107491.794370055
0.10600396381796426,2.85,107491.813237274
0.11458762313549337,2.852,107491.830691166
0.07233215245529724,2.854,107491.858341387
0.12671883000600354,2.856,107491.874124361
0.10264974926268339,2.858,107491.893608091
0.10167906195976219,2.86,107491.913277824
0.09657190502002079,2.862,107491.933987781
0.10308961638237836,2.864,107491.953388377
0.10451299663647969,2.866,107491.972524753
0.10199427363542203,2.868,107491.992133697
0.1037644066834171,2.87,107492.011408129
0.10391954376358634,2.872,107492.030653787
0.1048304234453436,2.874,107492.049732218
0.10347728165182048,2.876,107492.069060132
0.1035923709981345,2.878,107492.088366573
0.10377262800712368,2.88,107492.107639478
0.10059201918683786,2.882,107492.127521771
0.1007136164175355,2.884,107492.147380059
0.09564019852173766,2.886,107492.168291768
0.10585527327106545,2.888,107492.187185489
0.1002933430200545,2.89,107492.207126992
0.11870725419394533,2.892,107492.223975162
0.10594934163404596,2.894,107492.242852108
0.10612826525370636,2.896,107492.261697229
0.10683963291666701,2.898,107492.280416874
0.10776920013131763,2.9,107492.298975052
0.103620382186677,2.902,107492.318276274
0.1069049763751581,2.904,107492.336984477
0.10778213998919584,2.906,107492.355540427
0.10579606938005173,2.908,107492.374444721
0.10309764079169706,2.91,107492.393843807
0.1037351823511473,2.912,107492.413123669
0.10464822291552016,2.914,107492.432235317
0.10181473567399173,2.916,107492.451878839
0.10392903185899191,2.918,107492.47112274
0.10737186786516151,2.92,107492.489749593
0.10052991832357046,2.922,107492.509644168
0.08075843476682405,2.924,107492.534409383
0.0807105824307515,2.926,107492.559189281
0.08225757225799499,2.928,107492.583503152
0.0834844959315087,2.93,107492.607459696
0.08294488859444087,2.932,107492.631572092
0.08724619426667729,2.934,107492.654495728
0.10387420124143076,2.936,107492.673749787
0.09518388577508827,2.9379999999999997,107492.694761747
0.10215348224337087,2.94,107492.71434013
0.09901179302254617,2.942,107492.734539744
0.10013797008198487,2.944,107492.754512188
0.09627440669848636,2.9459999999999997,107492.775286141
0.09856646900495468,2.948,107492.795577017
0.08875413246463174,2.95,107492.818111179
0.08326971183969929,2.952,107492.842129516
0.08900871437567291,2.9539999999999997,107492.864599226
0.09201838506518949,2.956,107492.886334013
0.08030378922941425,2.958,107492.911239438
0.07588679604362461,2.96,107492.937594484
0.08996690835726935,2.9619999999999997,107492.95982488
0.10573085553906009,2.964,107492.978740834
0.09232118114179873,2.966,107493.000404335
0.08545076045689921,2.968,107493.023809627
0.08497054584140637,2.9699999999999998,107493.047347195
0.08907593252081157,2.972,107493.069799949
0.10126786861220664,2.974,107493.08954955
0.08575430970957518,2.976,107493.112871993
0.09405051932687221,2.9779999999999998,107493.13413716
0.10450559135899537,2.98,107493.153274892
0.1065461870915998,2.982,107493.172046094
0.1062854844064612,2.984,107493.190863339
0.10381128603850218,2.9859999999999998,107493.210129067
0.09840788341361975,2.988,107493.230452642
0.11505010058347988,2.99,107493.247836373
0.1033334332782037,2.992,107493.267191193
0.10542644675169237,2.9939999999999998,107493.286161765
0.09778383694733465,2.996,107493.306615043
0.10947588199400589,2.998,107493.324883907
0.11791827084359235,3.0,107493.341844807
0.10176399745861796,3.002,107493.361498123
0.10350312002418348,3.004,107493.380821212
0.10897004945532421,3.006,107493.399174879
0.10881811392770951,3.008,107493.417554172
0.10341411359285117,3.01,107493.436893892
0.10813253436430972,3.012,107493.455389713
0.06250755558985936,3.014,107493.487385845
0.11355981403805562,3.016,107493.504997709
0.11931829393381684,3.018,107493.521759598
0.1109788243830397,3.02,107493.539781054
0.10260721864046332,3.022,107493.55927286
0.10923943899335868,3.024,107493.577581266
0.10707245122862169,3.026,107493.596260207
0.10780287451119105,3.028,107493.614812588
0.10830590979627823,3.03,107493.633278801
0.10864810683213753,3.032,107493.651686853
0.10703329706933784,3.034,107493.670372627
0.09588125301026654,3.036,107493.691231762
0.09845625997378041,3.038,107493.711545351
0.09478579101705624,3.04,107493.73264556
0.10030259786698016,3.042,107493.752585223
0.1100312763738901,3.044,107493.770761873
0.10715355532242218,3.046,107493.789426676
0.09996832002219781,3.048,107493.809433014
0.10258363025227193,3.05,107493.828929302
0.1067643261355973,3.052,107493.847662151
0.1076888144534841,3.054,107493.866234182
0.10909404109396757,3.056,107493.884566989
0.09504553747837413,3.058,107493.905609534
0.10014323993053541,3.06,107493.925580927
0.12060206475622638,3.062,107493.942164391
0.10288332047774751,3.064,107493.961603888
0.10553240441263065,3.066,107493.980555413
0.1075183438354136,3.068,107493.99915689
0.10432295005444556,3.07,107494.018328127
0.10089677046176879,3.072,107494.038150367
0.10453303868014727,3.074,107494.057283074
0.10495260311685166,3.076,107494.076339295
0.10543026485985244,3.078,107494.09530918
0.10613183022583886,3.08,107494.114153668
0.1044728373609357,3.082,107494.1332974
0.10293182249837592,3.084,107494.152727737
0.10791580219997873,3.086,107494.171260704
0.10980268398679732,3.088,107494.189475195
0.1071475907767572,3.09,107494.208141037
0.10090876921936946,3.092,107494.22796092
0.09950668070416463,3.094,107494.248060073
0.08458658938479922,3.096,107494.271704483
0.08745377634204754,3.098,107494.294573707
0.08649969429105896,3.1,107494.317695176
0.09006161517695457,3.102,107494.339902195
0.10728928790692104,3.104,107494.358543385
0.10848959263465562,3.106,107494.376978333
0.10451606064808648,3.108,107494.396114148
0.10617835941086295,3.11,107494.414950378
0.10720697845989971,3.112,107494.43360588
0.10426509944467674,3.114,107494.452787754
0.09960354795352537,3.116,107494.47286736
0.09869588195211125,3.118,107494.49313163
0.1321594491201578,3.12,107494.508264865
0.10786227537540317,3.122,107494.526807029
0.10292694911829563,3.124,107494.546238286
0.11476463036078549,3.126,107494.563665258
0.11060147182582077,3.128,107494.5817482
0.10247020832109285,3.13,107494.601266068
0.1061143625939269,3.132,107494.620113658
0.10220538264075092,3.134,107494.639682099
0.1063425912225113,3.136,107494.658489239
0.1128057543552891,3.138,107494.676218831
0.10853423111179819,3.14,107494.694646197
0.1116232821336095,3.142,107494.712563606
0.10756942940227744,3.144,107494.731156249
0.11077470678946207,3.146,107494.749210912
0.10349349545244121,3.148,107494.768535798
0.10871221893030175,3.15,107494.786932994
0.11153184019866272,3.152,107494.804865093
0.10403974900366657,3.154,107494.824088515
0.10764019327327265,3.156,107494.842668935
0.10804551179208322,3.158,107494.861179653
0.09781544365668896,3.16,107494.881626322
0.12297400338851332,3.162,107494.897889922
0.1056567236080655,3.164,107494.916819148
0.10595814295988817,3.166,107494.935694526
0.10286278968582536,3.168,107494.955137903
0.1066051427280099,3.17,107494.973898724
0.1118851699950258,3.172,107494.991774194
0.10228904994034961,3.174,107495.011326629
0.11814910913308653,3.176,107495.028254391
0.08475274760953182,3.178,107495.051852446
0.10359893912492751,3.18,107495.071157663
0.10488903526114139,3.182,107495.090225433
0.10452894653197986,3.184,107495.109358889
0.10525200118341771,3.186,107495.128360903
0.1084309451392149,3.188,107495.146805822
0.10315597454778738,3.19,107495.166193938
0.08405546078288209,3.192,107495.189987752
0.09201708114352813,3.194,107495.211722847
0.1000859939028504,3.196,107495.231705663
0.11128793529415018,3.198,107495.249677063
0.108567560159567,3.2,107495.268098772
0.10982376299528086,3.202,107495.286309767
0.10630351120774588,3.204,107495.305123821
0.10474540689035415,3.206,107495.324217737
0.10819447069790535,3.208,107495.34270297
0.10622704533434972,3.21,107495.361530567
0.10558556620799749,3.212,107495.38047255
0.1038863897832866,3.214,107495.39972435
0.10530394937057845,3.216,107495.41871699
0.1121171130113879,3.218,107495.43655548
0.10021746690319232,3.22,107495.456512081
0.10488000910801361,3.222,107495.475581492
0.1075947589689797,3.224,107495.494169758
0.10624856304332765,3.226,107495.512993542
0.1046169663709553,3.228,107495.5321109
0.1027396609867559,3.23,107495.551577579
0.08710667851020738,3.232,107495.574537931
0.10169121643715545,3.234,107495.594205313
0.10137498951094623,3.2359999999999998,107495.613934045
0.10127439138917317,3.238,107495.633682374
0.09143255474940801,3.24,107495.655556421
0.08576522411838361,3.242,107495.678875896
0.08574269963462275,3.2439999999999998,107495.702201497
0.08689116446511291,3.246,107495.725218797
0.08636404558783442,3.248,107495.748376582
0.08653651492843245,3.25,107495.771488213
0.08549737887107509,3.252,107495.794880743
0.06908855202989735,3.254,107495.823829099
0.09348961241789272,3.2560000000000002,107495.84522185
0.07644988158242852,3.258,107495.87138278
0.10888059528262076,3.26,107495.889751526
0.0971336019572916,3.262,107495.910341723
0.09912982848824135,3.2640000000000002,107495.930517285
0.10325597583389744,3.266,107495.949886624
0.09170799260991355,3.268,107495.971694974
0.08355400291777577,3.27,107495.995631589
0.08602219728449237,3.2720000000000002,107496.018881402
0.08489724311108239,3.274,107496.042439293
0.08498769313426248,3.276,107496.065972112
0.0887863820746285,3.278,107496.088498089
0.10192540655725675,3.2800000000000002,107496.108120282
0.0930665036352554,3.282,107496.129610291
0.0829370084858535,3.284,107496.153724978
0.08480479183204041,3.286,107496.177308551
0.08957915001979774,3.288,107496.199635175
0.09481660834515415,3.29,107496.220728526
0.10521874444343045,3.292,107496.239736546
0.10405744428352075,3.294,107496.258956699
0.10582333652541381,3.296,107496.277856122
0.08235504462932909,3.298,107496.302141216
0.09979984146487478,3.3,107496.322181328
0.09840488629747926,3.302,107496.342505522
0.09724954461795805,3.304,107496.363071171
0.1032504213130555,3.306,107496.382441552
0.10372950092072132,3.308,107496.40172247
0.09275156700020007,3.31,107496.423285448
0.08480587790559103,3.312,107496.446868719
0.09148013902803677,3.314,107496.468731388
0.09952607174093804,3.316,107496.488826625
0.10375017994177907,3.318,107496.5081037
0.10545439114107441,3.32,107496.527069245
0.08949237372240672,3.322,107496.549417518
0.09152471945534336,3.324,107496.571269538
0.10579970719555305,3.326,107496.590173182
0.10510769813509845,3.328,107496.609201284
0.0990782453512659,3.33,107496.62938735
0.10093793039022819,3.332,107496.649201507
0.09224960769422315,3.334,107496.670881816
0.09611127530423316,3.336,107496.691691029
0.08564506860185178,3.338,107496.71504322
0.0840960070186049,3.34,107496.738825562
0.09473282644154439,3.342,107496.759937568
0.1005304741606936,3.344,107496.779832033
0.09856457451978645,3.346,107496.800123299
0.09811764250849933,3.348,107496.820506993
0.09241341326385366,3.35,107496.842148873
0.10075222619708597,3.352,107496.861999551
0.10473403051234119,3.354,107496.881095541
0.1111102222160853,3.356,107496.899095685
0.10944618534565416,3.358,107496.917369506
0.10272145080025628,3.36,107496.936839636
0.09898654113311842,3.362,107496.957044403
0.1017641993947964,3.364,107496.97669768
0.10110381606394563,3.366,107496.996479327
0.10416233745689621,3.368,107497.015680125
0.10204299772296443,3.37,107497.035279706
0.10976125499571136,3.372,107497.053501072
0.1076597141294601,3.374,107497.072078123
0.10704637587212461,3.376,107497.090761614
0.10751069158086499,3.378,107497.109364415
0.10766675587417134,3.38,107497.127940251
0.1092586548514589,3.382,107497.146245437
0.10475550725765032,3.384,107497.165337512
0.1081170613167025,3.386,107497.18383598
0.1045039696078737,3.388,107497.202974009
0.10580594234547605,3.39,107497.221876539
0.10924124691126635,3.392,107497.240184642
0.10849221741604236,3.394,107497.258619144
0.10741382582208525,3.396,107497.277238721
0.10375399594698459,3.398,107497.296515087
0.10080415001287982,3.4,107497.31635554
0.10082453801782212,3.402,107497.336191981
0.10467315931606301,3.404,107497.355299076
0.10041328606389781,3.406,107497.375216759
0.09884215797969405,3.408,107497.39545104
0.1149346088988999,3.41,107497.412852239
0.10776119857840419,3.412,107497.431411795
0.10095411738007079,3.414,107497.451222775
0.11120408388908426,3.416,107497.469207726
0.08616127193247153,3.418,107497.492420011
0.10914033374302896,3.42,107497.510745042
0.08442026893464177,3.422,107497.534436035
0.08738860899462465,3.424,107497.557322313
0.08932512903247049,3.426,107497.579712429
0.10102626521775929,3.428,107497.599509261
0.0996448755976205,3.43,107497.619580539
0.09749389030347486,3.432,107497.640094645
0.10290239290578987,3.434,107497.659530539
0.09401808078871081,3.436,107497.680803043
0.08554143579440346,3.438,107497.704183525
0.08617667155145405,3.44,107497.727391662
0.08613242543117189,3.442,107497.750611721
0.08609385383592998,3.444,107497.773842183
0.09163058600222401,3.446,107497.795668956
0.0893518506086435,3.448,107497.818052376
0.10212771864726324,3.45,107497.837635698
0.09993436810714679,3.452,107497.857648833
0.09993400355270661,3.454,107497.877662041
0.10165722627480758,3.456,107497.897335999
0.09366392138354263,3.458,107497.918688938
0.10638094169492349,3.46,107497.937489298
0.09805726493701365,3.462,107497.957885543
0.10206091083716642,3.464,107497.977481684
0.09118312524636955,3.466,107497.999415567
0.08764571813234313,3.468,107498.022234708
0.08805354254306075,3.4699999999999998,107498.044948161
0.09015361996802819,3.472,107498.067132517
0.10216265049784871,3.474,107498.086709143
0.09675378006376185,3.476,107498.10738017
0.10817091153049092,3.4779999999999998,107498.125869429
0.1011628006651883,3.48,107498.145639542
0.09065446724047287,3.482,107498.167701334
0.08766709016601061,3.484,107498.190514912
0.08723725883150098,3.4859999999999998,107498.213440896
0.08737527725309695,3.488,107498.236330666
0.09318576310143828,3.49,107498.257793172
0.09148642851335087,3.492,107498.279654338
0.08541215849120823,3.4939999999999998,107498.303070208
0.08630424920951599,3.496,107498.326244038
0.08802238094184904,3.498,107498.348965532
0.08599365822849381,3.5,107498.372223061
0.09007146312895688,3.502,107498.394427652
0.0863494662589878,3.504,107498.417589347
0.09145275252960389,3.5060000000000002,107498.439458563
0.08837785673468462,3.508,107498.462088666
0.08476432104015193,3.51,107498.485683499
0.08763632817905163,3.512,107498.508505085
0.08533682508981628,3.5140000000000002,107498.531941626
0.08697740387806394,3.516,107498.554936104
0.09323402108171779,3.518,107498.576387501
0.09082855902415032,3.52,107498.598407007
0.08596041983124499,3.5220000000000002,107498.621673529
0.08721231550169832,3.524,107498.64460607
0.0877088077878321,3.526,107498.667408797
0.0852757333295281,3.528,107498.690862128
0.09676484168868353,3.5300000000000002,107498.711530792
0.1035109356939078,3.532,107498.730852422
0.103596985794394,3.534,107498.750158003
0.10791619808101724,3.536,107498.768690902
0.10835538681729258,3.5380000000000003,107498.787148683
0.10583527556312734,3.54,107498.806045974
0.10434075812632047,3.542,107498.825213939
0.09679151609198101,3.544,107498.845876907
0.12091694462395447,3.5460000000000003,107498.862417186
0.1102986147084978,3.548,107498.88054978
0.10800287243620571,3.55,107498.899067806
0.10789514059950414,3.552,107498.917604322
0.11087359525579453,3.5540000000000003,107498.935642882
0.1079867601598166,3.556,107498.954163671
0.10940954352387997,3.558,107498.972443612
0.10623295857559194,3.56,107498.991270161
0.11101197123880481,3.5620000000000003,107499.009286236
0.10712632714610573,3.564,107499.027955783
0.10690727365205013,3.566,107499.046663584
0.10772672635985212,3.568,107499.065229079
0.10827333910588996,3.57,107499.083700847
0.07178589854023464,3.572,107499.111561472
0.08682232842664335,3.574,107499.134597021
0.08651679449087336,3.576,107499.15771392
0.08745315298084577,3.578,107499.180583307
0.0879666039976744,3.58,107499.203319208
0.0888108024823672,3.582,107499.225838991
0.08660847238281075,3.584,107499.24893142
0.09561857524462465,3.586,107499.269847858
0.08412300651241486,3.588,107499.293622567
0.09837260234137113,3.59,107499.313953431
0.10435047026467346,3.592,107499.333119612
0.10063396886354328,3.594,107499.352993617
0.09057577612863384,3.596,107499.375074576
0.08613386469290286,3.598,107499.398294247
0.0927556407337218,3.6,107499.419856278
0.08435071187220924,3.602,107499.443566807
0.08616102319412434,3.604,107499.466779159
0.09270050715723771,3.606,107499.488354014
0.09256761645386648,3.608,107499.509959842
0.11177248759415147,3.61,107499.527853333
0.09266907463490895,3.612,107499.549435506
0.0860882579933311,3.614,107499.572667478
0.08729691518986972,3.616,107499.595577795
0.09271304657340569,3.618,107499.617149732
0.10009634774487546,3.62,107499.637130481
0.10035675826645811,3.622,107499.657059383
0.101469254521612,3.624,107499.676769787
0.0908726138092348,3.626,107499.698778618
0.11354773833680773,3.628,107499.716392355
0.10019005548872444,3.63,107499.736354416
0.10043913500180161,3.632,107499.756266973
0.10308814452175101,3.634,107499.775667846
0.10725093540653856,3.636,107499.794315702
0.11050784880654552,3.638,107499.812413964
0.10283687871386134,3.64,107499.83186224
0.10469237507704114,3.642,107499.850965828
0.10287198522488918,3.644,107499.870407467
0.10618721015069757,3.646,107499.889242127
0.10684457570797666,3.648,107499.907960906
0.08012850688018126,3.65,107499.932920812
0.10305150452868089,3.652,107499.952328583
0.09998540210160561,3.654,107499.972331503
0.10242843478883236,3.656,107499.991857331
0.1005220714472608,3.658,107500.011753459
0.10764975871781421,3.66,107500.030332228
0.10505543559493914,3.662,107500.049369796
0.10706696578672067,3.664,107500.068049694
0.10695179733255833,3.666,107500.086749707
0.10739206426941353,3.668,107500.105373057
0.10457866303335289,3.67,107500.124497417
0.10574352846564246,3.672,107500.143411104
0.10373388029681205,3.674,107500.162691208
0.1023772981249081,3.676,107500.182226789
0.11026666446216023,3.678,107500.200364637
0.10682317544200763,3.68,107500.219087166
0.10832567288048381,3.682,107500.23755001
0.10251215785214308,3.684,107500.257059891
0.10239670230040544,3.686,107500.27659177
0.10945372031153128,3.6879999999999997,107500.294864333
0.11043740613111828,3.69,107500.312974139
0.1031906603464464,3.692,107500.332355738
0.10404754849283666,3.694,107500.351577719
0.10347592716690286,3.6959999999999997,107500.370905886
0.11643040223689935,3.698,107500.38808353
0.1091642277272592,3.7,107500.40640455
0.10289893041556049,3.702,107500.425841098
0.10774961058006004,3.7039999999999997,107500.44440265
0.10636365225190313,3.706,107500.463206066
0.10366589015442236,3.708,107500.482498815
0.10538525504409298,3.71,107500.501476802
0.10131523903297854,3.7119999999999997,107500.521217169
0.10031838547109598,3.714,107500.541153694
0.10489678647897434,3.716,107500.560220055
0.10600004796259875,3.718,107500.579087971
0.10415690190889344,3.7199999999999998,107500.598289771
0.10546059682220277,3.722,107500.6172542
0.10407554633672716,3.724,107500.63647101
0.1103092243135251,3.726,107500.65460186
0.10429240426640168,3.7279999999999998,107500.673778712
0.0980536305105539,3.73,107500.694175713
0.10485395156696034,3.732,107500.713249863
0.10325855603554561,3.734,107500.732618718
0.1026242350732577,3.7359999999999998,107500.752107292
0.08764950544286967,3.738,107500.774925447
0.09857189527963942,3.74,107500.795215206
0.09958542091868781,3.742,107500.815298467
0.09282866966453875,3.7439999999999998,107500.836843535
0.10937592286151412,3.746,107500.855129095
0.10524748156765193,3.748,107500.874131925
0.10982897373900748,3.75,107500.892342056
0.10950751349884782,3.752,107500.910605643
0.08589065604024806,3.754,107500.933891063
0.08572836230879152,3.7560000000000002,107500.957220565
0.08936623168825372,3.758,107500.979600383
0.08665827411628574,3.76,107501.002679541
0.1025719506251494,3.762,107501.022178049
0.09853987067166928,3.7640000000000002,107501.042474402
0.09787115072890576,3.766,107501.062909433
0.101000138761597,3.768,107501.082711386
0.10393656087510098,3.77,107501.101953893
0.09395252937113537,3.7720000000000002,107501.123241239
0.08976862940752156,3.774,107501.145520737
0.09525766841521996,3.776,107501.166516422
0.10550025586464405,3.778,107501.185473722
0.09703795992567874,3.7800000000000002,107501.206084213
0.10487966816344171,3.782,107501.225153686
0.10688781328836525,3.784,107501.243864893
0.10771265705468089,3.786,107501.262432813
0.10592038832906095,3.7880000000000003,107501.281314919
0.10709160046316851,3.79,107501.29999052
0.10064826542490762,3.792,107501.319861702
0.10420160134365726,3.794,107501.339055265
0.10652062827821814,3.7960000000000003,107501.357830971
0.10844589651532352,3.798,107501.376273347
0.10151394861354253,3.8,107501.395975073
0.09827920965947555,3.802,107501.416325257
0.1014663408513274,3.8040000000000003,107501.436036227
0.10235050489208224,3.806,107501.455576922
0.0994547196247675,3.808,107501.475686576
0.10528780630431028,3.81,107501.494682128
0.10313533480411817,3.8120000000000003,107501.514074124
0.10508305105529255,3.814,107501.533106689
0.10264511858167234,3.816,107501.552591298
0.0846942284091407,3.818,107501.576205658
0.11336483554062238,3.82,107501.593847813
0.10924998900656889,3.822,107501.612154451
0.0957791424981565,3.824,107501.633035824
0.10433616942215501,3.826,107501.652204632
0.10787299750637852,3.828,107501.670744953
0.09947779130434148,3.83,107501.690849943
0.09161708694905576,3.832,107501.712679932
0.09489490100275777,3.834,107501.73375588
0.08660447080672401,3.836,107501.756849376
0.086558454468395,3.838,107501.779955149
0.08607786878371324,3.84,107501.803189925
0.08864124499816838,3.842,107501.825752785
0.10172955495795334,3.844,107501.845412755
0.10098358523791238,3.846,107501.865217954
0.09921247124349297,3.848,107501.88537671
0.10209991966606269,3.85,107501.904965364
0.10302990334376987,3.852,107501.924377204
0.10121756635875018,3.854,107501.94413662
0.09086437324484191,3.856,107501.966147447
0.11680411108866319,3.858,107501.983270132
0.10100522420648819,3.86,107502.003071088
0.10059787326850833,3.862,107502.022952224
0.10313250544858965,3.864,107502.042344752
0.10612035342841741,3.866,107502.061191278
0.10029836756426982,3.868,107502.081131782
0.09846325935178593,3.87,107502.101443927
0.09915794078523399,3.872,107502.121613769
0.08420896272801219,3.874,107502.14536421
0.08545524032357193,3.876,107502.168768275
0.08712384498855097,3.878,107502.191724103
0.08778598867453176,3.88,107502.214506782
0.10608537537530371,3.882,107502.233359522
0.08098139733602774,3.884,107502.258056552
0.08488911384209631,3.886,107502.281616699
0.10287141905522527,3.888,107502.301058445
0.10785528361613478,3.89,107502.319601811
0.103257777772327,3.892,107502.338970812
0.10631377862211192,3.894,107502.357783049
0.10492494610610556,3.896,107502.376844293
0.0825995260361851,3.898,107502.401057507
0.08342108185718711,3.9,107502.425032262
0.09014863396225505,3.902,107502.447217845
0.09475286579290236,3.904,107502.468325386
0.09841025124825044,3.906,107502.488648472
0.099777346848082,3.908,107502.508693102
0.09808383902156756,3.91,107502.529083821
0.09920234376155354,3.912,107502.549244635
0.10157715285986864,3.914,107502.568934102
0.09913264883938555,3.916,107502.58910909
0.10140982988476675,3.918,107502.608831044
0.10654609623459552,3.92,107502.627602262
0.09916938697604728,3.922,107502.647769776
0.09763355784362568,3.924,107502.668254536
0.10381825367420623,3.926,107502.687518971
0.10331678386062103,3.928,107502.70687691
0.10563630426455284,3.93,107502.725809795
0.08347847803947522,3.932,107502.749768066
0.08800092826320255,3.934,107502.772495099
0.09363655340640994,3.936,107502.793854279
0.10927478481684672,3.9379999999999997,107502.812156763
0.1029957551202416,3.94,107502.831575039
0.10017189499211022,3.942,107502.851540719
0.10563110997848378,3.944,107502.870474535
0.10344070680777245,3.9459999999999997,107502.889809283
0.1063620854173987,3.948,107502.908612976
0.09708547459531493,3.95,107502.92921338
0.12196840672780694,3.952,107502.945611069
0.10331471308889924,3.9539999999999997,107502.964969396
0.10757328853914465,3.956,107502.983561372
0.10513201958039674,3.958,107503.002585072
0.10716999985564601,3.96,107503.021247011
0.10780440273598461,3.9619999999999997,107503.039799129
0.10856905705435421,3.964,107503.058220584
0.10667161058783697,3.966,107503.076969715
0.10712657388696709,3.968,107503.095639219
0.103690242416162,3.9699999999999998,107503.114927437
0.1064300910346969,3.972,107503.133719115
0.10668978559601767,3.974,107503.152465052
0.11039620370009981,3.976,107503.170581617
0.10895876391517219,3.9779999999999998,107503.188937185
0.10837438099230046,3.98,107503.207391731
0.08690500218638841,3.982,107503.230405366
0.08334873203704626,3.984,107503.254400932
0.08558303679285911,3.9859999999999998,107503.277770049
0.08775961763482959,3.988,107503.300559574
0.09525917018009583,3.99,107503.321554928
0.10310338617210175,3.992,107503.340952933
0.10374501340745036,3.9939999999999998,107503.360230968
0.10461578438807598,3.996,107503.379348542
0.10135423965495499,3.998,107503.399081313
0.1027699428349691,4.0,107503.418542256
0.10481478780687097,4.002,107503.437623533
0.10799112158815466,4.004,107503.456143574
0.10408057252290759,4.006,107503.475359456
0.10810258615547344,4.008,107503.493860401
0.10353716604633581,4.01,107503.513177136
0.10682829365853487,4.012,107503.531898768
0.10661293935977224,4.014,107503.550658217
0.10240799081210392,4.016,107503.570187943
0.10580058590213691,4.018,107503.58909143
0.10740739964874611,4.02,107503.607712121
0.10940775389485805,4.022,107503.625992361
0.10745451749598922,4.024,107503.644604887
0.10744208336243853,4.026,107503.663219567
0.109578923787125,4.028,107503.681471252
0.10358845959700941,4.03,107503.700778422
0.10873703135632988,4.032,107503.71917142
0.10095438745190878,4.034,107503.738982347
0.10433319222003602,4.036,107503.758151702
0.10466460857756553,4.038,107503.777260358
0.10035746322167964,4.04,107503.79718912
0.10292068310806561,4.042,107503.81662156
0.0986259628707313,4.044,107503.836900196
0.11165662192075733,4.046,107503.854812255
0.10736291659106935,4.048,107503.873440661
0.10049847246934226,4.05,107503.893341461
0.11212249334699785,4.052,107503.911179095
0.0968023052377063,4.054,107503.93183976
0.1178927056337623,4.056,107503.948804338
0.10572670266365075,4.058,107503.967721035
0.1123356003882729,4.06,107503.98552483
0.10550260994906176,4.062,107504.004481707
0.10622038241649462,4.064,107504.023310485
0.08816813204726633,4.066,107504.045994418
0.10310182350382567,4.068,107504.065392717
0.10271997883931837,4.07,107504.084863126
0.1030590396222732,4.072,107504.104269478
0.10195309507253984,4.074,107504.123886342
0.10192299126322196,4.076,107504.143509
0.10263435186850527,4.078,107504.162995653
0.10168498111069077,4.08,107504.182664241
0.10385003762056319,4.082,107504.20192278
0.09656715359906422,4.084,107504.222633756
0.10186403024345772,4.086,107504.242267772
0.10763387325274293,4.088,107504.260849283
0.10367244070612165,4.09,107504.280140813
0.10670348646528936,4.092,107504.298884343
0.09843809263011816,4.094,107504.319201681
0.09900148589293961,4.096,107504.339403398
0.09832962548288143,4.098,107504.359743148
0.09815468695550983,4.1,107504.380119149
0.09769891698734905,4.102,107504.400590205
0.1033603055738831,4.104,107504.419939993
0.10263138661493507,4.106,107504.439427209
0.10276968409446893,4.108,107504.458888201
0.10011083270773971,4.11,107504.478866059
0.1012981048350316,4.112,107504.498609765
0.09931045271723786,4.114,107504.518748632
0.0999820482494843,4.116,107504.538752223
0.10251536305149528,4.118,107504.558261494
0.10281903049342996,4.12,107504.577713146
0.09268052325530798,4.122,107504.599292653
0.10713283447116433,4.124,107504.617961066
0.10059877394562904,4.126,107504.637842024
0.08442401421579579,4.128,107504.661531966
0.097896315857632,4.13,107504.681961744
0.09765052828416892,4.132,107504.702442944
0.098329582007162,4.134,107504.722782703
0.09918997988587037,4.136,107504.74294603
0.09318746081675075,4.138,107504.764408145
0.10802695358094551,4.14,107504.782922043
0.10036415126255935,4.142,107504.802849477
0.0992957005585658,4.144,107504.822991336
0.09813339484747377,4.146,107504.843371758
0.10123174745580295,4.148,107504.863128406
0.10186382270158774,4.15,107504.882762462
0.07413345496144658,4.152,107504.909740835
0.10724228611768846,4.154,107504.928390195
0.10492777557332966,4.156,107504.947450925
0.10358343796776916,4.158,107504.966759031
0.10033513436367131,4.16,107504.986692228
0.09992152666835874,4.162,107505.006707935
0.10755438902255367,4.164,107505.025303178
0.10785463807467242,4.166,107505.043846655
0.106884745709377,4.168,107505.062558399
0.1056387593428495,4.17,107505.081490844
0.10537153528925404,4.172,107505.100471302
0.11141880027285386,4.174,107505.118421594
0.10593300573362356,4.176,107505.137301451
0.10730585472632959,4.178,107505.155939763
0.10659475646084014,4.18,107505.174702412
0.10572085686856646,4.182,107505.193620155
0.10675888357966398,4.184,107505.212353959
0.09765908250763755,4.186,107505.232833365
0.10005496015673979,4.188,107505.252822379
0.10259793358398347,4.19,107505.272315949
0.1031236993679376,4.192,107505.291710133
0.10538415551249164,4.194,107505.310688318
0.10546081369558384,4.196,107505.329652708
0.09635964813045056,4.198,107505.350408284
0.09410644285103667,4.2,107505.371660814
0.1092949986243587,4.202,107505.389959913
0.10305032566654031,4.204,107505.409367906
0.10623069026916777,4.206,107505.428194857
0.08558973553643011,4.208,107505.451562145
0.09112701286410324,4.21,107505.473509534
0.1034762483727898,4.212,107505.492837641
0.10709992150674408,4.214,107505.511511791
0.10440950580549295,4.216,107505.530667135
0.10722089287775698,4.218,107505.549320216
0.10539822295708082,4.22,107505.568295868
0.10760401524531416,4.222,107505.586882535
0.09233635497329855,4.224,107505.608542476
0.09827823893226624,4.226,107505.628892861
0.09949962137693918,4.228,107505.64899344
0.10285479663467641,4.23,107505.668438328
0.10142868383130711,4.232,107505.688156616
0.09754516854727625,4.234,107505.708659938
0.08864663929436056,4.236,107505.731221425
0.09391642722680156,4.2379999999999995,107505.752516954
0.09950254205088134,4.24,107505.772616943
0.09869504911630905,4.242,107505.792881384
0.10228949461005679,4.244,107505.812433734
0.10446113281414272,4.246,107505.831579611
0.10583717973463078,4.248,107505.850476562
0.10641350472356906,4.25,107505.869271169
0.10171411161401422,4.252,107505.888934124
0.10742148158894638,4.254,107505.907552374
0.10564117539686861,4.256,107505.926484386
0.08437046788055388,4.258,107505.950189363
0.08743174367609037,4.26,107505.97306435
0.08980702398370373,4.2620000000000005,107505.995334323
0.10297215750039639,4.264,107506.014757049
0.1028344146434802,4.266,107506.034205791
0.10399127347979888,4.268,107506.053438174
0.10461888723966768,4.27,107506.072555181
0.10310698465044286,4.272,107506.091952509
0.1008460784585081,4.274,107506.111784713
0.08841971422991703,4.276,107506.134404103
0.08814938604979249,4.2780000000000005,107506.15709286
0.10258191500862472,4.28,107506.176589474
0.10637562295865344,4.282,107506.195390774
0.10430322238879833,4.284,107506.214565637
0.11220591670662368,4.286,107506.232390009
0.09847092861924153,4.288,107506.252700572
0.08920987393826062,4.29,107506.275119615
0.0941609477959008,4.292,107506.296359843
0.09941487389151805,4.294,107506.316477557
0.10501046958078565,4.296,107506.335523277
0.10162494216154336,4.298,107506.355203485
0.10848779195514151,4.3,107506.373638739
0.10494243722382104,4.302,107506.392696806
0.10898139661503925,4.304,107506.411048562
0.10849219985938964,4.306,107506.429483067
0.09598251734969308,4.308,107506.450320195
0.11540702877013742,4.31,107506.467650162
0.10711768642195632,4.312,107506.486321215
0.10354266565581882,4.314,107506.505636924
0.10558609021117522,4.316,107506.524578813
0.10476412228719503,4.318,107506.543669318
0.08291753296986204,4.32,107506.567789669
0.10131871885198146,4.322,107506.587529358
0.0913830365606186,4.324,107506.609415258
0.09448733486422282,4.326,107506.630582116
0.105003043298511,4.328,107506.649629183
0.10193453913262443,4.33,107506.669249618
0.10672688915361594,4.332,107506.687989038
0.09376531445785034,4.334,107506.709318887
0.0929546034598491,4.336,107506.730834766
0.10501665618338793,4.338,107506.749879364
0.10199248434188783,4.34,107506.769488652
0.10105488164328529,4.342,107506.789279878
0.10454307069597261,4.344,107506.808410749
0.0993277596304383,4.346,107506.828546107
0.10634765213310154,4.348,107506.847352352
0.10331117480332154,4.35,107506.866711342
0.09561313546682858,4.352,107506.88762897
0.09754266140480247,4.354,107506.908132819
0.08430926573841008,4.356,107506.931855004
0.08763094092561875,4.358,107506.954677993
0.08664538193710464,4.36,107506.977760585
0.08949568953953273,4.362,107507.00010803
0.09356145171687308,4.364,107507.021484355
0.10481309050121035,4.366,107507.040565941
0.1041101489885494,4.368,107507.059776364
0.08913292291018386,4.37,107507.082214762
0.09050412611181764,4.372,107507.104313202
0.10734125060746391,4.374,107507.122945368
0.10235769174298812,4.376,107507.142484691
0.10491644212144358,4.378,107507.16154748
0.10700814540540773,4.38,107507.180237646
0.09927554661963403,4.382,107507.200383594
0.11505228461054112,4.384,107507.217766995
0.09350111609948639,4.386,107507.239157114
0.102235360882585,4.388,107507.258719817
0.10414219866541898,4.39,107507.277924328
0.10353434143081068,4.392,107507.29724159
0.0813400910158546,4.394,107507.321829711
0.09892788882103283,4.396,107507.342046457
0.10222960203052867,4.398,107507.361610262
0.1060850771531642,4.4,107507.380463055
0.09386586124262522,4.402,107507.401770056
0.08315710614991698,4.404,107507.425820917
0.09281638315209202,4.406,107507.447368837
0.09578813350173962,4.408,107507.46824825
0.10252329830750415,4.41,107507.487756011
0.10908025493959625,4.412,107507.506091135
0.10585058406094902,4.414,107507.524985693
0.10389841938687867,4.416,107507.544235264
0.10717334791890595,4.418,107507.56289662
0.10193669005294513,4.42,107507.582516641
0.10210378727381116,4.422,107507.602104553
0.10720665658815998,4.424,107507.620760111
0.10622923458060358,4.426,107507.63958732
0.10596715343422784,4.428,107507.658461093
0.10594542973145574,4.43,107507.677338736
0.10270462353472645,4.432,107507.696812056
0.10725292551026884,4.434,107507.715459566
0.09644812416737411,4.436,107507.736196102
0.11557277900267522,4.438,107507.753501215
0.10162826781628005,4.44,107507.773180779
0.11841014950053846,4.442,107507.790071223
0.10644602536702982,4.444,107507.808860088
0.1050463312435325,4.446,107507.827899306
0.10160788379388518,4.448,107507.847582818
0.10379337807870294,4.45,107507.86685187
0.10607625472812987,4.452,107507.885706231
0.10547914029243216,4.454,107507.904667326
0.1084809188879001,4.456,107507.923103748
0.11000338921869132,4.458,107507.941285006
0.1087999641957877,4.46,107507.959667365
0.10960400122276767,4.462,107507.977914874
0.10713119328616132,4.464,107507.996583573
0.11149813346167209,4.466,107508.014521093
0.10608907815352195,4.468,107508.033373175
0.10904313235052517,4.47,107508.051714541
0.10737428901930172,4.4719999999999995,107508.070340974
0.10893258644938997,4.474,107508.088700953
0.10839167238830094,4.476,107508.107152555
0.10847990690407097,4.478,107508.125589149
0.10760144488987891,4.48,107508.14417626
0.10914621251637359,4.482,107508.162500304
0.10641737752328312,4.484,107508.181294227
0.10153028481602945,4.486,107508.200992783
0.12321162175288992,4.4879999999999995,107508.217225018
0.10417018241906452,4.49,107508.23642437
0.08909501118246836,4.492,107508.258872316
0.09845985158728159,4.494,107508.279185164
0.10002038918645016,4.496,107508.299181087
0.09153451715035338,4.498,107508.321030768
0.08719328561366456,4.5,107508.343968314
0.09179729651803101,4.502,107508.365755448
0.0965193202805349,4.504,107508.386476688
0.09981192438512451,4.506,107508.406514374
0.10438419356752517,4.508,107508.425674363
0.10536237041587758,4.51,107508.444656472
0.10180660399731556,4.5120000000000005,107508.464301563
0.10838110544270475,4.514,107508.482754964
0.10751716468943491,4.516,107508.501356645
0.10523054752309106,4.518,107508.520362533
0.10786627779760014,4.52,107508.538904009
0.10946116041843716,4.522,107508.55717533
0.10803993783309554,4.524,107508.575687003
0.09691843478457153,4.526,107508.596322912
0.0948685595879685,4.5280000000000005,107508.617404712
0.0973461492932233,4.53,107508.637949952
0.10190611823811527,4.532,107508.657575859
0.08542617131810398,4.534,107508.680987888
0.10056650116001266,4.536,107508.700875226
0.10731322454808508,4.538,107508.719512258
0.10840718301335232,4.54,107508.73796122
0.10937234002974207,4.542,107508.756247379
0.10328936876408254,4.5440000000000005,107508.775610456
0.10596980914264502,4.546,107508.794483756
0.10783843630414068,4.548,107508.813030019
0.1027574815832876,4.55,107508.832493322
0.0976072414375138,4.552,107508.852983605
0.10258496147772946,4.554,107508.87247964
0.11109507023243899,4.556,107508.890482239
0.11383428651968576,4.558,107508.908051638
0.10149924534584764,4.5600000000000005,107508.927756218
0.11511871334726241,4.562,107508.945129588
0.10288802043054898,4.564,107508.964568197
0.10067922231736869,4.566,107508.984433269
0.10623397423347905,4.568,107509.003259638
0.10567247748573859,4.57,107509.022186042
0.10399789213189971,4.572,107509.041417201
0.10573983870494588,4.574,107509.060331548
0.07844179454925933,4.576,107509.08582816
0.12183238827654973,4.578,107509.102244156
0.10804747891424883,4.58,107509.120754537
0.09511355989607363,4.582,107509.141782033
0.09935180396707029,4.584,107509.161912518
0.10504180719609077,4.586,107509.180952556
0.10334262224607389,4.588,107509.200305655
0.1070625984542773,4.59,107509.218986315
0.10210787933826623,4.592,107509.238573442
0.1005623193521411,4.594,107509.258461607
0.09959753136362019,4.596,107509.278542426
0.10119700875237965,4.598,107509.298305856
0.11099209683008822,4.6,107509.316325157
0.10751282405039095,4.602,107509.334927589
0.10592968426041803,4.604,107509.353808038
0.10397222775949945,4.606,107509.373043944
0.10303126741731283,4.608,107509.392455527
0.10526792823552958,4.61,107509.411454666
0.104572074086285,4.612,107509.430580231
0.10534603752344274,4.614,107509.449565283
0.10323954330145825,4.616,107509.468937705
0.10877401672108372,4.618,107509.487324449
0.10595045290943872,4.62,107509.506201197
0.10188769888493478,4.622,107509.525830652
0.10958853667683663,4.624,107509.544080736
0.11103568706242305,4.626,107509.562092963
0.09318450833557224,4.628,107509.583555758
0.09445529023858278,4.63,107509.604729797
0.08541011958422233,4.632,107509.628146226
0.0942496053619488,4.634,107509.649366474
0.09881749548548925,4.636,107509.669605805
0.1024515319624638,4.638,107509.689127231
0.10168301149450994,4.64,107509.7087962
0.09065452882991099,4.642,107509.730857977
0.08960677458243493,4.644,107509.753177718
0.09134343308605422,4.646,107509.775073107
0.11080013816681285,4.648,107509.793123626
0.1026194697714406,4.65,107509.812613105
0.08880492283085491,4.652,107509.835134379
0.09928159343396302,4.654,107509.8552791
0.09217580008686271,4.656,107509.876976769
0.09716132025953947,4.658,107509.897561092
0.0839423631905601,4.66,107509.921386964
0.08546705393510513,4.662,107509.944787794
0.08553473364296055,4.664,107509.968170108
0.09273292843945065,4.666,107509.98973742
0.09527292429931011,4.668,107510.010729743
0.10386295404963704,4.67,107510.029985887
0.09847048259466004,4.672,107510.050296542
0.10109583331346689,4.674,107510.070079751
0.08124956306936486,4.676,107510.094695268
0.09272338404461869,4.678,107510.1162648
0.11721888580044147,4.68,107510.133326897
0.10203203434291236,4.682,107510.152928584
0.10232703963144277,4.684,107510.17247376
0.10483977079205017,4.686,107510.19155049
0.10300262436106493,4.688,107510.210967471
0.10001657270053747,4.6899999999999995,107510.230964157
0.09639606907979925,4.692,107510.251711891
0.09965989068272722,4.694,107510.271780145
0.10089721844151593,4.696,107510.291602297
0.10595176072576107,4.698,107510.310478812
0.10408974862167988,4.7,107510.329693
0.091825311386692,4.702,107510.351473487
0.11307233182228875,4.704,107510.36916128
0.10455829740645008,4.7059999999999995,107510.388289365
0.10398470429041017,4.708,107510.407522963
0.09680399669442886,4.71,107510.428183267
0.09994644866608364,4.712,107510.448193983
0.09807383957972869,4.714,107510.468586781
0.1043976464562315,4.716,107510.487744301
0.10109864914536121,4.718,107510.507526959
0.11285289528523196,4.72,107510.525249145
0.10283124755085858,4.7219999999999995,107510.544698486
0.0971985955369589,4.724,107510.565274915
0.1029238080789227,4.726,107510.584706765
0.10311788263431092,4.728,107510.604102043
0.09977336476915592,4.73,107510.624147473
0.09383370849259483,4.732,107510.645461775
0.08636251288048336,4.734,107510.668619971
0.09131858836037704,4.736,107510.690521317
0.09118484629960585,4.7379999999999995,107510.712454786
0.0966969669891158,4.74,107510.733137958
0.08022336106756994,4.742,107510.758068352
0.08580007110858948,4.744,107510.781378356
0.0877948403084404,4.746,107510.804158738
0.09415129340381206,4.748,107510.825401144
0.0824496958882949,4.75,107510.849658359
0.09765114813624425,4.752,107510.870139429
0.10388567214905621,4.754,107510.889391362
0.10635658190153247,4.756,107510.908196028
0.10602668397205316,4.758,107510.927059204
0.08520931217603452,4.76,107510.950530817
0.08377360202570422,4.7620000000000005,107510.974404686
0.09096035536251422,4.764,107510.996392287
0.10620639364946032,4.766,107511.015223545
0.10402613922486352,4.768,107511.034449482
0.11044114445708664,4.77,107511.052558675
0.10007844149723788,4.772,107511.072542999
0.10929848077890175,4.774,107511.090841515
0.10509144956218695,4.776,107511.109872559
0.10668303610061963,4.7780000000000005,107511.128619682
0.10661674158438837,4.78,107511.147378462
0.10865227395330397,4.782,107511.165785808
0.09359172763712495,4.784,107511.187155218
0.11884541912679367,4.786,107511.203983801
0.10405552231146699,4.788,107511.223204309
0.1015602395373719,4.79,107511.242897055
0.10836192684516623,4.792,107511.261353722
0.10930614485582973,4.7940000000000005,107511.279650955
0.10576915749774508,4.796,107511.298560059
0.099702940119969,4.798,107511.318619648
0.11684496624370054,4.8,107511.335736346
0.1047769980847115,4.802,107511.354824505
0.11177942163244475,4.804,107511.372716886
0.1062142393456006,4.806,107511.391546753
0.10714106445343062,4.808,107511.410213732
0.10480742210334619,4.8100000000000005,107511.42929635
0.10640551068920542,4.812,107511.448092369
0.10690101079874326,4.814,107511.466801266
0.10503773034748273,4.816,107511.485842043
0.10798422977310856,4.818,107511.504363266
0.10678812035215203,4.82,107511.523091941
0.10721359896035347,4.822,107511.541746291
0.10420348518411478,4.824,107511.560939507
0.11021973352693303,4.826,107511.579085078
0.08306724820060649,4.828,107511.603161956
0.09992863596506679,4.83,107511.623176239
0.08736394157332297,4.832,107511.646068979
0.08675107633726087,4.834,107511.669123448
0.09939640536053054,4.836,107511.6892449
0.09663000446087183,4.838,107511.709942405
0.10280005238682755,4.84,107511.729397648
0.10140623060132964,4.842,107511.749120302
0.10801633512418553,4.844,107511.76763602
0.10410088791991241,4.846,107511.786848152
0.10739825790102381,4.848,107511.805470428
0.10417493009185522,4.85,107511.824668905
0.10032657803322138,4.852,107511.844603802
0.10600464928793504,4.854,107511.863470899
0.10348790459526884,4.856,107511.882796829
0.0999435169188969,4.858,107511.902808132
0.10144953637134735,4.86,107511.922522367
0.10851628767266072,4.862,107511.94095278
0.10476069803275562,4.864,107511.960043909
0.10749082026917624,4.866,107511.978650149
0.10369867779568427,4.868,107511.997936798
0.10157292268746268,4.87,107512.017627085
0.09445902421206306,4.872,107512.038800287
0.10478983326418723,4.874,107512.057886108
0.1093485342574611,4.876,107512.076176248
0.10861953584281145,4.878,107512.094589142
0.10507592362632041,4.88,107512.113622998
0.10028552798156773,4.882,107512.133566055
0.09371442365152816,4.884,107512.154907487
0.08812059481396943,4.886,107512.177603657
0.08702042499716683,4.888,107512.200586767
0.09558318238013994,4.89,107512.22151095
0.09954793786429843,4.892,107512.241601773
0.0994017456133819,4.894,107512.261722144
0.09750376228196357,4.896,107512.282234173
0.09776869354516791,4.898,107512.302690619
0.09463011034340864,4.9,107512.323825541
0.09499252594924547,4.902,107512.344879829
0.09701227418534067,4.904,107512.365495777
0.08979331108773234,4.906,107512.387769151
0.0984561872569547,4.908,107512.408082755
0.10267429578848733,4.91,107512.427561827
0.09910231637340398,4.912,107512.44774299
0.08628289246709674,4.914,107512.470922556
0.09649104983694584,4.916,107512.491649867
0.08920663901943268,4.918,107512.514069723
0.10653637972719271,4.92,107512.532842653
0.09504438573208795,4.922,107512.553885453
0.09512524049762894,4.924,107512.574910367
0.09055380301893713,4.926,107512.596996684
0.09691537271041505,4.928,107512.617633245
0.09054812079320712,4.93,107512.639720948
0.08751784220206067,4.932,107512.662573431
0.10554408847435191,4.934,107512.681522858
0.08695141802610953,4.936,107512.704524208
0.0924387292362866,4.938,107512.726160161
0.09455828864870451,4.9399999999999995,107512.747311136
0.0926936587265537,4.942,107512.768887585
0.09300346556869055,4.944,107512.79039216
0.09315919455708385,4.946,107512.811860787
0.09903043263893449,4.948,107512.832056599
0.10362188537873687,4.95,107512.851357541
0.10662597253989067,4.952,107512.870114697
0.09924733793688043,4.954,107512.890266371
0.11384414218179126,4.9559999999999995,107512.907834249
0.10669520976132554,4.958,107512.926579233
0.10802687189841909,4.96,107512.945093145
0.10955400785125514,4.962,107512.963348981
0.1037407890745923,4.964,107512.982627801
0.10462108181957952,4.966,107513.001744407
0.10181523325070052,4.968,107513.021387833
0.1016764980332719,4.97,107513.041058062
0.10577040492105609,4.9719999999999995,107513.059966943
0.10108513882025505,4.974,107513.079752245
0.11193831657902978,4.976,107513.097619228
0.10632581164160974,4.978,107513.116429336
0.10785911098019274,4.98,107513.134972044
0.10684011803098374,4.982,107513.153691604
0.09940500636411324,4.984,107513.173811315
0.10208501501266863,4.986,107513.193402829
0.1193621952311519,4.9879999999999995,107513.210158553
0.10110082628924053,4.99,107513.229940785
0.1077360982548037,4.992,107513.248504665
0.10609744675560323,4.994,107513.26735526
0.10184737907460814,4.996,107513.286992486
0.09042093294535901,4.998,107513.309111258
0.09196731702108275,5.0,107513.330858114
0.11490496012639179,5.002,107513.348263803
0.10393874303569375,5.004,107513.367505906
0.10222983197678857,5.006,107513.387069667
0.1019189452181994,5.008,107513.406693104
0.1078090516029875,5.01,107513.425244422
0.10681634629863333,5.012,107513.443968148
0.1156104247737055,5.014,107513.461267626
0.08578074374806959,5.016,107513.484582882
0.0849040944469224,5.018,107513.508138872
0.09013894784046644,5.02,107513.530326839
0.09682837679093291,5.022,107513.550981941
0.09785577452877091,5.024,107513.571420183
0.09905234148562594,5.026,107513.591611528
0.09730700430714345,5.028,107513.612165033
0.0999651471973787,5.03,107513.632172006
0.09465198310033607,5.032,107513.653302044
0.10873596125156357,5.034,107513.671695223
0.10620178045610444,5.036,107513.690527299
0.09833853115675156,5.038,107513.710865207
0.12118612129042591,5.04,107513.727368747
0.1112481070038035,5.042,107513.745346581
0.10422465247690671,5.044,107513.764535899
0.10922970225453697,5.046,107513.782845937
0.1093048963536819,5.048,107513.801143379
0.09650232155114045,5.05,107513.821868269
0.09735636108464943,5.052,107513.842411354
0.10250949386148384,5.054,107513.861921742
0.10359424372813623,5.056,107513.881227834
0.10470389587588834,5.058,107513.90032932
0.10234835217375873,5.06,107513.919870426
0.10009409847062918,5.062,107513.939851624
0.09767055721906047,5.064,107513.960328624
0.10084116151667215,5.066,107513.980161795
0.10437488368193716,5.068,107513.999323493
0.10369066172356846,5.07,107514.018611633
0.1061460246317285,5.072,107514.037453601
0.10622117223867478,5.074,107514.056282239
0.09031448091431743,5.076,107514.078427082
0.08675832797918467,5.078,107514.101479624
0.08803967386424615,5.08,107514.124196655
0.07404485928174025,5.082,107514.151207308
0.09470157922734042,5.084,107514.17232628
0.08619203581170766,5.086,107514.19553028
0.09996098522421225,5.088,107514.215538086
0.09869522445645443,5.09,107514.235802491
0.09603032258219654,5.092,107514.256629246
0.10477932008242918,5.094,107514.275716982
0.10128384356387915,5.096,107514.295463468
0.10007039454828945,5.098,107514.315449399
0.10729263195275668,5.1,107514.334090008
0.10529528953993501,5.102,107514.35308421
0.10656511440916315,5.104,107514.371852078
0.10762490133420254,5.106,107514.390435138
0.10655380492675415,5.108,107514.409204998
0.10289592874697194,5.11,107514.428642113
0.10771539523451007,5.112,107514.447209561
0.106963105636393,5.114,107514.465907597
0.10740311982118074,5.116,107514.48452903
0.10735173674538474,5.118,107514.503159376
0.10703566863485027,5.12,107514.521844736
0.10293242641305242,5.122,107514.541274959
0.10857366026013905,5.124,107514.559695633
0.1010107590778927,5.126,107514.579495504
0.11298144999805657,5.128,107514.597197525
0.10684952468833964,5.13,107514.615915437
0.10129093775336159,5.132,107514.63566054
0.10540445541464333,5.134,107514.65463507
0.1052436932881599,5.136,107514.673638584
0.10922778742468223,5.138,107514.691948943
0.10636904322310338,5.14,107514.710751406
0.10803749828696957,5.142,107514.729263497
0.10514887221125818,5.144,107514.748284148
0.10871985415587608,5.146,107514.766680052
0.10183214356723282,5.148,107514.786320216
0.08802662309658464,5.15,107514.809040615
0.09780717774112753,5.152,107514.829489012
0.10473731597839421,5.154,107514.848584403
0.10713182443452203,5.156,107514.867252992
0.1090348691518104,5.158,107514.885595748
0.1049442543520403,5.16,107514.904653485
0.09848721184513919,5.162,107514.92496069
0.09736613411405307,5.164,107514.945501713
0.10147839814281621,5.166,107514.965210341
0.08157299493093921,5.168,107514.989728259
0.08521113103053325,5.17,107515.013199371
0.08454716638985227,5.172,107515.036854806
0.08660329703105134,5.174,107515.059948615
0.08615776061455699,5.176,107515.083161846
0.08781675562333091,5.178,107515.105936543
0.08571982321567928,5.18,107515.129268369
0.08380418713556133,5.182,107515.153133525
0.08410307270344798,5.184,107515.176913869
0.0857694391522093,5.186,107515.200232198
0.08582587039234765,5.188,107515.223535195
0.09819362511418214,5.19,107515.243903116
0.0982802962950854,5.192,107515.264253075
0.10102219307628284,5.194,107515.284050705
0.10068492937137967,5.196,107515.303914651
0.1000986421744093,5.198,107515.323894942
0.08468825366190484,5.2,107515.347510968
0.09286920952259183,5.202,107515.369046631
0.0828701994441706,5.204,107515.393180759
0.0851518468191156,5.206,107515.416668212
0.09191459053856092,5.208,107515.438427543
0.08744914558485471,5.21,107515.461297978
0.08595159439006736,5.212,107515.484566889
0.0936578245986128,5.214,107515.505921218
0.1011505930567095,5.216,107515.525693717
0.10696595460597959,5.218,107515.544391255
0.10271551576873966,5.22,107515.56386251
0.09746129882414863,5.222,107515.584383476
0.08649242594424995,5.224,107515.607506888
0.08311679329079091,5.226,107515.631569414
0.08545557628734453,5.228,107515.654973387
0.08574734257051154,5.23,107515.678297725
0.08812760736181502,5.232,107515.700992089
0.08945300339901993,5.234,107515.723350198
0.09654132497491569,5.236,107515.744066715
0.09073628362976575,5.2379999999999995,107515.766108614
0.08311885899200745,5.24,107515.790170542
0.08162241193278819,5.242,107515.814673616
0.08423399477804146,5.244,107515.838416999
0.07982738128524895,5.246,107515.863471059
0.08727072668251971,5.248,107515.886388251
0.08714763651929103,5.25,107515.909337812
0.07708005639246833,5.252,107515.935284861
0.09038574513716786,5.254,107515.957412244
0.09135505301371029,5.256,107515.979304848
0.08424364563405157,5.258,107516.003045511
0.0971684104825585,5.26,107516.023628332
0.09862282592072487,5.2620000000000005,107516.043907613
0.09207501169288186,5.264,107516.065629033
0.09305053041913304,5.266,107516.087122731
0.08584610609652686,5.268,107516.110420235
0.08407069990351869,5.27,107516.134209736
0.08486198050021322,5.272,107516.157777416
0.08495642585920343,5.274,107516.181318896
0.08320903634928756,5.276,107516.205354747
0.0981818730135559,5.2780000000000005,107516.225725106
0.08728639980616229,5.28,107516.248638183
0.08610255284177984,5.282,107516.271866298
0.08466125929368666,5.284,107516.295489854
0.08552705232737669,5.286,107516.318874268
0.0845839457712722,5.288,107516.342519417
0.0842116751077861,5.29,107516.366269093
0.08404386116673748,5.292,107516.390066191
0.08627239292333462,5.294,107516.413248578
0.08547789172565973,5.296,107516.436646441
0.08799071872669469,5.298,107516.459376111
0.08806962606456428,5.3,107516.482085416
0.08449709066474306,5.302,107516.50575487
0.09126216350055293,5.304,107516.527669757
0.10661955501153997,5.306,107516.546428042
0.1032910063662224,5.308,107516.565790812
0.1061109734566782,5.31,107516.584639004
0.10432168213936657,5.312,107516.603810474
0.10390319094223331,5.314,107516.623059161
0.10532302012132067,5.316,107516.642048362
0.09871515804368652,5.318,107516.662308675
0.08688743114462143,5.32,107516.685326964
0.08393150618597124,5.322,107516.709155918
0.10442948627290762,5.324,107516.728307597
0.10397508174615842,5.326,107516.747542975
0.1017693673499653,5.328,107516.767195254
0.08571426487570115,5.33,107516.790528593
0.08457444573324187,5.332,107516.814176398
0.08865962686665858,5.334,107516.83673458
0.105861492630626,5.336,107516.855627191
0.105565118652264,5.338,107516.874572843
0.1044434635627485,5.34,107516.893721959
0.09916959348676804,5.342,107516.913889431
0.09906303706837037,5.344,107516.934078596
0.08503844266319338,5.346,107516.957597371
0.08706392075982686,5.348,107516.980568999
0.08662552935681742,5.35,107517.003656881
0.08569551960867675,5.352,107517.026995324
0.08714130299583718,5.354,107517.049946553
0.08538507990874546,5.356,107517.073369849
0.08872740496205778,5.358,107517.095910799
0.08691712942593748,5.36,107517.118921223
0.08584841280784526,5.362,107517.142218101
0.09336240451703093,5.364,107517.16364
0.10360498731067817,5.366,107517.18294409
0.10322235416188484,5.368,107517.202319738
0.08316674340506204,5.37,107517.226367812
0.08306086603741736,5.372,107517.25044654
0.09050639092723159,5.374,107517.272544427
0.0860399938309192,5.376,107517.295789431
0.10423014386969223,5.378,107517.314977738
0.10439185948449828,5.38,107517.33413632
0.08851650193623971,5.382,107517.356730977
0.08556461607239578,5.384,107517.380105125
0.08511355428697767,5.386,107517.403603145
0.08404497362968884,5.388,107517.427399928
0.08605734963428203,5.39,107517.450640244
0.08608130689998901,5.392,107517.473874092
0.08433053843065492,5.394,107517.497590293
0.08408874105124148,5.396,107517.52137469
0.06800513697219371,5.398,107517.550784233
0.0842958585604953,5.4,107517.574510191
0.09393903471801472,5.402,107517.595800595
0.08589251145285423,5.404,107517.619085512
0.08732550236181248,5.406,107517.641988329
0.09345992664197109,5.408,107517.663387875
0.09326807803917649,5.41,107517.684831439
0.0928921913593935,5.412,107517.706361774
0.09911387738080228,5.414,107517.726540583
0.0994392916653549,5.416,107517.746653357
0.09476477225343403,5.418,107517.767758246
0.09627271980602214,5.42,107517.788532563
0.08529957380211682,5.422,107517.811979339
0.08483347193330329,5.424,107517.835554939
0.09749443209342128,5.426,107517.856068931
0.10254254755549058,5.428,107517.87557303
0.08337983842548677,5.43,107517.899559644
0.07823740822387741,5.432,107517.925122863
0.0870748488695234,5.434,107517.948091608
0.09796220013622385,5.436,107517.968507646
0.09217246536606813,5.438,107517.9902061
0.10193526650403746,5.44,107518.009826395
0.08202033475032271,5.442,107518.034210592
0.0912342581002488,5.444,107518.056132182
0.08915203796597043,5.446,107518.078565769
0.09443980011862407,5.448,107518.099743281
0.0911307042237836,5.45,107518.121689781
0.08985731511572466,5.452,107518.14394729
0.10256564364383282,5.454,107518.163446997
0.10361340351237223,5.456,107518.182749519
0.0928133551698661,5.458,107518.204298142
0.09585200449400416,5.46,107518.225163642
0.08565254736593728,5.462,107518.248513794
0.08634870192039341,5.464,107518.271675694
0.08653891507111978,5.466,107518.294786684
0.08515283290752423,5.468,107518.318273865
0.08485163672928119,5.47,107518.341844418
0.08446792407625485,5.4719999999999995,107518.365522045
0.08570601874640989,5.474,107518.388857629
0.08419349617918953,5.476,107518.412612433
0.08289227393353757,5.478,107518.436740134
0.08546903720199005,5.48,107518.460140421
0.08562609325537857,5.482,107518.483497787
0.08938501549245506,5.484,107518.505872902
0.09280858735549193,5.486,107518.527422632
0.09852153170778416,5.4879999999999995,107518.547722763
0.10450294297784513,5.49,107518.56686098
0.10195413975295117,5.492,107518.586477643
0.0804105699200079,5.494,107518.611349995
0.08126055268356466,5.496,107518.635962183
0.09264602275336699,5.498,107518.657549726
0.09881752482872658,5.5,107518.677789051
0.10112507206254426,5.502,107518.69756654
0.09314036140245613,5.504,107518.719039508
0.08721820289233469,5.506,107518.741970501
0.0972961875738218,5.508,107518.762526291
0.09541795808705594,5.51,107518.783486706
0.08422289555339484,5.5120000000000005,107518.807233218
0.08045377541136091,5.514,107518.832092213
0.08119221344155012,5.516,107518.856725117
0.08546511827250772,5.518,107518.880126477
0.09763556915986606,5.52,107518.900610815
0.08559901807365959,5.522,107518.923975569
0.0839803494800082,5.524,107518.947790664
0.0872200894805256,5.526,107518.970721161
0.09127744934720702,5.5280000000000005,107518.992632378
0.10026756393939751,5.53,107519.012579008
0.10378294005531921,5.532,107519.031849998
0.10582463558310495,5.534,107519.050749189
0.10305079830533925,5.536,107519.070157093
0.0993242573103063,5.538,107519.090293161
0.12058350848986207,5.54,107519.106879177
0.0956116636262542,5.542,107519.127797127
0.10476744797553843,5.5440000000000005,107519.146887026
0.10324233587820833,5.546,107519.166258924
0.10468361835328548,5.548,107519.18536411
0.08182326119945223,5.55,107519.209807037
0.09706128985134536,5.552,107519.230412574
0.08956644109461674,5.554,107519.252742366
0.09047263451233092,5.556,107519.274848498
0.09954961760935184,5.558,107519.294938982
0.08408404619742735,5.5600000000000005,107519.318724707
0.09345191758841061,5.562,107519.340126087
0.09358573653503402,5.564,107519.361496865
0.08328366158232171,5.566,107519.385511179
0.07988464018642505,5.568,107519.410547281
0.08545171703410762,5.57,107519.433952311
0.08528873026428552,5.572,107519.457402068
0.08687063311246113,5.574,107519.480424808
0.08365364316495075,5.576,107519.504332912
0.08350983135819193,5.578,107519.528282188
0.08594869110483525,5.58,107519.551551885
0.08429557787427616,5.582,107519.575277922
0.08280717997555749,5.584,107519.599430417
0.08592150754706841,5.586,107519.622707476
0.08369277635143173,5.588,107519.646604401
0.08510387331419275,5.59,107519.670105094
0.09904555739305967,5.592,107519.690297822
0.0859817023113392,5.594,107519.713558585
0.08490877678015958,5.596,107519.737113276
0.08549080055873744,5.598,107519.760507606
0.08611977081902325,5.6,107519.783731077
0.10657968629346112,5.602,107519.802496379
0.09797008911340258,5.604,107519.822910773
0.0934685312106641,5.606,107519.844308349
0.09360762862539379,5.608,107519.865674129
0.10290042869618767,5.61,107519.885110394
0.10588458898540694,5.612,107519.903998884
0.09863793826512814,5.614,107519.924275058
0.10249246294672928,5.616,107519.943788688
0.08850856953305256,5.618,107519.96638537
0.0848002504568214,5.62,107519.989970206
0.08545256407832003,5.622,107520.013375004
0.09360178012871194,5.624,107520.034742119
0.08396716648385752,5.626,107520.058560953
0.0834840359349205,5.628,107520.082517629
0.08685553892804235,5.63,107520.10554437
0.09094600673592312,5.632,107520.12753544
0.08988852518381715,5.634,107520.149785221
0.09292187592343076,5.636,107520.171308678
0.09608064932416956,5.638,107520.192124524
0.10672757820353544,5.64,107520.210863823
0.1062351874812005,5.642,107520.229689977
0.08240438868633788,5.644,107520.253960529
0.08381340604221889,5.646,107520.27782306
0.0843425089799865,5.648,107520.301535895
0.08362418176154018,5.65,107520.325452422
0.08424491598517377,5.652,107520.349192727
0.0810550120208906,5.654,107520.373867327
0.08390270409381184,5.656,107520.397704461
0.07469493560205727,5.658,107520.424480038
0.0956471416238029,5.66,107520.445390229
0.08266993467063019,5.662,107520.469582821
0.08729504429461692,5.664,107520.492493629
0.08713252188296214,5.666,107520.515447171
0.08191589815460497,5.668,107520.539862456
0.08469708702098128,5.67,107520.563476019
0.08369892325100091,5.672,107520.587371189
0.0824227712030923,5.674,107520.611636328
0.08354106864374176,5.676,107520.635576649
0.08542750317724009,5.678,107520.658988313
0.08374617405257997,5.68,107520.682870001
0.08826713124477249,5.682,107520.705528492
0.08909618208477543,5.684,107520.727976143
0.08207847315982966,5.686,107520.752343068
0.08314413194080689,5.688,107520.776397682
0.09530302838016394,5.6899999999999995,107520.797383374
0.08481614933505391,5.692,107520.820963789
0.0762567774514809,5.694,107520.847190966
0.0987021700999191,5.696,107520.867453945
0.08439058560786732,5.698,107520.891153271
0.07839892770897444,5.7,107520.916663824
0.10058073807291944,5.702,107520.936548347
0.10063247005833367,5.704,107520.956422648
0.08361220440719858,5.7059999999999995,107520.980342601
0.0919796927101881,5.708,107521.002086531
0.09995265744728803,5.71,107521.022096004
0.0970612427602488,5.712,107521.042701551
0.10107607618522957,5.714,107521.062488627
0.10206993225235259,5.716,107521.082083036
0.10184591130268592,5.718,107521.101720545
0.0911514584916332,5.72,107521.123662048
0.09458628317912181,5.7219999999999995,107521.144806763
0.09376699817169669,5.724,107521.166136229
0.09450108576481286,5.726,107521.187300007
0.10318666208538488,5.728,107521.206682357
0.10499862773987638,5.73,107521.225730225
0.10253041995461218,5.732,107521.245236631
0.10351107500566376,5.734,107521.264558235
0.10498997947425297,5.736,107521.283607672
0.10926039773989653,5.7379999999999995,107521.301912566
0.10738545627894228,5.74,107521.320537062
0.10223073595522168,5.742,107521.34010065
0.11368752953852841,5.744,107521.357692729
0.09789044615563378,5.746,107521.378123732
0.1110850555730943,5.748,107521.396127954
0.09388340240204103,5.75,107521.417430974
0.10005988085774378,5.752,107521.437419005
0.09957711094027197,5.754,107521.457503942
0.10627774676993447,5.756,107521.476322557
0.09244868940583546,5.758,107521.497956179
0.09426792117455376,5.76,107521.519172304
0.08372864418816858,5.7620000000000005,107521.543058992
0.07358437549041871,5.764,107521.570238675
0.09495546256912306,5.766,107521.591301181
0.08811536134534875,5.768,107521.613998699
0.093732896657458,5.77,107521.635335925
0.08344986412055584,5.772,107521.659302411
0.08631405620669373,5.774,107521.682473608
0.08624567366985439,5.776,107521.705663177
0.09793401343478339,5.7780000000000005,107521.726085091
0.0974347477024898,5.78,107521.746611649
0.09611569098553048,5.782,107521.767419906
0.08832540419696139,5.784,107521.790063448
0.09592587464227137,5.786,107521.81091288
0.08719911345136298,5.788,107521.833848893
0.08835325611271833,5.79,107521.856485297
0.09435573881714998,5.792,107521.877681676
0.09674162591524575,5.7940000000000005,107521.8983553
0.09699361969077898,5.796,107521.918975213
0.09900795026926554,5.798,107521.939175611
0.10401010436796829,5.8,107521.958404512
0.10542730269038002,5.802,107521.97737493
0.10020582777300316,5.804,107521.997333849
0.09297636546131383,5.806,107522.018844692
0.09341722883701298,5.808,107522.040254019
0.07453640128417907,5.8100000000000005,107522.067086546
0.08440113426431892,5.812,107522.09078291
0.07911882202717019,5.814,107522.116061345
0.08174166310345768,5.816,107522.140528672
0.0633148341964474,5.818,107522.172116846
0.08654595525506284,5.82,107522.195225956
0.0887772347650816,5.822,107522.217754254
0.08492851017898677,5.824,107522.241303472
0.08493362433496199,5.826,107522.264851272
0.08616934231296394,5.828,107522.288061383
0.09032568551527104,5.83,107522.310203479
0.09117970402244627,5.832,107522.332138185
0.09467276358211224,5.834,107522.353263585
0.08200840550672205,5.836,107522.377651329
0.08390943103591725,5.838,107522.401486552
0.08381504281214601,5.84,107522.425348617
0.0851016137116284,5.842,107522.448849934
0.08301894403862925,5.844,107522.472940821
0.0823368787103948,5.846,107522.497231273
0.08352989306782847,5.848,107522.521174797
0.07758301899217744,5.85,107522.546953634
0.10327298419044777,5.852,107522.566319783
0.08861026671020727,5.854,107522.588890531
0.08189604743521021,5.856,107522.613311734
0.09249776099535621,5.858,107522.634933879
0.0842493945612407,5.86,107522.658672922
0.09593629674172507,5.862,107522.679520089
0.09120194451032694,5.864,107522.701449446
0.07224832937830637,5.866,107522.729131747
0.11199830561835702,5.868,107522.74698916
0.09466403452635828,5.87,107522.768116508
0.09852499219472377,5.872,107522.788415926
0.09929169277354763,5.874,107522.808558598
0.09730634155605242,5.876,107522.829112243
0.10002238001200013,5.878,107522.849107768
0.10417879912290338,5.88,107522.868305532
0.09832010752946915,5.882,107522.888647251
0.09754905561716222,5.884,107522.909149756
0.10316363674493705,5.886,107522.928536432
0.09660665729148868,5.888,107522.949238939
0.10104893346566476,5.89,107522.96903133
0.10490618418035373,5.892,107522.988095983
0.10684943339635028,5.894,107523.006813911
0.1067821451472353,5.896,107523.025543634
0.10214931864970354,5.898,107523.045122815
0.08890454795903634,5.9,107523.067618852
0.09113887271913221,5.902,107523.089563385
0.09928749803394582,5.904,107523.109706908
0.10047731244559094,5.906,107523.129611899
0.10167966675990744,5.908,107523.149281515
0.10475526029982908,5.91,107523.168373635
0.1048441729995341,5.912,107523.187449564
0.08118442553917597,5.914,107523.212084831
0.08421293747735326,5.916,107523.235834151
0.0865791795445551,5.918,107523.258934393
0.08473665353633833,5.92,107523.28253693
0.09450284064781059,5.922,107523.303700315
0.10299273714929429,5.924,107523.32311916
0.10823652349985863,5.926,107523.341597211
0.10385480473301237,5.928,107523.360854866
0.10803394426277511,5.93,107523.379367566
0.09475066624364917,5.932,107523.400475597
0.10074245170052216,5.934,107523.420328201
0.09909591819239212,5.936,107523.440510667
0.08482561381051154,5.938,107523.464088451
0.08368134310327568,5.9399999999999995,107523.487988641
0.08535344671986193,5.942,107523.511420618
0.08644111843914422,5.944,107523.534557755
0.08614439733362912,5.946,107523.557774587
0.08788692712331857,5.948,107523.5805311
0.08554149797949205,5.95,107523.603911565
0.08826856098622556,5.952,107523.626569689
0.09299468270027793,5.954,107523.648076295
0.08784511325702171,5.9559999999999995,107523.67084364
0.08947736360412262,5.958,107523.693195662
0.09068429276586454,5.96,107523.715250198
0.11288379435085806,5.962,107523.732967533
0.09761738889861252,5.964,107523.753455686
0.09299965988957805,5.966,107523.774961141
0.09359435988845992,5.968,107523.79632995
0.10144135997336748,5.97,107523.816045774
0.10613038273630579,5.9719999999999995,107523.834890519
0.10784561196784133,5.974,107523.853435548
0.10399388513114115,5.976,107523.872667448
0.10620831119869398,5.978,107523.891498366
0.10885027288770505,5.98,107523.909872229
0.10463906297111861,5.982,107523.92898555
0.109831012306959,5.984,107523.947195343
0.08188560941416473,5.986,107523.971619659
0.10269456677621168,5.9879999999999995,107523.991094886
0.09842532769200035,5.99,107524.011414859
0.09475951451097807,5.992,107524.032520919
0.10178184387424334,5.994,107524.052170789
0.10546275450953961,5.996,107524.07113483
0.09787608403581283,5.998,107524.091568831
0.09640050170585604,6.0,107524.112315611
0.07922403855293392,6.002,107524.137560474
0.09835498339654826,6.004,107524.15789498
0.09886528851302391,6.006,107524.178124527
0.10519192077769646,6.008,107524.197137394
0.09900475958991947,6.01,107524.217338443
0.0892775836845164,6.012,107524.239740483
0.08544359066187415,6.014,107524.263147739
0.09639173907780185,6.016,107524.283896405
0.08829201913457371,6.018,107524.306548509
0.08836003249829134,6.02,107524.329183177
0.09687785910027912,6.022,107524.349827729
0.09971006312262738,6.024,107524.369885885
0.08451993686412564,6.026,107524.393548941
0.08594474290006872,6.028,107524.416819707
0.08640325162759398,6.03,107524.439966984
0.08859167762243492,6.032,107524.462542468
0.08498147466231228,6.034,107524.486077009
0.08990244101362643,6.036,107524.508323346
0.10434682804056304,6.038,107524.527490196
0.1052602715336857,6.04,107524.546490717
0.09931719427282956,6.042,107524.566628217
0.10338047962290382,6.044,107524.585974229
0.07918434112156603,6.046,107524.611231748
0.08202878513807631,6.048,107524.635613433
0.0821759501272471,6.05,107524.659951454
0.0907295577450247,6.052,107524.681994987
0.09253266485643229,6.054,107524.703608976
0.09697252264058578,6.056,107524.724233375
0.09390204358828921,6.058,107524.745532166
0.1018756530318628,6.06,107524.765163942
0.10797079255957759,6.062,107524.78368747
0.09790378693647576,6.064,107524.804115689
0.10165110360344935,6.066,107524.823790832
0.10351578422864709,6.068,107524.843111557
0.10468029248356911,6.07,107524.86221735
0.10040872380076885,6.072,107524.882135938
0.10247239237441327,6.074,107524.90165339
0.10505782512030004,6.076,107524.920690525
0.09825857313457614,6.078,107524.941044983
0.11475468721671875,6.08,107524.958473465
0.10655777882227385,6.082,107524.977242625
0.10724447699163135,6.084,107524.995891604
0.11257640565101254,6.086,107525.013657316
0.09880892750834296,6.088,107525.033898402
0.09963996102750504,6.09,107525.05397067
0.08193846744346757,6.092,107525.07837923
0.0946891731381751,6.094,107525.099500969
0.08400932486889227,6.096,107525.12330785
0.08778809251985781,6.098,107525.146089983
0.08493619615738249,6.1,107525.16963707
0.0909130621434333,6.102,107525.191636109
0.10074976463306791,6.104,107525.211487272
0.09311144318506516,6.106,107525.232966909
0.08691625304315753,6.108,107525.255977565
0.08600643484347524,6.11,107525.279231639
0.08537324519537012,6.112,107525.302658182
0.09308986488440668,6.114,107525.324142798
0.10142478494055883,6.116,107525.343861844
0.1030292239851769,6.118,107525.363273812
0.1006336751558048,6.12,107525.383147875
0.10054195634104715,6.122,107525.403040068
0.1036216009243558,6.124,107525.422341063
0.08919627904949204,6.126,107525.444763523
0.08403393828886076,6.128,107525.468563431
0.08581186608575773,6.13,107525.491870231
0.10209455139023929,6.132,107525.511459915
0.08179001035358245,6.134,107525.535912779
0.09158913610494152,6.136,107525.55774943
0.1069976059142188,6.138,107525.576441437
0.10106362389249006,6.14,107525.596230951
0.0922412261384293,6.142,107525.61791323
0.10109951285227844,6.144,107525.637695719
0.1054816214243063,6.146,107525.656656368
0.09672376768775642,6.148,107525.677333809
0.0947418733779641,6.15,107525.698443799
0.08517704732691236,6.152,107525.721924303
0.08257612742351048,6.154,107525.746144378
0.08461942877382489,6.156,107525.769779612
0.09675056928474492,6.158,107525.790451325
0.09864791195759044,6.16,107525.810725449
0.10519627523144956,6.162,107525.829737529
0.10272719118319533,6.164,107525.849206571
0.10531594338701873,6.166,107525.868197048
0.10507875569889909,6.168,107525.887230391
0.11189500404101241,6.17,107525.90510429
0.10126485368257408,6.172,107525.924854479
0.10044685287133027,6.174,107525.944765506
0.0970025155779557,6.176,107525.965383528
0.09962290245964982,6.178,107525.985459233
0.0876536425808077,6.18,107526.008276311
0.10240189792339402,6.182,107526.027807199
0.10588930927313253,6.184,107526.046694847
0.10206706736220927,6.186,107526.066289806
0.11668957964212867,6.188,107526.083429297
0.09348706471660037,6.19,107526.104822631
0.12072709821656474,6.192,107526.12138892
0.10850572588537397,6.194,107526.139821127
0.10798422977310856,6.196,107526.15834235
0.10309288980885667,6.198,107526.17774233
0.1130803743713791,6.2,107526.195428865
0.1016586420685088,6.202,107526.215102549
0.10183233543724822,6.204,107526.234742676
0.10438562640148133,6.206,107526.253902402
0.10068333272062707,6.208,107526.273766663
0.09136193044420543,6.21,107526.295657619
0.10765609797539696,6.212,107526.314235294
0.08274124732611089,6.214,107526.338407035
0.08630822314362281,6.216,107526.361579798
0.0865027246992192,6.218,107526.384700457
0.08757555523831999,6.22,107526.40753788
0.10097751280014217,6.222,107526.42734427
0.09162418860117313,6.224,107526.449172567
0.09679628027823493,6.226,107526.469834518
0.09751259508454838,6.228,107526.490344689
0.10341326334187953,6.23,107526.509684568
0.09596037527985668,6.232,107526.530526504
0.10666509650474293,6.234,107526.54927678
0.10313616981055483,6.236,107526.568668619
0.1067156990152295,6.2379999999999995,107526.587410004
0.10459320538661963,6.24,107526.606531705
0.10404211412789402,6.242,107526.62575469
0.10649233732518028,6.244,107526.644535384
0.1070335605529515,6.246,107526.663221112
0.10532231575458174,6.248,107526.68221044
0.10432341804739335,6.25,107526.701381591
0.09414219936374311,6.252,107526.722626049
0.09912176136100112,6.254,107526.742803253
0.09246315703454391,6.256,107526.76443349
0.10079839380349012,6.258,107526.784275076
0.1019898734029665,6.26,107526.803884866
0.09919175588525386,6.2620000000000005,107526.824047832
0.0983242402680568,6.264,107526.844388696
0.10265693602861306,6.266,107526.863871062
0.09954887434976421,6.268,107526.883961696
0.07303499441330906,6.27,107526.911345829
0.11920222001674784,6.272,107526.92812404
0.10654101650214065,6.274,107526.946896153
0.10509328286387645,6.276,107526.965926865
0.09850631909950948,6.2780000000000005,107526.986230131
0.11071547554862839,6.28,107527.004294453
0.11376752592561377,6.282,107527.021874162
0.10729008214707304,6.284,107527.040515214
0.10545898413744142,6.286,107527.059479933
0.10620285189719479,6.288,107527.078311819
0.1083195361589619,6.29,107527.096775709
0.10252119085251205,6.292,107527.116283871
0.10875335644183419,6.294,107527.134674108
0.10432837570467357,6.296,107527.153844348
0.103316314215395,6.298,107527.173202375
0.10182643525574483,6.3,107527.19284364
0.09729927851248726,6.302,107527.213398777
0.1042562021798136,6.304,107527.232582288
0.10494394600393792,6.306,107527.251640081
0.09667573710275713,6.308,107527.272327795
0.11903088382770076,6.31,107527.289130157
0.10888021601476955,6.312,107527.307498967
0.10821343192490702,6.314,107527.325980961
0.10637273191091692,6.316,107527.344782772
0.10646333582934708,6.318,107527.363568582
0.10860509086371475,6.32,107527.381983925
0.10337633841964325,6.322,107527.401330712
0.10404357554960934,6.324,107527.420553427
0.1066971223065375,6.326,107527.439298075
0.10922753681252392,6.328,107527.457608476
0.10853760024400871,6.33,107527.47603527
0.10619570706765541,6.332,107527.494868423
0.1041068160851919,6.334,107527.514079461
0.10862243827998905,6.336,107527.532491863
0.10770623584465844,6.338,107527.55106089
0.10043870620078213,6.34,107527.570973532
0.11810496567832725,6.342,107527.587907621
0.10616289396991213,6.344,107527.606746595
0.103230351254659,6.346,107527.626120742
0.10356607513232574,6.348,107527.645432085
0.10591945718490112,6.35,107527.664314357
0.10252699828334294,6.352,107527.683821414
0.1101099243756532,6.354,107527.701985081
0.1073660058914817,6.356,107527.720612951
0.10887147961103731,6.358,107527.738983235
0.10472040853099136,6.36,107527.758081709
0.11001029920996529,6.362,107527.776261825
0.10761539246548008,6.364,107527.794846527
0.10700948512934323,6.366,107527.813536459
0.08674392368738482,6.368,107527.836592829
0.08280497548062375,6.37,107527.860745967
0.09755379946116252,6.372,107527.881247475
0.1073794082537833,6.374,107527.89987302
0.10877750725396601,6.376,107527.918259174
0.10800712431543184,6.378,107527.936776471
0.0973389809909913,6.38,107527.957323224
0.1019479189527017,6.382,107527.976941084
0.10194877628406626,6.384,107527.996558779
0.10345149892674867,6.386,107528.01589151
0.09884437579316122,6.388,107528.036125337
0.10163147998189144,6.39,107528.055804279
0.1028448849876429,6.392,107528.075251041
0.10053149489047483,6.394,107528.095145304
0.1009354088183901,6.396,107528.114959956
0.10382401494824653,6.398,107528.134223322
0.10339422035587355,6.4,107528.153566763
0.10551725455444246,6.402,107528.172521009
0.10497092987443894,6.404,107528.191573903
0.09938677363818363,6.406,107528.211697305
0.10020074718747207,6.408,107528.231657236
0.10314779745563012,6.41,107528.251046889
0.10304594007577204,6.412,107528.270455708
0.10032250673924517,6.414,107528.290391414
0.10385664379968565,6.416,107528.309648728
0.10508297376405504,6.418,107528.328681307
0.09492997964636758,6.42,107528.349749467
0.1260335935821394,6.422,107528.365618252
0.10927247432440118,6.424,107528.383921123
0.10871157487060139,6.426,107528.402318428
0.10764997305259169,6.428,107528.42089716
0.10850371266073137,6.43,107528.439329709
0.10849585467254672,6.432,107528.457763593
0.09587326018780683,6.434,107528.478624467
0.09278002112951787,6.436,107528.500180832
0.10445618984166388,6.438,107528.519327615
0.09872391924684079,6.44,107528.53958613
0.1072675077965804,6.442,107528.558231105
0.08574163725386175,6.444,107528.581556995
0.10003097459131297,6.446,107528.601550802
0.10057081482557216,6.448,107528.621437287
0.10713492341596863,6.45,107528.640105336
0.10799744866970408,6.452,107528.658624292
0.10303128340547917,6.454,107528.678035872
0.09636645926078626,6.456,107528.698789981
0.11058343764855678,6.458,107528.716875872
0.07157153304665775,6.46,107528.744819943
0.13657985457740535,6.462,107528.759463391
0.10565512173240552,6.464,107528.778392904
0.10992058568461742,6.466,107528.796587858
0.10310399210165859,6.468,107528.815985749
0.10809365273924258,6.47,107528.834488223
0.10173049679624427,6.4719999999999995,107528.854148011
0.10760382426092743,6.474,107528.872734711
0.1055520259832981,6.476,107528.891682713
0.10188135644087662,6.478,107528.91131339
0.11187822274011311,6.48,107528.92918997
0.08888492660759241,6.482,107528.951690973
0.09506053119616842,6.484,107528.972730199
0.11124924558590377,6.486,107528.990707849
0.11064129742971383,6.4879999999999995,107529.008784282
0.10527364099230989,6.49,107529.02778239
0.10902507976455025,6.492,107529.046126793
0.11161079883790938,6.494,107529.064046206
0.10721009893501572,6.496,107529.082701165
0.10939428330205041,6.498,107529.100983656
0.11050050374429664,6.5,107529.119083121
0.0859120552661913,6.502,107529.142362741
0.10611140691794266,6.504,107529.161210856
0.10503426057124972,6.506,107529.180252262
0.102203575520402,6.508,107529.199821049
0.10814039239470152,6.51,107529.218315526
0.09887176932688212,6.5120000000000005,107529.238543747
0.08145806680090333,6.514,107529.263096257
0.08540641754995788,6.516,107529.286513701
0.08676923220204724,6.518,107529.309563346
0.08726814109518188,6.52,107529.332481217
0.0858318889218872,6.522,107529.35578258
0.08549939641593908,6.524,107529.379174558
0.08660625966302797,6.526,107529.402267577
0.08935048936125183,6.5280000000000005,107529.424651338
0.09525844880413052,6.53,107529.445646851
0.09305015816449354,6.532,107529.467140635
0.10548020278771353,6.534,107529.486101539
0.10333128702544803,6.536,107529.505456761
0.09888789197584437,6.538,107529.525681684
0.08211144656164461,6.54,107529.550038824
0.08620571494261799,6.542,107529.573239142
0.0846380715466905,6.5440000000000005,107529.59686917
0.08610553326125069,6.546,107529.620096481
0.08551699191296278,6.548,107529.643483646
0.08737282282895163,6.55,107529.666374059
0.08702890710525261,6.552,107529.689354929
0.08716807485238307,6.554,107529.712299109
0.0873790793914641,6.556,107529.735187883
0.0878585154202741,6.558,107529.757951755
0.08713754052629978,6.5600000000000005,107529.780903975
0.08540087791564585,6.562,107529.804322938
0.08575299706822151,6.564,107529.827645738
0.08688940155823474,6.566,107529.850663505
0.08732404968856118,6.568,107529.873566703
0.08693472001612695,6.57,107529.896572471
0.08360029343779528,6.572,107529.920495832
0.0861203419129837,6.574,107529.943719149
0.08568736154630409,6.576,107529.967059814
0.0885285736231156,6.578,107529.98965139
0.08875218294206312,6.58,107530.012186047
0.08718258237222196,6.582,107530.035126409
0.08564229234588663,6.584,107530.058479357
0.09908557882584773,6.586,107530.078663929
0.08378867591993658,6.588,107530.102533503
0.08650356651997672,6.59,107530.125653937
0.08484274224707032,6.592,107530.149226961
0.08631816885048904,6.594,107530.172397054
0.08576467249572528,6.596,107530.195716679
0.08523301382152702,6.598,107530.219181765
0.08733849473408818,6.6,107530.242081175
0.08854614446989045,6.602,107530.264668268
0.09274828518795197,6.604,107530.286232009
0.08934685310425781,6.606,107530.308616681
0.10600275020459297,6.608,107530.327484116
0.09188017244563998,6.61,107530.349251598
0.11601082849468158,6.612,107530.366491368
0.08408262158835475,6.614,107530.390277496
0.0957059286049358,6.616,107530.411174843
0.1019836066203862,6.618,107530.430785838
0.08695583744292047,6.62,107530.453786019
0.08451736887862536,6.622,107530.477449794
0.0751141208811083,6.624,107530.504075946
0.08319966267367672,6.626,107530.528114505
0.08100283778015317,6.628,107530.552804998
0.08721607297498565,6.63,107530.575736551
0.08871010061928439,6.632,107530.598281898
0.08525946177635962,6.634,107530.621739705
0.0850524597603005,6.636,107530.645254604
0.08719036626205161,6.638,107530.668192918
0.08572246121090989,6.64,107530.691524026
0.08605683864800946,6.642,107530.71476448
0.09321478402776825,6.644,107530.736220304
0.10392115292679363,6.646,107530.755465664
0.11153968373769735,6.648,107530.773396502
0.10709525331478649,6.65,107530.792071466
0.08928293217047202,6.652,107530.814472164
0.10081901843200465,6.654,107530.834309691
0.09235540167182966,6.656,107530.855965165
0.08076555732084927,6.658,107530.880728196
0.0837438632008041,6.66,107530.904610543
0.08987834560832547,6.662,107530.926862844
0.0855203633917242,6.664,107530.950249087
0.08906768141211413,6.666,107530.972703921
0.08746925125777838,6.668,107530.995569099
0.08712908279956133,6.67,107531.018523547
0.10213144234060449,6.672,107531.038106155
0.11133451623056957,6.674,107531.056070036
0.10592806274911828,6.676,107531.074950774
0.10587337299496728,6.678,107531.093841265
0.1037593463614992,6.68,107531.113116637
0.09707778400499846,6.682,107531.133718673
0.10571039070413715,6.684,107531.152638289
0.10260038097279547,6.686,107531.172131394
0.1143464420535665,6.688,107531.1896221
0.08486115953289643,6.6899999999999995,107531.213190008
0.08583133268920451,6.692,107531.236491522
0.08614435646030982,6.694,107531.259708365
0.08515417076602633,6.696,107531.283195177
0.09222989005550097,6.698,107531.304880121
0.09002257721857354,6.7,107531.32709677
0.09822291178635238,6.702,107531.347458618
0.09737736463323435,6.704,107531.367997272
0.0783395892653157,6.7059999999999995,107531.393527148
0.0781376088587844,6.708,107531.419123017
0.09395574691913065,6.71,107531.440409634
0.08554749133375644,6.712,107531.463788461
0.08459229581804326,6.714,107531.487431276
0.0810660016624289,6.716,107531.512102531
0.0831386192598009,6.718,107531.53615874
0.08113730810687023,6.72,107531.560808313
0.08308550661913361,6.7219999999999995,107531.5848799
0.08443590793539184,6.724,107531.608566505
0.08075658911491267,6.726,107531.633332286
0.08501448413878733,6.728,107531.656857689
0.08175424665376925,6.73,107531.68132125
0.08216515706369876,6.732,107531.705662468
0.0836635428908481,6.734,107531.729567743
0.08368908863485391,6.736,107531.753465721
0.08520691992661002,6.7379999999999995,107531.776937993
0.07877819122570806,6.74,107531.80232573
0.08318700044373065,6.742,107531.826367948
0.09018781792316367,6.744,107531.848543892
0.08764665148695067,6.746,107531.87136279
0.09875395712090569,6.748,107531.891615143
0.09667589133276742,6.75,107531.912302824
0.10796666007511849,6.752,107531.930827061
0.10301432275083303,6.754,107531.950241837
0.10258359342320879,6.756,107531.969738132
0.10679892077655401,6.758,107531.988464913
0.09975063340010515,6.76,107532.008514911
0.08858266841581681,6.7620000000000005,107532.031092691
0.08931078508831115,6.764,107532.053486403
0.08885925337006173,6.766,107532.075993907
0.08827572960934849,6.768,107532.098650191
0.08988848879318333,6.77,107532.120899981
0.08011819035901345,6.772,107532.145863101
0.08096213787571509,6.774,107532.170566006
0.07985381320690303,6.776,107532.195611773
0.07993765822089789,6.7780000000000005,107532.22063127
0.08061431330782089,6.78,107532.24544076
0.08457507515489224,6.782,107532.269088389
0.08443261073295116,6.784,107532.292775919
0.09460635454533758,6.786,107532.313916148
0.08639018156346466,6.788,107532.337066927
0.10086554737973007,6.79,107532.356895303
0.09823775709026072,6.792,107532.377254074
0.09044193774156618,6.7940000000000005,107532.399367709
0.08608012505021177,6.796,107532.422601876
0.09087982760250085,6.798,107532.44460896
0.09688545241115744,6.8,107532.465251894
0.0843390128260763,6.802,107532.488965712
0.08628402030536728,6.804,107532.512144975
0.08517570151776135,6.806,107532.53562585
0.08779196919745794,6.808,107532.558406977
0.09101982476418242,6.8100000000000005,107532.580380212
0.08580403185189586,6.812,107532.60368914
0.08632146598127642,6.814,107532.626858348
0.08885832951462974,6.816,107532.649366086
0.10188952076060968,6.818,107532.66899519
0.10064369188164395,6.82,107532.688867275
0.10513002457675888,6.822,107532.707891336
0.10044509734448646,6.824,107532.727802711
0.08845285564137798,6.826,107532.750413626
0.08881217488232986,6.828,107532.772933061
0.0888456151688081,6.83,107532.79544402
0.08890375755814064,6.832,107532.817940257
0.09941594623390244,6.834,107532.838057754
0.096709067727428,6.836,107532.858738338
0.0786785156818077,6.838,107532.884158238
0.09078149338478785,6.84,107532.90618916
0.10035982511368816,6.842,107532.926117453
0.1007563780924618,6.844,107532.945967313
0.10120084417314061,6.846,107532.965729994
0.09484939788264185,6.848,107532.986816053
0.08680694206792534,6.85,107533.009855685
0.09568376746355682,6.852,107533.030757872
0.0899406629966676,6.854,107533.052994755
0.08512311778525752,6.856,107533.076490135
0.09125973575257107,6.858,107533.098405605
0.08752571283029904,6.86,107533.121256033
0.09004974620810736,6.862,107533.143465979
0.09643056011642685,6.864,107533.164206292
0.09519052714837875,6.866,107533.185216786
0.08966837808919188,6.868,107533.207521193
0.10322488477106652,6.87,107533.226896366
0.08028603024545164,6.872,107533.2518073
0.08095325370366421,6.874,107533.276512916
0.0847236950400673,6.876,107533.300119063
0.08838062955376952,6.878,107533.322748456
0.08583101960039377,6.88,107533.346050055
0.08478119116431683,6.882,107533.369640193
0.08432877482545055,6.884,107533.39335689
0.08403453852190301,6.886,107533.417156628
0.0858214877544464,6.888,107533.440460815
0.08764201185062352,6.89,107533.463280921
0.08595576862961606,6.892,107533.486548702
0.08543203169212922,6.894,107533.509959125
0.08276101332806228,6.896,107533.534125093
0.0844652450494646,6.898,107533.557803471
0.08186040876102395,6.9,107533.582235306
0.0835377990662059,6.902,107533.606176564
0.08444008602381134,6.904,107533.629861997
0.08853628233202766,6.906,107533.652451606
0.08814789028959609,6.908,107533.675140748
0.09432222641678283,6.91,107533.696344658
0.09021957553449016,6.912,107533.718512796
0.08657992538884407,6.914,107533.741612839
0.0865361591875331,6.916,107533.764724565
0.08638935682662065,6.918,107533.787875565
0.08874719315056091,6.92,107533.810411489
0.08438041341256018,6.922,107533.834113672
0.08415895369581354,6.924,107533.857878226
0.08744366276144447,6.926,107533.880750095
0.08658572781447674,6.928,107533.90384859
0.08822268214892352,6.93,107533.926518497
0.0994852384881394,6.932,107533.946621982
0.09945826080475953,6.934,107533.96673092
0.10214691884775524,6.936,107533.986310561
0.10124865924028582,6.938,107534.006063909
0.10433044913718643,6.9399999999999995,107534.025233768
0.0982034320363361,6.942,107534.045599655
0.08672185994262802,6.944,107534.068661891
0.08874807131501454,6.946,107534.091197592
0.10175542871903528,6.948,107534.110852563
0.10681253555181741,6.95,107534.129576957
0.10182985710270111,6.952,107534.149217562
0.08675046295331953,6.954,107534.172272194
0.10543836871214537,6.9559999999999995,107534.191240621
0.10263508397297827,6.958,107534.210727135
0.10331469173156166,6.96,107534.230085466
0.11287660146036026,6.962,107534.24780393
0.10437438257024538,6.964,107534.26696572
0.1076137769919403,6.966,107534.285550701
0.10455098957799963,6.968,107534.304680123
0.10401059655674753,6.97,107534.323908933
0.10689270916104104,6.9719999999999995,107534.342619283
0.11062033171304857,6.974,107534.360699142
0.10530424313644689,6.976,107534.379691729
0.109548757152661,6.978,107534.39794844
0.10551619690219875,6.98,107534.416902876
0.09105460027196148,6.982,107534.438867719
0.10275079809676117,6.984,107534.458332288
0.0996957435755354,6.986,107534.478393325
0.09849023338749532,6.9879999999999995,107534.498699907
0.09834431925670578,6.99,107534.519036618
0.09478675679914819,6.992,107534.540136612
0.0903516540710599,6.994,107534.562272344
0.0981549374902626,6.996,107534.582648293
0.09458754909517429,6.998,107534.603792725
0.09679098678959937,7.0,107534.624455806
0.09866126531367614,7.002,107534.644727186
0.11597848317783624,7.004,107534.661971764
0.1073492994194969,7.006,107534.680602533
0.10420647134316319,7.008,107534.699795199
0.09541012881805612,7.01,107534.720757334
0.10340446798984715,7.012,107534.740098858
0.10650110431889094,7.014,107534.758878006
0.10785966363339308,7.016,107534.777420619
0.10623316730568381,7.018,107534.796247131
0.10596538494221452,7.02,107534.815121219
0.1019094259748424,7.022,107534.834746489
0.09977745637133423,7.024,107534.854791097
0.10114783574308678,7.026,107534.874564135
0.1034349665870415,7.028,107534.893899956
0.10357770336163642,7.03,107534.913209131
0.10430274373270944,7.032,107534.932384082
0.09446163853922344,7.034,107534.953556698
0.1010510879627464,7.036,107534.973348667
0.0842707364098312,7.038,107534.997081698
0.0881315296249024,7.04,107535.019775052
0.08902267613313329,7.042,107535.042241238
0.09929303849355771,7.044,107535.062383637
0.0892734591283112,7.046,107535.084786712
0.10166297759455097,7.048,107535.104459557
0.10854752020502993,7.05,107535.122884667
0.1083633242630618,7.052,107535.141341096
0.11056845949909352,7.054,107535.159429437
0.10636183650607187,7.056,107535.178233174
0.10542437392374779,7.058,107535.197204119
0.10472593042520591,7.06,107535.216301586
0.10732600895322032,7.062,107535.234936398
0.10652727789064331,7.064,107535.253710932
0.10372731665554905,7.066,107535.272992256
0.10392509491538553,7.068,107535.292236886
0.1084799480886392,7.07,107535.310673473
0.10761175611732322,7.072,107535.329258803
0.1017337620409622,7.074,107535.34891796
0.10824262149324786,7.076,107535.36739497
0.11096241528733045,7.078,107535.385419091
0.11068278109631557,7.08,107535.403488749
0.1075312812334119,7.082,107535.422087988
0.10867429536139134,7.084,107535.440491604
0.10967823804620111,7.086,107535.458726762
0.1080315283392456,7.088,107535.477239876
0.1042273302440758,7.09,107535.496428701
0.10564306146541509,7.092,107535.515360375
0.10139013474624732,7.094,107535.53508616
0.10850785106543667,7.096,107535.553518006
0.10839063856142848,7.098,107535.571969784
0.10285531497443547,7.1,107535.591414574
0.10934726677837599,7.102,107535.609704926
0.09933810027720186,7.104,107535.629838188
0.10354130953666384,7.106,107535.64915415
0.10418600620322539,7.108,107535.668350586
0.08421575300991249,7.11,107535.692099112
0.07946040977561138,7.112,107535.717268879
0.09687669536396637,7.114,107535.737913679
0.09589685637390538,7.116,107535.75876942
0.10428819506398128,7.118,107535.777947046
0.1035790121925724,7.12,107535.797255977
0.1082798633467032,7.122,107535.815726632
0.10562435430635816,7.124,107535.834661659
0.09805940436007245,7.126,107535.855057459
0.10892433999560706,7.128,107535.873418828
0.10714526027337153,7.13,107535.892085076
0.08645843843623799,7.132,107535.915217578
0.11303509400247796,7.134,107535.932911198
0.08064835794795717,7.136,107535.957710215
0.0856732665920777,7.138,107535.98105472
0.08652909063473359,7.14,107536.004168334
0.08844026479734649,7.142,107536.026782468
0.08734831314923991,7.144,107536.049679304
0.10512723943452709,7.146,107536.068703869
0.0825263391848309,7.148,107536.092938556
0.08009335680963366,7.15,107536.117909416
0.07886792664214538,7.152,107536.143268267
0.07993204177240115,7.154,107536.168289522
0.080974944835655,7.156,107536.19298852
0.07939756616695194,7.158,107536.218178209
0.08604527979008052,7.16,107536.241421785
0.08487383950628041,7.162,107536.264986172
0.0843110428024695,7.164,107536.288707857
0.08540323373135136,7.166,107536.312126174
0.08470869547918562,7.168,107536.335736501
0.08880252152233586,7.17,107536.358258384
0.08694786478520265,7.172,107536.381260674
0.08677927316010688,7.174,107536.404307652
0.08719140024010467,7.176,107536.427245694
0.0887751935122502,7.178,107536.44977451
0.0866680602514163,7.18,107536.472851062
0.08244224601036064,7.182,107536.497110469
0.09151202205496532,7.184,107536.518965521
0.09511265971471396,7.186,107536.539993216
0.10602966315045655,7.188,107536.558855862
0.1055280777529103,7.19,107536.577808164
0.10517135441372226,7.192,107536.596824749
0.1047325277620352,7.194,107536.615921013
0.09768478270815904,7.196,107536.636395031
0.1141784387981777,7.198,107536.653911473
0.10048756057690557,7.2,107536.673814434
0.11710520620122054,7.202,107536.690893094
0.10435135770561535,7.204,107536.710059112
0.10804986624520925,7.206,107536.728569084
0.10418968065007558,7.208,107536.747764843
0.10128145865428306,7.21,107536.767511794
0.09944696054123661,7.212,107536.787623017
0.10641700385092179,7.214,107536.806417006
0.11445228482595707,7.216,107536.823891537
0.10708751205838205,7.218,107536.842567851
0.10204616334653958,7.22,107536.862166824
0.0766784431860964,7.222,107536.888249774
0.08276183866759486,7.224,107536.912415501
0.09217675594659179,7.226,107536.934112945
0.099115920701941,7.228,107536.954291338
0.08229274498908326,7.23,107536.978594817
0.0897207115697442,7.232,107537.000886214
0.08882088367192537,7.234,107537.023403441
0.1018182913763053,7.236,107537.043046277
0.09032182663820107,7.2379999999999995,107537.065189319
0.10529999623666556,7.24,107537.084182672
0.09975631031149018,7.242,107537.104231529
0.10119426433079433,7.244,107537.123995495
0.09863313702757674,7.246,107537.144272656
0.10035479939298879,7.248,107537.164201947
0.10118337499021057,7.25,107537.18396804
0.10630529108626763,7.252,107537.202781779
0.10681769832613353,7.254,107537.221505268
0.10946376058413543,7.256,107537.239776155
0.10417732308172525,7.258,107537.258974191
0.1035070839932047,7.26,107537.27829654
0.0957620320800846,7.2620000000000005,107537.299181644
0.12337295745093707,7.264,107537.315392652
0.1086152768979996,7.266,107537.333806268
0.1090088274226408,7.268,107537.352153406
0.1030429510694151,7.27,107537.371562788
0.0999836976533032,7.272,107537.391566049
0.10485646385229891,7.274,107537.410639742
0.11690433115564514,7.276,107537.427747748
0.10240303574981939,7.2780000000000005,107537.447278419
0.11097093632251936,7.28,107537.465301156
0.10112105325758863,7.282,107537.485079431
0.10420968578748419,7.284,107537.504271505
0.10981775686937661,7.286,107537.522483496
0.10629707595635114,7.288,107537.541298689
0.1109216815249867,7.29,107537.559329429
0.10678977394377916,7.292,107537.578057814
0.10719192999097059,7.294,107537.596715935
0.11011628390721613,7.296,107537.614878553
0.10785985552703105,7.298,107537.633421133
0.10917344018616734,7.3,107537.651740607
0.10650487017916425,7.302,107537.670519091
0.10908722191361458,7.304,107537.688853044
0.10641848174676531,7.306,107537.707646772
0.10628063273894411,7.308,107537.726464876
0.10598319094099809,7.31,107537.745335793
0.1029509871015625,7.312,107537.764762513
0.09384815495856157,7.314,107537.786073534
0.09666615350267038,7.316,107537.806763299
0.10621026837842536,7.318,107537.82559387
0.10091042392832704,7.32,107537.845413428
0.10300242280644256,7.322,107537.864830447
0.1018365094492192,7.324,107537.884469769
0.10635326195965397,7.326,107537.903275022
0.10762677209187536,7.328,107537.921857759
0.10710304735394441,7.33,107537.940531364
0.10390395202181009,7.332,107537.95977991
0.10489820051428815,7.334,107537.978846014
0.10173812461214146,7.336,107537.998504328
0.1030844411243581,7.338,107538.017905898
0.10303441501909744,7.34,107538.037316888
0.1080077310265452,7.342,107538.055834081
0.10616504670364571,7.344,107538.074672673
0.10662632493283611,7.346,107538.093429767
0.11199528275926475,7.348,107538.111287662
0.10951304209783741,7.35,107538.129550327
0.10355919483303881,7.352,107538.148862953
0.10417279769531458,7.354,107538.168061823
0.10197333185938667,7.356,107538.187674794
0.1094192583432355,7.358,107538.205953112
0.10753028688977896,7.36,107538.224552523
0.1039005675850495,7.362,107538.243801696
0.09965823698661284,7.364,107538.263870283
0.10236735774456006,7.366,107538.283407761
0.10539753423432027,7.368,107538.302383537
0.09264866215899643,7.37,107538.323970465
0.13225922092802173,7.372,107538.339092284
0.10838176918173878,7.374,107538.357545572
0.10400911992571983,7.376,107538.376774655
0.10075591112375748,7.378,107538.396624607
0.10734414281252298,7.38,107538.415256271
0.09986498750480682,7.382,107538.43528331
0.10283749736613154,7.384,107538.454731469
0.10256843670000347,7.386,107538.474230645
0.09900756305759123,7.388,107538.494431122
0.10178587391494712,7.39,107538.514080214
0.1015689455958612,7.392,107538.533771272
0.10996027910050289,7.394,107538.551959658
0.10846254609033158,7.396,107538.570399203
0.10829725370350105,7.398,107538.588866892
0.10640004798261113,7.4,107538.607663876
0.10697703125792858,7.402,107538.626359478
0.10411454431829645,7.404,107538.64556909
0.1056443673071276,7.406,107538.66450053
0.10419952749934293,7.408,107538.683694475
0.07428643971937782,7.41,107538.710617289
0.13722714447230902,7.412,107538.725191665
0.09804506956006799,7.414,107538.745590447
0.10643352333654343,7.416,107538.764381519
0.10028085659140434,7.418,107538.784325505
0.09481324156609038,7.42,107538.805419605
0.11071385752210805,7.422,107538.823484191
0.10451484811985774,7.424,107538.842620228
0.10445296572916396,7.426,107538.861767602
0.1075087786032992,7.428,107538.880370734
0.10568991152051767,7.43,107538.899294016
0.104428924650237,7.432,107538.918445798
0.11231024761508049,7.434,107538.936253612
0.10415034981934468,7.436,107538.95545662
0.10843106267869397,7.438,107538.973901519
0.1078475891663694,7.44,107538.992446208
0.11169495922473914,7.442,107539.010352119
0.10673674861930772,7.444,107539.029089808
0.10935770014796643,7.446,107539.047378415
0.10871758470001311,7.448,107539.065774703
0.10580396094230349,7.45,107539.084677587
0.10755959489012377,7.452,107539.10327193
0.10845671728031953,7.454,107539.121712466
0.10179588813565112,7.456,107539.141359625
0.11261218778393502,7.458,107539.159119692
0.10775009824900686,7.46,107539.17768116
0.10801379749392868,7.462,107539.196197313
0.10652815732982919,7.464,107539.214971692
0.10796040071267703,7.466,107539.233497003
0.1000314299137109,7.468,107539.253490719
0.1171336757037527,7.47,107539.270565228
0.10319130456895276,7.4719999999999995,107539.289946706
0.10674581797204287,7.474,107539.308682803
0.1018458076062934,7.476,107539.328320332
0.10608643890058851,7.478,107539.347172883
0.10866994937756871,7.48,107539.365577235
0.09654732291615159,7.482,107539.386292465
0.11354457319637198,7.484,107539.403906693
0.1050906709064557,7.486,107539.422937878
0.10166244533422443,7.4879999999999995,107539.442610826
0.11136414282540454,7.49,107539.460569928
0.10853741167404521,7.492,107539.478996754
0.10280330214379134,7.494,107539.498451382
0.10208550477069563,7.496,107539.518042802
0.10169853328982091,7.498,107539.537708769
0.10458097067801785,7.5,107539.556832707
0.10178348588282876,7.502,107539.57648226
0.09423947101697502,7.504,107539.59770479
0.11569821084919989,7.506,107539.614991142
0.0794468244926529,7.508,107539.640165213
0.09068775919181388,7.51,107539.662218906
0.0869840427501813,7.5120000000000005,107539.685211629
0.0872220293447418,7.514,107539.708141616
0.08320504850620342,7.516,107539.732178619
0.08482531162825663,7.518,107539.755756487
0.08491939405185414,7.52,107539.779308233
0.08319857247599358,7.522,107539.803347107
0.0847045374378857,7.524,107539.826958593
0.08478832930691804,7.526,107539.850546745
0.0861137749246286,7.5280000000000005,107539.873771833
0.08743911718625949,7.53,107539.896644891
0.08689509824874081,7.532,107539.919661149
0.09480932237446736,7.534,107539.940756121
0.09442628547923955,7.536,107539.961936664
0.08543719944796077,7.538,107539.985345671
0.10963022599176873,7.54,107540.003588815
0.0815315140678359,7.542,107540.028119207
0.08727369708312274,7.5440000000000005,107540.051035619
0.08480012106468487,7.546,107540.074620491
0.0840968591996487,7.548,107540.098402592
0.08452459838936405,7.55,107540.122064343
0.08613792309463739,7.552,107540.14528292
0.08884410355572375,7.554,107540.167794262
0.08643722940192725,7.556,107540.19093244
0.08600862073271766,7.558,107540.214185923
0.08881409559033857,7.5600000000000005,107540.236704871
0.09330577702011061,7.562,107540.258139771
0.10071523425124622,7.564,107540.27799774
0.10015267275716841,7.566,107540.297967252
0.09849853758477849,7.568,107540.318272122
0.09978520734564225,7.57,107540.338315173
0.08953010345982819,7.572,107540.360654028
0.10716283919736186,7.574,107540.379317214
0.10804940516481211,7.576,107540.397827265
0.11208420747078027,7.578,107540.415670992
0.08765748050136205,7.58,107540.438487071
0.1001619368434278,7.582,107540.458454736
0.09595947286693642,7.584,107540.479296868
0.08989760394082981,7.586,107540.501544402
0.10993127365977728,7.588,107540.519737587
0.09530719754118266,7.59,107540.540722361
0.07335196202284731,7.592,107540.567988162
0.11181459259024476,7.594,107540.585874915
0.09621571564167974,7.596,107540.60666154
0.09771672655140666,7.598,107540.627128865
0.09293274362315247,7.6,107540.648649805
0.09658936203263553,7.602,107540.669356019
0.09336137165136069,7.604,107540.690778155
0.08584083718092168,7.606,107540.714077089
0.08578009989359983,7.608,107540.73739252
0.09058542913369612,7.61,107540.759471126
0.10468924043315876,7.612,107540.778575286
0.10534594878252894,7.614,107540.797560354
0.1090477638190009,7.616,107540.815900941
0.10344462317541196,7.618,107540.835234957
0.09232205908863186,7.62,107540.856898252
0.08578429427634483,7.622,107540.880212543
0.08632206951842834,7.624,107540.903381589
0.08237412782134729,7.626,107540.927661057
0.09288433969832659,7.628,107540.949193212
0.08327200350954474,7.63,107540.973210888
0.11151736266788807,7.632,107540.991145315
0.10732717234390504,7.634,107541.009779925
0.1067142982793216,7.636,107541.028521556
0.10407956507143779,7.638,107541.047737624
0.10798081914812242,7.64,107541.066259432
0.10252607330259915,7.642,107541.085766665
0.1131953263415345,7.644,107541.103435239
0.11074810338297884,7.646,107541.121494239
0.10873364398215914,7.648,107541.13988781
0.10429296434255654,7.65,107541.159064559
0.10766435642948968,7.652,107541.177640809
0.10829638568712618,7.654,107541.196108646
0.0962412313458963,7.656,107541.21688976
0.10982751430534515,7.658,107541.235100133
0.11106067105366353,7.66,107541.253108308
0.09980327775426141,7.662,107541.27314773
0.09778254608614913,7.664,107541.293601278
0.0962789671474986,7.666,107541.314374247
0.08505780952307324,7.668,107541.337887667
0.10508724190498234,7.67,107541.356919473
0.09793268029503457,7.672,107541.377341665
0.08547577286449301,7.674,107541.400740108
0.08048177358012785,7.676,107541.425590455
0.08248888087872275,7.678,107541.449836147
0.07726887594527937,7.68,107541.47571979
0.0904955427626672,7.682,107541.497820326
0.09252059782721953,7.684,107541.519437134
0.08638032370963883,7.686,107541.542590555
0.0954689983437252,7.688,107541.563539764
0.10291128298020794,7.6899999999999995,107541.582973979
0.10440989827111018,7.692,107541.602129251
0.09606841456312692,7.694,107541.622947748
0.09392571590235776,7.696,107541.644241171
0.10316668061540193,7.698,107541.663627275
0.10087988953138219,7.7,107541.683452832
0.09458651576351232,7.702,107541.704597495
0.09189173095551546,7.704,107541.726362239
0.09981036530488775,7.7059999999999995,107541.746400238
0.09828180309132141,7.708,107541.766749885
0.08698295703755998,7.71,107541.789742895
0.08547054930877337,7.712,107541.813142768
0.0852693272602468,7.714,107541.836597861
0.08379121391354048,7.716,107541.860466712
0.08695784501679024,7.718,107541.883466362
0.09057557514694797,7.72,107541.90554737
0.08655554749058386,7.7219999999999995,107541.928653919
0.08498372799461013,7.724,107541.952187836
0.09026283771883614,7.726,107541.974345349
0.08998240301751691,7.728,107541.996571917
0.08816967515858422,7.73,107542.019255453
0.09405676904808072,7.732,107542.040519207
0.0993357863026679,7.734,107542.060652938
0.10267788017863097,7.736,107542.08013133
0.10139742898161175,7.7379999999999995,107542.099855696
0.10240576746047586,7.74,107542.119385846
0.09967222785728128,7.742,107542.139451616
0.10579237033300319,7.744,107542.158356571
0.10100819815944927,7.746,107542.178156944
0.11582453263097675,7.748,107542.195424443
0.10062900671508601,7.75,107542.215299428
0.11649352625609288,7.752,107542.232467764
0.09579420800708834,7.754,107542.253345853
0.11933357918522461,7.756,107542.270105595
0.10201535410462977,7.758,107542.289710487
0.11660164278864185,7.76,107542.306862904
0.10791468998650357,7.7620000000000005,107542.325396062
0.10537494408927647,7.764,107542.344375906
0.09458924905755288,7.766,107542.365519958
0.07762042779053707,7.768,107542.391286371
0.09400859263272761,7.77,107542.412561022
0.10011587413260553,7.772,107542.432537874
0.10407203163658839,7.774,107542.451755333
0.10637837270780028,7.776,107542.470556147
0.10343993646208155,7.7780000000000005,107542.489891039
0.10260122319444985,7.78,107542.509383984
0.10053547704515119,7.782,107542.529277459
0.10588139942778223,7.784,107542.548166518
0.09942328030385113,7.786,107542.568282531
0.10446489767862477,7.788,107542.587427718
0.10196285636676158,7.79,107542.607042704
0.0996945358879432,7.792,107542.627103984
0.0997908234902933,7.7940000000000005,107542.647145907
0.10104936229234111,7.796,107542.666938214
0.10056513078141541,7.798,107542.686825823
0.09137270771427355,7.8,107542.708714197
0.09685066337479452,7.802,107542.729364546
0.10048435470741217,7.804,107542.749268142
0.10298762463058471,7.806,107542.768687951
0.10177890182344657,7.808,107542.788338389
0.09650966059020338,7.8100000000000005,107542.809061703
0.10332056805060341,7.812,107542.828418933
0.10843048661780086,7.814,107542.84686393
0.10716729509955399,7.816,107542.86552634
0.11115080433891214,7.818,107542.883519912
0.10731727255345049,7.82,107542.902156241
0.09283187534124272,7.822,107542.923700565
0.08681128649379895,7.824,107542.946739044
0.08963066431324267,7.826,107542.969052836
0.08663539443742706,7.828,107542.992138089
0.08458451094081923,7.83,107543.01578308
0.08026890406290083,7.832,107543.040699329
0.10501257575053176,7.834,107543.059744667
0.1025602999080962,7.836,107543.07924539
0.10490303688016303,7.838,107543.098310615
0.10295592106436538,7.84,107543.117736404
0.10273109064237043,7.842,107543.137204707
0.10745111135163862,7.844,107543.155817823
0.10856665847488091,7.846,107543.174239685
0.10932432647595373,7.848,107543.192533875
0.10420628132556287,7.85,107543.211726576
0.10473941671278625,7.852,107543.230821584
0.10453390187876208,7.854,107543.249954133
0.10619216044868833,7.856,107543.268787915
0.10415590931837458,7.858,107543.287989898
0.08552444465269082,7.86,107543.311375025
0.11032735177421661,7.862,107543.329502896
0.10364672182049932,7.864,107543.348799213
0.10510171057432383,7.866,107543.367828399
0.10317468503891236,7.868,107543.387212999
0.10318489469988769,7.87,107543.406595681
0.10182055657740673,7.872,107543.42623808
0.10829260948290466,7.874,107543.444706561
0.10698413279502077,7.876,107543.463400922
0.10717639765232405,7.878,107543.482061747
0.10847517046475999,7.88,107543.500499146
0.10462410836774899,7.882,107543.519615199
0.10695945605034268,7.884,107543.538313873
0.10714833697692026,7.886,107543.556979585
0.10910291441369717,7.888,107543.575310901
0.10743305680623498,7.89,107543.593927145
0.09888857160765326,7.892,107543.614151929
0.030874981377511164,7.894,107543.678929296
1.0169324348170488,7.896,107543.680895995
0.3919050446310357,7.898,107543.685999272
0.27720354265607255,7.9,107543.693214187
0.10122190534538295,7.902,107543.712972756
0.1032566848722532,7.904,107543.732341962
0.10361366644057787,7.906,107543.751644435
0.09948964800451296,7.908,107543.771747029
0.10024852104824125,7.91,107543.791697448
0.09814829020155039,7.912,107543.812074777
0.1005025024977189,7.914,107543.831974779
0.11199900180622248,7.916,107543.849832081
0.10279931269847616,7.918,107543.869287464
0.10493098500285218,7.92,107543.888347611
0.11217686613231498,7.922,107543.906176599
0.10155252484101505,7.924,107543.925870841
0.10984410818250151,7.926,107543.944078463
0.10313862173823106,7.928,107543.963469841
0.10349074273075372,7.93,107543.982795241
0.10531114093376258,7.932,107544.001786584
0.10459456197710815,7.934,107544.020908037
0.10255997908272767,7.936,107544.040408821
0.10445339670542074,7.938,107544.059556116
0.1023842004361678,7.9399999999999995,107544.07909038
0.09183634578433554,7.942,107544.10086825
0.11623319816789854,7.944,107544.118075038
0.10949305321553943,7.946,107544.136341037
0.1090387806064502,7.948,107544.154683135
0.11071715489647926,7.95,107544.172747183
0.10244304634724839,7.952,107544.192270226
0.07395986089218694,7.954,107544.219311921
0.094536722785501,7.9559999999999995,107544.240467721
0.08712330607098513,7.958,107544.263423691
0.09158998748837849,7.96,107544.285260139
0.10288548520772763,7.962,107544.304699227
0.10157619846919225,7.964,107544.324388879
0.10474791940554212,7.966,107544.343482337
0.1052639944941249,7.968,107544.362482186
0.10483047285971964,7.97,107544.381560608
0.09788681453320795,7.9719999999999995,107544.401992369
0.10290791528288297,7.974,107544.42142722
0.09277016158192786,7.976,107544.442985876
0.11376265305399041,7.978,107544.460566338
0.1000425781601702,7.98,107544.480557826
0.1037931195677053,7.982,107544.499826926
0.10324461160378681,7.984,107544.519198397
0.10365687994340833,7.986,107544.538492823
0.09997747512446684,7.9879999999999995,107544.558497329
0.10128451040035055,7.99,107544.578243685
0.1002185214794525,7.992,107544.598200076
0.10874191475631777,7.994,107544.616592248
0.10867541134327718,7.996,107544.634995675
0.10841200749868538,7.998,107544.653443816
0.10856017620271038,8.0,107544.671866778
0.10460048623982827,8.002,107544.690987148
0.09140289090293906,8.004,107544.712868294
0.10627181161418546,8.006,107544.73168796
0.10213319993072623,8.008,107544.751270231
0.10062594372833568,8.01,107544.771145821
0.10004215273849172,8.012,107544.791137394
0.10162668754699171,8.014,107544.810817264
0.10160149359298601,8.016,107544.830502014
0.09287105957712613,8.018,107544.852037248
0.09427354663653262,8.02,107544.873252107
0.1027463588475693,8.022,107544.892717517
0.09910525300218379,8.024,107544.912898082
0.0965382074141216,8.026,107544.933615268
0.09811610698051959,8.028,107544.953999281
0.09922378231737662,8.03,107544.974155739
0.09898255334665931,8.032,107544.99436132
0.1141405666298496,8.034,107545.011883574
0.09512435365760667,8.036,107545.032908684
0.09568279703800668,8.038,107545.053811083
0.09828016100893133,8.04,107545.07416107
0.1019568476419012,8.042,107545.093777212
0.10117079905959635,8.044,107545.113545762
0.08956025244438652,8.046,107545.135877097
0.09611151087858552,8.048,107545.156686259
0.11360847141048648,8.05,107545.17429058
0.10593958218075987,8.052,107545.193169265
0.1096114498861782,8.054,107545.211415534
0.1097614778210737,8.056,107545.229636863
0.11025917522371043,8.058,107545.247775943
0.10487542246877507,8.06,107545.266846188
0.08478128462179217,8.062,107545.2904363
0.08566709781325045,8.064,107545.313782486
0.10887066773571592,8.066,107545.332152907
0.10394177346843904,8.068,107545.351394449
0.10979804843287425,8.07,107545.369609709
0.10756065341416027,8.072,107545.388203869
0.10453467779180216,8.074,107545.407336276
0.1065300411834028,8.076,107545.426110323
0.1047860229726348,8.078,107545.445196838
0.10290229228591749,8.08,107545.464632751
0.1057489798639282,8.082,107545.483545463
0.10439134179663756,8.084,107545.50270414
0.10686265566285336,8.086,107545.521419752
0.101556469654266,8.088,107545.541113229
0.11580490926046755,8.09,107545.558383654
0.10773204173048237,8.092,107545.576948233
0.10580721865724767,8.094,107545.595850535
0.10398649918114691,8.096,107545.615083801
0.10916556848388431,8.098,107545.633404596
0.09958974998164748,8.1,107545.653486984
0.10324771361744696,8.102,107545.672857873
0.09043006227449692,8.104,107545.694974412
0.10174459422653269,8.106,107545.714631476
0.08947882076243219,8.108,107545.736983134
0.09647997635183912,8.11,107545.757712824
0.09770356560819642,8.112,107545.778182906
0.09993893227512364,8.114,107545.798195127
0.10000407519121794,8.116,107545.818194312
0.09374825248338593,8.118,107545.839528043
0.08481328268066061,8.12,107545.863109255
0.08616871865152606,8.122,107545.886319534
0.10301256110965297,8.124,107545.905734642
0.10743878189809733,8.126,107545.924349894
0.10821938109279323,8.128,107545.942830872
0.09449704491488158,8.13,107545.963995555
0.10653707779838328,8.132,107545.982768362
0.10693375010284566,8.134,107546.001471531
0.10413702015797545,8.136,107546.020676997
0.11086215774774454,8.138,107546.038717418
0.08461923189176818,8.14,107546.062352707
0.09779309826665154,8.142,107546.082804048
0.1092774058506884,8.144,107546.101106093
0.09415717981180971,8.146,107546.122347171
0.09332132847236402,8.148,107546.143778499
0.10072940678036178,8.15,107546.163633674
0.10666116583895283,8.152,107546.182384641
0.09805147210274505,8.154,107546.202782091
0.11051284368680298,8.156,107546.220879535
0.11324020309673334,8.158,107546.238541107
0.10388510018468113,8.16,107546.257793146
0.09330053196734252,8.162,107546.279229251
0.09920369192983068,8.164,107546.299389791
0.10258543514075066,8.166,107546.318885736
0.10312959112470833,8.168,107546.338278812
0.10259347590477384,8.17,107546.357773229
0.10069999586275921,8.172,107546.377634203
0.10453997782640581,8.174,107546.39676564
0.10653859313921653,8.176,107546.41553818
0.10661783282850462,8.178,107546.434296768
0.10446099093326405,8.18,107546.453442671
0.10606616246915873,8.182,107546.472298826
0.10505290284559182,8.184,107546.491336853
0.10650466590973998,8.186,107546.510115373
0.10515038693322387,8.188,107546.52913575
0.10634205400622632,8.19,107546.547942985
0.10284640270498357,8.192,107546.56738946
0.10661919695635955,8.194,107546.586147808
0.10680407086405823,8.196,107546.604873686
0.11062654224309248,8.198,107546.62295253
0.10655145474859483,8.2,107546.641722804
0.10522173373300178,8.202,107546.660730284
0.09968762384969353,8.204,107546.680792955
0.0894862513533304,8.206,107546.703142757
0.08915441848322501,8.208,107546.725575745
0.0789107787585126,8.21,107546.750920825
0.08891297835715531,8.212,107546.773414729
0.08355570292319955,8.214,107546.797350857
0.0908235887734017,8.216,107546.819371568
0.1010206724379261,8.218,107546.839169496
0.09335486967605511,8.22,107546.860593124
0.09671091033712845,8.222,107546.881273314
0.08607915063224383,8.224,107546.904507744
0.08600004789110689,8.226,107546.927763545
0.08635976822045766,8.228,107546.950922477
0.06504840544662449,8.23,107546.981668811
0.12094322412620612,8.232,107546.998205496
0.08919065854242207,8.234,107547.020629369
0.08508149573502503,8.236,107547.044136243
0.08992262741613269,8.238,107547.066377586
0.10089012841371589,8.24,107547.086201131
0.10331205529435442,8.242,107547.105559956
0.10385495038680277,8.244,107547.124817584
0.10445946329789449,8.246,107547.143963767
0.10397690879198958,8.248,107547.163198807
0.10656699948749745,8.25,107547.181966343
0.106225397876074,8.252,107547.200794232
0.09947294266172271,8.254,107547.220900202
0.1184007351983937,8.256,107547.237791989
0.11002958746630154,8.258,107547.255968918
0.10466904542899928,8.26,107547.275076764
0.10154844107769566,8.262,107547.294771798
0.10505294138878325,8.264,107547.313809818
0.10367339196171596,8.266,107547.333101171
0.098315685170107,8.268,107547.353443805
0.10814532174137892,8.27,107547.371937439
0.10326592963763313,8.272,107547.391304911
0.08464938438235402,8.274000000000001,107547.414931781
0.09291911287711552,8.276,107547.436455878
0.08149707521470605,8.278,107547.460996636
0.08745753934640636,8.28,107547.483864876
0.09467851371179402,8.282,107547.504988993
0.09486236344429531,8.284,107547.52607217
0.10702314222922531,8.286,107547.544759717
0.10199557401592971,8.288,107547.564368411
0.10023216274399815,8.29,107547.584322086
0.09889804829328053,8.292,107547.604544932
0.089801624611213,8.294,107547.626816244
0.08601123212606702,8.296,107547.650069021
0.08987646745935195,8.298,107547.672321787
0.0857419129964394,8.3,107547.695647602
0.08612584175792477,8.302,107547.718869436
0.08671708827929515,8.304,107547.741932941
0.087332785542943,8.306,107547.764833848
0.08253193793361124,8.308,107547.789066891
0.0846712340693314,8.31,107547.812687664
0.08624289925248413,8.312,107547.835877979
0.08439481616543279,8.314,107547.859576117
0.0888719636894519,8.316,107547.882080402
0.07915498887542502,8.318,107547.907347287
0.09280854430058993,8.32,107547.928897027
0.0995912823315318,8.322,107547.948979106
0.10454766672233475,8.324,107547.968109136
0.10269411857775027,8.326,107547.987584448
0.10433840110840158,8.328,107548.006752846
0.10542990916755696,8.33,107548.025722795
0.09038776310362914,8.332,107548.047849684
0.10461522075968144,8.334,107548.066967361
0.10111069083663689,8.336,107548.086747663
0.09944478978910187,8.338,107548.106859325
0.10233385135229994,8.34,107548.1264032
0.09371442806065049,8.342,107548.147744631
0.09951117620378004,8.344,107548.167842876
0.1068639004295163,8.346,107548.18655827
0.09591051469678621,8.348,107548.207411041
0.12181371115963761,8.35,107548.223829554
0.10850616148572648,8.352,107548.242261687
0.10521831832496777,8.354,107548.261269784
0.10429504190787595,8.356,107548.280446151
0.10730032800341302,8.358,107548.299085423
0.1043224222014025,8.36,107548.318256757
0.10460845212013598,8.362,107548.337375671
0.10350338784933519,8.364,107548.35669871
0.10380597338796074,8.366,107548.375965424
0.1066147637718334,8.368,107548.394724552
0.10446434647340984,8.37,107548.41386984
0.10221971129248157,8.372,107548.433435538
0.09104670387266653,8.374,107548.455402286
0.09820329219020907,8.376,107548.475768202
0.10320815320464521,8.378,107548.495146516
0.09077595144446014,8.38,107548.517178783
0.08782156417248854,8.382,107548.539952233
0.08436573794278826,8.384,107548.563658539
0.09077771082381232,8.386,107548.585690379
0.08292991043252629,8.388,107548.60980713
0.08331769390318787,8.39,107548.633811635
0.08490335553442054,8.392,107548.65736783
0.08421558989243846,8.394,107548.681116402
0.08645801611372406,8.396,107548.704249017
0.0860014531877841,8.398,107548.727504438
0.08656759609182364,8.4,107548.750607771
0.0825754762524429,8.402,107548.774828037
0.08643071112820601,8.404,107548.79796796
0.0876225176468057,8.406,107548.820793143
0.09550009743142536,8.408,107548.84173553
0.09621246173919526,8.41,107548.862522858
0.0969150110560892,8.412,107548.883159496
0.10016204217587948,8.414,107548.90312714
0.10491798875863276,8.416,107548.922189648
0.1028623189239392,8.418,107548.941633114
0.10674240537481143,8.42,107548.96036981
0.1043944259566736,8.422,107548.979527921
0.1068324420969459,8.424,107548.998248826
0.10596876486735851,8.426,107549.017122312
0.10509662948348245,8.428,107549.036152418
0.1025613938823439,8.43,107549.055652933
0.10447843142214172,8.432,107549.07479564
0.09369147212515437,8.434,107549.0961423
0.08694166602541907,8.436,107549.11914623
0.10651290185053905,8.438,107549.137923298
0.1041765417254314,8.44,107549.157121478
0.1074981692767867,8.442,107549.175726446
0.10618869299290193,8.444,107549.194560843
0.10478617125020542,8.446,107549.213647331
0.10446216942099143,8.448,107549.232793018
0.10584927882268877,8.45,107549.251687809
0.1000738344839467,8.452,107549.271673053
0.10248232687767149,8.454,107549.291188613
0.09999698513191234,8.456,107549.311189216
0.09317192785912902,8.458,107549.332654909
0.10035860641340606,8.46,107549.352583444
0.09714128731924619,8.462,107549.373172012
0.09859729570397852,8.464,107549.393456544
0.0990895306962492,8.466,107549.413640311
0.08879672185077526,8.468,107549.436163665
0.09527954639883096,8.47,107549.457154529
0.09919207552741609,8.472,107549.47731743
0.11073267609061599,8.474,107549.495378946
0.10537235139696084,8.475999999999999,107549.514359257
0.09743457681246458,8.478,107549.534885851
0.10259833881890575,8.48,107549.554379344
0.0957512627655671,8.482,107549.575266797
0.11019558169090213,8.484,107549.593416345
0.11014970612489083,8.486,107549.611573452
0.10443094225115093,8.488,107549.630724864
0.10324847575087781,8.49,107549.65009561
0.08503757134532446,8.492,107549.673614626
0.08595252152179837,8.494,107549.696883286
0.08792144817438989,8.496,107549.719630864
0.08634481376259953,8.498,107549.742793807
0.08571682169851018,8.5,107549.76612645
0.08700996102040291,8.502,107549.789112324
0.08901199842620604,8.504,107549.811581205
0.08643989303694108,8.506,107549.83471867
0.08519606724094264,8.508,107549.858193932
0.0864620415348025,8.51,107549.88132547
0.08772673582646881,8.512,107549.904123537
0.08950854260491418,8.514,107549.926467773
0.08983192042708808,8.516,107549.948731574
0.10191734554243854,8.518,107549.968355319
0.09713452658862096,8.52,107549.98894532
0.10867865930995992,8.522,107550.007348197
0.11429709826077677,8.524000000000001,107550.024846454
0.10726046058596828,8.526,107550.043492654
0.10544217093878641,8.528,107550.062460397
0.10175131830051323,8.53,107550.082116162
0.10683519848979485,8.532,107550.100836584
0.10061193184026004,8.534,107550.120714942
0.11525431813408472,8.536,107550.138067871
0.11098467488864898,8.538,107550.156088377
0.11203274854333052,8.54,107550.1739403
0.10548276743598785,8.542,107550.192900743
0.10504383193012835,8.544,107550.211940414
0.10556934787967215,8.546,107550.230885307
0.08347838048580786,8.548,107550.254843606
0.08850931769716956,8.55,107550.277440097
0.08095564905588722,8.552,107550.302144982
0.10219191434021582,8.554,107550.321716002
0.10177184786548647,8.556000000000001,107550.341367802
0.10338709027944093,8.558,107550.360712577
0.10405238251835065,8.56,107550.379933665
0.10894443626481375,8.562,107550.398291647
0.1083166381060501,8.564,107550.416756031
0.10675815415501899,8.566,107550.435489963
0.10673043171408704,8.568,107550.454228761
0.10232872022984187,8.57,107550.473773616
0.09506664482067126,8.572,107550.494811489
0.09148881395287428,8.574,107550.516672085
0.0987718998204572,8.576,107550.536920759
0.09440311315588444,8.578,107550.558106501
0.09413030260730815,8.58,107550.579353644
0.09613708229393332,8.582,107550.600157271
0.08214543502780844,8.584,107550.624504333
0.08870347888040951,8.586,107550.647051363
0.08661711821301181,8.588,107550.670141487
0.09661280346017813,8.59,107550.690842677
0.10165850251010164,8.592,107550.710516388
0.09471476013928286,8.594,107550.731632421
0.09759554347295389,8.596,107550.75212516
0.09972019512741469,8.598,107550.772181278
0.09987085698223487,8.6,107550.79220714
0.09639528853249252,8.602,107550.812955042
0.09297704407033272,8.604,107550.834465728
0.10346249120432904,8.606,107550.853796405
0.10319640013739785,8.608,107550.873176926
0.09410452559553845,8.61,107550.894429889
0.10437707889662823,8.612,107550.913591184
0.103912060501218,8.614,107550.932838228
0.09840545277409488,8.616,107550.953162305
0.10242808333763298,8.618,107550.9726882
0.10879819445292332,8.62,107550.991070858
0.10669459501144746,8.622,107551.00981595
0.1037114759120139,8.624,107551.029100219
0.10067395682141089,8.626,107551.04896633
0.10175043822320053,8.628,107551.068622265
0.10299679472571782,8.63,107551.088040345
0.10428314880549176,8.632,107551.107218899
0.10790022228435125,8.634,107551.125754542
0.10844824868669668,8.636,107551.144196518
0.10464215628880641,8.638,107551.163309274
0.1012419552709856,8.64,107551.18306393
0.10298858458307256,8.642,107551.202483558
0.10359111546991141,8.644,107551.221790233
0.09710408904380358,8.646,107551.242386688
0.0970759934186099,8.648,107551.262989104
0.09766082784131837,8.65,107551.283468144
0.09821506879048506,8.652,107551.303831618
0.10714149492877405,8.654,107551.322498522
0.10776331793002357,8.656,107551.341057713
0.09700330126607827,8.658,107551.361675568
0.11874921220546866,8.66,107551.378517785
0.10910148001487495,8.662,107551.396849342
0.10539781744927561,8.664,107551.415825067
0.09847281950619623,8.666,107551.43613524
0.11388341298828375,8.668,107551.45369706
0.10466902350805339,8.67,107551.47280491
0.1055159797199429,8.672,107551.491759385
0.09958075997653051,8.674,107551.511843586
0.07740891615484356,8.676,107551.537680403
0.09689921536690298,8.678,107551.558320405
0.08733076827743219,8.68,107551.581221841
0.10489729269958756,8.682,107551.60028811
0.10464221652047524,8.684,107551.619400855
0.09346473536445069,8.686,107551.6407993
0.12073369387166591,8.688,107551.657364684
0.10963999211253259,8.69,107551.675606203
0.10545458573778026,8.692,107551.694571713
0.10965468370715648,8.693999999999999,107551.712810788
0.10301326680897613,8.696,107551.732225763
0.10503957839296361,8.698,107551.751266205
0.10303598089725044,8.7,107551.7706769
0.10659226815496833,8.702,107551.789439987
0.10426140338333538,8.704,107551.808622541
0.11230034044831691,8.706,107551.826431926
0.10093681992242808,8.708,107551.846246301
0.09014082881722313,8.71,107551.868433805
0.10286075824268832,8.712,107551.887877566
0.10431119198140487,8.714,107551.907050964
0.10309712526541538,8.716,107551.926450147
0.10274465920335853,8.718,107551.945915879
0.10329055294647166,8.72,107551.965278734
0.09851698443660198,8.722,107551.985579802
0.09549647232764637,8.724,107552.006522984
0.09259432013432918,8.725999999999999,107552.028122581
0.10523725291226878,8.728,107552.047127258
0.09762734790146514,8.73,107552.067613321
0.09711390117473684,8.732,107552.088207695
0.09898969627322578,8.734,107552.108411818
0.09903591019082174,8.736,107552.128606513
0.10533930712304318,8.738,107552.147592778
0.10514875604876164,8.74,107552.16661345
0.09765319833886062,8.742,107552.18709409
0.10750847812723109,8.744,107552.205697274
0.12138858340392512,8.746,107552.222173288
0.10128238183894894,8.748,107552.241920059
0.11979239254801474,8.75,107552.25861561
0.10346779562739183,8.752,107552.277945296
0.10122374956086487,8.754,107552.297703505
0.11892566364309066,8.756,107552.314520733
0.10863899457999836,8.758,107552.332930329
0.10503357659682556,8.76,107552.351971859
0.10467919669033263,8.762,107552.371077852
0.10438667245127252,8.764,107552.390237386
0.10917338659267961,8.766,107552.408556869
0.10664309143652699,8.768,107552.427311014
0.09673815393022006,8.77,107552.44798538
0.099035140257046,8.772,107552.468180232
0.09142673245550843,8.774000000000001,107552.490055672
0.10481162384761517,8.776,107552.509137525
0.10630230774534304,8.778,107552.527951792
0.10787315456438035,8.78,107552.546492086
0.10644552107112407,8.782,107552.56528104
0.1068887616193327,8.784,107552.583992081
0.10670293996338742,8.786,107552.602735707
0.10869235006426278,8.788,107552.621136266
0.10282885252953936,8.79,107552.64058606
0.11803895515124008,8.792,107552.657529619
0.10722642865365414,8.794,107552.676181737
0.10679192935692082,8.796,107552.694909744
0.09334693085906103,8.798,107552.716335194
0.11382455567717234,8.8,107552.733906095
0.10969537046161297,8.802,107552.752138405
0.10348544678557806,8.804,107552.771464794
0.1018982730925177,8.806000000000001,107552.791092212
0.10441914348111264,8.808,107552.810245788
0.10806227221086087,8.81,107552.828753635
0.1033441548450015,8.812,107552.848106447
0.07920386492081258,8.814,107552.87335774
0.1184960973228255,8.816,107552.890235933
0.1055957121101895,8.818,107552.909176096
0.1090161834741727,8.82,107552.927521996
0.10762165815061958,8.822,107552.946105616
0.09349807819614296,8.824,107552.96749643
0.09863587574131942,8.826,107552.987773028
0.08940492614975472,8.828,107553.01014316
0.0843182904413285,8.83,107553.033862806
0.08823447924403202,8.832,107553.056529682
0.08561782375969142,8.834,107553.079889304
0.08513138627267902,8.836,107553.103382402
0.11876958507843532,8.838,107553.12022173
0.10716806463799175,8.84,107553.138884006
0.108860279662957,8.842,107553.15725618
0.10957489538513429,8.844,107553.175508536
0.10865199651326408,8.846,107553.193915929
0.10595248480855049,8.848,107553.212792315
0.10673009562362819,8.85,107553.231531172
0.10201776340382708,8.852,107553.251135601
0.11366832647582317,8.854,107553.268730652
0.10813897153634305,8.856,107553.287225372
0.10697961200441464,8.858,107553.305920523
0.10499179279531316,8.86,107553.324969631
0.0942394887224471,8.862,107553.346192157
0.11689417099056562,8.864,107553.36330165
0.08483491125983676,8.866,107553.38687685
0.09942109577002674,8.868,107553.406993305
0.10411999161615855,8.87,107553.426201912
0.10795706163698263,8.872,107553.444727796
0.10489734217704792,8.874,107553.463794056
0.10685502218235786,8.876,107553.482511005
0.102345497850412,8.878,107553.502052656
0.10154478558302163,8.88,107553.521748399
0.11227818043356812,8.882,107553.539561299
0.1016681764873577,8.884,107553.559233138
0.10472840362081479,8.886,107553.578330154
0.09329340315771827,8.888,107553.599767897
0.11348453294447874,8.89,107553.617391444
0.115576211889235,8.892,107553.634696043
0.10187686732127631,8.894,107553.654327585
0.10744380338247309,8.896,107553.672941967
0.10615800281358838,8.898,107553.691781809
0.10426583324639521,8.9,107553.710963548
0.10071183125908713,8.902,107553.730822188
0.09673136960840797,8.904,107553.751498004
0.09734356232812219,8.906,107553.77204379
0.09915221388799696,8.908,107553.792214797
0.10209564584141223,8.91,107553.811804271
0.09985521992439474,8.912,107553.831833269
0.09711885266028916,8.914,107553.852426593
0.09115362293956931,8.916,107553.874367575
0.10166094152959698,8.918,107553.894040814
0.1017754628252168,8.92,107553.913691916
0.10874385991052127,8.922,107553.932083759
0.1026205175787525,8.924,107553.951573039
0.11628528967248002,8.926,107553.968772119
0.09844789506453937,8.928,107553.989087434
0.09541843611034893,8.93,107554.010047744
0.09823546025050979,8.932,107554.030406991
0.09381544656968291,8.934,107554.051725442
0.10041012007001636,8.936,107554.071643753
0.10124768028283712,8.938,107554.091397292
0.09624552465103792,8.94,107554.112177479
0.10738920984199685,8.942,107554.130801324
0.09412632441044287,8.943999999999999,107554.152049365
0.10677507039965423,8.946,107554.170780329
0.10201746163887536,8.948,107554.190384816
0.11172825456409093,8.95,107554.208285391
0.10542576881999088,8.952,107554.227256085
0.10404104787913801,8.954,107554.246479267
0.10576620425381664,8.956,107554.265388899
0.10705795636494468,8.958,107554.284070369
0.09514741067977527,8.96,107554.305090384
0.07769870123123243,8.962,107554.33083084
0.08559569167299645,8.964,107554.354196502
0.085498694654991,8.966,107554.377588672
0.08375823183166663,8.968,107554.401466922
0.08687785577066107,8.97,107554.424487748
0.08926550997264239,8.972,107554.446892818
0.08422355526285503,8.974,107554.470639144
0.09335343604029951,8.975999999999999,107554.492063101
0.08852356589437989,8.978,107554.514655955
0.08753583776238921,8.98,107554.53750374
0.09340704581285106,8.982,107554.558915401
0.10393832171958634,8.984,107554.578157582
0.10556744214340566,8.986,107554.597102817
0.10640210844809501,8.988,107554.615899437
0.09881272562938358,8.99,107554.636139745
0.11484108573471381,8.992,107554.653555115
0.10734227608243113,8.994,107554.672187103
0.10578158233286064,8.996,107554.691093986
0.09856486108057984,8.998,107554.711385193
0.08737647204826984,9.0,107554.73427465
0.08237572924984946,9.002,107554.758553646
0.09309541121883111,9.004,107554.780036982
0.10195133845742449,9.006,107554.799654184
0.09606234216131511,9.008,107554.820473997
0.09048638376583824,9.01,107554.84257677
0.08804792940910937,9.012,107554.865291671
0.09478479819205492,9.014,107554.886392101
0.08930065621579872,9.016,107554.908788353
0.10651731517557071,9.018,107554.927564643
0.09812555654231483,9.02,107554.947946693
0.09047389913956902,9.022,107554.970052516
0.10824898396297902,9.024,107554.98852844
0.09655640744349984,9.026,107555.009241721
0.09293653521793115,9.028,107555.030761783
0.10421653315251574,9.03,107555.049952596
0.08692549690169302,9.032,107555.072960805
0.09022744307237743,9.034,107555.09512701
0.09832943694744423,9.036,107555.115466799
0.1019985909808881,9.038,107555.135074913
0.10726140398887785,9.04,107555.153720949
0.10696898671970533,9.042,107555.172417957
0.10443527749660014,9.044,107555.191568574
0.08554361642664589,9.046,107555.21494846
0.07721810352671647,9.048,107555.240849122
0.09529213496780033,9.05,107555.261837213
0.10822882126439928,9.052,107555.280316579
0.11515813919630721,9.054,107555.297684001
0.10063914410413553,9.056,107555.317556984
0.11085861208789612,9.058,107555.335597982
0.08972235372827217,9.06,107555.357888971
0.13069031348134558,9.062,107555.373192324
0.1105358518044828,9.064,107555.391286001
0.11007352746741643,9.066,107555.409455674
0.10366681986471746,9.068,107555.42874825
0.10402653960064605,9.07,107555.447974113
0.10432755390966912,9.072,107555.467144504
0.10020537590263193,9.074,107555.487103513
0.12062926989871814,9.076,107555.503683237
0.09596835040247936,9.078,107555.524523441
0.10471810565958256,9.08,107555.543622335
0.10976611633651694,9.082,107555.561842894
0.10626210563138942,9.084,107555.580664279
0.10146790055618343,9.086,107555.600374946
0.10294961990898462,9.088,107555.619801924
0.10589904257501928,9.09,107555.638687836
0.10969511778682046,9.092,107555.656920188
0.1104261378408247,9.094,107555.675031842
0.10990008543808838,9.096,107555.69323019
0.10516990540092086,9.098,107555.712247037
0.10674575529419199,9.1,107555.730983145
0.1098322307269296,9.102,107555.749192736
0.10954671699947599,9.104,107555.767449787
0.10569662534717915,9.106,107555.786371867
0.10340802340569794,9.108,107555.805712726
0.0976474626505976,9.11,107555.826194569
0.11358678563988417,9.112,107555.843802251
0.10825524741675575,9.114,107555.862277106
0.10776374758976363,9.116,107555.880836223
0.11127986087492664,9.118,107555.898808927
0.10306318202849901,9.12,107555.918214499
0.10826009949100596,9.122,107555.936688526
0.10940149396331739,9.124,107555.954969812
0.10513274343924066,9.126,107555.973993381
0.10353297476685874,9.128,107555.993310898
0.1057449038326032,9.13,107556.012224339
0.1099053940390184,9.132,107556.030421808
0.10218358661994947,9.134,107556.049994423
0.09928044015157021,9.136,107556.070139378
0.10182563693839367,9.138,107556.089780797
0.10245359981876033,9.14,107556.109301829
0.10468008430969841,9.142,107556.12840766
0.11313339567492353,9.144,107556.146085906
0.10734408513126664,9.146,107556.16471758
0.0882843568699404,9.148,107556.18737165
0.10482455537693695,9.15,107556.206451149
0.1028342243646214,9.152,107556.225899927
0.10381364078681582,9.154,107556.245165218
0.10946116050561583,9.156,107556.263436539
0.10704976207442483,9.158,107556.282119439
0.1078077905555903,9.16,107556.300670974
0.10415001896910007,9.162,107556.319874043
0.1084249139253138,9.164,107556.338319988
0.09890683224047317,9.166,107556.358541038
0.09982398536262714,9.168,107556.378576303
0.10564704031909472,9.17,107556.397507264
0.10124593759887625,9.172,107556.417261143
0.10756176406612258,9.174,107556.435855111
0.10192221221666298,9.176,107556.455477919
0.10464915917372974,9.178,107556.474589396
0.10519937943797719,9.18,107556.493600915
0.102822138678799,9.182,107556.513051979
0.10728225508524285,9.184,107556.531694391
0.10179441151850124,9.186,107556.551341835
0.10859116271218283,9.188,107556.56975954
0.10452253864513879,9.19,107556.588894169
0.08086435262756508,9.192,107556.613626946
0.08430137655102843,9.194,107556.637351351
0.08121029654159308,9.196,107556.66197877
0.08601850122095187,9.198,107556.685229582
0.09740714360651036,9.2,107556.705761957
0.10189273911367684,9.202,107556.725390441
0.10444554720790464,9.204,107556.744539175
0.10065080303846541,9.206,107556.764409856
0.10673440172014508,9.208,107556.783147957
0.10284921115045602,9.21,107556.802593901
0.09869932549565469,9.212,107556.822857464
0.09940959643730964,9.214,107556.842976246
0.1012416119145718,9.216,107556.862730969
0.10535240804208816,9.218,107556.881714873
0.1028155525363525,9.22,107556.901167183
0.09939831707714575,9.222,107556.921288248
0.1115053010051696,9.224,107556.939224615
0.09227474452844944,9.226,107556.960899018
0.11736452100841208,9.228,107556.977939943
0.11271728230760303,9.23,107556.995683451
0.10731583302087666,9.232,107557.01432003
0.10232113965150005,9.234,107557.033866333
0.09843678450790168,9.236,107557.054183941
0.11151238225056832,9.238,107557.072119169
0.08076216220173452,9.24,107557.096883241
0.09198046260404455,9.242,107557.118626989
0.0862142804899307,9.244,107557.141825002
0.09360149103791617,9.246,107557.163192183
0.09748629156284047,9.248,107557.183707888
0.0820389837965517,9.25,107557.208086542
0.09057210505594204,9.252,107557.230168396
0.0867197691905506,9.254,107557.253231188
0.08453568082819961,9.256,107557.276889837
0.08412297464029281,9.258,107557.300664555
0.08514126554557036,9.26,107557.324154927
0.08976649804492866,9.262,107557.346434954
0.08920947601688557,9.264,107557.368854097
0.10394470140924003,9.266,107557.388095097
0.0894870081552532,9.268,107557.41044471
0.09297212980350507,9.27,107557.431956533
0.08296636272598795,9.272,107557.456062688
0.0970569376481238,9.274000000000001,107557.476669149
0.10000111998027086,9.276,107557.496668925
0.10716940260318512,9.278,107557.515330968
0.10771651490951799,9.28,107557.533898223
0.10340097170768293,9.282,107557.553240401
0.10539165802713114,9.284,107557.572217235
0.10358093268299806,9.286,107557.591525808
0.11003745124191192,9.288,107557.609701438
0.10706058688555767,9.29,107557.628382449
0.10841682061130671,9.292,107557.646829771
0.10717305499789771,9.294,107557.665491178
0.10083992096209224,9.296,107557.685324593
0.11842330265195694,9.298,107557.702213161
0.10559785309942907,9.3,107557.72115294
0.10810203100999889,9.302,107557.73965398
0.1056542900302868,9.304,107557.758583642
0.0998530562684436,9.306,107557.778613074
0.10100945310238797,9.308,107557.798413201
0.09742451000005095,9.31,107557.818941916
0.08886401881814143,9.312,107557.841448213
0.08957705566882024,9.314,107557.863775359
0.09435112724546994,9.316,107557.884972774
0.10186114058769252,9.318,107557.904607347
0.09215898880201952,9.32,107557.926308974
0.09570652394875316,9.322,107557.947206191
0.10067512744129238,9.324,107557.967072071
0.10258625069979385,9.326,107557.986567861
0.07458051165120196,9.328,107558.013384518
0.12403840766272763,9.33,107558.029508556
0.09475647967191315,9.332,107558.050615292
0.09827251657843046,9.334,107558.070966862
0.10357890493701923,9.336,107558.090275813
0.09838018016934208,9.338,107558.110605111
0.11403464904813324,9.34,107558.12814364
0.1087468695817623,9.342,107558.146534974
0.10159208514454604,9.344,107558.166221547
0.10264618262851823,9.346,107558.185705954
0.09908126898246528,9.348,107558.205891404
0.10946328727058109,9.35,107558.22416237
0.10477589483444273,9.352,107558.24325073
0.10530770858420907,9.354,107558.262242692
0.10122905229726438,9.356,107558.281999866
0.11013194021654121,9.358,107558.300159902
0.1053206907509516,9.36,107558.319149523
0.10927122650447676,9.362,107558.337452603
0.10809257783272717,9.364,107558.355955261
0.10063974168118392,9.366,107558.375828126
0.10610164568120546,9.368,107558.394677975
0.10553801778484856,9.37,107558.413628492
0.10472919878387192,9.372,107558.432725363
0.10529211328383054,9.374,107558.451720138
0.10575824003485824,9.376,107558.470631194
0.10460572742581083,9.378,107558.489750606
0.10259546517428186,9.38,107558.509244645
0.10910597361478645,9.382,107558.527575447
0.1058173176674862,9.384,107558.546475945
0.11200916952634485,9.386,107558.564331626
0.10545206696003268,9.388,107558.583297589
0.10849557212103476,9.39,107558.601731521
0.10664650910620911,9.392,107558.620485065
0.10562591620328071,9.394,107558.639419812
0.10518654887868709,9.396,107558.65843365
0.10694272714730305,9.398,107558.677135249
0.10663233392196778,9.4,107558.695891286
0.10496913932068185,9.402,107558.714944505
0.10102262679969003,9.404,107558.73474205
0.1025143541697261,9.406,107558.754251513
0.10962963711883372,9.408,107558.772494755
0.11037069547711145,9.41,107558.790615507
0.10479067322423333,9.412,107558.809701175
0.10399702698196914,9.414,107558.828932494
0.1030706923946217,9.416,107558.848336652
0.10319031960511009,9.418,107558.867718315
0.0960661534463743,9.42,107558.888537302
0.12193469139914764,9.422,107558.904939525
0.08857301784569324,9.424,107558.927519765
0.1069981497743151,9.426,107558.946211677
0.10614001409497134,9.428,107558.965054712
0.08893806965520479,9.43,107558.98754227
0.1377899850332769,9.432,107559.002057113
0.10666481777913138,9.434,107559.020807438
0.10955844282641107,9.436,107559.039062535
0.10485991629120046,9.438,107559.0581356
0.11448107792119264,9.44,107559.075605736
0.10590098274259449,9.442,107559.094491302
0.10897411066549025,9.444,107559.112844285
0.1031042684616885,9.446,107559.132242124
0.10930719030920333,9.448,107559.150539182
0.10878173751693529,9.45,107559.168924621
0.10463066556028683,9.452,107559.188039476
0.11399709316317233,9.454,107559.205583783
0.10203431421549959,9.456,107559.225185032
0.11683017537639682,9.458,107559.242303897
0.11022800110787837,9.46,107559.260448107
0.10888810596949774,9.462,107559.278815586
0.10451015675255579,9.464,107559.297952482
0.10874482373737736,9.466,107559.316344162
0.10094456857681962,9.468,107559.336157016
0.10372444940408443,9.47,107559.355438873
0.10799543092551103,9.472,107559.373958175
0.10329489541378033,9.474,107559.393320216
0.1035161485633741,9.475999999999999,107559.412640873
0.1039587005124346,9.478,107559.431879282
0.10750802737439759,9.48,107559.450482544
0.10648009648168366,9.482,107559.469265397
0.10354270855926505,9.484,107559.488581098
0.10906729303960375,9.486,107559.506918401
0.09821263320901633,9.488,107559.52728238
0.11583647343356422,9.49,107559.544548099
0.10897181278380277,9.492,107559.562901469
0.10339886551044726,9.494,107559.582244041
0.1026639708853084,9.496,107559.601725072
0.10139948532664705,9.498,107559.621449038
0.09492255456574082,9.5,107559.642518846
0.09865149327965564,9.502,107559.662792234
0.10284052202094109,9.504,107559.682239821
0.10019040190164077,9.506,107559.702201813
0.10012090096748963,9.508,107559.722177662
0.09202005320235451,9.51,107559.743912055
0.10074954129694219,9.512,107559.763763262
0.09337144443035714,9.514,107559.785183087
0.09425191505182334,9.516,107559.806402815
0.10474608160859683,9.518,107559.825496608
0.08709298505504606,9.52,107559.84846057
0.10041711769927375,9.522,107559.868377493
0.08962016553799133,9.524000000000001,107559.890693899
0.08712505567199619,9.526,107559.913649408
0.08593733854884694,9.528,107559.936922179
0.08913535408722777,9.53,107559.959359965
0.10652246645721064,9.532,107559.978135347
0.1049481973288676,9.534,107559.997192368
0.10458871479198988,9.536,107560.01631489
0.10804444947911629,9.538,107560.03482579
0.10843891128401112,9.54,107560.053269354
0.10927430114664065,9.542,107560.071571919
0.10374805409078382,9.544,107560.090849389
0.10763296383034827,9.546,107560.109431057
0.09200316749291988,9.548,107560.131169439
0.11071643780724752,9.55,107560.149233604
0.11358903697303771,9.552,107560.166840937
0.08956066552367813,9.554,107560.189172169
0.10764976453572664,9.556000000000001,107560.207750937
0.08759523187372713,9.558,107560.23058323
0.09314908942404865,9.56,107560.252054186
0.09134266963052835,9.562,107560.273949758
0.08720694218131894,9.564,107560.296883712
0.10177862212157504,9.566,107560.316534204
0.09716883537784782,9.568,107560.337116935
0.10193054932133365,9.57,107560.356738138
0.094546295479517,9.572,107560.377891796
0.12490360562816834,9.574,107560.393904144
0.09454878507356396,9.576,107560.415057245
0.09251605696040237,9.578,107560.436675114
0.10485795368122797,9.58,107560.455748536
0.10559533299006232,9.582,107560.474688767
0.10106335323581354,9.584,107560.494478334
0.10401323633608894,9.586,107560.513706656
0.09580342669015977,9.588,107560.534582736
0.10252246791848899,9.59,107560.554090655
0.1037440339768872,9.592,107560.573368872
0.0958931091578201,9.594,107560.594225428
0.09499839168312352,9.596,107560.615278416
0.10347871641930159,9.598,107560.634606062
0.10714361286071403,9.6,107560.653272597
0.09339797285553034,9.602,107560.674686338
0.12036187763437023,9.604,107560.691302895
0.0923617309659434,9.606,107560.712956885
0.08475502112884388,9.608,107560.736554307
0.08586344646664934,9.61,107560.759847106
0.10038493106151207,9.612,107560.779770415
0.10627774676993447,9.614,107560.79858903
0.10188953639634661,9.616,107560.818218131
0.10691804662481172,9.618,107560.836924047
0.09464351316035738,9.62,107560.858055976
0.10761960234511438,9.622,107560.876639951
0.08446057231738502,9.624,107560.900319639
0.08726245251118751,9.626,107560.923239004
0.08775895527529683,9.628,107560.946028701
0.09598179878488973,9.63,107560.966865985
0.10267665193548092,9.632,107560.98634461
0.11171649040370182,9.634,107561.00424707
0.10721591520789418,9.636,107561.022901017
0.10308677368399786,9.638,107561.042302148
0.09575129018272757,9.64,107561.063189595
0.1088931275315122,9.642,107561.081556227
0.1013405068565802,9.644,107561.101291672
0.10640041601706268,9.646,107561.120088591
0.11425430407709573,9.648,107561.137593402
0.11239443701824305,9.65,107561.155387877
0.10500304329841774,9.652,107561.174434944
0.10787654086418964,9.654,107561.192974656
0.10791579635334679,9.656,107561.211507624
0.11242051031466145,9.658,107561.229297972
0.1053039548570138,9.66,107561.248290611
0.0988163090528661,9.662,107561.268530185
0.11090201151606237,9.664,107561.286564123
0.10263549478994574,9.666,107561.306050559
0.09710568259279827,9.668,107561.326646676
0.09073583495487411,9.67,107561.348688684
0.08564764691704937,9.672,107561.372040172
0.08901433584199099,9.674,107561.394508463
0.1051614224954257,9.676,107561.413526844
0.11015306709292384,9.678,107561.431683397
0.09558005334242377,9.68,107561.452608265
0.0965678576144929,9.682,107561.47331909
0.09871812537719717,9.684,107561.493578794
0.10370555504465015,9.686,107561.512864164
0.10190340269207195,9.688,107561.532490594
0.10074531892292406,9.69,107561.552342633
0.10019702240471609,9.692,107561.572303306
0.07819303710981378,9.693999999999999,107561.597881031
0.10318535780578761,9.696,107561.617263626
0.0996893480816911,9.698,107561.63732595
0.10282498272483656,9.7,107561.656776476
0.1033789674080693,9.702,107561.676122771
0.09982779702600479,9.704,107561.696157271
0.10398400142503035,9.706,107561.715390999
0.09882702208267068,9.708,107561.735628379
0.10018434918723483,9.71,107561.755591577
0.09904088803832431,9.712,107561.775785257
0.10015156942879438,9.714,107561.795754989
0.10194471783202065,9.716,107561.815373465
0.1030643185996813,9.718,107561.834778823
0.09806156318711284,9.72,107561.855174174
0.10221903208481257,9.722,107561.874740002
0.10146598563398576,9.724,107561.894451041
0.09629502016742256,9.725999999999999,107561.915220547
0.10253719574576403,9.728,107561.934725664
0.10944701785486799,9.73,107561.952999346
0.108892659139935,9.732,107561.971366057
0.11392456685823481,9.734,107561.988921533
0.10843931109796251,9.736,107562.007365029
0.10656244571700427,9.738,107562.026133367
0.1030358535984419,9.74,107562.045544086
0.10090455378725408,9.742,107562.065364797
0.10429957800066668,9.744,107562.08454033
0.1019991008025403,9.746,107562.104148346
0.10644943602360692,9.748,107562.122936609
0.10981463946082479,9.75,107562.141149117
0.10866850864094094,9.752,107562.159553713
0.11066916608884492,9.754,107562.177625594
0.10507295378147065,9.756,107562.196659988
0.10586806011965065,9.758,107562.215551427
0.08705655348197071,9.76,107562.238524999
0.10572916194573727,9.762,107562.257441256
0.10673063104863907,9.764,107562.276180019
0.1080278464079305,9.766,107562.294693764
0.10888505293514479,9.768,107562.313061758
0.08886220258574105,9.77,107562.335568515
0.08442828017768703,9.772,107562.35925726
0.09241530498241445,9.774000000000001,107562.380898697
0.10071326645090334,9.776,107562.400757054
0.10467633684502896,9.778,107562.419863569
0.10785245114545455,9.78,107562.438407422
0.10126449480103204,9.782,107562.458157681
0.1050715682058349,9.784,107562.477192326
0.10711759458757782,9.786,107562.495863395
0.07121514220923493,9.788,107562.52394731
0.10693746649575098,9.79,107562.542649829
0.08470657156216062,9.792,107562.566260748
0.0861303741763226,9.794,107562.58948136
0.08627189053573704,9.796,107562.612663882
0.0901528559885259,9.798,107562.634848426
0.08568242041606754,9.8,107562.658190437
0.08961063283837682,9.802,107562.680509217
0.07792617560257382,9.804,107562.706174534
0.09977405669919834,9.806000000000001,107562.726219825
0.08894696928363093,9.808,107562.748705133
0.08551641048896298,9.81,107562.772092457
0.08674379957376158,9.812,107562.79514886
0.08619398227091296,9.814,107562.818352336
0.08538590738421035,9.816,107562.841775405
0.08704247810337853,9.818,107562.864752692
0.08566614009225312,9.82,107562.888099139
0.08887744938303987,9.822,107562.910602035
0.08580621480406898,9.824,107562.93391037
0.08727528142377446,9.826,107562.956826366
0.08172823505949366,9.828,107562.981297713
0.09075152563796138,9.83,107563.00333591
0.10250737130089484,9.832,107563.022846702
0.10272425234878883,9.834,107563.042316301
0.08701859249013198,9.836,107563.065299895
0.08493768589942759,9.838,107563.088846569
0.08506398852463073,9.84,107563.112358281
0.08845251527965824,9.842,107563.134969283
0.08804478587925987,9.844,107563.157684995
0.08763963842785778,9.846,107563.180505719
0.08750769853282854,9.848,107563.203360851
0.09617465777765798,9.85,107563.22415635
0.08245287065475292,9.852,107563.248412631
0.12091884536492337,9.854,107563.26495265
0.103592843234568,9.856,107563.284259003
0.10529583285017156,9.858,107563.303253107
0.10502720605290995,9.86,107563.322295792
0.10873368527359223,9.862,107563.340689356
0.10682605681755286,9.864,107563.35941138
0.08530698874560784,9.866,107563.382856118
0.08870376215168886,9.868,107563.405403076
0.08530376865580058,9.87,107563.428848699
0.092328319866525,9.872,107563.450510525
0.09976622779522579,9.874,107563.470557389
0.09129412803309943,9.876,107563.492464603
0.11551056852768589,9.878,107563.509779036
0.09965317210693775,9.88,107563.529848643
0.08678901517842115,9.882,107563.552893034
0.09566840257254731,9.884,107563.573798578
0.09779223752573406,9.886,107563.594250099
0.10250033159195218,9.888,107563.613762231
0.10423389755679845,9.89,107563.632949847
0.10367031264389613,9.892,107563.652241773
0.1049536495809516,9.894,107563.671297804
0.10194474898633715,9.896,107563.690916274
0.10754067704417258,9.898,107563.709513888
0.10212552839304459,9.9,107563.72909763
0.09530821938325036,9.902,107563.750082179
0.10453111547692347,9.904,107563.769215238
0.10786659195972885,9.906,107563.78775666
0.10216450310418757,9.908,107563.807332931
0.10876551623704286,9.91,107563.825721112
0.11144629832059569,9.912,107563.843666975
0.10313902057444002,9.914,107563.863058278
0.10721569105601908,9.916,107563.881712264
0.10668226216724856,9.918,107563.900459523
0.10556594887003211,9.92,107563.919405026
0.11310134923262985,9.922,107563.937088281
0.08595426510832939,9.924,107563.960356469
0.08533371930829625,9.926,107563.983793863
0.08364465871486426,9.928,107564.007704535
0.09602970468440297,9.93,107564.028531424
0.09821402704061409,9.932,107564.048895114
0.10681191944915143,9.934,107564.067619616
0.09920242245386575,9.936,107564.087780414
0.09838870782773462,9.938,107564.10810795
0.11153807266951467,9.94,107564.126039047
0.10445637529397049,9.942,107564.145185796
0.10594386400593941,9.943999999999999,107564.164063718
0.10621213534203404,9.946,107564.182893958
0.10301359580405482,9.948,107564.202308871
0.10268623595714037,9.95,107564.221785678
0.10165261741728773,9.952,107564.241460528
0.10029499773389951,9.954,107564.261401702
0.1004151614575239,9.956,107564.281319013
0.10127126324370837,9.958,107564.301067952
0.10068776285600592,9.96,107564.320931339
0.09353517161493145,9.962,107564.34231367
0.09851726591887557,9.964,107564.36261468
0.09861054776866181,9.966,107564.382896486
0.10341415094294665,9.968,107564.402236199
0.10166213010162073,9.97,107564.421909208
0.1004309290378909,9.972,107564.441823392
0.1038792025811363,9.974,107564.461076524
0.10275467829872924,9.975999999999999,107564.480540358
0.1042325991580638,9.978,107564.499728213
0.10504464296959834,9.98,107564.518767737
0.10281307895100598,9.982,107564.538220515
0.10313953651981687,9.984,107564.557611721
0.10651288476357641,9.986,107564.576388792
0.1016750093828896,9.988,107564.596059309
0.09898784430174587,9.99,107564.61626381
0.10180195051833327,9.992,107564.635909799
0.10486291274910571,9.994,107564.654982319
0.10576346921352787,9.996,107564.67389244
0.10364156558473492,9.998,107564.693189717
0.10315467630859049,10.0,107564.712578077
0.11257939660930957,10.002,107564.730343317
0.10310421532432969,10.004,107564.749741166
0.1108044475286803,10.006,107564.767790983
0.10199730611658653,10.008,107564.787399344
0.10298913082027332,10.01,107564.806818869
0.10076610453707334,10.012,107564.826666813
0.10094664225765798,10.014,107564.84647926
0.10493231183488197,10.016,107564.865539166
0.10227029838656482,10.018,107564.885095186
0.10782873256877783,10.02,107564.903643118
0.11022479963446238,10.022,107564.921787855
0.10766303492079934,10.024,107564.940364333
0.10553925968109072,10.026,107564.959314627
0.1070751742231454,10.028,107564.977993093
0.10725567476695552,10.03,107564.996640125
0.10127425803293016,10.032,107565.01638848
0.10555108460574422,10.034,107565.035336651
0.09385147982135504,10.036,107565.056646917
0.10216433610494628,10.038,107565.07622322
0.10053929278515362,10.04,107565.09611594
0.10967140584889028,10.042,107565.114352234
0.10623990524568636,10.044,107565.133177552
0.11117532720169487,10.046,107565.151167155
0.10786126906018717,10.048,107565.169709492
0.10785589437813914,10.05,107565.188252753
0.10380955638982484,10.052,107565.207518802
0.10727135668683196,10.054,107565.226163108
0.0916564534899832,10.056,107565.247983721
0.10455947260205611,10.058,107565.267111591
0.10901413941687439,10.06,107565.285457835
0.1059812982653238,10.062,107565.304329089
0.09994392151569646,10.064,107565.324340311
0.10306995398522648,10.066,107565.343744608
0.1068602404943353,10.068,107565.362460643
0.10720755882075444,10.07,107565.381116044
0.10312846913188968,10.072,107565.400509331
0.10820354950421207,10.074,107565.418993013
0.10803337232880886,10.076,107565.437505811
0.1111384635187438,10.078,107565.455501381
0.10326166424045305,10.08,107565.474869653
0.10083495882731494,10.082,107565.494704044
0.10541054955395783,10.084,107565.513677477
0.09998662179292898,10.086,107565.533680153
0.1069696389366478,10.088,107565.552377047
0.10747666240523296,10.09,107565.570985738
0.10291871295949924,10.092,107565.59041855
0.1008620935117876,10.094,107565.610247605
0.10333224803476296,10.096,107565.629602647
0.10319764076927149,10.098,107565.648982935
0.10740062250334588,10.1,107565.667604801
0.10258739775717796,10.102,107565.687100373
0.0992953752264211,10.104,107565.707242298
0.11026460358614117,10.106,107565.725380485
0.10660333576124272,10.108,107565.744141624
0.10950911443150403,10.11,107565.762404944
0.10535677022041683,10.112,107565.781388062
0.10319837566265311,10.114,107565.800768212
0.1013404144237968,10.116,107565.820503675
0.10623276109567524,10.118,107565.839330259
0.10112059309522042,10.12,107565.859108624
0.1095616657094304,10.122,107565.877363184
0.09793022513526872,10.124,107565.897785888
0.1159237969927109,10.126,107565.915038601
0.10704864479499815,10.128,107565.933721696
0.11055022222714106,10.13,107565.951813021
0.1073142207467767,10.132,107565.97044988
0.1070035652693516,10.134,107565.989140846
0.1055733712998089,10.136,107566.008085017
0.10755925936553412,10.138,107566.026679418
0.11149708303517404,10.14,107566.044617107
0.1049768694278543,10.142,107566.063668923
0.1039563608024685,10.144,107566.082907765
0.10560543622079535,10.146,107566.101846184
0.09844604398878497,10.148,107566.122161881
0.116098037751122,10.15,107566.139388701
0.10622961818415028,10.152,107566.158215842
0.10020405056148095,10.154,107566.178175115
0.08649849716876847,10.156,107566.201296904
0.10361997946259878,10.158,107566.220598201
0.10205849957545887,10.16,107566.240194805
0.11154008185019115,10.162,107566.258125579
0.10310560789701753,10.164,107566.277523166
0.09424684286687379,10.166,107566.298744036
0.112024276967159,10.168,107566.316597309
0.1141132012423222,10.17,107566.334123765
0.10772950587177967,10.172,107566.352688781
0.10583454191624529,10.174,107566.371586203
0.09467030775505335,10.176,107566.392712151
0.11630790330918467,10.178,107566.409907887
0.10754156176701157,10.18,107566.428505348
0.10930806843246661,10.182,107566.446802259
0.10504018521715772,10.184,107566.465842591
0.10912828054169892,10.186,107566.484169646
0.10871835310005107,10.188,107566.502565804
0.10790660268219404,10.19,107566.521100351
0.10714323983409021,10.192,107566.539766951
0.10436066331541749,10.194,107566.55893126
0.10872952971093044,10.196,107566.577325527
0.10652086662286255,10.198,107566.596101191
0.09278851379627573,10.2,107566.617655583
0.11434182015808869,10.202,107566.635146996
0.10402675069477754,10.204,107566.65437282
0.10517317400543685,10.206,107566.673389076
0.10545536971471382,10.208,107566.692354445
0.10032778592227914,10.21,107566.712289102
0.10466242858983153,10.212,107566.731398156
0.10370116186307245,10.214,107566.750684343
0.10076010904819724,10.216,107566.770533468
0.10087989464057481,10.218,107566.790359024
0.11606482899032582,10.22,107566.807590773
0.1121526163533696,10.222,107566.825423616
0.09874829133640674,10.224,107566.845677131
0.10453889594189641,10.226,107566.864808766
0.10072612455951302,10.228,107566.884664588
0.09662871120628064,10.23,107566.90536237
0.099989486089446,10.232,107566.925364473
0.10142400832700836,10.234,107566.94508367
0.1038731060875023,10.236,107566.964337932
0.10529365431876636,10.238,107566.983332429
0.10498558153453662,10.24,107567.002382664
0.10380352192869413,10.242,107567.021649833
0.10034772992615469,10.244,107567.041580528
0.10205168801281454,10.246,107567.06117844
0.10384766497829596,10.248,107567.080437419
0.09392344431606457,10.25,107567.101731357
0.09546163915323007,10.252,107567.122682181
0.1037931087506716,10.254,107567.141951283
0.10437044454798955,10.256,107567.161113796
0.09893537617700023,10.258,107567.181329012
0.09846295391236051,10.26,107567.20164122
0.10635041179298696,10.262,107567.220446977
0.101975479120734,10.264,107567.240059535
0.10252999949959242,10.266,107567.259566021
0.10397892516949339,10.268,107567.278800688
0.10621950238727508,10.27,107567.297629622
0.10374727375677963,10.272,107567.316907237
0.10435002920399167,10.274000000000001,107567.336073499
0.10791995401099037,10.276,107567.354605753
0.10503549625892979,10.278,107567.373646935
0.10253257506081458,10.28,107567.393152931
0.1048792171756583,10.282,107567.412222486
0.10543765172019079,10.284,107567.431191042
0.10425196861678715,10.286,107567.450375332
0.10244217014555795,10.288,107567.469898542
0.10812242701538317,10.29,107567.488396092
0.10309629089114658,10.292,107567.507795432
0.10538695428457154,10.294,107567.526773113
0.10607396494638571,10.296,107567.545627881
0.10846364018011748,10.298,107567.56406724
0.10995971078164958,10.3,107567.58225572
0.09971610821991564,10.302,107567.60231266
0.10812728462928231,10.304,107567.620809379
0.10562844329283992,10.306,107567.639743673
0.10452581085566132,10.308,107567.658877703
0.10958202782699548,10.31,107567.677128871
0.10938119887641401,10.312,107567.695413549
0.10831766471683,10.314,107567.713877758
0.10713440113042207,10.316,107567.732545898
0.1071946129990929,10.318,107567.751203552
0.0996156231694219,10.32,107567.771280724
0.10523179879133913,10.322,107567.790286386
0.10367997560717328,10.324,107567.809576514
0.10825679446330422,10.326,107567.828051105
0.1069489377154586,10.328,107567.846751618
0.10000088998271671,10.33,107567.86675144
0.10127250421057488,10.332,107567.886500137
0.10542712485385544,10.334,107567.905470587
0.10966858534880003,10.336,107567.92370735
0.11000606354767622,10.338,107567.941888166
0.1071097812356196,10.34,107567.960560597
0.10959970676755225,10.342,107567.978808821
0.10426139254752176,10.344,107567.997991377
0.10167663756596301,10.346,107568.017661579
0.0918376825746787,10.348,107568.039439132
0.08318719076783695,10.35,107568.063481295
0.09973319872503247,10.352,107568.083534798
0.10170898562336747,10.354,107568.103198744
0.09851284995519,10.356,107568.123500664
0.11276539830421661,10.358,107568.141236601
0.10647617935607694,10.36,107568.160020145
0.1058535533512336,10.362,107568.178914173
0.09913994116881589,10.364,107568.199087677
0.11627420925105772,10.366,107568.216288396
0.11086145728958725,10.368,107568.234328931
0.10956476274475875,10.37,107568.252582975
0.09831087172253923,10.372,107568.272926605
0.10291313116576115,10.374,107568.292360471
0.10560853110729065,10.376,107568.311298335
0.10482739046592711,10.378,107568.330377318
0.08397308927206093,10.38,107568.354194472
0.08552365839513852,10.382,107568.377579814
0.08887665946402373,10.384,107568.40008291
0.08742541083373255,10.386,107568.422959554
0.0874331043770129,10.388,107568.445834185
0.08776998923660322,10.39,107568.468621017
0.08747134000432831,10.392,107568.491485649
0.08644878549431792,10.394,107568.514620734
0.0877594866751497,10.396,107568.537410293
0.0864578105830181,10.398,107568.560542963
0.08675263042447945,10.4,107568.583597019
0.0862973673929441,10.402,107568.606772697
0.08770797318626991,10.404,107568.629575641
0.08773145751974727,10.406,107568.652372481
0.086209694624278,10.408,107568.675571728
0.0908738608021513,10.41,107568.697580257
0.08676528723866797,10.412,107568.72063095
0.08373654576654102,10.414,107568.744515384
0.09170212251993262,10.416,107568.76632513
0.10424241617084491,10.418,107568.785511178
0.10882712596190959,10.42,107568.803888949
0.1116299422602608,10.422,107568.821805289
0.10756316979683508,10.424,107568.840399014
0.11013726523910372,10.426,107568.858558172
0.10469938476511285,10.428,107568.877660481
0.10371819354210703,10.43,107568.896943501
0.11595441759343296,10.432,107568.914191658
0.10929275889126848,10.434,107568.932491132
0.10277679781947335,10.436,107568.951950777
0.11736100862708174,10.438,107568.968992212
0.11086200420588821,10.44,107568.987032658
0.08951830600153608,10.442,107569.009374457
0.10105485095631303,10.444,107569.029165689
0.10513125688941799,10.446,107569.048189527
0.10033500354281909,10.448,107569.06812275
0.10797178353083856,10.45,107569.086646108
0.10422917699485526,10.452,107569.105834593
0.10873353163539,10.454,107569.124228183
0.10540176128000468,10.456,107569.143203198
0.10393300682667185,10.458,107569.162446363
0.10410939024791045,10.46,107569.181656926
0.09743511794329307,10.462,107569.202183406
0.10593591228545571,10.464,107569.221062745
0.10877819944682843,10.466,107569.239448782
0.09649876427774712,10.468,107569.260174436
0.12737242278307884,10.47,107569.275876422
0.10736657078111318,10.472,107569.294504194
0.10934158762534239,10.474,107569.312795496
0.10803810525435018,10.475999999999999,107569.331307483
0.10884094292947026,10.478,107569.349682921
0.10200136368493548,10.48,107569.369290502
0.10733425715890825,10.482,107569.387923882
0.1028807007733712,10.484,107569.407363874
0.10231974198454633,10.486,107569.426910444
0.10859620995102733,10.488,107569.445327293
0.11023085646809559,10.49,107569.463471033
0.10935947604461235,10.492,107569.481759343
0.10693379586239403,10.494,107569.500462504
0.10184466145074413,10.496,107569.520100254
0.08942030781735143,10.498,107569.542466538
0.09416104972297037,10.5,107569.563706743
0.1030211041958329,10.502,107569.583120241
0.10013310699090469,10.504,107569.603093655
0.10259203916025124,10.506,107569.622588345
0.08469743850208067,10.508,107569.64620181
0.09743050429406802,10.51,107569.666729262
0.1141284778006221,10.512,107569.684253372
0.0987579265089779,10.514,107569.704504911
0.09946882653928711,10.516,107569.724611713
0.09701169069798037,10.518,107569.745227785
0.10294637677967934,10.52,107569.764655375
0.10926255857844842,10.522,107569.782959907
0.10536013913467779,10.524000000000001,107569.801942418
0.1084846554026752,10.526,107569.820378205
0.10824826327755663,10.528,107569.838854252
0.1026792296536758,10.53,107569.858332388
0.11653404898382226,10.532,107569.875494754
0.11076592752105122,10.534,107569.893550848
0.10424696397570735,10.536,107569.912736059
0.08621883341767152,10.538,107569.935932847
0.09719025876563442,10.54,107569.956511041
0.09681385131449075,10.542,107569.977169242
0.09774278200224919,10.544,107569.997631111
0.09689138048450786,10.546,107570.018272782
0.0896684384045272,10.548,107570.040577174
0.08473619039973238,10.55,107570.06417984
0.09297828029770788,10.552,107570.08569024
0.10363463774240754,10.554,107570.104988807
0.09903038361772354,10.556000000000001,107570.125184629
0.11597671441889863,10.558,107570.14242947
0.10382082974213694,10.56,107570.161693427
0.10518223950285584,10.562,107570.180708044
0.08830042736617319,10.564,107570.203357991
0.09840126480556687,10.566,107570.223682933
0.10253485127264306,10.568,107570.243188496
0.10570892127138996,10.57,107570.262108375
0.10940524626550545,10.572,107570.280389034
0.1067083768167425,10.574,107570.299131705
0.08473968011400591,10.576,107570.322733399
0.09321874636801651,10.578,107570.344188311
0.10206262446657142,10.58,107570.363784123
0.105364018918942,10.582,107570.382765935
0.10849966879081108,10.584,107570.401199171
0.10204114952057074,10.586,107570.420799107
0.10530487529130274,10.588,107570.43979158
0.10616603293431673,10.59,107570.458629997
0.11015411053463917,10.592,107570.476786378
0.07811718829453936,10.594,107570.502388938
0.08601157608230475,10.596,107570.525641622
0.08724640361815286,10.598,107570.548565203
0.09958663087088669,10.6,107570.56864822
0.1016205686288064,10.602,107570.588329275
0.09840420843631505,10.604,107570.608653609
0.096202321967287,10.606,107570.629443128
0.10040673260354283,10.608,107570.649362111
0.1013583488507828,10.61,107570.669094082
0.10067021189120888,10.612,107570.688960932
0.10585006313575819,10.614,107570.707855583
0.10326819034160277,10.616,107570.727222631
0.09292953531202026,10.618,107570.748744314
0.10357864210700578,10.62,107570.768053314
0.1082813171711411,10.622,107570.786523721
0.10852579754171633,10.624,107570.804952519
0.10339192192982918,10.626,107570.82429639
0.10824641774229342,10.628,107570.842772752
0.10497497395746588,10.63,107570.861824912
0.08693445931346747,10.632,107570.884830749
0.09718840739789103,10.634,107570.905409335
0.10153206812986314,10.636,107570.925107545
0.10717709260234314,10.638,107570.943768249
0.10646238381671037,10.64,107570.962554227
0.10944682018498499,10.642,107570.980827942
0.1012733913377016,10.644,107571.000576466
0.10348410813798928,10.646,107571.019903105
0.10820331532563987,10.648,107571.038386827
0.10649728203255873,10.65,107571.057166649
0.10811162029263913,10.652,107571.075666048
0.10141914795109469,10.654,107571.09538619
0.10823391107595899,10.656,107571.113864687
0.0951048578255478,10.658,107571.134894107
0.1205500093887419,10.66,107571.151484732
0.09388168814845567,10.662,107571.172788141
0.11935000083657991,10.664,107571.189545577
0.10579863817244231,10.666,107571.208449412
0.10402137809989677,10.668,107571.227676229
0.10111440203151349,10.67,107571.247455805
0.10116458136914497,10.672,107571.26722557
0.10249716929727,10.674,107571.286738304
0.09351017850602099,10.676,107571.30812635
0.09318360967615034,10.678,107571.329589352
0.08272754366505973,10.68,107571.353765097
0.07861173251614277,10.682,107571.379206592
0.08203298407979463,10.684,107571.403587029
0.0829889774606802,10.686,107571.427686615
0.08494796408190144,10.688,107571.45123044
0.08585362366047726,10.69,107571.474525904
0.08521813119356286,10.692,107571.497995088
0.08805417443630685,10.693999999999999,107571.520708378
0.08695784501682886,10.696,107571.543708028
0.08756425958684973,10.698,107571.566548397
0.08469517167225403,10.7,107571.590162494
0.08655633789974493,10.702,107571.613268832
0.08632837772410396,10.704,107571.636436185
0.08622973628629864,10.706,107571.65963004
0.07957708281678261,10.708,107571.684762904
0.07996409609883273,10.71,107571.709774129
0.0847834842014964,10.712,107571.733363629
0.08873089267103476,10.714,107571.755903693
0.09385582687634529,10.716,107571.777212972
0.07717606002942393,10.718,107571.803127744
0.12975681172703665,10.72,107571.818541193
0.09778456361517839,10.722,107571.838994319
0.10477467626987293,10.724,107571.858082901
0.0847557897626665,10.725999999999999,107571.881680109
0.08843438334701498,10.728,107571.904295747
0.10093090082941487,10.73,107571.924111284
0.10289622517736102,10.732,107571.943548343
0.10094722310238237,10.734,107571.963360676
0.09936815763402024,10.736,107571.983487848
0.09957049772999259,10.738,107572.003574119
0.09737429246367689,10.74,107572.024113421
0.09286907585919224,10.742,107572.045649115
0.08869483636931905,10.744,107572.068198342
0.10678514984055427,10.746,107572.086927538
0.1060534401658913,10.748,107572.105785955
0.1036016437979618,10.75,107572.125090668
0.09722554747652651,10.752,107572.145661393
0.08344078073389126,10.754,107572.169630488
0.10354640751207807,10.756,107572.188945499
0.10356397827965912,10.758,107572.208257233
0.10555285599514336,10.76,107572.227205086
0.10728902885804185,10.762,107572.245846321
0.10272626258668466,10.764,107572.265315539
0.10978208308801521,10.766,107572.283533448
0.10585522288586173,10.768,107572.302427178
0.11201223083764844,10.77,107572.320282371
0.101749899849023,10.772,107572.33993841
0.10581072282885814,10.774000000000001,107572.358840086
0.10717250952539879,10.776,107572.377501588
0.10426185445188112,10.778,107572.396684059
0.10516601768860422,10.78,107572.415701609
0.11232332950724658,10.782,107572.433507349
0.1110498917391021,10.784,107572.451517272
0.10829854960986847,10.786,107572.46998474
0.10125396458688109,10.788,107572.489737053
0.11012557887645943,10.79,107572.507898138
0.10940631164344801,10.792,107572.526178619
0.10415812240680869,10.794,107572.545380194
0.0851101568309343,10.796,107572.568879152
0.08451072619795158,10.798,107572.592544787
0.08452463763613773,10.8,107572.616206527
0.08602654116135215,10.802,107572.639455166
0.0863150247292519,10.804,107572.662626103
0.08748506081883162,10.806000000000001,107572.685487149
0.08732715339231419,10.808,107572.708389533
0.08497158552225735,10.81,107572.731926813
0.0699614449344796,10.812,107572.760513987
0.08577119737192224,10.814,107572.783831838
0.08595847654114515,10.816,107572.807098886
0.08139220056978197,10.818,107572.831671265
0.09027189850785446,10.82,107572.853826554
0.08834891210887444,10.822,107572.876464071
0.10824632404769745,10.824,107572.894940449
0.10675456978617805,10.826,107572.91367501
0.10933477338545285,10.828,107572.931967452
0.10823433273407794,10.83,107572.950445877
0.10676466808137292,10.832,107572.969178666
0.10334271308328426,10.834,107572.988531748
0.09962254010189027,10.836,107573.008607526
0.09678552996178454,10.838,107573.029271772
0.11168936415859997,10.84,107573.04717858
0.10407465822169545,10.842,107573.066395554
0.09908364961822036,10.844,107573.086580519
0.11567380657905398,10.846,107573.103870518
0.10311493192526103,10.848,107573.123266351
0.08051394303586124,10.85,107573.148106769
0.08114168295994852,10.852,107573.172755013
0.08256787069038374,10.854,107573.19697751
0.1090026011269287,10.856,107573.215325696
0.10098241752457125,10.858,107573.235131124
0.10499031576278335,10.86,107573.2541805
0.10413899927233827,10.862,107573.273385601
0.10424974070546422,10.864,107573.292570301
0.10476817241317454,10.866,107573.311660068
0.10550712923030571,10.868,107573.330616133
0.10469779527672642,10.87,107573.349718732
0.10963126567309861,10.872,107573.367961703
0.10563624840408299,10.874,107573.386894598
0.10923761324966248,10.876,107573.40520331
0.08580917474314893,10.878,107573.428510841
0.08728541318688005,10.88,107573.451424177
0.09121446447193138,10.882,107573.473350524
0.10293144638507681,10.884,107573.492780932
0.10132471945158096,10.886,107573.512519452
0.10386207489635879,10.888,107573.531775759
0.10217780754368551,10.89,107573.551349481
0.10057199820828262,10.892,107573.571235732
0.10515171368817386,10.894,107573.590255869
0.10219662968061816,10.896,107573.609825986
0.10393684713985409,10.898,107573.62906844
0.10766615889176698,10.9,107573.647644379
0.08418411200090702,10.902,107573.671401831
0.08097123704198242,10.904,107573.69610196
0.08091187355730704,10.906,107573.720820211
0.09354951757215339,10.908,107573.742199263
0.10421865113931049,10.91,107573.761389686
0.09859497721169357,10.912,107573.781674695
0.10186858565689312,10.914,107573.801307833
0.09717312685733816,10.916,107573.821889655
0.10060405691226827,10.918,107573.841769569
0.08129602780297877,10.92,107573.866371017
0.11115762432505037,10.922,107573.884363485
0.10149937412311151,10.924,107573.90406804
0.09982965068570465,10.926,107573.924102168
0.11113556714611539,10.928,107573.942098207
0.10284639216129288,10.93,107573.961544684
0.0994341006780872,10.932,107573.981658508
0.1059899645586292,10.934,107574.000528219
0.10777496110634097,10.936,107574.019085405
0.09818752217526486,10.938,107574.039454592
0.10912178457442456,10.94,107574.057782738
0.10527248839269365,10.942,107574.076781054
0.0975642547460307,10.943999999999999,107574.097280365
0.09044872741912682,10.946,107574.11939234
0.10628235530558114,10.948,107574.138210139
0.10886350911271922,10.95,107574.156581768
0.10207379235778043,10.952,107574.176175436
0.1087503760988739,10.954,107574.194566177
0.10504484151631618,10.956,107574.213605665
0.09534837699276948,10.958,107574.234581376
0.10107570838243964,10.96,107574.254368524
0.11114862992227573,10.962,107574.272362448
0.10111853272057589,10.964,107574.292141216
0.1043292083622588,10.966,107574.311311303
0.10354893258119652,10.968,107574.330625843
0.10524272967981418,10.97,107574.349629531
0.1026816072002665,10.972,107574.369107216
0.11563561137200955,10.974,107574.386402926
0.10781580486516454,10.975999999999999,107574.404953082
0.1028043643205826,10.978,107574.424407509
0.11629821833559156,10.98,107574.441604677
0.10907054664213597,10.982,107574.459941433
0.1025566080126547,10.984,107574.479442858
0.10511644306587867,10.986,107574.498469377
0.10553169716144795,10.988,107574.517421029
0.10520251144866084,10.99,107574.536431982
0.09678723950814067,10.992,107574.557095863
0.09375276130940864,10.994,107574.578428568
0.09206544966579418,10.996,107574.600152244
0.10775979349666986,10.998,107574.618712042
0.10703876197243756,11.0,107574.637396862
0.10812547247886733,11.002,107574.655893891
0.10613339028372397,11.004,107574.674738102
0.10399160324365468,11.006,107574.693970424
0.10700239172247036,11.008,107574.712661595
0.10648885015635784,11.01,107574.731442904
0.1092280379512798,11.012,107574.749753221
0.0852523858643522,11.014,107574.773212975
0.0989272184040683,11.016,107574.793429858
0.10607605218137917,11.018,107574.812284255
0.10380890434630438,11.02,107574.831550425
0.1044276433668817,11.022,107574.850702442
0.10266115682686047,11.024,107574.870184007
0.10153775886221156,11.026,107574.889881113
0.10240381697580335,11.028,107574.909411635
0.10291294583553437,11.03,107574.928845536
0.1006973239268797,11.032,107574.948707037
0.1070704908384768,11.034,107574.96738632
0.1074542288326857,11.036,107574.985998896
0.10786203683098614,11.038,107575.004541101
0.10457353396368303,11.04,107575.023666399
0.1050594587265552,11.042,107575.042703238
0.1014658105731166,11.044,107575.062414311
0.10962452344269835,11.046,107575.080658404
0.10117517492681302,11.048,107575.100426099
0.10813175099766552,11.05,107575.118922054
0.10530001842260515,11.052,107575.137915403
0.10605439625421995,11.054,107575.15677365
0.10749445996671837,11.056,107575.17537926
0.1103059634091032,11.058,107575.193510646
0.1021543744699203,11.06,107575.213088858
0.10916601529436085,11.062,107575.231409578
0.10072206646515384,11.064,107575.2512662
0.1160707766340325,11.066,107575.268497066
0.10592603186823411,11.068,107575.287378166
0.10493308261774015,11.07,107575.306437932
0.10739705251837033,11.072,107575.325060417
0.10846116973595377,11.074,107575.343500196
0.10272181478568515,11.076,107575.362970257
0.10710284662583891,11.078,107575.381643897
0.1048193143040467,11.08,107575.40072435
0.10691846391482177,11.082,107575.419430193
0.10668535225361632,11.084,107575.438176909
0.10591372456456422,11.086,107575.457060203
0.1089682326188166,11.088,107575.475414176
0.10777522250712351,11.09,107575.493971317
0.08836290577646884,11.092,107575.516605249
0.09073605312167615,11.094,107575.538647204
0.11934312107498271,11.096,107575.555405606
0.10790156122771147,11.098,107575.573941019
0.10645191197619233,11.1,107575.592728845
0.09811238155305817,11.102,107575.613113632
0.11496931530759666,11.104,107575.630509578
0.10660608596707312,11.106,107575.649270233
0.10734341685428293,11.108,107575.667902023
0.10818402987605638,11.11,107575.68638904
0.10395018496160154,11.112,107575.705629025
0.1022494417381216,11.114,107575.725189034
0.10198894764423388,11.116,107575.744799002
0.10545240613440092,11.118,107575.763764904
0.1028404533030419,11.12,107575.783212504
0.09920150722539463,11.122,107575.803373488
0.10191421390259921,11.124,107575.822997836
0.10142940400128292,11.126,107575.842715984
0.09869668560135483,11.128,107575.862980089
0.10300152103097038,11.13,107575.882397278
0.10897687170770234,11.132,107575.900749796
0.1062824343712403,11.134,107575.919567581
0.10463863595830336,11.136,107575.93868098
0.10837047014642089,11.138,107575.957136192
0.10271251949478578,11.14,107575.976608015
0.10471439935189752,11.142,107575.995707585
0.10501391563947556,11.144,107576.01475268
0.10609670381837001,11.146,107576.033603407
0.10765906510794504,11.148,107576.05218057
0.10542061745433637,11.15,107576.071152191
0.1031372654238847,11.152,107576.090543824
0.10483816056455887,11.154,107576.109620847
0.10941030962987673,11.156,107576.12790066
0.10924913561064352,11.158,107576.146207441
0.10754389212301925,11.16,107576.164804499
0.10094204163200386,11.162,107576.184617849
0.11682520037219227,11.164,107576.201737443
0.10958376304860387,11.166,107576.219988322
0.10642258721015983,11.168,107576.238781325
0.10806711269472372,11.17,107576.257288343
0.11239237166561264,11.172,107576.275083145
0.1045783786332369,11.174,107576.294207557
0.111259333284998,11.176,107576.312183577
0.08895356801202509,11.178,107576.334667217
0.09076813626879164,11.18,107576.356701381
0.1026495964664904,11.182,107576.37618514
0.0943783756981445,11.184,107576.397376435
0.08440727876974323,11.186,107576.421071074
0.09252908168770946,11.188,107576.4426859
0.09003255033725453,11.19,107576.464900088
0.0948921500814557,11.192,107576.485976647
0.08851669388388693,11.194,107576.508571255
0.08748167809916152,11.196,107576.531433185
0.08705549248181794,11.198,107576.554407037
0.08554147237067877,11.2,107576.577787509
0.08434874817403248,11.202,107576.60149859
0.09373482961316468,11.204,107576.622835376
0.10295151697640358,11.206,107576.642261996
0.09851675154070283,11.208,107576.662563112
0.10294837983543531,11.21,107576.681990324
0.10107937099390842,11.212,107576.701776755
0.10368561938623723,11.214,107576.721065833
0.09961542468832982,11.216,107576.741143045
0.10256153593090586,11.218,107576.760643533
0.10804621805880653,11.22,107576.77915413
0.10836133391884838,11.222,107576.797610898
0.10795387404058761,11.224,107576.816137329
0.10500499489739064,11.226,107576.835184042
0.1013144690999119,11.228,107576.854924559
0.10523416306877154,11.23,107576.873929794
0.10175173759122454,11.232,107576.893585478
0.1041520257283697,11.234,107576.912788177
0.10638863202433885,11.236,107576.931587178
0.10327855177155489,11.238,107576.950952283
0.08407092967382776,11.24,107576.974741719
0.08564571774263434,11.242,107576.998093733
0.08883750130388081,11.244,107577.020606748
0.0865689600179983,11.246,107577.043709717
0.08542906861478455,11.248,107577.067120952
0.0867807341206978,11.25,107577.090167542
0.0863353315200656,11.252,107577.113333029
0.09700284961021582,11.254,107577.13395098
0.10719060868477161,11.256,107577.152609331
0.10651466026853906,11.258,107577.171386089
0.10674761269293451,11.26,107577.190121871
0.1030639893578226,11.262,107577.209527291
0.11749959678405483,11.264,107577.226548626
0.10447887348953988,11.266,107577.245691252
0.10671044924148154,11.268,107577.264433559
0.10378937067586816,11.27,107577.283703355
0.10565755534852211,11.272,107577.302632432
0.09103026456327498,11.274000000000001,107577.324603147
0.10681078438460187,11.276,107577.343327848
0.10644676182747573,11.278,107577.362116583
0.11127304425958613,11.28,107577.380090388
0.10253866775141468,11.282,107577.399595225
0.10812285954367776,11.284,107577.418092701
0.10248399164180597,11.286,107577.437607944
0.1173858890587114,11.288,107577.454645767
0.10673237395227199,11.29,107577.473384224
0.09917395037702537,11.292,107577.49355081
0.10234084207274739,11.294,107577.51309335
0.10524845082422113,11.296,107577.532096005
0.1050466511931908,11.298,107577.551135165
0.08421639134662753,11.3,107577.574883511
0.08532135649422688,11.302,107577.598324301
0.085083790508019,11.304,107577.621830541
0.08327881347423059,11.306,107577.645846253
0.08693301203298033,11.308,107577.668852473
0.08592151119967475,11.31,107577.692129531
0.09149652354262842,11.312,107577.713988285
0.10582643865605189,11.314,107577.732887154
0.1258804312578866,11.316,107577.748775247
0.15047911432574718,11.318,107577.762066128
0.16119755593281215,11.32,107577.774473264
0.16392402646980966,11.322,107577.786674038
0.1565694874153296,11.324,107577.799447919
0.17578673113080948,11.326,107577.810825342
0.1744047436602918,11.328,107577.82229292
0.18394385380544828,11.33,107577.833165803
0.16802328651291137,11.332,107577.845068915
0.17097063893402745,11.334,107577.85676683
0.1746842210055271,11.336,107577.868216061
0.1764916790505195,11.338,107577.87954804
0.1753448178744688,11.34,107577.890954137
0.17677492179842602,11.342,107577.902267959
0.17442769616528556,11.344,107577.913734028
0.17766165802449257,11.346,107577.924991381
0.19834170478179083,11.348,107577.935074989
0.20236794781560516,11.35,107577.944957977
0.22320890477146188,11.352,107577.953918193
0.21153645802117346,11.354,107577.963372828
0.21443604941589992,11.356,107577.972699618
0.2158216007702759,11.358,107577.981966531
0.20799542762507045,11.36,107577.991582127
0.20779704361436568,11.362,107578.001206903
0.21318822902329684,11.364,107578.010588284
0.2139755339842984,11.366,107578.019935147
0.2110680049766693,11.368,107578.029410766
0.20447938667750656,11.37,107578.039191703
0.20279596840912584,11.372,107578.049053832
0.20619521770305446,11.374,107578.058753378
0.2028248843777551,11.376,107578.068614101
0.21153632355600954,11.378,107578.078068742
0.21066138321122166,11.38,107578.087562651
0.19987929268561774,11.382,107578.09756869
0.20742162906992365,11.384,107578.107210886
0.205050243752385,11.386,107578.116964593
0.21460305103850275,11.388,107578.126284125
0.21692432764653014,11.39,107578.13550393
0.20357100185651802,11.392,107578.145328512
0.20591632594109055,11.394,107578.155041195
0.22423565921939614,11.396,107578.163960383
0.20594847140487144,11.398,107578.17367155
0.20047890415209427,11.4,107578.183647662
0.2251666767025142,11.402,107578.192529971
0.18460286567190937,11.404,107578.203364039
0.2606880470542737,11.406,107578.211036044
0.21242641398385884,11.408,107578.220451069
0.21737800177189712,11.41,107578.229651632
0.18562799410759248,11.412,107578.240425869
0.185643328739311,11.414,107578.251199216
0.17505544009670254,11.416,107578.262624168
0.18253174824134963,11.418,107578.273581166
0.19572968697853227,11.42,107578.28379934
0.2088329226455341,11.422,107578.293376374
0.21051182356061587,11.424,107578.302877028
0.22064578180866332,11.426,107578.31194133
0.20542996589380103,11.428,107578.321677008
0.19575968847617098,11.43,107578.331893616
0.21381291292697294,11.432,107578.341247588
0.20956852154115233,11.434,107578.350791006
0.21916035728903,11.436,107578.359916744
0.19356478394996066,11.438,107578.370249202
0.21679279127930196,11.44,107578.379474601
0.2109762281846089,11.442,107578.388954342
0.2022874050216987,11.444,107578.398841265
0.21709011553697502,11.446,107578.408054029
0.2110893910986706,11.448,107578.417528688
0.2097718658670866,11.45,107578.427062855
0.19887670455255627,11.452,107578.437119337
0.22204532621014003,11.454,107578.446126507
0.1972349825274849,11.456,107578.456266696
0.23958534495219172,11.458,107578.464614452
0.21063353921873246,11.46,107578.474109616
0.2089936444675353,11.462,107578.483679285
0.21238953082994105,11.464,107578.493095945
0.21645684617281155,11.466,107578.502335662
0.21188180166947682,11.468,107578.511774887
0.1942902938718004,11.47,107578.522068762
0.2361248046057068,11.472,107578.530538859
0.21001108150313866,11.474,107578.540062166
0.21282174375668952,11.475999999999999,107578.549459702
0.2024224091714844,11.478,107578.559340031
0.2209740870008743,11.48,107578.568390866
0.19222893382672185,11.482,107578.578795127
0.19154849717575087,11.484,107578.589236347
0.2215295487023114,11.486,107578.598264488
0.173899343302447,11.488,107578.609765394
0.16539434295106664,11.49,107578.621857706
0.16695457983568587,11.492,107578.633837012
0.1833866545325313,11.494,107578.644742931
0.2156188937407158,11.496,107578.654018556
0.21405021327301438,11.498,107578.663362158
0.2199630064859171,11.5,107578.672454596
0.18723083817181527,11.502,107578.683136597
0.2030363065080574,11.504,107578.692987052
0.23867271237964516,11.506,107578.701366728
0.205501416594108,11.508,107578.711099021
0.22141854697880267,11.51,107578.720131688
0.21441958854434454,11.512,107578.729459194
0.2041445007151905,11.514,107578.739256176
0.25154957700052755,11.516,107578.747206895
0.19888934227476127,11.518,107578.757262738
0.23825506767295268,11.52,107578.765657103
0.2211239728831437,11.522,107578.774701803
0.21447928210885286,11.524000000000001,107578.784026713
0.21758270591852868,11.526,107578.79321862
0.2127163312224929,11.528,107578.802620813
0.22483513135342326,11.53,107578.81151622
0.20497874932114762,11.532,107578.821273329
0.22252700991862748,11.534,107578.830261002
0.20895314053758088,11.536,107578.839832526
0.2184223290537989,11.538,107578.848989099
0.2149283884822481,11.54,107578.858294524
0.19758439261414643,11.542,107578.868416781
0.20495240856255198,11.544,107578.878175144
0.21180714688514118,11.546,107578.887617696
0.22796470400131177,11.548,107578.896390984
0.21386666538701396,11.55,107578.905742605
0.20511909564750266,11.552,107578.915493038
0.2198755637088624,11.554,107578.924589092
0.23864357852112592,11.556000000000001,107578.932969791
0.22462637345049127,11.558,107578.941873465
0.21428016598552094,11.56,107578.95120704
0.22340190822625214,11.562,107578.960159515
0.21157962600160046,11.564,107578.969612221
0.22110089689052956,11.566,107578.978657865
0.22481117246611498,11.568,107578.98755422
0.2051871516901176,11.57,107578.997301419
0.15881945057292002,11.572,107579.009894335
0.16345912205834973,11.574,107579.02212981
0.17208182344172301,11.576,107579.033752188
0.16468038783936195,11.578,107579.045896925
0.17255896572024618,11.58,107579.057487166
0.17666661543678763,11.582,107579.068807924
0.18203326240554552,11.584,107579.079794927
0.17368097547728265,11.586,107579.091310293
0.19211129559507129,11.588,107579.101720925
0.17830096820542984,11.59,107579.112937914
0.17614642712857356,11.592,107579.124292104
0.17991495949407013,11.594,107579.135408467
0.18143253875376644,11.596,107579.146431848
0.1840943409028249,11.598,107579.157295843
0.18097939180496297,11.6,107579.168346825
0.1893857972328332,11.602,107579.178907279
0.18060336149215822,11.604,107579.18998127
0.17922224525956343,11.606,107579.201140599
0.18137217114702656,11.608,107579.212167649
0.17820664597018404,11.61,107579.223390575
0.19094318309653863,11.612,107579.233864895
0.20355598043292855,11.614,107579.243690202
0.2000904409738842,11.616,107579.253685682
0.2015376922030928,11.618,107579.263609384
0.20570580595202373,11.62,107579.273332007
0.2288991597858705,11.622,107579.282069479
0.21872593662698733,11.624,107579.291213342
0.2300735326098735,11.626,107579.299906215
0.22691927477025953,11.628,107579.308719922
0.23737066401404178,11.63,107579.317145563
0.2499378596210628,11.632,107579.325147552
0.2882371010813621,11.634,107579.332086284
0.2780215100591621,11.636,107579.339279972
0.270213927014509,11.638,107579.346681515
0.267591964317317,11.64,107579.354155581
0.2768374532405691,11.642,107579.361380037
0.2942758632320713,11.644,107579.368176381
0.30407512369428596,11.646,107579.374753703
0.30284400776817505,11.648,107579.381357763
0.2969834064812431,11.65,107579.388092146
0.308748845871501,11.652,107579.394569903
0.29317865636398766,11.654,107579.401391682
0.3044829632820567,11.656,107579.407960194
0.3156950811766648,11.658,107579.414295421
0.2945823507031945,11.66,107579.421084694
0.37800330705918767,11.662,107579.426375653
0.31851302792264613,11.664,107579.432654831
0.346337798830249,11.666,107579.43842954
0.32784482818179567,11.668,107579.444529987
0.3234839475895101,11.67,107579.450712674
0.3355298797639781,11.672,107579.456673395
0.33040495481948007,11.674,107579.462726573
0.3585911163771242,11.676,107579.468303956
0.33430834385553804,11.678,107579.474286457
0.355016750406055,11.68,107579.479919994
0.3824329433051892,11.682,107579.485149669
0.37711244212467016,11.684,107579.490453127
0.3511689712298539,11.686,107579.496148391
0.35327880745996937,11.688,107579.501809642
0.36453570584915634,11.69,107579.507296073
0.351052411681373,11.692,107579.512993228
0.3409820724951513,11.693999999999999,107579.518858639
0.44086549764560634,11.696,107579.52339517
0.3657835135788859,11.698,107579.528862885
0.36397075304282706,11.7,107579.534357832
0.40116273008402814,11.702,107579.53934334
0.4070988264275319,11.704,107579.544256152
0.3845578486080973,11.706,107579.54945693
0.37981806391613976,11.708,107579.554722609
0.38442590704973956,11.71,107579.559925172
0.3825503481297966,11.712,107579.565153242
0.38975163710771665,11.714,107579.570284715
0.3833379846290557,11.716,107579.575502043
0.3826502544281515,11.718,107579.580728748
0.3880402122155845,11.72,107579.585882853
0.35256150949601367,11.722,107579.591555622
0.41236764761561806,11.724,107579.596405663
0.38892315738985384,11.725999999999999,107579.601548067
0.4402306549194374,11.728,107579.60609114
0.385582752132847,11.73,107579.611278094
0.5213144628246298,11.732,107579.61511455
0.4354596541896352,11.734,107579.619707398
0.44304354040660515,11.736,107579.624221627
0.4284287317465459,11.738,107579.628889848
0.4508905757763483,11.74,107579.633325514
0.45380709034087463,11.742,107579.637732673
0.42918104950237285,11.744,107579.642392711
0.4500420683892065,11.746,107579.64683674
0.40906847506288496,11.748,107579.651725897
0.4545645662206573,11.75,107579.656125712
0.4368716153124079,11.752,107579.660703716
0.45871549156164443,11.754,107579.665063717
0.442150664333684,11.756,107579.669587062
0.4434201443018472,11.758,107579.674097457
0.43181482086165535,11.76,107579.678729072
0.4336041478718446,11.762,107579.683341574
0.434771927447122,11.764,107579.687941687
0.4461641593927815,11.766,107579.692424342
0.42954634623013,11.768,107579.697080417
0.44307180732198703,11.77,107579.701594358
0.44646414893049663,11.772,107579.706074001
0.41554530125767386,11.774000000000001,107579.710886954
0.4537949385033635,11.776,107579.715294231
0.3960130993280505,11.778,107579.720344569
0.5037086804169623,11.78,107579.724315118
0.42160142345812324,11.782,107579.729058935
0.44601938821207504,11.784,107579.733543045
0.4026752945698821,11.786,107579.738509826
0.4587357966662327,11.788,107579.742869634
0.47031467923012704,11.79,107579.747122106
0.4042484074319362,11.792,107579.752069559
0.4944037219158396,11.794,107579.756114836
0.41146430021376407,11.796,107579.760975525
0.4423338239102302,11.798,107579.765496997
0.4529425535283238,11.8,107579.769912568
0.4607455171730432,11.802,107579.774253359
0.4488075525274099,11.804,107579.778709612
0.4651362905296894,11.806000000000001,107579.783009427
0.4663819100370129,11.808,107579.787297758
0.46227714427467026,11.81,107579.791624167
0.4328679212026351,11.812,107579.796244514
0.4651911425254766,11.814,107579.800543822
0.4616280887220806,11.816,107579.804876314
0.4105979430413737,11.818,107579.809747259
0.5102459949497732,11.82,107579.813666937
0.45542131317634593,11.822,107579.818058475
0.4614187051638656,11.824,107579.822392933
0.46642041175532106,11.826,107579.82668091
0.45819697229017653,11.828,107579.831045845
0.46238412720649524,11.83,107579.835371253
0.4700457458543777,11.832,107579.839626158
0.4637646753733698,11.834,107579.84393869
0.4681469314858612,11.836,107579.848210853
0.4739190504716902,11.838,107579.852430983
0.44905473901995757,11.84,107579.856884783
0.3976753496084422,11.842,107579.861914011
0.4457687734031769,11.844,107579.866400642
0.45916728594211964,11.846,107579.870756353
0.4373085415346365,11.848,107579.875329783
0.4593104872034196,11.85,107579.879684136
0.46786110002323494,11.852,107579.883958909
0.48411286837887024,11.854,107579.888090177
0.4422583129679324,11.856,107579.892612421
0.4533447083964981,11.858,107579.897024075
0.4428508713304615,11.86,107579.901540268
0.49175196606232224,11.862,107579.905607359
0.4487210558253268,11.864,107579.910064471
0.46282604357712065,11.866,107579.914385749
0.4601892577959167,11.868,107579.918731787
0.47886195454828834,11.87,107579.922908356
0.42666257146965536,11.872,107579.927595901
0.43975663812899063,11.874,107579.932143871
0.4928698979523604,11.876,107579.936201737
0.4767415671228808,11.878,107579.940396882
0.44327302064735236,11.88,107579.944908774
0.474650124771783,11.882,107579.949122404
0.45297753348811515,11.884,107579.953537634
0.4755974517773553,11.886,107579.957742871
0.4055130313892664,11.888,107579.962674895
0.46442558105465864,11.89,107579.96698129
0.4992678226380995,11.892,107579.970987156
0.4193848049571817,11.894,107579.975756046
0.4830000877554511,11.896,107579.979896832
0.49500257696444255,11.898,107579.983937215
0.4414892143098534,11.9,107579.988467337
0.45789170611420255,11.902,107579.992835182
0.45936049156935527,11.904,107579.997189061
0.4790774889479701,11.906,107580.001363751
0.4700498339449237,11.908,107580.005618619
0.37494026791597374,11.91,107580.010952802
0.38141334599671706,11.912,107580.016196457
0.3857661541920682,11.914,107580.021380945
0.3917277289370257,11.916,107580.026486532
0.44604366004237944,11.918,107580.030970398
0.45382531631977974,11.92,107580.03537738
0.46645946601166094,11.922,107580.039664998
0.3996340943768683,11.924,107580.044669576
0.44847966575964976,11.926,107580.049129087
0.44603192186255,11.928,107580.053613071
0.4113502215372274,11.93,107580.058475108
0.4407156957762751,11.932,107580.063013181
0.4496937696650051,11.934,107580.067460652
0.43116782966336065,11.936,107580.072099217
0.39051127843189926,11.938,107580.077220708
0.3348574371416928,11.94,107580.083193399
0.3459773645657931,11.942,107580.088974124
0.3593709565966679,11.943999999999999,107580.094539404
0.35899018268269234,11.946,107580.100110587
0.35133374124396016,11.948,107580.10580318
0.3566128412392322,11.95,107580.111411503
0.3790675137126205,11.952,107580.116687608
0.42685398056432405,11.954,107580.121373051
0.4158006750620252,11.956,107580.126183048
0.39314087148205684,11.958,107580.131270283
0.43974339239342347,11.96,107580.13581839
0.42722992638090257,11.962,107580.14049971
0.3748766662934307,11.964,107580.145834798
0.3618734475103408,11.966,107580.151361592
0.377354289985065,11.968,107580.156661651
0.3814806400363652,11.97,107580.161904381
0.3724482180151237,11.972,107580.167274255
0.3733994698237203,11.974,107580.172630449
0.3530354782857352,11.975999999999999,107580.178295602
0.36759617669154526,11.978,107580.183736355
0.38819717571593937,11.98,107580.188888376
0.40392428560277693,11.982,107580.193839799
0.4285235566204667,11.984,107580.198506987
0.4358737146005496,11.986,107580.203095472
0.4238968456194172,11.988,107580.207813601
0.4083041711465772,11.99,107580.21271191
0.4315773030877713,11.992,107580.217346074
0.3808416827432889,11.994,107580.2225976
0.38540115843050043,11.996,107580.227786998
0.4227259141023808,11.998,107580.232518196
0.4283277108412336,12.0,107580.237187518
0.3756499915558626,12.002,107580.242511623
0.3689543378133247,12.004,107580.247932348
0.3569631643676103,12.006,107580.253535167
0.39968041454922765,12.008,107580.258539165
0.3712366582353902,12.01,107580.263926564
0.3763158119789165,12.012,107580.269241249
0.3795733369659782,12.014,107580.274510323
0.370754101083843,12.016,107580.279904734
0.38118472162850425,12.018,107580.285151534
0.3763150330170871,12.02,107580.29046623
0.3712900692769651,12.022,107580.295852854
0.3610490211865852,12.024,107580.301392268
0.4139251886747685,12.026,107580.306224059
0.37496986146434885,12.028,107580.311557821
0.39414994738463593,12.03,107580.316632032
0.4421578007772337,12.032,107580.321155304
0.3854691989928483,12.034,107580.326343786
0.3749679637769345,12.036,107580.331677575
0.3826476922675659,12.038,107580.336904315
0.38397444275235465,12.04,107580.342112995
0.37734254236266745,12.042,107580.347413219
0.38022922101698026,12.044,107580.352673204
0.3702657363110385,12.046,107580.35807473
0.3811039510120135,12.048,107580.363322642
0.3702408550992248,12.05,107580.368724531
0.3800542227685373,12.052,107580.373986938
0.37975178636334134,12.054,107580.379253536
0.37677867768862666,12.056,107580.384561692
0.3764396934555869,12.058,107580.389874628
0.3708704271941913,12.06,107580.395267347
0.38191218091478885,12.062,107580.400504153
0.3842994459031593,12.064,107580.405708428
0.3621977799253401,12.066,107580.411230273
0.3991404112165636,12.068,107580.416241041
0.3959848726059106,12.07,107580.421291739
0.3755839627605551,12.072,107580.42661678
0.38932426074006243,12.074,107580.431753886
0.37394577681294255,12.076,107580.437102255
0.3787822834381001,12.078,107580.442382333
0.3752109389280958,12.08,107580.447712668
0.387379861361278,12.082,107580.452875559
0.3663447172185048,12.084,107580.458334898
0.3784245760197803,12.086,107580.463619967
0.3660010636638688,12.088,107580.469084432
0.3792720973799505,12.09,107580.474357691
0.37513591642139027,12.092,107580.479689092
0.3804309371781113,12.094,107580.484946288
0.3764280738471556,12.096,107580.490259388
0.38469720598328144,12.098,107580.495458282
0.3770877703269191,12.1,107580.500762087
0.3573066437936485,12.102,107580.50635952
0.375882407618787,12.104,107580.511680333
0.41253955297969214,12.106,107580.516528353
0.3847243643698396,12.108,107580.52172688
0.3696224326291932,12.11,107580.527137807
0.37045886912710846,12.112,107580.532536517
0.39396469771395426,12.114,107580.537613114
0.3835598571131641,12.116,107580.542827424
0.33954381622744206,12.118,107580.54871768
0.39967777964671425,12.12,107580.553721711
0.3914720164635457,12.122,107580.558830633
0.3698272719984212,12.124,107580.564238563
0.385406060672332,12.126,107580.569427895
0.3691134023597819,12.128,107580.574846284
0.3748501064688392,12.13,107580.58018175
0.38703270140317947,12.132,107580.585349272
0.38369790389785097,12.134,107580.590561706
0.38455954977651147,12.136,107580.595762461
0.38264103081061873,12.138,107580.600989292
0.35756497560927525,12.14,107580.606582681
0.36153309473981604,12.142,107580.612114678
0.3797070148309399,12.144,107580.617381897
0.40153071508124066,12.146,107580.622362836
0.4034568183678609,12.148,107580.627319996
0.3900393318158933,12.15,107580.632447684
0.40704977633511813,12.152,107580.637361088
0.4121277658939514,12.154,107580.642213952
0.41354115645355927,12.156,107580.64705023
0.38118842824134586,12.158,107580.652296979
0.407534082401089,12.16,107580.657204544
0.4151309417413954,12.162,107580.662022301
0.3860025443219024,12.164,107580.667203614
0.4116522269015416,12.166,107580.672062084
0.40536911431189276,12.168,107580.676995859
0.39054086642630004,12.17,107580.682116962
0.41477210847474716,12.172,107580.686938887
0.40108590010981104,12.174,107580.69192535
0.385586989379079,12.176,107580.697112247
0.4362177643465769,12.178,107580.701697113
0.4027262154886295,12.18,107580.706663266
0.3966723950881075,12.182,107580.71170521
0.41300656734100766,12.184,107580.716547748
0.38846409294822043,12.186,107580.721696229
0.42620704519422375,12.188,107580.726388784
0.45134388656297914,12.19,107580.730819995
0.45883662001227715,12.192,107580.735178845
0.43017755817842374,12.194,107580.739828088
0.4291706430628463,12.196,107580.744488239
0.4638514744910691,12.198,107580.748799964
0.4325840467942789,12.2,107580.753423343
0.40889134293275914,12.202,107580.758314618
0.4615838739584247,12.204,107580.762647525
0.356610170833877,12.206,107580.76825589
0.3922680050217477,12.208,107580.773354445
0.41143467535115935,12.21,107580.778215484
0.3954612905978176,12.212,107580.783272869
0.38447793325347324,12.214,107580.788474728
0.45199915883553854,12.216,107580.792899515
0.4801374339312407,12.218,107580.797064989
0.4136866584384993,12.22,107580.801899566
0.4354815567163544,12.222,107580.806492183
0.44613340537583324,12.224,107580.810975147
0.47470127068193374,12.226,107580.815188323
0.45387094088104296,12.228,107580.819594862
0.46094515347476206,12.23,107580.823933773
0.46338097230537495,12.232,107580.828249876
0.4583840035573254,12.234,107580.83261303
0.4528464566171913,12.236,107580.837029538
0.4663910450334586,12.238,107580.841317785
0.4573993141661923,12.24,107580.845690332
0.4602874361264968,12.242,107580.850035443
0.4592215829904281,12.244,107580.854390639
0.45670629746703223,12.246,107580.858769821
0.45895170349040415,12.248,107580.863127578
0.47067495148574795,12.25,107580.867376795
0.4669229440141331,12.252,107580.871660157
0.4755810538883176,12.254,107580.875865539
0.4265903124781565,12.256,107580.880553878
0.3948442811727526,12.258,107580.885619166
0.4814250565927306,12.26,107580.889773499
0.4653844705594757,12.262,107580.894071021
0.4632447697523798,12.264,107580.898388393
0.45739502607557847,12.266,107580.902760981
0.4863175767976666,12.268,107580.90687352
0.46374650138298273,12.27,107580.911186221
0.4601968805554184,12.272,107580.915532187
0.47380262452057464,12.274000000000001,107580.919753354
0.4720571662006509,12.276,107580.923990129
0.46962136704939017,12.278,107580.928248879
0.44116599336796963,12.28,107580.93278232
0.467305004832706,12.282,107580.93706218
0.4832825323900955,12.284,107580.941200546
0.4844683101765558,12.286,107580.945328783
0.44868249985608327,12.288,107580.949786278
0.463179434824527,12.29,107580.954104259
0.4626771095679914,12.292,107580.958426928
0.5041950287592771,12.294,107580.962393647
0.37212300071421905,12.296,107580.967768214
0.41157895121555604,12.298,107580.972627549
0.45407012500452093,12.3,107580.977032155
0.3699744294466415,12.302,107580.982437934
0.3820145265077362,12.304,107580.987673337
0.45214006959899244,12.306,107580.992096745
0.4861651979213644,12.308,107580.996210573
0.3803387675636811,12.31,107581.001469043
0.4251939304574496,12.312,107581.006172779
0.44943880846496415,12.314,107581.010622773
0.44452930055348716,12.316,107581.015121914
0.42849839929944167,12.318,107581.019789376
0.4857941643915012,12.32,107581.023906346
0.503860580539515,12.322,107581.027875698
0.45006130927638827,12.324,107581.032319537
0.5136247973902949,12.326,107581.03621343
0.457615847735464,12.328,107581.040583908
0.4892031639941263,12.33,107581.044672189
0.4490989060236127,12.332,107581.049125551
0.49961467132970394,12.334,107581.053128636
0.48211928071228577,12.336,107581.057276987
0.41466504470552196,12.338,107581.062100157
0.36727458548301006,12.34,107581.067545674
0.38168893137229054,12.342,107581.072785543
0.3871143562765489,12.344,107581.077951975
0.38443255767799617,12.346,107581.083154448
0.3909139102433948,12.348,107581.088270664
0.4260286460691154,12.35,107581.092965184
0.5214637066219429,12.352,107581.096800542
0.5356952492579423,12.354,107581.100534008
0.5233332039791565,12.356,107581.104355665
0.5271495171269279,12.358,107581.108149655
0.508734592211765,12.36,107581.112080978
0.5388909510453009,12.362,107581.115792304
0.49266908438182266,12.364,107581.119851824
0.520747898005882,12.366,107581.123692454
0.5248066946539707,12.368,107581.127503381
0.5409989261141656,12.37,107581.131200246
0.49940333844897133,12.372,107581.135205025
0.5611900590975356,12.374,107581.13876888
0.5255123083227584,12.376,107581.14257469
0.5176153578370907,12.378,107581.146438563
0.5022101010934484,12.38,107581.15042096
0.532129018853028,12.382,107581.154179447
0.5456482502510487,12.384,107581.157844812
0.5255751422323658,12.386,107581.161650167
0.5214569105273288,12.388,107581.165485575
0.5233363524990443,12.39,107581.169307209
0.5248305188029424,12.392,107581.173117963
0.520475236560602,12.394,107581.176960605
0.5030163366853856,12.396,107581.180936619
0.5180143362460875,12.398,107581.184797516
0.5324381274874923,12.4,107581.188553821
0.5121947170443963,12.402,107581.192458586
0.58616801781206,12.404,107581.195870577
0.5236728945022893,12.406,107581.199689755
0.49479280063189607,12.408,107581.203731851
0.5298285529828555,12.41,107581.207506657
0.5403642635348347,12.412,107581.211207864
0.4990352413133124,12.414,107581.215215597
0.5303475460305195,12.416,107581.218986709
0.534992523990568,12.418,107581.222725079
0.566597918896241,12.42,107581.226254919
0.5387960069817341,12.422,107581.229966899
0.5084600116996408,12.424,107581.233900345
0.5250829495142688,12.426,107581.237709267
0.5102029107796836,12.428,107581.241629276
0.4820160997055503,12.43,107581.245778515
0.49123139729113524,12.432,107581.249849916
0.49668734401963893,12.434,107581.253876594
0.4963965323709361,12.436,107581.257905631
0.48417463122636584,12.438,107581.262036372
0.49159809736754556,12.44,107581.266104736
0.4966182779293536,12.442,107581.270131974
0.49916614384224767,12.444,107581.274138656
0.39835947534232685,12.446,107581.279159247
0.3744619217129622,12.448,107581.284500244
0.36877725296302416,12.45,107581.289923572
0.3667179277129901,12.452,107581.295377355
0.3741135144066128,12.454,107581.300723326
0.4217844937156066,12.456,107581.305465084
0.404601042074186,12.458,107581.310408225
0.46002741351826587,12.46,107581.314755792
0.43142732373072457,12.462,107581.319391567
0.43483081827173103,12.464,107581.323991057
0.4258723403852115,12.466,107581.3286873
0.4319485573512197,12.468,107581.333317481
0.4341870172147583,12.47,107581.337923791
0.42489836398546854,12.472,107581.342630799
0.4023835595085751,12.474,107581.347601181
0.45634001093253374,12.475999999999999,107581.351983878
0.43069837132648225,12.478,107581.356627499
0.44992766359940256,12.48,107581.361072658
0.4394429003084051,12.482,107581.365623875
0.4803913833768856,12.484,107581.369787147
0.3635317325746311,12.486,107581.37528873
0.3608705215642333,12.488,107581.380830884
0.35608718532610817,12.49,107581.386447486
0.3572526490035839,12.492,107581.392045765
0.39726719903282687,12.494,107581.39708016
0.37078166307241023,12.496,107581.40247417
0.3832104024703581,12.498,107581.407693235
0.38857534074660066,12.5,107581.412840242
0.38484851473172327,12.502,107581.418037092
0.38099330954665794,12.504,107581.423286528
0.39373124739184623,12.506,107581.428366135
0.4360769038641785,12.508,107581.432952482
0.48929986943435505,12.51,107581.437039955
0.48147442784521044,12.512,107581.441193862
0.484433223851991,12.514,107581.445322398
0.47456238696659275,12.516,107581.449536807
0.49737361992397305,12.518,107581.453557929
0.48453074966081117,12.52,107581.457685634
0.48745652442577414,12.522,107581.461788564
0.4412788089872787,12.524000000000001,107581.466320846
0.4826253649980397,12.526,107581.470464847
0.49271156486250445,12.528,107581.474524017
0.476931651127545,12.53,107581.47871749
0.48695460667719304,12.532,107581.482824649
0.4894252344560079,12.534,107581.486911075
0.48354028840028723,12.536,107581.491047235
0.4941668540194825,12.538,107581.495094451
0.47390344134867296,12.54,107581.49931472
0.4894440389111611,12.542,107581.503400989
0.4853495997316583,12.544,107581.50752173
0.48479794818261246,12.546,107581.51164716
0.45375869962663434,12.548,107581.516054789
0.5184569377005416,12.55,107581.51991239
0.489499979769948,12.552,107581.523998192
0.4364872821187571,12.554,107581.528580227
0.47399452704606637,12.556000000000001,107581.532799685
0.5139241312823949,12.558,107581.53669131
0.49212719565378876,12.56,107581.5407553
0.4735779040427167,12.562,107581.54497847
0.4847704519551591,12.564,107581.549104134
0.4833548300397351,12.566,107581.553241881
0.4905540148856502,12.568,107581.557318904
0.4291238638748226,12.57,107581.561979563
0.4609914771603744,12.572,107581.566318038
0.43612568740470437,12.574,107581.570903872
0.480378807130809,12.576,107581.575067253
0.5014982263102482,12.578,107581.579055303
0.5153882029653718,12.58,107581.582935873
0.5288734488478314,12.582,107581.586717496
0.5104126741361034,12.584,107581.590635894
0.48217460674630663,12.586,107581.594783769
0.5411486753675872,12.588,107581.598479611
0.5107121878539993,12.59,107581.602395711
0.5122035053092899,12.592,107581.606300409
0.5156273762927059,12.594,107581.610179179
0.5195973958749395,12.596,107581.614028313
0.5021938334097533,12.598,107581.618010839
0.5097117931763818,12.6,107581.621934625
0.5215263933659315,12.602,107581.625769522
0.5158259255143112,12.604,107581.629646799
0.513179211886962,12.606,107581.633544073
0.5340951672582072,12.608,107581.637288724
0.5153190166464113,12.61,107581.641169815
0.5006861918332327,12.612,107581.645164333
0.5169263642981438,12.614,107581.649033356
0.5250111380330832,12.616,107581.652842799
0.5226771306331488,12.618,107581.656669253
0.4865562085929073,12.62,107581.660779775
0.5393158561934785,12.622,107581.664488177
0.5133213314378118,12.624,107581.668384372
0.5253009894466665,12.626,107581.672191713
0.5203497071668303,12.628,107581.676035282
0.5050843052799896,12.63,107581.679995017
0.5272238624408297,12.632,107581.683788472
0.4987521230359944,12.634,107581.68779848
0.5524867981197982,12.636,107581.691418476
0.5216737170537648,12.638,107581.69525229
0.4751176150514186,12.64,107581.699461774
0.5551458268675848,12.642,107581.703064431
0.5109278517913035,12.644,107581.706978878
0.5054426071747775,12.646,107581.710935806
0.4870685728096897,12.648,107581.715042004
0.48621259116187016,12.65,107581.719155431
0.5329143911060805,12.652,107581.722908379
0.49453856357008946,12.654,107581.726952553
0.48195198278374,12.656,107581.731102344
0.5119777193226169,12.658,107581.735008764
0.5119799450148793,12.66,107581.738915167
0.5192709238354816,12.662,107581.742766721
0.5044898339346006,12.664,107581.746731122
0.4979846557963413,12.666,107581.75074731
0.5209907160897693,12.668,107581.75458615
0.5087466254868694,12.67,107581.75851738
0.49986616175112736,12.672,107581.762518451
0.5177240215827612,12.674,107581.766381513
0.4806504560658668,12.676,107581.770542541
0.5594882917595951,12.678,107581.774117236
0.5060964370860772,12.68,107581.778069052
0.4986373497697821,12.682,107581.782079983
0.51282077548272,12.684,107581.785979981
0.385369894440331,12.686,107581.7911698
0.4524967744034964,12.688,107581.795589721
0.4523357942968218,12.69,107581.800011215
0.48180174595515224,12.692,107581.8041623
0.5127563532556282,12.693999999999999,107581.808062788
0.509366226150149,12.696,107581.811989236
0.4741339765102356,12.698,107581.816207453
0.5133157965232503,12.7,107581.82010369
0.5062679778146183,12.702,107581.824054167
0.5197846937076573,12.704,107581.827901914
0.5116340470002282,12.706,107581.831810958
0.5231874032569711,12.708,107581.83563368
0.5334312017511934,12.71,107581.839382992
0.5214384185280767,12.712,107581.843218536
0.49011799545807183,12.714,107581.847299186
0.5592362621478669,12.716,107581.850875492
0.5256989247850724,12.718,107581.854679951
0.527761438278703,12.72,107581.858469542
0.5299485869298546,12.722,107581.862243493
0.5100093150587531,12.724,107581.86616499
0.5284973707552562,12.725999999999999,107581.869949304
0.5394633643084478,12.728,107581.873656692
0.5008128193901081,12.73,107581.8776502
0.5307769703755292,12.732,107581.881418261
0.5293217785536897,12.734,107581.885196681
0.5273201957270851,12.736,107581.888989443
0.5350891404090506,12.738,107581.892727138
0.5221940287176603,12.74,107581.896557132
0.5158661075689162,12.742,107581.900434107
0.5353664402863908,12.744,107581.904169866
0.5179963589675991,12.746,107581.908030897
0.5327586644100789,12.748,107581.911784942
0.5080638617184469,12.75,107581.915721455
0.5075674509599226,12.752,107581.919661818
0.507857315203329,12.754,107581.923599932
0.527147849071949,12.756,107581.927393934
0.5378862900347691,12.758,107581.931112192
0.5061561246036745,12.76,107581.935063542
0.5227499473111504,12.762,107581.938889463
0.48773374006389336,12.764,107581.942990061
0.42093636381455934,12.766,107581.947741373
0.513419238813521,12.768,107581.951636825
0.49458919465279166,12.77,107581.955680585
0.5171990676740185,12.772,107581.959547568
0.49645013227746443,12.774000000000001,107581.96357617
0.5042528699464778,12.776,107581.967542434
0.4878647302384994,12.778,107581.971641931
0.514309240447234,12.78,107581.975530642
0.4739255627479461,12.782,107581.979750714
0.5184631199313574,12.784,107581.983608269
0.49144734218710195,12.786,107581.987677881
0.5245780563818448,12.788,107581.991490469
0.5156899969011232,12.79,107581.995368768
0.49899104024720103,12.792,107581.999376856
0.4483294673605276,12.794,107582.003837861
0.4919546967981041,12.796,107582.007903276
0.4942998580569095,12.798,107582.011949403
0.48751902411528836,12.8,107582.016051807
0.49398084384892815,12.802,107582.020100547
0.4983148243971484,12.804,107582.024114074
0.5191802035022307,12.806000000000001,107582.027966301
0.5192200997521579,12.808,107582.031818232
0.5111086920070262,12.81,107582.035731294
0.48065692435994983,12.812,107582.039892266
0.5272252518760558,12.814,107582.043685711
0.49006539410545363,12.816,107582.047766799
0.5787154259456658,12.818,107582.051222729
0.46810726732477165,12.82,107582.055495254
0.4839324743564762,12.822,107582.059628062
0.5008836833034929,12.824,107582.063621005
0.5140390484150896,12.826,107582.06751176
0.5170248524495756,12.828,107582.071380046
0.5112662641152437,12.83,107582.075291902
0.4838005436533376,12.832,107582.079425837
0.5545044614505226,12.834,107582.083032661
0.49593961851656587,12.836,107582.08706541
0.5086665330096332,12.838,107582.090997259
0.49389228213566333,12.84,107582.095046725
0.4786348173494208,12.842,107582.099225276
0.534656144866605,12.844,107582.102965998
0.4812451549592167,12.846,107582.107121884
0.5470275468200713,12.848,107582.110778007
0.5111477489543123,12.85,107582.11469077
0.5388752712013017,12.852,107582.118402204
0.5678912576480021,12.854,107582.121924005
0.5114255015361576,12.856,107582.125834643
0.5754763061425696,12.858,107582.129310025
0.5163559625361654,12.86,107582.133183322
0.5421964374189728,12.862,107582.136872022
0.5317118263837406,12.864,107582.140633458
0.5446850034855462,12.866,107582.144305305
0.5587347574279782,12.868,107582.147884821
0.5428544209488825,12.87,107582.15156905
0.549725260158224,12.872,107582.155207231
0.5293065099621678,12.874,107582.15898576
0.5609152565721129,12.876,107582.162551361
0.5522773310347235,12.878,107582.16617273
0.5215642006780519,12.88,107582.170007349
0.579275772113485,12.882,107582.173459936
0.5491067543295769,12.884,107582.177102215
0.5259704497414678,12.886,107582.18090471
0.5026413796143879,12.888,107582.18488369
0.6535146855722426,12.89,107582.187944065
0.5484073701034197,12.892,107582.191590989
0.5537303976558505,12.894,107582.195202855
0.509068546927906,12.896,107582.199131599
0.5916106078859222,12.898,107582.202512201
0.49736285657453183,12.9,107582.20653341
0.49792341087641556,12.902,107582.210550092
0.5130444101291591,12.904,107582.21444839
0.5481215063026732,12.906,107582.218097216
0.608403512997167,12.908,107582.221384508
0.5347110345023361,12.91,107582.225124846
0.5711204925940366,12.912,107582.228626734
0.5293412518721827,12.914,107582.232405015
0.5441843694212868,12.916,107582.23608024
0.5703345072293036,12.918,107582.239586954
0.5459616447029343,12.92,107582.243250215
0.5549632874778473,12.922,107582.246854057
0.5868735744489314,12.924,107582.250261946
0.5563220429054091,12.926,107582.253856986
0.5506976390183383,12.928,107582.257488743
0.5504707344512395,12.93,107582.261121997
0.5585684102564618,12.932,107582.264702579
0.5269348009179571,12.934,107582.268498115
0.5677460065794923,12.936,107582.272020817
0.570804112803056,12.938,107582.275524646
0.5438200700300441,12.94,107582.279202333
0.5589964886954114,12.942,107582.282780173
0.5402906924903729,12.943999999999999,107582.286481884
0.5671138087699458,12.946,107582.290008513
0.5546791616580772,12.948,107582.293614201
0.5534328326967894,12.95,107582.297228009
0.5452522570697266,12.952,107582.300896036
0.550350009181897,12.954,107582.304530087
0.5476482749347399,12.956,107582.308182066
0.5608787621535338,12.958,107582.311747899
0.5477414159562406,12.96,107582.315399257
0.5442348646649514,12.962,107582.319074141
0.5580489503203488,12.964,107582.322658056
0.5696927990340908,12.966,107582.32616872
0.551272322149721,12.968,107582.329796691
0.49653024620206887,12.97,107582.333824643
0.600850144165891,12.972,107582.33715326
0.5077567451763283,12.974,107582.341092154
0.6048979185923108,12.975999999999999,107582.344398497
0.5193138009050362,12.978,107582.348249733
0.5695135416966228,12.98,107582.351761502
0.5629213808647051,12.982,107582.355314396
0.5487554086330076,12.984,107582.358959007
0.5617564116305124,12.986,107582.362519269
0.5341515111852595,12.988,107582.366263525
0.5512960269334143,12.99,107582.36989134
0.5439076233937127,12.992,107582.373568435
0.5653705455290325,12.994,107582.377105938
0.5278404140704764,12.996,107582.380894962
0.6096466226436582,12.998,107582.384175551
0.5849259887095822,13.0,107582.387594787
0.5879333733122197,13.002,107582.390996533
0.5875854940279536,13.004,107582.394400293
0.5465762182401203,13.006,107582.398059435
0.5362785755542973,13.008,107582.40178884
0.547837287706635,13.01,107582.405439559
0.5192980250559045,13.012,107582.409290912
0.53138548605039,13.014,107582.413054658
0.5373902703079014,13.016,107582.416776348
0.5773830403927921,13.018,107582.420240253
0.5786494570468733,13.02,107582.423696577
0.5100448216880114,13.022,107582.427617801
0.5564625903875936,13.024,107582.431211933
0.5733652351887133,13.026,107582.434700111
0.5963011444368034,13.028,107582.438054121
0.5795327563036288,13.03,107582.441505177
0.5504495256091259,13.032,107582.445138571
0.57934943735841,13.034,107582.448590719
0.5655000291327879,13.036,107582.452127412
0.5881273576042637,13.038,107582.455528036
0.5221945743332134,13.04,107582.459358026
0.5331169585242899,13.042,107582.463109548
0.5389109911339327,13.044,107582.466820736
0.5305670275302333,13.046,107582.470590288
0.5416142532678621,13.048,107582.474282953
0.5031756669776999,13.05,107582.478257708
0.5738380357114096,13.052,107582.481743012
0.5571393792830883,13.054,107582.485332778
0.5625483432281738,13.056,107582.488888028
0.5581451960971656,13.058,107582.492471325
0.5450277375073048,13.06,107582.496140863
0.5426471856788435,13.062,107582.499826499
0.5493046216636046,13.064,107582.503467466
0.5591990484822346,13.066,107582.50704401
0.553937903249123,13.068,107582.510654523
0.5590032071753566,13.07,107582.51423232
0.5503197221043779,13.072,107582.517866571
0.5194331633072956,13.074,107582.521716922
0.5956103515321137,13.076,107582.525074822
0.5849615741371291,13.078,107582.52849385
0.571753163810055,13.08,107582.531991863
0.5323373648049594,13.082,107582.535748879
0.5811480237525929,13.084,107582.539190343
0.6122712616491838,13.086,107582.542456869
0.5407891575918815,13.088,107582.546155168
0.5479491095089215,13.09,107582.549805142
0.5775699541319055,13.092,107582.553267926
0.5498777635785908,13.094,107582.556905098
0.5498901586526244,13.096,107582.560542188
0.5524463580291259,13.098,107582.564162449
0.5365067350002972,13.1,107582.567890268
0.5606578529337398,13.102,107582.571457506
0.5441112344121329,13.104,107582.575133225
0.5397290492890058,13.106,107582.578838788
0.5254958783685789,13.108,107582.582644717
0.5856131257690708,13.11,107582.586059941
0.5581341350623821,13.112,107582.589643309
0.5591435477738094,13.114,107582.593220208
0.5268720555568879,13.116,107582.597016196
0.5259433379601924,13.118,107582.600818887
0.5432420698491689,13.12,107582.604500487
0.5482256262562996,13.122,107582.60814862
0.5496749501069235,13.124,107582.611787134
0.5244069469794892,13.126,107582.615600966
0.5510879168268474,13.128,107582.619230151
0.5363182674504701,13.13,107582.62295928
0.539258561433119,13.132,107582.626668076
0.5590032071753566,13.134,107582.630245873
0.541819087515321,13.136,107582.633937142
0.5573541064923395,13.138,107582.637525525
0.5513312871477112,13.14,107582.641153108
0.5457582829116207,13.142,107582.644817734
0.5473320436951349,13.144,107582.648471823
0.5471150906838063,13.146,107582.652127361
0.5733828237675525,13.148,107582.655615432
0.5925464183917613,13.15,107582.658990695
0.5721360577709784,13.152,107582.662486367
0.5790022529402225,13.154,107582.665940585
0.5784047932718263,13.156,107582.669398371
0.5464452496591891,13.158,107582.67305839
0.5618428905668428,13.16,107582.676618104
0.560892447862554,13.162,107582.68018385
0.4510071994538802,13.164,107582.684618369
0.5583281203166527,13.166,107582.688200492
0.5404990541270187,13.168,107582.691900776
0.53767646896742,13.17,107582.695620485
0.5314774148358321,13.172,107582.69938358
0.5661672589288862,13.174,107582.702916105
0.5545126093675754,13.176,107582.706522876
0.5451797257399269,13.178,107582.710191391
0.5513154809728437,13.18,107582.713819078
0.5469458663729916,13.182,107582.717475747
0.5575581194036593,13.184,107582.721062817
0.5700271182680313,13.186,107582.724571422
0.5459123182118133,13.188,107582.728235014
0.5500674116745214,13.19,107582.731870932
0.5461475567942188,13.192,107582.735532946
0.5476668700524174,13.194,107582.739184801
0.5573444758196477,13.196,107582.742773246
0.5075765966468797,13.198,107582.746713538
0.48541639319347873,13.2,107582.750833712
0.5782694987374889,13.202,107582.754292307
0.553809363931305,13.204,107582.757903658
0.5253447316167432,13.206,107582.761710682
0.5236402632428147,13.208,107582.765530098
0.5150768128838582,13.21,107582.769413014
0.580001994539769,13.212,107582.772861278
0.5536206529533466,13.214,107582.77647386
0.5427166872773052,13.216,107582.780159024
0.4535419925038346,13.218,107582.784568759
0.597161630886232,13.22,107582.787917936
0.5624110339989382,13.222,107582.791474054
0.5462021462563393,13.224,107582.795135702
0.5581618632753095,13.226,107582.798718892
0.5326844512613012,13.228,107582.80247346
0.5513866147900046,13.23,107582.806100679
0.5483398599941862,13.232,107582.809748052
0.5355489345590765,13.234,107582.813482538
0.5507305430646651,13.236,107582.817114078
0.5339373226931104,13.238,107582.820859836
0.5552734461838481,13.24,107582.824461665
0.5163322342670452,13.242,107582.82833514
0.5734069897906571,13.244,107582.831823064
0.5489046603656342,13.246,107582.835466684
0.5521481880600349,13.248,107582.8390889
0.5495128984143621,13.25,107582.842728487
0.5533117225780096,13.252,107582.846343086
0.5413423128041096,13.254,107582.850037606
0.5420139382881431,13.256,107582.853727548
0.5545455122038822,13.258,107582.857334105
0.5241090151240728,13.26,107582.861150105
0.5496871865423182,13.262,107582.864788538
0.48816159331617803,13.264,107582.868885542
0.602825081040966,13.266,107582.872203254
0.5291321639456035,13.268,107582.875983028
0.5234574358467113,13.27,107582.879803778
0.5182930244948827,13.272,107582.883662599
0.6046475625854627,13.274000000000001,107582.886970311
0.49349743054040374,13.276,107582.891023017
0.6274289333379297,13.278,107582.894210629
0.5519321219837902,13.28,107582.897834263
0.5388980675994895,13.282,107582.90154554
0.49125166649227253,13.284,107582.905616773
0.5919962117464066,13.286,107582.908995173
0.5543539940055173,13.288,107582.912602976
0.5629126657978063,13.29,107582.916155925
0.535184787241189,13.292,107582.919892952
0.5479465579157465,13.294,107582.923542943
0.5451544616410107,13.296,107582.927211628
0.5478411921933292,13.298,107582.930862321
0.5409851718552852,13.3,107582.93455928
0.5560920287846004,13.302,107582.938155807
0.5448347228351695,13.304,107582.941826645
0.5280427671176345,13.306,107582.945614217
0.5349480204442852,13.308,107582.949352898
0.5434259858315141,13.31,107582.953033252
0.530679509403923,13.312,107582.956802005
0.5781812339201938,13.314,107582.960261128
0.5009821752036944,13.316,107582.964253286
0.5839122837769873,13.318,107582.967678458
0.5208458108936038,13.32,107582.971518366
0.5814261104011786,13.322,107582.974958184
0.548696995490773,13.324,107582.978603183
0.5526635892540676,13.326,107582.982222021
0.5316176964296948,13.328,107582.985984123
0.5543893378826005,13.33,107582.989591696
0.5411076794451412,13.332,107582.993287818
0.5433610240766662,13.334,107582.996968612
0.5420417040141696,13.336,107583.000658365
0.5583228197317671,13.338,107583.004240522
0.5285916552373975,13.34,107583.008024161
0.5598613561557025,13.342,107583.011596474
0.5386552474853167,13.344,107583.015309424
0.5612940069942646,13.346,107583.018872619
0.507282933430655,13.348,107583.022815192
0.5937907312238749,13.35,107583.026183382
0.5348198465515537,13.352,107583.029922959
0.5346871619083562,13.354,107583.033663464
0.5486170735677303,13.356,107583.037308994
0.548310845929419,13.358,107583.04095656
0.5522666544690397,13.36,107583.044577999
0.5595878507684849,13.362,107583.048152058
0.537800230799,13.364,107583.051870911
0.5413086150021462,13.366,107583.055565661
0.5472683914859374,13.368,107583.059220175
0.5484004531357793,13.37,107583.062867145
0.5372597705484816,13.372,107583.066589739
0.5427464390169972,13.374,107583.070274701
0.547809826848542,13.376,107583.073925603
0.5355945420865649,13.378,107583.077659771
0.5497640977336082,13.38,107583.081297695
0.5443686287093131,13.382,107583.084971676
0.5548254963522707,13.384,107583.088576413
0.5493612033404462,13.386,107583.092217005
0.5401230413588806,13.388,107583.095919865
0.5338553715435841,13.39,107583.099666198
0.5285839707256547,13.392,107583.103449892
0.5552971889512015,13.394,107583.107051567
0.5456171398324752,13.396,107583.110717141
0.5412015369339876,13.398,107583.114412622
0.5371946893118279,13.4,107583.118135667
0.5576218530257046,13.402,107583.121722327
0.5557971735413697,13.404,107583.125320762
0.5439593999292385,13.406,107583.128997507
0.5490981612163991,13.408,107583.132639843
0.5504316470748216,13.41,107583.136273355
0.5134561464187161,13.412,107583.140168527
0.574480210460337,13.414,107583.143649935
0.5481601132206768,13.416,107583.147298504
0.5377199823541832,13.418,107583.151017912
0.5416375744320223,13.42,107583.154710418
0.5225259638511166,13.422,107583.158537979
0.5678922267540842,13.424,107583.162059774
0.5416663284394195,13.426,107583.165752084
0.5565294811267604,13.428,107583.169345784
0.5406657711281022,13.43,107583.173044927
0.5492282932939538,13.432,107583.1766864
0.5517815230435973,13.434,107583.180311023
0.5436271677769896,13.436,107583.183990015
0.5388232961180932,13.438,107583.187701807
0.5181304181285646,13.44,107583.191561839
0.5643003298531588,13.442,107583.195106051
0.5533193765887255,13.444,107583.1987206
0.5385222462923048,13.446,107583.202434467
0.550586512389925,13.448,107583.206066957
0.5470404168546738,13.45,107583.209722994
0.5404419454880319,13.452,107583.213423669
0.5443832994608706,13.454,107583.217097551
0.5420653549002885,13.456,107583.220787143
0.5522887670237644,13.458,107583.224408437
0.5082784578582726,13.46,107583.228343288
0.5720051532459997,13.462,107583.23183976
0.5167413884716957,13.464,107583.235710168
0.5286583023313453,13.466,107583.23949333
0.5867571817894572,13.468,107583.242901895
0.5648603769389421,13.47,107583.246442593
0.4958896928561409,13.472,107583.250475748
0.6035359963946262,13.474,107583.253789552
0.5141156896739199,13.475999999999999,107583.257679727
0.573710958928878,13.478,107583.261165803
0.5407670775350488,13.48,107583.264864253
0.5299002848841956,13.482,107583.268638548
0.5595978735544201,13.484,107583.272212543
0.5632815882414414,13.486,107583.275763165
0.5455129646105328,13.488,107583.279429439
0.5153115818125208,13.49,107583.283310586
0.6184165698064454,13.492,107583.286544652
0.5801749578182654,13.494,107583.289991888
0.5677717966657962,13.496,107583.29351443
0.5867127740809694,13.498,107583.296923253
0.5671351955626364,13.5,107583.300449749
0.5960329829056227,13.502,107583.303805268
0.5737652718499134,13.504,107583.307291014
0.5768584586872072,13.506,107583.310758069
0.531869485602302,13.508,107583.31451839
0.6232647929211033,13.51,107583.317727299
0.5719858494519446,13.512,107583.321223889
0.5735755459475793,13.514,107583.324710788
0.574609775980485,13.516,107583.328191411
0.5679514095027619,13.518,107583.331712839
0.5712110231463702,13.52,107583.335214172
0.5762036537897162,13.522,107583.338685167
0.5893012338371828,13.524000000000001,107583.342079017
0.5717691836092456,13.526,107583.345576932
0.5905797222308726,13.528,107583.348963435
0.5812399006870813,13.53,107583.352404355
0.5695523037490564,13.532,107583.355915885
0.5786804282727807,13.534,107583.359372024
0.5760123121386702,13.536,107583.362844172
0.5552780720839569,13.538,107583.366445971
0.5798067794884746,13.54,107583.369895396
0.5774248800791101,13.542,107583.37335905
0.5704664405641267,13.544,107583.376864953
0.5868901069282453,13.546,107583.380272746
0.5670129973498,13.548,107583.383800002
0.5402558109204019,13.55,107583.387501952
0.5580377390264745,13.552,107583.391085939
0.6123700597203741,13.554,107583.394351938
0.6191133906747899,13.556000000000001,107583.397582364
0.5496796348864557,13.558,107583.401220847
0.5518804897556059,13.56,107583.40484482
0.5437686169051442,13.562,107583.408522855
0.5501821103924147,13.564,107583.412158015
0.5676385301200817,13.566,107583.415681384
0.5599176244740449,13.568,107583.419253338
0.5995246971444644,13.57,107583.422589314
0.5628432799765137,13.572,107583.426142701
0.5539316140664649,13.574,107583.429753255
0.5496010857937023,13.576,107583.433392258
0.545770943749838,13.578,107583.437056799
0.5463871773944907,13.58,107583.440717207
0.5546094854554608,13.582,107583.444323348
0.5306958450177006,13.584,107583.448091985
0.539089951542316,13.586,107583.451801941
0.5586504792227359,13.588,107583.455381997
0.549643981125208,13.59,107583.459020716
0.5413124248506134,13.592,107583.46271544
0.5554440026078256,13.594,107583.466316163
0.5376404792413114,13.596,107583.470036121
0.5481679270831151,13.598,107583.473684638
0.5131830307910402,13.6,107583.477581883
0.5827055890114299,13.602,107583.481014148
0.542072408022822,13.604,107583.484703692
0.55619734446463,13.606,107583.488299538
0.5427127119106445,13.608,107583.491984729
0.5160639086632764,13.61,107583.495860218
0.608425722190301,13.612,107583.49914739
0.5038553752200247,13.614,107583.503116783
0.6293549400316605,13.616,107583.50629464
0.57785564651587,13.618,107583.509755712
0.5756185824391716,13.62,107583.513230235
0.5757746825698288,13.622,107583.516703816
0.5715827363849617,13.624,107583.520202872
0.5401546938417842,13.626,107583.523905515
0.6138034572700373,13.628,107583.527163887
0.5871507926091776,13.63,107583.530570167
0.5837663917986544,13.632,107583.533996195
0.5638688605327525,13.634,107583.537543119
0.5824356071699226,13.636,107583.540976975
0.5952170132197124,13.638,107583.544337094
0.5118335940643814,13.64,107583.548244614
0.5860615210396978,13.642,107583.551657225
0.5616608101191171,13.644,107583.555218093
0.537047697193314,13.646,107583.558942157
0.42853916553030896,13.648,107583.563609175
0.49820025228266246,13.65,107583.567623625
0.6161309864639458,13.652,107583.570869688
0.5522366131718568,13.654,107583.574491324
0.5602014945341028,13.656,107583.578061468
0.5497346293140201,13.658,107583.581699587
0.5382867196176285,13.66,107583.585415079
0.5280108426224996,13.662,107583.58920288
0.5848011353871309,13.664,107583.592622846
0.5622823260532215,13.666,107583.596179778
0.5321035365991309,13.668,107583.599938445
0.5691642723177336,13.67,107583.603452369
0.5459287095093438,13.672,107583.607115851
0.5604828228932478,13.674,107583.610684203
0.5474821708012059,13.676,107583.61433729
0.551452899156279,13.678,107583.617964073
0.520910384667595,13.68,107583.621803505
0.590584779991146,13.682,107583.625189979
0.554777941200412,13.684,107583.628795025
0.5413984367916802,13.686,107583.632489162
0.49267393927637015,13.688,107583.636548642
0.5815412414613198,13.69,107583.639987779
0.5192347919670982,13.692,107583.643839601
0.5302606496004921,13.693999999999999,107583.647611331
0.5232813086782118,13.696,107583.651433367
0.5169667199314174,13.698,107583.655302088
0.5115696578948409,13.7,107583.659211624
0.549414475860279,13.702,107583.662851863
0.521469826226392,13.704,107583.666687176
0.5273968133290853,13.706,107583.670479387
0.5614343971801478,13.708,107583.674041691
0.5512420860303486,13.71,107583.677669861
0.55149091460322,13.712,107583.681296394
0.5457454774683921,13.714,107583.684961106
0.5450379890362689,13.716,107583.688630575
0.5530779184392105,13.718,107583.692246702
0.5546294784448714,13.72,107583.695852713
0.5691106666806398,13.722,107583.699366968
0.541266861560108,13.724,107583.703062003
0.5372304744803138,13.725999999999999,107583.7067848
0.5839675232046891,13.728,107583.710209648
0.5492655482480662,13.73,107583.713850874
0.5394010929271016,13.732,107583.71755869
0.5093610367069057,13.734,107583.721485178
0.5975912899260389,13.736,107583.724831947
0.5460904417365887,13.738,107583.728494344
0.5550923630686222,13.74,107583.732097348
0.54703308362611,13.742,107583.735753434
0.519910627166579,13.744,107583.739600249
0.57055138961143,13.746,107583.74310563
0.5485854726121341,13.748,107583.74675137
0.5551919043551129,13.75,107583.750353728
0.5555492279017391,13.752,107583.753953769
0.5347143234952054,13.754,107583.757694084
0.5553576307812361,13.756,107583.761295367
0.5678564306870308,13.758,107583.764817384
0.5241627219423879,13.76,107583.768632993
0.5700081108659532,13.762,107583.772141715
0.5521737984118069,13.764,107583.775763763
0.5626949021347052,13.766,107583.779318087
0.5135153397101555,13.768,107583.78321281
0.6012430088319256,13.77,107583.786539252
0.5594156807926615,13.772,107583.790114411
0.5653812533247959,13.774000000000001,107583.793651847
0.5300696586099547,13.776,107583.797424936
0.572747363889957,13.778,107583.800916877
0.5553968037176656,13.78,107583.804517906
0.5241525569991582,13.782,107583.808333589
0.5637652287331203,13.784,107583.811881165
0.5849056337196675,13.786,107583.81530052
0.5286821988557293,13.788,107583.819083511
0.5698793147464346,13.79,107583.822593026
0.5497728612450651,13.792,107583.826230892
0.5651267622493069,13.794,107583.829769921
0.5535746798165921,13.796,107583.833382803
0.5586261377772437,13.798,107583.836963015
0.5024442650920584,13.8,107583.840943556
0.615551098203984,13.802,107583.844192677
0.5550355182106157,13.804,107583.84779605
0.5360784853900002,13.806000000000001,107583.851526847
0.5558495367743994,13.808,107583.855124943
0.5439280361900031,13.81,107583.8588019
0.5676238708913313,13.812,107583.86232536
0.5568430990248215,13.814,107583.865917036
0.5057491035545288,13.816,107583.869871566
0.5626423491967582,13.818,107583.873426222
0.5564766787834443,13.82,107583.877020263
0.4305781994076454,13.822,107583.88166518
0.5584021666430933,13.824,107583.885246828
0.5413387946474763,13.826,107583.888941372
0.5368425662927939,13.828,107583.892666859
0.5061812328308167,13.83,107583.896618013
0.6064049703915617,13.832,107583.899916139
0.5584267994179,13.834,107583.903497629
0.5532593753564157,13.836,107583.90711257
0.5332140364089798,13.838,107583.910863409
0.6101871343382619,13.84,107583.914141092
0.5497778489843709,13.842,107583.917778925
0.5597922485009857,13.844,107583.921351679
0.5175004419046353,13.846,107583.92521641
0.5797035912647144,13.848,107583.928666449
0.5531155483514919,13.85,107583.93228233
0.5421704224478453,13.852,107583.935971207
0.5803392660804344,13.854,107583.939417467
0.5881154236145019,13.856,107583.94281816
0.5426891480729332,13.858,107583.946503511
0.5659983826749962,13.86,107583.95003709
0.5864036469500687,13.862,107583.95344771
0.5680304509294141,13.864,107583.956968648
0.5790885897469782,13.866,107583.960422351
0.5739895469461744,13.868,107583.963906735
0.5708223601489887,13.87,107583.967410452
0.5822623098717692,13.872,107583.97084533
0.5379936501079745,13.874,107583.974562846
0.5787170975968039,13.876,107583.978018766
0.5827405662748503,13.878,107583.981450825
0.566427982626016,13.88,107583.984981724
0.5782442545298112,13.882,107583.98844047
0.5749675787480588,13.884,107583.991918927
0.5703410134554107,13.886,107583.995425601
0.5742263647649927,13.888,107583.998908548
0.5762997879312416,13.89,107584.002378964
0.558601952836427,13.892,107584.005959331
0.5865214437164821,13.894,107584.009369266
0.5698888943384851,13.896,107584.012878722
0.5626338016919753,13.898,107584.016433432
0.557906823655278,13.9,107584.02001826
0.577892379044347,13.902,107584.023479112
0.5849988745242768,13.904,107584.026897922
0.5737888113621517,13.906,107584.030383525
0.5466253669387883,13.908,107584.034042338
0.5392075320334963,13.91,107584.037751485
0.5757330792650737,13.912,107584.041225317
0.5772962123158567,13.914,107584.044689743
0.6196715979374404,13.916,107584.047917259
0.5775914717529557,13.918,107584.051379914
0.5455345417964602,13.92,107584.055046043
0.5804783945050151,13.922,107584.058491477
0.5270785279773615,13.924,107584.062285978
0.6295833658302757,13.926,107584.065462682
0.5669990136726472,13.928,107584.068990025
0.5520459234045304,13.93,107584.072612912
0.5556254724946434,13.932,107584.076212459
0.5691247547108034,13.934,107584.079726627
0.6170872060237558,13.936,107584.08296766
0.5343176168271813,13.938,107584.086710752
0.6295883234806736,13.94,107584.089887431
0.5811318107343207,13.942,107584.093328991
0.562240121902653,13.943999999999999,107584.09688619
0.5329351257251419,13.946,107584.100638992
0.536342714990173,13.948,107584.104367951
0.6617133030462247,13.95,107584.107390408
0.5674277192237845,13.952,107584.110915086
0.5881474189723659,13.954,107584.114315594
0.5621985542024884,13.956,107584.117873056
0.5648859032021256,13.958,107584.121413594
0.543066975256417,13.96,107584.125096381
0.6093741238575188,13.962,107584.128378437
0.5680064143556924,13.964,107584.131899524
0.5531499686465088,13.966,107584.13551518
0.5930719685543024,13.968,107584.138887452
0.5805131048939959,13.97,107584.14233268
0.5414185166468723,13.972,107584.14602668
0.5944363125952697,13.974,107584.149391212
0.5617706109221547,13.975999999999999,107584.152951384
0.6081152988308629,13.978,107584.156240234
0.5727555650584052,13.98,107584.159732125
0.5728444802251356,13.982,107584.163223474
0.5715967830436399,13.984,107584.166722444
0.5868971692904106,13.986,107584.170130196
0.560525705466262,13.988,107584.173698275
0.5693155962616421,13.99,107584.177211265
0.5850702368121568,13.992,107584.180629658
0.56112692304629,13.994,107584.184193914
0.576101079883985,13.996,107584.187665527
0.5627343267364535,13.998,107584.191219602
0.6087455435017661,14.0,107584.194505047
0.5905427522029408,14.002,107584.197891762
0.5546859312254829,14.004,107584.201497406
0.5768666109457542,14.006,107584.204964412
0.6132604685580532,14.008,107584.208225669
0.6053538106215636,14.01,107584.211529522
0.6054122641884796,14.012,107584.214833056
0.590424379783974,14.014,107584.21822045
0.5581282171354826,14.016,107584.221803856
0.6107646040145747,14.018,107584.22507844
0.5834154229729451,14.02,107584.228506529
0.6123464348713077,14.022,107584.231772654
0.6358016749788076,14.024,107584.234918289
0.6099355461415777,14.026,107584.238197324
0.5799760922279987,14.028,107584.241645742
0.6434689692752503,14.03,107584.244753895
0.6145790423330799,14.032,107584.248008155
0.5802576049780651,14.034,107584.2514549
0.6152450985071075,14.036,107584.254705637
0.59177024941048,14.038,107584.258085327
0.6260988033250374,14.04,107584.261279711
0.5773818736841752,14.042,107584.264743623
0.5924221520676393,14.044,107584.268119594
0.5980984644062877,14.046,107584.271463525
0.6147282746693306,14.048,107584.274716995
0.6280016520994407,14.05,107584.2779017
0.6084764409641087,14.052,107584.281188598
0.5521196856119073,14.054,107584.284811001
0.6394078570691658,14.056,107584.287938895
0.6161452225540345,14.058,107584.291184883
0.5902027507120777,14.06,107584.294573549
0.6062424813358637,14.062,107584.297872559
0.6038718448177346,14.064,107584.30118452
0.6035820781855713,14.066,107584.304498071
0.6080293303121034,14.068,107584.307787386
0.5795453538006519,14.07,107584.311238367
0.5550301253008376,14.072,107584.314841775
0.645502366591757,14.074,107584.317940137
0.6152322259126206,14.076,107584.321190942
0.6155719409473893,14.078,107584.324439953
0.5943103683614472,14.08,107584.327805198
0.6005746301616788,14.082,107584.331135342
0.5651238878342737,14.084,107584.334674389
0.5379736781849906,14.086,107584.338392043
0.6597574665846372,14.088,107584.34142346
0.5669687960342685,14.09,107584.344950991
0.5979205504497713,14.092,107584.348295917
0.5832173964445213,14.094,107584.35172517
0.6474578846239726,14.096,107584.354814174
0.5612138384660817,14.098,107584.358377878
0.6142847622184705,14.1,107584.361633697
0.5812784168794163,14.102,107584.365074389
0.5791400698592347,14.104,107584.368527785
0.5821750241973458,14.106,107584.371963178
0.6039765207790903,14.108,107584.375274565
0.5666191079473311,14.11,107584.378804273
0.5908772114574367,14.112,107584.382189071
0.5715188707102232,14.114,107584.385688518
0.5410396137700568,14.116,107584.389385105
0.6060292007501163,14.118,107584.392685276
0.6110377884620766,14.12,107584.395958396
0.6016497826333006,14.122,107584.399282589
0.5656266971843712,14.124,107584.40281849
0.5667021134662458,14.126,107584.406347681
0.6531542117392566,14.128,107584.409409745
0.5785264283906746,14.13,107584.412866804
0.61916073561182,14.132,107584.416096983
0.5910918327807821,14.134,107584.419480552
0.534856175643077,14.136,107584.423219875
0.6013621440734911,14.138,107584.426545658
0.5241800322387893,14.14,107584.430361141
0.5577165528819542,14.142,107584.433947192
0.611665685966398,14.144,107584.437216952
0.6018512965639061,14.146,107584.440540032
0.5230602896421364,14.148,107584.444363683
0.6346850956044231,14.15,107584.447514852
0.5893604519990143,14.152,107584.450908361
0.5787866039445673,14.154,107584.454363866
0.578742051671969,14.156,107584.457819637
0.5833703286004147,14.158,107584.461247991
0.559720967329676,14.16,107584.4648212
0.5703066970941794,14.162,107584.468328085
0.5803385921947007,14.164,107584.471774349
0.597065365206217,14.166,107584.475124066
0.5645306513845438,14.168,107584.478666832
0.6267989125395967,14.17,107584.481857648
0.590435885145057,14.172,107584.485244976
0.547441258523837,14.174,107584.488898336
0.6073360123697661,14.176,107584.492191406
0.5804657588651104,14.178,107584.495636915
0.5657510186134607,14.18,107584.499172039
0.5820381279465228,14.182,107584.50260824
0.5671482217259906,14.184,107584.506134655
0.5729641173696995,14.186,107584.509625275
0.5859684558552689,14.188,107584.513038428
0.601008674942026,14.19,107584.516366167
0.571689424127858,14.192,107584.51986457
0.5908906524791435,14.194,107584.523249291
0.5803854101462937,14.196,107584.526695277
0.57219073037483,14.198,107584.530190615
0.5670901702720752,14.2,107584.533717391
0.593776272918856,14.202,107584.537085663
0.5976445038013762,14.204,107584.540432134
0.5795473674953519,14.206,107584.543883103
0.5604550235885951,14.208,107584.547451632
0.5720211847896124,14.21,107584.550948006
0.6017482595705533,14.212,107584.554271655
0.584544923153367,14.214,107584.55769312
0.5601621112361135,14.216,107584.561263515
0.6175063672496656,14.218,107584.564502348
0.586926104693621,14.22,107584.567909932
0.5745597586138512,14.222,107584.571390858
0.5791474472213038,14.224,107584.57484421
0.5805080489867791,14.226,107584.578289468
0.5774667282554237,14.228,107584.581752871
0.5867688903730954,14.23,107584.585161368
0.576799731463451,14.232,107584.588628776
0.5741080153693607,14.234,107584.592112441
0.5997494241093838,14.236,107584.595447167
0.5855368288744717,14.238,107584.598862836
0.5908073920009422,14.24,107584.602248034
0.5269017598719716,14.242,107584.606043808
0.6275100408850917,14.244,107584.609231008
0.5645759112333256,14.246,107584.61277349
0.5693692428706532,14.248,107584.616286149
0.5643235764546936,14.25,107584.619830215
0.5746244691254414,14.252,107584.623310749
0.5903806325633164,14.254,107584.626698394
0.5764795205246325,14.256,107584.630167728
0.5678507857570049,14.258,107584.63368978
0.5741274626728814,14.26,107584.637173327
0.5868709932914844,14.262,107584.640581231
0.5869941473407266,14.264,107584.64398842
0.5383410520177134,14.266,107584.647703537
0.5791558351412183,14.268,107584.651156839
0.6081293498849248,14.27,107584.654445613
0.5883240638785845,14.272,107584.6578451
0.5831449513663034,14.274000000000001,107584.661274779
0.5606955766833158,14.276,107584.664841777
0.5786797606705015,14.278,107584.66829792
0.5938296921147779,14.28,107584.671665889
0.5754291203945255,14.282,107584.675141556
0.5308612187733435,14.284,107584.678909019
0.5927490781705824,14.286,107584.682283128
0.6364084178232642,14.288,107584.685425764
0.5377584381889364,14.29,107584.689144906
0.5898826292961984,14.292,107584.692535411
0.6207835229936707,14.294,107584.695757146
0.5740440780659272,14.296,107584.699241199
0.5784514701386019,14.298,107584.702698706
0.5768566258529629,14.3,107584.706165772
0.5992951106997886,14.302,107584.709503026
0.5795732315269014,14.304,107584.712953841
0.5733151042099859,14.306,107584.716442324
0.576509931010967,14.308,107584.719911475
0.5968495884550741,14.31,107584.723262403
0.5308310663612319,14.312,107584.72703008
0.6178262659852678,14.314,107584.730267236
0.5659045335665837,14.316,107584.733801401
0.5807352692325469,14.318,107584.737245311
0.5333501157976799,14.32,107584.740995193
0.5984515665045093,14.322,107584.744337151
0.5925429082951077,14.324,107584.747712434
0.5464576425565666,14.326,107584.75137237
0.579330975334576,14.328,107584.754824628
0.5324555637559197,14.33,107584.75858081
0.6039635713154946,14.332,107584.761892268
0.6063023904934124,14.334,107584.765190952
0.5884762241915293,14.336,107584.76858956
0.5631038067152928,14.338,107584.772141303
0.5801527428014424,14.34,107584.775588671
0.5764049200914888,14.342,107584.779058454
0.5939771334951076,14.344,107584.782425587
0.5707555687361585,14.346,107584.785929714
0.5861187150962225,14.348,107584.789341992
0.6004848325936938,14.35,107584.792672634
0.5802919508529757,14.352,107584.796119175
0.5815412390006621,14.354,107584.799558312
0.581377097961471,14.356,107584.80299842
0.59658698543241,14.358,107584.806350823
0.5584063751833502,14.36,107584.809932444
0.5754905472342756,14.362,107584.81340774
0.5438219915890542,14.364,107584.817085414
0.6157821262371566,14.366,107584.820333316
0.5832257294266148,14.368,107584.82376252
0.5821418112143775,14.37,107584.827198109
0.5932135749796091,14.372,107584.830569576
0.5815275457637754,14.374,107584.834008794
0.5852073622198263,14.376,107584.837426386
0.581727644335841,14.378,107584.840864421
0.58361427049349,14.38,107584.844291342
0.5709178452474432,14.382,107584.847794473
0.5832087197057051,14.384,107584.851223777
0.5641901726154448,14.386,107584.854768681
0.6039858238211436,14.388,107584.858080017
0.5691566615641749,14.39,107584.861593988
0.5874850408363296,14.392,107584.86499833
0.590717873608716,14.394,107584.868384041
0.5623416130203217,14.396,107584.871940598
0.5855284297217168,14.398,107584.875356316
0.578556887176098,14.4,107584.878813193
0.530111387155173,14.402,107584.882585985
0.6307602214317778,14.404,107584.885756762
0.5697241201533686,14.406,107584.889267233
0.5845917384713489,14.408,107584.892688424
0.5822843487712629,14.41,107584.896123172
0.5727452300970888,14.412,107584.899615126
0.588587409105234,14.414,107584.903013092
0.5803771581305514,14.416,107584.906459127
0.5837459438795009,14.418,107584.909885275
0.5855303155817113,14.42,107584.913300982
0.5805218683481937,14.422,107584.916746158
0.5675425262862326,14.424,107584.920270123
0.5983439619518515,14.426,107584.923612682
0.5753551239389048,14.428,107584.927088796
0.5857976867154148,14.43,107584.930502944
0.5434122539892073,14.432,107584.934183391
0.6177485974279584,14.434,107584.937420954
0.5650237848994554,14.436,107584.940960628
0.604608445972923,14.438,107584.944268554
0.575301169449694,14.44,107584.947744994
0.5901278682178012,14.442,107584.95113409
0.557053411895023,14.444,107584.95472441
0.5932839643353497,14.446,107584.958095477
0.5642511366932512,14.448,107584.961639998
0.60149001060079,14.45,107584.964965074
0.5939919507169886,14.452,107584.968332123
0.5658028728029925,14.454,107584.971866923
0.5929337730207894,14.456,107584.975239981
0.5666834860410553,14.458,107584.978769288
0.5598115224077689,14.46,107584.982341919
0.6064584810809738,14.462,107584.985639754
0.5769083758173895,14.464,107584.989106509
0.5688908325070183,14.466,107584.992622122
0.6123453081051349,14.468,107584.995888253
0.5749451017037935,14.47,107584.999366846
0.5491203213327794,14.472,107585.003009035
0.632303300647193,14.474,107585.006172074
0.595762224301113,14.475999999999999,107585.009529118
0.5441401008630818,14.478,107585.013204642
0.6009584681586937,14.48,107585.016532659
0.6015596659222929,14.482,107585.01985735
0.6054828282878898,14.484,107585.023160499
0.6073186755933495,14.486,107585.026453663
0.5810014833655897,14.488,107585.029895995
0.6218308018715653,14.49,107585.033112304
0.5583722322496534,14.492,107585.036694144
0.6622334566384277,14.494,107585.039714227
0.5835633547023538,14.496,107585.043141447
0.6490838481599392,14.498,107585.046222713
0.5696274096188442,14.5,107585.04973378
0.6552811563617107,14.502,107585.052785905
0.5319513943358575,14.504,107585.056545647
0.6206039930402322,14.506,107585.059768314
0.6348972521652213,14.508,107585.06291843
0.576831671896108,14.51,107585.066385646
0.6644944347347631,14.512,107585.069395453
0.5518057280228419,14.514,107585.073019917
0.5806528244921138,14.516,107585.076464316
0.6248488630623601,14.518,107585.07966509
0.5509480986300166,14.52,107585.083295196
0.6610608726987005,14.522,107585.086320636
0.5915763070681721,14.524000000000001,107585.089701434
0.6106010726132015,14.526,107585.092976895
0.598975094871513,14.528,107585.096315932
0.5878414400264482,14.53,107585.09971821
0.6280866535310947,14.532,107585.102902484
0.5471728668606363,14.534,107585.106557636
0.6729520369609961,14.536,107585.109529616
0.5447640817723824,14.538,107585.11320093
0.6301548660562201,14.54,107585.116374753
0.5739096629165197,14.542,107585.119859622
0.6463986239357453,14.544,107585.122953688
0.6220416097496922,14.546,107585.126168907
0.5928692644257468,14.548,107585.129542332
0.5403630971689543,14.55,107585.133243547
0.6649422489191743,14.552,107585.136251327
0.6310902189599243,14.554,107585.139420446
0.5967747901166981,14.556000000000001,107585.142771794
0.6023417839872837,14.558,107585.146092168
0.6165971305235561,14.56,107585.149335777
0.6048209058673929,14.562,107585.152642541
0.5902752159482355,14.564,107585.156030791
0.5814017703930642,14.566,107585.159470753
0.6089980073017123,14.568,107585.162754836
0.6008416598102955,14.57,107585.1660835
0.6074238117698242,14.572,107585.169376094
0.5758739889626184,14.574,107585.172849076
0.644362696633251,14.576,107585.175952918
0.6049143852655282,14.578,107585.179259171
0.5912227058815114,14.58,107585.182641991
0.6002503656702755,14.582,107585.185973934
0.548784018367426,14.584,107585.189618355
0.6136776459305473,14.586,107585.192877395
0.638067218915282,14.588,107585.196011861
0.5946818203342461,14.59,107585.199375004
0.5643667312839982,14.592,107585.202918799
0.6294313921630562,14.594,107585.20609627
0.6108909016994644,14.596,107585.209370177
0.59319668688688,14.598,107585.21274174
0.5776081553846181,14.6,107585.216204295
0.6266204008659733,14.602,107585.21939602
0.5469552912177809,14.604,107585.223052626
0.5693814000233525,14.606,107585.22656521
0.5655348911084432,14.608,107585.230101685
0.5138490014271114,14.61,107585.233993879
0.6553936767306631,14.612,107585.23704548
0.5466386637585217,14.614,107585.240704204
0.6019514661456586,14.616,107585.244026731
0.6005192690511794,14.618,107585.247357182
0.591953982841886,14.62,107585.250735823
0.5538029236916897,14.622,107585.254347216
0.5813285978493026,14.624,107585.257787611
0.5819095939400794,14.626,107585.261224571
0.5736166728232817,14.628,107585.26471122
0.5841981431226295,14.63,107585.268134716
0.5690271143481438,14.632,107585.271649487
0.5929473052123541,14.634,107585.275022468
0.5431072363086858,14.636,107585.278704982
0.5728349633651075,14.638,107585.282196389
0.56606294152204,14.64,107585.285729565
0.5420252503025877,14.642,107585.28941943
0.6111698004545463,14.644,107585.292691843
0.5790151591318665,14.646,107585.296145984
0.5619639731898122,14.648,107585.299704931
0.5994161704500218,14.65,107585.303041511
0.4563479249100993,14.652,107585.307424132
0.6072262974642251,14.654,107585.310717797
0.5399958744537197,14.656,107585.314421529
0.5536678537687119,14.658,107585.318033803
0.6112704835247537,14.66,107585.321305677
0.5705557856451334,14.662,107585.324811031
0.6053759790361593,14.664,107585.328114763
0.5887305208807926,14.666,107585.331511903
0.560823401245932,14.668,107585.335078088
0.5833021010199414,14.67,107585.338506843
0.5891915193879391,14.672,107585.341901325
0.5792454035961384,14.674,107585.345354093
0.5836273855921137,14.676,107585.348780937
0.6020804881117611,14.678,107585.352102752
0.6097570273298865,14.68,107585.355382747
0.6008992451877903,14.682,107585.358711092
0.6095527915717962,14.684,107585.361992186
0.55389080593965,14.686,107585.365603006
0.5604317769571456,14.688,107585.369171683
0.5456588219286556,14.69,107585.372836977
0.5681903732705383,14.692,107585.376356924
0.5598713864604479,14.693999999999999,107585.379929173
0.5879240401149218,14.696,107585.383330973
0.5649963299913895,14.698,107585.386870819
0.5862329641677891,14.7,107585.390282432
0.5693365032275665,14.702,107585.393795293
0.5659647476966889,14.704,107585.397329082
0.565465336636552,14.706,107585.400865992
0.5783838843619251,14.708,107585.404323903
0.5647088594970852,14.71,107585.407865551
0.5672474705020354,14.712,107585.411391349
0.5714911089233876,14.714,107585.414890966
0.5549481955586106,14.716,107585.418494906
0.575342214208419,14.718,107585.421971098
0.6174968344714028,14.72,107585.425209981
0.565220032765837,14.722,107585.428748426
0.6019585318105858,14.724,107585.432070914
0.5896000438493655,14.725999999999999,107585.435463044
0.5842894519886327,14.728,107585.438886005
0.5966213336720025,14.73,107585.442238215
0.5810576915576762,14.732,107585.445680214
0.5947783819228903,14.734,107585.449042811
0.5887017527560766,14.736,107585.452440117
0.5882392742753432,14.738,107585.455840094
0.5977931282245268,14.74,107585.459185733
0.5821021623080732,14.742,107585.462621556
0.6048273070973079,14.744,107585.465928285
0.5835466696766674,14.746,107585.469355603
0.6004208345673042,14.748,107585.4726866
0.5864696740770071,14.75,107585.476096836
0.5891970737279045,14.752,107585.479491286
0.5981408587009491,14.754,107585.48283498
0.5956497297047404,14.756,107585.486192658
0.5681200044257969,14.758,107585.489713041
0.6098432957118265,14.76,107585.492992572
0.5960217934185392,14.762,107585.496348154
0.6085177274240255,14.764,107585.499634829
0.5968127208093432,14.766,107585.502985964
0.5985629713751233,14.768,107585.5063273
0.6030019232894714,14.77,107585.509644039
0.6006357735772669,14.772,107585.512973844
0.6080191652782929,14.774000000000001,107585.516263214
0.5794617318240544,14.776,107585.519714693
0.622040061323578,14.778,107585.52292992
0.6118194956881993,14.78,107585.526198858
0.6019815438255992,14.782,107585.529521219
0.5527706648940034,14.784,107585.533139356
0.6596945744072356,14.786,107585.536171062
0.6103664662218672,14.788,107585.539447782
0.5949133700237051,14.79,107585.542809616
0.5646686821626531,14.792,107585.546351516
0.5666234412585197,14.794,107585.549881197
0.7093300316613905,14.796,107585.552700759
0.593745072981264,14.798,107585.556069208
0.5721707590025551,14.8,107585.559564668
0.5981004321057162,14.802,107585.562908588
0.6325522795256088,14.804,107585.566070382
0.5645016538334082,14.806000000000001,107585.56961333
0.5437949317868035,14.808,107585.573291187
0.7030645513322669,14.81,107585.576135876
0.6063172806960688,14.812,107585.579434479
0.6096538701147908,14.814,107585.582715029
0.5478221332351754,14.816,107585.586365849
0.6370731340956166,14.818,107585.589505206
0.5815650837514933,14.82,107585.592944202
0.5813108552673992,14.822,107585.596384702
0.6197689560581001,14.824,107585.599611711
0.6049947160812038,14.826,107585.602917525
0.6294228770273406,14.828,107585.606095039
0.549030329602889,14.83,107585.609737825
0.5421998191421841,14.832,107585.613426502
0.6631200769209892,14.834,107585.616442547
0.6160850564972807,14.836,107585.619688852
0.5988296471745617,14.838,107585.6230287
0.5393834909328838,14.84,107585.626736637
0.6319173224788165,14.842,107585.629901608
0.6130407238414095,14.844,107585.633164034
0.5697590159777535,14.846,107585.63667429
0.5872788922767751,14.848,107585.640079827
0.6104907336001228,14.85,107585.64335588
0.5893990105973964,14.852,107585.646749167
0.6020366316319788,14.854,107585.650071224
0.6236558261960978,14.856,107585.653278121
0.641706425572679,14.858,107585.656394811
0.5685250333911674,14.86,107585.659912686
0.6950120368720544,14.862,107585.662790334
0.6147380988535012,14.864,107585.666043752
0.6773739158308587,14.866,107585.668996331
0.6285570451786038,14.868,107585.672178222
0.6537248742240642,14.87,107585.675237613
0.6120527893496067,14.872,107585.678505305
0.5783318717916923,14.874,107585.681963527
0.6916224791412833,14.876,107585.684855278
0.6272004937034865,14.878,107585.688044051
0.6313601630158532,14.88,107585.691211815
0.6622398161515172,14.882,107585.694231869
0.6375950941288049,14.884,107585.697368656
0.6262625038183044,14.886,107585.700562205
0.6381083406829446,14.888,107585.703696469
0.6355606359731821,14.89,107585.706843297
0.6227712573702149,14.892,107585.710054749
0.6150324365271687,14.894,107585.71330661
0.5849377936095285,14.896,107585.716725777
0.6071470332059291,14.898,107585.720019872
0.6295352094433689,14.9,107585.723196819
0.6373358351981468,14.902,107585.726334882
0.5990578012715129,14.904,107585.729673458
0.583694154844799,14.906,107585.73309991
0.5924990202693882,14.908,107585.736475443
0.5969930073840175,14.91,107585.739825566
0.6328907621814309,14.912,107585.742985669
0.6029831981687204,14.914,107585.746302511
0.5774515570147565,14.916,107585.749766005
0.6049482346155355,14.918,107585.753072073
0.6371999892942071,14.92,107585.756210805
0.5755561328229926,14.922,107585.759685705
0.6569510156496245,14.924,107585.762730072
0.6083259766834274,14.926,107585.766017783
0.6354273612437737,14.928,107585.769165271
0.6209581461305365,14.93,107585.7723861
0.597450616866138,14.932,107585.775733657
0.5883145445091437,14.934,107585.779133199
0.6543663245520371,14.936,107585.782189591
0.6443245013544648,14.938,107585.785293617
0.6121798058291258,14.94,107585.788560631
0.6561296622149456,14.942,107585.791608809
0.6348549332586756,14.943999999999999,107585.794759135
0.6269460797954431,14.946,107585.797949202
0.6311631107263511,14.948,107585.801117955
0.6103644142754053,14.95,107585.804394686
0.5953513185267122,14.952,107585.807754047
0.6389355826369862,14.954,107585.810884253
0.6163290221838873,14.956,107585.814129273
0.6437096205291928,14.958,107585.817236264
0.630193185587423,14.96,107585.820409894
0.6220241974320734,14.962,107585.823625203
0.6519535950661665,14.964,107585.826692906
0.62744507697509,14.966,107585.829880436
0.6195439478655473,14.968,107585.833108617
0.6645759096605355,14.97,107585.836118055
0.5784774020102741,14.972,107585.839575407
0.6499962121354739,14.974,107585.842652348
0.6231191537252226,14.975999999999999,107585.845862007
0.6740958778225167,14.978,107585.848828944
0.60733933223383,14.98,107585.852121996
0.6725297813439192,14.982,107585.855095842
0.6071182795789299,14.984,107585.858390093
0.6553786411554355,14.986,107585.861441764
0.650185336977716,14.988,107585.86451781
0.6516534389211776,14.99,107585.867586926
0.6020808520926786,14.992,107585.870908739
0.6155404898999012,14.994,107585.874157916
0.6706024303172626,14.996,107585.877140309
0.6400587839228444,14.998,107585.880265022
0.49448769911483115,15.0,107585.884309612
0.5928532705324766,15.002,107585.887683128
0.6691624193806212,15.004,107585.890671939
0.6369649916065917,15.006,107585.893811829
0.6177430637089234,15.008,107585.897049421
0.6267967514790874,15.01,107585.900240248
0.6147069226556117,15.012,107585.903493831
0.6509069089659114,15.014,107585.906566467
0.5961511301296477,15.016,107585.909921321
0.659733746022299,15.018,107585.912952847
0.6310766747878023,15.02,107585.916122034
0.6324058676302133,15.022,107585.91928456
0.6209423373750697,15.024,107585.922505471
0.6414176851554446,15.026,107585.925623564
0.6323540810086801,15.028,107585.928786349
0.6171685189852875,15.03,107585.932026955
0.6377874377964962,15.032,107585.935162796
0.6212430323917196,15.034,107585.938382148
0.5891238325475445,15.036,107585.94177702
0.6801629099176747,15.038,107585.944717492
0.5530448868632073,15.04,107585.948333835
0.6888420987973985,15.042,107585.951237258
0.5941668276833818,15.044,107585.954603316
0.6534809468767763,15.046,107585.957663849
0.6313543827497211,15.048,107585.960831642
0.6791185335618493,15.05,107585.963776636
0.5547914830847125,15.052,107585.967381594
0.6600246195862227,15.054,107585.970411784
0.5868754689832089,15.056,107585.973819662
0.6068189461445846,15.058,107585.977115538
0.5971058283952654,15.06,107585.980465028
0.5951812336192595,15.062,107585.983825349
0.5557065238455222,15.064,107585.987424371
0.5765524738356318,15.066,107585.990893266
0.7053151131490722,15.068,107585.993728878
0.5603933072417617,15.07,107585.9972978
0.6681204983740657,15.072,107586.000291272
0.5758668588367913,15.074,107586.003764297
0.6286635360504892,15.076,107586.006945649
0.6191892966869404,15.078,107586.010175679
0.6026387133016785,15.08,107586.013494417
0.5714625324521108,15.082,107586.016994209
0.6030533797084965,15.084,107586.020310665
0.6123426862754415,15.086,107586.02357681
0.5860039958405843,15.088,107586.026989756
0.6376306675409067,15.09,107586.030126368
0.5840171446373023,15.092,107586.033550925
0.6489132648953325,15.094,107586.036633001
0.5776325089547943,15.096,107586.04009541
0.606503538207893,15.098,107586.043393
0.6392157597832874,15.1,107586.046521834
0.5885979733285397,15.102,107586.049919739
0.5802193929572339,15.104,107586.053366711
0.6290087500938767,15.106,107586.056546317
0.6160180739933785,15.108,107586.059792975
0.6106051715636279,15.11,107586.063068414
0.6082553029102428,15.112,107586.066356507
0.5932623192644066,15.114,107586.069727697
0.620654256900651,15.116,107586.072950103
0.6135430420374461,15.118,107586.076209858
0.6188834962756647,15.12,107586.079441484
0.5983666984316843,15.122,107586.082783916
0.5849790273676881,15.124,107586.086202842
0.6219619095748282,15.126,107586.089418473
0.5682751321365346,15.128,107586.092937895
0.6727535144225222,15.13,107586.095910752
0.599733240044332,15.132,107586.099245568
0.5843264928053632,15.134,107586.102668312
0.6032541934613438,15.136,107586.105983664
0.6317163305492355,15.138,107586.109149642
0.6066255038234245,15.14,107586.112446569
0.6123871212738949,15.142,107586.115712477
0.599032503152456,15.144,107586.119051194
0.574720403846382,15.146,107586.122531147
0.6613371717354227,15.148,107586.125555323
0.6088100286909045,15.15,107586.12884042
0.5943123137840519,15.152,107586.132205654
0.5959896437513549,15.154,107586.135561417
0.6038740337647326,15.156,107586.138873366
0.6001667871656684,15.158,107586.142205773
0.594754149148426,15.16,107586.145568507
0.5865680604791011,15.162,107586.148978171
0.6006909750197575,15.164,107586.15230767
0.588592430278175,15.166,107586.155705607
0.6006245890915756,15.168,107586.159035474
0.600752683068266,15.17,107586.162364631
0.580769671679522,15.172,107586.165808337
0.5926522977485386,15.174,107586.169182997
0.5898841939238534,15.176,107586.172573493
0.6122823221964233,15.178,107586.17583996
0.67191138039316,15.18,107586.178816543
0.6175065586850725,15.182,107586.182055375
0.5168126927032389,15.184,107586.185925249
0.6596606315484902,15.186,107586.188957111
0.621750573476062,15.188,107586.192173835
0.6273301418335321,15.19,107586.195361949
0.6128526846997767,15.192,107586.198625376
0.6183920921521284,15.194,107586.20185957
0.6071831608057097,15.196,107586.205153469
0.6239737586166643,15.198,107586.208358732
0.6130364007181476,15.2,107586.211621181
0.5956220598961649,15.202,107586.214979015
0.6261105630569246,15.204,107586.218173339
0.626206622630713,15.206,107586.221367173
0.632581888563242,15.208,107586.224528819
0.5966049605955176,15.21,107586.227881121
0.6554866838584295,15.212,107586.230932289
0.6178592870774978,15.214,107586.234169272
0.5871387251479225,15.216,107586.237575622
0.6610711398002079,15.218,107586.240601015
0.6311720730170888,15.22,107586.243769723
0.6249781261534494,15.222,107586.246969835
0.630345131318878,15.224,107586.2501427
0.6342587898480233,15.226,107586.253295987
0.6187684222634098,15.228,107586.256528214
0.6314040158577238,15.23,107586.259695758
0.6232010892967075,15.232,107586.262904995
0.6262197588356944,15.234,107586.266098762
0.6334849370204332,15.236,107586.269255901
0.6141202845681154,15.238,107586.272512592
0.615441424119578,15.24,107586.275762292
0.6356594145150459,15.242,107586.278908631
0.6214999818754494,15.244,107586.282126652
0.6390987190118446,15.246,107586.285256059
0.6321324295876832,15.248,107586.288419953
0.6130168612902792,15.25,107586.291682506
0.6393183335075342,15.252,107586.294810838
0.626094294071549,15.254,107586.298005245
0.6177669152177668,15.256,107586.301242712
0.6304101015067701,15.258,107586.30441525
0.6243781570380077,15.26,107586.307618437
0.6070143536802595,15.262,107586.310913252
0.6279048459972777,15.264,107586.314098448
0.6227105662475069,15.266,107586.317310213
0.6429102750462384,15.268,107586.320421067
0.5973169697366724,15.27,107586.323769373
0.567520464316728,15.272,107586.327293475
0.6773720796795429,15.274000000000001,107586.330246062
0.6164772032423333,15.276,107586.333490302
0.6760520737012256,15.278,107586.336448654
0.6196174593692984,15.28,107586.339676452
0.5933939811528274,15.282,107586.343046894
0.6248810793559134,15.284,107586.346247503
0.6589985584868495,15.286,107586.349282411
0.6310541748984458,15.288,107586.352451711
0.6193605286917044,15.29,107586.355680848
0.5960360045785918,15.292,107586.35903635
0.6697374120693521,15.294,107586.362022595
0.6406543907074155,15.296,107586.365144403
0.6388163996966226,15.298,107586.368275193
0.6090937083360307,15.3,107586.37155876
0.6412708451503364,15.302,107586.374677567
0.6200698638362224,15.304,107586.37790301
0.6344819352164167,15.306,107586.381055188
0.6413584502491274,15.308,107586.384173569
0.5787670054614978,15.31,107586.387629191
0.6609380960104139,15.312,107586.390655193
0.6074535152405537,15.314,107586.393947626
0.6404215505936524,15.316,107586.397070569
0.6662402716105618,15.318,107586.400072489
0.6201369637421146,15.32,107586.403297583
0.6268330970100008,15.322,107586.406488225
0.6412733106340227,15.324,107586.40960702
0.625323215474703,15.326,107586.412805366
0.6348071750990953,15.328,107586.415955929
0.6356258773980261,15.33,107586.419102434
0.646214618226252,15.332,107586.422197381
0.5553448331666154,15.334,107586.425798747
0.6526437454736962,15.336,107586.428863206
0.6566404249065583,15.338,107586.431909013
0.6580971467960159,15.34,107586.434948078
0.6243364459890777,15.342,107586.438151479
0.6366503039186385,15.344,107586.441292921
0.6391128088363687,15.346,107586.444422259
0.6306770792259647,15.348,107586.447593454
0.6334590534758407,15.35,107586.450750722
0.6009378833057013,15.352,107586.454078853
0.6789926448486704,15.354,107586.457024393
0.6310828498616566,15.356,107586.460193549
0.581644747761029,15.358,107586.463632074
0.6912483791923953,15.36,107586.46652539
0.630259913491151,15.362,107586.469698684
0.6308569139299849,15.364,107586.472868975
0.6319700372186184,15.366,107586.476033682
0.6328152680850666,15.368,107586.479194162
0.5980610857818324,15.37,107586.482538302
0.6851199159507684,15.372,107586.485457499
0.6194929031194873,15.374,107586.488685946
0.6540998807363897,15.376,107586.491743583
0.6714491767339501,15.378,107586.494722215
0.6947771166804395,15.38,107586.497600836
0.6539809610813692,15.382,107586.500659029
0.6045316904093893,15.384,107586.503967375
0.7194901964391436,15.386,107586.506747121
0.6192769154852872,15.388,107586.509976694
0.6555038722027756,15.39,107586.513027782
0.6955667689713148,15.392,107586.515903135
0.7119345499248831,15.394,107586.518712382
0.6619857668125334,15.396,107586.521733595
0.6691848092174045,15.398,107586.524722306
0.6700353823304235,15.4,107586.527707223
0.6591084492463487,15.402,107586.530741625
0.6576680153575546,15.404,107586.533782673
0.6023539380154754,15.406,107586.53710298
0.7012374397842653,15.408,107586.539955081
0.667694917570219,15.41,107586.542950461
0.6783399918345184,15.412,107586.545898835
0.5964396718720304,15.414,107586.549252066
0.6976324794169233,15.416,107586.552118905
0.5998733668850211,15.418,107586.555452942
0.656365020127865,15.42,107586.558500027
0.6371930853752137,15.422,107586.561638793
0.6396825148840595,15.424,107586.564765344
0.6716875307710685,15.426,107586.567742919
0.6750337077242292,15.428,107586.570705734
0.657777894069959,15.43,107586.573746274
0.6689332378132125,15.432,107586.576736109
0.656163242664673,15.434,107586.579784131
0.6331802935048235,15.436,107586.582942789
0.6369771601213107,15.438,107586.586082619
0.6229130468174243,15.44,107586.58929334
0.6402341733575508,15.442,107586.592417197
0.6285461793249955,15.444,107586.595599143
0.6412064919755566,15.446,107586.598718263
0.6330588388777212,15.448,107586.601877527
0.6379593487198867,15.45,107586.605012523
0.6251107607098535,15.452,107586.608211956
0.6301947748708355,15.454,107586.611385578
0.6163975927854805,15.456,107586.614630237
0.6312872257306011,15.458,107586.617798367
0.6206943224826277,15.46,107586.621020565
0.6235432481163344,15.462,107586.624228041
0.6305204030966619,15.464,107586.627400024
0.6374731582722599,15.466,107586.630537411
0.6285260296225417,15.468,107586.633719459
0.6117206900340523,15.47,107586.636988925
0.626486927936301,15.472,107586.64018133
0.6455194506582287,15.474,107586.64327961
0.6348454614001959,15.475999999999999,107586.646429983
0.6333942560816803,15.478,107586.649587574
0.6217878804803749,15.48,107586.652804105
0.6024261516057009,15.482,107586.656124014
0.6668258159642989,15.484,107586.659123298
0.6567762728018526,15.486,107586.662168475
0.6302704398144163,15.488,107586.665341716
0.6249974606876759,15.49,107586.668541729
0.6238384912698254,15.492,107586.671747687
0.6412286955027278,15.494,107586.674866699
0.6405513878506056,15.496,107586.677989009
0.6251408515146576,15.498,107586.681188288
0.6350891862666809,15.5,107586.684337452
0.611930876841272,15.502,107586.687605795
0.6221313922622291,15.504,107586.69082055
0.6466688608220008,15.506,107586.693913323
0.628768089695603,15.508,107586.697094146
0.632617504600014,15.51,107586.700255614
0.6225155792098446,15.512,107586.703468385
0.6446981479643981,15.514,107586.706570612
0.6314983147313877,15.516,107586.709737683
0.643516379468588,15.518,107586.712845607
0.6301578419952177,15.52,107586.716019415
0.6462187960414222,15.522,107586.719114342
0.6277798894499969,15.524000000000001,107586.722300172
0.6082380993427391,15.526,107586.725588358
0.6390433761761425,15.528,107586.728718036
0.6098737964837234,15.53,107586.731997403
0.6535138279236579,15.532,107586.735057782
0.624033528872347,15.534,107586.738262738
0.631115906379156,15.536,107586.741431728
0.5968340944178747,15.538,107586.744782743
0.6321184452542294,15.54,107586.747946707
0.6346458205232053,15.542,107586.751098071
0.6311987671949684,15.544,107586.754266645
0.6227156081059895,15.546,107586.757478384
0.6316321378406728,15.548,107586.760644784
0.6174137208946541,15.55,107586.763884103
0.5930397883059828,15.552,107586.767256558
0.6606287387323988,15.554,107586.770283977
0.6287360696298564,15.556000000000001,107586.773464962
0.6091870281886062,15.558,107586.776748026
0.6945792596904508,15.56,107586.779627467
0.5976411097626081,15.562,107586.782973957
0.6468221622483855,15.564,107586.786065997
0.6406069892155151,15.566,107586.789188036
0.645807721033693,15.568,107586.792284933
0.6377459519565384,15.57,107586.795420978
0.6168951537854208,15.572,107586.79866302
0.6068012718431011,15.574,107586.801958992
0.648415919368215,15.576,107586.805043432
0.6129730866636808,15.578,107586.808306218
0.6043365969240444,15.58,107586.811615632
0.6808703026968901,15.582,107586.814553049
0.634641796867114,15.584,107586.817704433
0.6191795166145564,15.586,107586.820934514
0.6323584801262481,15.588,107586.824097277
0.6351008811507083,15.59,107586.827246383
0.6357416524600294,15.592,107586.830392315
0.6188984339585484,15.594,107586.833623863
0.6005158422827765,15.596,107586.836954333
0.5817883940257847,15.598,107586.840392009
0.6510944421049715,15.6,107586.84346376
0.5972900351548361,15.602,107586.846812217
0.6499079249362161,15.604,107586.849889576
0.6492361899235229,15.606,107586.852970119
0.6230712043299005,15.608,107586.856180025
0.6297994666932792,15.61,107586.859355639
0.6336292374839023,15.612,107586.862512059
0.6535048600374214,15.614,107586.86557248
0.6397391923571168,15.616,107586.868698754
0.5895956984961807,15.618,107586.872090909
0.6581558360438955,15.62,107586.875129703
0.6175111337491715,15.622,107586.878368511
0.6411962134184938,15.624,107586.881487681
0.5127108721728753,15.626,107586.885388515
0.6211864963587541,15.628,107586.88860816
0.6063740852310088,15.63,107586.891906454
0.6738780608360203,15.632,107586.89487435
0.6304267921979902,15.634,107586.898046804
0.6395520058201343,15.636,107586.901173993
0.6151406405853519,15.638,107586.904425282
0.6137256676820154,15.64,107586.907684067
0.6365982238168644,15.642,107586.910825766
0.6192483435365723,15.644,107586.914055488
0.6415913522688527,15.646,107586.917172737
0.6315206489821181,15.648,107586.920339696
0.6334893489669065,15.65,107586.923496813
0.6506684650195708,15.652,107586.926570575
0.6232853811806004,15.654,107586.929779378
0.5420760811073546,15.656,107586.933468897
0.6530381955413935,15.658,107586.936531505
0.6381973211929944,15.66,107586.939665332
0.629449420567318,15.662,107586.942842712
0.6541005220138071,15.664,107586.945900346
0.6276323305284517,15.666,107586.949086925
0.6412807131808963,15.668,107586.952205684
0.6226219732009389,15.67,107586.955417906
0.6180276831476453,15.672,107586.958654007
0.6341433552317342,15.674,107586.961807868
0.5853262243368159,15.676,107586.965224766
0.6448841988244076,15.678,107586.968326098
0.6175212385270096,15.68,107586.971564853
0.5948174725329597,15.682,107586.974927229
0.6053607724057221,15.684,107586.978231044
0.6063441180749011,15.686,107586.981529501
0.6196099758671072,15.688,107586.984757338
0.5783064518028809,15.69,107586.988215712
0.5973936905385315,15.692,107586.991563588
0.6098719372862449,15.693999999999999,107586.994842965
0.6110305053347268,15.696,107586.998116124
0.5869068132723816,15.698,107587.00152382
0.6080180543803377,15.7,107587.004813196
0.6484745773148612,15.702,107587.007897357
0.6148951607044403,15.704,107587.011149944
0.5969693042853715,15.706,107587.0145002
0.6058428712158144,15.708,107587.017801386
0.5987392933784231,15.71,107587.021141738
0.5955853437391857,15.712,107587.024499779
0.6334147162164596,15.714,107587.027657268
0.5931926391100799,15.716,107587.031028854
0.6107550936926995,15.718,107587.034303489
0.6043870029914478,15.72,107587.037612627
0.5886445753776075,15.722,107587.041010263
0.6369436874930914,15.724,107587.044150258
0.5999539854485161,15.725999999999999,107587.047483847
0.6222461711797578,15.728,107587.050698009
0.6026085725600128,15.73,107587.054016913
0.6143793006238109,15.732,107587.057272231
0.6064597682586172,15.734,107587.060570059
0.5569778606343647,15.736,107587.064160866
0.6545905606880599,15.738,107587.067216211
0.599373953290655,15.74,107587.070553026
0.604882368593238,15.742,107587.073859454
0.5965741722180543,15.744,107587.077211929
0.586344506155433,15.746,107587.080622893
0.6077680658738389,15.748,107587.083913622
0.5755581188915803,15.75,107587.08738851
0.6145497728296869,15.752,107587.090642925
0.6085103210424389,15.754,107587.09392964
0.6419610131644016,15.756,107587.097045094
0.6139219679847522,15.758,107587.100302837
0.5073233404271876,15.76,107587.104245096
0.6115942341107191,15.762,107587.107515238
0.5963439958776445,15.764,107587.110869007
0.603574974356304,15.766,107587.114182597
0.612168190019192,15.768,107587.117449673
0.6157527392712168,15.77,107587.12069773
0.5704957297465351,15.772,107587.124203453
0.6801476453820644,15.774000000000001,107587.127143991
0.6329206069421606,15.776,107587.130303945
0.6059537377606505,15.778,107587.133604527
0.6274877917308507,15.78,107587.13679184
0.6327445984833004,15.782,107587.139952673
0.6423422348186844,15.784,107587.143066278
0.6211936361496257,15.786,107587.146285886
0.6497968592656367,15.788,107587.149363771
0.6375906188919178,15.79,107587.15250058
0.6207702269396588,15.792,107587.155722384
0.6261260484703605,15.794,107587.158916629
0.6381384751252264,15.796,107587.162050745
0.6375894032244664,15.798,107587.16518756
0.6408235332934601,15.8,107587.168308544
0.6322137574042003,15.802,107587.171472031
0.6108246664755747,15.804,107587.174746293
0.6698296023760315,15.806000000000001,107587.177732127
0.6410449569078166,15.808,107587.180852033
0.6240623457562745,15.81,107587.184056841
0.6492625354194747,15.812,107587.187137259
0.6201642689403165,15.814,107587.190362211
0.6344903886048513,15.816,107587.193514347
0.6320413361120976,15.818,107587.196678697
0.6283129760118296,15.82,107587.199861824
0.6701144055578174,15.822,107587.202846389
0.6014804236611347,15.824,107587.206171518
0.6610355258657052,15.826,107587.209197074
0.6537524404450672,15.828,107587.212256336
0.6433929967788998,15.83,107587.215364856
0.6012563863724565,15.832,107587.218691224
0.6669298827843552,15.834,107587.22169004
0.641470146665191,15.836,107587.224807878
0.6051746670807218,15.838,107587.228112709
0.6193800922117512,15.84,107587.231341744
0.6342646234184147,15.842,107587.234495002
0.6375904207170099,15.844,107587.237631812
0.6368459288331484,15.846,107587.240772289
0.648892633777647,15.848,107587.243854463
0.6473543596418087,15.85,107587.246943961
0.6048154203479416,15.852,107587.250250755
0.6761832682161223,15.854,107587.253208533
0.6417364873112331,15.856,107587.256325077
0.6069889313332002,15.858,107587.25962003
0.6577071606910887,15.86,107587.262660897
0.6367042154010384,15.862,107587.265802073
0.5614038249392538,15.864,107587.269364571
0.665944117637113,15.866,107587.272367826
0.6628794157312318,15.868,107587.275384966
0.5715107049187209,15.87,107587.278884463
0.658246378505239,15.872,107587.281922839
0.7063531158169877,15.874,107587.284754284
0.6370786120245092,15.876,107587.287893614
0.6352477392239269,15.878,107587.291041992
0.6526635527390162,15.88,107587.294106358
0.6468690235849274,15.882,107587.297198174
0.628918951759137,15.884,107587.300378234
0.6318568313689948,15.886,107587.303543508
0.6303910233838456,15.888,107587.306716142
0.646101473152878,15.89,107587.309811631
0.623364253242712,15.892,107587.313020028
0.6379483567220389,15.894,107587.316155078
0.6491352564702716,15.896,107587.3192361
0.6200396829858942,15.898,107587.3224617
0.6710886924290282,15.9,107587.325441932
0.6397956743697871,15.902,107587.32856793
0.6335776533765777,15.904,107587.331724607
0.6409315553710248,15.906,107587.334845065
0.6265803521584543,15.908,107587.338036994
0.5697741093031728,15.91,107587.341547157
0.6638805825084736,15.912,107587.344559747
0.6406673187901825,15.914,107587.347681492
0.6180849798487917,15.916,107587.350917293
0.6404629793754943,15.918,107587.354040034
0.6377221573000352,15.92,107587.357176196
0.6480866706713071,15.922,107587.360262203
0.5558745653664966,15.924,107587.363860137
0.6381081392234321,15.926,107587.366994402
0.6263884271233828,15.928,107587.370187309
0.6652530036211783,15.93,107587.373193684
0.5727647498820806,15.932,107587.376685519
0.6303961932729812,15.934,107587.379858127
0.5603207718645612,15.936,107587.383427511
0.7136357942171377,15.938,107587.386230061
0.6526482206756239,15.94,107587.389294499
0.5658427318069386,15.942,107587.39282905
0.6640915406517466,15.943999999999999,107587.395840683
0.6408021824219643,15.946,107587.398961771
0.5918802331221676,15.948,107587.402340833
0.6656686056459107,15.95,107587.405345331
0.615537647664866,15.952,107587.408594523
0.6513887763847149,15.954,107587.411664886
0.64379126179703,15.956,107587.414771483
0.6001417543174211,15.958,107587.418104029
0.610113421996631,15.96,107587.421382108
0.675069711999157,15.962,107587.424344765
0.640430983660861,15.964,107587.427467662
0.5933235656895751,15.966,107587.430838504
0.6694065501220822,15.968,107587.433826225
0.6311766557097589,15.97,107587.43699491
0.6412768054284114,15.972,107587.440113688
0.6271645033580041,15.974,107587.443302644
0.6468763458064984,15.975999999999999,107587.446394425
0.5734740730207373,15.978,107587.449881941
0.7225070691633249,15.98,107587.45265008
0.5865897380573217,15.982,107587.456059618
0.661669079567665,15.984,107587.459082277
0.6442618170210032,15.986,107587.462186605
0.5859597020623079,15.988,107587.465599809
0.7146144375762996,15.99,107587.468398521
0.6288455876114257,15.992,107587.471578952
0.6295738545108691,15.994,107587.474755704
0.6411458544454592,15.996,107587.477875119
0.6450838818520617,15.998,107587.480975491
0.6445911381168449,16.0,107587.484078233
0.6018907794470664,16.002,107587.487401095
0.676191957776686,16.004,107587.490358835
0.6278729109215374,16.006,107587.493544193
0.6424220852181434,16.008,107587.496657411
0.633307009569303,16.01,107587.499815437
0.6463461891252029,16.012,107587.502909754
0.6383639500643978,16.014,107587.506042763
0.6256140784046064,16.016,107587.509239622
0.6538531072137296,16.018,107587.512298413
0.6352683192790802,16.02,107587.515446689
0.6338812703295251,16.022,107587.518601854
0.6511506148384795,16.024,107587.52167334
0.6271989194861292,16.026,107587.524862121
0.6306981629983339,16.028,107587.52803321
0.6032236257604783,16.03,107587.53134873
0.6654925173208472,16.032,107587.534354023
0.6295794032259339,16.034,107587.537530747
0.6502548831297186,16.036,107587.540606464
0.6387148032336737,16.038,107587.543737752
0.6437556188383319,16.04,107587.546844521
0.626191330090712,16.042,107587.550038433
0.635030102138854,16.044,107587.55318789
0.6376896241393002,16.046,107587.556324212
0.6051310887175066,16.048,107587.559629281
0.658094112245461,16.05,107587.56266836
0.6419828521539641,16.052,107587.565783708
0.6232185703930229,16.054,107587.568992855
0.6248504255049118,16.056,107587.572193621
0.6579685416636849,16.058,107587.57523328
0.6545607852110953,16.06,107587.578288764
0.6264802542129271,16.062,107587.581481203
0.628399641988359,16.064,107587.584663891
0.6382347964347007,16.066,107587.587797534
0.6233490992125018,16.068,107587.591006009
0.6479818905406164,16.07,107587.594092515
0.6253003416157877,16.072,107587.597290978
0.6453655175092696,16.074,107587.600389997
0.6439102329074584,16.076,107587.60349602
0.6277611680342028,16.078,107587.606681945
0.6189988082467331,16.08,107587.609912969
0.6426770307302401,16.082,107587.613024952
0.6113601748379034,16.084,107587.616296346
0.6151264508787951,16.086,107587.61954771
0.5944591053189467,16.088,107587.622912113
0.6033495544109496,16.09,107587.626226941
0.6012614471615949,16.092,107587.629553281
0.5964277553421872,16.094,107587.632906579
0.6124206878064448,16.096,107587.636172308
0.5758335341731077,16.098,107587.639645534
0.6095656087355638,16.1,107587.642926559
0.5945608981492331,16.102,107587.646290386
0.5981873725745924,16.104,107587.64963382
0.5980124448719634,16.106,107587.652978232
0.5978638908376258,16.108,107587.656323475
0.6234530576687122,16.11,107587.659531415
0.6180137406577493,16.112,107587.662767589
0.5855484888056773,16.114,107587.66618319
0.6330139570227774,16.116,107587.669342678
0.5909021734781515,16.118,107587.672727333
0.602390587860147,16.12,107587.676047438
0.6168007890475372,16.122,107587.679289976
0.6050415695951011,16.124,107587.682595534
0.6076641027982012,16.126,107587.685886826
0.5982480308469716,16.128,107587.689229921
0.6201544608417952,16.13,107587.692454924
0.6144634892267687,16.132,107587.695709796
0.5976655783666053,16.134,107587.699056149
0.6362385580376719,16.136,107587.702199624
0.6070753406074297,16.138,107587.705494108
0.5934184542339471,16.14,107587.708864411
0.6179839513594177,16.142,107587.712100741
0.583986961830603,16.144,107587.715525475
0.6171035810598081,16.146,107587.718766422
0.6118483204708005,16.148,107587.722035206
0.5896461090427837,16.15,107587.725427071
0.64471851321979,16.152,107587.7285292
0.6358520068719351,16.154,107587.731674586
0.6384234515971948,16.156,107587.734807303
0.6630629205823895,16.158,107587.737823608
0.625024413937484,16.16,107587.741023483
0.6492772886045958,16.162,107587.744103831
0.5978449503421608,16.164,107587.74744918
0.6010780321774855,16.166,107587.750776535
0.6083311571825609,16.168,107587.754064218
0.6448665220399591,16.17,107587.757165635
0.5832539623576205,16.172,107587.760594673
0.673863077089066,16.174,107587.763562635
0.5918530831694779,16.176,107587.766941852
0.6160763269881201,16.178,107587.770188203
0.6160675949631852,16.18,107587.7734346
0.6359488544230398,16.182,107587.776579507
0.6358970890819579,16.184,107587.77972467
0.5953959835033328,16.186,107587.783083779
0.6764368942492559,16.188,107587.786040448
0.6282865282309287,16.19,107587.789223709
0.6387857944499095,16.192,107587.792354649
0.6448584162165326,16.194,107587.795456105
0.6378246606757315,16.196,107587.798591763
0.6308736311841697,16.198,107587.80176197
0.606754879355466,16.2,107587.805058194
0.602510904722332,16.202,107587.808377636
0.6108160881148551,16.204,107587.811651944
0.6560297994828209,16.206,107587.814700586
0.5992809213930774,16.208,107587.818037919
0.6415683000340153,16.21,107587.82115528
0.61752047829879,16.212,107587.824394039
0.6264123627866011,16.214,107587.827586824
0.601336290510049,16.216,107587.83091275
0.5735446232837831,16.218,107587.834399837
0.667622255926303,16.22,107587.837395543
0.6259224517992116,16.222,107587.840590827
0.6059440080015014,16.224,107587.843891462
0.6337832452632323,16.226,107587.847047115
0.6323826734614885,16.228,107587.850209757
0.6195951937562895,16.23,107587.853437671
0.690550983248403,16.232,107587.856333909
0.5984229166380078,16.234,107587.859676027
0.6265251967953185,16.236,107587.862868237
0.6412307537895379,16.238,107587.865987239
0.6794242163767656,16.24,107587.868930908
0.6275309105714887,16.242,107587.872118002
0.6344640215741006,16.244,107587.875270269
0.6390484809606801,16.246,107587.878399922
0.6188892427403229,16.248,107587.881631518
0.5176836860790581,16.25,107587.885494881
0.6108405262171818,16.252,107587.888769058
0.6290156764365586,16.254,107587.891948629
0.6369234031210199,16.256,107587.895088724
0.5610189469587807,16.258,107587.898653666
0.6992608453970678,16.26,107587.901513829
0.6283544300928169,16.262,107587.904696746
0.6209271073052564,16.264,107587.907917736
0.6320209616973151,16.266,107587.911082188
0.6270042583793273,16.268,107587.914271959
0.6068183942251669,16.27,107587.917567838
0.6228544620036571,16.272,107587.920778861
0.635067000920512,16.274,107587.923928135
0.6267739669180026,16.276,107587.927119078
0.6508168887734663,16.278,107587.930192139
0.6273809112142068,16.28,107587.933379995
0.6161604067833923,16.282,107587.936625903
0.6341793521587282,16.284,107587.939779585
0.6329051829124779,16.286,107587.942939616
0.6453619780063425,16.288,107587.946038652
0.631830281922087,16.29,107587.949204059
0.6057406655944804,16.292,107587.952505802
0.6638536946892253,16.294,107587.955518514
0.6048232853524205,16.296,107587.958825265
0.6473067999354093,16.298,107587.96191499
0.6588088325988185,16.3,107587.964950772
0.6276963499253481,16.302,107587.968137026
0.6473231381733903,16.304,107587.971226673
0.6170643600072477,16.306,107587.974467826
0.6031437672001622,16.308,107587.977783785
0.6766149354339753,16.31,107587.980739676
0.6383287009509255,16.312,107587.983872858
0.6059750363893065,16.314,107587.987173324
0.6793801328405086,16.316,107587.990117184
0.6284073421917556,16.318,107587.993299833
0.5973280339707865,16.32,107587.996648077
0.6590743485975784,16.322,107587.999682636
0.6461050207714566,16.324,107588.002778108
0.6778068744152524,16.326,107588.005728801
0.6601222146621677,16.328,107588.008758543
0.6675540683299337,16.33,107588.011754555
0.6575607656615094,16.332,107588.014796099
0.6732673799226828,16.334,107588.017766687
0.5600800700213158,16.336,107588.021337605
0.6507097452431495,16.338,107588.024411172
0.6186290867636594,16.34,107588.027644127
0.6355927494460468,16.342,107588.030790796
0.23496599432372606,16.344,107588.039302666
8.340423018257487,16.346,107588.039542462
0.33805414672483663,16.348,107588.045458674
0.19053275125194857,16.35,107588.055955557
1.2260619131361332,16.352,107588.057586796
12.137027007291705,16.354,107588.057751581
269.97834002948093,16.356,107588.057758989
7.232592965993178,16.358,107588.058035515
0.8161722912915423,16.36,107588.060485978
0.11020535778309438,16.362,107588.078633916
6.9797552279200445,16.364,107588.078920459
3.9107870929249477,16.366,107588.079431865
286.532919997673,16.368,107588.079438845
297.8408400288827,16.37,107588.07944556
339.04067698118246,16.372,107588.079451459
0.3581542591102244,16.374,107588.085035645
0.03580177694703986,16.376,107588.140898794
3.2237785282922338,16.378,107588.141519184
221.60674737045375,16.38,107588.141528209
276.0145347986367,16.382,107588.141535455
302.1605910290419,16.384,107588.141542074
318.6229224600822,16.386,107588.141548351
305.4837087573137,16.388,107588.141554898
322.73650296914167,16.39,107588.141561095
320.30780330174,16.392,107588.141567339
312.9401972556589,16.394,107588.14157373
308.5465011498024,16.396,107588.141580212
291.7578490590055,16.398,107588.141587067
300.752222117019,16.4,107588.141593717
295.4647057845825,16.402,107588.141600486
312.7436580908562,16.404,107588.141606881
0.035007058739612774,16.406,107588.198738216
73.89616148464883,16.408,107588.198765281
115.31371162284799,16.41,107588.198782625
1.4246515993056412,16.412,107588.200186477
105.34634751235244,16.414,107588.200205462
128.0327699611854,16.416,107588.200221083
137.30604122401897,16.418,107588.200235649
142.71439093300657,16.42,107588.200249663
144.41476424396427,16.422,107588.200263512
86.66262700731936,16.424,107588.20028659
150.54576923287652,16.426,107588.200299875
158.5791384141596,16.428,107588.200312487
157.64168070425882,16.43,107588.200325174
157.0104649367553,16.432,107588.200337912
156.1524150433819,16.434,107588.20035072
156.76439818725393,16.436,107588.200363478
3.2110305503455723,16.438,107588.200986331
87.79242495342889,16.44,107588.201009112
139.6647912500763,16.442,107588.201023432
150.79551545811051,16.444,107588.201036695
0.03399989042130073,16.446,107588.259860414
0.9855372347279938,16.448,107588.261889764
108.67204928859262,16.45,107588.261908168
119.96884964863452,16.452,107588.261924839
141.08342038737038,16.454,107588.261939015
136.64939327756605,16.456,107588.261953651
146.7458700417091,16.458,107588.26196728
149.29831589714152,16.46,107588.261980676
148.8760589485265,16.462,107588.26199411
66.54244096609467,16.464,107588.262024166
146.53090293764282,16.466,107588.262037815
85.89591008354905,16.468,107588.262061099
148.99791361429348,16.47,107588.262074522
154.34480275200312,16.472,107588.26208748
1.7885872180072624,16.474,107588.263205681
125.47045248028219,16.476,107588.263221621
145.8896090780118,16.478,107588.26323533
150.10512404946584,16.48,107588.263248654
0.03910865584986684,16.482,107588.314388228
0.9434678755643437,16.484,107588.316508067
88.15235482357775,16.486,107588.316530755
114.63945805412037,16.488,107588.316548201
130.59089740300752,16.49,107588.316563516
136.36981412939352,16.492,107588.316578182
146.17744088822172,16.494,107588.316591864
143.5234882320326,16.496,107588.316605799
149.5327104992128,16.498,107588.316619174
148.66574449927563,16.5,107588.316632627
153.0807438817623,16.502,107588.316645692
154.28520019641425,16.504,107588.316658655
156.17690199657034,16.506,107588.316671461
156.76439818725393,16.508,107588.316684219
1.8022791539778111,16.51,107588.317793925
120.18506531083504,16.512,107588.317810566
2.3842761734491518,16.514,107588.318649395
0.037252870518816775,16.516,107588.372336533
0.5546567028305859,16.518,107588.375942367
141.00395650422,16.52,107588.375956551
263.4353299520504,16.522,107588.375964143
310.5101937137654,16.524,107588.375970584
306.9368467088987,16.526,107588.3759771
314.1691585942831,16.528,107588.375983466
324.6223932395832,16.53,107588.375989627
320.4616545309478,16.532,107588.375995868
146.72440760735532,16.534,107588.376009499
304.9245635915168,16.536,107588.376016058
320.6672689456766,16.538,107588.376022295
322.6319528065575,16.54,107588.376028494
328.94769795212216,16.542,107588.376034574
0.07745667298577967,16.544,107588.401855461
0.08016164113298832,16.546,107588.42680505
45.54978266323361,16.548000000000002,107588.426848958
0.3489096482140524,16.55,107588.432581101
78.47757454936652,16.552,107588.432606586
103.69135703017048,16.554,107588.432625874
114.9624206801504,16.556,107588.432643271
120.47456811232325,16.558,107588.432659872
126.98421598561238,16.56,107588.432675622
77.17833839127535,16.562,107588.432701536
1.699956058224629,16.564,107588.433878037
105.13593686894154,16.566,107588.43389706
127.44532807144556,16.568,107588.433912753
132.89911954815872,16.57,107588.433927802
134.7708940817867,16.572,107588.433942642
140.6569020779063,16.574,107588.433956861
142.15656110888324,16.576,107588.43397093
7.6048519741100975,16.578,107588.43423392
117.50183039897735,16.58,107588.434250941
1.355705178832901,16.582,107588.435726188
0.03797528034291234,16.584,107588.488392027
4.283838552787252,16.586,107588.488858898
199.56084876757166,16.588,107588.48886892
232.55833626107483,16.59,107588.48887752
135.33623439808085,16.592,107588.488892298
251.3197008281105,16.594,107588.488900256
254.19413054167183,16.596,107588.488908124
271.4071522804848,16.598,107588.488915493
282.00762368637487,16.6,107588.488922585
298.6414004613589,16.602,107588.488929282
304.0435926084011,16.604,107588.48893586
225.47942381590076,16.606,107588.48894473
298.1509758139315,16.608,107588.488951438
298.2409066035428,16.61,107588.488958144
5.274971030306475,16.612,107588.489337293
0.06972185024196742,16.614,107588.518022705
9.100298680110534,16.616,107588.518242478
4.684795417916276,16.618,107588.518669391
80.81787172427158,16.62,107588.518694138
119.86808956328909,16.622,107588.518710823
131.0960043952634,16.624,107588.518726079
138.12155017312355,16.626,107588.518740559
137.08951230505824,16.628,107588.518755148
26.437894322623603,16.63,107588.518830797
0.0741110966670489,16.632,107588.545817309
0.7578812069176081,16.634,107588.548456245
6.911757669835024,16.636,107588.548745607
95.98771473061424,16.638,107588.548766443
115.0681995858416,16.64,107588.548783824
128.50983323882386,16.642,107588.548799387
131.07025002329206,16.644,107588.548814646
4.262074998583369,16.646,107588.549283901
0.14228784918340903,16.648,107588.563339915
0.7871898981960163,16.65,107588.565880598
0.048200601663670524,16.652,107588.607373856
75.2473746010385,16.654,107588.607400435
115.96217824926812,16.656,107588.607417682
13.998053810844151,16.658,107588.607560559
113.94063458048637,16.66,107588.607578112
125.40759921813445,16.662,107588.60759406
131.397430992561,16.664,107588.607609281
135.44626797743973,16.666,107588.607624047
137.28725105950306,16.668,107588.607638615
132.8108923079141,16.67,107588.607653674
139.60634193039317,16.672,107588.607668
138.53294816357155,16.674,107588.607682437
140.3705933132715,16.676,107588.607696685
143.915888012155,16.678,107588.607710582
144.3939782208894,16.68,107588.607724433
1.7918417293146642,16.682,107588.608840603
0.034282488599435605,16.684,107588.667179425
10.222178896032258,16.686,107588.667375078
105.96591198680954,16.688,107588.667393952
130.03059060314442,16.69,107588.667409333
134.04820414800017,16.692,107588.667424253
137.73149516765994,16.694,107588.667438774
142.3184850506133,16.696,107588.667452827
144.08184702920533,16.698,107588.667466708
78.7308525852798,16.7,107588.667492111
146.17744088822172,16.701999999999998,107588.667505793
148.14813791783448,16.704,107588.667519293
148.59935978955886,16.706,107588.667532752
145.80448584741953,16.708,107588.667546469
151.9987629791807,16.71,107588.667559627
147.9290459041229,16.712,107588.667573147
2.304420904742989,16.714,107588.668441044
0.037160702358220166,16.716,107588.72226134
0.03565444227292446,16.718,107588.778355332
71.03283871067171,16.72,107588.778383488
110.28395564228052,16.722,107588.778401623
116.94533586891865,16.724,107588.778418725
127.82010696266258,16.726,107588.778434372
130.60789913177774,16.728,107588.778449685
99.92006731564108,16.73,107588.778469701
122.43655724017117,16.732,107588.778486036
138.71541269983183,16.734,107588.778500454
144.8122120612336,16.736,107588.778514265
145.74063131276134,16.738,107588.778527988
148.4670888302336,16.74,107588.778541459
146.53090293764282,16.742,107588.778555108
0.033174415714889195,16.744,107588.83884253
69.33370401987398,16.746,107588.838871376
106.03892043175696,16.748,107588.838890237
118.83549448178876,16.75,107588.838907067
129.7942046143436,16.752,107588.838922476
132.0393368317696,16.754,107588.838937623
136.8645330268103,16.756,107588.838952236
139.2757216895658,16.758,107588.838966596
138.71541269983183,16.76,107588.838981014
136.47232002915732,16.762,107588.838995669
85.26603246382732,16.764,107588.839019125
131.61347772103537,16.766,107588.839034321
126.7829715005207,16.768,107588.839050096
103.76134216735103,16.77,107588.839069371
0.34664063628533187,16.772,107588.844839035
97.91442501351318,16.774,107588.844859461
127.89349460833606,16.776,107588.844875099
130.91581134027209,16.778,107588.844890376
135.14420487341735,16.78,107588.844905175
138.22656845900323,16.782,107588.844919644
113.88228826253102,16.784,107588.844937206
141.8036704485751,16.786,107588.84495131
143.17422664278033,16.788,107588.844965279
142.9797029194587,16.79,107588.844979267
56.7842975480879,16.792,107588.845014488
132.74931830419166,16.794,107588.845029554
32.16468365542895,16.796,107588.845091734
138.02611657206555,16.798000000000002,107588.845106224
140.17388616488694,16.8,107588.845120492
148.59935978955886,16.802,107588.845133951
1.0255794971003378,16.804,107588.847084068
115.20738448759647,16.806,107588.847101428
134.26414353392073,16.808,107588.847116324
141.72339337710716,16.81,107588.847130436
144.61321507188413,16.812,107588.847144266
148.07136597728905,16.814,107588.847157773
28.5922581610827,16.816,107588.847227722
0.018610043227019365,16.818,107588.954696575
0.6837847635142877,16.82,107588.957621472
138.4849301493418,16.822,107588.957635914
229.99101962597388,16.824,107588.95764461
264.7251673265402,16.826,107588.957652165
269.2880260981032,16.828,107588.957659592
287.56288073900674,16.83,107588.957666547
212.22389524633996,16.832,107588.957675971
273.3362902667432,16.834,107588.957683288
152.9286362519779,16.836,107588.957696366
270.85569980227217,16.838,107588.95770375
281.5708459521298,16.84,107588.957710853
289.8131371539387,16.842,107588.957717754
293.9883239546864,16.844,107588.957724557
285.6325434706028,16.846,107588.957731559
283.808802335749,16.848,107588.957738606
285.26615940523703,16.85,107588.957745617
292.44010501012576,16.852,107588.957752456
295.2463630370475,16.854,107588.95775923
295.02897606771285,16.856,107588.957766009
215.91260605534504,16.858,107588.957775272
285.51090403179995,16.86,107588.957782277
297.1762280384875,16.862,107588.957789007
289.51948641111903,16.864,107588.957795915
284.21199736118365,16.866,107588.957802952
5.624091422295995,16.868,107588.958158565
211.88689845133297,16.87,107588.958168004
262.57069340267736,16.872,107588.958175621
290.82438989031334,16.874,107588.958182498
280.93830812725713,16.876,107588.958189617
286.6147822781374,16.878,107588.958196595
2.1090439169835666,16.88,107588.959144892
2.0993936896328904,16.882,107588.960097548
0.2492231093523748,16.884,107588.968122486
0.48649419142936057,16.886,107588.972233532
0.10030683862921698,16.888,107588.992172352
0.2482519337605979,16.89,107589.000228684
0.6815652294030144,16.892,107589.003163106
111.09876861785405,16.894,107589.003181108
124.62614001701832,16.896,107589.003197156
137.45696033372755,16.898,107589.003211706
143.7712127670351,16.9,107589.003225617
2.751902258354411,16.902,107589.003952387
123.59406941061603,16.904,107589.003968569
1.6376958301189812,16.906,107589.005189797
12.18977033071815,16.908,107589.005353869
0.23193856668755963,16.91,107589.013976842
0.027761141916472127,16.912,107589.086019988
7.089734754112826,16.914,107589.086302086
202.79846523585803,16.916,107589.086311948
255.78746526151943,16.918,107589.086319767
294.1607311956748,16.92,107589.086326566
297.3980790844376,16.922,107589.086333291
302.6176570995335,16.924,107589.0863399
305.6229660861858,16.926,107589.086346444
295.59561221312975,16.928,107589.08635321
215.4475594576835,16.93,107589.086362493
298.15162260434266,16.932,107589.086369201
296.4282399917351,16.934,107589.086375948
293.77215699301007,16.936,107589.086382756
298.0623920468173,16.938,107589.086389466
1.1287726383377124,16.94,107589.088161302
82.89127341477605,16.942,107589.08818543
120.97019244293509,16.944,107589.088201963
139.7818368394337,16.946,107589.088216271
145.03272175003386,16.948,107589.088230061
152.89342040662552,16.95,107589.088243142
146.8214301438355,16.951999999999998,107589.088256764
156.5802644843179,16.954,107589.088269537
152.13740453639895,16.956,107589.088282683
0.0592975030737651,16.958,107589.122010916
0.499729271758694,16.96,107589.126013083
0.9231598666996695,16.962,107589.128179555
144.78063467569356,16.964,107589.128193369
275.8621832140436,16.966,107589.128200619
299.5807352075956,16.968,107589.128207295
307.0781184438721,16.97,107589.128213808
309.933212925486,16.972,107589.128220261
324.3596149189657,16.974,107589.128226427
286.40991579335116,16.976,107589.12823341
0.702039634117735,16.978,107589.131082252
1.0437743291069201,16.98,107589.132998375
59.108647144805175,16.982,107589.133032211
0.9654727652605022,16.984,107589.135103735
0.2286663185677791,16.986,107589.143850104
3.8678135790818087,16.988,107589.144367192
33.72283209953312,16.99,107589.144426499
0.5384306193101212,16.992,107589.148140998
0.48285805702784623,16.994,107589.152283002
1.028664769429771,16.996,107589.15422727
0.2867536038528427,16.998,107589.161201899
26.856449284602334,17.0,107589.161276369
0.5095290856662043,17.002,107589.165201562
0.2774080548225303,17.004,107589.172411158
1.3995762102281697,17.006,107589.173840162
26.660266680721833,17.008,107589.17391518
0.5384523634186531,17.01,107589.177629529
0.5719286003789124,17.012,107589.181126469
0.3988269704681232,17.014,107589.186141175
1.0292587407822364,17.016,107589.188084321
0.5406963194519235,17.018,107589.191783255
0.3223208127752748,17.02,107589.197988253
24.419426290477865,17.022,107589.198070155
0.6947785672291442,17.024,107589.20094877
0.37800895132761825,17.026,107589.20623965
1.7600304149494597,17.028,107589.207375994
0.5319297480023928,17.03,107589.211135889
0.7045803689912199,17.032,107589.213974458
0.2654587585788122,17.034,107589.221508585
27.02155006106004,17.036,107589.2215826
0.5451269750241647,17.038,107589.22525147
0.8497562896721788,17.04,107589.227605086
0.6174222969635093,17.042,107589.23084436
0.29783298259878876,17.044,107589.237559533
28.44383344666054,17.046,107589.237629847
0.722538656122561,17.048,107589.240397865
0.5353261739566397,17.05,107589.244133905
0.32303925664548117,17.052,107589.250325103
2.12866050186657,17.054,107589.251264661
0.38045177888863363,17.056,107589.256521569
0.3462567907829364,17.058,107589.262297629
2.0064285835318585,17.06,107589.263294425
1.9794356539340001,17.062,107589.264304814
0.4917813510007982,17.064,107589.268371662
1.0595902920153615,17.066,107589.270259184
0.5516488100198264,17.068,107589.273884679
0.4784868710611354,17.07,107589.278064522
0.5258829050501154,17.072,107589.28186765
1.4155293472465764,17.074,107589.283280549
0.3751806733549186,17.076,107589.288611314
0.4152842026723682,17.078,107589.293427293
0.9858510678566573,17.08,107589.295455997
0.37892983398497676,17.082,107589.300734019
0.4330028715735487,17.084,107589.305352926
25.912106587336723,17.086,107589.30543011
0.3633149290314579,17.088,107589.310934976
0.7258621787420063,17.09,107589.31369032
2.704928819168027,17.092,107589.314429711
0.9835738233213869,17.094,107589.316463112
0.47316246238072895,17.096,107589.32068999
