rtf,sim_time,wall_time
,0.1944,107324.907497162
0.9011810090130847,0.1946,107324.907719093
1.4109447136445565,0.1948,107324.907860842
0.9758715170728682,0.195,107324.908065787
0.9939024191555319,0.1952,107324.908267014
0.972062905000602,0.1954,107324.908472762
1.0234786286295003,0.1956,107324.908668174
1.7099571732590713,0.1958,107324.908785136
0.809742825582129,0.196,107324.909032128
1.1389651056853465,0.1962,107324.909207726
1.0123916791729974,0.1964,107324.909405278
0.9845814366731721,0.1966,107324.90960841
1.0007806168056836,0.1968,107324.909808254
0.9286947892149762,0.197,107324.91002361
0.7205519639514967,0.1972,107324.910301175
1.1741568156461,0.1974,107324.91047151
0.7839694005012898,0.1976,107324.910726622
1.0389286244553138,0.1978,107324.910919128
1.4194262255451153,0.198,107324.91106003
0.9972476326941888,0.1982,107324.911260582
1.013715530049909,0.1984,107324.911457876
1.0008707690932186,0.1986,107324.911657702
0.99091824495971,0.1988,107324.911859535
0.7036629070213485,0.199,107324.912143762
1.3302206231061087,0.1992,107324.912294113
0.9701250419951012,0.1994,107324.912500272
1.3325249326485535,0.1996,107324.912650363
0.9905697208264684,0.1998,107324.912852267
0.9567593114677911,0.2,107324.913061306
0.96242220680096,0.2002,107324.913269115
1.0230021939336635,0.2004,107324.913464618
0.9948071415305173,0.2006,107324.913665662
0.9841551072339384,0.2008,107324.913868882
0.9332449342659874,0.201,107324.914083188
0.702141212237769,0.2012,107324.914368031
1.6447097535717297,0.2014,107324.914489633
1.0100602106885521,0.2016,107324.914687641
0.9897070366517283,0.2018,107324.914889721
1.0810284625698434,0.202,107324.91507473
0.9872301516634162,0.2022,107324.915277317
0.9971432287154764,0.2024,107324.91547789
0.950692307461407,0.2026,107324.915688263
1.0217739992668502,0.2028,107324.915884001
1.056049853800863,0.203,107324.916073386
0.9815854444852916,0.2032,107324.916277138
0.9871084087424394,0.2034,107324.91647975
0.9812772213650462,0.2036,107324.916683566
0.9825547552681102,0.2038,107324.916887117
1.0715643717101802,0.204,107324.91707376
0.9877226765792593,0.2042,107324.917276246
0.946624566017503,0.2044,107324.917487523
1.0257725331490646,0.2046,107324.917682498
0.9806084589967761,0.2048,107324.917886453
1.071776871824015,0.205,107324.918073059
0.970026171087579,0.2052,107324.918279239
0.9963633148761418,0.2054,107324.918479969
0.9829845500029534,0.2056,107324.918683431
0.9764147125163831,0.2058,107324.918888262
1.0752109990290237,0.206,107324.919074272
0.9901284185013354,0.2062,107324.919276266
0.9856974771575489,0.2064,107324.919479168
0.9828734813366604,0.2066,107324.919682653
0.9751673383433831,0.2068,107324.919887746
1.0693414837940691,0.207,107324.920074777
0.9837290764300035,0.2072,107324.920278085
0.953379719882946,0.2074,107324.920487865
1.0159091330365013,0.2076,107324.920684733
0.980767165514953,0.2078,107324.920888655
1.0919474891291832,0.208,107324.921071814
0.9849984643109415,0.2082,107324.92127486
0.9815228450896342,0.2084,107324.921478625
0.9812338557958202,0.2086,107324.92168245
0.9811087546491584,0.2088,107324.921886301
0.7499315675248832,0.209,107324.922152992
1.5427932906390769,0.2092,107324.922282627
0.9930388018705162,0.2094,107324.922484029
0.8047285980144174,0.2096,107324.92273256
0.9819468965303793,0.2098,107324.922936237
0.9678340159910997,0.21,107324.923142884
0.9802816210774987,0.2102,107324.923346907
0.983569480345199,0.2104,107324.923550248
0.9775410194598856,0.2106,107324.923754843
0.9822796198582149,0.2108,107324.923958451
0.9754622495719292,0.211,107324.924163482
0.9789094369540124,0.2112,107324.924367791
0.876608579884588,0.2114,107324.924595943
0.713131946769587,0.2116,107324.924876396
1.7997752289903368,0.2118,107324.924987521
0.9863635030668283,0.212,107324.925190286
0.9735486811835701,0.2122,107324.92539572
1.0018484001138017,0.2124,107324.925595351
0.9743549543994576,0.2126,107324.925800615
0.9479976395891965,0.2128,107324.926011586
0.940353360937065,0.213,107324.926224272
0.9539891332425191,0.2132,107324.926433918
1.073473874857049,0.2134,107324.926620229
0.9930782660016513,0.2136,107324.926821623
0.8262448321550249,0.2138,107324.927063682
1.1559958994131572,0.214,107324.927236693
1.010856593278517,0.2142,107324.927434545
0.9529708591579189,0.2144,107324.927644415
1.0271158978185573,0.2146,107324.927839135
0.9347017288032113,0.2148,107324.928053107
1.030646237298984,0.215,107324.92824716
0.9876641182860673,0.2152,107324.928449658
0.9811135171545831,0.2154,107324.928653508
0.9881862773501647,0.2156,107324.928855899
0.9214636249195112,0.2158,107324.929072945
1.0573116145226975,0.216,107324.929262104
1.105888801905548,0.2162,107324.929442954
1.002792821688186,0.2164,107324.929642397
0.9722235338315701,0.2166,107324.929848111
0.9025352573381386,0.2168,107324.930069709
1.0498852326452621,0.217,107324.930260206
1.0037842565494897,0.2172,107324.930459452
0.9654280387613032,0.2174,107324.930666614
0.9712037964293917,0.2176,107324.930872544
0.9819132227010573,0.2178,107324.931076228
0.9810702360839862,0.218,107324.931280087
0.9899029951924369,0.2182,107324.931482127
0.9817589138623852,0.2184,107324.931685843
0.9914143145908016,0.2186,107324.931887575
1.0829542962229075,0.2188,107324.932072255
0.9939913364432728,0.219,107324.932273464
0.9775314246811347,0.2192,107324.932478061
0.972895160064586,0.2194,107324.932683633
0.983666203329338,0.2196,107324.932886954
1.085534716974159,0.2198,107324.933071195
0.9905060416860635,0.22,107324.933273112
0.973648202527197,0.2202,107324.933478525
0.9875567439667357,0.2204,107324.933681045
0.9798590063978982,0.2206,107324.933885156
1.076437880406903,0.2208,107324.934070954
0.9846783587986627,0.221,107324.934274066
0.9705251819236892,0.2212,107324.93448014
0.9917732380394688,0.2214,107324.934681799
0.9781098812907225,0.2216,107324.934886275
1.0741830782676505,0.2218,107324.935072463
0.9849160186588253,0.222,107324.935275526
0.9775266968884125,0.2222,107324.935480124
0.9797390047231911,0.2224,107324.93568426
0.9825064303905903,0.2226,107324.935887821
1.0843106336307369,0.2228,107324.93607227
0.8762513947160946,0.223,107324.936300515
1.0961787183065947,0.2232,107324.936482967
1.051806723471485,0.2234,107324.936673116
0.9831632967124435,0.2236,107324.936876541
0.9839323953116234,0.2238,107324.937079807
0.9987715356084235,0.224,107324.937280053
0.9702567414049411,0.2242,107324.937486184
0.9763384831032972,0.2244,107324.937691031
0.9715387552970008,0.2246,107324.93789689
1.1280761400723038,0.2248,107324.938074183
0.992280050593412,0.225,107324.938275739
0.9731933843022509,0.2252,107324.938481248
0.721019523661754,0.2254,107324.938758633
1.282445861150701,0.2256,107324.938914585
1.1650598523709745,0.2258,107324.93908625
1.0307525186056892,0.226,107324.939280283
0.9729235348201107,0.2262,107324.939485849
0.9861154509480948,0.2264,107324.939688665
0.953907228428678,0.2266,107324.939898329
0.8148332165401015,0.2268,107324.940143778
1.373598067513538,0.227,107324.940289381
1.0257883044017426,0.2272,107324.940484353
0.9829555853742824,0.2274,107324.940687821
0.899300795321951,0.2276,107324.940910216
1.0576693809309003,0.2278,107324.941099311
1.0655414833405843,0.228,107324.941287009
0.9894818051527086,0.2282,107324.941489135
0.9910066290801655,0.2284,107324.94169095
0.9916306248229888,0.2286,107324.941892638
1.0824736654772067,0.2288,107324.9420774
0.9765768523091339,0.229,107324.942282197
0.9726680150789097,0.2292,107324.942487817
0.9814553476334594,0.2294,107324.942691596
0.9273556234959045,0.2296,107324.942907263
0.9025270784613788,0.2298,107324.943128863
0.9182188627936069,0.23,107324.943346676
1.029547993766819,0.2302,107324.943540936
0.9443628581953472,0.2304,107324.943752719
0.989765837450636,0.2306,107324.943954787
0.9766531189503055,0.2308,107324.944159568
0.982434092438173,0.231,107324.944363144
0.9652230077655596,0.2312,107324.94457035
1.0031549073180717,0.2314,107324.944769721
1.003683536930628,0.2316,107324.944968987
0.9505567928257587,0.2318,107324.94517939
0.99722266925545,0.232,107324.945379947
0.9793312327524438,0.2322,107324.945584168
0.983535624756003,0.2324,107324.945787516
0.9828348240824107,0.2326,107324.945991009
0.9484336576991292,0.2328,107324.946201883
1.007470345935756,0.233,107324.9464004
0.9697816138193864,0.2332,107324.946606632
0.9918027246639267,0.2334,107324.946808285
0.9579186791104387,0.2336,107324.947017071
0.9784974785699585,0.2338,107324.947221466
1.003864905458593,0.234,107324.947420696
0.972129047944879,0.2342,107324.94762643
0.9874349204880651,0.2344,107324.947828975
0.899131004411061,0.2346,107324.948051412
1.0346075509010537,0.2348,107324.948244722
1.0111786226499326,0.235,107324.948442511
0.9808777586201887,0.2352,107324.94864641
0.9847268975715302,0.2354,107324.948849512
0.9428003363759679,0.2356,107324.949061646
1.0139776636372324,0.2358,107324.949258889
0.9974216879181723,0.236,107324.949459406
0.9743644178461756,0.2362,107324.949664668
0.9889730071204148,0.2364,107324.949866898
0.7804969315515558,0.2366,107324.950123145
1.1330545754269716,0.2368,107324.950299659
0.9961002456132362,0.237,107324.950500442
0.9637950917884646,0.2372,107324.950707955
0.9781481677446064,0.2374,107324.950912423
1.1917317385880797,0.2376,107324.951080246
0.974426176530755,0.2378,107324.951285495
0.9736813808300262,0.238,107324.951490901
0.9718314755588883,0.2382,107324.951696698
1.0143376917959275,0.2384,107324.951893871
1.064503596072986,0.2386,107324.952081752
1.003290747696764,0.2388,107324.952281096
0.9815372850030963,0.239,107324.952484858
0.9704309573222054,0.2392,107324.952690952
0.9784880043320632,0.2394,107324.952895349
1.102797169326663,0.2396,107324.953076706
0.8404103065026383,0.2398,107324.953314685
1.1215225394125872,0.24,107324.953493014
1.0058591409719242,0.2402,107324.953691849
0.9895209870691283,0.2404,107324.953893967
1.0912146427130414,0.2406,107324.954077249
0.9844215639241765,0.2408,107324.954280414
0.9747776039168707,0.241,107324.954485589
0.9738994758022964,0.2412,107324.954690949
0.9801711623518121,0.2414,107324.954894995
1.0956442664700163,0.2416,107324.955077536
0.9785884684602527,0.2418,107324.955281912
0.9768200588513261,0.242,107324.955486658
0.9641853586945848,0.2422,107324.955694087
0.9956936030401048,0.2424,107324.955894952
1.058408217635183,0.2426,107324.956083915
1.0147905780288256,0.2428,107324.956281
0.9778277677596114,0.243,107324.956485535
0.9769632353083623,0.2432,107324.956690251
0.922968997581848,0.2434,107324.956906943
1.1317978361119214,0.2436,107324.957083653
0.985857906064506,0.2438,107324.957286522
0.957015602885106,0.244,107324.957495505
0.9771350746813298,0.2442,107324.957700185
0.9792880390071119,0.2444,107324.957904415
1.1609750395392888,0.2446,107324.958076684
0.9873519955487274,0.2448,107324.958279246
0.9466738595692858,0.245,107324.958490512
0.9740654755866528,0.2452,107324.958695837
0.9148084985984163,0.2454,107324.958914462
1.1679786284118228,0.2456,107324.959085698
1.0254937835829376,0.2458,107324.959280726
0.9740275770964851,0.246,107324.959486059
0.9680729550518412,0.2462,107324.959692655
0.9787560706946133,0.2464,107324.959896996
0.8908328843507713,0.2466,107324.960121505
1.2597235742874096,0.2468,107324.96028027
0.7713043930283964,0.247,107324.960539571
1.0209863429556973,0.2472,107324.96073546
1.2455471483786007,0.2474,107324.960896032
1.1164701846575233,0.2476,107324.961075168
0.9674922757852941,0.2478,107324.961281888
0.9833518176263717,0.248,107324.961485274
0.9713783526431632,0.2482,107324.961691167
0.9752815165573033,0.2484,107324.961896236
1.117243533972785,0.2486,107324.962075248
0.9793024132392942,0.2488,107324.962279475
0.9697910570669224,0.249,107324.962485705
0.9704026592511726,0.2492,107324.962691805
0.9766531189503055,0.2494,107324.962896586
0.7166198595832804,0.2496,107324.963175674
1.0439175878514833,0.2498,107324.96336726
0.9778994985167672,0.25,107324.96357178
0.9574554221271198,0.2502,107324.963780667
0.9587498200029982,0.2504,107324.963989272
0.9751721125329434,0.2506,107324.964194364
0.7651197246796302,0.2508,107324.964455761
1.2620605892132746,0.251,107324.964614232
1.0083542275593795,0.2512,107324.964812575
0.9740654755867879,0.2514,107324.9650179
1.0021847375959725,0.2516,107324.965217464
0.9906777513665569,0.2518,107324.965419346
0.9736197854873786,0.252,107324.965624765
0.9736244755640985,0.2522,107324.965830183
0.9561692376226172,0.2524,107324.966039351
0.9943026363109649,0.2526,107324.966240497
0.9799021806627338,0.2528,107324.966444599
0.973359212383122,0.253,107324.966650073
0.969988517800419,0.2532,107324.966856261
0.9599508277929324,0.2534,107324.967064605
0.964585283926583,0.2536,107324.967271948
1.0040261688148953,0.2538,107324.967471146
0.9737571958752231,0.254,107324.967676536
0.9746873904105523,0.2542,107324.96788173
0.9967903127259269,0.2544,107324.968082374
1.0154913368707206,0.2546,107324.968279323
0.981855351202582,0.2548,107324.968483019
0.981701060550823,0.255,107324.968686747
0.9610302447973623,0.2552,107324.968894857
1.1096808316922786,0.2554,107324.969075089
0.9880348916998317,0.2556,107324.969277511
0.7676423413606096,0.2558,107324.969538049
1.1380448240383731,0.256,107324.969713789
0.6448970954399359,0.2562,107324.970023916
1.9741192698291838,0.2564,107324.970125227
1.034987758540765,0.2566,107324.970318466
0.9561966451183463,0.2568,107324.970527628
0.9903931955205049,0.257,107324.970729568
0.9740085944439053,0.2572,107324.970934905
0.9768295702437637,0.2574,107324.971139649
1.003416661734854,0.2576,107324.971338968
0.9799213937347928,0.2578,107324.971543066
0.9617835333205389,0.258,107324.971751013
0.9805748069406223,0.2582,107324.971954975
0.9774932560134572,0.2584,107324.97215958
0.98492081819842,0.2586,107324.972362642
0.9654373295956411,0.2588,107324.972569802
0.978631600514348,0.259,107324.972774169
0.9786316005140765,0.2592,107324.972978536
0.9826368060630455,0.2594,107324.97318207
0.987478764963786,0.2596,107324.973384606
0.9774119924044103,0.2598,107324.973589228
0.9737904506027358,0.26,107324.973794611
0.9506425945490556,0.2602,107324.974004995
1.0048938753505567,0.2604,107324.974204021
0.9777369192685418,0.2606,107324.974408575
0.9650134563106552,0.2608,107324.974615826
0.7771909979064937,0.261,107324.974873163
1.1423740504898006,0.2612,107324.975048237
1.0185269980038603,0.2614,107324.975244599
0.9791346238573044,0.2616,107324.975448861
0.9843294861206972,0.2618,107324.975652045
0.979820585899409,0.262,107324.975856164
0.9438949194110945,0.2622,107324.976068052
1.022751052149189,0.2624,107324.976263603
0.9706476669883694,0.2626,107324.976469651
0.9900744958353368,0.2628,107324.976671656
0.9810317205433277,0.263,107324.976875523
0.9905844995552272,0.2632,107324.977077424
0.9870158276491136,0.2634,107324.977280055
0.9869281539124514,0.2636,107324.977482704
0.9847850375160877,0.2638,107324.977685794
0.9817203442306242,0.264,107324.977889518
0.9265479547631956,0.2642,107324.978105373
1.0749393736461323,0.2644,107324.97829143
1.0008256544792413,0.2646,107324.978491265
0.9854984453900698,0.2648,107324.978694208
0.9904275248709387,0.265,107324.978896141
1.0710937956278004,0.2652,107324.979082866
0.9875177884033246,0.2654,107324.979285394
0.9818842510252558,0.2656,107324.979489084
0.9477145897716439,0.2658,107324.979700118
1.0264937597459245,0.266,107324.979894956
1.0873998206060265,0.2662,107324.980078881
0.9903686454279808,0.2664,107324.980280826
0.9838694257884482,0.2666,107324.980484105
0.9871961145089043,0.2668,107324.980686699
0.9835694803453355,0.267,107324.98089004
1.0529308110401132,0.2672,107324.981079986
1.0086593408556452,0.2674,107324.981278269
0.985989102039923,0.2676,107324.981481111
0.9837000679089233,0.2678,107324.981684425
0.9789285413905165,0.268,107324.98188873
1.0608335516172305,0.2682,107324.982077261
0.9926494232385811,0.2684,107324.982278742
0.9807286737661921,0.2686,107324.982482672
0.9850761226665983,0.2688,107324.982685702
0.975290998011318,0.269,107324.982890769
1.0702340482945614,0.2692,107324.983077644
0.9935123630990396,0.2694,107324.98327895
0.9768535231106299,0.2696,107324.983483689
0.9927726085709554,0.2698,107324.983685145
0.9796429826480058,0.27,107324.983889301
1.0693128637822038,0.2702,107324.984076337
0.9709821736939884,0.2704,107324.984282314
0.9048750347265755,0.2706,107324.984503339
1.000490228453935,0.2708,107324.984703241
1.043650684115218,0.271,107324.984894876
1.0742696428892669,0.2712,107324.985081049
0.9975659718248241,0.2714,107324.985281537
0.9797485730450967,0.2716,107324.985485671
0.9868696897869904,0.2718,107324.985688332
0.9855469943780442,0.272,107324.985891265
0.8105139836663727,0.2722,107324.986138022
1.338374544903761,0.2724,107324.986287457
0.9319490521056859,0.2726,107324.986502061
1.1651956649371003,0.2728,107324.986673706
0.994371840541183,0.273,107324.986874838
1.0880681969350734,0.2732,107324.98705865
0.9790244234545441,0.2734,107324.987262935
0.9978446672189051,0.2736,107324.987463367
0.9826754477412368,0.2738,107324.987666893
0.7825307642550788,0.274,107324.987922474
1.2687054801310926,0.2742,107324.988080115
1.0005353128318966,0.2744,107324.988280008
0.9806757700387928,0.2746,107324.988483949
0.9824292468782213,0.2748,107324.988687526
0.9856052312057371,0.275,107324.988890447
1.0601418604025736,0.2752,107324.989079101
0.9945498590801333,0.2754,107324.989280197
0.9842180428507838,0.2756,107324.989483404
0.9786267923908686,0.2758,107324.989687772
0.9844796678188381,0.276,107324.989890925
1.0699077927074054,0.2762,107324.990077857
0.9942136633224659,0.2764,107324.990279021
0.9830183676637065,0.2766,107324.990482476
0.9842955781916486,0.2768,107324.990685667
0.9723417014172498,0.277,107324.990891356
1.069741825309027,0.2772,107324.991078317
0.9882839105304657,0.2774,107324.991280688
0.9696734401714764,0.2776,107324.991486943
1.0033713905712367,0.2778,107324.991686271
0.9714490715997699,0.278,107324.991892149
1.0722193562810998,0.2782,107324.992078678
0.9804834473100624,0.2784,107324.992282659
0.9918617747534545,0.2786,107324.9924843
0.7625554962365173,0.2788,107324.992746576
1.363977340893055,0.279,107324.992893206
1.0578820236426183,0.2792,107324.993082263
0.9421429959113045,0.2794,107324.993294545
0.927166443173304,0.2796,107324.993510256
0.9592510182486952,0.2798,107324.993718752
1.227408036101137,0.28,107324.993881697
1.1014853132195181,0.2802,107324.99406327
1.010938382689173,0.2804,107324.994261106
0.9817347899559639,0.2806,107324.994464827
0.9785310578609654,0.2808,107324.994669215
0.9855954774708111,0.281,107324.994872138
1.0668032688639861,0.2812,107324.995059614
1.002325359097498,0.2814,107324.99525915
0.987317949992389,0.2816,107324.995461719
0.9728761526588012,0.2818,107324.995667295
0.9787129973633144,0.282,107324.995871645
1.0615711594626807,0.2822,107324.996060045
0.9960407619739764,0.2824,107324.99626084
0.9785741151791573,0.2826,107324.996465219
0.9698239045770749,0.2828,107324.996671442
0.9834969153997645,0.283,107324.996874798
1.0888560821562034,0.2832,107324.997058477
0.9910705155357101,0.2834,107324.997260279
0.9834195058281001,0.2836,107324.997463651
0.9813735640910569,0.2838,107324.997667447
0.9813253553296273,0.284,107324.997871253
1.0758645551987378,0.2842,107324.99805715
0.9882937175492349,0.2844,107324.998259519
0.9848189791770753,0.2846,107324.998462602
0.9784496216130864,0.2848,107324.998667007
0.9732833903717212,0.285,107324.998872497
1.0791211586698082,0.2852,107324.999057833
0.9837001383158835,0.2854,107324.999261147
0.9813301900065283,0.2856,107324.999464952
0.9819420557752541,0.2858,107324.99966863
0.9726680150789097,0.286,107324.99987425
1.0649740919835218,0.2862,107325.000062048
0.9877128808901101,0.2864,107325.000264536
0.9891098740172374,0.2866,107325.000466738
0.9830377031302584,0.2868,107325.000670189
0.9742268360423071,0.287,107325.00087548
1.0998437805979246,0.2872,107325.001057324
0.9936012106063462,0.2874,107325.001258612
0.9757287296724746,0.2876,107325.001463587
0.9811328477982156,0.2878,107325.001667433
0.9818119345205952,0.288,107325.001871138
1.0754538120372166,0.2882,107325.002057106
0.9855518000690326,0.2884,107325.002260038
0.9849790516352755,0.2886,107325.002463088
0.9778612315267371,0.2888,107325.002667616
0.9793168576742277,0.289,107325.00287184
0.7395082064676092,0.2892,107325.00314229
1.7194243571623986,0.2894,107325.003258608
0.977373833062816,0.2896,107325.003463238
0.9759906424621289,0.2898,107325.003668158
0.811816805810777,0.29,107325.003914519
1.3763866717809843,0.2902,107325.004059827
0.979350423441775,0.2904,107325.004264044
0.9976753890032528,0.2906,107325.00446451
0.9846977596234796,0.2908,107325.004667618
0.9823810045635952,0.291,107325.004871205
1.0741946641883016,0.2912,107325.005057391
0.9801999631137395,0.2914,107325.005261431
0.9770204620809032,0.2916,107325.005466135
1.1152685885016658,0.2918,107325.005645464
1.0688156692804132,0.292,107325.005832587
1.2036954139768372,0.2922,107325.005998742
0.9707182795892275,0.2924,107325.006204775
0.9984723015689952,0.2926,107325.006405081
0.9820964221948112,0.2928,107325.006608727
0.9700920371380999,0.293,107325.006814893
0.9525079514091321,0.2932,107325.007024865
0.9955796439499667,0.2934,107325.007225753
0.9776413587555906,0.2936,107325.007430327
0.9716237159996968,0.2938,107325.007636168
0.9739611065398178,0.294,107325.007841515
0.9462394576322808,0.2942,107325.008052878
1.0061019808368092,0.2944,107325.008251665
0.9671928384397399,0.2946,107325.008458449
0.9844408841184711,0.2948,107325.00866161
0.9823134592405057,0.295,107325.008865211
1.0278020436397646,0.2952,107325.009059801
0.9803393072048631,0.2954,107325.009263812
0.9663282486248832,0.2956,107325.009470781
1.179175801591033,0.2958,107325.009640391
0.7884165755061753,0.296,107325.009894064
0.9582766720885502,0.2962,107325.010102772
1.035212742372685,0.2964,107325.010295969
1.15102612425419,0.2966,107325.010469727
1.0000200345471062,0.2968,107325.010669723
0.9922554068692181,0.297,107325.010871284
1.0591312735705358,0.2972,107325.011060118
0.9766865023653764,0.2974,107325.011264892
0.9725024912215476,0.2976,107325.011470547
0.9909281043310392,0.2978,107325.011672378
0.9666972475997139,0.298,107325.011879268
1.112662677533531,0.2982,107325.012059017
0.9897462364078798,0.2984,107325.012261089
0.9737335325873763,0.2986,107325.012466484
0.9774119924046816,0.2988,107325.012671106
0.9701203170955635,0.299,107325.012877266
1.069095601335252,0.2992,107325.01306434
1.0084965858563357,0.2994,107325.013262655
0.9799310354877259,0.2996,107325.013466751
0.9684808213548195,0.2998,107325.01367326
0.9793503536560877,0.3,107325.013877477
1.106806901973021,0.3002,107325.014058177
0.9853187073757865,0.3004,107325.014261157
0.9752624849981282,0.3006,107325.01446623
0.9758049331775352,0.3008,107325.014671189
0.9756620959984194,0.301,107325.014876178
1.0895916368450231,0.3012,107325.015059733
0.9999450220451932,0.3014,107325.015259744
0.9729851109772505,0.3016,107325.015465297
0.9633725239495505,0.3018,107325.015672901
0.9820867377835945,0.302,107325.015876549
1.0723170664728747,0.3022,107325.016063061
1.0053484408274707,0.3024,107325.016261997
0.9814891302463622,0.3026,107325.016465769
0.971831475559023,0.3028,107325.016671566
0.9769823333036781,0.303,107325.016876278
1.101291226294578,0.3032,107325.017057883
0.9843779200000978,0.3034,107325.017261057
0.9725166669425231,0.3036,107325.017466709
0.9754052051863437,0.3038,107325.017671752
0.9806132166462135,0.304,107325.017875706
1.097622575418985,0.3042,107325.018057918
0.9848626622205975,0.3044,107325.018260992
0.977483662172025,0.3046,107325.018465599
0.9701861959328179,0.3048,107325.018671745
0.9765100333687392,0.305,107325.018876556
1.0944331950870134,0.3052,107325.019059299
0.9815468884818471,0.3054,107325.019263059
0.9836469135301281,0.3056,107325.019466384
0.9769631658626042,0.3058,107325.0196711
0.9787226153512135,0.306,107325.019875448
1.0523989271025418,0.3062,107325.02006549
0.9832647935796045,0.3064,107325.020268894
0.9756335612833006,0.3066,107325.020473889
0.976843941822921,0.3068,107325.02067863
0.9776986650013855,0.307,107325.020883192
1.141278968536241,0.3072,107325.021058434
0.9912570768210828,0.3074,107325.021260198
0.9704498007786737,0.3076,107325.021466288
0.9748156299373594,0.3078,107325.021671455
0.9739943751962398,0.308,107325.021876795
1.0988407195861285,0.3082,107325.022058805
0.9922849938134993,0.3084,107325.02226036
0.9698427244657876,0.3086,107325.022466579
0.9759668011970384,0.3088,107325.022671504
0.9710341053032111,0.309,107325.02287747
1.1058338123813205,0.3092,107325.023058329
0.9845426449542917,0.3094,107325.023261469
0.9638507862343392,0.3096,107325.02346897
0.9917781762112791,0.3098,107325.023670628
0.9603610707854866,0.31,107325.023878883
1.1131457035074064,0.3102,107325.024058554
0.9859794114397225,0.3104,107325.024261398
0.9737809293074219,0.3106,107325.024466783
0.9713453311039456,0.3108,107325.024672683
0.9776365603574949,0.311,107325.024877258
1.1113209689200105,0.3112,107325.025057224
0.9766197378172653,0.3114,107325.025262012
0.9753480982553233,0.3116,107325.025467067
0.9716237159999664,0.3118,107325.025672908
0.9825065006266519,0.312,107325.025876469
1.101527776095021,0.3122,107325.026058035
0.9842907142523216,0.3124,107325.026261227
0.7006358352876665,0.3126,107325.026546682
1.0150789821659887,0.3128,107325.026743711
1.0121047998315174,0.313,107325.026941319
1.661474561100151,0.3132,107325.027061694
0.9798829683437998,0.3134,107325.0272658
0.9903784938651398,0.3136,107325.027467743
0.9808537479976202,0.3138,107325.027671647
0.9689265311502302,0.314,107325.027878061
0.6937049454764903,0.3142,107325.028166368
1.2886931176945926,0.3144,107325.028321564
1.010075502483941,0.3146,107325.028519569
0.942964766317178,0.3148,107325.028731666
0.9092975620992632,0.315,107325.028951616
1.1705420881984703,0.3152,107325.029122477
1.0343133934145479,0.3154,107325.029315842
0.9820867377835945,0.3156,107325.02951949
0.9813542239611269,0.3158,107325.02972329
0.967899652830856,0.316,107325.029929923
1.0942056059514988,0.3162,107325.030112704
0.9483932118433782,0.3164,107325.030323587
1.0115263173418976,0.3166,107325.030521308
0.9909575407224571,0.3168,107325.030723133
0.9710764367609555,0.317,107325.03092909
1.0788417957356762,0.3172,107325.031114474
0.9816962923398893,0.3174,107325.031318203
1.0019337050176882,0.3176,107325.031517817
0.9826030146497402,0.3178,107325.031721358
0.9738615212222853,0.318,107325.031926726
1.0987743941084078,0.3182,107325.032108747
0.985284731261063,0.3184,107325.032311734
0.976815268512065,0.3186,107325.032516481
0.9682135786083533,0.3188,107325.032723047
0.963562853163464,0.319,107325.03293061
1.113567161574647,0.3192,107325.033110213
0.9912866042579994,0.3194,107325.033311971
0.9752909980110473,0.3196,107325.033517038
0.978239092679072,0.3198,107325.033721487
0.9501368180614684,0.32,107325.033931983
1.119626478813774,0.3202,107325.034110614
0.8972593263193482,0.3204,107325.034333515
1.0492574025122583,0.3206,107325.034524126
0.9887822538132498,0.3208,107325.034726395
0.9767770863295367,0.321,107325.03493115
1.0579044163457088,0.3212,107325.035120203
1.0118896724992592,0.3214,107325.035317853
0.9828444529684887,0.3216,107325.035521344
0.9809355149321509,0.3218,107325.035725231
0.9674782461593624,0.322,107325.035931954
0.8776086914060348,0.3222,107325.036159846
1.7403865636679763,0.3224,107325.036274763
1.0244484843017567,0.3226,107325.03646999
0.9789668919621951,0.3228,107325.036674287
0.9040528666569293,0.323,107325.036895513
1.1339282553244447,0.3232,107325.037071891
1.0418728859312054,0.3234,107325.037263853
0.9817685216783973,0.3236,107325.037467567
0.9752719660819688,0.3238,107325.037672638
0.9735344753610319,0.324,107325.037878075
1.1116793585598859,0.3242,107325.038057983
0.9818841808782673,0.3244,107325.038261673
0.9747966856942948,0.3246,107325.038466844
0.9735628874206972,0.3248,107325.038672275
0.9713264528541802,0.325,107325.038878179
1.1087211982345906,0.3252,107325.039058567
0.9629597046360866,0.3254,107325.03926626
0.9901480346844413,0.3256,107325.03946825
0.9709680426719463,0.3258,107325.03967423
0.9763384831035682,0.326,107325.039879077
0.821048399522809,0.3262,107325.040122668
1.3282769396554572,0.3264,107325.040273239
1.025746274323577,0.3266,107325.040468219
0.9773164953919138,0.3268,107325.040672861
0.9703980001629793,0.327,107325.040878962
1.0869092197079468,0.3272,107325.04106297
0.9897266361418674,0.3274,107325.041265046
0.9731176570228693,0.3276,107325.041470571
0.9737809293074219,0.3278,107325.041675956
0.9882497296171798,0.328,107325.041878334
1.0669284025504384,0.3282,107325.042065788
1.017925697464928,0.3284,107325.042262266
0.9771159012461654,0.3286,107325.04246695
0.9690909081882662,0.3288,107325.042673329
0.9757715407220736,0.329,107325.042878295
1.094115885873107,0.3292,107325.043061091
0.9795422320834525,0.3294,107325.043265268
0.9824727181746175,0.3296,107325.043468836
0.9754907742668121,0.3298,107325.043673861
0.9762383417120399,0.33,107325.043878729
1.0738601164033292,0.3302,107325.044064973
1.0187241914595144,0.3304,107325.044261297
0.9712556831114626,0.3306,107325.044467216
0.9725591965851538,0.3308,107325.044672859
0.9676982720851354,0.331,107325.044879535
1.1152872318357274,0.3312,107325.045058861
0.9817203442303516,0.3314,107325.045262585
0.9713358575632473,0.3316,107325.045468487
0.9729803581774749,0.3318,107325.045674041
0.9746636127732328,0.332,107325.04587924
1.1050517383630578,0.3322,107325.046060227
0.9875226842886263,0.3324,107325.046262754
0.9709114541086702,0.3326,107325.046468746
0.9728241615573181,0.3328,107325.046674333
0.9731555536423726,0.333,107325.04687985
1.1157227218937238,0.3332,107325.047059106
0.9802528155165335,0.3334,107325.047263135
0.980406581300521,0.3336,107325.047467132
0.9634792962676871,0.3338,107325.047674713
0.31904490791378537,0.334,107325.048301584
2.4905670409066585,0.3342,107325.048381887
1.9648488027324083,0.3344,107325.048483676
2.9697825666131368,0.3346,107325.048551021
1.6654175956390649,0.3348,107325.048671111
0.9648225536572417,0.335,107325.048878403
1.0844046563793002,0.3352,107325.049062836
0.9984922497623068,0.3354,107325.049263138
0.9797054123150065,0.3356,107325.049467281
0.9734728986026823,0.3358,107325.049672731
0.9726585157207414,0.336,107325.049878353
0.7048185074522912,0.3362,107325.050162114
1.7950420137847956,0.3364,107325.050273532
1.021007276753046,0.3366,107325.050469417
0.9813156861192814,0.3368,107325.050673225
0.9727343092459653,0.337,107325.050878831
1.1124522058109305,0.3372,107325.051058614
0.980541157194236,0.3374,107325.051262583
0.9788758316895018,0.3376,107325.051466899
0.9741509478515878,0.3378,107325.051672206
0.9668982118861498,0.338,107325.051879053
1.1164141378225116,0.3382,107325.052058198
0.9846250281064075,0.3384,107325.052261321
0.9743075017855328,0.3386,107325.052466595
0.9758382586322288,0.3388,107325.052671547
0.9709492476783159,0.339,107325.052877531
1.1091207840599864,0.3392,107325.053057854
0.9865581396977025,0.3394,107325.053260579
0.9661882400696795,0.3396,107325.053467578
0.9728999120319122,0.3398,107325.053673149
0.978550147531392,0.34,107325.053877533
1.1025540595499634,0.3402,107325.05405893
0.99162082301248,0.3404,107325.05426062
0.9688936760949326,0.3406,107325.054467041
0.9733496995190852,0.3408,107325.054672517
0.9761144417105102,0.341,107325.054877411
1.1019041702626868,0.3412,107325.055058915
0.9821349512004045,0.3414,107325.055262553
0.9759096284898977,0.3416,107325.05546749
0.9720298369035866,0.3418,107325.055673245
0.970492218364269,0.342,107325.055879326
1.1244799402016983,0.3422,107325.056057186
0.9827864716523214,0.3424,107325.056260689
0.9703132536736352,0.3426,107325.056466808
0.9696640676262929,0.3428,107325.056673065
0.9840146763643375,0.343,107325.056876314
1.100842678675519,0.3432,107325.057057993
0.9834679205690824,0.3434,107325.057261355
0.964678309003913,0.3436,107325.057468678
0.9760525381606132,0.3438,107325.057673585
0.9849984643108048,0.344,107325.057876631
1.092937999168863,0.3442,107325.058059624
0.9882497296169055,0.3444,107325.058262002
0.975571649462051,0.3446,107325.05846701
0.9688467539226457,0.3448,107325.058673441
0.9714255203568691,0.345,107325.058879324
1.1024628767988596,0.3452,107325.059060736
0.9863392231284018,0.3454,107325.059263506
0.9726680150791797,0.3456,107325.059469126
0.5750762124967341,0.3458,107325.059816906
1.4260453168361356,0.346,107325.059957154
1.0908634369859098,0.3462,107325.060140495
1.0862894001010015,0.3464,107325.060324608
0.9943668765075275,0.3466,107325.060525741
0.7654272068782983,0.3468,107325.060787033
1.3624534884436403,0.347,107325.060933827
0.7237068261123826,0.3472,107325.061210182
1.7435119331004008,0.3474,107325.061324893
1.0073587698638458,0.3476,107325.061523432
0.9757096806555767,0.3478,107325.061728411
0.9623434970108228,0.348,107325.061936237
1.1175432325348633,0.3482,107325.062115201
1.003034183057941,0.3484,107325.062314596
0.9665384395139381,0.3486,107325.06252152
0.9779711702092291,0.3488,107325.062726025
0.9723134293749052,0.349,107325.06293172
1.0187344608977102,0.3492,107325.063128042
1.0561056030039675,0.3494,107325.063317417
0.9746636818925909,0.3496,107325.063522616
0.9770920744388937,0.3498,107325.063727305
0.9652835452245517,0.35,107325.063934498
1.1420739841893595,0.3502,107325.064109618
0.9729993007716718,0.3504,107325.064315168
1.1762768676941453,0.3506,107325.064485196
0.8427226444130654,0.3508,107325.064722522
0.9506019600780439,0.351,107325.064932915
1.123822791748041,0.3512,107325.065110879
0.984256808994108,0.3514,107325.065314078
0.9450455894592991,0.3516,107325.065525708
0.9788040273419483,0.3518,107325.065730039
0.9945894434062058,0.352,107325.065931127
1.0166631010104572,0.3522,107325.066127849
1.0593445045698828,0.3524,107325.066316645
0.9845184545752234,0.3526,107325.06651979
0.9706805725532389,0.3528,107325.066725831
0.9405390791145211,0.353,107325.066938475
1.1704942375631102,0.3532,107325.067109343
0.9802191878652795,0.3534,107325.067313379
0.9720345804219613,0.3536,107325.067519133
0.9768438723937147,0.3538,107325.067723874
0.9151517460992882,0.354,107325.067942417
1.1330481301968531,0.3542,107325.068118932
1.0240026550360681,0.3544,107325.068314244
0.9733496995193555,0.3546,107325.06851972
0.9484336576989976,0.3548,107325.068730594
0.9959563853579446,0.355,107325.068931406
1.1227187635232154,0.3552,107325.069109545
0.9717228441519385,0.3554,107325.069315365
0.9767103788066377,0.3556,107325.069520134
0.9794558809774228,0.3558,107325.069724329
0.9718267340227355,0.356,107325.069930127
1.1200466527107145,0.3562,107325.070108691
0.9844748020594251,0.3564,107325.070311845
0.9694901953137296,0.3566,107325.070518139
0.9717653043914879,0.3568,107325.07072395
0.9691988835510018,0.357,107325.070930306
1.094541010575677,0.3572,107325.071113031
1.0025213009825051,0.3574,107325.071312528
0.9806517693035169,0.3576,107325.071516474
0.9604625452886137,0.3578,107325.071724707
0.9816866158180808,0.358,107325.071928438
1.1095761939843867,0.3582,107325.072108687
0.9894181945772563,0.3584,107325.072310826
0.9666178370339464,0.3586,107325.072517733
0.9608963354013993,0.3588,107325.072725872
0.9608501846140096,0.359,107325.072934021
1.1330867092634584,0.3592,107325.07311053
0.9748583608961421,0.3594,107325.073315688
0.9754765117107745,0.3596,107325.073520716
0.951180638233109,0.3598,107325.073730981
0.9965271624744984,0.36,107325.073931678
1.0977550440648733,0.3602,107325.074113868
1.0000050456982275,0.3604,107325.074313867
0.9238984824662635,0.3606,107325.074530341
1.0294260769004737,0.3608,107325.074724624
1.0443155412491814,0.361,107325.074916137
0.9280613510487195,0.3612,107325.07513164
1.0049594914443973,0.3614,107325.075330653
1.2725074946668427,0.3616,107325.075487823
1.1192066200470048,0.3618,107325.075666521
0.9316625563023945,0.362,107325.075881191
0.9911490628581296,0.3622,107325.076082977
0.9759382486559968,0.3624,107325.076287908
0.7206635727744656,0.3626,107325.07656543
1.175958729147391,0.3628,107325.076735504
0.9712037964293917,0.363,107325.076941434
1.157956957711358,0.3632,107325.077114152
0.9950693840433419,0.3634,107325.077315143
0.947310572608144,0.3636,107325.077526267
0.9033138177243102,0.3638,107325.077747674
1.364340214005548,0.364,107325.077894265
0.8323345634466024,0.3642,107325.078134553
1.0785159422253887,0.3644,107325.078319993
0.9591313923846932,0.3646,107325.078528515
0.9544033751028471,0.3648,107325.07873807
0.9680308168588869,0.365,107325.078944675
1.455741771135855,0.3652,107325.079082062
0.9247485734681455,0.3654,107325.079298337
0.6910969425816703,0.3656,107325.079587732
1.2088901731277166,0.3658,107325.079753173
1.2228004324673858,0.366,107325.079916732
1.1911567505580818,0.3662,107325.080084636
0.9661135990099289,0.3664,107325.080291651
0.9790387899488826,0.3666,107325.080495933
0.9362331632879841,0.3668,107325.080709555
0.9864754327561207,0.367,107325.080912297
1.1643544330016937,0.3672,107325.081084066
0.9777703768178502,0.3674,107325.081288613
0.9588463385554592,0.3676,107325.081497197
0.964487538914344,0.3678,107325.081704561
0.9597804211263139,0.368,107325.081912942
1.1705078945330887,0.3682,107325.082083808
0.9783491163468752,0.3684,107325.082288234
0.9639715923038575,0.3686,107325.082495709
0.9593292229654933,0.3688,107325.082704188
0.9658569598239016,0.369,107325.082911258
1.1429681928422972,0.3692,107325.083086241
0.9811231823813877,0.3694,107325.083290089
0.9626306342721308,0.3696,107325.083497853
0.9652370398490093,0.3698,107325.083705056
0.9564069102037778,0.37,107325.083914172
1.190695983492871,0.3702,107325.084082141
0.956759244864658,0.3704,107325.08429118
0.974373950554859,0.3706,107325.08449644
0.9620148475916723,0.3708,107325.084704337
0.9563566644106446,0.371,107325.084913464
1.1702270437577045,0.3712,107325.085084371
0.9769823333039493,0.3714,107325.085289083
0.966426367102107,0.3716,107325.085496031
0.9657916675944002,0.3718,107325.085703115
0.9590807929977139,0.372,107325.085911648
1.1627028535756039,0.3722,107325.086083661
0.9716661675765244,0.3724,107325.086289493
0.9679464833074785,0.3726,107325.086496116
0.9302239009397608,0.3728,107325.086711118
0.9710859052419881,0.373,107325.086917073
1.1711247840401409,0.3732,107325.087087849
0.9709680426722157,0.3734,107325.087293829
0.9407027855663503,0.3736,107325.087506436
0.9846686939458391,0.3738,107325.08770955
0.9651345540251934,0.374,107325.087916775
1.169946427316013,0.3742,107325.088087723
0.9704968783573665,0.3744,107325.088293803
0.9680729550517069,0.3746,107325.088500399
0.9566128067098645,0.3748,107325.08870947
0.9639901857419608,0.375,107325.088916941
1.1736813402885828,0.3752,107325.089087345
0.9755573845409959,0.3754,107325.089292356
0.9614506253637899,0.3756,107325.089500375
0.9635954152309881,0.3758,107325.089707931
0.9545582201742031,0.376,107325.089917452
1.1757582322907114,0.3762,107325.090087555
0.9763861337622461,0.3764,107325.090292392
0.9651717636231468,0.3766,107325.090499609
0.9477100806464599,0.3768,107325.090710644
0.9745876565234857,0.377,107325.090915859
0.9053009613230198,0.3772,107325.09113678
1.2348498916580153,0.3774,107325.091298743
0.967754418560528,0.3776,107325.091505407
0.9604626124084763,0.3778,107325.09171364
0.9459708689961115,0.378,107325.091925063
1.200617133366612,0.3782,107325.092091644
0.9735675769495283,0.3784,107325.092297074
0.7530801286973815,0.3786,107325.09256265
1.3451346057207902,0.3788,107325.092711334
0.9401721537274229,0.379,107325.092924061
1.233577966750987,0.3792,107325.093086191
0.9530027092693671,0.3794,107325.093296054
0.8372228907398439,0.3796,107325.093534939
1.1459414152336078,0.3798,107325.093709468
0.9611457069382945,0.38,107325.093917553
1.2146018584679785,0.3802,107325.094082216
0.9334627866631644,0.3804,107325.094296472
0.6752057797739688,0.3806,107325.094592678
1.719380046082626,0.3808,107325.094708999
0.9372202457206771,0.381,107325.094922396
1.2274457446540183,0.3812,107325.095085336
0.9527438731428441,0.3814,107325.095295256
0.9534070338304943,0.3816,107325.09550503
0.9569194525297419,0.3818,107325.095714034
0.9623389149883818,0.382,107325.095921861
1.1990263025485075,0.3822,107325.096088663
0.9687435001709482,0.3824,107325.096295116
0.9616263354402994,0.3826,107325.096503097
0.9551143795148148,0.3828,107325.096712496
0.9596376130537894,0.383,107325.096920908
1.2044130143844924,0.3832,107325.097086964
0.9501864780882178,0.3834,107325.097297449
0.9618390628323134,0.3836,107325.097505384
0.9347104376543246,0.3838,107325.097719354
0.9778134367844421,0.384,107325.097923892
1.2153621877816514,0.3842,107325.098088452
0.9744926414895033,0.3844,107325.098293687
0.9543805768184641,0.3846,107325.098503247
0.9582124006623377,0.3848,107325.098711969
0.9531298005126788,0.385,107325.098921804
1.200948755622586,0.3852,107325.099088339
0.9698991885149555,0.3854,107325.099294546
0.9629551167433265,0.3856,107325.09950224
0.9589014625101827,0.3858,107325.099710812
0.9468845234529871,0.386,107325.099922031
1.1738880475351825,0.3862,107325.100092405
0.9935765730443241,0.3864,107325.100293698
0.9318231238712126,0.3866,107325.100508331
0.9789285413902449,0.3868,107325.100712636
0.9324531055899443,0.387,107325.100927124
1.2499609245268943,0.3872,107325.101087129
0.9610440880376162,0.3874,107325.101295236
0.9639947835027202,0.3876,107325.101502706
0.951316396662261,0.3878,107325.101712941
0.9579324328534226,0.388,107325.101921724
1.2100237769368352,0.3882,107325.10208701
0.9685324174864772,0.3884,107325.102293508
0.9267110130570211,0.3886,107325.102509325
0.9841696951763564,0.3888,107325.102712542
0.9515834178681711,0.389,107325.102922718
1.229770272367779,0.3892,107325.10308535
0.958809548180742,0.3894,107325.103293942
0.9568187252742894,0.3896,107325.103502968
0.9571988951176347,0.3898,107325.103711911
0.9558401378024232,0.39,107325.103921151
1.2161603803537357,0.3902,107325.104085603
0.9608317121063901,0.3904,107325.104293756
0.9510223462336201,0.3906,107325.104504056
0.9533706596695742,0.3908,107325.104713838
0.9110330325700966,0.391,107325.104933369
1.3221392525295088,0.3912,107325.105084639
0.9782821243064316,0.3914,107325.105289079
0.9531888965962829,0.3916,107325.105498901
0.9490051767023591,0.3918,107325.105709648
0.7049203779703883,0.392,107325.105993368
1.3961799951399976,0.3922,107325.106136616
1.1879517872528709,0.3924,107325.106304973
1.0131455864729355,0.3926,107325.106502378
0.9234420372908734,0.3928,107325.106718959
0.9871863292616353,0.393,107325.106921555
1.2122534270365872,0.3932,107325.107086537
0.9660762488516019,0.3934,107325.10729356
0.9511354159739431,0.3936,107325.107503835
0.9045067105181023,0.3938,107325.10772495
0.9651763726622035,0.394,107325.107932166
0.9695371798329149,0.3942,107325.10813845
0.9657030417487401,0.3944,107325.108345553
0.9606932245100194,0.3946,107325.108553736
0.9546403031310611,0.3948,107325.108763239
0.9393772632611362,0.395,107325.108976146
0.9462259724620594,0.3952,107325.109187512
0.8327816060990862,0.3954,107325.109427671
0.9690438985870846,0.3956,107325.10963406
0.9733923709932591,0.3958,107325.109839527
0.8893987793971573,0.396,107325.110064398
0.9625380036763913,0.3962,107325.110272182
0.9976804585473089,0.3964,107325.110472647
0.9863732012189597,0.3966,107325.11067541
0.9096118823323943,0.3968,107325.110895284
0.9703415465304908,0.397,107325.111101397
0.9885916451860087,0.3972,107325.111303705
0.9589612095840534,0.3974,107325.111512264
0.9935765730443241,0.3976,107325.111713557
0.963460722532239,0.3978,107325.111921142
1.0174440984241269,0.398,107325.112117713
0.9529072974575392,0.3982,107325.112327597
0.9705016069252488,0.3984,107325.112533676
0.9667907485075828,0.3986,107325.112740546
0.9614599070613267,0.3988,107325.112948563
1.3659709193472014,0.399,107325.113094979
1.020757037565726,0.3992,107325.113290912
0.9652323624423491,0.3994,107325.113498116
0.9803777683954231,0.3996,107325.113702119
0.9517011682108952,0.3998,107325.113912269
1.1921792435018885,0.4,107325.114080029
0.7376127370116048,0.4002,107325.114351174
1.3850223513108622,0.4004,107325.114495576
0.975919191458022,0.4006,107325.114700511
0.967852758728715,0.4008,107325.114907154
1.1550878964543139,0.401,107325.115080301
0.9660948556602587,0.4012,107325.11528732
0.967309786217454,0.4014,107325.115494079
0.9627280032559774,0.4016,107325.115701822
0.9654513000921053,0.4018,107325.115908979
1.1698985257840397,0.402,107325.116079934
0.9050674447776234,0.4022,107325.116300912
0.9421030847940695,0.4024,107325.116513203
1.0364090736557574,0.4026,107325.116706177
0.977082488471063,0.4028,107325.116910868
1.139575170637201,0.403,107325.117086372
0.9021606628304736,0.4032,107325.117308062
1.0457188464256508,0.4034,107325.117499318
0.9701909214739604,0.4036,107325.117705463
0.3581905595896645,0.4038,107325.118263825
1.5201611298124296,0.404,107325.11839539
1.7363523168551882,0.4042,107325.118510574
1.5396222572551483,0.4044,107325.118640476
1.4407145582675465,0.4046,107325.118779296
1.4324594347618869,0.4048,107325.118918916
1.1801429600898699,0.405,107325.119088387
0.9795134699591954,0.4052,107325.11929257
0.97428850822055,0.4054,107325.119497848
0.9571530988069133,0.4056,107325.119706801
0.9640459027385373,0.4058,107325.11991426
1.1512712159148626,0.406,107325.120087981
0.9679371441170704,0.4062,107325.120294606
0.9760572517045614,0.4064,107325.120499512
0.969537179833184,0.4066,107325.120705796
0.9533706596695742,0.4068,107325.120915578
1.1994794082882605,0.407,107325.121082317
0.9609240145648706,0.4072,107325.12129045
0.4630572837689298,0.4074,107325.121722362
1.7277126448060622,0.4076,107325.121838122
1.6850761180080256,0.4078,107325.121956811
1.5377872754516961,0.408,107325.122086868
0.9976405553847377,0.4082,107325.122287341
0.9661322072576375,0.4084,107325.122494352
0.9635350217713532,0.4086,107325.122701921
0.9629922259505319,0.4088,107325.122909607
1.1954429606712003,0.409,107325.123076909
0.9514929010433826,0.4092,107325.123287105
0.9756430495834381,0.4094,107325.123492098
0.9475394842518139,0.4096,107325.123703171
0.9626029241246481,0.4098,107325.123910941
1.1823195892680012,0.41,107325.1240801
0.959761922706196,0.4102,107325.124288485
0.9707559895548633,0.4104,107325.12449451
0.9559361378607776,0.4106,107325.124703729
0.8849009248005215,0.4108,107325.124929743
1.3221480285278395,0.411,107325.125081012
0.9653021893087123,0.4112,107325.125288201
0.7740716981033458,0.4114,107325.125546575
1.2539421239994617,0.4116,107325.125706072
0.9805026831833226,0.4118,107325.125910049
1.1207935242039084,0.412,107325.126088494
1.0091275449718136,0.4122,107325.126286685
0.951587963926793,0.4124,107325.12649686
0.7205830930647334,0.4126,107325.126774413
1.4537418904350572,0.4128,107325.126911989
1.1287828637891426,0.413,107325.127089171
0.9820192329189802,0.4132,107325.127292833
0.7431628843979533,0.4134,107325.127561953
1.4024458853912476,0.4136,107325.127704561
0.895615980298285,0.4138,107325.127927871
1.2444234435804398,0.414,107325.128088588
0.6907055199119998,0.4142,107325.128378147
1.6856725751344828,0.4144,107325.128496794
0.9490502621510502,0.4146,107325.128707531
0.9658849255164148,0.4148,107325.128914595
1.1814814903146393,0.415,107325.129083874
0.962051817020768,0.4152,107325.129291763
0.9644317708585912,0.4154,107325.129499139
0.929070142504404,0.4156,107325.129714408
1.0041622452723307,0.4158,107325.129913579
1.1745015805300685,0.416,107325.130083864
0.9610532946850217,0.4162,107325.130291969
0.7785767044495162,0.4164,107325.130548848
1.2701961099395545,0.4166,107325.130706304
0.6275297415565233,0.4168,107325.131025014
2.736726525819986,0.417,107325.131098094
1.0404419903905473,0.4172,107325.13129032
0.9816432841702163,0.4174,107325.13149406
0.9655538531998723,0.4176,107325.131701195
0.9670572062739078,0.4178,107325.131908008
1.1835440099505332,0.418,107325.132076992
0.9501052248997419,0.4182,107325.132287495
0.9366847885292919,0.4184,107325.132501014
0.9870596349145919,0.4186,107325.132703636
1.301329266004416,0.4188,107325.132857325
1.2098775268906647,0.419,107325.133022631
0.969668719670004,0.4192,107325.133228887
0.9388084928934092,0.4194,107325.133441923
0.8566300703751198,0.4196,107325.133675396
1.1008185195225613,0.4198,107325.133857079
0.881783653733965,0.42,107325.134083892
1.0613626866397252,0.4202,107325.134272329
0.9692317593092681,0.4204,107325.134478678
0.9608270772974272,0.4206,107325.134686832
0.8913569590904186,0.4208,107325.134911209
1.1601802367902072,0.421,107325.135083596
0.9615199733930553,0.4212,107325.1352916
0.9774550208100853,0.4214,107325.135496213
0.9480829799114067,0.4216,107325.135707165
0.464726120995542,0.4218,107325.136137526
2.1302205404481476,0.422,107325.136231413
2.965950727207777,0.4222,107325.136298845
1.001151314363359,0.4224,107325.136498615
0.9621953445883756,0.4226,107325.136706473
0.9575104529741886,0.4228,107325.136915348
1.1489235194475835,0.423,107325.137089424
1.0079730769398882,0.4232,107325.137287842
0.9578176746442313,0.4234,107325.13749665
0.9614414111021926,0.4236,107325.137704671
0.9566540232850904,0.4238,107325.137913733
1.1998680123960375,0.424,107325.138080418
0.9534387808212706,0.4242,107325.138290185
0.9690720491375225,0.4244,107325.138496568
0.9571118392166948,0.4246,107325.13870553
0.9662815745983493,0.4248,107325.138912509
1.1968953415909482,0.425,107325.139079608
0.9578497828096924,0.4252,107325.139288409
0.9606101645405843,0.4254,107325.13949661
0.9602274148829876,0.4256,107325.139704894
0.8924348330410345,0.4258,107325.139929
1.2756648142158338,0.426,107325.140085781
0.9612426412834129,0.4262,107325.140293845
0.9513888345666954,0.4264,107325.140504064
0.9517962727168116,0.4266,107325.140714193
0.9721857785342165,0.4268,107325.140919915
1.186711164115053,0.427,107325.141088448
0.9459127296089045,0.4272,107325.141299884
0.9636975068483407,0.4274,107325.141507418
0.9640273071510543,0.4276,107325.141714881
0.9432983302656665,0.4278,107325.141926903
0.734618937694576,0.428,107325.142199153
1.223690572311395,0.4282,107325.142362593
1.352420544904314,0.4284,107325.142510476
1.1064333865273228,0.4286,107325.142691237
0.9788135774101367,0.4288,107325.142895566
1.1871619812279866,0.429,107325.143064035
0.6145866136704932,0.4292,107325.143389457
1.6955618413762292,0.4294,107325.143507412
0.9627001526363809,0.4296,107325.143715161
0.8220135362450861,0.4298,107325.143958466
1.1180617025399966,0.43,107325.144137347
0.971180257078,0.4302,107325.144343282
1.2587324170574274,0.4304,107325.144502172
0.9532752402903409,0.4306,107325.144711975
0.9720250934320478,0.4308,107325.144917731
1.1562163631097617,0.431,107325.145090709
0.9963533470523115,0.4312,107325.145291441
0.7955323058207423,0.4314,107325.145542845
1.1972248064707154,0.4316,107325.145709898
0.9636000092267858,0.4318,107325.145917453
1.2160937704625427,0.432,107325.146081914
0.9528346942065411,0.4322,107325.146291814
0.9592188160747636,0.4324,107325.146500317
0.7558864803854922,0.4326,107325.146764907
1.349363695871126,0.4328,107325.146913125
1.1712276788158449,0.433,107325.147083886
0.9543988021036158,0.4332,107325.147293442
0.9615708304877295,0.4334,107325.147501435
0.9618159079291133,0.4336,107325.147709375
0.9604625452886137,0.4338,107325.147917608
1.1264432641432436,0.434,107325.148095158
0.6813126207827652,0.4342,107325.148388709
1.558603536301745,0.4344,107325.148517029
0.9766149494424169,0.4346,107325.148721818
0.9678762052120433,0.4348,107325.148928456
0.9496315138556112,0.435,107325.149139064
0.958607318433829,0.4352,107325.1493477
0.9486811200736353,0.4354,107325.149558519
0.96452943687786,0.4356,107325.149765874
0.9646689650633533,0.4358,107325.149973199
0.952725777050245,0.436,107325.150183123
0.9558402042775208,0.4362,107325.150392363
0.9746350673163741,0.4364,107325.150597568
0.9542758777577794,0.4366,107325.150807151
0.9288889255714851,0.4368,107325.151022462
0.9948070695245067,0.437,107325.151223506
0.9601628815276491,0.4372,107325.151431804
0.9678902463823595,0.4374,107325.151638439
0.9671132783819536,0.4376,107325.15184524
0.7370527761050165,0.4378,107325.152116591
1.4161597324936417,0.438,107325.152257818
0.9435163680603058,0.4382,107325.152469791
0.9787226153514852,0.4384,107325.152674139
0.879410794580864,0.4386,107325.152901564
1.034650466093281,0.4388,107325.153094866
1.006491815249235,0.439,107325.153293576
0.9301849932484926,0.4392,107325.153508587
1.011592876930686,0.4394,107325.153706295
0.9594442767078529,0.4396,107325.153914749
1.174708476418881,0.4398,107325.154085004
0.9344397127934764,0.44,107325.154299036
0.969363284648635,0.4402,107325.154505357
0.9638554502606267,0.4404,107325.154712857
0.9575287979953111,0.4406,107325.154921728
0.6655308078223661,0.4408,107325.15522224
1.4034497870453457,0.441,107325.155364746
0.8577763817362694,0.4412,107325.155597907
1.9072322797638952,0.4414,107325.155702771
0.9557214275570636,0.4416,107325.155912037
1.1470981215542915,0.4418,107325.15608639
0.641615822934275,0.442,107325.156398103
0.6265154035208157,0.4422,107325.156717329
1.12429661166474,0.4424,107325.156895218
1.1907029981009154,0.4426,107325.157063186
1.1916961924307727,0.4428,107325.157231014
1.5076703033418106,0.443,107325.157363669
1.3300525006221107,0.4432,107325.157514039
0.7354509394837796,0.4434,107325.157785981
0.3759568137438889,0.4436,107325.158317957
0.28513261593633527,0.4438,107325.159019385
0.2689466174118998,0.444,107325.159763027
0.9313198141763274,0.4442,107325.159977776
11.424000680925415,0.4444,107325.159995283
7.513149942272552,0.4446,107325.160021903
13.623045312233662,0.4448,107325.160036584
1.6897029802144774,0.445,107325.160154948
12.403095876732003,0.4452,107325.160171073
14.26533618061222,0.4454,107325.160185093
1.0909348723589722,0.4456,107325.160368422
12.324385006531227,0.4458,107325.16038465
3.3115322500260342,0.446,107325.160445045
0.6450073217241371,0.4462,107325.160755119
1.0569260480040872,0.4464,107325.160944347
1.0736640672350124,0.4466,107325.161130625
1.7225192973008336,0.4468,107325.161246734
1.7881250041083085,0.447,107325.161358583
0.7043989726479287,0.4472,107325.161642513
1.2814516155748559,0.4474,107325.161798586
1.6655564505052436,0.4476,107325.161918666
1.1774263569375378,0.4478,107325.162088528
0.9239198476759112,0.448,107325.162304997
0.7514700278073632,0.4482,107325.162571142
1.2390729769597115,0.4484,107325.162732553
1.0983217499248803,0.4486,107325.162914649
1.160119715677215,0.4488,107325.163087045
0.9783443806416676,0.449,107325.163291472
0.949748781601275,0.4492,107325.163502054
0.9739468886789009,0.4494,107325.163707404
0.9640691651379782,0.4496,107325.163914858
1.1644629489874658,0.4498,107325.164086611
0.9614321297620284,0.45,107325.164294634
0.8655910482692541,0.4502,107325.16452569
1.0995717083743297,0.4504,107325.164707579
0.9653487687669708,0.4506,107325.164914758
1.155421552357202,0.4508,107325.165087855
0.9552786181385257,0.451,107325.165297218
0.8897945310754551,0.4512,107325.165521989
1.1266970242562486,0.4514,107325.165699499
1.147242897995564,0.4516,107325.16587383
0.913897204612828,0.4518,107325.166092673
0.9971978517712079,0.452,107325.166293235
0.9400749211490073,0.4522,107325.166505984
0.8305406421548331,0.4524,107325.166746791
0.8727450299032694,0.4526,107325.166975953
1.0160537077776892,0.4528,107325.167172793
0.9816817776291206,0.453,107325.167376525
1.0801118681258939,0.4532,107325.167561691
1.20425345024678,0.4534,107325.167727769
0.923659557570053,0.4536,107325.167944299
0.3729617635624352,0.4538,107325.168480547
0.6244438435248443,0.454,107325.168800832
1.3323297497809148,0.4542,107325.168950945
1.56151173155999,0.4544,107325.169079026
2.187442062297132,0.4546,107325.169170457
0.9712886985557049,0.4548,107325.169376369
0.8253412528745773,0.455,107325.169618693
0.9051207310248026,0.4552,107325.169839658
1.7495670408799306,0.4554,107325.169953972
1.0292671887730005,0.4556,107325.170148285
1.4475446791899425,0.4558,107325.17028645
1.0353627859427867,0.456,107325.170479619
1.461037845165217,0.4562,107325.170616508
1.1166197611190987,0.4564,107325.17079562
1.4497691203157514,0.4566,107325.170933573
1.2320429844279916,0.4568,107325.171095905
1.0793482793948772,0.457,107325.171281202
0.963730010440148,0.4572,107325.171488729
0.9871083378466127,0.4574,107325.171691341
0.968546477702987,0.4576,107325.171897836
1.1767682522219964,0.4578,107325.172067793
0.9725734427828083,0.458,107325.172273433
0.5651761012412497,0.4582,107325.172627305
0.99804879011431,0.4584,107325.172827696
1.5926992247586773,0.4586,107325.172953269
0.915164238220083,0.4588,107325.173171809
1.0718056238875897,0.459,107325.17335841
1.1785990161228914,0.4592,107325.173528103
1.095650293186619,0.4594,107325.173710643
0.968419813975333,0.4596,107325.173917165
1.1370355285107365,0.4598,107325.174093061
0.6296554945122705,0.46,107325.174410695
1.0180086348587274,0.4602,107325.174607157
1.0431879887949407,0.4604,107325.174798877
1.1615346019940873,0.4606,107325.174971063
1.143595591032532,0.4608,107325.17514595
1.0473835975006407,0.461,107325.175336902
0.9149591059427716,0.4612,107325.175555491
1.1307868397260756,0.4614,107325.175732359
1.0424647856144151,0.4616,107325.175924212
1.115175290694957,0.4618,107325.176103556
0.9266209178176118,0.462,107325.176319394
0.9235699925899129,0.4622,107325.176535945
0.90225832482745,0.4624,107325.176757611
1.0780857515498818,0.4626,107325.176943125
1.0768956981433426,0.4628,107325.177128844
1.1039477313397998,0.463,107325.177310012
0.6750713301103058,0.4632,107325.177606277
1.706848664086233,0.4634,107325.177723452
1.0029687449383993,0.4636,107325.17792286
1.1668271955326144,0.4638,107325.178094265
0.8502931007631785,0.464,107325.178329478
1.1027608022034914,0.4642,107325.178510841
0.9801615158728672,0.4644,107325.178714889
0.9799838588928224,0.4646,107325.178918974
1.1584666440319875,0.4648,107325.179091616
1.0016777608718321,0.465,107325.179291281
0.7876713901633907,0.4652,107325.179545194
1.0294526015783976,0.4654,107325.179739472
1.048877766819838,0.4656,107325.179930152
1.21055112443638,0.4658,107325.180095366
0.9964278216309786,0.466,107325.180296083
0.9352962100479021,0.4662,107325.180509919
0.802043601368835,0.4664,107325.180759282
0.44574005435586767,0.4666,107325.181207974
1.4189429235772508,0.4668,107325.181348924
1.7295652769511776,0.467,107325.18146456
1.4296231688091052,0.4672,107325.181604457
1.4702855265311305,0.4674,107325.181740485
0.30899484334404886,0.4676,107325.182387745
0.8887269295362009,0.4678,107325.182612786
0.740622775983631,0.468,107325.182882829
1.1062620387362474,0.4682,107325.183063618
1.1925774113669776,0.4684,107325.183231322
11.751569507593434,0.4686,107325.183248341
1.5467664465267026,0.4688,107325.183377643
1.3153394735959176,0.469,107325.183529695
0.6226708154450314,0.4692,107325.183850892
2.0074880205188466,0.4694,107325.183950519
1.499329076460398,0.4696,107325.184083912
1.611434630608098,0.4698,107325.184208025
1.5116815073988692,0.47,107325.184340328
1.2235709552100804,0.4702,107325.184503784
0.9807863425317116,0.4704,107325.184707702
0.9642504339091449,0.4706,107325.184915117
1.1297839631106357,0.4708,107325.185092142
0.9932113908858203,0.471,107325.185293509
0.961778889324628,0.4712,107325.185501457
0.9453806274322799,0.4714,107325.185713012
0.9891295210488351,0.4716,107325.18591521
1.1682310928295605,0.4718,107325.186086409
0.9607486281894411,0.472,107325.18629458
0.915005156743248,0.4722,107325.186513158
1.0064159024295263,0.4724,107325.186711883
0.9120966980641821,0.4726,107325.186931158
1.2454462433432807,0.4728,107325.187091743
0.9472657175832635,0.473,107325.187302877
0.9191895144719145,0.4732,107325.18752046
0.9421163235439147,0.4734,107325.187732748
1.0641524799650943,0.4736,107325.187920691
1.192442279653832,0.4738,107325.188088414
0.9635211066779298,0.474,107325.188295986
0.976247841779187,0.4742,107325.188500852
0.9708219547574372,0.4744,107325.188706863
0.9664216781622759,0.4746,107325.188913812
1.1739638517512974,0.4748,107325.189084175
0.9618436400963143,0.475,107325.189292109
0.9437390428516889,0.4752,107325.189504032
0.9735155119232112,0.4754,107325.189709473
0.9782677800100946,0.4756,107325.189913916
1.1170936995645697,0.4758,107325.190092952
0.9819276741031598,0.476,107325.190296633
0.9165818377767373,0.4762,107325.190514835
0.9627002200693484,0.4764,107325.190722584
0.9754289497935786,0.4766,107325.190927622
0.6670958368902578,0.4768,107325.191227429
1.497218821569406,0.477,107325.19136101
1.8789928864870347,0.4772,107325.19146745
1.002320388434086,0.4774,107325.191666987
0.9656704049348986,0.4776,107325.191874097
0.8877249547752549,0.4778,107325.192099392
1.0419217771268445,0.478,107325.192291345
0.9822555405560707,0.4782,107325.192494958
0.8240762167897266,0.4784,107325.192737654
1.1470323522673258,0.4786,107325.192912017
1.211430987942405,0.4788,107325.193077111
1.3840447694359106,0.479,107325.193221615
0.7016780693047305,0.4792,107325.193506646
1.4764506632689802,0.4794,107325.193642106
0.9386718571209738,0.4796,107325.193855173
0.927471709818891,0.4798,107325.194070813
0.7928484883613806,0.48,107325.194323068
1.2958320492331585,0.4802,107325.194477409
0.6637219421991765,0.4804,107325.19477874
0.8704015401868921,0.4806,107325.195008519
0.6105602651514294,0.4808,107325.195336087
1.799742469767067,0.481,107325.195447214
1.7839303497618209,0.4812,107325.195559326
1.471183240800136,0.4814,107325.195695271
0.7988305359248921,0.4816,107325.195945637
1.3261280228116503,0.4818,107325.196096452
1.5066707023763883,0.482,107325.196229195
0.954034627278261,0.4822,107325.196438831
1.268150364729658,0.4824,107325.196596541
0.9642132276693199,0.4826,107325.196803964
0.944630534356235,0.4828,107325.197015687
0.964645673709379,0.483,107325.197223017
1.2798034826677496,0.4832,107325.197379291
0.9714585473487148,0.4834,107325.197585167
0.9504257860555132,0.4836,107325.197795599
0.9221349187592079,0.4838,107325.198012487
1.3379358665136445,0.484,107325.198161971
0.9614691216777191,0.4842,107325.198369986
0.9538344065346542,0.4844,107325.198579666
0.9494512392007034,0.4846,107325.198790314
0.9666739261919637,0.4848,107325.198997209
1.2669132311952185,0.485,107325.199155073
0.9441845133051959,0.4852,107325.199366896
0.9592418460994515,0.4854,107325.199575394
0.9667486538603725,0.4856,107325.199782273
0.9554657623229049,0.4858,107325.199991595
0.9450589760209734,0.486,107325.200203222
1.2719895429523063,0.4862,107325.200360456
0.9558265105479699,0.4864,107325.200569699
0.9507510358933722,0.4866,107325.200780059
0.956571660263186,0.4868,107325.200989139
0.9406232105471114,0.487,107325.201201764
0.9692223269511584,0.4872,107325.201408115
0.9593154290839296,0.4874,107325.201616597
0.9933840399032402,0.4876,107325.201817929
1.1310233870493134,0.4878,107325.20199476
1.0431335949939593,0.488,107325.20218649
1.1367447471019199,0.4882,107325.202362431
1.1051433498753758,0.4884,107325.202543403
1.1389651056851884,0.4886,107325.202719001
1.1251758077829375,0.4888,107325.202896751
1.100618497786733,0.489,107325.203078467
1.1432099596440068,0.4892,107325.203253413
1.105595409749013,0.4894,107325.203434311
1.1732888771383285,0.4896,107325.203604772
0.8723833993773749,0.4898,107325.203834029
0.9241546195070653,0.49,107325.204050443
1.7873741223609307,0.4902,107325.204162339
1.1703434339689733,0.4904,107325.204333229
1.1300265018226163,0.4906,107325.204510216
1.1318747334550014,0.4908,107325.204686914
1.170192868495296,0.491,107325.204857826
1.0696274352188957,0.4912,107325.205044807
1.1555550298344222,0.4914,107325.205217884
1.1690847000147402,0.4916,107325.205388958
1.1344428474007822,0.4918,107325.205565256
1.1487848479606688,0.492,107325.205739353
1.0514749525116895,0.4922,107325.205929562
1.1357764238156285,0.4924,107325.206105653
1.18460952168169,0.4926,107325.206274485
0.7542416453657799,0.4928,107325.206539652
2.0875085488710656,0.493,107325.20663546
1.0547744253014484,0.4932,107325.206825074
1.1969740421869055,0.4934,107325.206992162
0.8955397653698238,0.4936,107325.207215491
0.6856500321202498,0.4938,107325.207507185
0.8986300068861375,0.494,107325.207729746
1.519214254635743,0.4942,107325.207861393
3.3288949377843355,0.4944,107325.207921473
0.9180376226758146,0.4946,107325.208139329
0.9190204886293619,0.4948,107325.208356952
0.9138303631757659,0.495,107325.208575811
0.8877013319043596,0.4952,107325.208801112
1.145258950753682,0.4954,107325.208975745
1.0927708054959289,0.4956,107325.209158766
1.139789414938114,0.4958,107325.209334237
0.6366993515196674,0.496,107325.209648357
1.3263919208372783,0.4962,107325.209799142
1.2264220788353668,0.4964,107325.209962218
0.8970138392849162,0.4966,107325.21018518
0.8668478046238774,0.4968,107325.210415901
0.9833229017031266,0.497,107325.210619293
0.8268665416289315,0.4972,107325.21086117
0.9078611270512111,0.4974,107325.211081468
1.4704909723854465,0.4976,107325.211217477
0.8457196253922298,0.4978,107325.211453962
1.3688410743092436,0.498,107325.211600071
1.5223480655596573,0.4982,107325.211731447
1.9580008674879346,0.4984,107325.211833592
0.8586933995251088,0.4986,107325.212066504
1.9056876205903324,0.4988,107325.212171453
1.155021110742987,0.499,107325.21234461
1.1342240559496328,0.4992,107325.212520942
1.122202197096778,0.4994,107325.212699163
1.0880682830745896,0.4996,107325.212882975
1.0606085077132617,0.4998,107325.213071546
1.2342859799885448,0.5,107325.213233583
0.8228860918078496,0.5002,107325.21347663
1.215517291908602,0.5004,107325.213641169
0.8975371838306581,0.5006,107325.213864001
1.1513176041687738,0.5008,107325.214037715
1.1419892423527092,0.501,107325.214212848
1.119212999907694,0.5012,107325.214391545
1.0706638327718865,0.5014,107325.214578345
0.9006331050195813,0.5016,107325.214800411
1.0899361463531538,0.5018,107325.214983908
0.7985306637585973,0.502,107325.215234368
1.2605015784544382,0.5022,107325.215393035
1.2338900527000471,0.5024,107325.215555124
1.1983582564980622,0.5026,107325.215722019
0.8792638992246429,0.5028,107325.215949482
0.8612707667660807,0.503,107325.216181697
0.8543138483065751,0.5032,107325.216415803
0.8814611321807008,0.5034,107325.216642699
0.9945448932694918,0.5036,107325.216843796
0.8604593592758517,0.5038,107325.21707623
0.9059858107196713,0.504,107325.217296984
0.885873005502296,0.5042,107325.21752275
0.9181176539055192,0.5044,107325.217740587
0.9371500131399821,0.5046,107325.217954
0.8253004150131651,0.5048,107325.218196336
0.9118056408318542,0.505,107325.218415681
0.8932439493666743,0.5052,107325.218639584
0.8321336414865909,0.5054,107325.21887993
0.8093201692499049,0.5056,107325.219127051
0.8091596907530185,0.5058,107325.219374221
0.8021111457179572,0.506,107325.219623563
0.41886307879746393,0.5062,107325.220101046
0.7148167148553654,0.5064,107325.220380838
1.3880983944643415,0.5066,107325.22052492
0.9182188627934794,0.5068,107325.220742733
0.8232959636864343,0.507,107325.220985659
0.7690207688777032,0.5072,107325.22124573
0.7999232283898597,0.5074,107325.221495754
0.9095787730868334,0.5076,107325.221715636
0.8338162220350165,0.5078,107325.221955497
0.8243751638055332,0.508,107325.222198105
0.8141929983370341,0.5082,107325.222443747
0.8104581592599257,0.5084,107325.222690521
0.7889639807534787,0.5086,107325.222944018
0.7799673168958862,0.5088,107325.223200439
0.6994327420475299,0.509,107325.223486385
0.8483887064182654,0.5092,107325.223722126
0.8546059124454106,0.5094,107325.223956152
0.7049327432523034,0.5096,107325.224239867
0.7953614603465246,0.5098,107325.224491325
0.8531222187701902,0.51,107325.224725758
0.9546493874922117,0.5102,107325.224935259
0.7925092170664612,0.5104,107325.225187622
0.8041526131798198,0.5106,107325.225436331
0.843323196516141,0.5108,107325.225673488
0.8075065868749501,0.511,107325.225921164
0.7909922053638638,0.5112,107325.226174011
0.8299616095869561,0.5114,107325.226414986
0.8213046609457825,0.5116,107325.226658501
0.4942078765195277,0.5118,107325.227063189
1.0099683954202234,0.512,107325.227261215
0.8633863690456095,0.5122,107325.227492861
0.7455536907818824,0.5124,107325.227761118
0.6049021276924703,0.5126,107325.22809175
1.1072235728280655,0.5128,107325.228272382
0.7741585522583243,0.513,107325.228530727
0.9711095086362199,0.5132,107325.228736677
0.8261697852668645,0.5134,107325.228978758
0.8068778256026025,0.5136,107325.229226627
0.8353904420738334,0.5138,107325.229466036
0.516075760198018,0.514,107325.229853576
0.8952551537131379,0.5142,107325.230076976
1.6724085588932238,0.5144,107325.230196564
0.9696265108516232,0.5146,107325.230402829
0.9188431705282095,0.5148,107325.230620494
0.9288845938071424,0.515,107325.230835806
0.8575078803913698,0.5152,107325.23106904
0.5748464592069629,0.5154,107325.231416959
0.8672425073215781,0.5156,107325.231647575
0.869225052972354,0.5158,107325.231877665
0.9078653249215874,0.516,107325.232097962
0.9083147214985989,0.5162,107325.23231815
0.7809815091217952,0.5164,107325.232574238
0.8035420282573977,0.5166,107325.232823136
0.8633863690460888,0.5168,107325.233054782
0.8908964037366911,0.517,107325.233279275
0.8507633342227596,0.5172,107325.233514358
0.9147582665783551,0.5174,107325.233732995
0.8847286678731671,0.5176,107325.233959053
0.8612782149851842,0.5178,107325.234191266
0.9199039814260499,0.518,107325.23440868
0.8639420653538733,0.5182,107325.234640177
0.9001467627117709,0.5184,107325.234862363
0.8586749444626938,0.5186,107325.23509528
0.8806227651692409,0.5188,107325.235322392
0.8412551732444593,0.519,107325.235560132
0.8715394327479559,0.5192,107325.235789611
0.8692099904507907,0.5194,107325.236019705
0.8757295819741115,0.5196,107325.236248086
0.9356594023529532,0.5198,107325.236461839
0.8536101136674297,0.52,107325.236696138
0.7055470334662277,0.5202,107325.236979606
0.9953467581024252,0.5204,107325.237180541
0.9507058544736942,0.5206,107325.237390911
0.9568736829540968,0.5208,107325.237599925
0.8854415997854982,0.521,107325.237825801
0.46566208434153533,0.5212,107325.238255297
1.0805962656087544,0.5214,107325.23844038
0.8924109008976437,0.5216,107325.238664492
0.9083353720281673,0.5218,107325.238884675
0.45995409952434635,0.522,107325.239319501
1.6009733753675703,0.5222,107325.239444425
1.4413894986464832,0.5224,107325.23958318
0.9487350813964491,0.5226,107325.239793987
0.9201282771421575,0.5228,107325.240011348
0.8741793754937164,0.523,107325.240240134
0.8926140461916015,0.5232,107325.240464195
0.7249528873139867,0.5234,107325.240740075
1.0157440302004703,0.5236,107325.240936975
0.9222582418705153,0.5238,107325.241153834
0.9155370869084385,0.524,107325.241372285
0.8823321934871194,0.5242,107325.241598957
0.8627122883579083,0.5244,107325.241830784
0.7821971922070442,0.5246,107325.242086474
0.9002358517469854,0.5248,107325.242308638
0.914967511695382,0.525,107325.242527225
0.7013729156437248,0.5252,107325.24281238
0.8118893156288339,0.5254,107325.243058719
1.0767855940282514,0.5256,107325.243244457
0.8822115014967743,0.5258,107325.24347116
0.8780942033584603,0.526,107325.243698926
0.7485058142362864,0.5262,107325.243966125
0.47081422353474783,0.5264,107325.244390921
0.5147687140189505,0.5266,107325.244779445
0.6134630703581134,0.5268,107325.245105463
0.8577837161027891,0.527,107325.245338622
0.8931482289808328,0.5272,107325.245562549
0.8722540098158825,0.5274,107325.24579184
0.8693837909039197,0.5276,107325.246021888
0.8785416141117279,0.5278,107325.246249538
0.9056945813824894,0.528,107325.246470363
0.8666599876166111,0.5282,107325.246701134
0.7093305624913674,0.5284,107325.24698309
1.0280502895152348,0.5286,107325.247177633
0.8343206170429566,0.5288,107325.247417349
1.0150120380132057,0.529,107325.247614391
0.6400839784651124,0.5292,107325.24792685
1.287622693248491,0.5294,107325.248082175
0.8498812449617369,0.5296,107325.248317502
1.0020291059597064,0.5298,107325.248517097
0.8574711798958465,0.53,107325.248750341
0.9092603250655875,0.5302,107325.2489703
0.813477703870582,0.5304,107325.249216158
0.8881073384626803,0.5306,107325.249441356
0.9538890219131795,0.5308,107325.249651024
0.4828153911645406,0.531,107325.250065261
1.6431964224336382,0.5312,107325.250186975
1.4090559752566991,0.5314,107325.250328914
0.8841576923204612,0.5316,107325.250555118
0.9052353713670841,0.5318,107325.250776055
0.8362113004254639,0.532,107325.251015229
0.9178522246130845,0.5322,107325.251233129
0.8935911877089241,0.5324,107325.251456945
0.8922238340221539,0.5326,107325.251681104
0.6466820145279706,0.5328,107325.251990375
0.8459235178867954,0.533,107325.252226803
0.9229221416978638,0.5332,107325.252443506
0.8815155195887585,0.5334,107325.252670388
0.897702327453296,0.5336,107325.252893179
0.8700267028323507,0.5338,107325.253123057
0.8890666958538467,0.534,107325.253348012
0.6787806365285483,0.5342,107325.253642658
1.087955796487903,0.5344,107325.253826489
0.9367900686954047,0.5346,107325.254039984
0.910684660459341,0.5348,107325.254259599
0.8647863385872242,0.535,107325.25449087
0.7058408232187289,0.5352,107325.25477422
0.9045762433590893,0.5354,107325.254995318
1.0893483562039699,0.5356,107325.255178914
0.8940665151264935,0.5358,107325.255402611
0.9255488684768131,0.536,107325.255618699
0.7524143024404701,0.5362,107325.25588451
0.5781650157609844,0.5364,107325.256230432
0.4999037702356719,0.5366,107325.256630509
0.7945872923113795,0.5368,107325.256882212
0.8473391042020169,0.537,107325.257118245
0.8965554335755578,0.5372,107325.257341321
0.9904520778824174,0.5374,107325.257543249
0.9000737829836747,0.5376,107325.257765453
0.8756989491276768,0.5378,107325.257993842
0.8720638430723705,0.538,107325.258223183
0.8726422382884149,0.5382,107325.258452372
0.6175546155009585,0.5384,107325.25877623
0.8611261457406002,0.5386,107325.259008484
0.4110591345607564,0.5388,107325.259495032
1.7827856038974237,0.539,107325.259607216
0.8283356689032314,0.5392,107325.259848664
1.5238908461848093,0.5394,107325.259979907
0.8648199675261208,0.5396,107325.260211169
1.0847869895288913,0.5398,107325.260395537
0.9247143531445416,0.54,107325.26061182
0.7148933829725335,0.5402,107325.260891582
0.9850712510097692,0.5404,107325.261094613
1.0094942946830952,0.5406,107325.261292732
0.9066019015168801,0.5408,107325.261513336
0.7278920874395564,0.541,107325.261788102
0.8237333967039797,0.5412,107325.262030899
0.923386634091587,0.5414,107325.262247493
0.9719448051649873,0.5416,107325.262453266
0.9469382805814156,0.5418,107325.262664473
0.8743819252992042,0.542,107325.262893206
0.7909484142899228,0.5422,107325.263146067
1.1357634714232319,0.5424,107325.26332216
0.7290462892857168,0.5426,107325.263596491
0.9728004747391993,0.5428,107325.263802083
0.8363896626468731,0.543,107325.264041206
0.8261321924478588,0.5432,107325.264283298
0.7800281835680958,0.5434,107325.264539699
1.0245271419536612,0.5436,107325.264734911
0.9146704194703886,0.5438,107325.264953569
0.7826716268444583,0.544,107325.265209104
0.699288507560656,0.5442,107325.265495109
0.6292078237533754,0.5444,107325.265812969
0.8222196346513946,0.5446,107325.266056213
0.8685909000632227,0.5448,107325.266286471
0.8298996164768281,0.545,107325.266527464
0.87623988647038,0.5452,107325.266755712
0.4969314447480081,0.5454,107325.267158182
0.9638601143315173,0.5456,107325.267365681
0.9502902816797232,0.5458,107325.267576143
0.9416284793266727,0.546,107325.267788541
0.8579419441046621,0.5462,107325.268021657
0.514231354358106,0.5464,107325.268410587
0.6481469593498074,0.5466,107325.268719159
0.8212978880519242,0.5468,107325.268962676
0.7582794465977808,0.547,107325.269226431
0.8241917068195419,0.5472,107325.269469093
0.8415914004182936,0.5474,107325.269706738
0.8560398008719717,0.5476,107325.269940372
0.8023782515539475,0.5478,107325.270189631
0.8715128502330868,0.548,107325.270419117
0.8493074264910598,0.5482,107325.270654603
0.886630908315156,0.5484,107325.270880176
0.7876465628741758,0.5486,107325.271134097
0.8668177899811704,0.5488,107325.271364826
0.8461095898304853,0.549,107325.271601202
0.8621655819171742,0.5492,107325.271833176
0.8348116273185491,0.5494,107325.272072751
0.7524426430405224,0.5496,107325.272338552
0.6184712612836646,0.5498,107325.27266193
0.8872208909063178,0.55,107325.272887353
0.8388769283099917,0.5502,107325.273125767
0.8880047979501359,0.5504,107325.273350991
0.7020672547749894,0.5506,107325.273635864
0.9306913623544454,0.5508,107325.273850758
0.41783574355434255,0.551,107325.274329415
1.4333937552614302,0.5512,107325.274468944
1.091828214266443,0.5514,107325.274652123
1.1238417221728683,0.5516,107325.274830084
1.2643663940921779,0.5518,107325.274988266
0.48655881128664014,0.552,107325.275399316
1.171488339979559,0.5522,107325.275570039
1.6678480697276579,0.5524,107325.275689954
0.9134046305128175,0.5526,107325.275908915
0.8946384844197356,0.5528,107325.276132469
0.6234666555620402,0.553,107325.276453256
0.9852313348673319,0.5532,107325.276656254
1.8127272978971052,0.5534,107325.276766585
0.8667013047471798,0.5536,107325.276997345
0.9063841510823101,0.5538,107325.277218002
0.9294414623724563,0.554,107325.277433185
0.6687531632546965,0.5542,107325.277732249
0.7041906552921292,0.5544,107325.278016263
3.1725381646271043,0.5546,107325.278079304
1.000915814881489,0.5548,107325.278279121
0.971142514143898,0.555,107325.278485064
0.5264903727912149,0.5552,107325.278864938
0.7325712175458585,0.5554,107325.279137949
0.6337697810604079,0.5556,107325.279453521
0.9105104838156248,0.5558,107325.279673178
0.7139363974240598,0.556,107325.279953315
1.0184025457292445,0.5562,107325.280149701
0.7082453781380181,0.5564,107325.280432089
0.4534910846022201,0.5566,107325.280873112
0.9295278320565294,0.5568,107325.281088275
0.616266360886971,0.557,107325.28141281
1.7105128325778618,0.5572,107325.281529734
0.9615106905354899,0.5574,107325.28173774
0.9469517860621255,0.5576,107325.281948944
0.8655835252705827,0.5578,107325.282180002
0.9976256377808957,0.558,107325.282380478
0.9585843857242435,0.5582,107325.282589119
0.9679370759484599,0.5584,107325.282795744
0.816576495227381,0.5586,107325.283040669
0.8350207950072428,0.5588,107325.283280184
0.8910630985753265,0.559,107325.283504635
0.7838372345481679,0.5592,107325.28375979
0.8661983891258557,0.5594,107325.283990684
0.8229368907980349,0.5596,107325.284233716
0.8448693038091445,0.5598,107325.284470439
0.8649284359538155,0.56,107325.284701672
0.8335070030039281,0.5602,107325.284941622
0.8108655960098363,0.5604,107325.285188272
0.829104901160791,0.5606,107325.285429496
0.8379350004772855,0.5608,107325.285668178
0.803158014431833,0.561,107325.285917195
0.4940235544057102,0.5612,107325.286322034
0.9809883766694639,0.5614,107325.28652591
0.867216240993965,0.5616,107325.286756533
0.8279619124498604,0.5618,107325.28699809
0.4041612382486039,0.562,107325.287492942
1.5966280208490824,0.5622,107325.287618206
1.5642109082232876,0.5624,107325.287746066
1.0928006081054304,0.5626,107325.287929082
0.4772757123812175,0.5628,107325.288348127
0.4027807954974979,0.563,107325.288844675
0.9565944967700503,0.5632,107325.28905375
0.5736494133613117,0.5634,107325.289402395
1.5953671951978068,0.5636,107325.289527758
1.1315352522100866,0.5638,107325.289704509
0.7754763524008542,0.564,107325.289962415
0.7915149770301754,0.5642,107325.290215095
0.9244750061394572,0.5644,107325.290431434
0.7880934677253075,0.5646,107325.290685211
0.6675099652361081,0.5648,107325.290984832
0.9228412087457655,0.565,107325.291201554
0.7068161970348524,0.5652,107325.291484513
0.7378004643174338,0.5654,107325.291755589
0.8959168816430608,0.5656,107325.291978824
0.6372917632935737,0.5658,107325.292292652
1.027168557162357,0.566,107325.292487362
0.7518797326389689,0.5662,107325.292753362
0.32933140584171094,0.5664,107325.293360653
0.8345573589312245,0.5666,107325.293600301
0.42044718211970156,0.5668,107325.294075985
1.0563845185299885,0.567,107325.29426531
1.3189914961834575,0.5672,107325.294416941
0.7352887154845142,0.5674,107325.294688943
0.7493527540176598,0.5676,107325.29495584
0.6629365276466263,0.5678,107325.295257528
0.8304027446033825,0.568,107325.295498375
0.5432833748054968,0.5682,107325.295866507
0.7901328390595397,0.5684,107325.296119629
2.9963442201332335,0.5686,107325.296186377
1.1732545228092768,0.5688,107325.296356843
0.8202806228115479,0.569,107325.296600662
0.8123410671151746,0.5692,107325.296846864
0.7719057065517504,0.5694,107325.297105963
0.7931220460580101,0.5696,107325.297358131
0.794994742733224,0.5698,107325.297609705
0.8017349519666156,0.57,107325.297859164
0.7632189285069947,0.5702,107325.298121212
0.8156241246883295,0.5704,107325.298366423
0.7950768808983515,0.5706,107325.298617971
0.7934744397962842,0.5708,107325.298870027
0.7844337204505829,0.571,107325.299124988
0.7963431986741408,0.5712,107325.299376136
0.7899611716642544,0.5714,107325.299629313
0.5763937834215106,0.5716,107325.299976298
0.806519912678678,0.5718,107325.300224277
0.5034068068633978,0.572,107325.30062157
1.8792929772521114,0.5722,107325.300727993
0.7804512811729167,0.5724,107325.300984255
0.7859379705398245,0.5726,107325.301238728
0.8124763928231781,0.5728,107325.301484889
0.7771396692561616,0.573,107325.301742243
0.8162832250682414,0.5732,107325.301987256
0.7941739264080204,0.5734,107325.30223909
0.817487717349714,0.5736,107325.302483742
0.4800249509816011,0.5738,107325.302900387
1.5717217101887873,0.574,107325.303027636
0.8219155147187098,0.5742,107325.30327097
0.8726079982648332,0.5744,107325.303500168
0.8032418951345511,0.5746,107325.303749159
0.6977052433424704,0.5748,107325.304035813
0.7421728543242745,0.575,107325.304305292
0.8423074022068766,0.5752,107325.304542735
0.718040044369951,0.5754,107325.304821271
0.7743834084160682,0.5756,107325.305079541
0.9881715700930938,0.5758,107325.305281935
0.7963748990732271,0.576,107325.305533073
0.6792001737946386,0.5762,107325.305827537
0.4200171781487971,0.5764,107325.306303708
0.673970257756282,0.5766,107325.306600457
0.6267941845241808,0.5768,107325.306919541
0.7574351777199543,0.577,107325.30718359
0.6269710619999049,0.5772,107325.307502584
0.9685135801660725,0.5774,107325.307709086
0.8689003349817416,0.5776,107325.307939262
0.7728960731529708,0.5778,107325.308198029
0.6792255498288919,0.578,107325.308492482
0.7340553957117526,0.5782,107325.308764941
0.8740265520145776,0.5784,107325.308993767
0.8341362004271755,0.5786,107325.309233536
0.6196189957586832,0.5788,107325.309556315
0.9276652724941971,0.579,107325.30977191
0.8110629347026291,0.5792,107325.3100185
0.9338288706970427,0.5794,107325.310232672
1.1123222880603616,0.5796,107325.310412476
0.8616418770669225,0.5798,107325.310644591
0.8576108297403334,0.58,107325.310877797
0.6491525456432301,0.5802,107325.311185891
1.059524086833724,0.5804,107325.311374655
0.8317149250696537,0.5806,107325.311615122
0.6399938452834989,0.5808,107325.311927625
1.2446635997693665,0.581,107325.312088311
0.908277564917731,0.5812,107325.312308508
0.9077334104048602,0.5814,107325.312528837
0.8665436540577103,0.5816,107325.312759639
0.8567915584441763,0.5818,107325.312993068
0.8721551526079114,0.582,107325.313222385
0.4957735326198712,0.5822,107325.313625795
0.9287508312429513,0.5824,107325.313841138
0.8899014035089011,0.5826,107325.314065882
0.9019084622349196,0.5828,107325.314287634
0.8204253163546553,0.583,107325.31453141
0.9720534174583308,0.5832,107325.31473716
0.8999604461751904,0.5834,107325.314959392
0.8563733314689429,0.5836,107325.315192935
0.918893852189509,0.5838,107325.315410588
0.86592830011187,0.584,107325.315641554
0.948964682088619,0.5842,107325.31585231
0.8625708640371414,0.5844,107325.316084175
0.9490952863427564,0.5846,107325.316294902
0.9579461869909642,0.5848,107325.316503682
0.8301028701942413,0.585,107325.316744616
1.0403715804416915,0.5852,107325.316936855
0.7295436064442423,0.5854,107325.317210999
0.9717606322090963,0.5856,107325.317416811
1.0087458096214479,0.5858,107325.317615077
0.9519186249656888,0.586,107325.317825179
0.7504887358780532,0.5862,107325.318091672
0.6691447223046995,0.5864,107325.318390561
0.8997256121832631,0.5866,107325.318612851
0.8920168715527128,0.5868,107325.318837062
0.8788968473427228,0.587,107325.31906462
0.88233995379275,0.5872,107325.31929129
0.9201113372115558,0.5874,107325.319508655
0.9305441630792747,0.5876,107325.319723583
0.9219776724071452,0.5878,107325.319940508
0.6882549208272205,0.588,107325.320231098
0.9232587295905121,0.5882,107325.320447722
0.8106585510858044,0.5884,107325.320694435
1.035143116343658,0.5886,107325.320887645
0.5399174383267494,0.5888,107325.321258072
3.2066180740869936,0.589,107325.321320443
0.8943863972058859,0.5892,107325.32154406
0.918290519908202,0.5894,107325.321761856
0.9634468095850008,0.5896,107325.321969444
0.8856886121705707,0.5898,107325.322195257
0.8502823168636374,0.59,107325.322430473
1.032135552872116,0.5902,107325.322624246
0.9671787494352592,0.5904,107325.322831033
0.9038812767629707,0.5906,107325.323052301
0.9400484300441387,0.5908,107325.323265056
0.836323194107046,0.591,107325.323504198
1.0245218722771756,0.5912,107325.323699411
0.9222709906460392,0.5914,107325.323916267
0.8595200764067188,0.5916,107325.324148955
0.8984725684769236,0.5918,107325.324371555
0.5890131390785931,0.592,107325.324711106
1.1274592685173705,0.5922,107325.324888496
1.1701723443706282,0.5924,107325.325059411
0.9335891584909736,0.5926,107325.325273638
0.7321903540643846,0.5928,107325.325546791
0.5552409279671412,0.593,107325.325906995
1.117618114138309,0.5932,107325.326085947
3.6316757645644984,0.5934,107325.326141018
1.0270050698448336,0.5936,107325.326335759
0.9425959462303685,0.5938,107325.326547939
0.5426569064750899,0.594,107325.326916496
2.7071288098486517,0.5942,107325.326990375
0.5265763041159974,0.5944,107325.327370187
0.9129335685119538,0.5946,107325.327589261
0.8794649292579162,0.5948,107325.327816672
0.9066593759016023,0.595,107325.328037262
0.9502180766537084,0.5952,107325.32824774
0.8756299354317467,0.5954,107325.328476147
0.8922119024076394,0.5956,107325.328700309
0.8906900565660206,0.5958,107325.328924854
0.5416223149146513,0.596,107325.329294115
2.6657071057614328,0.5962,107325.329369142
0.6442904665429853,0.5964,107325.329679561
0.8697996323827202,0.5966,107325.329909499
0.7728901185942384,0.5968,107325.330168268
1.0096981679758892,0.597,107325.330366347
0.9067251723838917,0.5972,107325.330586921
0.9037996071628581,0.5974,107325.330808209
0.8749403962814041,0.5976,107325.331036796
0.8993452245248079,0.5978,107325.33125918
0.8918737217632918,0.598,107325.331483427
0.8833921996336623,0.5982,107325.331709827
0.9089752229751663,0.5984,107325.331929855
0.8992846135901814,0.5986,107325.332152254
0.7584549049597272,0.5988,107325.332415948
1.2116805828381811,0.599,107325.332581008
0.8977264856084404,0.5992,107325.332803793
0.8745654801976999,0.5994,107325.333032478
0.935392456557651,0.5996,107325.333246292
0.9223730554416255,0.5998,107325.333463124
0.9415132081524873,0.6,107325.333675548
0.8810417492349473,0.6002,107325.333902552
0.6489566208672549,0.6004,107325.334210739
0.9245904345465841,0.6006,107325.334427051
0.9405081209907824,0.6008,107325.334639702
0.9684386476478886,0.601,107325.33484622
0.88802453530186,0.6012,107325.335071439
0.6568166052763131,0.6014,107325.335375938
1.4038437201976883,0.6016,107325.335518404
0.9739468886786306,0.6018,107325.335723754
0.9202002325959369,0.602,107325.335941098
0.9058873998697109,0.6022,107325.336161876
0.949915644388389,0.6024,107325.336372421
0.931610519524485,0.6026,107325.336587103
0.6884539151480343,0.6028,107325.336877609
1.4071427522789954,0.603,107325.337019741
0.9486720834615866,0.6032,107325.337230562
0.9017864383124967,0.6034,107325.337452344
0.9397613031327292,0.6036,107325.337665164
0.932996844608239,0.6038,107325.337879527
0.8607333240227519,0.604,107325.338111887
0.952086251136585,0.6042,107325.338321952
0.9369437218808986,0.6044,107325.338535412
0.9387114780411957,0.6046,107325.33874847
0.9179322848271588,0.6048,107325.338966351
0.8940745413782583,0.605,107325.339190046
0.943770149237434,0.6052,107325.339401962
0.8937149555080881,0.6054,107325.339625747
0.942564787914346,0.6056,107325.339837934
0.9020630219734148,0.6058,107325.340059648
0.9067868503028585,0.606,107325.340280207
0.9291607774883996,0.6062,107325.340495455
0.5017536447950737,0.6064,107325.340894057
0.4228651599436723,0.6066,107325.341367021
0.910684600115936,0.6068,107325.341586636
1.0978936838119189,0.607,107325.341768803
0.9128543778421302,0.6072,107325.341987896
0.9002155678485743,0.6074,107325.342210065
0.8869022783700856,0.6076,107325.342435569
0.9419565792815598,0.6078,107325.342647893
0.9826561265221213,0.608,107325.342851423
0.8735722887335067,0.6082,107325.343080368
0.9563703733356368,0.6084,107325.343289492
0.9132753495111233,0.6086,107325.343508484
0.9057355857481899,0.6088,107325.343729299
0.881212516826516,0.609,107325.343956259
0.9061090335683178,0.6092,107325.344176983
0.9224113742568432,0.6094,107325.344393806
0.9294630218597576,0.6096,107325.344608984
0.8625560312479673,0.6098,107325.344840853
0.9272953701942225,0.61,107325.345056534
0.535978925821983,0.6102,107325.345429683
3.358353062066257,0.6104,107325.345489236
0.8858376622575423,0.6106,107325.345715011
0.8851085310904458,0.6108,107325.345940972
0.9952575981622995,0.611,107325.346141925
0.9072516486769621,0.6112,107325.346362371
0.9127210096114103,0.6114,107325.346581496
0.9405878052792184,0.6116,107325.346794129
0.8946384261845741,0.6118,107325.347017683
0.9674782461590938,0.612,107325.347224406
0.9034361959892022,0.6122,107325.347445783
0.5893463830072321,0.6124,107325.347785142
0.6890730426596059,0.6126,107325.348075387
0.9268270005426191,0.6128,107325.348291177
0.9609932866443351,0.613,107325.348499295
0.8659545430384378,0.6132,107325.348730254
0.9134839166850655,0.6134,107325.348949196
0.9421341480099709,0.6136,107325.34916148
0.9218756332542664,0.6138,107325.349378429
0.9759573065985333,0.614,107325.349583356
0.9259044662766498,0.6142,107325.349799361
0.9100423412075915,0.6144,107325.350019131
0.9514838766566023,0.6146,107325.350229329
0.6465503190507609,0.6148,107325.350538663
0.65916101205575,0.615,107325.350842079
0.6172668025914843,0.6152,107325.351166088
1.2203307142015458,0.6154,107325.351329978
1.399168956863561,0.6156,107325.35147292
1.74081068732128,0.6158,107325.351587809
0.9464185145770141,0.616,107325.351799132
0.6319913935212151,0.6162,107325.352115592
1.5066594710118755,0.6164,107325.352248336
0.8054707343720912,0.6166,107325.352496638
1.0680508651595322,0.6168,107325.352683895
0.9263333800546507,0.617,107325.3528998
0.8861006058848312,0.6172,107325.353125508
0.93337999457506,0.6174,107325.353339783
0.9171282714286687,0.6176,107325.353557855
0.8889876813207471,0.6178,107325.35378283
0.9285482207733767,0.618,107325.35399822
0.8099854896452896,0.6182,107325.354245138
0.9915766099551678,0.6184,107325.354446837
0.714395408249163,0.6186,107325.354726794
0.882573563214234,0.6188,107325.354953404
0.8961095903428647,0.619,107325.355176591
0.9135214397483016,0.6192,107325.355395524
0.9401368467155864,0.6194,107325.355608259
0.9319707912817833,0.6196,107325.355822858
0.8730688570459866,0.6198,107325.356051935
0.9584740833579267,0.62,107325.3562606
0.9231607472069531,0.6202,107325.356477247
0.9627743346112153,0.6204,107325.35668498
0.9166070838985386,0.6206,107325.356903176
0.3920000616982245,0.6208,107325.35741338
0.5516541440623209,0.621,107325.357775926
0.7115335921427998,0.6212,107325.358057009
1.4284591416103407,0.6214,107325.35819702
1.2655584671198719,0.6216,107325.358355053
0.5794733147512492,0.6218,107325.358700194
0.8683646332305714,0.622,107325.358930512
0.9806565273733607,0.6222,107325.359134457
0.5625135307634905,0.6224,107325.359490004
2.4835157460155957,0.6226,107325.359570535
1.107419756554223,0.6228,107325.359751135
1.5449501807324997,0.623,107325.359880589
2.3173899736709322,0.6232,107325.359966893
1.5115101037035894,0.6234,107325.360099211
1.2540836590036362,0.6236,107325.36025869
0.8579603676721821,0.6238,107325.360491801
1.2858594008319684,0.624,107325.360647339
0.9348153380258886,0.6242,107325.360861285
0.8961376361046123,0.6244,107325.361084465
0.887378363686509,0.6246,107325.361309848
0.5419642966943706,0.6248,107325.361678876
0.8928690794886575,0.625,107325.361902873
0.8543978135603543,0.6252,107325.362136956
0.9090619794762672,0.6254,107325.362356963
0.7933422554542329,0.6256,107325.362609061
2.4979081581382894,0.6258,107325.362689128
0.8471381316701148,0.626,107325.362925217
1.062518638840059,0.6262,107325.363113449
0.6636734822903962,0.6264,107325.363414802
0.7295090265596129,0.6266,107325.363688959
0.5947177097585199,0.6268,107325.364025253
0.6892131280052878,0.627,107325.364315439
1.0492188738994426,0.6272,107325.364506057
1.094055964540861,0.6274,107325.364688863
0.9549776013666426,0.6276,107325.364898292
0.958478695493762,0.6278,107325.365106956
0.5697242854701247,0.628,107325.365458003
2.7240906360055788,0.6282,107325.365531422
0.8917145917512455,0.6284,107325.365755709
0.9746303674985894,0.6286,107325.365960915
0.9010754274976882,0.6288,107325.366182872
0.9300811923752309,0.629,107325.366397907
0.5250873568858998,0.6292,107325.366778796
3.7515709951998106,0.6294,107325.366832107
0.869232639403273,0.6296,107325.367062195
0.8951188911902858,0.6298,107325.367285629
0.8825463600238956,0.63,107325.367512246
0.8492785092526575,0.6302,107325.36774774
0.8927654945066953,0.6304,107325.367971763
0.7361954191201495,0.6306,107325.36824343
0.482356607481199,0.6308,107325.368658061
1.0557655189609054,0.631,107325.368847497
0.9271922131990625,0.6312,107325.369063202
0.8651678920807192,0.6314,107325.369294371
0.8596530817556769,0.6316,107325.369527023
0.8691986114470791,0.6318,107325.36975712
0.7871443496619008,0.632,107325.370011203
0.9106639029731698,0.6322,107325.370230823
0.8742710729907077,0.6324,107325.370459585
0.8529039383068558,0.6326,107325.370694078
0.8627941212285497,0.6328,107325.370925883
0.849765694195568,0.633,107325.371161242
0.8787693955229278,0.6332,107325.371388833
0.8897232202502189,0.6334,107325.371613622
0.9046376292630725,0.6336,107325.371834705
0.7997281082479855,0.6338,107325.37208479
0.8273351189154896,0.634,107325.37232653
0.9256602634742876,0.6342,107325.372542592
0.8824217001885553,0.6344,107325.372769241
0.8464426196469127,0.6346,107325.373005524
0.7977662460463855,0.6348,107325.373256224
0.9063019688213979,0.635,107325.373476901
0.8739922032738257,0.6352,107325.373705736
0.7050271964977408,0.6354,107325.373989413
0.9787033795649903,0.6356,107325.374193765
0.6860263273192342,0.6358,107325.374485299
1.3316466082185705,0.636,107325.374635489
0.8876501342205481,0.6362,107325.374860803
0.4123133268907431,0.6364,107325.375345871
0.6827196764252734,0.6366,107325.375638817
0.7738530357886944,0.6368,107325.375897264
0.7916026895573417,0.637,107325.376149916
0.9192781703281104,0.6372,107325.376367478
0.8937548822934251,0.6374,107325.376591253
0.8702311345666864,0.6376,107325.376821077
0.7823869237469854,0.6378,107325.377076705
0.8967805403403907,0.638,107325.377299725
0.8572212613946296,0.6382,107325.377533037
0.7253998740356796,0.6384,107325.377808747
1.0801701868242193,0.6386,107325.377993903
0.834257971063952,0.6388,107325.378233637
0.8862027070783393,0.639,107325.378459319
0.8909003884364661,0.6392,107325.378683811
0.8924627072032812,0.6394,107325.37890791
0.8416374742182866,0.6396,107325.379145542
0.7935877888177822,0.6398,107325.379397562
0.7704368045127001,0.64,107325.379657155
1.0951103355329586,0.6402,107325.379839785
0.8394050504791093,0.6404,107325.380078049
0.5559957092532317,0.6406,107325.380437764
0.8903768502851486,0.6408,107325.380662388
1.539290320294269,0.641,107325.380792318
0.7718342241560056,0.6412,107325.381051441
0.9136800664256906,0.6414,107325.381270336
0.7662776473646649,0.6416,107325.381531338
0.7375066604809926,0.6418,107325.381802522
0.6850370718428872,0.642,107325.382094477
0.6623393889303223,0.6422,107325.382396437
0.8833727244381543,0.6424,107325.382622842
0.877331496983064,0.6426,107325.382850806
0.8576439564349319,0.6428,107325.383084003
0.8864108675418032,0.643,107325.383309632
0.8606778056655929,0.6432,107325.383542007
0.8825502137072372,0.6434,107325.383768623
0.8193497343947971,0.6436,107325.384012719
0.8615713344813588,0.6438,107325.384244853
0.8476659925827728,0.644,107325.384480795
0.6185841088474398,0.6442,107325.384804114
1.3186175505262985,0.6444,107325.384955788
0.7526663120826965,0.6446,107325.38522151
1.053163744930298,0.6448,107325.385411414
0.5932693437515898,0.645,107325.385748529
1.4071427522789954,0.6452,107325.385890661
0.9000535653301812,0.6454,107325.38611287
0.9325574365981971,0.6456,107325.386327334
0.9075109814489131,0.6458,107325.386547717
0.6312553486919373,0.646,107325.386864546
1.2724508268353336,0.6462,107325.387021723
0.8156107657404603,0.6464,107325.387266938
0.8440813379772789,0.6466,107325.387503882
0.5320337484461534,0.6468,107325.387879798
3.0679084261644953,0.647,107325.387944989
0.6648228791363935,0.6472,107325.388245821
0.9478492951729929,0.6474,107325.388456825
0.8416269087512772,0.6476,107325.38869446
0.6167262119164454,0.6478,107325.389018753
0.8521008685306651,0.648,107325.389253467
0.9011322623737952,0.6482,107325.38947541
0.8084401314289016,0.6484,107325.3897228
0.90396706356708,0.6486,107325.389944047
0.5255482018136566,0.6488,107325.390324602
2.22160507132394,0.649,107325.390414627
0.8885611075444149,0.6492,107325.39063971
0.6017535288795507,0.6494,107325.390972072
0.7082228236847967,0.6496,107325.391254469
1.0277386367767314,0.6498,107325.391449071
0.9627743346112153,0.65,107325.391656804
0.6014820425214144,0.6502,107325.391989316
0.9944213397034343,0.6504,107325.392190438
1.1199775601202882,0.6506,107325.392369013
1.2300501597588243,0.6508,107325.392531608
0.9541119837209988,0.651,107325.392741227
0.5176559478552005,0.6512,107325.393127584
2.6098078455854123,0.6514,107325.393204218
0.8615638811916982,0.6516,107325.393436354
0.5526342647194624,0.6518,107325.393798257
1.890019830947342,0.652,107325.393904076
0.6701896434235525,0.6522,107325.394202499
1.0536019753039831,0.6524,107325.394392324
0.8635802577916334,0.6526,107325.394623918
0.9324704397500111,0.6528,107325.394838402
0.48221471802516436,0.653,107325.395253155
2.3699770979558594,0.6532,107325.395337544
0.9287638229138867,0.6534,107325.395552884
0.6732805165565852,0.6536,107325.395849937
0.8451871163578969,0.6538,107325.396086571
0.669453806346761,0.654,107325.396385322
1.3668298720634402,0.6542,107325.396531646
0.8710990685113154,0.6544,107325.396761241
0.8666112428404866,0.6546,107325.396992025
0.8271400876403312,0.6548,107325.397233822
0.7843075743550519,0.655,107325.397488824
0.9954161077571119,0.6552,107325.397689745
0.8486335005440451,0.6554,107325.397925418
0.8520355241012139,0.6556,107325.39816015
0.5425612134706893,0.6558,107325.398528772
1.8285545856701757,0.656,107325.398638148
0.8585570439225165,0.6562,107325.398871097
0.6600877997996902,0.6564,107325.399174087
0.429779417011492,0.6566,107325.399639442
1.2177820344244117,0.6568,107325.399803675
1.25310923689119,0.657,107325.399963278
1.3491089861608758,0.6572,107325.400111524
0.8434618990739883,0.6574,107325.400348642
0.8539454142551246,0.6576,107325.400582849
0.8156640105281112,0.6578,107325.400828048
0.6785526529171068,0.658,107325.401122793
0.9285094531277162,0.6582,107325.401338192
1.2738122492845165,0.6584,107325.401495201
0.8887308948528088,0.6586,107325.401720241
0.8744201433226574,0.6588,107325.401948964
0.7869213943592059,0.659,107325.402203119
0.7557779093188547,0.6592,107325.402467747
0.6573109468022438,0.6594,107325.402772017
0.8360994366809231,0.6596,107325.403011223
0.8659208258068369,0.6598,107325.403242191
0.8899251436199176,0.66,107325.403466929
0.8659920278978637,0.6602,107325.403697878
0.8608778670460024,0.6604,107325.403930199
0.8632223856672895,0.6606,107325.404161889
0.8596308754945614,0.6608,107325.404394547
0.8591951015503004,0.661,107325.404627323
0.8531476912196683,0.6612,107325.404861749
0.8205599688107513,0.6614,107325.405105485
0.8815271668292916,0.6616,107325.405332364
0.8845526067730907,0.6618,107325.405558467
0.8858259008338252,0.662,107325.405784245
0.8195982403787406,0.6622,107325.406028267
0.88082831223182,0.6624,107325.406255326
0.9185056197546565,0.6626,107325.406473071
0.8887900914669543,0.6628,107325.406698096
0.8446124540975763,0.663,107325.406934891
0.862146977306147,0.6632,107325.40716687
0.8777127125047162,0.6634,107325.407394735
0.8901271586637504,0.6636,107325.407619422
0.8384935496512567,0.6638,107325.407857945
0.7651548663867155,0.664,107325.40811933
0.6113683959098897,0.6642,107325.408446465
1.1617099502599824,0.6644,107325.408618625
0.7358649880492499,0.6646,107325.408890414
0.7212119174459252,0.6648,107325.409167725
0.8797743901259497,0.665,107325.409395056
0.5888917455078125,0.6652,107325.409734677
0.9534706622182005,0.6654,107325.409944437
0.8013943894617751,0.6656,107325.410194002
0.8731870602907401,0.6658,107325.410423048
0.8467723119614595,0.666,107325.410659239
0.547237557983115,0.6662,107325.411024711
1.4275822486106557,0.6664,107325.411164808
0.8124566049872285,0.6666,107325.411410975
0.8053572219041772,0.6668,107325.411659312
0.8870477869141975,0.667,107325.411884779
0.7135415765317838,0.6672,107325.412165071
0.966734645792417,0.6674,107325.412371953
0.9251421647655798,0.6676,107325.412588136
0.8480181433825783,0.6678,107325.41282398
0.7004640786812112,0.668,107325.413109505
1.0754133355867175,0.6682,107325.41329548
0.8929966507951387,0.6684,107325.413519445
0.8578684183859684,0.6686,107325.413752581
0.8759750569046173,0.6688,107325.413980898
0.610100189086604,0.669,107325.414308713
1.4230115630093783,0.6692,107325.41444926
0.8928013347428637,0.6694,107325.414673274
0.882799527842439,0.6696,107325.414899826
0.4923537477991321,0.6698,107325.415306038
2.846367343071912,0.67,107325.415376303
0.8627569668562637,0.6702,107325.415608118
0.888083695236774,0.6704,107325.415833322
0.817547821302249,0.6706,107325.416077956
0.5241104001813384,0.6708,107325.416459555
1.2883692431378737,0.671,107325.41661479
0.8919015030055497,0.6712,107325.41683903
0.8858337798112979,0.6714,107325.417064806
0.8923949661631099,0.6716,107325.417288922
0.8409545118831,0.6718,107325.417526747
0.8960533288273527,0.672,107325.417749948
0.8350730525693844,0.6722,107325.417989448
0.8348674086456503,0.6724,107325.418229007
0.9215740386645956,0.6726,107325.418446027
0.7825338385375391,0.6728,107325.418701607
0.9976057966104166,0.673,107325.418902087
0.8659320645919728,0.6732,107325.419133052
0.9090289102495435,0.6734,107325.419353067
0.8191417033675114,0.6736,107325.419597225
0.8777396745823384,0.6738,107325.419825083
0.8819936485709923,0.674,107325.420051842
0.819830025178976,0.6742,107325.420295795
0.8966880971707322,0.6744,107325.420518838
0.8713989672092739,0.6746,107325.420748354
0.8839856677457253,0.6748,107325.420974602
0.867336586661627,0.675,107325.421205193
0.863404972946364,0.6752,107325.421436834
0.8743245767167759,0.6754,107325.421665582
0.8730498343611939,0.6756,107325.421894664
0.8575667361405725,0.6758,107325.422127882
0.8835990985218642,0.676,107325.422354229
0.848784753624731,0.6762,107325.42258986
0.7664743948923822,0.6764,107325.422850795
0.4522625523623095,0.6766,107325.423293016
0.8353521070099112,0.6768,107325.423532436
0.8701024376922152,0.677,107325.423762294
0.8556845271334802,0.6772,107325.423996025
0.8112537133378284,0.6774,107325.424242557
0.8408130319670132,0.6776,107325.424480422
0.7920635450956368,0.6778,107325.424732927
0.7518966796815945,0.678,107325.424998921
0.634306453817255,0.6782,107325.425314226
0.9866847053300466,0.6784,107325.425516925
1.3022273854893855,0.6786,107325.425670508
0.8369426871483614,0.6788,107325.425909473
0.8057270928798143,0.679,107325.426157696
0.6945577743255494,0.6792,107325.426445649
1.081490364495755,0.6794,107325.426630579
1.1507346955430784,0.6796,107325.426804381
0.5181843933540569,0.6798,107325.427190344
0.7851665993621567,0.68,107325.427445067
1.1081867798533984,0.6802,107325.427625542
0.7513063283662492,0.6804,107325.427891745
2.1994216147946295,0.6806,107325.427982678
0.9413890668032061,0.6808,107325.42819513
0.9171577707028132,0.681,107325.428413195
0.731205282083232,0.6812,107325.428686716
0.9224751428305964,0.6814,107325.428903524
0.8378823841202087,0.6816,107325.429142221
0.8825696526524159,0.6818,107325.429368832
0.865205363332433,0.682,107325.429599991
0.6263132946124929,0.6822,107325.42991932
0.7715722063921115,0.6824,107325.430178531
0.9177384724051012,0.6826,107325.430396458
0.8901271586637504,0.6828,107325.430621145
0.8606444441957385,0.683,107325.430853529
0.6489840162480734,0.6832,107325.431161703
1.1495574744804902,0.6834,107325.431335683
0.9521043888992599,0.6836,107325.431545744
0.9072516486769621,0.6838,107325.43176619
0.6290593942138506,0.684,107325.432084125
1.01377213344589,0.6842,107325.432281408
1.033100536706617,0.6844,107325.432475
0.8286514539795582,0.6846,107325.432716356
0.8803746788374921,0.6848,107325.432943532
0.6058237876514203,0.685,107325.433273661
1.069089863209944,0.6852,107325.433460736
0.9533979730981068,0.6854,107325.433670512
0.8780093304021725,0.6856,107325.4338983
0.847066393783881,0.6858,107325.434134409
0.8777589021905192,0.686,107325.434362262
0.9089628391283233,0.6862,107325.434582293
0.7303028270277275,0.6864,107325.434856152
0.773844060068103,0.6866,107325.435114602
0.8263984948175922,0.6868,107325.435356616
0.9222114581221699,0.687,107325.435573486
0.877346898302214,0.6872,107325.435801446
0.8417862950952888,0.6874,107325.436039036
0.8189907273024642,0.6876,107325.436283239
0.8534280415837275,0.6878,107325.436517588
0.5433660250451772,0.688,107325.436885664
0.683823823630528,0.6882,107325.437178137
0.8544744641867458,0.6884,107325.437412199
0.8610816899332047,0.6886,107325.437644465
0.8574527773314365,0.6888,107325.437877714
0.7679754131558412,0.689,107325.438138139
0.992718397522325,0.6892,107325.438339606
0.887016299900435,0.6894,107325.438565081
0.8853984766184791,0.6896,107325.438790968
0.8376857698264365,0.6898,107325.439029721
0.8213619896186611,0.69,107325.439273219
0.9044453423807148,0.6902,107325.439494349
0.8635578481788201,0.6904,107325.439725949
0.8979885561253645,0.6906,107325.439948669
0.83244885053459,0.6908,107325.440188924
0.8928491842034187,0.691,107325.440412926
0.9072269152727254,0.6912,107325.440633378
0.8794765786512657,0.6914,107325.440860786
0.8408802161293045,0.6916,107325.441098632
0.8747452149722138,0.6918,107325.44132727
0.7049949016333029,0.692,107325.44161096
0.7727348109116404,0.6922,107325.441869781
0.882242648309141,0.6924,107325.442096476
1.210294853741876,0.6926,107325.442261725
0.766189562516504,0.6928,107325.442522757
1.0194199606973293,0.693,107325.442718947
0.87051521777241,0.6932,107325.442948696
0.8374016848083848,0.6934,107325.44318753
0.7678250768528411,0.6936,107325.443448006
0.5395125424352569,0.6938,107325.443818711
0.8876067956684721,0.694,107325.444044036
0.6365514353689324,0.6942,107325.444358229
1.0191810040535805,0.6944,107325.444554465
1.183782142737659,0.6946,107325.444723415
0.8344842398338649,0.6948,107325.444963084
0.8292423679706852,0.695,107325.445204268
0.6312374312320103,0.6952,107325.445521106
0.9927036267543528,0.6954,107325.445722576
1.0056416565934776,0.6956,107325.445921454
0.6302428125771123,0.6958,107325.446238792
1.203818557235464,0.696,107325.44640493
0.7393851956249903,0.6962,107325.446675425
0.8740456728717018,0.6964,107325.446904246
0.6696645238374899,0.6966,107325.447202903
0.8277665855836995,0.6968,107325.447444517
0.6860004748332633,0.697,107325.447736062
1.1898670884106475,0.6972,107325.447904148
0.8012082192556149,0.6974,107325.448153771
0.9017864383119961,0.6976,107325.448375553
0.8581002304912284,0.6978,107325.448608626
0.68224457131163,0.698,107325.448901776
0.8546205262091189,0.6982,107325.449135798
0.9719920279072526,0.6984,107325.449341561
0.8041591062437478,0.6986,107325.449590268
0.9958969188985984,0.6988,107325.449791092
0.569691837941603,0.699,107325.450142159
1.404030872896861,0.6992,107325.450284606
0.6483906917296527,0.6994,107325.450593062
0.6060881697073242,0.6996,107325.450923047
0.5704555463900226,0.6998,107325.451273644
1.8310991791031523,0.7,107325.451382868
0.8876343690463648,0.7002,107325.451608186
0.9016482396501708,0.7004,107325.451830002
0.8621544406873806,0.7006,107325.452061979
0.7597283081211775,0.7008,107325.452325231
1.0234419699143067,0.701,107325.45252065
0.8732480326168067,0.7012,107325.45274968
0.720136813790478,0.7014,107325.453027405
0.6619798553718329,0.7016,107325.453329529
0.7614232555634063,0.7018,107325.453592195
0.8366100615786269,0.702,107325.453831255
0.8204892328000779,0.7022,107325.454075012
0.9400130680319453,0.7024,107325.454287775
0.9054813827221377,0.7026,107325.454508652
1.0289229838243965,0.7028,107325.45470303
0.9016319733307044,0.703,107325.45492485
0.6632003446895249,0.7032,107325.455226418
0.9630941897872338,0.7034,107325.455434082
0.9375542341256982,0.7036,107325.455647403
0.4830217764279743,0.7038,107325.456061463
0.7815217013919816,0.704,107325.456317374
1.369084742070511,0.7042,107325.456463457
1.513523346770781,0.7044,107325.456595599
0.5599809541138678,0.7046,107325.456952754
0.5033320678106872,0.7048,107325.457350106
0.9503625633956253,0.705,107325.457560552
0.7682586119492578,0.7052,107325.457820881
0.2840182915289037,0.7054,107325.458525061
1.0005503175809392,0.7056,107325.458724951
2.5355930023443873,0.7058,107325.458803828
0.9297439523022626,0.706,107325.459018941
1.1369901899274606,0.7062,107325.459194844
0.45733207483527355,0.7064,107325.459632163
2.2376118565674807,0.7066,107325.459721544
0.5370468367957756,0.7068,107325.460093951
0.8385744337915907,0.707,107325.460332451
0.8417791801879364,0.7072,107325.460570043
0.7919913841006799,0.7074,107325.460822571
0.7791226281801393,0.7076,107325.46107927
0.6465963105433443,0.7078,107325.461388582
1.0774990970230478,0.708,107325.461574197
0.5974643715991564,0.7082,107325.461908945
1.0287272126241662,0.7084,107325.46210336
0.8314798431573199,0.7086,107325.462343895
0.8277871262220244,0.7088,107325.462585503
0.5378382645410552,0.709,107325.462957362
1.4574392316918794,0.7092,107325.463094589
0.8579714007687397,0.7094,107325.463327697
0.8922238340221539,0.7096,107325.463551856
0.7502747551311146,0.7098,107325.463818425
0.7774115509279707,0.71,107325.464075689
0.6342964128476885,0.7102,107325.464390999
0.8678107417652687,0.7104,107325.464621464
0.8148332165399885,0.7106,107325.464866913
0.7515152271682307,0.7108,107325.465133042
0.8953834078144483,0.711,107325.46535641
0.6006384693604142,0.7112,107325.465689389
1.5492707524783826,0.7114,107325.465818482
0.6105173857609277,0.7116,107325.466146073
0.7620731401272371,0.7118,107325.466408515
0.9278891096016924,0.712,107325.466624058
0.8458912903987786,0.7122,107325.466860495
0.7655385255405451,0.7124,107325.467121749
0.8475941129995425,0.7126,107325.467357711
0.7813232391483266,0.7128,107325.467613687
0.8160900253906925,0.713,107325.467858758
0.7149495745616302,0.7132,107325.468138498
0.7752990103640123,0.7134,107325.468396463
0.8249395424190747,0.7136,107325.468638905
0.3521287953464966,0.7138,107325.469206879
0.9049651217832957,0.714,107325.469427882
1.1911852441669688,0.7142,107325.469595782
1.2062071121130056,0.7144,107325.469761591
1.3371933618505953,0.7146,107325.469911158
0.6677617972528995,0.7148,107325.470210666
0.9696922542206513,0.715,107325.470416917
0.8877368240223056,0.7152,107325.470642209
0.7664215229579744,0.7154,107325.470903162
0.595997288642613,0.7156,107325.471238734
0.8146041998784181,0.7158,107325.471484252
0.8138087140130701,0.716,107325.47173001
0.8108360321898271,0.7162,107325.471976669
0.498487094192948,0.7164,107325.472377883
0.8558053169550861,0.7166,107325.472611581
0.7454564370142814,0.7168,107325.472879873
0.7662482977382616,0.717,107325.473140885
0.8279825126640291,0.7172,107325.473382436
0.8118134971404453,0.7174,107325.473628798
0.8162698930002712,0.7176,107325.473873815
0.44981321832544907,0.7178,107325.474318444
1.5987337693900274,0.718,107325.474443543
0.6955409105156569,0.7182,107325.474731089
1.2982207182081202,0.7184,107325.474885146
0.8682703856010617,0.7186,107325.475115489
0.4412059919336917,0.7188,107325.475568792
0.619724577907421,0.719,107325.475891516
1.1587687437961252,0.7192,107325.476064113
2.489326974103687,0.7194,107325.476144456
0.8985896433484989,0.7196,107325.476367027
0.7562094266645681,0.7198,107325.476631504
0.5060664681685297,0.72,107325.477026709
1.0950204670315768,0.7202,107325.477209354
1.2502890903628319,0.7204,107325.477369317
0.8352509294971189,0.7206,107325.477608766
0.4591832111930932,0.7208,107325.478044322
0.69364479691524,0.721,107325.478332654
0.887598942441992,0.7212,107325.478557981
0.8281779414599625,0.7214,107325.478799475
0.692748637095817,0.7216,107325.47908818
0.804926166156116,0.7218,107325.47933665
0.8533587844809021,0.722,107325.479571018
0.6536866274168783,0.7222,107325.479876975
1.1056810627431408,0.7224,107325.480057859
0.8781712932153778,0.7226,107325.480285605
0.8492893201857159,0.7228,107325.480521096
0.7770460822364854,0.723,107325.480778481
0.7515095974968637,0.7232,107325.481044612
0.6937482603012415,0.7234,107325.481332901
0.9016116856165854,0.7236,107325.481554726
0.8596160898790058,0.7238,107325.481787388
0.7812469377688356,0.724,107325.482043389
0.8299512851117228,0.7242,107325.482284367
0.7261399396653695,0.7244,107325.482559796
0.844380660267114,0.7246,107325.482796656
0.725584078629675,0.7248,107325.483072296
0.8714331124150608,0.725,107325.483301803
0.8010830643431557,0.7252,107325.483551465
0.7446792789844866,0.7254,107325.483820037
0.7990507216306484,0.7256,107325.484070334
0.8516545391226508,0.7258,107325.484305171
0.6369771748817598,0.726,107325.484619154
0.6637968574503982,0.7262,107325.484920451
0.4517619737706564,0.7264,107325.485363162
0.6882952137476641,0.7266,107325.485653735
0.5216633652735074,0.7268,107325.486037124
1.7968323720954522,0.727,107325.486148431
0.7959058340329405,0.7272,107325.486399717
0.8374894008831678,0.7274,107325.486638526
0.5167397798063628,0.7276,107325.487025568
1.374494821023139,0.7278,107325.487171076
0.7804604108214117,0.728,107325.487427335
0.7594225331840163,0.7282,107325.487690693
0.9695653590513337,0.7284,107325.487896971
0.7691715738122668,0.7286,107325.488156991
0.7982916606810883,0.7288,107325.488407526
0.8326463936484837,0.729,107325.488647724
0.8161833178792474,0.7292,107325.488892767
0.8060550861211738,0.7294,107325.489140889
0.7061498416364965,0.7296,107325.489424115
0.5600970195837999,0.7298,107325.489781196
1.7076210184598775,0.73,107325.489898318
0.7618525456649925,0.7302,107325.490160836
0.8440955421728314,0.7304,107325.490397776
0.8569714350987898,0.7306,107325.490631156
0.8084466463619263,0.7308,107325.490878544
0.8203277221788656,0.731,107325.491122349
0.8213822627172975,0.7312,107325.491365841
0.5483523389777714,0.7314,107325.49173057
0.6889495908628109,0.7316,107325.492020867
0.8637070323656619,0.7318,107325.492252427
0.4352073986833953,0.732,107325.492711978
1.454408009125092,0.7322,107325.492849491
0.9450054320490688,0.7324,107325.49306113
0.9669636538220181,0.7326,107325.493267963
0.8421762005589807,0.7328,107325.493505443
0.570297732920554,0.733,107325.493856137
1.7140606482274647,0.7332,107325.493972819
0.8127999549601144,0.7334,107325.494218882
0.8508610884529264,0.7336,107325.494453938
0.49257686132674805,0.7338,107325.494859966
2.3796208692120504,0.734,107325.494944013
0.7335304167235154,0.7342,107325.495216667
0.8073436018152749,0.7344,107325.495464393
0.8004450556852554,0.7346,107325.495714254
0.6175793959852489,0.7348,107325.496038099
1.1935808886651234,0.735,107325.496205662
0.8177484262773704,0.7352,107325.496450236
0.5074197353890086,0.7354,107325.496844387
1.0328444905058585,0.7356,107325.497038027
0.8156739825970314,0.7358,107325.497283223
0.5341694750757161,0.736,107325.497657636
1.4966475283510352,0.7362,107325.497791268
0.5998422585806864,0.7364,107325.498124689
0.731036876431726,0.7366,107325.498398273
0.5493524573396624,0.7368,107325.498762338
0.8467579653674641,0.737,107325.498998533
0.8717635972242951,0.7372,107325.499227953
0.8769891113294032,0.7374,107325.499456006
0.8166165227900956,0.7376,107325.499700919
0.7678161975254882,0.7378,107325.499961398
0.7496645382299909,0.738,107325.500228184
0.5730478479499723,0.7382,107325.500577195
1.1190876945256936,0.7384,107325.500755912
0.9338593906620359,0.7386,107325.500970077
0.8181264088262181,0.7388,107325.501214538
0.8202166899133876,0.739,107325.501458376
0.837222941740102,0.7392,107325.501697261
0.8164598312069604,0.7394,107325.501942221
0.7796602511102679,0.7396,107325.502198743
0.8409261606385854,0.7398,107325.502436576
0.7974767968807236,0.74,107325.502687367
0.8366765757264109,0.7402,107325.502926408
0.7774719313863626,0.7404,107325.503183652
0.8433018776314569,0.7406,107325.503420815
0.2312726939901318,0.7408,107325.504285595
0.5127468917914688,0.741,107325.504675651
1.6660557523423314,0.7412,107325.504795695
1.4093836860133484,0.7414,107325.504937601
10.396093377361332,0.7416,107325.504956839
1.4104770122206167,0.7418,107325.505098635
1.805869086002869,0.742,107325.505209385
0.6759839786641663,0.7422,107325.50550525
0.8207586238953944,0.7424,107325.505748927
0.8253923554541119,0.7426,107325.505991236
0.8179122812867509,0.7428,107325.506235761
0.7867077966861449,0.743,107325.506489985
0.889133875003444,0.7432,107325.506714923
0.8404597459399068,0.7434,107325.506952888
0.7718282426035764,0.7436,107325.507212013
0.8164031847806702,0.7438,107325.50745699
0.5721560195754485,0.744,107325.507806545
1.2259409571848177,0.7442,107325.507969685
0.9151977553511067,0.7444,107325.508188217
0.8364421425939079,0.7446,107325.508427325
0.354197952836691,0.7448,107325.508991981
2.2406451208127565,0.745,107325.509081241
0.7261452340200198,0.7452,107325.509356668
1.2995788862587005,0.7454,107325.509510564
0.6888167241005453,0.7456,107325.509800917
0.707591408114972,0.7458,107325.510083566
0.9552649404948598,0.746,107325.510292932
0.44546604702848114,0.7462,107325.5107419
2.5573482543878443,0.7464,107325.510820106
0.7352184655506879,0.7466,107325.511092134
0.6007160458316303,0.7468,107325.51142507
1.1790993228190303,0.747,107325.511594691
0.8783833882017261,0.7472,107325.511822382
0.7681258512699678,0.7474,107325.512082756
0.6150193829329889,0.7476,107325.512407949
0.5651697332360653,0.7478,107325.512761825
1.4414517815498522,0.748,107325.512900574
0.7599015386574369,0.7482,107325.513163766
0.8356348028736527,0.7484,107325.513403105
0.8114808017972048,0.7486,107325.513649568
0.7446875908928352,0.7488,107325.513918137
0.7909796866305279,0.749,107325.514170988
0.5527808962872536,0.7492,107325.514532795
0.9040978261293291,0.7494,107325.51475401
1.2269261407162269,0.7496,107325.514917019
0.7570767771264171,0.7498,107325.515181193
0.6509357271000562,0.75,107325.515488443
1.0283251988877546,0.7502,107325.515682934
0.9151349279777525,0.7504,107325.515901481
0.8531404359184862,0.7506,107325.516135909
0.8121068748347581,0.7508,107325.516382182
0.7919537797871439,0.751,107325.516634722
0.8043757900473356,0.7512,107325.516883362
0.7781192903320538,0.7514,107325.517140392
0.817825308780265,0.7516,107325.517384943
0.5319615716456164,0.7518,107325.51776091
2.021651925665847,0.752,107325.517859839
0.8031193422691454,0.7522,107325.518108868
0.7391146919200062,0.7524,107325.518379462
0.9264148642729281,0.7526,107325.518595348
0.7584347312775029,0.7528,107325.518859049
0.5191797994909055,0.753,107325.519244272
0.8320263414376904,0.7532,107325.519484649
0.9250907915273104,0.7534,107325.519700844
0.829338691925853,0.7536,107325.519942
0.8381597415832416,0.7538,107325.520180618
0.8137126875611066,0.754,107325.520426405
0.8445018600625975,0.7542,107325.520663231
0.8607889034545922,0.7544,107325.520895576
0.7980018301929355,0.7546,107325.521146202
0.83953892855096,0.7548,107325.521384428
0.7656498765863993,0.755,107325.521645644
0.7839417206532961,0.7552,107325.521900765
0.7707248040745591,0.7554,107325.522160261
0.7260318442826335,0.7556,107325.522435731
0.7283241806634226,0.7558,107325.522710334
1.2289390660294643,0.756,107325.522873076
0.7853978965644401,0.7562,107325.523127724
0.5227979071034788,0.7564,107325.523510281
0.7764457286180684,0.7566,107325.523767865
0.7337403181842611,0.7568,107325.524040441
0.6273623997268546,0.757,107325.524359236
0.827318036934547,0.7572,107325.524600981
0.6637417833172992,0.7574,107325.524902303
0.9033750324016034,0.7576,107325.525123695
1.1905470457376148,0.7578,107325.525291685
0.6689433178750223,0.758,107325.525590664
0.718558554874811,0.7582,107325.525868999
0.6710531213679162,0.7584,107325.526167038
0.647324589417741,0.7586,107325.526476002
0.7564868857562621,0.7588,107325.526740382
0.6166977088140919,0.759,107325.52706469
1.0814727488429976,0.7592,107325.527249623
0.7155481480624547,0.7594,107325.527529129
1.656328436040713,0.7596,107325.527649878
0.8186689479969403,0.7598,107325.527894177
0.6750416549254735,0.76,107325.528190455
0.5966231129576894,0.7602,107325.528525675
1.843386017306083,0.7604,107325.528634171
0.8131105939524744,0.7606,107325.52888014
0.7917468374357212,0.7608,107325.529132746
0.8086460445762752,0.761,107325.529380073
0.839479034498825,0.7612,107325.529618316
0.580431894924746,0.7614,107325.529962887
1.0336504788684115,0.7616,107325.530156376
0.6054734684033963,0.7618,107325.530486696
1.23539155416825,0.762,107325.530648588
0.7717955190818397,0.7622,107325.530907724
0.7155660674778361,0.7624,107325.531187223
1.0130018380844925,0.7626,107325.531384656
0.827205104443632,0.7628,107325.531626434
0.8394402720138527,0.763,107325.531864688
0.4827874240364872,0.7632,107325.532278949
1.3455147873826176,0.7634,107325.532427591
0.6483339237222767,0.7636,107325.532736074
0.5666027494214525,0.7638,107325.533089055
0.8244396971935717,0.764,107325.533331644
0.7759336424444403,0.7642,107325.533589398
0.8016224431728817,0.7644,107325.533838892
0.7989230818040619,0.7646,107325.534089229
0.7419415591982865,0.7648,107325.534358792
0.9769298329730465,0.765,107325.534563515
0.5863090899332849,0.7652,107325.534904632
0.8309789263372134,0.7654,107325.535145312
0.9630988464938448,0.7656,107325.535352975
0.7158324311855584,0.7658,107325.53563237
0.9401323451014133,0.766,107325.535845106
0.8280750516932369,0.7662,107325.53608663
0.49925735075041144,0.7664,107325.536487225
0.8606148575916079,0.7666,107325.536719617
0.73667809822861,0.7668,107325.536991106
0.5848671430890015,0.767,107325.537333064
1.1803448539096117,0.7672,107325.537502506
0.8168166223922905,0.7674,107325.537747359
0.7540085177277007,0.7676,107325.538012608
0.7953962588084333,0.7678,107325.538264055
0.8176949090190571,0.768,107325.538508645
0.7822645072039566,0.7682,107325.538764313
0.8001183971870878,0.7684,107325.539014276
0.790967168293444,0.7686,107325.539267131
0.528707482595244,0.7688,107325.539645412
0.6148757006689681,0.769,107325.539970681
0.7266464754548216,0.7692,107325.540245918
0.787104093888677,0.7694,107325.540500014
0.7880003414387495,0.7696,107325.540753821
0.5795539267652352,0.7698,107325.541098914
0.720022727577216,0.77,107325.541376683
1.0658424327324136,0.7702,107325.541564328
0.6956812085021398,0.7704,107325.541851816
0.7533438987476213,0.7706,107325.542117299
0.6407422366851088,0.7708,107325.542429437
0.9342869432404455,0.771,107325.542643504
0.9091363639652014,0.7712,107325.542863493
0.7579920595093644,0.7714,107325.543127348
0.7723170850606353,0.7716,107325.543386309
0.7751036518525347,0.7718,107325.543644339
0.5306911995522794,0.772,107325.544021206
1.2551225212372918,0.7722,107325.544180553
0.7263007997454168,0.7724,107325.544455921
0.7593821677983532,0.7726,107325.544719293
0.47055834162275717,0.7728,107325.54514432
2.2799815707604214,0.773,107325.54523204
0.7354942322984224,0.7732,107325.545503966
0.7645786094598235,0.7734,107325.545765548
0.7174604789334943,0.7736,107325.546044309
0.685866347125875,0.7738,107325.546335911
0.4618233696702278,0.774,107325.546768977
0.9682932515912944,0.7742,107325.546975526
0.7336783925956898,0.7744,107325.547248125
0.8384267974566196,0.7746,107325.547486667
0.6041274007843129,0.7748,107325.547817723
1.1979419148196573,0.775,107325.547984676
0.7416939572365973,0.7752,107325.548254329
0.7370798922172527,0.7754,107325.54852567
0.8111813170015246,0.7756,107325.548772224
0.6641429307552811,0.7758,107325.549073364
0.8416871096939336,0.776,107325.549310982
0.7799794894703945,0.7762,107325.549567399
0.4977885599175342,0.7764,107325.549969176
0.6279612258038326,0.7766,107325.550287667
0.5487841805209487,0.7768,107325.550652109
1.089194084324939,0.777,107325.550835731
0.722666072741042,0.7772,107325.551112484
0.7234528877037963,0.7774,107325.551388936
0.7666595255074646,0.7776,107325.551649808
0.755121619361749,0.7778,107325.551914666
0.588449902113306,0.778,107325.552254542
0.8882533001277512,0.7782,107325.552479703
0.7258605993327506,0.7784,107325.552755238
0.750824025109447,0.7786,107325.553021612
0.5180045391777126,0.7788,107325.553407709
0.566500013404129,0.779,107325.553760754
0.9323487979228819,0.7792,107325.553975266
0.6874860208126415,0.7794,107325.554266181
0.7693935419264726,0.7796,107325.554526126
0.7822369476138641,0.7798,107325.554781803
0.7430938940778462,0.78,107325.555050948
0.5944242780223827,0.7802,107325.555387408
0.9827189408290214,0.7804,107325.555590925
0.821078712750886,0.7806,107325.555834507
0.41423476738919546,0.7808,107325.556317325
2.1823816353344134,0.781,107325.556408968
0.8098050883296728,0.7812,107325.556655941
0.7732576911116089,0.7814,107325.556914587
0.7623026144338133,0.7816,107325.55717695
0.7403266806419536,0.7818,107325.557447101
0.7508465852718051,0.782,107325.557713467
0.7476831165566279,0.7822,107325.55798096
0.5689544301122289,0.7824,107325.558332482
0.8266512458625613,0.7826,107325.558574422
0.8308200903068004,0.7828,107325.558815148
0.38577419180192407,0.783,107325.559333586
1.2353762301339433,0.7832,107325.55949548
2.343814356210735,0.7834,107325.559580811
0.6600289651959085,0.7836,107325.559883828
0.47182385604779753,0.7838,107325.560307715
0.6772543997700199,0.784,107325.560603025
0.7293706623806165,0.7842,107325.560877234
0.8259923295353756,0.7844,107325.561119367
0.7853238935584601,0.7846,107325.561374039
0.7415784208536049,0.7848,107325.561643734
0.5807588835129049,0.785,107325.561988111
0.9725923695357241,0.7852,107325.562193747
0.7306283194734123,0.7854,107325.562467484
0.7704901887159489,0.7856,107325.562727059
0.6817864283388649,0.7858,107325.563020406
0.8533879272629333,0.786,107325.563254766
0.7550475288128301,0.7862,107325.56351965
0.5390283307823087,0.7864,107325.563890688
0.5926470307376536,0.7866,107325.564228157
0.3982865707377033,0.7868,107325.564730308
1.0722768257866506,0.787,107325.564916827
1.5836566115918331,0.7872,107325.565043117
0.7137071316626494,0.7874,107325.565323344
0.7694201608650403,0.7876,107325.56558328
0.7539431238836883,0.7878,107325.565848552
0.4246365650646365,0.788,107325.566319543
1.5976865159414138,0.7882,107325.566444724
0.6575940585655741,0.7884,107325.566748863
0.7506014085133116,0.7886,107325.567015316
0.4584516779845614,0.7888,107325.567451567
0.831220612202883,0.789,107325.567692177
0.790373253344533,0.7892,107325.567945222
0.7182050666240858,0.7894,107325.568223694
0.770169778630455,0.7896,107325.568483377
0.791158036298939,0.7898,107325.568736171
0.5123528278112376,0.79,107325.569126527
1.6190399019331307,0.7902,107325.569250057
0.7084837475198362,0.7904,107325.56953235
0.8044631743231525,0.7906,107325.569780963
0.6838869089643004,0.7908,107325.570073409
0.5902212151360307,0.791,107325.570412265
1.13138817275455,0.7912,107325.570589039
0.704972517567562,0.7914,107325.570872738
0.7290197223613802,0.7916,107325.571147079
0.4402571086239697,0.7918,107325.571601359
2.6982177074645857,0.792,107325.571675482
0.747141273900711,0.7922,107325.571943169
0.8298444969943259,0.7924,107325.572184178
0.748334969087034,0.7926,107325.572451438
0.8038100410697473,0.7928,107325.572700253
0.7264063261258441,0.793,107325.572975581
0.7713341312675717,0.7932,107325.573234872
0.733239964058937,0.7934,107325.573507634
0.5276571524309802,0.7936,107325.573886668
0.6108996885293948,0.7938,107325.574214054
0.7337780035131339,0.794,107325.574486616
0.7432678208495938,0.7942,107325.574755698
0.7593216277649574,0.7944,107325.575019091
0.5960345854996955,0.7946,107325.575354642
0.8397010648288792,0.7948,107325.575592822
0.8706326753646207,0.795,107325.57582254
0.7348267517896561,0.7952,107325.576094713
0.7102297922581927,0.7954,107325.576376312
0.8173574252140204,0.7956,107325.576621003
0.708493754583013,0.7958,107325.576903292
0.8132494965498832,0.796,107325.577149219
0.7657261052635427,0.7962,107325.577410409
0.5018845773243902,0.7964,107325.577808907
0.6470858315325051,0.7966,107325.578117985
0.6773025936539598,0.7968,107325.578413274
0.43685863028221034,0.797,107325.578871088
0.847816848649814,0.7972,107325.579106988
1.0929439961497356,0.7974,107325.57928998
1.016208542250056,0.7976,107325.57948679
0.6411633128820313,0.7978,107325.579798723
1.0378127467093985,0.798,107325.579991436
0.7035292388752049,0.7982,107325.580275717
0.7058184216517862,0.7984,107325.580559076
0.669940451043304,0.7986,107325.58085761
0.7869523040058426,0.7988,107325.581111755
0.6835760524538257,0.799,107325.581404334
0.8067639162228514,0.7992,107325.581652238
0.7823746759145048,0.7994,107325.58190787
0.7095469508840203,0.7996,107325.58218974
0.4672438727386651,0.7998,107325.582617782
1.2191033230935902,0.8,107325.582781837
1.144118996873585,0.8002,107325.582956644
0.8272666956347738,0.8004,107325.583198404
0.7757891514565708,0.8006,107325.583456206
0.7531112843932107,0.8008,107325.583721771
0.7924621050549663,0.801,107325.583974149
0.6419062288169559,0.8012,107325.584285721
0.9458903351555363,0.8014,107325.584497162
0.7503817507340211,0.8016,107325.584763693
0.7607715727875564,0.8018,107325.585026584
0.6736183928239743,0.802,107325.585323488
0.8281813848666347,0.8022,107325.585564981
0.7951622103455237,0.8024,107325.585816502
0.6761462336364988,0.8026,107325.586112296
0.7633966804765915,0.8028,107325.586374283
0.8721322957608245,0.803,107325.586603606
0.7699741060172605,0.8032,107325.586863355
0.7431518338345746,0.8034,107325.587132479
0.7727079621346876,0.8036,107325.587391309
0.5947831592166445,0.8038,107325.587727566
0.48254979184285623,0.804,107325.588142031
0.4845994417755009,0.8042,107325.588554743
2.3554072203786927,0.8044,107325.588639654
0.990108803095186,0.8046,107325.588841652
1.0908813598910003,0.8048,107325.58902499
0.4367689600836438,0.805,107325.589482898
0.7950515845820649,0.8052,107325.589734454
1.718286759439333,0.8054,107325.589850849
0.8005444108771006,0.8056,107325.590100679
0.7493527131610099,0.8058,107325.590367576
0.7635744728402101,0.806,107325.590629502
0.7486514936047923,0.8062,107325.590896649
0.47108147636902026,0.8064,107325.591321204
0.8692402259661366,0.8066,107325.59155129
0.4529508501807347,0.8068,107325.591992839
1.499014447996718,0.807,107325.59212626
0.7404308574969242,0.8072,107325.592396373
0.7164761069610681,0.8074,107325.592675517
0.7731649496861489,0.8076,107325.592934194
0.7252499370044335,0.8078,107325.593209961
0.7774387715472278,0.808,107325.593467216
0.7653568766562919,0.8082,107325.593728532
0.7887741697906998,0.8084,107325.59398209
0.5943801391449348,0.8086,107325.594318575
0.5157896036454146,0.8088,107325.59470633
0.8809253059646683,0.809,107325.594933364
0.7888332948038647,0.8092,107325.595186903
0.7317590781596144,0.8094,107325.595460217
0.7627124950560374,0.8096,107325.595722439
0.7464329961957634,0.8098,107325.59599038
0.7600083559090334,0.81,107325.596253535
0.7603579699636668,0.8102,107325.596516569
0.5432051723453851,0.8104,107325.596884754
0.6594131316234658,0.8106,107325.597188054
1.1869577487840142,0.8108,107325.597356552
0.7270347830501487,0.811,107325.597631642
0.7014467268844258,0.8112,107325.597916767
0.8363441616020109,0.8114,107325.598155903
0.783745156068405,0.8116,107325.598411088
0.7666036776171878,0.8118,107325.598671979
0.7925029107696924,0.812,107325.598924344
0.7192019511954383,0.8122,107325.59920243
0.7645143037242258,0.8124,107325.599464034
0.7808412985470632,0.8126,107325.599720168
0.7161092539276103,0.8128,107325.599999455
0.5378078952004813,0.813,107325.600371335
1.3803383790327288,0.8132,107325.600516227
0.7350022932737359,0.8134,107325.600788335
0.6064023831300294,0.8136,107325.601118149
0.5072189889709102,0.8138,107325.601512456
1.4083317379358402,0.814,107325.601654468
0.8137391853218733,0.8142,107325.601900247
0.7367812112069053,0.8144,107325.602171698
0.7500525050137214,0.8146,107325.602438346
0.7024420446247537,0.8148,107325.602723067
0.8377700217952606,0.815,107325.602961796
0.7405734103135071,0.8152,107325.603231857
0.7515265689520754,0.8154,107325.603497982
0.7639069104309263,0.8156,107325.603759794
0.7424869540957881,0.8158,107325.604029159
0.7688433991683901,0.816,107325.60428929
0.7703448248203874,0.8162,107325.604548914
0.49702528777160526,0.8164,107325.604951308
0.7130150383403352,0.8166,107325.605231807
0.6475719141624494,0.8168,107325.605540653
0.8067606959677969,0.817,107325.605788558
0.6188022936023179,0.8172,107325.606111763
0.9791969887467356,0.8174,107325.606316012
0.7412760836592569,0.8176,107325.606585817
0.7384051984894645,0.8178,107325.606856671
0.7168150340371595,0.818,107325.607135683
0.6009868409905932,0.8182,107325.607468469
0.7363580434949867,0.8184,107325.607740076
0.8294659238753112,0.8186,107325.607981195
0.6686548083257735,0.8188,107325.608280303
0.7476747376440007,0.819,107325.608547799
0.6257000013888112,0.8192,107325.608867441
0.9695136528086543,0.8194,107325.60907373
0.7104745310826438,0.8196,107325.609355232
0.5878669960981865,0.8198,107325.609695445
0.5202642991230008,0.82,107325.610079865
0.9665291274748063,0.8202,107325.610286791
1.046884732283964,0.8204,107325.610477834
0.8574306845983892,0.8206,107325.610711089
0.6467949825569438,0.8208,107325.611020306
0.9207212595111542,0.821,107325.611237527
0.6915868626281415,0.8212,107325.611526717
0.7652836617096662,0.8214,107325.611788058
0.7216152747542458,0.8216,107325.612065214
0.7452536404295417,0.8218,107325.612333579
0.6915103451217602,0.822,107325.612622801
0.7771728475321106,0.8222,107325.612880144
0.7283692633037037,0.8224,107325.61315473
0.7855582917497054,0.8226,107325.613409326
0.5547742574387902,0.8228,107325.613769833
0.7858453529420216,0.823,107325.614024336
0.8832166699937136,0.8232,107325.614250781
0.8314798431573199,0.8234,107325.614491316
0.7716614899636073,0.8236,107325.614750497
0.5951477571301677,0.8238,107325.615086548
0.6813706495274907,0.824,107325.615380074
0.8383424133432944,0.8242,107325.61561864
0.7880438066703787,0.8244,107325.615872433
0.7477110611810359,0.8246,107325.616139916
0.7753560886732547,0.8248,107325.616397862
0.7896305815956466,0.825,107325.616651145
0.7461906928727667,0.8252,107325.616919173
0.5493373726244639,0.8254,107325.617283248
0.795921689558092,0.8256,107325.617534529
0.6906315571779087,0.8258,107325.617824119
1.188883932522926,0.826,107325.617992344
0.8692628764943567,0.8262,107325.618222424
0.5230522196949645,0.8264,107325.618604795
0.6664312035317673,0.8266,107325.618904901
0.6206592571079546,0.8268,107325.619227139
0.7093531875562115,0.827,107325.619509086
0.8325736090090987,0.8272,107325.619749305
0.742079245163948,0.8274,107325.620018818
0.7735447562816509,0.8276,107325.620277368
0.7386915400362408,0.8278,107325.620548117
0.7809998378321092,0.828,107325.620804199
0.6771397832902719,0.8282,107325.621099559
0.7473031631597227,0.8284,107325.621367188
0.7643477630394048,0.8286,107325.621628849
0.5795824725570622,0.8288,107325.621973925
0.7042526106940674,0.829,107325.622257914
0.7581644990745245,0.8292,107325.622521709
0.7524595742723049,0.8294,107325.622787504
0.7680373839454201,0.8296,107325.623047908
0.7396914857653237,0.8298,107325.623318291
0.7564639437499215,0.83,107325.623582679
0.7620760557698266,0.8302,107325.62384512
0.7387433949687712,0.8304,107325.62411585
0.7466419921193731,0.8306,107325.624383716
0.7668535168736111,0.8308,107325.624644522
0.35155934144326556,0.831,107325.625213416
1.3590187607329696,0.8312,107325.625360581
1.0231173386358436,0.8314,107325.625556062
1.3156077842377698,0.8316,107325.625708083
0.6971458622550459,0.8318,107325.625994967
0.5566069327735074,0.832,107325.626354287
1.0810459787210804,0.8322,107325.626539293
0.6444856385944463,0.8324,107325.626849618
0.7742754786090679,0.8326,107325.627107924
0.787392241033605,0.8328,107325.627361927
0.586503395259122,0.833,107325.627702931
0.5163142435935397,0.8332,107325.628090292
1.2948670854790711,0.8334,107325.628244748
0.8432094220289456,0.8336,107325.628481937
0.5095775219134457,0.8338,107325.628874419
0.6372734719774655,0.834,107325.629188256
0.8345643522817509,0.8342,107325.629427902
0.9424048915463968,0.8344,107325.629640125
0.773081318784089,0.8346,107325.62989883
0.5359286614872503,0.8348,107325.630272014
1.2704622892139654,0.835,107325.630429437
0.7755725814950559,0.8352,107325.630687311
0.7850649255578386,0.8354,107325.630942067
0.7741226222723987,0.8356,107325.631200424
0.7868997230084147,0.8358,107325.631454586
0.7618786031216687,0.836,107325.631717095
0.7895028040204125,0.8362,107325.631970419
0.49605389253676063,0.8364,107325.632373601
0.681521543499296,0.8366,107325.632667062
0.7381027075374365,0.8368,107325.632938027
0.6776743574974675,0.837,107325.633233154
0.8140505427838298,0.8372,107325.633478839
0.7709862465192593,0.8374,107325.633738247
0.8056978553289127,0.8376,107325.633986479
0.7498247411641088,0.8378,107325.634253208
0.7698170358378484,0.838,107325.63451301
0.7318875930102332,0.8382,107325.634786276
0.7398173463623127,0.8384,107325.635056613
0.8321440707133181,0.8386,107325.635296956
0.5780831362224119,0.8388,107325.635642927
0.7940635754416686,0.839,107325.635894796
0.5723344777138897,0.8392,107325.636244242
1.0501169010592795,0.8394,107325.636434697
0.7797331462805888,0.8396,107325.636691195
0.7680668707892839,0.8398,107325.636951589
0.7106840477673129,0.84,107325.637233008
0.5722608174814056,0.8402,107325.637582499
1.2612407281450448,0.8404,107325.637741073
0.7176123828342138,0.8406,107325.638019775
0.7404829170248463,0.8408,107325.638289869
0.7854966039014335,0.841,107325.638544485
0.7832295143916377,0.8412,107325.638799838
0.7630151222491283,0.8414,107325.639061956
0.7769041629751182,0.8416,107325.639319388
0.6026075051249206,0.8418,107325.639651279
1.2712860730122324,0.842,107325.6398086
0.6490682700058842,0.8422,107325.640116734
0.8739386846465225,0.8424,107325.640345583
0.7676128871031054,0.8426,107325.640606131
0.7867232428172168,0.8428,107325.64086035
0.6638254880692103,0.843,107325.641161634
0.8231299447358712,0.8432,107325.641404609
0.7888270921471227,0.8434,107325.64165815
0.7498668789122442,0.8436,107325.641924864
0.6958119108069306,0.8438,107325.642212298
0.5833437927931487,0.844,107325.642555149
0.5667488486464928,0.8442,107325.642908039
0.5722280565671608,0.8444,107325.64325755
0.6194999900700069,0.8446,107325.643580391
0.5516921872621672,0.8448,107325.643942912
0.10488936481968414,0.845,107325.645849683
0.73776782988903,0.8452,107325.646120771
6.205781818512965,0.8454,107325.646152999
9.27084951766695,0.8456,107325.646174572
0.4094157445442713,0.8458,107325.646663073
0.6407853441428368,0.846,107325.64697519
0.7414135227216863,0.8462,107325.647244945
0.4693877021400238,0.8464,107325.647671032
0.21030295143861438,0.8466,107325.648622041
2.1866047400552775,0.8468,107325.648713507
0.2859548959974392,0.847,107325.649412918
0.6192008206094564,0.8472,107325.649735915
0.4097437027424571,0.8474,107325.650224025
0.5029485269833531,0.8476,107325.65062168
0.442061242905255,0.8478,107325.651074106
0.23314344054482303,0.848,107325.651931947
1.2897068660145845,0.8482,107325.652087021
0.360833668306116,0.8484,107325.652641293
0.4187666073866034,0.8486,107325.653118886
0.1898260808491026,0.8488,107325.654172482
2.489202990253654,0.849,107325.654252829
0.9248811855903226,0.8492,107325.654469073
0.3921914651766088,0.8494,107325.654979028
0.5889402969311189,0.8496,107325.655318621
0.31494475688947443,0.8498,107325.655953653
0.3695846547626682,0.85,107325.656494801
0.3282756981578106,0.8502,107325.657104045
0.39752739051408414,0.8504,107325.657607155
0.3092494980721033,0.8506,107325.658253882
0.322108389529656,0.8508,107325.658874791
0.243512817984042,0.851,107325.659696103
2.181834241754994,0.8512,107325.659787769
0.10884187856847509,0.8514,107325.661625297
0.154655956711109,0.8516,107325.66291849
0.0913756046978168,0.8518,107325.665107258
0.7401677996011921,0.852,107325.665377467
6.405123087605306,0.8522,107325.665408692
9.729523244921316,0.8524,107325.665429248
11.135233143449442,0.8526,107325.665447209
11.449505950721504,0.8528,107325.665464677
0.20546791214096602,0.853,107325.666438065
0.6831744564771702,0.8532,107325.666730816
1.6537672099416083,0.8534,107325.666851752
0.6477669730684252,0.8536,107325.667160505
0.2119820749035433,0.8538,107325.668103981
0.26947169043832275,0.854,107325.668846174
1.004550577664724,0.8542,107325.669045268
0.17933343544708027,0.8544,107325.670160509
0.06445288220298442,0.8546,107325.673263551
0.6972187864353229,0.8548,107325.673550405
0.901851529409087,0.855,107325.673772171
0.5972449064841582,0.8552,107325.674107042
0.18193164064057787,0.8554,107325.675206356
0.5399174383267494,0.8556,107325.675576783
0.4501138867282427,0.8558,107325.676021115
0.5589230688509276,0.856,107325.676378946
0.25671370276041033,0.8562,107325.677158024
0.12261814270574868,0.8564,107325.678789104
1.2752824866117969,0.8566,107325.678945932
0.18132497807926712,0.8568,107325.680048924
0.7678928581955524,0.857,107325.680309377
0.17663709541422096,0.8572,107325.681441642
0.46590072737901916,0.8574,107325.681870918
0.2479303967488127,0.8576,107325.682677596
1.2877140191748004,0.8578,107325.68283291
0.34782548065774155,0.858,107325.683407911
0.4157762057608884,0.8582,107325.683888939
0.3148753442962927,0.8584,107325.684524111
0.31148524104648156,0.8586,107325.685166196
0.8609445209113883,0.8588,107325.685398499
0.21846630285326074,0.859,107325.686313972
1.093135064864705,0.8592,107325.686496932
0.12060842100134443,0.8594,107325.688155191
0.3119132158231549,0.8596,107325.688796395
0.20038975911300272,0.8598,107325.68979445
0.19151878236378514,0.86,107325.690838734
0.08457253238850511,0.8602,107325.693203568
0.26160718155261914,0.8604,107325.693968073
6.996431684342914,0.8606,107325.693996659
4.005447306196246,0.8608,107325.694046591
9.866315112287968,0.861,107325.694066862
9.496224591289916,0.8612,107325.694087923
1.2672986193039815,0.8614,107325.694245739
0.10841553906257619,0.8616,107325.696090493
1.924594548975519,0.8618,107325.696194411
0.14327991987937796,0.862,107325.69759028
0.4328170586140442,0.8622,107325.698052369
1.9617458568017554,0.8624,107325.698154319
0.5358568656773729,0.8626,107325.698527553
0.8875949872199612,0.8628,107325.698752881
0.24900677530778428,0.863,107325.699556072
0.12744641295795758,0.8632,107325.701125359
2.84778575868323,0.8634,107325.701195589
0.26544632302294124,0.8636,107325.701949037
0.302905925510019,0.8638,107325.702609308
0.5122216077171963,0.864,107325.702999764
0.2386159348705223,0.8642,107325.703837931
0.1810742950327518,0.8644,107325.70494245
0.3849692601275393,0.8646,107325.705461972
0.3079694801175771,0.8648,107325.706111387
0.21350846775063148,0.865,107325.707048118
0.04838742842648115,0.8652,107325.711181423
0.3820001553471295,0.8654,107325.711704983
0.21345035982137428,0.8656,107325.712641969
0.38475893278521806,0.8658,107325.713161775
0.10164652086062219,0.866,107325.715129378
0.45457645109351497,0.8662,107325.715569348
6.966458127789905,0.8664,107325.715598057
8.624778697943514,0.8666,107325.715621246
2.2980051389829654,0.8668,107325.715708278
0.1689179212696934,0.867,107325.716892285
0.17324732097018844,0.8672,107325.718046704
0.41809165948239,0.8674,107325.718525068
0.20501739054471085,0.8676,107325.719500595
1.8200018919474878,0.8678,107325.719610485
0.0682152202775698,0.868,107325.722542382
0.2549423767632665,0.8682,107325.723326873
2.7819893454499405,0.8684,107325.723398764
3.3290610414551955,0.8686,107325.723458841
6.5509354587803585,0.8688,107325.723489371
8.873509780819596,0.869,107325.72351191
0.21742533611364545,0.8692,107325.724431766
0.30697209760515015,0.8694,107325.725083291
0.2071941971073443,0.8696,107325.726048569
0.08334458488055067,0.8698,107325.728448245
1.3106332557410243,0.87,107325.728600843
6.709605415762169,0.8702,107325.728630651
7.647308257864083,0.8704,107325.728656804
8.252188009622492,0.8706,107325.72868104
8.42140645862486,0.8708,107325.728704789
0.2807104239190322,0.871,107325.729417267
0.19771461437744448,0.8712,107325.730428826
0.7559664738195929,0.8714,107325.730693388
0.0548097621268763,0.8716,107325.734342373
0.22596597609780794,0.8718,107325.735227462
3.9693572033373834,0.872,107325.735277848
7.157428881986142,0.8722,107325.735305791
0.2922579370132246,0.8724,107325.735990118
0.19174499623163407,0.8726,107325.73703317
0.054675163889389276,0.8728,107325.740691138
0.09257694840276023,0.873,107325.742851503
4.8514258398277725,0.8732,107325.742892728
6.556088444519197,0.8734,107325.742923234
7.386613674694215,0.8736,107325.74295031
7.580066076353028,0.8738,107325.742976695
5.317309842900806,0.874,107325.743014308
0.4017613248636141,0.8742,107325.743512116
1.748618562648323,0.8744,107325.743626492
0.423278634189376,0.8746,107325.744098994
0.11112222299111306,0.8748,107325.745898814
0.1253212918739291,0.875,107325.747494712
0.0618908586978404,0.8752,107325.750726207
0.28609151566082974,0.8754,107325.751425284
2.480958596559217,0.8756,107325.751505898
5.819199247359127,0.8758,107325.751540267
0.6198263664435828,0.876,107325.751862938
0.3101491682899597,0.8762,107325.752507789
0.15835149842857624,0.8764,107325.753770802
0.3905677884722322,0.8766,107325.754282877
0.3019013703118134,0.8768,107325.754945345
0.44488636382155783,0.877,107325.755394898
0.5435358720073409,0.8772,107325.755762859
0.23371885300916737,0.8774,107325.756618588
0.34926628102925356,0.8776,107325.757191217
0.7921921529725523,0.8778,107325.757443681
0.813371839413142,0.878,107325.757689571
0.29569001938971273,0.8782,107325.758365955
0.5412104686116797,0.8784,107325.758735497
0.7644237326457759,0.8786,107325.758997132
0.19235800161353658,0.8788,107325.76003686
0.2670883084778114,0.879,107325.760785676
1.4078063525490345,0.8792,107325.760927741
0.3641773266461651,0.8794,107325.761476924
0.5136199200544401,0.8796,107325.761866317
0.3506975358513004,0.8798,107325.762436609
0.771209220105286,0.88,107325.762695942
0.38308965573676074,0.8802,107325.763218013
0.615416798373543,0.8804,107325.763542996
0.49776627664317963,0.8806,107325.763944791
0.4495341672346719,0.8808,107325.764389696
0.37217888940525545,0.881,107325.764927072
0.47301117050673347,0.8812,107325.765349895
0.5236081826287352,0.8814,107325.76573186
0.40453401036408826,0.8816,107325.766226256
0.5897321777343122,0.8818,107325.766565393
0.33172446740484174,0.882,107325.767168303
0.5509839350397857,0.8822,107325.76753129
0.43071700471393287,0.8824,107325.767995632
0.35194476563847044,0.8826,107325.768563903
0.4801494171523187,0.8828,107325.76898044
0.4718672695379475,0.883,107325.769404288
0.7225355337679105,0.8832,107325.769681091
0.4319346497508936,0.8834,107325.770144124
0.5085577725031818,0.8836,107325.770537393
0.41624261517918165,0.8838,107325.771017882
0.5031750295878794,0.884,107325.771415358
0.43259425315683014,0.8842,107325.771877685
0.4591831958517937,0.8844,107325.772313241
0.3949462741448055,0.8846,107325.772819639
0.4282132540426093,0.8848,107325.773286696
0.49822259790909806,0.885,107325.773688123
0.43570516051100533,0.8852,107325.774147149
0.4295763354646185,0.8854,107325.774612724
0.3499011503191298,0.8856,107325.775184314
0.48693314131728205,0.8858,107325.775595048
0.5423243648099236,0.886,107325.775963831
0.38599680733494124,0.8862,107325.77648197
0.48992108543151264,0.8864,107325.776890199
0.3457001828247254,0.8866,107325.777468735
0.22555594115817895,0.8868,107325.778355433
0.8233807000825236,0.887,107325.778598334
0.4641760473743656,0.8872,107325.779029205
0.6748025582202559,0.8874,107325.779325588
0.4157183050021295,0.8876,107325.779806683
0.4947396737409669,0.8878,107325.780210936
0.42482959153512206,0.888,107325.780681713
0.4741752395561793,0.8882,107325.781103498
0.4772403956791389,0.8884,107325.781522574
0.4556037046060575,0.8886,107325.781961552
0.4511200113491852,0.8888,107325.782404893
0.46546268193614737,0.889,107325.782834573
0.44171463934575106,0.8892,107325.783287354
0.4621894396306682,0.8894,107325.783720077
0.4509857495817747,0.8896,107325.78416355
0.46139400757304655,0.8898,107325.784597019
0.4738022766124012,0.89,107325.785019136
0.43685004900451324,0.8902,107325.785476959
0.48310228785327997,0.8904,107325.78589095
0.32232382583842617,0.8906,107325.786511444
0.4708652268283438,0.8908,107325.786936194
0.37458654456022106,0.891,107325.787470116
0.46195351111032823,0.8912,107325.78790306
0.5341680633313641,0.8914,107325.788277474
0.4896464268149898,0.8916,107325.788685932
0.3656654781172691,0.8918,107325.78923288
0.42032965507011477,0.892,107325.789708697
0.4354054261483378,0.8922,107325.790168039
0.6910277253957633,0.8924,107325.790457463
0.4659908148252013,0.8926,107325.790886656
0.45859568640512083,0.8928,107325.79132277
0.46347472816678115,0.893,107325.791754293
0.4311766477165373,0.8932,107325.79221814
0.44315535941864453,0.8934,107325.792669449
0.4668599548809057,0.8936,107325.793097843
0.48032238835577395,0.8938,107325.79351423
0.5529749909764081,0.894,107325.79387591
0.5057644614888005,0.8942,107325.794271351
0.5519205345316581,0.8944,107325.794633722
0.577901075701349,0.8946,107325.794979802
0.5064124391231392,0.8948,107325.795374737
0.3986334907875628,0.895,107325.795876451
0.5873145813663153,0.8952,107325.796216984
0.5490493191859837,0.8954,107325.79658125
0.6289150061479604,0.8956,107325.796899258
0.38886750071438014,0.8958,107325.797413572
0.7642630536944752,0.896,107325.797675262
0.518618400746572,0.8962,107325.798060902
0.39345449081017364,0.8964,107325.79856922
0.4784597429212636,0.8966,107325.798987228
0.49196861024524974,0.8968,107325.799393758
0.4979968138396081,0.897,107325.799795367
0.45478007133518267,0.8972,107325.80023514
0.5481735001163835,0.8974,107325.800599988
0.5544958439807911,0.8976,107325.800960676
0.5122780248835472,0.8978,107325.801351089
0.4517691313044728,0.898,107325.801793793
0.6293404731417377,0.8982,107325.802111586
0.5519951921430407,0.8984,107325.802473908
0.5610617467032876,0.8986,107325.802830375
0.4228472842732845,0.8988,107325.803303359
0.6118733969453148,0.899,107325.803630224
0.5593263577023674,0.8992,107325.803987797
0.5306616319528723,0.8994,107325.804364685
0.5474952061816155,0.8996,107325.804729985
0.37477536818145757,0.8998,107325.805263638
1.0313956980174739,0.9,107325.80545755
0.5398125318291503,0.9002,107325.805828049
0.5222054650676492,0.9004,107325.80621104
0.5693658439617695,0.9006,107325.806562308
0.41945868990816687,0.9008,107325.807039113
0.35429834517383374,0.901,107325.807603609
1.1102845858785078,0.9012,107325.807783743
0.5288165403252802,0.9014,107325.808161946
0.5295964904562659,0.9016,107325.808539592
0.36989978280349933,0.9018,107325.809080279
0.8389085723203407,0.902,107325.809318684
0.563570782273632,0.9022,107325.809673564
0.5337916846242157,0.9024,107325.810048242
0.5405595340044973,0.9026,107325.810418229
0.5434457780084638,0.9028,107325.810786251
0.495118122891404,0.903,107325.811190195
0.5446341397934189,0.9032,107325.811557414
0.5247388072920803,0.9034,107325.811938556
0.5353046857666092,0.9036,107325.812312175
0.4477277706862577,0.9038,107325.812758875
0.6361242330464467,0.904,107325.813073279
0.5625277821710196,0.9042,107325.813428817
0.46252612488860745,0.9044,107325.813861225
0.4438181734139874,0.9046,107325.81431186
0.29916249421067226,0.9048,107325.814980393
0.7783857743705294,0.905,107325.815237335
1.1091701035705548,0.9052,107325.81541765
0.5402061999430816,0.9054,107325.815787879
0.5269009175367902,0.9056,107325.816167457
0.5203400934221308,0.9058,107325.816551821
0.35042839833799416,0.906,107325.817122551
1.112910356201922,0.9062,107325.81730226
0.4476526101742561,0.9064,107325.817749035
0.4010033138227422,0.9066,107325.818247784
0.48308945040831863,0.9068,107325.818661786
0.3994703068035679,0.907,107325.819162449
0.8350277453932465,0.9072,107325.819401962
0.5408211882636536,0.9074,107325.81977177
0.5389600770517406,0.9076,107325.820142855
0.4218296850662044,0.9078,107325.82061698
0.4474813402766776,0.908,107325.821063926
0.5627778863786235,0.9082,107325.821419306
0.5151227127743417,0.9084,107325.821807563
0.5157723185320043,0.9086,107325.822195331
0.5727458793031431,0.9088,107325.822544526
0.5203820773655656,0.909,107325.822928859
0.5200546011238428,0.9092,107325.823313434
0.4715802084541239,0.9094,107325.82373754
0.5669416522588587,0.9096,107325.82409031
0.33642394212127913,0.9098,107325.824684798
1.3245998145891638,0.91,107325.824835787
0.5127153497228591,0.9102,107325.825225867
0.5452101785453356,0.9104,107325.825592698
0.5311661871499505,0.9106,107325.825969228
0.33530211006771077,0.9108,107325.826565705
1.4229710469361925,0.911,107325.826706256
0.49912653452248495,0.9112,107325.827106956
0.4148714855213454,0.9114,107325.827589033
0.5514274994381362,0.9116,107325.827951728
0.3364160284660971,0.9118,107325.82854623
0.6461012726890379,0.912,107325.828855779
0.6260309774364987,0.9122,107325.829175252
0.8490189720613852,0.9124,107325.829410818
0.5347936772617174,0.9126,107325.829784794
0.5221850291937425,0.9128,107325.8301678
0.5512314383995828,0.913,107325.830530624
0.5411533800057458,0.9132,107325.830900205
0.5249109593221266,0.9134,107325.831281222
0.5412280302019861,0.9136,107325.831650752
0.49371623648708185,0.9138,107325.832055843
0.5483643721956605,0.914,107325.832420564
0.5420950352685316,0.9142,107325.832789503
0.5265083636014797,0.9144,107325.833169364
0.5384652740222411,0.9146,107325.83354079
0.4372492684417419,0.9148,107325.833998195
0.43116550177913954,0.915,107325.834462054
0.6268001017006637,0.9152,107325.834781135
0.529013755855694,0.9154,107325.835159197
0.5686810177183091,0.9156,107325.835510888
0.5559895464430774,0.9158,107325.835870607
0.511054096038524,0.916,107325.836261955
0.57572181178313,0.9162,107325.836609345
0.3171612775807335,0.9164,107325.837239939
0.5182770545755281,0.9166,107325.837625833
0.4295495641963488,0.9168,107325.838091437
0.5929685896057094,0.917,107325.838428723
0.5683675081042192,0.9172,107325.838780608
0.5117052479078336,0.9174,107325.839171458
0.5269189768185508,0.9176,107325.839551023
0.53986206416082,0.9178,107325.839921488
0.5060267809351676,0.918,107325.840316724
0.505333799422446,0.9182,107325.840712502
0.463994064827881,0.9184,107325.841143542
0.4381660083881657,0.9186,107325.84159999
0.3356346693130452,0.9188,107325.842195876
1.011587739469579,0.919,107325.842393585
0.571177245295502,0.9192,107325.842743739
0.5468380609827151,0.9194,107325.843109478
0.5337005224199995,0.9196,107325.84348422
0.5171192201854452,0.9198,107325.843870978
0.44586030436316154,0.92,107325.844319549
0.7213263808500289,0.9202,107325.844596816
0.5308870066616894,0.9204,107325.844973544
0.5526449532804973,0.9206,107325.84533544
0.5429677397985262,0.9208,107325.845703786
0.5298420399168744,0.921,107325.846081257
0.5098321056822966,0.9212,107325.846473543
0.6159531902126912,0.9214,107325.846798243
0.5582101522563285,0.9216,107325.847156531
0.5929263804592378,0.9218,107325.847493841
0.4618159210438664,0.922,107325.847926914
0.41262380713984786,0.9222,107325.848411617
0.5936990678412394,0.9224,107325.848748488
0.5823128311049651,0.9226,107325.849091946
0.558023263348404,0.9228,107325.849450354
0.5082656610348172,0.923,107325.849843849
0.5525655655836873,0.9232,107325.850205797
0.5427761897310451,0.9234,107325.850574273
0.5304139509192968,0.9236,107325.850951337
0.5152381550254279,0.9238,107325.851339507
0.5348437289136572,0.924,107325.851713448
0.537835381095251,0.9242,107325.852085309
0.5770673497475683,0.9244,107325.852431889
0.5133233080846044,0.9246,107325.852821507
0.5070248169287994,0.9248,107325.853215965
0.5350311780350478,0.925,107325.853589775
0.5357463260498261,0.9252,107325.853963086
0.49272371408665977,0.9254,107325.854368993
0.35891048808198633,0.9256,107325.854926235
0.5145594533048149,0.9258,107325.855314917
0.5114265615487842,0.926,107325.85570598
0.5400078301416673,0.9262,107325.856076345
0.38023102716549184,0.9264,107325.856602341
0.4139509691221515,0.9266,107325.85708549
0.39550938457616436,0.9268,107325.857591167
0.7414382407671849,0.927,107325.857860913
0.5561085758146153,0.9272,107325.858220555
0.5144019744143136,0.9274,107325.858609356
0.5447780245398718,0.9276,107325.858976478
0.5298827520308145,0.9278,107325.85935392
0.5234670275612636,0.928,107325.859735988
0.5143080375798915,0.9282,107325.86012486
0.5360248930232766,0.9284,107325.860497977
0.5537481832396057,0.9286,107325.860859152
0.5488775439523105,0.9288,107325.861223532
0.2952792270965724,0.929,107325.861900857
0.7471747428657961,0.9292,107325.862168532
0.5375462464678666,0.9294,107325.862540593
0.5521689246090228,0.9296,107325.862902801
0.4869793971918212,0.9298,107325.863313496
0.5650643333851553,0.93,107325.863667438
0.5048490654435231,0.9302,107325.864063596
0.5698768903624014,0.9304,107325.864414549
0.5204132101446546,0.9306,107325.864798859
0.5347822322541622,0.9308,107325.865172843
0.551759140977305,0.931,107325.86553532
0.5136265038076998,0.9312,107325.865924708
0.5533161821938842,0.9314,107325.866286165
0.5661360081760188,0.9316,107325.866639437
0.5354551560176999,0.9318,107325.867012951
0.5204457064930494,0.932,107325.867397237
0.5592012372502342,0.9322,107325.86775489
0.5027816484763663,0.9324,107325.868152677
0.45193450080236697,0.9326,107325.868595219
0.5470085400766004,0.9328,107325.868960844
0.542888169960609,0.933,107325.869329244
0.5315261466794575,0.9332,107325.869705519
0.5266206726012775,0.9334,107325.870085299
0.5570254866714299,0.9336,107325.870444349
0.5376951188029466,0.9338,107325.870816307
0.5167998589771691,0.934,107325.871203304
0.4818116250559408,0.9342,107325.871618404
0.6397604635169901,0.9344,107325.871931021
0.4959198284935132,0.9346,107325.872334312
0.3784789290550519,0.9348,107325.872862743
1.0553587930244825,0.935,107325.873052252
0.5237891950124434,0.9352,107325.873434085
0.4835145693188351,0.9354,107325.873847723
0.5131995046600725,0.9356,107325.874237435
0.42457976422726024,0.9358,107325.874708489
0.6955675222964448,0.936,107325.874996024
0.398627917920381,0.9362,107325.875497745
0.36810990508425107,0.9364,107325.876041061
0.43487998664463035,0.9366,107325.876500958
0.49754708387180324,0.9368,107325.87690293
0.5374292716227916,0.937,107325.877275072
0.5431948458067595,0.9372,107325.877643264
0.5142115185828039,0.9374,107325.878032209
0.5406369765071103,0.9376,107325.878402143
0.4623059003349317,0.9378,107325.878834757
0.3942712317334327,0.938,107325.879342022
0.8068062081349342,0.9382,107325.879589913
0.538546464688202,0.9384,107325.879961283
0.5364605406418397,0.9386,107325.880334097
0.5825010893242591,0.9388,107325.880677444
0.4824904330447269,0.939,107325.88109196
0.5031864144200806,0.9392,107325.881489427
0.6041711932462468,0.9394,107325.881820459
0.4125599820133551,0.9396,107325.882305237
0.4653998402985925,0.9398,107325.882734975
0.5582693772291336,0.94,107325.883093225
0.47430341753351013,0.9402,107325.883514896
0.6849784510835982,0.9404,107325.883806876
0.6227968562112921,0.9406,107325.884128008
0.5726655273768617,0.9408,107325.884477252
0.44406255020171126,0.941,107325.884927639
0.6720362176300106,0.9412,107325.885225242
0.5486276160582773,0.9414,107325.885589788
0.6677060632534122,0.9416,107325.885889321
0.4516936173831618,0.9418,107325.886332099
0.6631981685476398,0.942,107325.886633668
0.5996533793480978,0.9422,107325.886967194
0.6028417973085386,0.9424,107325.887298956
0.6087965097762765,0.9426,107325.887627473
0.5142921794999079,0.9428,107325.888016357
0.6234219725349543,0.943,107325.888337167
0.6163745904818515,0.9432,107325.888661645
0.43103170083533054,0.9434,107325.889125648
0.49592473156204225,0.9436,107325.889528935
0.6059449430281538,0.9438,107325.889858998
0.5395038170734665,0.944,107325.890229709
0.4883849854446775,0.9442,107325.890639222
0.6778144257406568,0.9444,107325.890934288
0.5615564280538341,0.9446,107325.891290441
0.5938295073812518,0.9448,107325.891627238
0.38130681663809024,0.945,107325.89215175
1.078260070652785,0.9452,107325.892337234
0.5397091072677853,0.9454,107325.892707804
0.5761945226054724,0.9456,107325.893054909
0.5494233907595942,0.9458,107325.893418927
0.5523046113003528,0.946,107325.893781046
0.6761622338873069,0.9462,107325.894076833
0.3559738652274986,0.9464,107325.894638672
0.42857204523373166,0.9466,107325.895105338
0.3927367311167243,0.9468,107325.895614585
0.8670394771680906,0.947,107325.895845255
0.4287631426607949,0.9472,107325.896311713
0.5534892093025269,0.9474,107325.896673057
0.5980127909400061,0.9476,107325.897007498
0.4105418948498282,0.9478,107325.897494659
0.22309278076715358,0.948,107325.898391147
1.8261005145787037,0.9482,107325.89850067
0.7350995118161026,0.9484,107325.898772742
0.9935765730440483,0.9486,107325.898974035
1.1313816533344556,0.9488,107325.89915081
0.5035918695088588,0.949,107325.899547957
0.5586326884149256,0.9492,107325.899905974
0.7197817713982336,0.9494,107325.900183836
0.5965697131004124,0.9496,107325.900519086
0.5409118829649866,0.9498,107325.900888832
0.4243131347093469,0.95,107325.901360182
0.8054837632135223,0.9502,107325.90160848
0.416435023845919,0.9504,107325.902088747
1.0011563463662014,0.9506,107325.902288516
0.4063297980695961,0.9508,107325.902780727
0.44987089016944054,0.951,107325.903225299
0.5961002992887865,0.9512,107325.903560813
0.6010879822204696,0.9514,107325.903893543
0.32328404869682975,0.9516,107325.904512194
1.5200918595495307,0.9518,107325.904643765
0.5155595916889423,0.952,107325.905031693
0.8018184888947011,0.9522,107325.905281126
0.5710239669939687,0.9524,107325.905631374
0.5903065694954904,0.9526,107325.905970181
0.28589276629002586,0.9528,107325.906669744
0.8779631143575778,0.953,107325.906897544
1.2984230848237537,0.9532,107325.907051577
0.6291821013175151,0.9534,107325.90736945
0.6475719141624494,0.9536,107325.907678296
0.5460094898951119,0.9538,107325.90804459
0.5914867413561429,0.954,107325.908382721
0.5436732626663253,0.9542,107325.908750589
0.579172958282773,0.9544,107325.909095909
0.4797140844310368,0.9546,107325.909512824
0.49135581657954136,0.9548,107325.909919861
0.5581883428559303,0.955,107325.910278163
0.5840968042090868,0.9552,107325.910620572
0.5423508161723144,0.9554,107325.910989337
0.5927049960141099,0.9556,107325.911326773
0.5063009174821022,0.9558,107325.911721795
0.6049057750939544,0.956,107325.912052425
0.6505863391168354,0.9562,107325.91235984
0.3926943142978616,0.9564,107325.912869142
0.544558503961451,0.9566,107325.913236412
0.5263476395307124,0.9568,107325.913616389
0.5547419454419609,0.957,107325.913976917
0.3591779859433986,0.9572,107325.914533744
0.7379011977562611,0.9574,107325.914804783
0.6782304931967686,0.9576,107325.915099668
0.7431159519076656,0.9578,107325.915368805
0.6001932715305903,0.958,107325.915702031
0.4796151487377017,0.9582,107325.916119032
0.4512584423532153,0.9584,107325.916562237
0.49353348597408325,0.9586,107325.916967478
0.43100661311046196,0.9588,107325.917431508
0.7656674927217295,0.959,107325.917692718
0.4563667631906361,0.9592,107325.918130962
0.6437118997869368,0.9594,107325.91844166
0.7559179102977817,0.9596,107325.918706239
0.5864792940038943,0.9598,107325.919047257
0.586108064718972,0.96,107325.919388491
0.559796024285904,0.9602,107325.919745764
0.5903971730137847,0.9604,107325.920084519
0.5743561542266038,0.9606,107325.920432735
0.6049661632857873,0.9608,107325.920763332
0.5698752599401256,0.961,107325.921114286
0.5865498264174902,0.9612,107325.921455263
0.5611089787427931,0.9614,107325.9218117
0.5760352082910173,0.9616,107325.922158901
0.5756903172666099,0.9618,107325.92250631
0.6085297601477665,0.962,107325.922834971
0.41992105971498056,0.9622,107325.923311251
0.3701612965676432,0.9624,107325.923851556
0.9564160947737688,0.9626,107325.92406067
0.6140337511689018,0.9628,107325.924386385
0.5675981012740199,0.963,107325.924738747
0.5757980543541116,0.9632,107325.925086091
0.5985371676471699,0.9634,107325.925420239
0.5622937039480849,0.9636,107325.925775925
0.5636438402924706,0.9638,107325.926130759
0.5307461224788058,0.964,107325.926507587
0.5449279484388329,0.9642,107325.926874608
0.6799899340144556,0.9644,107325.92716873
0.5782569663770081,0.9646,107325.927514597
0.593327456445681,0.9648,107325.927851679
0.5411313916395227,0.965,107325.928221275
0.6226785733646798,0.9652,107325.928542468
0.5558829109802844,0.9654,107325.928902256
0.5632009986894531,0.9656,107325.929257369
0.5989046092125724,0.9658,107325.929591312
0.5860479589585275,0.966,107325.929932581
0.42169982921083593,0.9662,107325.930406852
0.39933151404849365,0.9664,107325.930907689
0.5408665211698864,0.9666,107325.931277466
0.4987431839950151,0.9668,107325.931678474
0.6346627186748566,0.967,107325.931993602
0.5521506236588978,0.9672,107325.932355822
0.5703189132456379,0.9674,107325.932706503
0.5796849232900055,0.9676,107325.933051518
0.5301791195556648,0.9678,107325.933428749
0.6151783040213598,0.968,107325.933753858
0.5512390438078942,0.9682,107325.934116677
0.5960825380751972,0.9684,107325.934452201
0.596302934749041,0.9686,107325.934787601
0.5778743474981385,0.9688,107325.935133697
0.5894558037391652,0.969,107325.935472993
0.5973127045867431,0.9692,107325.935807826
0.56229844295684,0.9694,107325.936163509
0.5747027403208845,0.9696,107325.936511515
0.4653901011272382,0.9698,107325.936941262
0.44712220300707867,0.97,107325.937388567
0.5848842671104095,0.9702,107325.937730515
0.5551946786223261,0.9704,107325.938090749
0.5612333731080223,0.9706,107325.938447107
0.6013482198136334,0.9708,107325.938779693
0.5895982960890677,0.971,107325.939118907
0.5557902284830624,0.9712,107325.939478755
0.5802163605122321,0.9714,107325.939823454
0.5883512310306647,0.9716,107325.940163387
0.568630902577629,0.9718,107325.940515109
0.5900209688797838,0.972,107325.94085408
0.5503304909998612,0.9722,107325.941217498
0.5729181618360281,0.9724,107325.941566588
0.5966284482892311,0.9726,107325.941901805
0.5645347928103124,0.9728,107325.942256079
0.584930442252255,0.973,107325.942598
0.5554737720213234,0.9732,107325.942958053
0.6183718091938657,0.9734,107325.943281483
0.50077747341188,0.9736,107325.943680862
0.4669493190400302,0.9738,107325.944109174
0.4426198692811738,0.974,107325.944561029
0.7035069837931358,0.9742,107325.944845319
0.39075779548279854,0.9744,107325.945357145
1.50804549574394,0.9746,107325.945489767
0.41401094767262675,0.9748,107325.945972846
1.9125578871415942,0.975,107325.946077418
0.6586075130897556,0.9752,107325.946381089
0.582392532301595,0.9754,107325.9467245
0.5116882354554653,0.9756,107325.947115363
0.5215871850092063,0.9758,107325.947498808
0.7997121007066826,0.976,107325.947748898
0.6098044536561941,0.9762,107325.948076872
0.7864664565099516,0.9764,107325.948331174
0.49442169963712346,0.9766,107325.948735687
0.4002914060677197,0.9768,107325.949235323
1.236009940602767,0.977,107325.949397134
0.6571424912363274,0.9772,107325.949701482
0.5762742007323784,0.9774,107325.950048539
0.6691335480866469,0.9776,107325.950347433
0.44484184082672873,0.9778,107325.950797031
0.44608504317776754,0.978,107325.951245376
0.8633192823364174,0.9782,107325.95147704
0.6887716411555673,0.9784,107325.951767412
0.591938385015717,0.9786,107325.952105285
0.6475488786609057,0.9788,107325.952414142
0.6367216510636161,0.979,107325.952728251
0.596153615139159,0.9792,107325.953063735
0.6249706859599392,0.9794,107325.95338375
0.6468535515607713,0.9796,107325.953692939
0.6108866006976928,0.9798,107325.954020332
0.480264734224647,0.98,107325.954436769
0.9411542873553059,0.9802,107325.954649274
0.6416076159182696,0.9804,107325.954960991
0.6256393333484686,0.9806,107325.955280664
0.6477438931598302,0.9808,107325.955589428
0.6099718168683472,0.981,107325.955917312
0.5959280317418422,0.9812,107325.956252923
0.6508298141993696,0.9814,107325.956560223
0.6465524177264009,0.9816,107325.956869556
0.5711283268384231,0.9818,107325.95721974
0.45362068893105556,0.982,107325.957660637
0.4812470102493888,0.9822,107325.958076224
0.7074637087351234,0.9824,107325.958358924
0.7671535732804408,0.9826,107325.958619628
0.6170935010273664,0.9828,107325.958943728
0.3466576951455922,0.983,107325.959520666
0.6758354933466275,0.9832,107325.959816596
0.8470592415462372,0.9834,107325.960052707
1.0996502716821326,0.9836,107325.960234583
0.7592755264806255,0.9838,107325.960497992
0.593214801426199,0.984,107325.960835138
0.6439647684866472,0.9842,107325.961145714
0.6442634659756836,0.9844,107325.961456146
0.3585861690038168,0.9846,107325.962013892
2.0915907863991516,0.9848,107325.962109513
0.6974862466782871,0.985,107325.962396257
0.650825591960239,0.9852,107325.962703559
0.5830818821879735,0.9854,107325.963046564
0.5844364356198216,0.9856,107325.963388774
0.6459301647171348,0.9858,107325.963698405
0.7007168507880058,0.986,107325.963983827
0.45720555815025965,0.9862,107325.964421267
0.4211643483259805,0.9864,107325.964896141
0.46576619027495175,0.9866,107325.965325541
1.0833473059608822,0.9868,107325.965510154
0.574375932796438,0.987,107325.965858358
0.5114304819204185,0.9872,107325.966249418
0.8353625662945605,0.9874,107325.966488835
0.6233286961509108,0.9876,107325.966809693
0.5833846238268967,0.9878,107325.96715252
0.6598656400389434,0.988,107325.967455612
0.6394966023086955,0.9882,107325.967768358
0.445679462295778,0.9884,107325.968217111
1.1102352568946035,0.9886,107325.968397253
0.598639311197092,0.9888,107325.968731344
0.6632421101721135,0.989,107325.969032893
0.6508488611833315,0.9892,107325.969340184
0.6022663312283424,0.9894,107325.969672263
0.6586834247795254,0.9896,107325.969975899
0.6213032580243837,0.9898,107325.970297803
0.5856806945959374,0.99,107325.970639286
0.6571057630487686,0.9902,107325.970943651
0.49338737231740065,0.9904,107325.971349012
0.6314187692315025,0.9906,107325.971665759
0.5814240762503246,0.9908,107325.972009742
0.6487566801322695,0.991,107325.972318024
0.674361102374795,0.9912,107325.972614601
0.641724960265347,0.9914,107325.972926261
0.6377103863928956,0.9916,107325.973239883
0.6672004058379551,0.9918,107325.973539643
0.6253693751226718,0.992,107325.973859454
0.6217958077052184,0.9922,107325.974181103
0.6286777561558188,0.9924,107325.974499231
0.6419267958373325,0.9926,107325.974810793
0.6140639290453417,0.9928,107325.975136492
0.5857407250420082,0.993,107325.97547794
0.7029975548449164,0.9932,107325.975762436
0.6434178400189322,0.9934,107325.976073276
0.6358693929499718,0.9936,107325.976387806
0.5616415647344638,0.9938,107325.976743905
0.6241281755418584,0.994,107325.977064352
0.6590915012035075,0.9942,107325.9773678
0.6440643236585872,0.9944,107325.977678328
0.4479784881075739,0.9946,107325.978124778
0.43368426286851214,0.9948,107325.978585943
0.9387291097850473,0.995,107325.978798997
0.5622921396327369,0.9952,107325.979154684
0.35105395396551553,0.9954,107325.979724397
0.6668022540846493,0.9956,107325.980024336
0.3591283187795671,0.9958,107325.98058124
1.9194041516366642,0.996,107325.980685439
1.2123269955186151,0.9962,107325.980850411
0.6630904034059912,0.9964,107325.981152029
0.4589187415208362,0.9966,107325.981587836
0.5845833490049348,0.9968,107325.98192996
0.6421762233563516,0.997,107325.982241401
0.6439460921183746,0.9972,107325.982551986
0.6383759852867004,0.9974,107325.982865281
0.6181004405216187,0.9976,107325.983188853
0.6351827926265589,0.9978,107325.983503723
0.5763040917524062,0.998,107325.983850762
0.6578687545286733,0.9982,107325.984154774
0.6213978396222758,0.9984,107325.984476629
0.3413621782730389,0.9986,107325.985062517
0.796574711191565,0.9988,107325.985313592
0.6197034809528323,0.999,107325.985636327
0.6173010975143061,0.9992,107325.985960318
0.5645491236317974,0.9994,107325.986314583
0.6432336697577492,0.9996,107325.986625512
0.677731768114681,0.9998,107325.986920614
0.5828219119977368,1.0,107325.987263772
0.6141298917488843,1.0002,107325.987589436
0.6895862178842359,1.0004,107325.987879465
0.6060495773494515,1.0006,107325.988209471
0.5984583808607201,1.0008,107325.988543663
0.6714383584066216,1.001,107325.988841531
0.6569525166656244,1.0012,107325.989145967
0.6649510894945871,1.0014,107325.989446741
0.6214982675196213,1.0016,107325.989768544
0.5845115983183292,1.0018,107325.99011071
0.7060277033324662,1.002,107325.990393985
0.7418094895880323,1.0022,107325.990663596
0.7087624439679925,1.0024,107325.990945778
0.6793247560943336,1.0026,107325.991240188
0.6927558650667476,1.0028,107325.99152889
0.48352157762072034,1.003,107325.991942522
0.7217037919623485,1.0032,107325.992219644
0.7410097082067928,1.0034,107325.992489546
0.7836468437133493,1.0036,107325.992744763
0.696250338512688,1.0038,107325.993032016
0.7492180330041389,1.004,107325.993298961
0.6589156242721016,1.0042,107325.99360249
0.7436188155820755,1.0044,107325.993871445
0.717285503943012,1.0046,107325.994150274
0.4649335428932532,1.0048,107325.994580443
1.6061547781246324,1.005,107325.994704964
0.7027456501668162,1.0052,107325.994989562
0.6623218338627669,1.0054,107325.99529153
0.7762860072703085,1.0056,107325.995549167
0.6725627938697513,1.0058,107325.995846537
0.4805820789563655,1.006,107325.996262699
1.022484439407589,1.0062,107325.996458301
0.4812713275030269,1.0064,107325.996873867
0.7826808530852596,1.0066,107325.997129399
0.47199643950423537,1.0068,107325.997553131
1.306284560366744,1.007,107325.997706237
0.6913071461811752,1.0072,107325.997995544
0.66132537211617,1.0074,107325.998297967
0.5038202264245781,1.0076,107325.998694934
0.5219819676795786,1.0078,107325.999078089
0.6427623120481618,1.008,107325.999389246
0.9972774457427659,1.0082,107325.999589792
0.7513007018241968,1.0084,107325.999855997
0.6178980286591276,1.0086,107326.000179675
0.6889828155628731,1.0088,107326.000469958
0.8546497552345356,1.009,107326.000703972
0.6122517546003646,1.0092,107326.001030635
0.7983745279408226,1.0094,107326.001281144
0.6637770130395451,1.0096,107326.00158245
0.5181011593882834,1.0098,107326.001968475
1.1843219659617283,1.01,107326.002137348
0.7167071554294077,1.0102,107326.002416402
0.7013286793002972,1.0104,107326.002701575
0.7401760111026432,1.0106,107326.002971781
0.6527905201022912,1.0108,107326.003278158
0.74568434596211,1.011,107326.003546368
0.6521817075975214,1.0112,107326.003853031
0.7393988791543549,1.0114,107326.004123521
0.7446154932778483,1.0116,107326.004392116
0.6629782918877971,1.0118,107326.004693785
0.7570423735000591,1.012,107326.004957971
0.7320376360542832,1.0122,107326.005231181
0.5213519744079813,1.0124,107326.005614799
0.6918691390436742,1.0126,107326.005903871
0.7237984873211851,1.0128,107326.006180191
0.6285849129232896,1.013,107326.006498366
0.7364800490683432,1.0132,107326.006769928
0.6807305837729456,1.0134,107326.00706373
0.6758880058815336,1.0136,107326.007359637
0.4746895644140403,1.0138,107326.007780965
0.5437811812928388,1.014,107326.00814876
2.0333260516112035,1.0142,107326.008247121
0.7917155044064272,1.0144,107326.008499737
0.7362279540232473,1.0146,107326.008771392
0.7434142428412966,1.0148,107326.009040421
0.6892345224674405,1.015,107326.009330598
0.8635168302064901,1.0152,107326.009562209
0.6194175144789941,1.0154,107326.009885093
0.6433640174306205,1.0156,107326.010195959
0.6491778111374371,1.0158,107326.010504041
0.6817306282018238,1.016,107326.010797412
0.5871008027886512,1.0162,107326.011138069
0.5598618350840957,1.0164,107326.0114953
0.8863912590217302,1.0166,107326.011720934
0.4565709594606976,1.0168,107326.012158982
0.8506366979496607,1.017,107326.0123941
0.5865171611437336,1.0172,107326.012735096
0.6338963209657033,1.0174,107326.013050605
0.625289198328853,1.0176,107326.013370457
1.0235362513770618,1.0178,107326.013565858
0.712197456133945,1.018,107326.013846679
0.652779854406684,1.0182,107326.014153061
0.772902027803455,1.0184,107326.014411826
0.6794263088583838,1.0186,107326.014706192
0.7501593962872988,1.0188,107326.014972802
0.517084472667208,1.019,107326.015359586
0.9519140757479582,1.0192,107326.015569689
0.7440282587374987,1.0194,107326.015838496
0.7502072226989678,1.0196,107326.016105089
0.6599309730761327,1.0198,107326.016408151
0.7633617000789076,1.02,107326.01667015
0.6894198008251072,1.0202,107326.016960249
0.7457427713268232,1.0204,107326.017228438
0.7502550552093713,1.0206,107326.017495014
0.7245379610489605,1.0208,107326.017771052
0.6250351469980023,1.021,107326.018091034
0.7404390748370523,1.0212,107326.018361144
0.7859287122918887,1.0214,107326.01861562
0.6805591792503971,1.0216,107326.018909496
0.49255138821234584,1.0218,107326.019315545
0.47018443341039184,1.022,107326.01974091
1.1426611643142877,1.0222,107326.01991594
0.828249959545279,1.0224,107326.020157413
0.7604910044416624,1.0226,107326.020420401
0.7275002066858692,1.0228,107326.020695315
0.6979024756734392,1.023,107326.020981888
0.7528504814200928,1.0232,107326.021247545
0.7174604789334943,1.0234,107326.021526306
0.7942685635943842,1.0236,107326.02177811
0.6955747388044073,1.0238,107326.022065642
0.7671241137008096,1.024,107326.022326356
0.7324638925272918,1.0242,107326.022599407
0.7241995159143837,1.0244,107326.022875574
0.7318983111146659,1.0246,107326.023148836
0.7326517417162511,1.0248,107326.023421817
0.7128218535085212,1.025,107326.023702392
0.7161656741428919,1.0252,107326.023981657
0.633767764548583,1.0254,107326.02429723
0.7809083803629187,1.0256,107326.024553342
0.67425199463393,1.0258,107326.024849967
0.724023832449921,1.026,107326.025126201
0.5465093081335307,1.0262,107326.02549216
0.6014838588143521,1.0264,107326.025824671
0.5837404844011957,1.0266,107326.026167289
0.5996390160992996,1.0268,107326.026500823
0.7021387371725359,1.027,107326.026785667
0.7156428591690401,1.0272,107326.027065136
0.7282791036044126,1.0274,107326.027339756
0.704930284623334,1.0276,107326.027623472
0.7166326760916862,1.0278,107326.027902555
0.6719436620621008,1.028,107326.028200199
0.7112071844063164,1.0282,107326.028481411
0.7013188378306471,1.0284,107326.028766588
0.6640503226422295,1.0286,107326.02906777
0.4754060533445519,1.0288,107326.029488463
1.3952547320853457,1.029,107326.029631806
0.6890136600704613,1.0292,107326.029922076
0.7243595173345467,1.0294,107326.030198182
0.7080898983848476,1.0296,107326.030480632
0.6980559241928291,1.0298,107326.030767142
0.4208975686701874,1.03,107326.031242317
1.8654627048082975,1.0302,107326.031349529
0.6739066755317885,1.0304,107326.031646306
0.7764849453879294,1.0306,107326.031903877
0.6680450554324369,1.0308,107326.032203258
0.6998194400769688,1.031,107326.032489046
0.5469980901963293,1.0312,107326.032854678
0.5062778283069937,1.0314,107326.033249718
0.7326785740208499,1.0316,107326.033522689
0.5844091243354543,1.0318,107326.033864915
0.8092743253703537,1.032,107326.03411205
0.75290999393178,1.0322,107326.034377686
0.7111869433692638,1.0324,107326.034658906
0.7261557845954517,1.0326,107326.034934329
0.6971191649275829,1.0328,107326.035221224
0.7315797082600622,1.033,107326.035494605
0.7137173238906224,1.0332,107326.035774828
0.7277093293329001,1.0334,107326.036049663
0.7150748567016061,1.0336,107326.036329354
0.6881744180527433,1.0338,107326.036619978
0.7397735431304063,1.034,107326.036890331
0.6895743159306219,1.0342,107326.037180365
0.7274975881184981,1.0344,107326.03745528
0.681774794101774,1.0346,107326.037748632
0.7612377777978796,1.0348,107326.038011362
0.7318688857982694,1.035,107326.038284635
0.683636813744631,1.0352,107326.038577188
0.6977125396972341,1.0354,107326.038863839
0.6753015257144234,1.0356,107326.039160003
0.7144643349257189,1.0358,107326.039439933
0.5199748374450899,1.036,107326.039824567
0.5668419961353688,1.0362,107326.040177399
0.5441540095535107,1.0364,107326.040544942
0.7249476485702212,1.0366,107326.040820824
0.6159436942866076,1.0368,107326.041145529
0.7134957919416353,1.037,107326.041425839
0.7331915776429325,1.0372,107326.041698619
0.6844228547987523,1.0374,107326.041990836
0.6803878273412884,1.0376,107326.042284786
0.6954344837537842,1.0378,107326.042572376
0.5929949413918361,1.038,107326.042909647
0.8128099051906851,1.0382,107326.043155707
0.822774365953266,1.0384,107326.043398787
0.7304815324368366,1.0386,107326.043672579
0.7139440742943053,1.0388,107326.043952713
0.7005425549302886,1.039,107326.044238206
0.7142449002062505,1.0392,107326.044518222
0.6759588442596347,1.0394,107326.044814098
0.68325844712022,1.0396,107326.045106813
0.7156428964324736,1.0398,107326.045386282
0.6606525236983252,1.04,107326.045689013
0.7704160315916974,1.0402,107326.045948613
0.7118020120470967,1.0404,107326.04622959
0.4018945374150606,1.0406,107326.046727233
0.7525416871352274,1.0408,107326.046992999
0.5134590448549897,1.041,107326.047382514
1.1232737194854647,1.0412,107326.047560565
0.6978050678689008,1.0414,107326.047847178
0.7280961125547731,1.0416,107326.048121867
0.7211313152240661,1.0418,107326.048399209
0.7659225696317462,1.042,107326.048660332
0.7118983152007912,1.0422,107326.048941271
0.6846923196355045,1.0424,107326.049233373
0.7225642513345374,1.0426,107326.049510165
0.7134957919416353,1.0428,107326.049790475
0.6784927919810114,1.043,107326.050085246
0.7383561279887823,1.0432,107326.050356118
0.7082378598281142,1.0434,107326.050638509
0.7125425419857633,1.0436,107326.050919194
0.6248008430874419,1.0438,107326.051239296
0.8272290527173235,1.044,107326.051481067
0.7365940021582672,1.0442,107326.051752587
0.6699785953857352,1.0444,107326.052051104
0.6635391648331649,1.0446,107326.052352518
0.7823899968991348,1.0448,107326.052608145
0.7218183736525929,1.045,107326.052885223
0.6944999343695842,1.0452,107326.0531732
0.5143979891022603,1.0454,107326.053562004
0.6887384368183653,1.0456,107326.05385239
0.6879045817025541,1.0458,107326.054143128
0.4827419780046021,1.046,107326.054557428
1.4311167113718923,1.0462,107326.054697179
0.5070338327098223,1.0464,107326.05509163
0.7059105744195088,1.0466,107326.055374952
0.6505355598062752,1.0468,107326.055682391
0.7328154610736002,1.047,107326.055955311
0.7037347507674236,1.0472,107326.056239509
0.7348780262265199,1.0474,107326.056511663
0.6610433948760804,1.0476,107326.056814215
0.7453703249239811,1.0478,107326.057082538
0.43428318168691504,1.048,107326.057543067
2.026075505380033,1.0482,107326.05764178
0.6456194871466059,1.0484,107326.05795156
0.7551244405654184,1.0486,107326.058216417
0.5456683649532171,1.0488,107326.05858294
0.8487883181035369,1.049,107326.05881857
0.9158767312226839,1.0492,107326.05903694
0.641488248535578,1.0493999999999999,107326.059348715
0.8284489602605334,1.0496,107326.05959013
0.7106537680370221,1.0498,107326.059871561
0.5681059543528716,1.05,107326.060223608
0.5686810412486188,1.0502,107326.060575299
0.7207440704634684,1.0504,107326.06085279
0.45093286617587597,1.0506,107326.061296315
1.444857093483248,1.0508,107326.061434737
0.4897567349795977,1.051,107326.061843103
1.3822273164953036,1.0512,107326.061987797
0.7127126601743019,1.0514000000000001,107326.062268415
0.7627881399304254,1.0516,107326.062530611
0.6819770631463511,1.0518,107326.062823876
0.6272797643045196,1.052,107326.063142713
0.7399405010517737,1.0522,107326.063413005
0.7684652723179237,1.0524,107326.063673264
0.6603384080994739,1.0526,107326.063976139
0.7575212610619525,1.0528,107326.064240158
0.47409317854951033,1.053,107326.064662016
1.299274942265156,1.0532,107326.064815948
0.6939721689591968,1.0534,107326.065104144
0.7120250385228344,1.0536,107326.065385033
0.7077491473215212,1.0538,107326.065667619
0.7273097550951223,1.054,107326.065942605
0.6937964136852428,1.0542,107326.066230874
0.7314245590117863,1.0544,107326.066504313
0.7340796647648044,1.0546,107326.066776763
0.47382135513658413,1.0548,107326.067198863
0.35158097907858493,1.055,107326.067767722
1.8350642467238214,1.0552,107326.06787671
0.5873473606260975,1.0554,107326.068217224
0.7623927258401095,1.0556,107326.068479556
0.7336676222923106,1.0558,107326.068752159
0.6897455498651581,1.056,107326.069042121
0.6851191987473193,1.0562,107326.069334041
0.5042482929281679,1.0564,107326.069730671
0.5626575515448632,1.0566,107326.070086127
0.6601030490566101,1.0568,107326.07038911
0.44372659786694785,1.057,107326.070839838
1.1257584611458011,1.0572,107326.071017496
0.7856230878914225,1.0574,107326.071272071
0.7527003191121916,1.0576,107326.071537781
0.6002346867015947,1.0578,107326.071870984
0.8339205435377302,1.058,107326.072110815
0.7448428882325843,1.0582,107326.072379328
0.6479495637951128,1.0584,107326.072687994
0.7481501920333093,1.0586,107326.07295532
0.6744703116312362,1.0588,107326.073251849
0.7227548479449519,1.059,107326.073528568
0.6963909581578782,1.0592,107326.073815763
0.5002751405805502,1.0594,107326.074215543
0.8531659094563177,1.0596,107326.074449964
0.505051781695382,1.0598,107326.074845963
0.7186876606495893,1.06,107326.075124248
0.7930748611588218,1.0602,107326.075376431
0.8745310334382443,1.0604,107326.075605125
0.6963715869513485,1.0606,107326.075892328
1.0462439182192835,1.0608,107326.076083488
0.4784563117288619,1.061,107326.076501499
1.4044944519490408,1.0612,107326.076643899
0.7750856425513125,1.0614,107326.076901935
0.5517880714271388,1.0616,107326.077264393
0.7733921882966868,1.0618,107326.077522994
0.7532502990881615,1.062,107326.07778851
0.5487480271610976,1.0622,107326.078152976
1.0345219648056987,1.0624,107326.078346302
0.5281811153598569,1.0626,107326.07872496
1.2840183941144803,1.0628,107326.078880721
0.4689914684533096,1.063,107326.079307168
0.6215426470953327,1.0632,107326.079628948
0.7049203418150343,1.0634,107326.079912668
0.8218514250185669,1.0636,107326.080156021
0.6806031260838027,1.0638,107326.080449878
1.0793017457586187,1.064,107326.080635183
0.6071995643539018,1.0642,107326.080964564
0.6135929164479328,1.0644,107326.081290513
0.7119261934112908,1.0646,107326.081571441
0.7057113270148387,1.0648,107326.081854843
0.6112095885923553,1.065,107326.082182063
0.8112109060061515,1.0652,107326.082428608
0.7530205480292581,1.0654,107326.082694205
0.6609669382826918,1.0656,107326.082996792
0.5656988595919095,1.0658,107326.083350337
0.6388184217410792,1.066,107326.083663415
1.013720763916288,1.0662,107326.083860708
0.5326430164441796,1.0664,107326.084236194
0.6547759272540733,1.0666,107326.084541642
0.657870958815858,1.0668,107326.084845653
0.6539516579874582,1.067,107326.085151486
0.7247059456974969,1.0672,107326.08542746
0.7354834086168812,1.0674,107326.08569939
0.7116424613123662,1.0676,107326.08598043
0.6976930594798769,1.0678,107326.086267089
0.6927270588335336,1.068,107326.086555803
0.7189951311144732,1.0682,107326.086833969
0.618431103721571,1.0684,107326.087157368
0.8490333953741837,1.0686,107326.08739293
0.4444701224222618,1.0688,107326.087842904
0.6477774755818924,1.069,107326.088151652
0.8001920468082426,1.0692,107326.088401592
0.7047638608861482,1.0694,107326.088685375
0.7366401144329868,1.0695999999999999,107326.088956878
0.49000511889591086,1.0698,107326.089365037
1.0856702012461514,1.07,107326.089549255
0.7612435963272645,1.0702,107326.089811983
0.7261241337888877,1.0704,107326.090087418
0.6428511520331391,1.0706,107326.090398532
0.6097468017418061,1.0708,107326.090726537
0.6197303623564726,1.071,107326.091049258
1.0964130767080558,1.0712,107326.091231671
0.683347181056983,1.0714,107326.091524348
0.7838587822488708,1.0716,107326.091779496
0.6742542769994674,1.0718,107326.09207612
0.4749273935810533,1.072,107326.092497237
1.46223412725518,1.0722,107326.092634014
0.5123672676539338,1.0724,107326.093024359
1.0517680074131297,1.0726,107326.093214515
0.845415712980071,1.0728,107326.093451085
0.719496942334503,1.073,107326.093729057
0.754105160897028,1.0732,107326.093994272
0.6966602201044616,1.0734,107326.094281356
0.5064368095401898,1.0735999999999999,107326.094676272
0.735415797338204,1.0738,107326.094948227
0.5196316843143342,1.074,107326.095333115
1.0659673410992319,1.0742,107326.095520738
0.7075313406852402,1.0744,107326.095803411
0.709358203340465,1.0746,107326.096085356
0.7032991576259484,1.0748,107326.09636973
0.5850159913192946,1.075,107326.096711601
0.7446653993170463,1.0752,107326.096980178
0.7995330832717072,1.0754,107326.097230324
0.7494397887949689,1.0756000000000001,107326.09749719
0.591600447095563,1.0758,107326.097835256
0.7168458784854829,1.076,107326.098114256
0.9763479851195652,1.0762,107326.098319101
0.46959380363792713,1.0764,107326.098745001
0.7201860963304701,1.0766,107326.099022707
0.5946982552845853,1.0768,107326.099359012
0.7641812948967428,1.077,107326.09962073
0.7179524235465995,1.0772,107326.0998993
0.6863629983603613,1.0774,107326.100190691
0.7141938666159261,1.0776,107326.100470727
0.7030989355937105,1.0778,107326.100755182
0.5129428302574562,1.078,107326.101145089
0.7268947415290645,1.0782,107326.101420232
0.5097892161771062,1.0784,107326.101812551
0.6706165887917219,1.0786,107326.102110784
0.7444215002091528,1.0788,107326.102379449
0.6701694149493722,1.079,107326.102677881
0.8223718036334514,1.0792,107326.10292108
0.6812778015258918,1.0794,107326.103214646
0.7469041119880895,1.0796000000000001,107326.103482418
0.6545466357169962,1.0798,107326.103787973
0.7170592077749388,1.08,107326.10406689
0.7180245516321253,1.0802,107326.104345432
0.7919223847462099,1.0804,107326.104597982
0.7312320474460892,1.0806,107326.104871493
0.5951229659761265,1.0808,107326.105207558
0.7509677770517104,1.081,107326.105473881
0.7880251910361272,1.0812,107326.10572768
0.7505028334754819,1.0814,107326.105994168
0.6816353832558587,1.0816,107326.10628758
0.6149475334086637,1.0818,107326.106612811
0.8525839462380741,1.082,107326.106847392
0.7046967930872372,1.0822,107326.107131202
0.7640178297680649,1.0824,107326.107392976
0.6972917258735041,1.0826,107326.1076798
0.6577368076176727,1.0828,107326.107983873
0.4031908452920095,1.083,107326.108479916
0.6311915984745147,1.0832,107326.108796777
1.000490228453935,1.0834,107326.108996679
0.7194011707630545,1.0836,107326.109274688
0.4621905120891868,1.0838,107326.10970741
1.5132140626482975,1.084,107326.109839579
0.6464813744869943,1.0842,107326.110148946
0.8705417394624622,1.0844,107326.110378688
0.7428647951022053,1.0846,107326.110647916
0.7275690278535749,1.0848,107326.110922804
0.673731853229579,1.085,107326.111219658
0.705114222919808,1.0852,107326.1115033
0.7365126091339237,1.0854,107326.11177485
0.700643193064889,1.0856,107326.112060302
0.49693760761313,1.0858,107326.112462767
1.1528707276141388,1.086,107326.112636247
0.8038488267951388,1.0862,107326.11288505
0.4676054643842948,1.0864,107326.113312761
0.7168766881963501,1.0866,107326.113591749
0.6006583144281632,1.0868,107326.113924717
0.6693328505112535,1.087,107326.114223522
0.5705515506715608,1.0872,107326.11457406
0.8609038047426293,1.0874,107326.114806374
0.5848141346703294,1.0876,107326.115148363
0.5610523104114836,1.0878,107326.115504836
0.4833977035127561,1.088,107326.115918574
1.211401731090609,1.0882,107326.116083672
0.8725698830820139,1.0884,107326.11631288
0.7125146154843133,1.0886,107326.116593576
0.46114824462699777,1.0888,107326.117027276
1.3454694756230172,1.089,107326.117175923
0.7303241708160944,1.0892,107326.117449774
0.7311865708348761,1.0894,107326.117723302
0.7047042364049723,1.0896,107326.118007109
0.7004248114543233,1.0898,107326.11829265
0.7548736846908862,1.09,107326.118557595
0.5620519365134311,1.0902,107326.118913434
0.8872326894025101,1.0904,107326.119138854
0.7773058087762524,1.0906,107326.119396153
0.7267467991064123,1.0908,107326.119671352
0.7294957066270384,1.091,107326.119945514
0.6537592942693873,1.0912,107326.120251437
0.7505732474302602,1.0914,107326.1205179
0.712380074415802,1.0916,107326.120798649
0.7346486238363407,1.0918,107326.121070888
0.761530501080163,1.092,107326.121333517
0.7229063786085033,1.0922,107326.121610178
0.4840294542899123,1.0924,107326.122023376
0.6089930016316071,1.0926,107326.122351787
0.7356862776869902,1.0928,107326.122623642
0.7432595807991879,1.093,107326.122892727
0.6799459990532177,1.0932,107326.123186868
0.7446626557231822,1.0934,107326.123455446
0.7386533483328732,1.0936,107326.123726209
0.7315957914822463,1.0937999999999999,107326.123999584
0.731237377411528,1.094,107326.124273093
0.7347646426892893,1.0942,107326.124545289
0.7647978916702328,1.0944,107326.124806796
0.6606874262350614,1.0946,107326.125109511
0.46460089915015945,1.0948,107326.125539988
1.9084332936385933,1.095,107326.125644786
0.7987188871779761,1.0952,107326.125895187
0.7062820031818127,1.0954,107326.12617836
0.7292882263148918,1.0956,107326.1264526
0.7103761159649122,1.0958,107326.126734141
0.6903169327835176,1.096,107326.127023863
0.5571356550602943,1.0962,107326.127382842
0.7963748990732271,1.0964,107326.12763398
0.7131217712534755,1.0966,107326.127914437
0.6722079252762858,1.0968,107326.128211964
0.739724290601398,1.097,107326.128482335
0.48545574420125115,1.0972,107326.128894319
0.45643031142767154,1.0974,107326.129332502
1.3770026726918159,1.0976,107326.129477745
0.5970683973556274,1.0977999999999999,107326.129812715
0.9517373491831225,1.098,107326.130022857
0.7757229900103731,1.0982,107326.130280681
0.7227365666785031,1.0984,107326.130557407
0.7982311093660732,1.0986,107326.130807961
0.7244592104430075,1.0988,107326.131084029
0.48980471586739116,1.099,107326.131492355
1.3757712217578602,1.0992,107326.131637728
0.7806249140404949,1.0994,107326.131893933
0.7294025581398865,1.0996,107326.13216813
0.7268735977187157,1.0998,107326.132443281
0.7056889336667626,1.1,107326.132726692
0.745892922803917,1.1002,107326.132994827
0.7159912927626756,1.1004,107326.13327416
0.7365614348951148,1.1006,107326.133545692
0.7133201906754311,1.1008,107326.133826071
0.7838833713195221,1.101,107326.134081211
0.7298603991798825,1.1012,107326.134355236
0.7111768600825707,1.1014,107326.13463646
0.6533300261195426,1.1016,107326.134942584
0.810895209828904,1.1018,107326.135189225
0.6802767271972908,1.102,107326.135483223
0.46206450902678287,1.1022,107326.135916063
0.9196797334941683,1.1024,107326.13613353
0.7796237644110663,1.1026,107326.136390064
0.7676541322715723,1.1028,107326.136650598
0.6903645763120612,1.103,107326.1369403
0.524877902983711,1.1032,107326.137321341
0.8113754564138872,1.1034,107326.137567836
0.9345183085251977,1.1036,107326.13778185
0.5751373859101124,1.1038000000000001,107326.138129593
0.8991835350807892,1.104,107326.138352017
0.6552178433423652,1.1042,107326.138657259
0.8494444821441619,1.1044,107326.138892707
0.7515519248301538,1.1046,107326.139158823
0.7595782864403735,1.1048,107326.139422127
0.758912491058027,1.105,107326.139685662
0.6613756538953314,1.1052,107326.139988062
0.8497620689637181,1.1054,107326.140223422
0.7992135819891851,1.1056,107326.140473668
0.5595094284284527,1.1058,107326.140831124
0.5735539914058784,1.106,107326.141179827
1.2369424669052809,1.1062,107326.141341516
0.924227268247339,1.1064,107326.141557913
0.7693165813445962,1.1066,107326.141817884
0.7185198246743116,1.1068,107326.142096234
0.8286651935719406,1.107,107326.142337586
0.5344621162947123,1.1072,107326.142711794
0.8884427257582856,1.1074,107326.142936907
0.7764125685339286,1.1076,107326.143194502
0.7697162807329512,1.1078000000000001,107326.143454338
0.5219397450153971,1.108,107326.143837524
0.9825981674231972,1.1082,107326.144041066
0.9400218761388969,1.1084,107326.144253827
0.7433369238769646,1.1086,107326.144522884
0.7217428661811365,1.1088,107326.144799991
0.4040020418719231,1.109,107326.145295038
1.3172627473455176,1.1092,107326.145446868
1.6613365867926224,1.1094,107326.145567253
0.3975929747239128,1.1096,107326.14607028
0.5555864042960967,1.1098,107326.14643026
1.2721918213302712,1.11,107326.146587469
2.4468125496943127,1.1102,107326.146669208
0.9525941717758896,1.1104,107326.146879161
0.8084204921566902,1.1106,107326.147126557
0.7865035865156234,1.1108,107326.147380847
0.5739012633105471,1.111,107326.147729339
0.879167270983529,1.1112,107326.147956827
0.8231773718891104,1.1114,107326.148199788
0.860463022484431,1.1116,107326.148432221
0.77232303079299,1.1118,107326.14869118
0.6715014756979618,1.112,107326.14898902
0.7728005070472749,1.1122,107326.149247819
0.5909694056282734,1.1124,107326.149586246
0.7806401222314576,1.1126,107326.149842446
0.7543270043000088,1.1128,107326.150107583
0.7471133312364182,1.113,107326.15037528
0.6177358114387748,1.1132,107326.150699043
0.9655585337223385,1.1134,107326.150906177
0.835865326814853,1.1136,107326.15114545
0.8451370672351187,1.1138,107326.151382098
0.755204314281116,1.114,107326.151646927
0.7372592408188149,1.1142,107326.151918202
0.8402902268133545,1.1144,107326.152156215
0.7715960306515537,1.1146,107326.152415418
0.7448068024615492,1.1148,107326.152683944
0.8258422914749453,1.115,107326.152926121
0.7311624926956868,1.1152,107326.153199658
0.7947672727564141,1.1154,107326.153451304
0.7954088717005956,1.1156,107326.153702747
0.4923319307951163,1.1158,107326.154108977
0.8460523482387428,1.116,107326.154345369
1.213172604440179,1.1162,107326.154510226
0.7365614348951148,1.1164,107326.154781758
0.6549324665894927,1.1166,107326.155087133
0.7751276946987938,1.1168,107326.155345155
0.739705140822949,1.117,107326.155615533
0.8550260847276389,1.1172,107326.155849444
0.6307456782852437,1.1174,107326.156166529
0.5544067095984928,1.1176,107326.156527275
0.7309380471679066,1.1178,107326.156800896
0.5748728839965316,1.1179999999999999,107326.157148799
1.1516624024120192,1.1182,107326.157322461
0.6212453490860648,1.1184,107326.157644395
1.2074596825578456,1.1186,107326.157810032
0.7670064692219282,1.1188,107326.158070786
0.6950139523292088,1.119,107326.15835855
0.884306227541014,1.1192,107326.158584716
0.7248188834053967,1.1194,107326.158860647
0.8198200001335252,1.1196,107326.159104603
0.8237944719756393,1.1198,107326.159347382
0.4753009800395496,1.12,107326.159768168
1.7768616752554338,1.1202,107326.159880726
0.783444264003032,1.1204,107326.160136009
0.560040555459758,1.1206,107326.160493126
0.7584634853780816,1.1208,107326.160756817
0.4850025082131864,1.121,107326.161169186
2.1098158528752196,1.1212,107326.161263981
0.958455768937769,1.1214,107326.16147265
0.9155119606778814,1.1216,107326.161691107
0.745606513647187,1.1218,107326.161959345
0.7286319574874415,1.1219999999999999,107326.162233832
0.6372186634168953,1.1222,107326.162547696
0.9834727763802793,1.1224,107326.162751057
0.49696849610845417,1.1226,107326.163153497
0.6070299920414373,1.1228,107326.16348297
0.7871072042103733,1.123,107326.163737065
0.6161581416700419,1.1232,107326.164061657
0.9754384341140392,1.1234,107326.164266693
0.8405727795580786,1.1236,107326.164504626
0.7697843964006753,1.1238,107326.164764439
0.7551872178102979,1.124,107326.165029274
0.6123398625815163,1.1242,107326.16535589
0.9808104198483234,1.1244,107326.165559803
0.8123906204815665,1.1246,107326.16580599
0.5160424703182639,1.1248,107326.166193555
1.5199877978907892,1.125,107326.166325135
0.6610695944678715,1.1252,107326.166627675
0.7391310684041589,1.1254,107326.166898263
0.9469966113605929,1.1256,107326.167109457
0.7667712029249155,1.1258,107326.167370291
0.7546685918914836,1.126,107326.167635308
0.6867518467571212,1.1262,107326.167926534
0.6673830023965315,1.1264,107326.168226212
0.7835885382654834,1.1266,107326.168481448
0.8758254559866947,1.1268,107326.168709804
0.7833061588997705,1.127,107326.168965132
0.5924521583781208,1.1272,107326.169302712
0.858586542840258,1.1274,107326.169535653
0.6654621703469507,1.1276,107326.169836196
0.5576856125348459,1.1278,107326.170194821
0.7524256301866519,1.1280000000000001,107326.170460628
0.61946737692008,1.1282,107326.170783486
0.8121266936269779,1.1284,107326.171029753
0.9310726837831488,1.1286,107326.171244559
0.7955765599039145,1.1288,107326.171495949
0.7816347281861304,1.129,107326.171751823
0.6377530572588876,1.1292,107326.172065424
0.933789660863988,1.1294,107326.172279605
0.8081591857098261,1.1296,107326.172527081
0.7669946981979833,1.1298,107326.172787839
0.7825736281724601,1.13,107326.173043406
0.6238244920704488,1.1302,107326.173364009
0.9745875874149099,1.1304,107326.173569224
0.764391591450411,1.1306,107326.17383087
0.798852869420011,1.1308,107326.174081229
0.7465499692121017,1.131,107326.174349128
0.7872156300607362,1.1312,107326.174603188
0.7389289968020801,1.1314,107326.17487385
0.806045347855934,1.1316,107326.175121975
0.804686476515405,1.1318,107326.175370519
0.5501866540536061,1.1320000000000001,107326.175734032
1.3095519168967962,1.1322,107326.175886756
0.7108861501884884,1.1324,107326.176168095
0.8100380024819087,1.1326,107326.176414997
0.5212201767443805,1.1328,107326.176798712
0.5777141030358462,1.133,107326.177144904
0.6098155740735222,1.1332,107326.177472872
0.8234553397715892,1.1334,107326.177715751
0.92889319459565,1.1336,107326.177931061
0.7595955823078145,1.1338,107326.178194359
0.6627607981524769,1.134,107326.178496127
0.6184789149110599,1.1342,107326.178819501
0.605436821199828,1.1344,107326.179149841
0.9603841556928795,1.1346,107326.179358091
0.4252478129211742,1.1348,107326.179828405
0.9032893579228186,1.135,107326.180049818
2.1552418451291517,1.1352,107326.180142615
0.8190444143205909,1.1354,107326.180386802
0.5128941713409648,1.1356,107326.180776746
1.0851106469317628,1.1358,107326.180961059
0.9108795493931077,1.1360000000000001,107326.181180627
1.4009231594521891,1.1362,107326.18132339
0.9105104838156248,1.1364,107326.181543047
0.7362875496490814,1.1366,107326.18181468
0.7900142534278848,1.1368,107326.18206784
0.7554296284349794,1.137,107326.18233259
0.7500215609483374,1.1372,107326.182599249
0.6852811881700782,1.1374,107326.1828911
0.49797696575217365,1.1376,107326.183292725
0.676759407992444,1.1378,107326.183588251
0.9456309883101456,1.138,107326.18379975
0.5862489429373542,1.1381999999999999,107326.184140902
1.306625828646444,1.1384,107326.184293968
0.8174175586243733,1.1386,107326.184538641
0.8030580563976405,1.1388,107326.184787689
0.7219799414331592,1.139,107326.185064705
0.6138773127190276,1.1392,107326.185390503
1.0396577807826213,1.1394,107326.185582874
0.7694112446076555,1.1396,107326.185842813
0.7678398332906962,1.1398,107326.186103284
0.749920314751425,1.1400000000000001,107326.186369979
0.8017735376898261,1.1402,107326.186619426
0.7290834939681985,1.1404,107326.186893743
0.7880686138217351,1.1406,107326.187147528
0.7589873840137886,1.1408,107326.187411037
0.7725198992388107,1.141,107326.18766993
0.5424405474554429,1.1412,107326.188038634
1.2449037359079733,1.1414,107326.188199289
0.7952412541715759,1.1416,107326.188450785
0.7743534345911726,1.1418,107326.188709065
0.7457621945282368,1.142,107326.188977247
0.7590190304153063,1.1421999999999999,107326.189240745
0.7981769640572407,1.1424,107326.189491316
0.7752028491402531,1.1426,107326.189749313
0.7552869858070739,1.1428,107326.190014113
0.7898863062647982,1.143,107326.190267314
0.48098427781863734,1.1432,107326.190683128
0.5763057833337291,1.1434,107326.191030166
0.7957316952930286,1.1436,107326.191281507
0.3676876143333794,1.1438,107326.191825447
0.8870438366021371,1.144,107326.192050915
0.781323239149194,1.1442,107326.192306891
1.0760497826508895,1.1444,107326.192492756
0.7163221076123972,1.1446,107326.19277196
1.1559825789809821,1.1448,107326.192944973
0.6116338842767101,1.145,107326.193271966
0.8416445351904576,1.1452,107326.193509596
1.1271479427546927,1.1454,107326.193687035
1.4885936990111333,1.1456,107326.19382139
0.9000332896453136,1.1458,107326.194043604
0.7253341038764287,1.146,107326.194319339
0.7114753948823846,1.1461999999999999,107326.194600445
0.6812662184115157,1.1464,107326.194894016
0.4998325398115608,1.1466,107326.19529415
1.6186993405844587,1.1468,107326.195417706
0.870212180239289,1.147,107326.195647535
0.6564372051800514,1.1472,107326.19595221
0.8567878730177894,1.1474,107326.19618564
0.7992295695791793,1.1476,107326.196435881
0.6579098826628361,1.1478,107326.196739874
0.5155077473857207,1.148,107326.197127841
1.0520280472946044,1.1482,107326.19731795
0.6515613032026201,1.1484,107326.197624905
0.8020339597908841,1.1486,107326.197874271
0.6718240380118474,1.1488,107326.198171968
0.8515820343075723,1.149,107326.198406825
0.5548866061852276,1.1492,107326.198767259
0.9553243016500105,1.1494,107326.198976612
0.8205969582153604,1.1496,107326.199220337
0.718349513944757,1.1498,107326.199498753
0.5140251832069599,1.15,107326.199887839
1.5954816492324166,1.1502,107326.200013193
0.8395882655170304,1.1504,107326.200251405
0.8374227574412766,1.1506,107326.200490233
0.5944985088415018,1.1508,107326.200826651
1.1042768030363412,1.151,107326.201007765
0.76478618833696,1.1512,107326.201269276
0.7727020104740874,1.1514,107326.201528108
0.7291127344083453,1.1516,107326.201802414
0.7355510323293563,1.1518,107326.202074319
0.8088945737732586,1.152,107326.20232157
0.7869616314469688,1.1522000000000001,107326.202575712
0.7781555922856296,1.1524,107326.20283273
0.7574294590057741,1.1526,107326.203096781
0.7757771093208594,1.1528,107326.203354587
0.7459151876033036,1.153,107326.203622714
0.774995564898393,1.1532,107326.20388078
0.5414199819057233,1.1534,107326.204250179
0.6197399474542056,1.1536,107326.204572895
0.7729498421918698,1.1538,107326.204831644
0.8002753091001606,1.154,107326.205081558
0.8097329980079077,1.1542,107326.205328553
0.7584980182937023,1.1544,107326.205592232
0.7699296351107665,1.1546,107326.205851996
0.7553098149695855,1.1548,107326.206116788
0.5001700550085162,1.155,107326.206516652
1.8196209359678257,1.1552,107326.206626565
0.7355537485589313,1.1554,107326.206898469
0.718040044369951,1.1556,107326.207177005
0.5683319717162746,1.1558,107326.207528912
0.881371763709157,1.156,107326.207755831
0.6289051063655183,1.1562000000000001,107326.208073844
0.9538844538413634,1.1564,107326.208283513
0.8072067565786464,1.1566,107326.208531281
0.5774638943538267,1.1568,107326.208877623
1.1835930354525575,1.157,107326.2090466
0.5343450254932994,1.1572,107326.20942089
0.9918912666425587,1.1574,107326.209622525
0.8579603676721821,1.1576,107326.209855636
0.5334613645388284,1.1578,107326.210230546
0.7062620778054777,1.158,107326.210513727
2.3444184619580897,1.1582,107326.210599036
0.790873316149685,1.1584,107326.210851921
0.5950804753405367,1.1586,107326.21118801
0.576174594439147,1.1588,107326.211535127
1.121340265331368,1.159,107326.211713485
0.7892628735818248,1.1592,107326.211966886
0.7815217013919816,1.1594,107326.212222797
0.8094937272710104,1.1596,107326.212469865
0.660070363882815,1.1598,107326.212772863
1.0287537012996038,1.16,107326.212967273
0.7249922759151367,1.1602000000000001,107326.213243138
0.7707010335849376,1.1604,107326.213502642
0.7446515605130163,1.1606,107326.213771224
0.7485113582288861,1.1608,107326.214038421
0.4826697567692714,1.161,107326.214452783
1.8470971629960733,1.1612,107326.214561061
0.7644091072162286,1.1614,107326.214822701
0.7700304460836749,1.1616,107326.215082431
0.7815338780910734,1.1618,107326.215338338
0.7241391902223651,1.162,107326.215614528
0.8604112017576014,1.1622,107326.215846975
0.7211599212740956,1.1623999999999999,107326.216124306
0.7845998582876358,1.1626,107326.216379213
0.6686682112642983,1.1628,107326.216678315
0.8535300135829609,1.163,107326.216912636
0.807826201969402,1.1632,107326.217160214
0.773227760865707,1.1634,107326.21741887
0.7915932973699242,1.1636,107326.217671525
0.49681170350375964,1.1638,107326.218074092
0.547430765938844,1.164,107326.218439435
1.4766686243147358,1.1642000000000001,107326.218574875
0.7592524569659836,1.1644,107326.218838292
0.773496911796733,1.1646,107326.219096858
0.6064961754219916,1.1648,107326.219426621
0.9838065347469088,1.165,107326.219629913
0.9795231036863807,1.1652,107326.219834094
0.4849942760146762,1.1654,107326.22024647
1.5229043890649763,1.1656,107326.220377798
0.6195901967136533,1.1658,107326.220700592
1.031353207184595,1.166,107326.220894512
0.722577281353699,1.1662,107326.221171299
0.48932895333108795,1.1663999999999999,107326.221580022
0.7314700263033039,1.1666,107326.221853444
0.7126948833831406,1.1668,107326.222134069
0.7572803020327536,1.167,107326.222398172
0.8006789596755971,1.1672,107326.22264796
0.7301162190464403,1.1674,107326.222921889
0.73300884647713,1.1676,107326.223194737
0.721690793425805,1.1678,107326.223471864
0.8369671516025228,1.168,107326.223710822
0.7671594397750129,1.1682,107326.223971524
0.764777421711895,1.1684,107326.224233038
0.7853978516827086,1.1686,107326.224487686
0.45155698148413315,1.1688,107326.224930598
0.6422442526761816,1.169,107326.225242006
0.7099675809927093,1.1692,107326.225523709
0.8513282591783125,1.1694,107326.225758636
0.7526975159915752,1.1696,107326.226024347
0.5712457594612462,1.1698,107326.226374459
1.2321719964546534,1.17,107326.226536774
0.8111484269035434,1.1702,107326.226783338
0.7199242893691551,1.1703999999999999,107326.227061145
0.7681612267340779,1.1706,107326.227321507
0.8112964772971016,1.1708,107326.227568026
0.47933699164915244,1.171,107326.227985269
2.2008011507533825,1.1712,107326.228076145
0.7646633462309214,1.1714,107326.228337698
0.7627212567326028,1.1716,107326.228599917
0.7298764068946701,1.1718,107326.228873936
0.4950323445517082,1.172,107326.22927795
1.3125340070752163,1.1722,107326.229430327
0.748455392133586,1.1724,107326.229697544
0.5767278772126965,1.1726,107326.230044328
0.6407298999974727,1.1728,107326.230356472
0.8439922875317972,1.173,107326.230593441
0.9357819733410739,1.1732,107326.230807166
0.8719763698694142,1.1734,107326.23103653
0.8138617237690876,1.1736,107326.231282272
0.6023733421819346,1.1738,107326.231614292
0.56854523320578,1.174,107326.231966067
0.7479040052239667,1.1742,107326.232233481
0.7238142302307384,1.1743999999999999,107326.232509795
0.7825613744951231,1.1746,107326.232765366
0.6381376781008502,1.1748,107326.233078778
0.888691358205963,1.175,107326.233303828
0.758095538923405,1.1752,107326.233567647
0.7209259556196242,1.1754,107326.233845068
0.693173632551452,1.1756,107326.234133596
0.7466670600243335,1.1758,107326.234401453
0.7468705860896624,1.176,107326.234669237
0.7855089496748913,1.1762,107326.234923849
0.48979391105745773,1.1764000000000001,107326.235332184
0.7384706227442993,1.1766,107326.235603014
0.6858052231071258,1.1768,107326.235894642
0.695127492794951,1.177,107326.236182359
0.7636793973020356,1.1772,107326.236444249
0.7526720003171108,1.1774,107326.236709969
0.7218548821768548,1.1776,107326.236987033
0.7769162840438917,1.1778,107326.237244461
0.7684150467590315,1.178,107326.237504737
0.764374076487292,1.1782,107326.237766389
0.6851074504905149,1.1784,107326.238058314
0.6939336261980592,1.1786,107326.238346526
0.6887194890006484,1.1788,107326.23863692
0.7679547727516848,1.179,107326.238897352
0.7242335942609787,1.1792,107326.239173506
0.7447014310361066,1.1794,107326.23944207
0.7600574464462612,1.1796,107326.239705208
0.7380400830773158,1.1798,107326.239976196
0.7425117437683151,1.18,107326.240245552
0.8021465841362099,1.1802,107326.240494883
0.7353914398593406,1.1804000000000001,107326.240766847
0.7415591749572571,1.1806,107326.241036549
0.5409367489697263,1.1808,107326.241406278
1.242073999869184,1.181,107326.241567299
0.8188499543265138,1.1812,107326.241811544
0.7275002066858692,1.1814,107326.242086458
0.7557836446821157,1.1816,107326.242351084
0.7816958109281887,1.1818,107326.242606938
0.7438566733148363,1.182,107326.242875807
0.4489972850288578,1.1822,107326.243321244
2.4663645443756064,1.1824,107326.243402335
0.7456176373339922,1.1826,107326.243670569
0.7602828483496048,1.1828,107326.243933629
0.7246219245353288,1.183,107326.244209635
0.7815491661629446,1.1832,107326.244465537
0.759826465193833,1.1834,107326.244728755
0.7941991669049929,1.1836,107326.244980581
0.40331443850269216,1.1838,107326.245476472
0.5941682507252823,1.184,107326.245813077
1.1810697878173138,1.1842,107326.245982415
0.6795440190901578,1.1844000000000001,107326.24627673
0.836361669247871,1.1846,107326.246515861
0.7527428219120639,1.1848,107326.246781556
0.4685113377674926,1.185,107326.24720844
2.3154312855826724,1.1852,107326.247294817
0.72580793072656,1.1854,107326.247570372
0.7337618242020819,1.1856,107326.24784294
0.619705408959243,1.1858,107326.248165674
1.3673157268072116,1.186,107326.248311946
0.8162465750491694,1.1862,107326.24855697
0.4880143642638991,1.1864,107326.248966794
0.735440117076199,1.1865999999999999,107326.24923874
0.7187315957481424,1.1868,107326.249517008
0.7487972296905857,1.187,107326.249784103
0.7890884579374289,1.1872,107326.25003756
0.8053929477417936,1.1874,107326.250285886
0.7978808246541065,1.1876,107326.25053655
0.7492460516383224,1.1878,107326.250803485
0.7799734252676022,1.188,107326.251059904
0.6999345561909788,1.1882,107326.251345645
0.8125324956184304,1.1884000000000001,107326.251591789
0.7706683623592302,1.1886,107326.251851304
0.5077894905100016,1.1888,107326.252245168
0.6090783116613498,1.189,107326.252573533
0.7738979610921012,1.1892,107326.252831965
0.7693905700233593,1.1894,107326.253091911
0.7772453662074784,1.1896,107326.25334923
0.7398337539984775,1.1898,107326.253619561
0.7838741614138591,1.19,107326.253874704
0.8057952590922637,1.1902,107326.254122906
0.8112668820498153,1.1904,107326.254369434
0.7828524027297336,1.1905999999999999,107326.25462491
0.7737063567922323,1.1908,107326.254883406
0.6795186192534586,1.191,107326.255177732
0.8951349816515787,1.1912,107326.255401162
0.7582938384072843,1.1914,107326.255664912
0.8192523959290575,1.1916,107326.255909037
0.7919694326051576,1.1918,107326.256161572
0.7161810494465962,1.192,107326.256440831
0.7758192803283487,1.1922,107326.256698623
0.7891662987823633,1.1924,107326.256952055
0.7750075827836791,1.1926,107326.257210117
0.7317617274946541,1.1928,107326.25748343
0.8490405809892588,1.193,107326.25771899
0.7505113168782667,1.1932,107326.257985475
0.7948777734368544,1.1934,107326.258237086
0.7865036315238186,1.1936,107326.258491376
0.6015073663198777,1.1938,107326.258823874
0.5078268840736453,1.194,107326.259217709
0.595661801041137,1.1942,107326.25955347
1.1934241815767808,1.1944,107326.259721055
0.596182061055706,1.1945999999999999,107326.260056523
0.46098775385339746,1.1948,107326.260490374
0.8443735014359488,1.195,107326.260727236
0.9620009763711251,1.1952,107326.260935136
1.7043614011780925,1.1954,107326.261052482
0.7876931040392955,1.1956,107326.261306388
0.7900797413594998,1.1958,107326.261559527
0.5763821806635762,1.196,107326.261906519
1.0230021939335214,1.1962,107326.262102022
0.638732741023108,1.1964,107326.262415142
0.5403214979542301,1.1966,107326.262785292
0.6555872350125214,1.1968,107326.263090362
0.806640286354698,1.197,107326.263338304
0.5869560556525395,1.1972,107326.263679045
0.8993776517870677,1.1974,107326.263901421
0.7765181116543965,1.1976,107326.264158981
0.7653919975272976,1.1978,107326.264420285
0.7220399078865959,1.198,107326.264697278
0.7862717276695605,1.1982,107326.264951643
0.5991001462627351,1.1984,107326.265285477
0.8837161929493318,1.1985999999999999,107326.265511794
0.6196094144025999,1.1988,107326.265834578
0.5005794129612188,1.199,107326.266234115
0.7729438868046151,1.1992,107326.266492866
0.7936696823263526,1.1994,107326.26674486
0.712458769047997,1.1996,107326.267025578
0.7765421984571127,1.1998,107326.26728313
0.7442857651934086,1.2,107326.267551844
0.8065231310118008,1.2002,107326.267799822
0.7153152773071884,1.2004,107326.268079419
0.7643185185551215,1.2006000000000001,107326.26834109
0.6358249441427645,1.2008,107326.268655642
0.8713533891871782,1.201,107326.26888517
0.7996577077750423,1.2012,107326.269135277
0.7534517715762039,1.2014,107326.269400722
0.7555067011161337,1.2016,107326.269665445
0.4813014283526551,1.2018,107326.270080985
0.5929703548460373,1.202,107326.27041827
1.0624847154332482,1.2022,107326.270606508
1.8291734555415882,1.2024,107326.270715847
0.818367448543712,1.2026,107326.270960236
0.7606818862803881,1.2028,107326.271223158
0.7395656281888622,1.203,107326.271493587
0.8002048588477421,1.2032,107326.271743523
0.7385333599788328,1.2034,107326.27201433
0.7513119549925774,1.2036,107326.272280531
0.7462770351529071,1.2038,107326.272548528
0.5938312777514642,1.204,107326.272885324
0.7278020458255324,1.2042,107326.273160124
0.7666242454571972,1.2044,107326.273421008
0.7565469329485769,1.2046000000000001,107326.273685367
0.7402335764513494,1.2048,107326.273955552
0.6481469287839124,1.205,107326.274264124
0.7997824642168808,1.2052,107326.274514192
0.7427875502366862,1.2054,107326.274783448
0.6553058482248074,1.2056,107326.275088649
0.4656414801358721,1.2058,107326.275518164
2.296369480910028,1.206,107326.275605258
0.7929585018415762,1.2062,107326.275857478
0.4929678146380449,1.2064,107326.276263184
0.4451775091525742,1.2066,107326.276712443
1.097899735301719,1.2068,107326.276894609
0.5766231062239598,1.207,107326.277241456
1.0065019869630114,1.2072,107326.277440164
0.7004616154253223,1.2074,107326.27772569
0.9208908498973662,1.2076,107326.277942871
0.7122507147409755,1.2078,107326.278223671
0.8182670305473295,1.208,107326.27846809
0.7771758798597321,1.2082,107326.278725432
0.5874819294584801,1.2084,107326.279065868
0.6071498065297702,1.2086000000000001,107326.279395276
0.7256025042345694,1.2088,107326.279670909
0.5377066888302238,1.209,107326.280042859
0.773114194921128,1.2092,107326.280301553
0.720759680782341,1.2094,107326.280579038
0.7192485086992099,1.2096,107326.280857106
0.7695001148995194,1.2098,107326.281117015
0.8027711320974796,1.21,107326.281366152
0.49243013136413594,1.2102,107326.281772301
1.7828330121336418,1.2104,107326.281884482
0.7503592184957141,1.2106,107326.282151021
0.7739638551621534,1.2107999999999999,107326.282409431
0.735269794669304,1.211,107326.28268144
0.7855521404886159,1.2112,107326.282936038
0.7664773443096926,1.2114,107326.283196972
0.7807254409705658,1.2116,107326.283453144
0.6702884504332931,1.2118,107326.283751523
0.8838841904300342,1.212,107326.283977797
0.761179808178264,1.2122,107326.284240547
0.7817996823970629,1.2124,107326.284496367
0.7886715595900153,1.2126000000000001,107326.284749958
0.7565698383407834,1.2128,107326.285014309
0.7965239755425455,1.213,107326.2852654
0.7319733466364086,1.2132,107326.285538634
0.7837574021528109,1.2134,107326.285793815
0.7511454917809763,1.2136,107326.286060075
0.5232602187551416,1.2138,107326.286442294
0.5915934697121545,1.214,107326.286780364
0.825668349327084,1.2142,107326.287022592
0.634652666422628,1.2144,107326.287337725
0.790610721358881,1.2146,107326.287590694
0.7181792839335626,1.2147999999999999,107326.287869176
0.9083972091698151,1.215,107326.288089344
0.6795094139616065,1.2152,107326.288383674
1.0558658501773404,1.2154,107326.288573092
0.7779497645302066,1.2156,107326.288830178
0.7076139223686674,1.2158,107326.289112818
0.6921109700020428,1.216,107326.289401789
0.8574491397087187,1.2162,107326.289635039
0.5299009754353898,1.2164,107326.290012468
0.7518683801926298,1.2166,107326.290278472
0.6812267779881057,1.2168,107326.29057206
0.7574007415132329,1.217,107326.290836121
0.6850840234835714,1.2172,107326.291128056
0.7738051095960213,1.2174,107326.291386519
0.7575470648271806,1.2176,107326.291650529
0.7351265630356297,1.2178,107326.291922591
0.5037326620560149,1.218,107326.292319627
1.5293442204834524,1.2182,107326.292450402
0.7409383209542655,1.2184,107326.29272033
0.7695385900840684,1.2186,107326.292980226
0.47263223416954475,1.2187999999999999,107326.293403388
0.7366591058417793,1.219,107326.293674884
0.7837328209834021,1.2192,107326.293930073
0.7520663155938387,1.2194,107326.294196007
0.796669921452784,1.2196,107326.294447052
0.7635628069190565,1.2198,107326.294708982
0.7652485081715559,1.22,107326.294970335
0.7671417977409716,1.2202,107326.295231043
0.5672873764264993,1.2204,107326.295583598
1.277073945894775,1.2206,107326.295740206
0.5421729183911805,1.2208,107326.296109092
0.8642183613718166,1.221,107326.296340515
0.8088029876034278,1.2212,107326.296587794
0.7550645774775271,1.2214,107326.296852672
0.5608383612768558,1.2216,107326.297209281
0.9134255131310893,1.2218,107326.297428237
0.564852072984609,1.222,107326.297782312
1.057278022788768,1.2222,107326.297971477
0.8639196912644374,1.2224,107326.29820298
0.6295504811901346,1.2226,107326.298520667
0.5996803548123487,1.2227999999999999,107326.298854178
0.8662208814024506,1.223,107326.299085066
1.1047221159189375,1.2232,107326.299266107
0.8839036881842958,1.2234,107326.299492376
0.6980729781937126,1.2236,107326.299778879
0.4969635544098597,1.2238,107326.300181323
0.6337617443114556,1.224,107326.300496899
0.7815827664691211,1.2242,107326.30075279
0.7078443568604353,1.2244,107326.301035338
0.7665184675357931,1.2246,107326.301296258
0.7134244967364757,1.2248,107326.301576596
0.806529662413858,1.225,107326.301824572
0.7454953354764582,1.2252,107326.30209285
0.6954296629421709,1.2254,107326.302380442
0.7561350809076466,1.2256,107326.302644945
0.7148754972320203,1.2258,107326.302924714
0.4447725829529023,1.226,107326.303374382
0.8149926189473995,1.2262,107326.303619783
0.6623240042570682,1.2264,107326.30392175
0.7604129115155401,1.2266,107326.304184765
0.5261634850785916,1.2268,107326.304564875
0.6455715421787146,1.227,107326.304874678
0.787783042026888,1.2272,107326.305128555
0.8842124130110484,1.2274,107326.305354745
0.7972796769924464,1.2276,107326.305605598
0.769876285428344,1.2278,107326.30586538
0.7065265344372357,1.228,107326.306148455
0.8122421225210432,1.2282,107326.306394687
0.7812408094338551,1.2284,107326.30665069
0.47970834136222035,1.2286,107326.30706761
0.5120472036012924,1.2288000000000001,107326.307458199
0.6853938949010717,1.229,107326.307750002
0.9224368806280462,1.2292,107326.307966819
0.7050868756445619,1.2294,107326.308250472
0.5980986439976308,1.2296,107326.308584865
0.42344980028781143,1.2298,107326.309057176
1.122958277925669,1.23,107326.309235277
1.1550945948656803,1.2302,107326.309408423
1.3438691903124995,1.2304,107326.309557247
0.7705704085028969,1.2306,107326.309816795
0.5913065973521828,1.2308,107326.310155029
1.129114201948981,1.231,107326.310332159
0.5839296670053895,1.2312,107326.310674666
0.9944855952395794,1.2314,107326.310875775
0.5846380564413336,1.2316,107326.311217867
1.2097676229600298,1.2318,107326.311383188
0.6728501735818078,1.232,107326.311680431
0.8097428255820166,1.2322,107326.311927423
0.7515095974968637,1.2324,107326.312193554
0.7393906451091813,1.2326,107326.312464047
0.6823423579165991,1.2328000000000001,107326.312757155
0.8721589160778292,1.233,107326.312986471
0.49635921668684296,1.2332,107326.313389405
1.6673614480142958,1.2334,107326.313509355
0.6316321117151041,1.2336,107326.313825995
0.29444673697118406,1.2338,107326.314505235
0.3134938756392553,1.234,107326.315143206
0.5820874170834,1.2342,107326.315486797
0.4322744713183354,1.2344,107326.315949466
0.40219841699299164,1.2346,107326.316446733
0.40616394375657777,1.2348,107326.316939145
0.3254657440362101,1.2349999999999999,107326.317553649
0.618010694904617,1.2352,107326.317877268
0.4598620840623345,1.2354,107326.318312181
0.4094199278325895,1.2356,107326.318800677
0.6563725620425075,1.2358,107326.319105382
0.8824801159354551,1.236,107326.319332016
0.5413980145226273,1.2362,107326.31970143
0.7168766881963501,1.2364,107326.319980418
0.5751803979839442,1.2366,107326.320328135
0.6966626213840834,1.2368000000000001,107326.320615218
0.6729226169916255,1.237,107326.320912429
0.4636272744043812,1.2372,107326.32134381
0.6961631236079601,1.2374,107326.321631099
0.7009255483901125,1.2376,107326.321916436
0.6274903758295335,1.2378,107326.322235166
0.5286991032241884,1.238,107326.322613453
0.7754853660271113,1.2382,107326.322871356
0.7444907372761608,1.2384,107326.323139996
0.7187109241597054,1.2386,107326.323418272
0.6965291989401408,1.2388,107326.32370541
0.6380195982320672,1.2389999999999999,107326.32401888
0.548633616743518,1.2392,107326.324383422
0.8558090472232531,1.2394,107326.324617119
0.5556311689951278,1.2396,107326.32497707
0.9144027816045354,1.2398,107326.325195792
0.3285966115511264,1.24,107326.325804441
0.8019117752164482,1.2402,107326.326053845
1.4042971315907635,1.2404,107326.326196265
1.0024057737377379,1.2406,107326.326395785
0.4654897498911197,1.2408,107326.32682544
0.7513938586431588,1.241,107326.327091612
0.7974640257779706,1.2412,107326.327342407
0.8361309223571629,1.2414,107326.327581604
0.591142326607439,1.2416,107326.327919932
0.7902358298780464,1.2418,107326.328173021
0.6447910510727045,1.242,107326.328483199
0.8189505154558415,1.2422,107326.328727414
0.46673465841610723,1.2424,107326.329155923
1.1310617352744405,1.2426,107326.329332748
0.3327698433071261,1.2428,107326.329933764
0.6989072649786154,1.2429999999999999,107326.330219925
2.0662866539347537,1.2432,107326.330316717
0.678502003244951,1.2434,107326.330611484
0.894362360280748,1.2436,107326.330835107
0.9417082890555648,1.2438,107326.331047487
0.7047961345862407,1.244,107326.331331257
0.5921031240569956,1.2442,107326.331669036
1.0098969291227193,1.2444,107326.331867076
0.6010717100628448,1.2446,107326.332199815
0.44242110830867587,1.2448,107326.332651873
1.3197575126082017,1.245,107326.332803416
0.915591552137919,1.2452,107326.333021854
0.6736388300454463,1.2454,107326.333318749
0.742713090796096,1.2456,107326.333588032
0.7786039626166689,1.2458,107326.333844902
0.6811130746606259,1.246,107326.334138539
0.7662629509097064,1.2462,107326.334399546
0.41634139537040493,1.2464,107326.334879921
0.6130625400010735,1.2466,107326.335206152
0.6790917763750397,1.2468,107326.335500663
0.5546896227693787,1.2469999999999999,107326.335861225
0.792650541004478,1.2472,107326.336113543
0.6348360015539598,1.2474,107326.336428585
0.761777044008672,1.2476,107326.336691129
0.4180663259245586,1.2478,107326.337169522
0.8103202084632108,1.248,107326.337416338
1.8755745692857706,1.2482,107326.337522972
0.6144223396793645,1.2484,107326.337848481
0.7162041136400343,1.2486,107326.338127731
0.6935269457857263,1.2488,107326.338416112
0.5824977071061805,1.249,107326.338759461
1.0547577501531602,1.2492,107326.338949078
0.6400675833058674,1.2494,107326.339261545
0.678759919652392,1.2496,107326.3395562
0.7419718401186692,1.2498,107326.339825752
0.6716435658191265,1.25,107326.340123529
0.5079339167620092,1.2502,107326.340517281
0.8886005751507452,1.2504,107326.340742354
0.28642175184701624,1.2506,107326.341440625
0.4438467241688455,1.2508,107326.341891231
0.7685006790523754,1.251,107326.342151478
0.8367921093506682,1.2511999999999999,107326.342390486
2.0605809022117296,1.2514,107326.342487546
0.6256667321988282,1.2516,107326.342807205
0.34844905769085294,1.2518,107326.343381177
0.9435475245452595,1.252,107326.343593143
0.9315280556642737,1.2522,107326.343807844
0.979508653166664,1.2524,107326.344012028
0.6825099846994481,1.2526,107326.344305064
0.7235497411707331,1.2528000000000001,107326.344581479
0.5987611573569062,1.2530000000000001,107326.344915502
0.6160177095323723,1.2532,107326.345240168
0.4883742431793379,1.2534,107326.34564969
0.5287326629820451,1.2536,107326.346027953
0.7585382897358229,1.2538,107326.346291618
0.3520147606362973,1.254,107326.346859776
1.8961119403258906,1.2542,107326.346965255
0.6109705952246971,1.2544,107326.347292603
0.5678430458631566,1.2546,107326.347644813
0.33505046412298645,1.2548,107326.348241738
0.8703068499128126,1.255,107326.348471542
0.5018468076563071,1.2551999999999999,107326.34887007
0.830775243435426,1.2554,107326.349110809
0.7844521220121422,1.2556,107326.349365764
0.5295838791959452,1.2558,107326.349743419
0.6192640689427867,1.256,107326.350066383
0.6002383042474296,1.2562,107326.350399584
0.4515651265661357,1.2564,107326.350842488
0.5948397667261001,1.2566,107326.351178713
0.37449676538213406,1.2568,107326.351712763
0.5364403976267385,1.2570000000000001,107326.352085591
0.6459343236763044,1.2572,107326.35239522
0.5658893416540707,1.2574,107326.352748646
0.5769258361394941,1.2576,107326.353095311
0.541937861650794,1.2578,107326.353464357
0.5002038407022971,1.258,107326.353864194
0.7390900888091738,1.2582,107326.354134797
0.6707088118358796,1.2584,107326.354432989
0.48816445595811264,1.2586,107326.354842687
0.5374047060180904,1.2588,107326.355214846
0.6037863344152347,1.259,107326.355546089
0.9453538364605533,1.2591999999999999,107326.35575765
0.5325465920677444,1.2594,107326.356133204
0.7001256683794925,1.2596,107326.356418867
0.479478329856478,1.2598,107326.356835987
0.49821141852421313,1.26,107326.357237423
0.6046899619205426,1.2602,107326.357568171
0.4117513898796911,1.2604,107326.358053901
0.6308551157120513,1.2606,107326.358370931
0.39098161903576345,1.2608,107326.358882464
1.2540521913062557,1.2610000000000001,107326.359041947
0.6471926321190665,1.2612,107326.359350974
0.5990212112044182,1.2614,107326.359684852
0.636545332649966,1.2616,107326.359999048
0.5599919287532982,1.2618,107326.360356196
0.39950142595825294,1.262,107326.36085682
0.7253893454144418,1.2622,107326.361132534
0.5507366097014246,1.2624,107326.361495684
0.43888330514339724,1.2626,107326.361951386
0.28582820855990226,1.2628,107326.362651107
0.8842202064254608,1.263,107326.362877295
0.33377112828610633,1.2631999999999999,107326.363476508
0.46342209432956216,1.2634,107326.36390808
0.4680169048284425,1.2636,107326.364335415
0.372652523311119,1.2638,107326.364872108
0.5650755081811784,1.264,107326.365226043
0.482235630642395,1.2642,107326.365640778
0.45610035038087143,1.2644,107326.366079278
0.43350847118081887,1.2646,107326.36654063
0.4217096112383548,1.2648,107326.36701489
0.4650578740647845,1.2650000000000001,107326.367444944
0.4659571642018389,1.2652,107326.367874168
0.37810900938229974,1.2654,107326.368403116
0.43198036018266417,1.2656,107326.3688661
0.44301597110518776,1.2658,107326.369317551
0.4347495227793209,1.266,107326.369777586
0.39124243783010937,1.2662,107326.370288778
0.40503703659864865,1.2664,107326.37078256
0.2980861363840451,1.2666,107326.371453507
0.38269382493301796,1.2668,107326.371976118
0.4354765300063005,1.267,107326.372435385
0.46474988164574266,1.2671999999999999,107326.372865724
0.41345549618011757,1.2674,107326.373349452
0.23463768478581357,1.2676,107326.37420183
1.049995519088496,1.2678,107326.374392307
0.5131428651988551,1.268,107326.374782062
0.197429469238756,1.2682,107326.375795082
0.4156569633898053,1.2684,107326.376276248
0.41848533424269185,1.2686,107326.376754162
0.7570825322200996,1.2688,107326.377018334
0.643320562337495,1.2690000000000001,107326.377329221
0.6218518779173163,1.2692,107326.377650841
0.37008731793137833,1.2694,107326.378191254
0.5011940955355455,1.2696,107326.378590301
0.4522114223999582,1.2698,107326.379032572
0.405850748880609,1.27,107326.379525364
0.4798199623590692,1.2702,107326.379942187
0.3965059935983437,1.2704,107326.380446593
0.42626200044749435,1.2706,107326.380915788
0.5326288560545018,1.2708,107326.381291284
0.481002794422078,1.271,107326.381707082
0.408809852392418,1.2711999999999999,107326.382196307
0.46266628785907443,1.2713999999999999,107326.382628584
0.4861436972059274,1.2716,107326.383039985
0.4611397501699505,1.2718,107326.383473693
0.45802436189607154,1.272,107326.383910351
0.41252763728694997,1.2722,107326.384395167
0.4472381935473973,1.2724,107326.384842356
0.4825369837430594,1.2726,107326.385256832
0.5027816300835184,1.2728,107326.385654619
0.42700737004095296,1.2730000000000001,107326.386122995
0.42523244548259753,1.2732,107326.386593326
0.46077002644011633,1.2734,107326.387027382
0.4384638077400198,1.2736,107326.38748352
0.4112104206492179,1.2738,107326.387969889
0.3399146464261869,1.274,107326.388558272
0.641615822934275,1.2742,107326.388869985
0.4747650586698389,1.2744,107326.389291246
0.46645925228831114,1.2746,107326.389720008
0.45213781318113105,1.2748,107326.390162351
0.364744523421678,1.275,107326.39071068
0.45857256614772746,1.2752,107326.391146816
0.43187402063472596,1.2753999999999999,107326.391609914
0.27586092632078196,1.2756,107326.392334917
0.31578266256344795,1.2758,107326.392968264
0.5760086765403545,1.276,107326.393315481
0.5618340320147474,1.2762,107326.393671458
0.36093851207003663,1.2764,107326.394225569
0.438871757215422,1.2766,107326.394681283
0.4211785325530057,1.2768,107326.395156141
0.3859431858104185,1.2770000000000001,107326.395674352
0.4730973194205893,1.2772000000000001,107326.396097098
0.4000272007527952,1.2774,107326.396597064
0.33961277491444597,1.2776,107326.39718597
0.43235857858765225,1.2778,107326.397648549
0.6115048386933917,1.278,107326.397975611
0.469113576360813,1.2782,107326.398401947
0.4672525935690638,1.2784,107326.398829981
0.3932920121909573,1.2786,107326.399338509
0.4188718488087399,1.2788,107326.399815982
0.45993718340002604,1.279,107326.400250824
0.4785868149720843,1.2792,107326.400668721
0.34445403224680915,1.2793999999999999,107326.40124935
0.25906366596904695,1.2796,107326.402021361
0.31363004825107443,1.2798,107326.402659055
0.8756031028082384,1.28,107326.402887469
0.6044268245998176,1.2802,107326.403218361
1.1537019304087208,1.2804,107326.403391716
0.586604877513224,1.2806,107326.403732661
0.62410283839984,1.2808,107326.404053121
0.6358956945089103,1.2810000000000001,107326.404367638
0.5688282143590853,1.2812000000000001,107326.404719238
0.7542416453655705,1.2814,107326.404984405
0.5596957643975028,1.2816,107326.405341742
0.6227212030571606,1.2818,107326.405662913
0.6145885099691848,1.282,107326.405988334
0.6227793874765147,1.2822,107326.406309475
0.5936426772209435,1.2824,107326.406646378
0.613549637440852,1.2826,107326.40697235
0.5228553057758066,1.2828,107326.407354865
0.3555144778371996,1.283,107326.40791743
0.26505091627913285,1.2832,107326.408672002
0.44260223716777003,1.2833999999999999,107326.409123875
0.3456888270104187,1.2836,107326.40970243
0.6456382303796281,1.2838,107326.410012201
0.6385125289153273,1.284,107326.410325429
0.5799303313382951,1.2842,107326.410670298
0.24131448828873972,1.2844,107326.411499092
0.49400647213786186,1.2846,107326.411903945
0.38415366764586406,1.2848,107326.41242457
0.29522081772833597,1.285,107326.413102029
0.818648808614709,1.2852000000000001,107326.413346334
0.43943777330217704,1.2854,107326.413801461
0.4392457337549266,1.2856,107326.414256787
0.4348960593097968,1.2858,107326.414716667
0.3868524379544787,1.286,107326.41523366
0.5231685154911242,1.2862,107326.415615946
0.3276330614121547,1.2864,107326.416226385
0.5079661874374203,1.2866,107326.416620112
0.3713206774589446,1.2868,107326.41715873
0.33396284774015056,1.287,107326.417757599
0.6837606818991879,1.2872,107326.418050099
0.5612349544560119,1.2873999999999999,107326.418406456
0.6390184625488227,1.2876,107326.418719436
0.5176921177158306,1.2878,107326.419105766
0.6524987653844342,1.288,107326.41941228
0.442571865333813,1.2882,107326.419864184
0.4035023989315821,1.2884,107326.420359844
0.3864958423174518,1.2886,107326.420877314
0.23989012842333204,1.2888,107326.421711029
0.366168924122515,1.289,107326.422257225
0.442467113784219,1.2892000000000001,107326.422709236
0.3885267973642193,1.2894,107326.423224001
0.47398082215670595,1.2896,107326.423645959
0.43073556546769703,1.2898,107326.424110281
0.3628697211531553,1.29,107326.424661443
0.3814093428738887,1.2902,107326.425185814
0.4129842264064584,1.2904,107326.425670094
0.33947558149896573,1.2906,107326.426259238
0.37940585008850947,1.2908,107326.426786378
0.45218279705084313,1.291,107326.427228677
0.3689526391884292,1.2912,107326.427770752
0.45349313458492824,1.2913999999999999,107326.428211773
0.40918456484803756,1.2916,107326.42870055
0.42937988459885623,1.2918,107326.429166338
0.35166257133921275,1.292,107326.429735065
0.4111402551224426,1.2922,107326.430221517
0.40159352223309225,1.2924,107326.430719533
0.45886293963440744,1.2926,107326.431155393
0.4097445456202326,1.2928,107326.431643502
0.4074531331113181,1.293,107326.432134356
0.5602523432298038,1.2932000000000001,107326.432491338
0.47317901972144494,1.2934,107326.432914011
0.46693407363870343,1.2936,107326.433342337
0.31074815714467857,1.2938,107326.433985945
0.8413329859093702,1.294,107326.434223663
0.4710748240464719,1.2942,107326.434648224
0.4831104729298243,1.2944,107326.435062208
0.4433459281394934,1.2946,107326.435513323
0.4287318986884362,1.2948,107326.435979815
0.388475479268694,1.295,107326.436494648
0.29994450956382634,1.2952,107326.437161438
1.1263798419743993,1.2953999999999999,107326.437338998
0.48977352460298557,1.2955999999999999,107326.43774735
0.4183881706545327,1.2958,107326.438225375
0.2499062816523878,1.296,107326.439025675
0.4096706909089938,1.2962,107326.439513872
0.6739975251194468,1.2964,107326.439810609
0.5136304579798759,1.2966,107326.440199994
0.3653835612088186,1.2968,107326.440747364
0.41875433309066745,1.297,107326.441224971
0.7687635815400551,1.2972000000000001,107326.441485129
0.5667697428097134,1.2974,107326.441838006
0.5097931114867673,1.2976,107326.442230322
0.7299909620013806,1.2978,107326.442504298
0.363220968580552,1.298,107326.443054927
0.9356243697693057,1.2982,107326.443268688
0.640245858666816,1.2984,107326.443581068
0.5886196373468335,1.2986,107326.443920846
0.5148309970176167,1.2988,107326.444309323
0.4772779830378366,1.299,107326.444728366
0.63470905693396,1.2992,107326.445043471
0.6068568701983359,1.2993999999999999,107326.445373038
0.3105599747464391,1.2995999999999999,107326.446017036
0.6239412562467235,1.2998,107326.446337579
0.6683307964643206,1.3,107326.446636832
0.7155788835769432,1.3002,107326.446916326
0.6517375095432324,1.3004,107326.447223198
0.7536221099846196,1.3006,107326.447488583
0.5666380465218361,1.3008,107326.447841542
0.4760193337638397,1.301,107326.448261693
0.5313891554422062,1.3012000000000001,107326.448638065
0.83174265860471,1.3014000000000001,107326.448878524
0.5662241488198061,1.3016,107326.449231741
0.31919970532325503,1.3018,107326.449858308
0.8430423600850315,1.302,107326.450095544
0.9231820162987794,1.3022,107326.450312186
0.686766019334054,1.3024,107326.450603406
0.549246859777795,1.3026,107326.450967541
0.5659021335627519,1.3028,107326.451320959
0.5618877112659502,1.303,107326.451676902
0.646097081206874,1.3032,107326.451986453
0.5766031725917451,1.3034,107326.452333312
0.5594108194799404,1.3035999999999999,107326.452690831
0.5494505611348057,1.3038,107326.453054831
0.6092675579665703,1.304,107326.453383094
0.5579252001557073,1.3042,107326.453741565
0.6303123549499381,1.3044,107326.454058868
0.5846722289168514,1.3046,107326.45440094
0.4667270346731345,1.3048,107326.454829456
0.6333904350955578,1.305,107326.455145217
0.6542083398686634,1.3052000000000001,107326.45545093
0.5843698641771269,1.3054000000000001,107326.455793179
0.5611105593898646,1.3056,107326.456149615
0.5773172148364969,1.3058,107326.456496045
0.5801153624234794,1.306,107326.456840804
0.49304681204454254,1.3062,107326.457246445
0.37602043163497567,1.3064,107326.457778331
0.48077154020688956,1.3066,107326.458194329
0.43665262002775634,1.3068,107326.458652359
0.6657944686512999,1.307,107326.458952752
0.5929685896053802,1.3072,107326.459290038
0.5868682342338803,1.3074,107326.45963083
0.43220067154503533,1.3075999999999999,107326.460093578
0.4909336904493683,1.3078,107326.460500965
0.9116933823384521,1.308,107326.460720337
0.5625451657215865,1.3082,107326.461075864
0.5365137950051406,1.3084,107326.461448641
0.611701231663332,1.3086,107326.461775598
0.49604773366821453,1.3088,107326.462178785
0.5250859927392282,1.309,107326.462559675
0.657045322857171,1.3092,107326.462864068
0.815032443045957,1.3094000000000001,107326.463109457
0.5956831000374466,1.3096,107326.463445206
0.4763617327775583,1.3098,107326.463865055
0.7073186186471938,1.31,107326.464147813
0.5503017131874214,1.3102,107326.46451125
0.5803140123635392,1.3104,107326.464855891
0.7027382122333873,1.3106,107326.465140492
0.5713436925029478,1.3108,107326.465490544
0.6033801375263459,1.311,107326.46582201
0.6234122449275129,1.3112,107326.466142825
0.6032108912345727,1.3114,107326.466474384
0.5987916266473751,1.3115999999999999,107326.46680839
0.5585655999006793,1.3118,107326.46716645
0.6274608404523252,1.312,107326.467485195
0.5937572391045208,1.3122,107326.467822033
0.5033193861287243,1.3124,107326.468219395
0.5908925730376764,1.3126,107326.468557866
0.5396814295320641,1.3128,107326.468928455
0.5923258204349777,1.313,107326.469266107
0.6453049270795413,1.3132,107326.469576038
0.6726329039905506,1.3134000000000001,107326.469873377
0.47126686430714676,1.3136,107326.470297765
0.6284150540751745,1.3138,107326.470616026
0.48895929917192155,1.314,107326.471025058
0.555591053379734,1.3142,107326.471385035
0.6098676370900717,1.3144,107326.471712975
0.503627392452563,1.3146,107326.472110094
0.5305419608924015,1.3148,107326.472487067
0.34956601362296613,1.315,107326.473059205
0.7901983920857261,1.3152,107326.473312306
0.6573822521415182,1.3154,107326.473616543
0.4876229035212604,1.3155999999999999,107326.474026696
0.4321399813180334,1.3158,107326.474489509
0.7167405322776881,1.316,107326.47476855
0.5804538101840977,1.3162,107326.475113108
0.350939986971879,1.3164,107326.475683006
0.43774788043717683,1.3166,107326.47613989
0.38050013189697,1.3168,107326.476665514
0.7882580853245683,1.317,107326.476919238
0.5386262444343419,1.3172,107326.477290553
0.6900882383352029,1.3174000000000001,107326.477580371
0.477227884445891,1.3176,107326.477999458
0.41792653788036915,1.3178,107326.478478011
0.5061779051808751,1.318,107326.478873129
1.071461118559548,1.3182,107326.47905979
0.9713028389127125,1.3184,107326.479265699
0.5181508308892513,1.3186,107326.479651687
0.3462202269421968,1.3188,107326.480229354
1.807288665962342,1.319,107326.480340017
0.5277420870990915,1.3192,107326.48071899
0.7964732001995884,1.3194,107326.480970097
0.5356344333876176,1.3195999999999999,107326.481343486
0.5198869761948843,1.3197999999999999,107326.481728185
0.7882922649788999,1.32,107326.481981898
0.6420607535553374,1.3202,107326.482293395
0.6254554073702311,1.3204,107326.482613162
0.5952310107323205,1.3206,107326.482949166
0.5841343394766291,1.3208,107326.483291553
0.600847801094015,1.321,107326.483624416
0.6809043685321141,1.3212,107326.483918143
0.6030290130161515,1.3214000000000001,107326.484249802
0.6066341469563205,1.3216,107326.48457949
0.5545496739997982,1.3218,107326.484940143
0.654413836729765,1.322,107326.48524576
0.64368289773403,1.3222,107326.485556472
0.6244087787526434,1.3224,107326.485876775
0.5764652231912788,1.3226,107326.486223717
0.5600060526748901,1.3228,107326.486580856
0.3697035368018003,1.323,107326.48712183
1.7786946563690134,1.3232,107326.487234272
0.6001320242518449,1.3234,107326.487567532
0.46370468814942384,1.3235999999999999,107326.487998841
0.5388076096490454,1.3237999999999999,107326.488370031
0.585219706760018,1.324,107326.488711783
0.7857959298730388,1.3242,107326.488966302
0.5890235393580772,1.3244,107326.489305847
0.5993191739553059,1.3246,107326.489639559
0.5201655317996364,1.3248,107326.490024052
0.7030247402857004,1.325,107326.490308537
0.529101938755233,1.3252,107326.490686536
0.3533868532819317,1.3254000000000001,107326.491252488
0.5415020874504354,1.3256000000000001,107326.491621831
0.6439460921183746,1.3258,107326.491932416
0.7143520387956032,1.326,107326.49221239
0.33679956441169145,1.3262,107326.492806215
0.6262093645256294,1.3264,107326.493125597
0.38843248485828075,1.3266,107326.493640487
0.5115416475711184,1.3268,107326.494031462
0.6268806378613103,1.327,107326.494350502
0.43225299079576185,1.3272,107326.494813194
0.8587782279065364,1.3274,107326.495046083
0.6465398867059344,1.3276,107326.495355422
0.4260985272671027,1.3277999999999999,107326.495824797
0.8213721015000939,1.328,107326.496068292
0.5864638281981793,1.3282,107326.496409319
0.5961127612084164,1.3284,107326.496744826
0.5773338753524188,1.3286,107326.497091246
0.6003391936680195,1.3288,107326.497424391
0.5957185759286896,1.329,107326.49776012
0.6394393281815436,1.3292,107326.498072894
0.611172216568894,1.3294000000000001,107326.498400134
0.6179992458048884,1.3296000000000001,107326.498723759
0.559266908265998,1.3298,107326.49908137
0.6168061176645833,1.33,107326.499405621
0.6028090901354912,1.3302,107326.499737401
0.5671120279748164,1.3304,107326.500090065
0.6510459303610735,1.3306,107326.500397263
0.6192832385010423,1.3308,107326.500720217
0.5589527327196717,1.331,107326.501078029
0.6059632968445396,1.3312,107326.501408082
0.5892057552773087,1.3314,107326.501747522
0.5843135176757243,1.3316,107326.502089804
0.6198955301736351,1.3317999999999999,107326.502412439
0.5505971262975324,1.332,107326.502775681
0.598967381227402,1.3322,107326.503109589
0.5129388866655247,1.3324,107326.503499499
0.7128472899355448,1.3326,107326.503780064
0.42041360176827375,1.3328,107326.504255786
0.9214636249195112,1.333,107326.504472832
0.6676302955097045,1.3332,107326.504772399
0.5074532148202902,1.3334,107326.505166524
0.7161451498884738,1.3336000000000001,107326.505445797
0.3685039680623482,1.3338,107326.505988532
1.1579300315786443,1.334,107326.506161254
0.706826193396632,1.3342,107326.506444209
0.5604909874491103,1.3344,107326.506801039
0.6114450150724073,1.3346,107326.507128133
0.5982202961795607,1.3348,107326.507462458
0.5195452941251503,1.335,107326.50784741
0.5457353596638812,1.3352,107326.508213888
0.5434295118317212,1.3354,107326.508581921
0.6335268982569205,1.3356,107326.508897614
0.3646234979613663,1.3357999999999999,107326.509446125
0.7385333202942885,1.336,107326.509716932
0.6324790665597473,1.3362,107326.510033148
0.5154440053693925,1.3364,107326.510421163
0.5476931139897558,1.3366,107326.510786331
0.45833715079992304,1.3368,107326.511222691
0.5204159098079678,1.337,107326.511606999
0.5979144766619937,1.3372,107326.511941495
0.8785184774539138,1.3374,107326.512169151
0.5443658084976587,1.3376000000000001,107326.512536551
0.4771960044807076,1.3378,107326.512955666
0.5496740443770979,1.338,107326.513319518
1.150072976066475,1.3382,107326.51349342
0.6393657645774661,1.3384,107326.51380623
0.4442144425091664,1.3386,107326.514256463
0.7478424736622657,1.3388,107326.514523899
0.6138584489521934,1.339,107326.514849707
0.6020596496190506,1.3392,107326.5151819
0.6645092200001821,1.3394,107326.515482874
0.6324590713723112,1.3396,107326.5157991
0.5777691838758328,1.3397999999999999,107326.516145259
0.6431881553647114,1.34,107326.51645621
0.5987593574701391,1.3402,107326.516790234
0.5503244311031324,1.3404,107326.517153656
0.6379870199103453,1.3406,107326.517467142
0.5908698624668767,1.3408,107326.517805626
0.5524312605801797,1.341,107326.518167662
0.6316281348908811,1.3412,107326.518484304
0.5906099076597104,1.3414,107326.518822937
0.5818130866021973,1.3416000000000001,107326.51916669
0.6508044199539976,1.3418,107326.519474002
0.5287801827498266,1.342,107326.519852231
0.631811701541468,1.3422,107326.520168781
0.6094123868887583,1.3424,107326.520496966
0.6248652690927703,1.3426,107326.520817035
0.5994017950353194,1.3428,107326.521150701
0.46901014549964676,1.343,107326.521577131
0.7823042694534202,1.3432,107326.521832786
0.516070431203277,1.3434,107326.52222033
0.7773148649817149,1.3436,107326.522477626
0.6163594150424094,1.3437999999999999,107326.522802112
0.5833573859956526,1.3439999999999999,107326.523144955
0.5213356592025054,1.3442,107326.523528585
0.6392983139261661,1.3444,107326.523841428
0.5326855847144152,1.3446,107326.524216884
0.6873939053743112,1.3448,107326.524507838
0.5775889715975473,1.345,107326.524854105
0.4545785109006728,1.3452,107326.525294073
0.7309246750008076,1.3454,107326.525567699
0.6136305851105827,1.3456000000000001,107326.525893628
0.5781834035446937,1.3458,107326.526239539
0.5262243854558071,1.346,107326.526619605
0.6356349815754399,1.3462,107326.526934251
0.45835290998947775,1.3464,107326.527370596
0.5454599891970194,1.3466,107326.527737259
0.5176157672144891,1.3468,107326.528123646
0.6410667455753737,1.347,107326.528435626
0.5816185286859789,1.3472,107326.528779494
0.49666981679048344,1.3474,107326.529182176
0.8560178342059761,1.3476,107326.529415816
0.6018929356044317,1.3477999999999999,107326.529748101
0.5416399245890905,1.3479999999999999,107326.53011735
0.6171563472801557,1.3482,107326.530441417
0.5796731632056611,1.3484,107326.530786439
0.46282369482735985,1.3486,107326.531218569
0.6402151103374932,1.3488,107326.531530964
0.5519433863052216,1.349,107326.53189332
0.6707650482676564,1.3492,107326.532191487
0.6703221554181106,1.3494,107326.532489851
0.581936679489656,1.3496000000000001,107326.532833531
0.5742687511811055,1.3498,107326.5331818
0.5904180971741116,1.35,107326.533520543
0.6516101420211089,1.3502,107326.533827475
0.5717454646352722,1.3504,107326.534177281
0.6108362367845097,1.3506,107326.534504701
0.5594077000873994,1.3508,107326.534862222
0.6277857965761426,1.351,107326.535180802
0.4049181355062638,1.3512,107326.535674729
1.143647929098488,1.3514,107326.535849608
0.5849663668250759,1.3516,107326.536191508
0.6010681087512311,1.3518,107326.536524249
0.675347119082504,1.3519999999999999,107326.536820393
0.5746102588535136,1.3522,107326.537168455
0.6032072642436818,1.3524,107326.537500016
0.609644564718206,1.3526,107326.537828076
0.5488203167288561,1.3528,107326.538192494
0.48945349832993684,1.353,107326.538601113
0.773392231816773,1.3532,107326.538859714
0.5735194548551953,1.3534,107326.539208438
0.5959173603753019,1.3536000000000001,107326.539544055
0.6288062407480841,1.3538000000000001,107326.539862118
0.5392303607836589,1.354,107326.540233017
0.67187819529906,1.3542,107326.54053069
0.5727196496881953,1.3544,107326.540879901
0.5793138672668391,1.3546,107326.541225137
0.5720120237975498,1.3548,107326.54157478
0.5971718045687592,1.355,107326.541909692
0.5820518452398789,1.3552,107326.542253304
0.5403433780618637,1.3554,107326.542623439
0.5931567619953527,1.3556,107326.542960618
0.5675948664650425,1.3558,107326.543312982
0.6063729803365602,1.3559999999999999,107326.543642812
0.6146281425457008,1.3562,107326.543968212
0.36362512850792145,1.3564,107326.544518229
0.641700241587156,1.3566,107326.544829901
0.492489543465041,1.3568,107326.545236001
0.6518755936041944,1.357,107326.545542808
0.6072198453538574,1.3572,107326.545872178
0.5463167282310558,1.3574,107326.546238266
0.8744889664407524,1.3576,107326.546466971
0.6194079114375932,1.3578000000000001,107326.54678986
0.5556913982165052,1.358,107326.547149772
0.5855195094719488,1.3582,107326.547491349
0.46796653262005866,1.3584,107326.54791873
0.7789162885987576,1.3586,107326.548175497
0.5216252723599384,1.3588,107326.548558914
0.5937396172405985,1.359,107326.548895762
0.6133501672935354,1.3592,107326.54922184
0.672992802153911,1.3594,107326.54951902
0.6135759876029602,1.3596,107326.549844978
0.6022735890327215,1.3598,107326.550177053
0.5531065110073616,1.3599999999999999,107326.550538647
0.638408573692403,1.3602,107326.550851926
0.5597082778242367,1.3604,107326.551209255
0.604185800997973,1.3606,107326.551540279
0.6273781504582618,1.3608,107326.551859066
0.5258577458719713,1.361,107326.552239397
0.7491254148836005,1.3612,107326.552506375
0.556944812978278,1.3614,107326.552865477
0.6014151368817747,1.3616,107326.553198026
0.5947442429783163,1.3618000000000001,107326.553534305
0.5579049530069267,1.362,107326.553892789
0.5994880474066093,1.3622,107326.554226407
0.5944985088415018,1.3624,107326.554562825
0.5848791148647873,1.3626,107326.554904776
0.5762493140509086,1.3628,107326.555251848
0.5451240042486396,1.363,107326.555618737
0.6297348040819115,1.3632,107326.555936331
0.5630060025154601,1.3634,107326.556291567
0.5894158626121583,1.3636,107326.556630886
0.6040836146697129,1.3638,107326.556961966
0.4920484855896248,1.3639999999999999,107326.55736843
0.6156157125467391,1.3642,107326.557693308
0.6029453890338422,1.3644,107326.558025013
0.6064906621481276,1.3646,107326.558354779
0.5881539881029068,1.3648,107326.558694826
0.4983653733217475,1.365,107326.559096138
0.6171201287627759,1.3652,107326.559420224
0.5788611614770223,1.3654,107326.55976573
0.4731040289878418,1.3656,107326.56018847
0.4633286862078785,1.3658000000000001,107326.560620129
0.7174244509969105,1.366,107326.560898904
0.48988989680647693,1.3662,107326.561307159
0.2726939339502344,1.3664,107326.562040582
0.4173457219475049,1.3666,107326.562519801
0.26606111002528543,1.3668,107326.563271508
0.5252183680472232,1.367,107326.563652302
0.42789534464435075,1.3672,107326.564119706
0.337927459354988,1.3674,107326.564711549
0.4763889768906775,1.3676,107326.565131374
0.43534761102758357,1.3678,107326.565590777
0.4247610159381315,1.3679999999999999,107326.56606163
0.47304472431042793,1.3682,107326.566484423
0.4345030190728325,1.3684,107326.566944719
0.45231881463128515,1.3686,107326.567386885
0.4645415401521036,1.3688,107326.567817417
0.4118921501820589,1.369,107326.568302981
0.45687029917881017,1.3692,107326.568740742
0.4415498397618236,1.3694,107326.569193692
0.3940770250168987,1.3696,107326.569701207
0.42366598673924444,1.3698000000000001,107326.570173277
0.47497138010228296,1.37,107326.570594355
0.44414440384610804,1.3702,107326.571044659
0.4545402797123571,1.3704,107326.571484664
0.3418400268320221,1.3706,107326.572069733
0.4529231610269599,1.3708,107326.572511309
0.3802050042927886,1.371,107326.573037341
0.30047806080683537,1.3712,107326.573702947
0.376297051855478,1.3714,107326.574234442
0.4530760533768297,1.3716,107326.574675869
0.33993774984028163,1.3718,107326.575264212
0.47106817191180095,1.3719999999999999,107326.575688779
0.44800960656733124,1.3721999999999999,107326.576135198
0.4110540694307954,1.3724,107326.576621752
0.40609301790952057,1.3726,107326.57711425
0.4106287123975556,1.3728,107326.577601308
0.45324546031174867,1.373,107326.57804257
0.39353732987121937,1.3732,107326.578550781
0.4668174578422987,1.3734,107326.578979214
0.30550302737263696,1.3736,107326.579633872
0.3108529639857621,1.3738000000000001,107326.580277263
0.5251011391770263,1.374,107326.580658142
0.31991963557557845,1.3742,107326.581283299
0.5248737737397391,1.3744,107326.581664343
0.46803770385705257,1.3746,107326.582091659
0.46583996211965867,1.3748,107326.582520991
0.4391338513175038,1.375,107326.582976433
0.44942102422204466,1.3752,107326.58342145
0.40266321519001375,1.3754,107326.583918143
0.4633351371716575,1.3756,107326.584349796
0.4434904469964857,1.3758,107326.584800764
0.4445620051528857,1.376,107326.585250645
0.4836233059225898,1.3761999999999999,107326.58566419
0.2995406524638277,1.3764,107326.586331879
0.45026994770841633,1.3766,107326.586776057
0.44032397977987947,1.3768,107326.587230268
0.4416307696113715,1.377,107326.587683135
0.47379892822855063,1.3772,107326.588105255
0.42931537068804765,1.3774,107326.588571113
0.45014427054238526,1.3776,107326.589015415
0.4198567016459414,1.3778000000000001,107326.589491768
0.43645347058090944,1.3780000000000001,107326.589950007
0.396432888719728,1.3782,107326.590454506
0.46624067650458106,1.3784,107326.590883469
0.4342454752755125,1.3786,107326.591344038
0.4874541437854013,1.3788,107326.591754333
0.4616464211313704,1.379,107326.592187565
0.45832244727637667,1.3792,107326.592623939
0.4703580246892782,1.3794,107326.593049147
0.40845752903003785,1.3796,107326.593538794
0.5392041917638163,1.3798,107326.593909711
0.32690528128490565,1.38,107326.594521509
0.5426863473779168,1.3801999999999999,107326.594890046
0.5631899209878249,1.3804,107326.595245166
0.4953155437824573,1.3806,107326.595648949
0.2923609017581287,1.3808,107326.596333035
0.43651634900835606,1.381,107326.596791208
0.5152554236706668,1.3812,107326.597179365
0.3721684887382427,1.3814,107326.597716756
0.5328899741012293,1.3816,107326.598092068
0.5116646713627132,1.3818,107326.598482949
0.4834701597797234,1.3820000000000001,107326.598896625
0.43594165008528385,1.3822,107326.599355402
0.47234312178422533,1.3824,107326.599778823
0.49711672085650876,1.3826,107326.600181143
0.5270522780554218,1.3828,107326.600560612
0.48035468743097465,1.383,107326.600976971
0.4816456984320037,1.3832,107326.601392214
0.482762953337447,1.3834,107326.601806496
0.49683885847361026,1.3836,107326.602209041
0.49379057742387256,1.3838,107326.602614071
0.47446882741953883,1.384,107326.603035595
0.4914077482977221,1.3841999999999999,107326.603442589
0.5053184713475459,1.3844,107326.603838379
0.47815317867821666,1.3846,107326.604256655
0.47418085090367734,1.3848,107326.604678435
0.389327753470217,1.385,107326.605192141
0.4332239447319575,1.3852,107326.605653796
0.4482616339912786,1.3854,107326.606099964
0.4797474572283066,1.3856,107326.60651685
0.4485793512756372,1.3858,107326.606962702
0.4603595966133215,1.3860000000000001,107326.607397145
0.49173394269110987,1.3862,107326.607803869
0.3005855392978122,1.3864,107326.608469237
0.4529426550326513,1.3866,107326.608910794
0.4527335030086217,1.3868,107326.609352555
0.49142342132415184,1.387,107326.609759536
0.38799542902668543,1.3872,107326.610275006
0.5628665519082274,1.3874,107326.61063033
0.4520162200598553,1.3876,107326.611072792
0.49498212184714757,1.3878,107326.611476847
0.44846970286399507,1.388,107326.611922808
0.4231693689549111,1.3881999999999999,107326.612395432
0.3789127532740816,1.3884,107326.612923258
0.36597728828412107,1.3886,107326.61346974
0.508263085958448,1.3888,107326.613863237
0.3724360068474791,1.389,107326.614400242
0.5791394011962491,1.3892,107326.614745582
0.4966809270975149,1.3894,107326.615148255
0.5207750174621802,1.3896,107326.615532298
0.5229660615575956,1.3898,107326.615914732
0.48234612877131444,1.3900000000000001,107326.616329372
0.48891984948234846,1.3902,107326.616738437
0.49260962895712507,1.3904,107326.617144438
0.43533813754244766,1.3906,107326.617603851
0.4619481698945133,1.3908,107326.6180368
0.4555248350325158,1.391,107326.618475854
0.4859192767949535,1.3912,107326.618887445
0.4322380372620231,1.3914,107326.619350153
0.5116555282410198,1.3916,107326.619741041
0.5109339868261927,1.3918,107326.620132481
0.46913777177312954,1.392,107326.620558795
0.4837449460410675,1.3921999999999999,107326.620972236
0.4598927671813199,1.3924,107326.62140712
0.5250087895788357,1.3926,107326.621788066
0.4931914851764575,1.3928,107326.622193588
0.5086237189136259,1.393,107326.622586806
0.4383427185294461,1.3932,107326.62304307
0.45138472768995724,1.3934,107326.623486151
0.5145038615111003,1.3936,107326.623874875
0.4492796938807171,1.3938,107326.624320032
0.46304227584632096,1.3940000000000001,107326.624751958
0.4637702808989467,1.3942,107326.625183206
0.48437173301478015,1.3944,107326.625596112
0.4322903655601635,1.3946,107326.626058764
0.47993165207213173,1.3948,107326.62647549
0.5262617828149058,1.395,107326.626855529
0.42978404023084704,1.3952,107326.627320879
0.4552251744617556,1.3954,107326.627760222
0.5289997674137852,1.3956,107326.628138294
0.4173161197381639,1.3958,107326.628617547
0.47016122360248136,1.396,107326.629042933
0.40128330312391636,1.3961999999999999,107326.629541334
0.30200531710950246,1.3963999999999999,107326.630203574
0.5298672876364969,1.3966,107326.630581027
0.48567973655484803,1.3968,107326.630992821
0.4024233939541423,1.397,107326.63148981
0.48891744930985903,1.3972,107326.631898877
0.38363269734411287,1.3974,107326.632420209
0.49957037301218027,1.3976,107326.632820553
0.474854095345392,1.3978,107326.633241735
0.49699072598313065,1.3980000000000001,107326.633644157
0.4797635675858628,1.3982,107326.634061029
0.4657141393806723,1.3984,107326.634490477
0.4855712399164675,1.3986,107326.634902363
0.4961449506307282,1.3988,107326.635305471
0.4605981443021168,1.399,107326.635739689
0.4741538587582217,1.3992,107326.636161493
0.49735531350788764,1.3994,107326.63656362
0.4995641446735725,1.3996,107326.636963969
0.46223857575079735,1.3998,107326.637396646
0.48314195919136543,1.4,107326.637810603
0.4394011051353952,1.4002,107326.638265768
0.40670906232158033,1.4003999999999999,107326.63875752
0.503857037660035,1.4006,107326.639154458
0.491024071194977,1.4008,107326.63956177
0.5269883973939369,1.401,107326.639941285
0.4936175223486635,1.4012,107326.640346457
0.4739291580582497,1.4014,107326.640768461
0.4706923410744897,1.4016,107326.641193367
0.47020984941122346,1.4018,107326.641618709
0.4322258984728021,1.4020000000000001,107326.64208143
0.4896500378266258,1.4022000000000001,107326.642489885
0.49479107634037456,1.4024,107326.642894096
0.4278816235553394,1.4026,107326.643361515
0.528407170782832,1.4028,107326.643740011
0.4340315454406599,1.403,107326.644200807
0.5136872051367948,1.4032,107326.644590149
0.5059051680902776,1.4034,107326.64498548
0.4595883946358325,1.4036,107326.645420652
0.47682851622764455,1.4038,107326.64584009
0.33039829397403603,1.404,107326.64644542
0.5053708321737791,1.4042,107326.646841169
0.4645534107382584,1.4043999999999999,107326.64727169
0.3752479025509419,1.4046,107326.647804671
0.5040805324368605,1.4048,107326.648201433
0.547165684742759,1.405,107326.648566953
0.4972613278396279,1.4052,107326.648969156
0.4471911906308335,1.4054,107326.649416392
0.5133957700856413,1.4056,107326.649805955
0.49570472577835994,1.4058,107326.650209421
0.4694405935112441,1.4060000000000001,107326.65063546
0.42845085428646107,1.4062000000000001,107326.651102258
0.32251925848631124,1.4064,107326.651722376
0.47951282421173325,1.4066,107326.652139466
0.5112252190093941,1.4068,107326.652530683
0.49590138022479635,1.407,107326.652933989
0.45818384950967844,1.4072,107326.653370495
0.5299023851455975,1.4074,107326.653747923
0.4803281629233002,1.4076,107326.654164305
0.5178368867396685,1.4078,107326.654550527
0.5219165948297466,1.408,107326.65493373
0.4800445339419283,1.4082,107326.655350358
0.4743945571783887,1.4083999999999999,107326.655771948
0.42870065926995643,1.4086,107326.656238474
0.45102641934928855,1.4088,107326.656681907
0.4566220484611277,1.409,107326.657119906
0.4511424010188361,1.4092,107326.657563225
0.35114209291679094,1.4094,107326.658132795
0.5785413225233099,1.4096,107326.658478492
0.42831779824521393,1.4098,107326.658945435
0.5157962624976553,1.41,107326.659333185
0.4977675205600936,1.4102000000000001,107326.659734979
0.4418834831190153,1.4104,107326.660187587
0.5040043179240645,1.4106,107326.660584409
0.514088593998826,1.4108,107326.660973447
0.4669863975992179,1.411,107326.661401725
0.5242024139734909,1.4112,107326.661783257
0.3799305506654402,1.4114,107326.662309669
0.3961816077341121,1.4116,107326.662814488
0.4314352219817193,1.4118,107326.663278057
0.3097365713040468,1.412,107326.663923767
0.6778810879402777,1.4122,107326.664218804
0.5228115694698575,1.4123999999999999,107326.664601351
0.5215763180694724,1.4126,107326.664984804
0.46373799856047415,1.4128,107326.665416082
0.5164569038232414,1.413,107326.665803336
0.48026010235371475,1.4132,107326.666219777
0.5090509400827772,1.4134,107326.666612665
0.47756175304436593,1.4136,107326.667031459
0.49681294265401443,1.4138,107326.667434025
0.520887598134223,1.414,107326.667817985
0.4859523330031307,1.4142000000000001,107326.668229548
0.4865268608908609,1.4144,107326.668640625
0.49114103849813495,1.4146,107326.66904784
0.5355225457214422,1.4148,107326.669421307
0.46592135453422107,1.415,107326.669850564
0.474894687990829,1.4152,107326.67027171
0.44272372341728,1.4154,107326.670723459
0.5014491877748678,1.4156,107326.671122303
0.46403819576627037,1.4158,107326.671553302
0.514682603194797,1.416,107326.671941891
0.4476806793957335,1.4162,107326.672388638
0.3099751606874727,1.4163999999999999,107326.673033851
0.46637657987249215,1.4166,107326.673462689
0.4356453739522429,1.4168,107326.673921778
0.4822403006978708,1.417,107326.674336509
0.5194724210618524,1.4172,107326.674721515
0.4929921106743608,1.4174,107326.675127201
0.49573297575645614,1.4176,107326.675530644
0.5088216984785133,1.4178,107326.675923709
0.4737876910716121,1.418,107326.676345839
0.4502993346080033,1.4182000000000001,107326.676789988
0.4944681439853877,1.4184,107326.677194463
0.43448319822275566,1.4186,107326.67765478
0.5803005361191272,1.4188,107326.677999429
0.49982630493420716,1.419,107326.678399568
0.47075437892243166,1.4192,107326.678824418
0.48279442823441837,1.4194,107326.679238673
0.3379394410368881,1.4196,107326.679830495
0.4232248937702813,1.4198,107326.680303057
0.478703666840835,1.42,107326.680720852
0.48911596055463574,1.4202,107326.681129753
0.4349859119763505,1.4203999999999999,107326.681589538
0.4371852191462782,1.4205999999999999,107326.68204701
0.4029593386541849,1.4208,107326.682543338
0.5702278371798968,1.421,107326.682894075
0.4643064360408618,1.4212,107326.683324825
0.422543550992116,1.4214,107326.683798149
0.5346407084073859,1.4216,107326.684172232
0.45991812923792774,1.4218,107326.684607092
0.5697405106204928,1.422,107326.684958129
0.465400927707615,1.4222000000000001,107326.685387866
0.5126128504560528,1.4224,107326.685778024
0.4545712791052685,1.4226,107326.686217999
0.48513191538232814,1.4228,107326.686630258
0.4449022053287378,1.423,107326.687079795
0.41448542744809164,1.4232,107326.687562321
0.43619169968856636,1.4234,107326.688020835
0.5001963404666502,1.4236,107326.688420678
0.502472158710114,1.4238,107326.68881871
0.44189520429444407,1.424,107326.689271306
0.5067576128687653,1.4242,107326.689665972
0.4414582193969137,1.4243999999999999,107326.690119016
0.4979930786695732,1.4245999999999999,107326.690520628
0.48169093827841863,1.4248,107326.690935832
0.45119634081703686,1.425,107326.691379098
0.4688133670678167,1.4252,107326.691805707
0.41930391015767143,1.4254,107326.692282688
0.4879941256762204,1.4256,107326.692692529
0.4740560911273017,1.4258,107326.69311442
0.41004360735980433,1.426,107326.693602173
0.5843186599619903,1.4262000000000001,107326.693944452
0.3437826051530535,1.4264000000000001,107326.694526215
0.5746284212193231,1.4266,107326.694874266
0.4171420383158225,1.4268,107326.695353719
0.49709942401270674,1.427,107326.695756053
0.40154514683237913,1.4272,107326.696254129
0.3940847878041553,1.4274,107326.696761634
0.48091835345229456,1.4276,107326.697177505
0.43347088549997265,1.4278,107326.697638897
0.2599330165671583,1.428,107326.698408326
0.5439690278521263,1.4282,107326.698775994
0.46333727711958733,1.4284,107326.699207645
0.51475413850267,1.4285999999999999,107326.69959618
0.45179667953255204,1.4288,107326.700038857
0.5094360305675246,1.429,107326.700431448
0.5343935802604491,1.4292,107326.700805704
0.510752619158129,1.4294,107326.701197283
0.5349739070639431,1.4296,107326.701571133
0.5251673323408861,1.4298,107326.701951964
0.4680585206744728,1.43,107326.702379261
0.49407603383388793,1.4302000000000001,107326.702784057
0.4494856661971348,1.4304000000000001,107326.70322901
0.48233566744297496,1.4306,107326.703643659
0.46406619514376846,1.4308,107326.704074632
0.5122176752071894,1.431,107326.704465091
0.46480927818325035,1.4312,107326.704895375
0.5304842955227034,1.4314,107326.705272389
0.5068654850557255,1.4316,107326.705666971
0.48724989644260147,1.4318,107326.706077438
0.49434713299853694,1.432,107326.706482012
0.48042161607520606,1.4322,107326.706898313
0.4385157096066648,1.4324,107326.707354397
0.41604865878678166,1.4325999999999999,107326.70783511
0.30479116661312333,1.4328,107326.708491297
0.6765281842635061,1.433,107326.708786924
0.5385812862738272,1.4332,107326.70915827
0.43864651202509825,1.4334,107326.709614218
0.46061297876762053,1.4336,107326.710048422
0.4342869554327783,1.4338,107326.710508947
0.5283052675633813,1.434,107326.710887516
0.4810861031038826,1.4342,107326.711303242
0.49391497249428046,1.4344000000000001,107326.71170817
0.4753405147695616,1.4346,107326.712128921
0.5231466301719309,1.4348,107326.712511223
0.4956396021797809,1.435,107326.712914742
0.4597976074618148,1.4352,107326.713349716
0.47833157300585954,1.4354,107326.713767836
0.504116105865573,1.4356,107326.71416457
0.5382942587448117,1.4358,107326.714536114
0.534576409815934,1.436,107326.714910242
0.498906142392995,1.4362,107326.715311119
0.37089993025869106,1.4364,107326.715850348
0.5058450445118132,1.4365999999999999,107326.716245726
0.4254423043254243,1.4368,107326.716715825
0.6165493968522135,1.437,107326.717040211
0.49686231614792,1.4372,107326.717442737
0.543615653338851,1.4374,107326.717810644
0.5005668878382002,1.4376,107326.718210191
0.5299346879518634,1.4378,107326.718587596
0.5146759923390617,1.438,107326.71897619
0.5011689660860377,1.4382,107326.719375257
0.4703879027800241,1.4384000000000001,107326.719800438
0.5540503914441167,1.4386,107326.720161416
0.3616486131009125,1.4388,107326.720714439
0.4905266969581041,1.439,107326.721122164
0.6629453533417826,1.4392,107326.721423848
0.5019903846486229,1.4394,107326.721822262
0.5008639950460765,1.4396,107326.722221572
0.40383726325061403,1.4398,107326.722716821
0.5503622690794835,1.44,107326.723080218
0.6061065322014181,1.4402,107326.723410193
0.34383757141547444,1.4404,107326.723991863
0.8143090153948167,1.4405999999999999,107326.72423747
0.5162276149626973,1.4408,107326.724624896
0.5091766356682463,1.441,107326.725017687
0.4563636415531984,1.4412,107326.725455934
0.5968919925269147,1.4414,107326.725791003
0.5024002128929249,1.4416,107326.726189092
0.4880262864094292,1.4418,107326.726598906
0.5021063253018537,1.442,107326.726997228
0.508953783067333,1.4422,107326.727390191
0.5114199960122684,1.4424000000000001,107326.727781259
0.5146746624789797,1.4426,107326.728169854
0.5400588625889641,1.4428,107326.728540184
0.5202642991230008,1.443,107326.728924604
0.5220500933820601,1.4432,107326.729307709
0.5137914406269353,1.4434,107326.729696972
0.5305082120238875,1.4436,107326.730073969
0.5180635849186895,1.4438,107326.730460022
0.5012606687729873,1.444,107326.730859016
0.32400049711254486,1.4442,107326.731476299
0.5473408802434,1.4444,107326.731841702
0.8694102436966161,1.4445999999999999,107326.732071743
0.46902224556274197,1.4447999999999999,107326.732498162
1.375411740727083,1.445,107326.732643573
0.5699954399685175,1.4452,107326.732994453
0.7118426021980735,1.4454,107326.733275414
0.743486108009841,1.4456,107326.733544417
0.742048955475994,1.4458,107326.733813941
0.6240288509839851,1.446,107326.734134439
0.746009767092093,1.4462,107326.734402532
0.45887346465237616,1.4464000000000001,107326.734838382
0.6400962902913963,1.4466,107326.735150835
0.6286441695598738,1.4468,107326.73546898
0.7394262079519958,1.447,107326.73573946
0.648151146904665,1.4472,107326.73604803
0.7625816441138246,1.4474,107326.736310297
0.7670093799308373,1.4476,107326.73657105
0.6964249044738591,1.4478,107326.736858231
0.7184398230294485,1.448,107326.737136612
0.7201705485834287,1.4482,107326.737414324
0.7330572087769381,1.4484,107326.737687154
0.750654949092464,1.4485999999999999,107326.737953588
0.6971993691473785,1.4487999999999999,107326.73824045
0.750443700880481,1.449,107326.738506959
0.6846712403358565,1.4492,107326.73879907
0.6897098633476078,1.4494,107326.739089047
0.7012376830774654,1.4496,107326.739374257
0.6058421341286021,1.4498,107326.739704376
0.5929404495069219,1.45,107326.740041678
0.7435054942790369,1.4502,107326.740310674
0.7339233750828631,1.4504000000000001,107326.740583182
0.7157479202036275,1.4506000000000001,107326.74086261
0.5303520360845292,1.4508,107326.741239718
0.8831972025362865,1.451,107326.741466168
0.8371247777481042,1.4512,107326.741705081
0.7453286505830753,1.4514,107326.741973419
0.7055221153503811,1.4516,107326.742256897
0.7313576918804728,1.4518,107326.742530361
0.5570565299223178,1.452,107326.742889391
0.9646783090036453,1.4522,107326.743096714
0.7444353304634197,1.4524,107326.743365374
0.7384978829654896,1.4526,107326.743636194
0.7344408712188678,1.4527999999999999,107326.74390851
0.5970131542934883,1.453,107326.744243511
0.9116434918280121,1.4532,107326.744462895
0.7859225552283482,1.4534,107326.744717373
0.7713282007515055,1.4536,107326.744976666
0.6389858118498127,1.4538,107326.745289662
0.7699681532605989,1.454,107326.745549413
0.6688851403045682,1.4542,107326.745848418
0.6767800029296045,1.4544000000000001,107326.746143935
0.4921308362993114,1.4546000000000001,107326.746550331
0.8141963264323283,1.4548,107326.746795972
0.8014779021691786,1.455,107326.747045511
0.6698529444802744,1.4552,107326.747344084
0.5258231619673346,1.4554,107326.74772444
0.7255814738379528,1.4556,107326.748000081
0.7049998559724435,1.4558,107326.748283769
0.7137198441955209,1.456,107326.748563991
0.7066513523704151,1.4562,107326.748847016
0.5682544745604536,1.4564,107326.749198971
0.4280501208400076,1.4566,107326.749666206
0.8427262098307658,1.4567999999999999,107326.749903531
0.7213498155050739,1.457,107326.750180789
0.6046259847825464,1.4572,107326.750511572
0.8833298025493801,1.4574,107326.750737988
0.7466614621908481,1.4576,107326.751005847
0.6831698041418423,1.4578,107326.7512986
0.7494762840372325,1.458,107326.751565453
0.614811420334277,1.4582,107326.751890756
0.8343972027566939,1.4584,107326.75213045
0.6833494914374197,1.4586000000000001,107326.752423126
0.6187142659155704,1.4588,107326.752746377
0.6552865082421828,1.459,107326.753051587
0.5733468344747302,1.4592,107326.753400416
0.44154203778530177,1.4594,107326.753853374
0.39024694770695056,1.4596,107326.75436587
0.45395531720512955,1.4598,107326.754806442
0.48307311591521473,1.46,107326.755220458
0.4925550245456361,1.4602,107326.755626504
0.5125773677243076,1.4604,107326.756016689
0.4667847657599385,1.4606,107326.756445152
0.5152301971579683,1.4607999999999999,107326.756833328
0.44763158608190456,1.461,107326.757280124
0.4426855067287803,1.4612,107326.757731912
0.5466004208425166,1.4614,107326.75809781
0.4892679151043391,1.4616,107326.758506584
0.5055611728416417,1.4618,107326.758902184
0.507086530939007,1.462,107326.759296594
0.5374047060180904,1.4622,107326.759668753
0.43069567869552133,1.4624,107326.760133118
0.5469786283592091,1.4626000000000001,107326.760498763
0.5076992658029983,1.4628,107326.760892697
0.5280458427195369,1.463,107326.761271452
0.47063252744085166,1.4632,107326.761696412
0.5048057493933483,1.4634,107326.762092604
0.5170256498889043,1.4636,107326.762479432
0.3481403189226314,1.4638,107326.763053913
0.5768127139487624,1.464,107326.763400646
0.4947874069165458,1.4642,107326.76380486
0.524602548601433,1.4644,107326.764186101
0.47233532995501326,1.4646,107326.764609529
0.5775289258177896,1.4647999999999999,107326.764955832
0.497580516128362,1.465,107326.765357777
0.5341837382643959,1.4652,107326.76573218
0.4252017139372582,1.4654,107326.766202545
0.5591418144069732,1.4656,107326.766560236
0.5042775436168535,1.4658,107326.766956843
0.4258055147376484,1.466,107326.767426541
0.5099751228351629,1.4662,107326.767818717
0.364580291972002,1.4664,107326.768367293
0.5302409735649384,1.4666000000000001,107326.76874448
0.47251163426765747,1.4668,107326.76916775
0.5335567119782525,1.467,107326.769542593
0.49704383773414873,1.4672,107326.769944972
0.47880681392150076,1.4674,107326.770362677
0.5172890949629602,1.4676,107326.770749308
0.4958989110165513,1.4678,107326.771152616
0.5034650980785791,1.468,107326.771549863
0.5041364463604122,1.4682,107326.771946581
0.4910662649448615,1.4684,107326.772353858
0.5205256344237951,1.4686,107326.772738085
0.5041491507567278,1.4687999999999999,107326.773134793
0.5203495692620114,1.4689999999999999,107326.77351915
0.49048940956330106,1.4692,107326.773926906
0.4975111888272589,1.4694,107326.774328907
0.503329524049988,1.4696,107326.774726261
0.5183952642813244,1.4698,107326.775112067
0.5194872650075562,1.47,107326.775497062
0.49976011212683785,1.4702,107326.775897254
0.48466754149630625,1.4704,107326.776309908
0.4783613238866605,1.4706000000000001,107326.776728002
0.48252068658885916,1.4708,107326.777142492
0.5159053643980429,1.471,107326.77753016
0.5139961171455768,1.4712,107326.777919268
0.39707671844675735,1.4714,107326.778422949
0.6345560286536034,1.4716,107326.77873813
0.4796761291460501,1.4718,107326.779155078
0.31686631918692937,1.472,107326.779786259
0.5092427426872306,1.4722,107326.780178999
0.5601221057229757,1.4724,107326.780536064
0.7665155605515923,1.4726,107326.780796985
0.7014270375948916,1.4727999999999999,107326.781082118
0.4555341807756114,1.4729999999999999,107326.781521163
0.8445018600635351,1.4732,107326.781757989
1.1557352830739231,1.4734,107326.781931039
0.8344146289830935,1.4736,107326.782170728
0.5186843005776705,1.4738,107326.782556319
1.2614555794913962,1.474,107326.782714866
0.801853901456661,1.4742,107326.782964288
0.7312427074530441,1.4744,107326.783237795
0.8666186744261332,1.4746000000000001,107326.783468577
0.7946599271466656,1.4748,107326.783720257
0.7257209714258122,1.475,107326.783995845
0.687554599059342,1.4752,107326.784286731
0.48301128577249575,1.4754,107326.7847008
0.9447465052188971,1.4756,107326.784912497
0.684678266624858,1.4758,107326.785204605
0.8297687948046857,1.476,107326.785445636
0.7753951517010043,1.4762,107326.785703569
0.5740099619384931,1.4764,107326.786051995
0.467700605058184,1.4766,107326.786479619
0.5156034383327547,1.4768,107326.786867514
0.4052660258869327,1.4769999999999999,107326.787361017
0.6845189485648,1.4772,107326.787653193
0.7856415902068485,1.4774,107326.787907762
0.7622328994846229,1.4776,107326.788170149
0.7430634813307385,1.4778,107326.788439305
0.6999664247424169,1.478,107326.788725033
0.7599967986991528,1.4782,107326.788988192
0.8657933460275214,1.4784,107326.789219194
0.7907169757200602,1.4786000000000001,107326.789472129
0.751922101677585,1.4788000000000001,107326.789738114
0.7145434907419791,1.479,107326.790018013
0.7657788386237231,1.4792,107326.790279185
0.8224056594194101,1.4794,107326.790522374
0.7512273180777468,1.4796,107326.790788605
0.7694616004832734,1.4798,107326.791048527
0.682980809911809,1.48,107326.791341361
0.7582104655355295,1.4802,107326.79160514
0.7857156531024392,1.4804,107326.791859685
0.7186024741884113,1.4806,107326.792138003
0.7690591961411605,1.4808,107326.792398061
0.7463884466181833,1.4809999999999999,107326.792666018
0.7710634982814615,1.4812,107326.7929254
0.7463828529614848,1.4814,107326.793193359
0.8070047978631641,1.4816,107326.793441189
0.5541194603083106,1.4818,107326.793802122
1.1013701237775462,1.482,107326.793983714
0.7915431486850882,1.4822,107326.794236385
0.816196598648092,1.4824,107326.794481424
0.7565412692826046,1.4826,107326.794745785
0.7559121728974022,1.4828000000000001,107326.795010366
0.6669623316372423,1.483,107326.795310233
0.8671673241998554,1.4832,107326.795540869
0.7724214741772987,1.4834,107326.795799795
0.5845013567602254,1.4836,107326.796141967
1.112959923193397,1.4838,107326.796321668
0.5733829768623141,1.484,107326.796670475
1.0140239717858435,1.4842,107326.796867709
0.8309029165735734,1.4844,107326.797108411
0.8316146769731734,1.4846,107326.797348907
0.7720964199372772,1.4848,107326.797607942
0.7839386800137171,1.4849999999999999,107326.797863064
0.6596392923977454,1.4852,107326.79816626
0.5298434493132294,1.4854,107326.79854373
0.8220979596752908,1.4856,107326.79878701
0.7557865123963892,1.4858,107326.799051635
0.7307858122042951,1.486,107326.799325313
0.7753169858441794,1.4862,107326.799583272
0.5645794340926535,1.4864,107326.799937518
0.5025163429547501,1.4866,107326.800335515
0.6915820602133719,1.4868000000000001,107326.800624707
0.8163031997439463,1.487,107326.800869714
0.7502747960883706,1.4872,107326.801136283
0.8112438490554631,1.4874,107326.801382818
0.8077674714075224,1.4876,107326.801630414
0.7104392013245412,1.4878,107326.80191193
0.6881815164272536,1.488,107326.802202551
0.7255340928763817,1.4882,107326.80247821
0.8675698206620602,1.4884,107326.802708739
0.7553497485683192,1.4886,107326.802973517
0.7127253373037488,1.4888,107326.80325413
0.6759862727704314,1.4889999999999999,107326.803549994
0.8932120209429233,1.4892,107326.803773905
0.724118206411218,1.4894,107326.804050103
0.7461962836491799,1.4896,107326.804318129
0.7332426632467525,1.4898,107326.80459089
0.7518853267234951,1.49,107326.804856888
0.7168201932872849,1.4902,107326.805135898
0.8133486867401013,1.4904,107326.805381795
0.7854225374094898,1.4906,107326.805636435
0.7146762488931895,1.4908000000000001,107326.805916282
0.7602134602724591,1.491,107326.806179366
0.7876806895146137,1.4912,107326.806433276
0.7125704337322589,1.4914,107326.80671395
0.8416481430321907,1.4916,107326.806951579
0.714847387564946,1.4918,107326.807231359
0.7885813281292433,1.492,107326.807484979
0.7385251451993451,1.4922,107326.807755789
0.7418975841667187,1.4924,107326.808025368
0.8706592042123455,1.4926,107326.808255079
0.6402417428123414,1.4928,107326.808567461
0.9575654901470113,1.4929999999999999,107326.808776324
0.7529270286982067,1.4932,107326.809041954
0.8179591090652083,1.4934,107326.809286465
0.7821727088051661,1.4936,107326.809542163
0.7422995608332725,1.4938,107326.809811596
0.7237854132219227,1.494,107326.810087921
0.8058179837264151,1.4942,107326.810336116
0.8294693780011679,1.4944,107326.810577234
0.8207451942505888,1.4946,107326.810820915
0.7724453075003046,1.4948000000000001,107326.811079833
0.7866985202925281,1.495,107326.81133406
0.8010188675765088,1.4952,107326.811583742
0.49009758726010744,1.4954,107326.811991824
0.7335169495367283,1.4956,107326.812264483
0.8108130236534842,1.4958,107326.812511149
0.631072076161139,1.496,107326.81282807
0.9974067768586866,1.4962,107326.81302859
0.5437767492679685,1.4964,107326.813396388
0.5115063320119873,1.4966,107326.81378739
0.6867165036509566,1.4968,107326.814078631
0.6479411634016664,1.4969999999999999,107326.814387301
0.8612003388933408,1.4971999999999999,107326.814619535
0.7466252405588859,1.4974,107326.814887407
0.7442525142377006,1.4976,107326.815156133
0.7740387404833164,1.4978,107326.815414518
0.7634491358804544,1.498,107326.815676487
0.7625351038292595,1.4982,107326.81593877
0.7448040578256361,1.4984,107326.816207297
0.7926693758124352,1.4986,107326.816459609
0.80852511913328,1.4988000000000001,107326.816706973
0.7467005270840995,1.499,107326.816974818
0.7695444931123724,1.4992,107326.817234712
0.8057530730971743,1.4994,107326.817482927
0.7494678648863663,1.4996,107326.817749783
0.6935341900072329,1.4998,107326.818038161
0.8217061789258792,1.5,107326.818281557
0.7924809309091646,1.5002,107326.818533929
0.8126216612030385,1.5004,107326.818780046
0.7532985204454627,1.5006,107326.819045545
0.6542511605357916,1.5008,107326.819351238
1.0270155836602615,1.501,107326.819545977
0.775497399107183,1.5011999999999999,107326.819803876
0.7750676340873826,1.5013999999999998,107326.820061918
0.7546543373607172,1.5016,107326.82032694
0.7847045478210373,1.5018,107326.820581813
0.7659372103477482,1.502,107326.820842931
0.7446099665046751,1.5022,107326.821111528
0.8393169839441228,1.5024,107326.821349817
0.8634758161296264,1.5026000000000002,107326.821581439
0.8172371849317349,1.5028000000000001,107326.821826166
0.7924086938457203,1.5030000000000001,107326.822078561
0.816823321576857,1.5032,107326.822323412
0.836242743646599,1.5034,107326.822562577
0.7939500904753273,1.5036,107326.822814482
0.7256104340448664,1.5038,107326.823090112
0.9621906966147408,1.504,107326.823297971
0.848979323588517,1.5042,107326.823533548
0.8128957660961262,1.5044,107326.823779582
0.7947135503738829,1.5046,107326.824031245
0.8202638308939283,1.5048,107326.824275069
0.761623299998492,1.505,107326.824537666
0.8650182572983472,1.5051999999999999,107326.824768875
0.4948486185988414,1.5053999999999998,107326.825173039
0.9383459769689573,1.5056,107326.82538618
0.8167899238353337,1.5058,107326.825631041
0.7851327350686678,1.506,107326.825885775
0.6859322404781003,1.5062,107326.826177349
0.5699418312870792,1.5064,107326.826528262
0.5906011770694487,1.5066000000000002,107326.8268669
0.5049574066506338,1.5068000000000001,107326.827262973
1.5045059823504348,1.5070000000000001,107326.827395907
0.7781919857504673,1.5072,107326.827652913
0.5432214036237494,1.5074,107326.828021087
1.313853221976015,1.5076,107326.828173311
0.9840437738995069,1.5078,107326.828376554
0.781631660963917,1.508,107326.828632429
0.5797555182734259,1.5082,107326.828977402
1.2173002271205544,1.5084,107326.8291417
0.7528533269177343,1.5086,107326.829407356
0.9235400793978026,1.5088,107326.829623914
0.7346108490297727,1.509,107326.829896167
0.8208562716069773,1.5091999999999999,107326.830139815
0.9307347244437075,1.5093999999999999,107326.830354699
0.799555456068808,1.5096,107326.830604838
0.8101233264892296,1.5098,107326.830851714
0.694666355546963,1.51,107326.831139622
0.9265693802217922,1.5102,107326.831355472
0.8234179935694834,1.5104,107326.831598362
0.7393797462211267,1.5106000000000002,107326.831868859
0.8413082140684458,1.5108000000000001,107326.832106584
0.8715887887866615,1.5110000000000001,107326.83233605
0.7744823777826051,1.5112,107326.832594287
0.8132626820120171,1.5114,107326.83284021
0.7550902556299118,1.5116,107326.833105079
0.5831975017026741,1.5118,107326.833448016
1.4783276470993447,1.512,107326.833583304
0.801320565077473,1.5122,107326.833832892
0.7974831825854949,1.5124,107326.834083681
0.8460057898160961,1.5126,107326.834320086
0.8272598738466328,1.5128,107326.834561848
0.7951875137020163,1.513,107326.834813361
0.7345541548454775,1.5131999999999999,107326.835085635
0.9069061021176186,1.5133999999999999,107326.835306165
0.8883755935820377,1.5135999999999998,107326.835531295
0.8352683914029021,1.5138,107326.835770739
0.8169400409470826,1.514,107326.836015555
0.7769102234622278,1.5142,107326.836272985
0.8422116550380736,1.5144,107326.836510455
0.8396164753261502,1.5146,107326.836748659
0.8046703169773993,1.5148000000000001,107326.836997208
0.7484665602263936,1.5150000000000001,107326.837264421
0.8304820250814543,1.5152,107326.837505245
0.5965928639500715,1.5154,107326.837840482
0.7925029107692524,1.5156,107326.838092847
0.7732995016275471,1.5158,107326.838351479
0.7999776108867681,1.516,107326.838601486
0.8541606184208801,1.5162,107326.838835634
0.604185800997973,1.5164,107326.839166658
0.5167130867532872,1.5166,107326.83955372
0.5092933344503912,1.5168,107326.839946421
1.479618205987858,1.517,107326.840081591
0.7907576019056625,1.5171999999999999,107326.840334513
0.7293174831795622,1.5173999999999999,107326.840608742
0.870390185085252,1.5175999999999998,107326.840838524
0.6824354963310494,1.5178,107326.841131592
0.9816336086936436,1.518,107326.841335334
0.8381281029284815,1.5182,107326.841573961
0.7899705705671696,1.5184,107326.841827135
0.7673507280813862,1.5186,107326.842087772
0.7963019965416305,1.5188000000000001,107326.842338933
0.7101768354404546,1.5190000000000001,107326.842620553
0.7243935725602899,1.5192,107326.842896646
1.070910353757521,1.5194,107326.843083403
0.8087670537898614,1.5196,107326.843330693
0.7421618331838443,1.5198,107326.843600176
0.6324590713723112,1.52,107326.843916402
0.8415347685087311,1.5202,107326.844154063
1.2507895165856906,1.5204,107326.844313962
0.7789951819256373,1.5206,107326.844570703
0.8852377714457946,1.5208,107326.844796631
0.7875411320439017,1.521,107326.845050586
0.8567952439022687,1.5211999999999999,107326.845284014
0.8363126598643833,1.5213999999999999,107326.845523159
0.8322133536139543,1.5215999999999998,107326.845763482
0.7676482153335406,1.5218,107326.846024018
0.8348534626150262,1.522,107326.846263581
0.6154073465348029,1.5222,107326.846588569
1.260112340750622,1.5224,107326.846747285
0.7548537010657989,1.5226,107326.847012237
0.7361845747917183,1.5228000000000002,107326.847283908
0.939236161414163,1.5230000000000001,107326.847496847
0.7633471152600986,1.5232,107326.847758851
0.9117681981002973,1.5234,107326.847978205
0.7936003902436348,1.5236,107326.848230221
0.8362847225060016,1.5238,107326.848469374
0.8367430495095504,1.524,107326.848708396
0.6505905890482998,1.5242,107326.849015809
1.0537519034189224,1.5244,107326.849205607
0.8701932267375544,1.5246,107326.849435441
0.7806127213124621,1.5248,107326.84969165
0.8219831047932067,1.525,107326.849934964
0.7989581926245951,1.5252,107326.85018529
0.5521323239218568,1.5253999999999999,107326.850547522
0.8199443280288199,1.5255999999999998,107326.850791441
0.7601441269024347,1.5258,107326.851054549
0.7917217525709255,1.526,107326.851307163
0.830213134997132,1.5262,107326.851548065
0.5331868822303056,1.5264,107326.851923168
0.5007410925208365,1.5266,107326.852322576
0.7465723138096856,1.5268000000000002,107326.852590467
0.7393359947909599,1.5270000000000001,107326.85286098
0.8645097337151668,1.5272000000000001,107326.853092325
0.8990380172344288,1.5274,107326.853314785
0.8486334481441428,1.5276,107326.853550458
0.7922517915263511,1.5278,107326.853802903
0.8444875903003672,1.528,107326.854039733
0.8327781747924348,1.5282,107326.854279893
0.8614451320457075,1.5284,107326.854512061
0.8294900532979473,1.5286,107326.854753173
0.8467759117280211,1.5288,107326.854989363
0.8003905630065148,1.529,107326.855239241
0.8371318141929938,1.5292,107326.855478152
0.853883500128822,1.5293999999999999,107326.855712376
0.8174676360408479,1.5295999999999998,107326.855957034
0.7556265770588697,1.5298,107326.856221715
0.8634273746254507,1.53,107326.85645335
0.9101872843271156,1.5302,107326.856673085
0.8456695131849203,1.5304,107326.856909584
0.7051838305821164,1.5306,107326.857193198
0.9887969081165667,1.5308000000000002,107326.857395464
0.7214356546145901,1.5310000000000001,107326.857672689
0.6192142113265922,1.5312000000000001,107326.857995679
1.3624628077929903,1.5314,107326.858142472
0.8056005223312587,1.5316,107326.858390734
0.8458627094300677,1.5318,107326.858627179
0.7722544217407955,1.532,107326.858886161
0.8447408853890114,1.5322,107326.85912292
0.8951589435193318,1.5324,107326.859346344
0.8493867359562275,1.5326,107326.859581808
0.8278557353539066,1.5328,107326.859823396
0.6612225728594494,1.533,107326.860125866
1.0048181299112002,1.5332,107326.860324907
0.7699711296274243,1.5333999999999999,107326.860584657
0.8928212858945107,1.5335999999999999,107326.860808666
0.8190309919071056,1.5338,107326.861052857
0.7378576211275459,1.534,107326.861323912
0.9287379654536096,1.5342,107326.861539258
0.6973476257805701,1.5344,107326.861826059
0.940167716088427,1.5346,107326.862038787
0.7566557250912805,1.5348000000000002,107326.862303108
0.8907138964997663,1.5350000000000001,107326.862527647
0.7983394683995958,1.5352000000000001,107326.862778167
0.5885053104701085,1.5354,107326.863118011
0.872962163255234,1.5356,107326.863347116
0.8385076175616268,1.5358,107326.863585635
0.8118662472779169,1.536,107326.863831981
0.7001501710881975,1.5362,107326.864117634
0.5520424177456353,1.5364,107326.864479925
0.5352846294558379,1.5366,107326.864853558
0.5579391973659779,1.5368,107326.86521202
1.3914688407113924,1.537,107326.865355753
0.8119486471179849,1.5372,107326.865602074
0.8062923280852451,1.5373999999999999,107326.865850123
0.7729617967133512,1.5375999999999999,107326.866108868
0.8225984149297534,1.5377999999999998,107326.866352
0.8523913684057931,1.538,107326.866586634
0.868862597930233,1.5382,107326.86681682
0.805259924004685,1.5384,107326.867065187
0.8413082655676414,1.5386,107326.867302912
0.8287406945169128,1.5388,107326.867544242
0.8165865381388889,1.5390000000000001,107326.867789164
0.768317621882242,1.5392000000000001,107326.868049473
0.8649958274331819,1.5394,107326.868280688
0.877162174135408,1.5396,107326.868508696
0.7921168641315287,1.5398,107326.868761184
0.7792167160946435,1.54,107326.869017852
0.8917146496063837,1.5402,107326.869242139
0.9008238332114651,1.5404,107326.869464158
0.813934551156951,1.5406,107326.869709878
0.8035097077385687,1.5408,107326.869958786
0.7964066019966807,1.541,107326.870209914
0.8385603636391555,1.5412,107326.870448418
0.8341014225772708,1.5413999999999999,107326.870688197
0.8502569626267947,1.5415999999999999,107326.87092342
0.756478308364157,1.5417999999999998,107326.871187803
0.8314452864553933,1.542,107326.871428348
0.830544055047318,1.5422,107326.871669154
0.8990178460848329,1.5424,107326.871891619
0.8228251511496821,1.5426,107326.872134684
0.8027937333714145,1.5428,107326.872383814
0.8500654344590938,1.5430000000000001,107326.87261909
0.8379244766772144,1.5432000000000001,107326.872857775
0.7884632077168605,1.5434,107326.873111433
0.866055819638122,1.5436,107326.873342365
0.7211260937297119,1.5438,107326.873619709
0.9226071036722168,1.544,107326.873836486
0.7855428913284519,1.5442,107326.874091087
0.8213552157797073,1.5444,107326.874334587
0.8279242561123724,1.5446,107326.874576155
0.842385461286993,1.5448,107326.874813576
0.8334618150539054,1.545,107326.875053539
0.6885368979081719,1.5452,107326.87534401
0.6068587190970491,1.5453999999999999,107326.875673576
0.8378893311440475,1.5455999999999999,107326.875912271
0.7949062309577899,1.5457999999999998,107326.876163873
0.5428808146818836,1.546,107326.876532278
1.4812948826604282,1.5462,107326.876667295
0.5546050139192427,1.5464,107326.877027912
0.758334130013166,1.5466,107326.877291648
0.615100718908847,1.5468,107326.877616798
0.878923826014076,1.5470000000000002,107326.877844349
0.7924244103400461,1.5472000000000001,107326.878096739
1.054296316838591,1.5474,107326.878286439
0.8482735087670504,1.5476,107326.878522212
0.8334027849349952,1.5478,107326.878762192
0.783379826755605,1.548,107326.879017496
0.731601165694739,1.5482,107326.879290869
0.5887738321966587,1.5484,107326.879630558
1.5377399601060053,1.5486,107326.879760619
0.7671388432077993,1.5488,107326.880021328
0.783336874479084,1.549,107326.880276646
0.8278591262163782,1.5492,107326.880518233
0.829104901160791,1.5493999999999999,107326.880759457
0.8483239300706696,1.5495999999999999,107326.880995216
0.7426909766087029,1.5497999999999998,107326.881264507
0.7490355955507113,1.55,107326.881531517
1.0352610104807782,1.5502,107326.881724705
0.8458197635193562,1.5504,107326.881961162
0.8039619144242294,1.5506,107326.88220993
0.8377033336871629,1.5508,107326.882448678
0.8647041273901677,1.5510000000000002,107326.882679971
0.8137159635543464,1.5512000000000001,107326.882925757
0.8267366743757854,1.5514000000000001,107326.883167672
0.8550626294096804,1.5516,107326.883401573
0.7897303104006497,1.5518,107326.883654824
0.8371318651821565,1.552,107326.883893735
0.7787919106566611,1.5522,107326.884150543
0.8824956985518707,1.5524,107326.884377173
0.8530312505883711,1.5526,107326.884611631
0.8319155944987399,1.5528,107326.88485204
0.8153813602305918,1.553,107326.885097324
0.594944180365666,1.5532,107326.88543349
0.8568723253131131,1.5534,107326.885666897
1.3613035955168642,1.5535999999999999,107326.885813815
0.7932069564040168,1.5537999999999998,107326.886065956
0.7876775746597968,1.554,107326.886319867
0.9051944718961773,1.5542,107326.886540814
0.8453835761706604,1.5544,107326.886777393
0.8042819766666616,1.5546,107326.887026062
0.8634833025345531,1.5548,107326.887257682
0.8119618384018069,1.5550000000000002,107326.887503999
0.7903013999952323,1.5552000000000001,107326.887757067
0.5346078501442988,1.5554000000000001,107326.888131173
0.7945083324984007,1.5556,107326.888382901
0.8117838641606914,1.5558,107326.888629272
0.882180413507148,1.556,107326.888855983
0.8084989122888174,1.5562,107326.889103355
0.5510962784317457,1.5564,107326.889466268
0.48186617093156253,1.5566,107326.889881321
0.7046843638197857,1.5568,107326.890165136
0.7181921938121234,1.557,107326.890443613
0.8370897502499891,1.5572,107326.890682536
0.9614044213187238,1.5574,107326.890890565
0.7825399871753613,1.5575999999999999,107326.891146143
0.817404140863791,1.5577999999999999,107326.89139082
0.8392183795606358,1.558,107326.891629137
0.7987539336314631,1.5582,107326.891879527
0.8199779353138731,1.5584,107326.892123436
0.8278556854884892,1.5586,107326.892365024
0.8033257933603125,1.5588,107326.892613989
0.8602816233966927,1.5590000000000002,107326.892846471
0.7603493045632362,1.5592000000000001,107326.893109508
0.8805646514668898,1.5594000000000001,107326.893336635
0.8246708145251466,1.5596,107326.893579156
0.8442987040984175,1.5598,107326.893816039
0.6206014681508092,1.56,107326.894138307
1.1064945823054588,1.5602,107326.894319058
0.8426410097691363,1.5604,107326.894556407
0.9030445954070191,1.5606,107326.89477788
0.7876155535312733,1.5608,107326.895031811
0.7776533490554238,1.561,107326.895288995
0.8487883705225663,1.5612,107326.895524625
0.8574159745721878,1.5614,107326.895757884
0.6717879489493231,1.5615999999999999,107326.896055597
0.8593612120886036,1.5617999999999999,107326.896288328
0.862187919328717,1.562,107326.896520296
0.9636231825495436,1.5622,107326.896727846
0.6385410669124254,1.5624,107326.89704106
0.7969619737808001,1.5626,107326.897292013
0.6854785005641368,1.5628,107326.89758378
1.0076175519163417,1.563,107326.897782268
1.1766851341784639,1.5632000000000001,107326.897952237
0.8060258720322426,1.5634000000000001,107326.898200368
0.8428576346071791,1.5636,107326.898437656
0.7384515378192252,1.5638,107326.898708493
0.9381478678917803,1.564,107326.898921679
0.8343136784230772,1.5642,107326.899161397
0.81734070415642,1.5644,107326.899406093
0.8056070387988254,1.5646,107326.899654353
0.8599820085186977,1.5648,107326.899886916
0.7710070502017534,1.565,107326.900146317
0.590207274832363,1.5652,107326.900485181
0.6935197717058474,1.5654,107326.900773565
0.9109915471615369,1.5655999999999999,107326.900993106
0.8329689075017158,1.5657999999999999,107326.901233211
0.7942938101073436,1.5659999999999998,107326.901485007
0.8692288461717429,1.5662,107326.901715096
0.5786082776639712,1.5664,107326.902060753
0.5626163919353209,1.5666,107326.902416235
0.7550645774775271,1.5668,107326.902681113
0.720217231579926,1.567,107326.902958807
0.4762381001840775,1.5672000000000001,107326.903378765
1.5119329476391858,1.5674000000000001,107326.903511046
1.348154052413663,1.5676,107326.903659397
0.8362602470465981,1.5678,107326.903898557
0.5244828523902098,1.568,107326.904279885
1.9922303796570748,1.5682,107326.904380275
0.8508718870381264,1.5684,107326.904615328
0.8427156170114385,1.5686,107326.904852656
0.8153846496737301,1.5688,107326.905097939
0.7383370489811438,1.569,107326.905368818
1.0021495883855407,1.5692,107326.905568389
0.7717538277011919,1.5694,107326.905827539
0.7791803150703139,1.5695999999999999,107326.906084219
0.8733853208634231,1.5697999999999999,107326.906313213
0.7912487673171751,1.5699999999999998,107326.906565978
0.8097002252504761,1.5702,107326.906812983
0.7889234933664246,1.5704,107326.907066493
0.8556625786966838,1.5706,107326.90730023
0.753088587936008,1.5708,107326.907565803
0.8592209379432258,1.571,107326.907798572
0.7471077673225243,1.5712000000000002,107326.908066271
0.8422755012707148,1.5714000000000001,107326.908303723
0.8568356257808296,1.5716,107326.90853714
0.8041979256636986,1.5718,107326.908785835
0.7873860610178708,1.572,107326.90903984
0.6940106809581483,1.5722,107326.90932802
0.9136049365884936,1.5724,107326.909546933
0.9290831431099407,1.5726,107326.909762199
0.8424422077547007,1.5728,107326.909999604
0.6995355182752494,1.573,107326.910285508
0.8269861988526133,1.5732,107326.91052735
0.936417257407454,1.5734,107326.91074093
0.8805103813245354,1.5735999999999999,107326.910968071
0.7601932349808416,1.5737999999999999,107326.911231162
0.789880041641345,1.5739999999999998,107326.911484365
0.9178943372429678,1.5742,107326.911702255
0.8620429901552665,1.5744,107326.911934262
0.7878140645598873,1.5746,107326.912188129
0.6480083420958688,1.5748,107326.912496767
1.0785508970739992,1.575,107326.912682201
0.6014730138663581,1.5752000000000002,107326.913014718
0.7982120093257755,1.5754000000000001,107326.913265278
0.7905669270387272,1.5756000000000001,107326.913518261
0.8859750542488827,1.5758,107326.913744001
0.8378718105623791,1.576,107326.913982701
0.7636560594046308,1.5762,107326.914244599
0.4996090539271623,1.5764,107326.914644912
0.613574097547171,1.5766,107326.914970871
0.6641892444982388,1.5768,107326.91527199
1.0250417692187461,1.577,107326.915467104
0.8564320315744721,1.5772,107326.915700631
0.844362815290633,1.5774,107326.915937496
0.7953899064806996,1.5776,107326.916188945
0.8000544015055904,1.5777999999999999,107326.916438928
0.8192423850052757,1.5779999999999998,107326.916683056
0.8012884697310594,1.5782,107326.916932654
0.8251812450916524,1.5784,107326.917175025
0.8352753459103975,1.5786,107326.917414467
0.8658158172725704,1.5788,107326.917645463
0.7977408246162083,1.579,107326.917896171
0.7769494432487217,1.5792000000000002,107326.918153588
0.8692666700229036,1.5794000000000001,107326.918383667
0.809762481445904,1.5796000000000001,107326.918630653
0.8261765890885002,1.5798,107326.918872732
0.6973816654304498,1.58,107326.919159519
0.977216222765933,1.5802,107326.919364182
0.8525948943791327,1.5804,107326.91959876
0.8322652603633368,1.5806,107326.919839068
0.815850325182019,1.5808,107326.920084211
0.8277426061767441,1.581,107326.920325832
0.8552783438936175,1.5812,107326.920559674
0.8132825572580954,1.5814,107326.920805591
0.8100740970704426,1.5816,107326.921052482
0.8186119458691401,1.5817999999999999,107326.921296798
0.5807892415917603,1.5819999999999999,107326.921641157
1.5840955945364128,1.5822,107326.921767412
0.8411808758420969,1.5824,107326.922005173
0.8056069915776668,1.5826,107326.922253433
0.8089142360866007,1.5828,107326.922500678
0.8465895466337083,1.583,107326.92273692
0.838356476183135,1.5832000000000002,107326.922975482
0.7321099702747711,1.5834000000000001,107326.923248665
0.7896399272656163,1.5836000000000001,107326.923501945
0.7849509046250253,1.5838,107326.923756738
0.9547314198083052,1.584,107326.923966221
0.7377161118177925,1.5842,107326.924237328
0.8771506419541006,1.5844,107326.924465339
0.8932080735861457,1.5846,107326.924689251
0.8241373429102743,1.5848,107326.924931929
0.787851321922347,1.585,107326.925185784
0.700596548801605,1.5852,107326.925471255
0.5616652285954219,1.5854,107326.925827339
0.8997377456081143,1.5856,107326.926049626
0.8198737470238628,1.5857999999999999,107326.926293566
0.7064416645441809,1.5859999999999999,107326.926576675
0.8038456297704569,1.5862,107326.926825479
0.5940340934770802,1.5864,107326.92716216
0.5510689450557339,1.5866,107326.927525091
0.9132128464722624,1.5868,107326.927744098
0.8413435955015497,1.587,107326.927981813
0.6684871868607486,1.5872000000000002,107326.928280996
0.8354218743728733,1.5874000000000001,107326.928520396
0.9398098844763878,1.5876000000000001,107326.928733205
0.8055161955292037,1.5878,107326.928981493
0.7328235102491292,1.588,107326.92925441
0.7339476354065191,1.5882,107326.929526909
1.035036005670336,1.5884,107326.929720139
0.6891703776229371,1.5886,107326.930010343
0.9709209193723642,1.5888,107326.930216333
0.7404034543875885,1.589,107326.930486456
0.7496785639879847,1.5892,107326.930753237
0.8245722572158564,1.5894,107326.930995787
0.8290258333750636,1.5896,107326.931237034
0.5663283949757951,1.5897999999999999,107326.931590186
1.953697326026788,1.5899999999999999,107326.931692556
0.8551320569509896,1.5901999999999998,107326.931926438
0.7811859251558473,1.5904,107326.932182459
0.8637555052545308,1.5906,107326.932414006
0.6339847739720739,1.5908,107326.932729471
0.8285656293118709,1.591,107326.932970852
1.1891596120803136,1.5912,107326.933139038
0.8762398864713528,1.5914000000000001,107326.933367286
0.8331979122121643,1.5916000000000001,107326.933607325
0.678412245947561,1.5918,107326.933902131
0.9222625120516743,1.592,107326.934118989
0.8638711456479669,1.5922,107326.934350505
0.8660258052449457,1.5924,107326.934581445
0.8272667454292615,1.5926,107326.934823205
0.810638803883339,1.5928,107326.935069924
0.8575079338929277,1.593,107326.935303158
0.5822483951909952,1.5932,107326.935646654
1.4206362157699146,1.5934,107326.935787436
0.6873301026571375,1.5936,107326.936078417
0.8656809527701741,1.5937999999999999,107326.936309449
0.9033464130616109,1.5939999999999999,107326.936530848
0.7945872923109384,1.5941999999999998,107326.936782551
0.8127867364314171,1.5944,107326.937028618
0.821854766871591,1.5946,107326.93727197
0.8532277725270538,1.5948,107326.937506374
0.6772039770859749,1.595,107326.937801706
0.9427202767820431,1.5952,107326.938013858
0.53357096317683,1.5954000000000002,107326.938388691
0.8183942015994945,1.5956000000000001,107326.938633072
0.8607555872787376,1.5958,107326.938865426
0.7882177155573641,1.596,107326.939119163
0.8549346569161957,1.5962,107326.939353099
0.6157768180574202,1.5964,107326.939677892
0.47638443598875035,1.5966,107326.940097721
0.8102644585140428,1.5968,107326.940344554
0.8374578128144747,1.597,107326.940583372
0.8042787291291905,1.5972,107326.940832042
0.7904669868357537,1.5974,107326.941085057
0.7360437064194963,1.5976,107326.94135678
0.8225611956433662,1.5977999999999999,107326.941599923
0.7108432057554784,1.5979999999999999,107326.941881279
0.8969414251935096,1.5981999999999998,107326.942104259
0.8548542548986399,1.5984,107326.942338217
0.8532350822839563,1.5986,107326.942572619
0.598829274068586,1.5988,107326.942906604
0.7711824772359994,1.599,107326.943165946
1.3051677445998309,1.5992,107326.943319183
0.8991512394638904,1.5994000000000002,107326.943541615
0.7923898714229535,1.5996000000000001,107326.943794016
0.774107623362147,1.5998,107326.944052378
0.790373253344533,1.6,107326.944305423
0.7937358693956408,1.6002,107326.944557396
0.7938019758102535,1.6004,107326.944809348
0.8927973910161114,1.6006,107326.945033363
0.8032838185821632,1.6008,107326.945282341
0.7749054644894773,1.601,107326.945540437
0.8419067512074622,1.6012,107326.945777993
0.8079698120802451,1.6014,107326.946025527
0.7012056986661116,1.6016,107326.94631075
1.1524389057414086,1.6018,107326.946484295
0.7947103796475855,1.6019999999999999,107326.946735959
0.9139013977197964,1.6021999999999998,107326.946954801
0.7842890900650088,1.6024,107326.947209809
0.8765317641355527,1.6026,107326.947437981
0.8081656961155351,1.6028,107326.947685455
0.7651782533837425,1.603,107326.947946832
0.8464318810649755,1.6032,107326.948183118
0.8829749484283033,1.6034000000000002,107326.948409625
0.8103136632988134,1.6036000000000001,107326.948656443
0.8539126257074072,1.6038000000000001,107326.948890659
0.8045440781995687,1.604,107326.949139247
0.8216690403340989,1.6042,107326.949382654
0.8268939030127701,1.6044,107326.949624523
0.8429926163489853,1.6046,107326.949861773
0.555305672047746,1.6048,107326.950221935
1.2339052291081112,1.605,107326.950384022
0.8255899851999666,1.6052,107326.950626273
0.5975089957306947,1.6054,107326.950960996
0.7433949015399105,1.6056,107326.951230032
0.8876580456828636,1.6058,107326.951455344
0.7699295919795003,1.6059999999999999,107326.951715108
0.8483203694911753,1.6061999999999999,107326.951950868
0.5564675470430511,1.6064,107326.952310278
0.4445629829859394,1.6066,107326.952760158
0.6850910582473642,1.6068,107326.95305209
1.160429340780814,1.607,107326.95322444
0.8149461302037254,1.6072,107326.953469855
0.8520645237477749,1.6074000000000002,107326.953704579
0.8252765782753225,1.6076000000000001,107326.953946922
0.7491001408115407,1.6078000000000001,107326.954213909
0.7172392002178498,1.608,107326.954492756
0.811648816961374,1.6082,107326.954739168
0.8326914427699904,1.6084,107326.954979353
0.7692455776549073,1.6086,107326.955239348
0.7814117727538156,1.6088,107326.955495295
0.804903444654472,1.609,107326.955743772
0.7819708904339429,1.6092,107326.955999536
0.7728960731529708,1.6094,107326.956258303
0.7991944349033898,1.6096,107326.956508555
0.7930560070756141,1.6098,107326.956760744
0.7633966380741688,1.6099999999999999,107326.957022731
0.7937232636665204,1.6101999999999999,107326.957274708
0.6124842453544715,1.6104,107326.957601247
0.7659489916218389,1.6106,107326.957862361
1.0905006031915863,1.6108,107326.958045763
0.7942843539526834,1.611,107326.958297562
0.8205464966773098,1.6112,107326.958541302
0.8576512885375034,1.6114000000000002,107326.958774497
0.7499597213995458,1.6116000000000001,107326.959041178
0.8340213989770833,1.6118000000000001,107326.95928098
0.5584377109551079,1.612,107326.959639122
1.2788786563630872,1.6122,107326.959795509
0.7854441274716539,1.6124,107326.960050142
0.7707099797607734,1.6126,107326.960309643
0.7356132350801812,1.6128,107326.960581525
0.7654535520706186,1.613,107326.960842808
0.8865483802242013,1.6132,107326.961068402
0.8519992377077058,1.6134,107326.961303144
0.8182133966793813,1.6136,107326.961547579
0.7427710113246142,1.6138,107326.961816841
0.7079470310656614,1.6139999999999999,107326.962099348
0.8612967821194885,1.6141999999999999,107326.962331556
0.8339205435377302,1.6143999999999998,107326.962571387
0.8210888667121231,1.6146,107326.962814966
0.7676570478981926,1.6148,107326.963075499
0.6149456624075845,1.615,107326.963400731
1.2074013411181168,1.6152,107326.963566376
0.5801170764526806,1.6154,107326.963911134
0.7936413132723572,1.6156000000000001,107326.964163137
0.7962417466746913,1.6158000000000001,107326.964414317
0.7752869397057219,1.616,107326.964672286
0.5753061495144535,1.6162,107326.965019927
0.7010582288891181,1.6164,107326.96530521
0.5855983942619137,1.6166,107326.965646741
0.6895767032081459,1.6168,107326.965936774
0.7005474825972203,1.617,107326.966222265
0.8304854374924422,1.6172,107326.966463088
0.8085937120534028,1.6174,107326.966710431
0.7926694215290796,1.6176,107326.966962743
0.739655897401373,1.6178,107326.967233139
0.8132395355528137,1.6179999999999999,107326.967479069
0.7730783183235236,1.6181999999999999,107326.967737775
0.8432059042530986,1.6183999999999998,107326.967974965
0.7906263211316711,1.6186,107326.968227929
0.808753966108013,1.6188,107326.968475223
0.686348842411652,1.619,107326.96876662
0.8991148287889867,1.6192,107326.968989061
0.825794507138814,1.6194,107326.969231252
0.8286205790316005,1.6196000000000002,107326.969472617
0.7925688576655952,1.6198000000000001,107326.969724961
0.790488855120734,1.62,107326.969977969
0.7658316645942965,1.6202,107326.970239123
0.8396939851266291,1.6204,107326.970477305
0.8333472496753496,1.6206,107326.970717301
0.751718609366783,1.6208,107326.970983358
0.8606259051746645,1.621,107326.971215747
0.8438213405416317,1.6212,107326.971452764
0.795687377884359,1.6214,107326.971704119
0.8505968982435069,1.6216,107326.971939248
0.7818547419105086,1.6218,107326.97219505
0.8371493038401524,1.6219999999999999,107326.972433956
0.7882705632672232,1.6221999999999999,107326.972687676
0.8422719396657145,1.6223999999999998,107326.972925129
0.7633879032763802,1.6226,107326.973187119
0.8028903892750275,1.6228,107326.973436219
0.7662893963896525,1.623,107326.973697217
0.6741565460514617,1.6232,107326.973993884
0.7954374132992365,1.6234,107326.974245318
0.7930717034958921,1.6236000000000002,107326.974497502
0.8079339047658579,1.6238000000000001,107326.974745047
0.8150025746069549,1.624,107326.974990445
0.7543725480070058,1.6242,107326.975255566
0.8208057781725924,1.6244,107326.975499229
0.7732755720588431,1.6246,107326.975757869
0.7651724171503305,1.6248,107326.976019248
0.8148299315445446,1.625,107326.976264698
0.7021559553791659,1.6252,107326.976549535
0.6199339766730242,1.6254,107326.97687215
0.785391702933983,1.6256,107326.9771268
0.9085829513131938,1.6258,107326.977346923
0.8131833350816249,1.626,107326.97759287
0.6285078471338053,1.6261999999999999,107326.977911084
0.7437737076805548,1.6263999999999998,107326.978179983
0.5483237676709988,1.6266,107326.978544731
0.6358431229831228,1.6268,107326.978859274
0.8242392069778813,1.627,107326.979101922
0.8371703637728144,1.6272,107326.979340822
0.6403729393406254,1.6274,107326.97965314
1.1097240184179533,1.6276000000000002,107326.979833365
0.6938445387268556,1.6278000000000001,107326.980121614
0.7835393986493697,1.6280000000000001,107326.980376866
0.8274173015695032,1.6282,107326.980618582
0.8581076239733324,1.6284,107326.980851653
0.8166065276613894,1.6286,107326.981096569
0.786927567082936,1.6288,107326.981350722
0.791023435640452,1.629,107326.981603559
0.7824603742458635,1.6292,107326.981859163
0.8166065276613894,1.6294,107326.982104079
0.8018699480728362,1.6296,107326.982353496
0.7708406521706215,1.6298,107326.982612953
0.7694941694695313,1.63,107326.982872864
0.8012948699071483,1.6301999999999999,107326.98312246
0.8220473133698536,1.6303999999999998,107326.983365755
0.8172505486165351,1.6306,107326.983610478
0.788354437951805,1.6308,107326.983864171
0.7770943668087762,1.631,107326.98412154
0.8037551362852233,1.6312,107326.984370372
0.8216048908339476,1.6314,107326.984613798
0.8211023566613896,1.6316000000000002,107326.984857373
0.7503339020678226,1.6318000000000001,107326.985123921
0.7034599574582876,1.6320000000000001,107326.98540823
0.8528275691764825,1.6322,107326.985642744
0.8383740170394525,1.6324,107326.985881301
0.7769253311750551,1.6326,107326.986138726
0.8069527249275129,1.6328,107326.986386572
0.752703122252015,1.633,107326.986652281
0.8023331907288763,1.6332,107326.986901554
0.7982024596483913,1.6334,107326.987152117
0.7632626275526293,1.6336,107326.98741415
0.5413174116322722,1.6338,107326.987783619
1.5481672875076329,1.634,107326.987912804
0.7310315882728154,1.6341999999999999,107326.98818639
0.7269554887751583,1.6343999999999999,107326.98846151
0.8607073965985482,1.6346,107326.988693877
0.8147668454475289,1.6348,107326.988939346
0.7660839472083923,1.635,107326.989200414
0.7418562571954094,1.6352,107326.989470008
0.7196393098425555,1.6354,107326.989747925
0.7574150999881375,1.6356000000000002,107326.990011981
0.7465723138088567,1.6358000000000001,107326.990279872
0.7399651608138131,1.6360000000000001,107326.990550155
0.7642542990576138,1.6362,107326.990811848
0.6716164557643561,1.6364,107326.991109637
0.4990318783075678,1.6366,107326.991510413
0.7385688007117531,1.6368,107326.991781207
0.6831861045727333,1.637,107326.992073953
0.79566839938125,1.6372,107326.992325314
0.7679842532524742,1.6374,107326.992585736
0.8714711283486559,1.6376,107326.992815233
0.7701282627008245,1.6378,107326.99307493
0.6618681190376992,1.638,107326.993377105
0.8438605086974343,1.6381999999999999,107326.993614111
0.7279132905457774,1.6383999999999999,107326.993888869
0.6695927801913658,1.6385999999999998,107326.994187558
0.7285443588357294,1.6388,107326.994462078
1.120699299769489,1.639,107326.994640538
0.8495779583775637,1.6392,107326.994875949
0.7305028866723021,1.6394,107326.995149733
0.8163165328994868,1.6396,107326.995394736
0.7944105616725282,1.6398000000000001,107326.995646495
0.8040039130671454,1.6400000000000001,107326.99589525
0.6880394734214438,1.6402,107326.996185931
0.5303829814611324,1.6404,107326.996563017
0.9770634560199366,1.6406,107326.996767712
1.242675949724269,1.6408,107326.996928655
0.7351508636482934,1.641,107326.997200708
0.8778822479857697,1.6412,107326.997428529
0.7538038533688135,1.6414,107326.99769385
0.8002432974279927,1.6416,107326.997943774
0.7917593804642189,1.6418,107326.998196376
0.773081275298987,1.642,107326.998455081
0.7785797477424605,1.6421999999999999,107326.998711959
0.7509621555793261,1.6423999999999999,107326.998978284
0.7490664583099967,1.6425999999999998,107326.999245283
0.7396613906845303,1.6428,107326.999515677
0.7439424359979991,1.643,107326.999784515
0.7174579321413728,1.6432,107327.000063277
0.828696071845704,1.6434,107327.00030462
0.7814239904562801,1.6436,107327.000560563
0.7857866749720948,1.6438000000000001,107327.000815085
0.7374821643054781,1.6440000000000001,107327.001086278
0.7883575581630926,1.6442,107327.00133997
0.6950477645274376,1.6444,107327.00162772
0.7812835765596365,1.6446,107327.001883709
0.7571971518723768,1.6448,107327.002147841
0.8093332276040608,1.645,107327.002394958
0.7520125735007599,1.6452,107327.002660911
0.6767433794676093,1.6454,107327.002956444
0.7237251564966721,1.6456,107327.003232792
0.7796024931359395,1.6458,107327.003489333
0.5072318679261527,1.646,107327.00388363
1.3187392652231382,1.6461999999999999,107327.00403529
0.7012475222695738,1.6463999999999999,107327.004320496
0.49754461625940277,1.6465999999999998,107327.00472247
0.6868155421590841,1.6468,107327.005013669
0.7952096439574737,1.647,107327.005265175
0.7854318286213152,1.6472,107327.005519812
0.7631373929397086,1.6474,107327.005781888
0.6487819148208799,1.6476,107327.006090158
0.8477557676984548,1.6478000000000002,107327.006326075
0.6342501348183357,1.6480000000000001,107327.006641408
1.1406801429511577,1.6482,107327.006816742
0.5917912684631965,1.6484,107327.007154699
0.8628537048905159,1.6486,107327.007386488
0.8821920783245724,1.6488,107327.007613196
0.686784859816343,1.649,107327.007904408
0.8974405411533548,1.6492,107327.008127264
0.5651042487207238,1.6494,107327.008481181
1.2804096435776438,1.6496,107327.008637381
0.71215689930818,1.6498,107327.008918218
0.7904325728792541,1.65,107327.009171244
0.6746159127810053,1.6502,107327.009467709
0.8797666748835062,1.6503999999999999,107327.009695042
0.6803623643880304,1.6505999999999998,107327.009989003
0.42496408918543327,1.6508,107327.010459631
0.49319757332309344,1.651,107327.010865148
0.48920687469027413,1.6512,107327.011273973
0.5239195391302139,1.6514,107327.011655711
0.5415900654980025,1.6516,107327.012024994
0.5342636635829037,1.6518000000000002,107327.012399341
0.31286566133219107,1.6520000000000001,107327.013038593
1.0825263562359937,1.6522000000000001,107327.013223346
0.9270805117409048,1.6524,107327.013439077
0.8369881513996965,1.6526,107327.013678029
0.800977226885374,1.6528,107327.013927724
0.7822186053112778,1.653,107327.014183407
0.80863619602955,1.6532,107327.014430737
0.78783583146367,1.6534,107327.014684597
0.8158902815827446,1.6536,107327.014929728
0.7814820186520257,1.6538,107327.015185652
0.6830297883167266,1.654,107327.015478465
0.9593752277572658,1.6542,107327.015686934
0.8123575842319676,1.6543999999999999,107327.015933131
0.7960579163881728,1.6545999999999998,107327.016184369
0.8023621377470678,1.6548,107327.016433633
0.8289296820664056,1.655,107327.016674908
0.8534717106002494,1.6552,107327.016909245
0.49261568509024717,1.6554,107327.017315241
0.8061493136210701,1.6556,107327.017563334
0.7325282681482006,1.6558000000000002,107327.017836361
0.9212514601416278,1.6560000000000001,107327.018053457
0.8251811955479074,1.6562000000000001,107327.018295828
0.6912737317049089,1.6564,107327.018585149
0.4619246948522358,1.6566,107327.01901812
0.7915932973699242,1.6568,107327.019270775
0.3891860763429666,1.657,107327.019784668
0.8661870888359953,1.6572,107327.020015565
0.7257736657377295,1.6574,107327.020291133
0.8203041718191313,1.6576,107327.020534945
0.8351532781169391,1.6578,107327.020774422
0.793827192669662,1.658,107327.021026366
0.7636589871716919,1.6582,107327.021288263
0.7773631829643999,1.6583999999999999,107327.021545543
0.8171870871564543,1.6585999999999999,107327.021790285
0.7516536532107978,1.6588,107327.022056365
0.8285141330552038,1.659,107327.022297761
0.8170301765591929,1.6592,107327.02254255
0.8193229188314191,1.6594,107327.022786654
0.8109280315479891,1.6596,107327.023033285
0.7760691598537759,1.6598000000000002,107327.023290994
0.8619649216488671,1.6600000000000001,107327.023523022
0.7758614121224688,1.6602000000000001,107327.0237808
0.8259820539367555,1.6604,107327.024022936
0.7832049663230974,1.6606,107327.024278297
0.8354498048949979,1.6608,107327.024517689
0.8133122997555894,1.661,107327.024763597
0.8124763928231781,1.6612,107327.025009758
0.8019149568779835,1.6614,107327.025259161
0.8233264924268234,1.6616,107327.025502078
0.795405741456354,1.6618,107327.025753522
0.7785009385357096,1.662,107327.026010426
0.8239675266072967,1.6622,107327.026253154
0.36607508973218905,1.6623999999999999,107327.02679949
0.9390288866450469,1.6625999999999999,107327.027012476
0.802243084260476,1.6627999999999998,107327.027261777
0.8113886290795035,1.663,107327.027508268
0.8436006472645523,1.6632,107327.027745347
0.8531440900326193,1.6634,107327.027979774
0.7777984913400492,1.6636,107327.02823691
0.8209169699952376,1.6638,107327.02848054
0.7962417466755753,1.6640000000000001,107327.02873172
0.7859410716522202,1.6642000000000001,107327.028986192
0.7762046807689075,1.6644,107327.029243856
0.8336841627554155,1.6646,107327.029483755
0.7855737376766461,1.6648,107327.029738346
0.816966749318911,1.665,107327.029983154
0.7912644378331651,1.6652,107327.030235914
0.48106759692439516,1.6654,107327.030651656
0.8834819783280738,1.6656,107327.030878033
0.7531339822184988,1.6658,107327.03114359
0.8270238196707577,1.666,107327.031385421
0.7715304958226216,1.6662,107327.031644646
0.4009012338628218,1.6663999999999999,107327.032143522
0.7879351074084859,1.6665999999999999,107327.03239735
0.7143163594867322,1.6667999999999998,107327.032677338
0.8260878502320742,1.667,107327.032919443
0.419961606318884,1.6672,107327.033395677
0.9038690313262641,1.6674,107327.033616948
0.7759547139804565,1.6676,107327.033874695
0.7795204260804931,1.6678,107327.034131263
0.8018153079990522,1.6680000000000001,107327.034380697
0.6648273171033009,1.6682000000000001,107327.034681527
0.47193185378497915,1.6684,107327.035105317
0.954776984669786,1.6686,107327.03531479
0.7829137205420196,1.6688,107327.035570246
0.783800400560098,1.669,107327.035825413
0.7456093046499318,1.6692,107327.03609365
0.8012499306799551,1.6694,107327.03634326
0.7926128283609044,1.6696,107327.03659559
0.7773964242998238,1.6698,107327.036852859
0.7565956189784564,1.67,107327.037117201
0.7765090740046628,1.6702,107327.037374764
0.7804421074208882,1.6703999999999999,107327.037631029
0.7733204303371057,1.6705999999999999,107327.037889654
0.7569535640479615,1.6707999999999998,107327.038153871
0.7763613865055538,1.671,107327.038411483
0.7882270278131148,1.6712,107327.038665217
0.8093168332410392,1.6714,107327.038912339
0.7703388663298026,1.6716,107327.039171965
0.8037809894873422,1.6718,107327.039420789
0.792314544998133,1.6720000000000002,107327.039673214
0.7243621133593432,1.6722000000000001,107327.039949319
0.7589067500144386,1.6724,107327.040212856
0.7620760135135607,1.6726,107327.040475297
0.808773573993076,1.6728,107327.040722585
0.7652924825588096,1.673,107327.040983923
0.7905794327099833,1.6732,107327.041236902
0.7600430296460783,1.6734,107327.041500045
0.8082636975216206,1.6736,107327.041747489
0.8019728394517674,1.6738,107327.041996874
0.7781586322873795,1.674,107327.042253891
0.7842983544787627,1.6742,107327.042508896
0.7915932973699242,1.6743999999999999,107327.042761551
0.7878637418262806,1.6745999999999999,107327.043015402
0.7971303175431128,1.6747999999999998,107327.043266302
0.7980304655103079,1.675,107327.043516919
0.7895962857897546,1.6752,107327.043770213
0.5560668388689993,1.6754,107327.044129882
0.7819311175793772,1.6756,107327.044385659
0.774056701166359,1.6758,107327.044644038
0.8053701998811006,1.6760000000000002,107327.044892371
0.7647628252992461,1.6762000000000001,107327.04515389
0.6490682393530315,1.6764000000000001,107327.045462024
0.4619919280278891,1.6766,107327.045894932
0.7996609646285505,1.6768,107327.046145038
0.7657436822432854,1.677,107327.046406222
0.780213763804407,1.6772,107327.046662562
0.7426634059545851,1.6774,107327.046931863
0.7636298377962358,1.6776,107327.04719377
0.8011665121738707,1.6778,107327.047443406
0.8049974502283862,1.678,107327.047691854
0.7960705963837759,1.6782,107327.047943088
0.757417938354753,1.6784,107327.048207143
0.808221252675944,1.6785999999999999,107327.0484546
0.7939122540745637,1.6787999999999998,107327.048706517
0.7798213641254899,1.679,107327.048962986
0.7930276818736048,1.6792,107327.049215184
0.7895619929628537,1.6794,107327.049468489
0.806064824620828,1.6796,107327.049716608
0.8008969920680342,1.6798,107327.049966328
0.7777259574360281,1.6800000000000002,107327.050223488
0.8000639955478339,1.6802000000000001,107327.050473468
0.7945714899056443,1.6804000000000001,107327.050725176
0.7836468437133493,1.6806,107327.050980393
0.7835608853050308,1.6808,107327.051235638
0.8033322261244581,1.681,107327.051484601
0.798438255150398,1.6812,107327.05173509
0.657925031456729,1.6814,107327.052039076
0.9522313725904851,1.6816,107327.052249109
0.7850433563371421,1.6818,107327.052503872
0.8286548513636364,1.682,107327.052745227
0.7973591423774656,1.6822,107327.052996055
0.7578685901440648,1.6824,107327.053259953
0.8097756017890194,1.6825999999999999,107327.053506935
0.7696333510921433,1.6827999999999999,107327.053766799
0.7403897336518017,1.683,107327.054036927
0.5531921995763317,1.6832,107327.054398465
0.7077090590847068,1.6834,107327.054681067
0.7720815428130445,1.6836,107327.054940107
0.7382825542943692,1.6838,107327.055211006
0.7534630892766675,1.6840000000000002,107327.055476447
0.7579346249495673,1.6842000000000001,107327.055740322
0.6972625411921984,1.6844000000000001,107327.056027158
0.7847999888079775,1.6846,107327.056282
0.7587080879979177,1.6848,107327.056545606
0.755826496418815,1.685,107327.056810217
0.7285708911235432,1.6852,107327.057084727
0.6412352862557648,1.6854,107327.057396625
0.7701579103142764,1.6856,107327.057656312
0.7405981122794132,1.6858,107327.057926364
0.7217949464515078,1.686,107327.058203451
0.7422582291540172,1.6862,107327.058472899
0.6338481427378633,1.6864,107327.058788432
0.45016756610350267,1.6865999999999999,107327.059232711
0.6710306128897978,1.6867999999999999,107327.05953076
0.7685922618439825,1.687,107327.059790976
0.7346782731036794,1.6872,107327.060063204
0.7180890403332789,1.6874,107327.060341721
0.7380645370606639,1.6876,107327.0606127
0.7388198406675622,1.6878,107327.060883402
0.7321662487753269,1.688,107327.061156564
0.7361330784492639,1.6882000000000001,107327.061428254
0.6777777236672909,1.6884000000000001,107327.061723336
0.7825736281724601,1.6886,107327.061978903
0.7243017605767352,1.6888,107327.062255031
0.5611987231977892,1.689,107327.062611411
1.0574401449773854,1.6892,107327.062800547
0.6843713590993918,1.6894,107327.063092786
0.7609365585462196,1.6896,107327.06335562
0.7443023716315572,1.6898,107327.063624328
0.7594052451961886,1.69,107327.063887692
0.7098869423710635,1.6902,107327.064169427
0.740154087597154,1.6904,107327.064439641
0.7445905629361236,1.6905999999999999,107327.064708245
0.7546942016760163,1.6907999999999999,107327.064973253
0.6812731749865996,1.6909999999999998,107327.065266821
0.7644119982458961,1.6912,107327.06552846
0.7153818122990439,1.6914,107327.065808031
0.7088729529073754,1.6916,107327.066090169
0.7403869815877159,1.6918,107327.066360298
0.7455453999703866,1.692,107327.066628558
0.7537783039745899,1.6922000000000001,107327.066893888
0.7312721213468963,1.6924000000000001,107327.067167384
0.7064516503152064,1.6926,107327.067450489
0.7567301732706424,1.6928,107327.067714784
0.7625089591434051,1.693,107327.067977076
0.7423326375099307,1.6932,107327.068246497
0.7163503333810844,1.6934,107327.06852569
0.5746680652926607,1.6936,107327.068873717
0.9244921071287929,1.6938,107327.069090052
0.7914241393800705,1.694,107327.069342761
0.7503113727029516,1.6942,107327.069609317
0.731927777775922,1.6944,107327.069882568
0.7177746220242592,1.6945999999999999,107327.070161207
0.7364556605037058,1.6947999999999999,107327.070432778
0.7504464872376706,1.6949999999999998,107327.070699286
0.744415976316177,1.6952,107327.070967953
0.6343970125506917,1.6954,107327.071283213
0.7571168977889631,1.6956,107327.071547373
0.7474037038637426,1.6958,107327.071814966
0.723898026051283,1.696,107327.072091248
0.7149214962579081,1.6962000000000002,107327.072370999
0.6404713869511856,1.6964000000000001,107327.072683269
0.5095048114984103,1.6966,107327.073075807
0.7749715302476604,1.6968,107327.073333881
0.575728443916086,1.697,107327.073681267
0.9567638405114943,1.6972,107327.073890305
0.6983605752534212,1.6974,107327.07417669
0.7048830678196369,1.6976,107327.074460425
0.7535482720699782,1.6978,107327.074725836
0.7497601118799907,1.698,107327.074992588
0.7126440710454349,1.6982,107327.075273233
0.715868299397658,1.6984,107327.075552614
0.7602683809417502,1.6985999999999999,107327.075815679
0.7136561748889713,1.6987999999999999,107327.076095926
0.7486430521946911,1.6989999999999998,107327.076363076
0.7145409274687993,1.6992,107327.076642976
0.7264194950827297,1.6994,107327.076918299
0.6932385248049526,1.6996,107327.0772068
0.7218340305424928,1.6998,107327.077483872
0.7712478663952438,1.7,107327.077743192
0.7402828569520002,1.7002000000000002,107327.078013359
0.720066826063269,1.7004000000000001,107327.078291111
0.7575040177780274,1.7006000000000001,107327.078555136
0.7243673436439015,1.7008,107327.078831239
0.7417132101293457,1.701,107327.079100885
0.6914792766801259,1.7012,107327.07939012
0.2803684577779102,1.7014,107327.080103467
0.3628302247375615,1.7016,107327.080654689
0.7072660950549654,1.7018,107327.080937468
0.558863705108282,1.702,107327.081295337
0.5102249141262168,1.7022,107327.081687321
0.5155037835917274,1.7024,107327.082075291
0.525170081554005,1.7026,107327.08245612
0.5067075422907509,1.7027999999999999,107327.082850825
0.5098931997558729,1.7029999999999998,107327.083243064
0.5011237759706528,1.7032,107327.083642167
0.5142366261988527,1.7034,107327.084031093
0.5107252315309119,1.7036,107327.084422693
0.5153536876791316,1.7038,107327.084810776
0.48513544298962075,1.704,107327.085223032
0.5283122534939352,1.7042000000000002,107327.085601596
0.5249040831004074,1.7044000000000001,107327.085982618
0.5020118008443858,1.7046000000000001,107327.086381015
0.4964984507858234,1.7048,107327.086783836
0.21919537662648006,1.705,107327.087696264
0.5429589237700443,1.7052,107327.088064616
0.4539419129998535,1.7054,107327.088505201
0.5000912697968002,1.7056,107327.088905128
0.4749037131678073,1.7058,107327.089326266
0.5056723688012669,1.706,107327.089721779
0.5107239220090126,1.7062,107327.09011338
0.369124234729416,1.7064,107327.090655203
0.47569326477718205,1.7066,107327.091075642
0.5271634240613843,1.7067999999999999,107327.091455031
0.5183294183223486,1.7069999999999999,107327.091840886
0.36831666178255007,1.7072,107327.092383897
0.8249191923676199,1.7074,107327.092626345
0.7648622025582724,1.7076,107327.09288783
0.6910969425816703,1.7078,107327.093177225
0.7833552692640939,1.708,107327.093432537
0.6850558517276306,1.7082000000000002,107327.093724484
0.7779528029239614,1.7084000000000001,107327.093981569
0.7532559548695451,1.7086000000000001,107327.094247083
0.6351545540128096,1.7088,107327.094561967
0.3079102128236862,1.709,107327.095211507
1.2511729013402497,1.7092,107327.095371357
2.230325969750241,1.7094,107327.09546103
1.9485390307927208,1.7096,107327.095563671
0.7903545274938099,1.7098,107327.095816722
0.7665213745420433,1.71,107327.096077641
0.7423381706236275,1.7102,107327.09634706
0.7224467744534109,1.7104,107327.096623897
0.787008091700339,1.7106,107327.096878024
0.7625758051119316,1.7107999999999999,107327.097140293
0.7568246814830003,1.7109999999999999,107327.097404555
0.7070535688324125,1.7112,107327.097687419
0.7489570621128209,1.7114,107327.097954457
0.7502607070561447,1.7116,107327.098221031
0.8062468265785001,1.7118,107327.098469094
0.5297928995568959,1.712,107327.0988466
0.4058342707509153,1.7122000000000002,107327.099339412
1.2128415828513701,1.7124000000000001,107327.099504314
0.7318393849093658,1.7126000000000001,107327.099777598
0.7108836498566448,1.7128,107327.100058938
0.7280457801044765,1.713,107327.100333646
0.7897552692286954,1.7132,107327.100586889
0.769426105151437,1.7134,107327.100846823
0.7483125595995412,1.7136,107327.101114091
0.6838939531948295,1.7138,107327.101406534
0.8881822935142027,1.714,107327.101631713
0.36525610263770614,1.7142,107327.102179274
0.8686022082659333,1.7144,107327.102409529
0.584933877675473,1.7146,107327.102751448
1.1563902065185672,1.7147999999999999,107327.1029244
0.7145791927449323,1.7149999999999999,107327.103204285
0.8240082820656557,1.7151999999999998,107327.103447001
0.4059487824608276,1.7154,107327.103939674
0.7933390956603424,1.7156,107327.104191773
0.9923785660770369,1.7158,107327.104393309
0.7972796769924464,1.716,107327.104644162
0.7160476943911056,1.7162,107327.104923473
0.549911328812338,1.7164000000000001,107327.105287168
0.44835610038394,1.7166000000000001,107327.105733242
0.7582392026333834,1.7168,107327.105997011
0.7853547227097005,1.717,107327.106251673
0.7486627083329445,1.7172,107327.106518816
0.7685066091399799,1.7174,107327.106779061
0.7510495646321207,1.7176,107327.107045355
0.7889142099316747,1.7178,107327.107298868
0.7932384075986219,1.718,107327.107550999
0.8075457301633604,1.7182,107327.107798663
0.7638864881378812,1.7184,107327.108060482
0.7357052593262211,1.7186,107327.10833233
0.408890087526127,1.7187999999999999,107327.108821459
0.7666418636945952,1.7189999999999999,107327.109082337
0.7852252296203385,1.7191999999999998,107327.109337041
0.802896815068786,1.7194,107327.109586139
0.7947041301741803,1.7196,107327.109837805
0.6728252387362346,1.7198,107327.110135059
0.6825449300241349,1.72,107327.11042808
0.8264975389019361,1.7202,107327.110670065
0.8218479849031969,1.7204000000000002,107327.110913419
0.7078769133178695,1.7206000000000001,107327.111195954
0.7424897217926707,1.7208,107327.111465318
0.8743131190269252,1.721,107327.111694069
0.8290120818210807,1.7212,107327.11193532
0.7695652621507568,1.7214,107327.112195207
0.7962385637423826,1.7216,107327.112446388
0.7570567183896385,1.7218,107327.112710569
0.763035497976252,1.722,107327.11297268
0.7538436692280847,1.7222,107327.113237987
0.786989479902068,1.7224,107327.11349212
0.7961466387224533,1.7226,107327.11374333
0.7429613737796905,1.7227999999999999,107327.114012523
0.7626805399223622,1.7229999999999999,107327.114274756
0.7454286202294557,1.7231999999999998,107327.114543058
0.7693639531330265,1.7234,107327.114803013
0.7260081427841582,1.7236,107327.115078492
0.78366221456386,1.7238,107327.115333704
0.3608577606814405,1.724,107327.115887939
0.8667463973811804,1.7242,107327.116118687
0.8045084747227205,1.7244000000000002,107327.116367286
0.7806431816767431,1.7246000000000001,107327.116623485
0.8065784619609141,1.7248,107327.116871446
0.7533154902169633,1.725,107327.117136939
0.7568618995273865,1.7252,107327.117401188
0.5000612655102306,1.7254,107327.117801139
0.8616567324528255,1.7256,107327.11803325
0.7780435693676347,1.7258,107327.118290305
0.7861172010604704,1.726,107327.11854472
0.7880499970154607,1.7262,107327.118798511
0.489916300356571,1.7264,107327.119206744
0.4929981938996492,1.7266,107327.119612425
0.8181933284111871,1.7268,107327.119856866
0.7632655523037193,1.7269999999999999,107327.120118898
0.6436642678562223,1.7271999999999998,107327.120429619
0.7925468741482461,1.7274,107327.12068197
0.7764668279760059,1.7276,107327.120939547
0.6952870042158918,1.7278,107327.121227198
0.9104110272917051,1.728,107327.121446879
0.7500862762527276,1.7282,107327.121713515
0.7910922784289438,1.7284000000000002,107327.12196633
0.7391993645762085,1.7286000000000001,107327.122236893
0.3748905780393157,1.7288000000000001,107327.122770382
0.8526639746416452,1.729,107327.123004941
0.7552670217979222,1.7292,107327.123269748
0.759494630900067,1.7294,107327.123533081
0.784710685815098,1.7296,107327.123787952
0.703910602836544,1.7298,107327.124072079
0.5128375992524427,1.73,107327.124462066
1.127707194570561,1.7302,107327.124639417
0.8102742989929321,1.7304,107327.124886247
0.739718836197612,1.7306,107327.12515662
0.726234866122861,1.7308,107327.125432013
0.6152748033737268,1.7309999999999999,107327.125757071
0.924829841331561,1.7311999999999999,107327.125973327
0.7838894964745662,1.7314,107327.126228465
0.7729707519789663,1.7316,107327.126487207
0.6309307597429363,1.7318,107327.126804199
0.8890508803215774,1.732,107327.127029158
0.7861944117991431,1.7322,107327.127283548
0.747370214384634,1.7324000000000002,107327.127551153
0.8008584906650087,1.7326000000000001,107327.127800885
0.7507789498639004,1.7328000000000001,107327.128067275
0.7707930983655622,1.733,107327.128326748
0.7947767404131776,1.7332,107327.128578391
0.7682173018005501,1.7334,107327.128838734
0.7539687258148858,1.7336,107327.129103997
0.378842409514466,1.7338,107327.129631921
0.7825185119189503,1.734,107327.129887506
0.4910505971468859,1.7342,107327.130294796
1.103807647138542,1.7344,107327.130475987
1.008710198685165,1.7346,107327.13067426
0.8034129026732146,1.7348,107327.130923198
0.4613620706801227,1.7349999999999999,107327.131356697
1.2251974823353675,1.7351999999999999,107327.131519936
0.5490237017627232,1.7354,107327.131884219
0.757214339469998,1.7356,107327.132148345
0.7378440341950412,1.7358,107327.132419405
0.8966237492543944,1.736,107327.132642464
0.7995107117275099,1.7362,107327.132892617
0.5751175307993494,1.7364000000000002,107327.133240372
0.4777431437809419,1.7366000000000001,107327.133659007
0.6930895634056456,1.7368000000000001,107327.13394757
0.7758734130757731,1.737,107327.134205344
0.7734819371231885,1.7372,107327.134463915
0.7689941775662976,1.7374,107327.134723995
0.7768528722041004,1.7376,107327.134981444
0.7206791796065581,1.7378,107327.13525896
0.7901421966222938,1.738,107327.135512079
0.7603579699636668,1.7382,107327.135775113
0.31094188591713445,1.7384,107327.13641832
0.8120343741304632,1.7386,107327.136664615
0.827848804118512,1.7388,107327.136906205
1.1024143288001829,1.7389999999999999,107327.137087625
0.6371983674355814,1.7391999999999999,107327.137401499
0.5546773103530552,1.7393999999999998,107327.137762069
1.3525211610763948,1.7396,107327.137909941
0.5891449872762526,1.7398,107327.138249416
0.673949833467733,1.74,107327.138546174
0.7085088387562279,1.7402,107327.138828457
0.8205565884884232,1.7404,107327.139072194
0.5835361125675269,1.7406000000000001,107327.139414932
0.9887626917081133,1.7408000000000001,107327.139617205
0.7851265456196035,1.741,107327.139871941
0.727669644953304,1.7412,107327.140146791
0.8607741318868631,1.7414,107327.14037914
0.7416856719957825,1.7416,107327.140648796
0.7254840757143458,1.7418,107327.140924474
0.4710659599571858,1.742,107327.141349043
1.3844184000516628,1.7422,107327.141493508
0.7816835847243899,1.7424,107327.141749366
0.7223554552626044,1.7426,107327.142026238
0.6979609192332349,1.7428,107327.142312787
0.7840769635360638,1.7429999999999999,107327.142567864
0.3764897185446317,1.7431999999999999,107327.143099087
0.8865562720591565,1.7433999999999998,107327.143324679
0.727868264332041,1.7436,107327.143599454
0.7496111388350225,1.7438,107327.143866259
0.6760525093351928,1.744,107327.144162094
0.7191864459113665,1.7442,107327.144440186
0.7763673946709568,1.7444,107327.144697796
0.7340041968020877,1.7446000000000002,107327.144970274
0.5787723820551102,1.7448000000000001,107327.145315833
0.9150093600230729,1.745,107327.14553441
0.7331189904387352,1.7452,107327.145807217
0.4882705239383867,1.7454,107327.146216826
0.7247322373572301,1.7456,107327.14649279
0.773589645797401,1.7458,107327.146751325
0.37661094880810075,1.746,107327.147282377
1.298482089634728,1.7462,107327.147436403
0.7139211183463379,1.7464,107327.147716546
0.4591009812121743,1.7466,107327.14815218
0.7371206491944834,1.7468,107327.148423506
0.739776290635175,1.7469999999999999,107327.148693858
0.7302148261833997,1.7471999999999999,107327.14896775
0.7813934691290653,1.7473999999999998,107327.149223703
0.760256815823604,1.7476,107327.149486772
0.3675497657373481,1.7478,107327.150030916
0.8611224768836907,1.748,107327.150263171
0.7065614761077423,1.7482,107327.150546232
0.7603955784075935,1.7484,107327.150809253
0.8000800171807633,1.7486000000000002,107327.151059228
0.44528256712274306,1.7488000000000001,107327.151508381
1.977026863143141,1.749,107327.151609543
0.742575169542996,1.7492,107327.151878876
0.7451426078595083,1.7494,107327.152147281
0.7850618313556498,1.7496,107327.152402038
0.7291207411283614,1.7498,107327.152676341
0.7368870791409821,1.75,107327.152947753
0.5704262589658848,1.7502,107327.153298368
0.8783101339764494,1.7504,107327.153526078
0.8488747658812551,1.7506,107327.153761684
0.7720726081393546,1.7508,107327.154020727
0.7747343663540903,1.751,107327.15427888
0.749785389602425,1.7511999999999999,107327.154545623
0.7638777421259655,1.7513999999999998,107327.154807445
0.7169152414562601,1.7516,107327.155086418
0.7311357713186556,1.7518,107327.155359965
0.7843875636412871,1.752,107327.155614941
0.7694645729351477,1.7522,107327.155874862
0.7531878847183288,1.7524,107327.1561404
0.7306229595448874,1.7526000000000002,107327.156414139
0.41198039191007774,1.7528000000000001,107327.156899599
0.7111490405261015,1.7530000000000001,107327.157180834
0.7974354310964175,1.7532,107327.157431638
0.8003841772672557,1.7534,107327.157681518
0.7984605667160297,1.7536,107327.157932
0.7166866374989994,1.7538,107327.158211062
0.7717329403663584,1.754,107327.158470219
0.6755570142314604,1.7542,107327.158766271
0.7406776167071114,1.7544,107327.159036294
0.8197124786011298,1.7546,107327.159280282
0.7979572132362095,1.7548,107327.159530922
0.6737976817436985,1.755,107327.159827747
0.8522860743306823,1.7551999999999999,107327.16006241
0.4662428433756268,1.7553999999999998,107327.160491371
0.55632669980529,1.7556,107327.160850872
1.431874872019321,1.7558,107327.160990549
0.7631752768418566,1.756,107327.161252612
0.8366730613146184,1.7562,107327.161491654
0.5822687457286863,1.7564,107327.161835138
0.45534023332368284,1.7566000000000002,107327.16227437
0.4008827464223622,1.7568000000000001,107327.162773269
1.1152872318357274,1.7570000000000001,107327.162952595
0.9580470849988499,1.7572,107327.163161353
0.7953203597369756,1.7574,107327.163412824
0.36417136319961757,1.7576,107327.163962016
0.8227100930008583,1.7578,107327.164205115
0.7460932728571104,1.758,107327.164473178
0.7364014037168454,1.7582,107327.164744769
0.6820258976891079,1.7584,107327.165038013
0.762235774075816,1.7586,107327.165300399
0.6060110433477782,1.7588,107327.165630426
0.9314412507593592,1.759,107327.165845147
0.6848353384102663,1.7591999999999999,107327.166137188
0.7874480911227435,1.7593999999999999,107327.166391173
0.7186747705331346,1.7596,107327.166669463
0.6968762601797232,1.7598,107327.166956458
0.6927870483321185,1.76,107327.167245147
0.7564525357203353,1.7602,107327.167509539
0.7193882173843228,1.7604,107327.167787553
0.7136307177585504,1.7606000000000002,107327.16806781
0.6892558836917219,1.7608000000000001,107327.168357978
0.7264669917609266,1.7610000000000001,107327.168633283
0.736179172462666,1.7612,107327.168904956
0.6979803789639019,1.7614,107327.169191497
0.7365912782404427,1.7616,107327.169463018
0.6781569025045558,1.7618,107327.169757935
0.6465900441216612,1.762,107327.17006725
0.39126233015796047,1.7622,107327.170578416
0.7868780078001644,1.7624,107327.170832585
0.7334524000335823,1.7626,107327.171105268
0.7706000901693346,1.7628,107327.171364806
0.7072960867814487,1.763,107327.171647573
0.7485478446406358,1.7631999999999999,107327.171914757
0.7064167195060436,1.7633999999999999,107327.172197876
0.7421838757920385,1.7635999999999998,107327.172467351
0.6811385938382232,1.7638,107327.172760977
0.7313523601617717,1.764,107327.173034443
0.6843596364759137,1.7642,107327.173326687
0.7709565350983095,1.7644,107327.173586105
0.5616368367917464,1.7646,107327.173942207
0.8614080397743491,1.7648000000000001,107327.174174385
0.6196516248755631,1.7650000000000001,107327.174497147
0.8522025236026048,1.7652,107327.174731833
0.38253571303675954,1.7654,107327.17525466
1.1796139247341952,1.7656,107327.175424207
0.7298471051708174,1.7658,107327.175698237
0.6393841464553702,1.766,107327.176011038
0.7014295076451237,1.7662,107327.17629617
0.4545237594546469,1.7664,107327.176736191
0.29651066055411857,1.7666,107327.177410703
0.7790619469043749,1.7668,107327.177667422
0.757891533844768,1.767,107327.177931312
0.6895267814109953,1.7671999999999999,107327.178221366
0.7132973118491962,1.7673999999999999,107327.178501754
0.7377324263835224,1.7675999999999998,107327.178772855
0.6654112653093806,1.7678,107327.179073421
0.6243405328920799,1.768,107327.179393759
0.8390352746813553,1.7682,107327.179632128
0.7239845108697002,1.7684,107327.179908377
0.6420545747366739,1.7686,107327.180219877
0.6214963283420195,1.7688000000000001,107327.180541681
0.8443022309983088,1.7690000000000001,107327.180778563
0.7431711624898201,1.7692,107327.18104768
0.676166824535168,1.7694,107327.181343465
0.7547482863007907,1.7696,107327.181608454
0.7413915258475138,1.7698,107327.181878217
0.6791056345492724,1.77,107327.182172722
0.726638561401108,1.7702,107327.182447962
0.7680874742945804,1.7704,107327.182708349
0.6979268230137479,1.7706,107327.182994912
0.6755866683280448,1.7708,107327.183290951
0.7312587369536567,1.771,107327.183564452
0.7059978190746862,1.7711999999999999,107327.183847739
0.31221656679965626,1.7713999999999999,107327.18448832
0.8800918460187731,1.7715999999999998,107327.184715569
0.7224128640515626,1.7718,107327.184992419
0.6827663109289238,1.772,107327.185285345
0.7372972884912449,1.7722,107327.185556606
0.7286770782391948,1.7724,107327.185831076
0.6932793334297707,1.7726,107327.18611956
0.6953498653489936,1.7728000000000002,107327.186407185
0.7265277059358033,1.7730000000000001,107327.186682467
0.6618046007614801,1.7732,107327.186984671
0.6990978165132234,1.7734,107327.187270754
0.8061200927020816,1.7736,107327.187518856
0.7346512941351239,1.7738,107327.187791094
0.6488429271781329,1.774,107327.188099335
0.8373666851516579,1.7742,107327.188338179
0.7527909783141246,1.7744,107327.188603857
0.7352211006638163,1.7746,107327.188875884
0.697036575284656,1.7748,107327.189162813
0.5401011599884044,1.775,107327.189533114
1.2129812707698135,1.7752,107327.189697997
0.4950617662045978,1.7753999999999999,107327.190101987
0.7264749404778378,1.7755999999999998,107327.190377289
0.5931197988216637,1.7758,107327.190714489
0.30465049163277585,1.776,107327.191370979
0.1808929944271462,1.7762,107327.192476605
0.7428675656166926,1.7764,107327.192745832
0.29097003375795694,1.7766,107327.193433188
0.6151593877494419,1.7768000000000002,107327.193758307
0.3318334402480253,1.7770000000000001,107327.194361019
1.4789727245823288,1.7772000000000001,107327.194496248
0.4780183396832564,1.7774,107327.194914642
0.30013760809640655,1.7776,107327.195581003
0.4300760824025817,1.7778,107327.196046037
4.1089696486417,1.778,107327.196094711
0.3067974033098318,1.7782,107327.196746607
0.28052655028682827,1.7784,107327.197459552
0.8205027030527414,1.7786,107327.197703305
0.2901321746872123,1.7788,107327.198392646
0.33760345379998835,1.779,107327.198985057
0.5017485891571569,1.7792,107327.199383663
0.4866629935511169,1.7793999999999999,107327.199794625
0.5046363578723866,1.7795999999999998,107327.20019095
0.20278504820716742,1.7798,107327.201177216
0.6818445378249731,1.78,107327.201470538
0.544878951119002,1.7802,107327.201837592
0.3732861467659234,1.7804,107327.202373374
0.39873919664866453,1.7806,107327.202874955
0.21971188983548123,1.7808000000000002,107327.203785238
0.4828608510205708,1.7810000000000001,107327.204199436
0.33746787866941685,1.7812000000000001,107327.204792085
0.21537984504440624,1.7814,107327.205720677
0.6681120182716459,1.7816,107327.206020028
0.22666870556585395,1.7818,107327.206902373
0.2869123478232163,1.782,107327.20759945
0.27692047792757307,1.7822,107327.208321679
0.3245604679411324,1.7824,107327.208937897
0.36407125856976563,1.7826,107327.20948724
0.13258862810009783,1.7828,107327.210995665
0.6084538428729691,1.783,107327.211324367
0.2334735727986554,1.7832,107327.212180995
1.3811391618035826,1.7833999999999999,107327.212325803
0.319520462419153,1.7835999999999999,107327.212951741
0.128043925095054,1.7838,107327.214513705
0.6771282737348587,1.784,107327.21480907
0.6650351317353701,1.7842,107327.215109806
0.43904034158513827,1.7844,107327.215565345
0.2647593397910232,1.7846,107327.216320748
0.3288559629635533,1.7848000000000002,107327.216928917
0.2716682605462848,1.7850000000000001,107327.217665109
0.5241227521000816,1.7852000000000001,107327.218046699
0.13116964644079215,1.7854,107327.219571442
0.2859516237739811,1.7856,107327.220270861
0.19072776974451258,1.7858,107327.221319476
0.05841089083091581,1.786,107327.224743495
0.2689119027645678,1.7862,107327.225487233
7.31101040337386,1.7864,107327.225514589
0.9891441144576335,1.7866,107327.225716784
2.847056027025381,1.7868,107327.225787032
8.948145639730543,1.787,107327.225809383
0.2985154855044365,1.7872,107327.226479365
2.4297791909322592,1.7873999999999999,107327.226561677
8.82885442891349,1.7875999999999999,107327.22658433
0.09375748604685738,1.7877999999999998,107327.228717493
0.3264165621760063,1.788,107327.229330207
0.3441233245630581,1.7882,107327.229911394
0.6747660822003554,1.7884,107327.230207793
0.16755161854582432,1.7886,107327.231401455
0.48520018197964265,1.7888,107327.231813656
0.07327284904612298,1.7890000000000001,107327.23454318
1.7962513876093371,1.7892000000000001,107327.234654523
8.597710146112444,1.7894,107327.234677785
9.44153768757401,1.7896,107327.234698968
5.254722690144295,1.7898,107327.234737029
10.283298152971573,1.79,107327.234756478
0.17569644050540068,1.7902,107327.235894805
0.5019777888184285,1.7904,107327.236293229
0.1960421066276699,1.7906,107327.237313418
0.19225426708963048,1.7908,107327.238353707
0.21725150610229393,1.791,107327.239274299
0.435050268636992,1.7912,107327.239734016
0.34082233157128417,1.7913999999999999,107327.240320832
0.3708538531708822,1.7915999999999999,107327.240860128
0.21766930663765918,1.7917999999999998,107327.241778953
0.1905019546726885,1.792,107327.242828811
0.2616301093775708,1.7922,107327.243593249
0.16525879999528276,1.7924,107327.244803472
0.6785549644912943,1.7926,107327.245098216
0.09982266487086054,1.7928,107327.247101769
0.12622628865989638,1.7930000000000001,107327.248686225
0.4463030375627228,1.7932000000000001,107327.249134351
0.08477967453510256,1.7934,107327.251493407
0.6213283402698416,1.7936,107327.251815298
0.12857097851396904,1.7938,107327.253370859
0.45656785019645246,1.794,107327.25380891
0.4001272401269216,1.7942,107327.254308751
0.1387972244989034,1.7944,107327.255749702
0.2640922982555246,1.7946,107327.256507013
0.23716239772593084,1.7948,107327.257350317
0.2171793173744585,1.795,107327.258271215
0.18491739773815785,1.7952,107327.259352779
0.053167351882501976,1.7953999999999999,107327.263114486
0.11287427046890358,1.7955999999999999,107327.264886369
0.6061432605277502,1.7957999999999998,107327.265216324
0.6805522035503241,1.796,107327.265510203
0.46332976395887576,1.7962,107327.265941861
0.22279753496250657,1.7964,107327.266839537
0.1218988179706806,1.7966,107327.268480242
0.20661199726108467,1.7968,107327.26944824
0.1580110832008238,1.7970000000000002,107327.270713974
0.8421442579587948,1.7972000000000001,107327.270951463
0.17096282041839148,1.7974,107327.272121308
0.15307407069664053,1.7976,107327.273427865
0.2602641676268239,1.7978,107327.274196315
0.0940454203370205,1.798,107327.276322947
0.4070931952301752,1.7982,107327.276814235
0.058477121235851234,1.7984,107327.280234376
1.021382637953177,1.7986,107327.280430189
0.174797213494464,1.7988,107327.281574372
0.053972570043534236,1.799,107327.285279958
0.30596478589199716,1.7992,107327.285933628
1.6372104346274652,1.7993999999999999,107327.286055787
1.284463716165608,1.7995999999999999,107327.286211494
5.757220288323355,1.7997999999999998,107327.286246233
0.21967207056318527,1.8,107327.287156681
0.4135521116247298,1.8002,107327.287640296
2.8607392492913637,1.8004,107327.287710208
0.2194050589087032,1.8006,107327.288621764
0.10862362994655901,1.8008,107327.290462984
1.1430073553560536,1.8010000000000002,107327.290637961
1.231360377524356,1.8012000000000001,107327.290800383
0.06542500891721713,1.8014000000000001,107327.293857318
0.2180059873934744,1.8016,107327.294774724
0.2041605871788535,1.8018,107327.295754345
0.20654713021960192,1.802,107327.296722647
0.06707043080918186,1.8022,107327.299704587
0.19974412889196255,1.8024,107327.300705868
3.224817616497772,1.8026,107327.300767887
0.3515698541595204,1.8028,107327.301336764
0.20631977949673602,1.803,107327.302306133
0.4156284675128413,1.8032,107327.302787332
0.37487301086058494,1.8034,107327.303320846
0.40239181793945966,1.8035999999999999,107327.303817874
0.25285408828561334,1.8037999999999998,107327.304608844
0.5320139364873235,1.804,107327.304984774
0.2499906252292134,1.8042,107327.305784804
0.267865634643275,1.8044,107327.306531447
0.5658316803928479,1.8046,107327.306884909
0.22402236933851213,1.8048,107327.307777677
0.4709683317376833,1.8050000000000002,107327.308202334
0.39010080303073186,1.8052000000000001,107327.308715022
0.3260823434224246,1.8054000000000001,107327.309328364
0.2644593153587723,1.8056,107327.310084624
0.3727108533933647,1.8058,107327.310621233
0.299248885830444,1.806,107327.311289573
0.31504745271509493,1.8062,107327.311924398
0.33983840558787426,1.8064,107327.312512913
0.31918136572296,1.8066,107327.313139516
0.2847566917907068,1.8068,107327.31384187
0.29532151520856115,1.807,107327.314519098
0.32956204475235557,1.8072,107327.315125964
0.3054209146741264,1.8074,107327.315780798
0.2847279095264064,1.8075999999999999,107327.316483223
0.3009926690119005,1.8077999999999999,107327.317147691
0.30092519760657865,1.808,107327.317812308
0.32237317975452134,1.8082,107327.318432707
0.3161765458985716,1.8084,107327.319065265
0.2978512965905148,1.8086,107327.319736741
0.29131290723123426,1.8088,107327.320423288
0.3064739558864965,1.8090000000000002,107327.321075872
0.31187867525797497,1.8092000000000001,107327.321717147
0.30429821281886543,1.8094000000000001,107327.322374397
0.3056631773235001,1.8096,107327.323028712
0.3051292169510447,1.8098,107327.323684172
0.29959943849960763,1.81,107327.32435173
0.3093944533823153,1.8102,107327.324998154
0.29809102406256366,1.8104,107327.32566909
0.2888537125382315,1.8106,107327.326361482
0.250647611817397,1.8108,107327.327159415
0.21715620981978703,1.811,107327.328080411
0.41726647956927004,1.8112,107327.328559721
0.2433519318587887,1.8114,107327.329381576
0.29242630418461923,1.8115999999999999,107327.330065509
0.2626647072514852,1.8117999999999999,107327.330826936
0.2540037328560035,1.812,107327.331614326
0.22871388475918356,1.8122,107327.332488781
0.2993666888506642,1.8124,107327.333156858
0.27461625806560996,1.8126,107327.333885147
0.2838647058620323,1.8128,107327.334589708
0.27024653001124893,1.813,107327.335329773
0.31815521136865715,1.8132000000000001,107327.335958397
0.18564586114432777,1.8134000000000001,107327.337035717
0.5879188744141775,1.8136,107327.3373759
0.27765745801204,1.8138,107327.338096212
0.28372537196296527,1.814,107327.338801119
0.28129632393005244,1.8142,107327.339512113
0.2762457654763022,1.8144,107327.340236106
0.28421929122933176,1.8146,107327.340939788
0.28090716346514716,1.8148,107327.341651767
0.25734229420601856,1.815,107327.342428942
0.21781960420206894,1.8152,107327.343347133
0.22384510092924903,1.8154,107327.344240608
0.280318553688805,1.8155999999999999,107327.344954082
0.2684560149068933,1.8157999999999999,107327.345699083
0.29215420016095994,1.8159999999999998,107327.346383653
0.2668516860317232,1.8162,107327.347133133
0.2918233970722715,1.8164,107327.347818479
0.2495333713518491,1.8166,107327.348619975
0.24959814732255073,1.8168,107327.349421263
0.272095146347055,1.817,107327.3501563
0.3284633211941603,1.8172000000000001,107327.350765196
0.2582611277250146,1.8174000000000001,107327.351539606
0.25575152885830166,1.8176,107327.352321615
0.28029145041138626,1.8178,107327.353035158
0.279001510204582,1.818,107327.353752
0.23200079585789143,1.8182,107327.354614066
0.27276421882530183,1.8184,107327.3553473
0.2796350244232552,1.8186,107327.356062518
0.27155759933268886,1.8188,107327.35679901
0.26120197243196847,1.819,107327.357564701
0.241873064689667,1.8192,107327.358391581
0.2889835160225693,1.8194,107327.359083662
0.22977677088952386,1.8195999999999999,107327.359954072
0.2326179168849124,1.8197999999999999,107327.360813851
0.2794673931355642,1.8199999999999998,107327.361529498
0.285401973429583,1.8202,107327.362230264
0.24042507117991122,1.8204,107327.363062124
0.23203498182238372,1.8206,107327.363924063
0.23626363115553162,1.8208,107327.364770575
0.24557173027611032,1.821,107327.365585001
0.20230506395206665,1.8212000000000002,107327.366573607
0.29926097277972724,1.8214000000000001,107327.36724192
0.23684559635041466,1.8216,107327.368086352
0.2426507177547506,1.8218,107327.368910582
0.16692567849870107,1.822,107327.37010872
0.2639361589798545,1.8222,107327.370866479
0.38652721209130914,1.8224,107327.371383907
0.254673577331746,1.8226,107327.372169226
0.37279074833941495,1.8228,107327.37270572
0.27623508305523004,1.823,107327.373429741
0.4322436379189275,1.8232,107327.373892443
0.38051606020899875,1.8234,107327.374418045
0.33222425925133975,1.8235999999999999,107327.375020048
0.2131893874246758,1.8237999999999999,107327.375958181
0.5882768150782217,1.8239999999999998,107327.376298157
0.3002471060190947,1.8242,107327.376964275
0.40053511208332143,1.8244,107327.377463607
0.28670176885946763,1.8246,107327.378161196
0.2591506060613889,1.8248,107327.378932948
0.5737498010687125,1.825,107327.379281532
0.32845900380793913,1.8252000000000002,107327.379890436
0.2942717072470631,1.8254000000000001,107327.38057008
0.39300451630362043,1.8256000000000001,107327.38107898
0.22664276478440132,1.8258,107327.381961426
0.38001933974727264,1.826,107327.382487715
0.23917065182518557,1.8262,107327.383323938
0.3134673416544178,1.8264,107327.383961963
0.33218563612471097,1.8266,107327.384564036
0.28988237522193994,1.8268,107327.385253971
0.40058887208449034,1.827,107327.385753236
0.31239359062750466,1.8272,107327.386393454
0.42083291095190123,1.8274,107327.386868702
0.3137343519337436,1.8276,107327.387506184
0.2563737710921167,1.8277999999999999,107327.388286295
0.3361022530222285,1.8279999999999998,107327.388881352
0.33606215601050654,1.8282,107327.38947648
0.3448323490131002,1.8284,107327.390056472
0.3614041929148011,1.8286,107327.390609869
0.2987915383174366,1.8288,107327.391279232
0.41789074145122745,1.829,107327.391757826
0.3469993216549334,1.8292000000000002,107327.392334196
0.40182267460747545,1.8294000000000001,107327.392831928
0.30914051259005887,1.8296000000000001,107327.393478883
0.33532628423511845,1.8298,107327.394075317
0.3608505980033207,1.83,107327.394629563
0.32927718476976214,1.8302,107327.395236954
0.3456912181034539,1.8304,107327.395815505
0.3352498468800643,1.8306,107327.396412075
0.2644425287624516,1.8308,107327.397168383
0.49176781237793327,1.831,107327.397575079
0.33169916064554705,1.8312,107327.398178035
0.3574256085955502,1.8314,107327.398737592
0.26062129159044667,1.8316,107327.399504989
0.33174923349867463,1.8317999999999999,107327.400107854
0.47692403817123386,1.8319999999999999,107327.400527208
0.34956906324859277,1.8322,107327.401099341
0.3336976262564558,1.8324,107327.401698686
0.3524160761724658,1.8326,107327.402266197
0.34666370212458714,1.8328,107327.402843125
0.33157103691425266,1.833,107327.403446314
0.36909357423748446,1.8332000000000002,107327.403988182
0.24004734032278274,1.8334000000000001,107327.404821351
0.22728435033626626,1.8336000000000001,107327.405701306
0.21754713245320442,1.8338,107327.406620647
0.69685682663255,1.834,107327.40690765
0.33146058159182323,1.8342,107327.40751104
0.3220985382768887,1.8344,107327.408131968
0.34688016214243356,1.8346,107327.408708536
0.3277501087468663,1.8348,107327.409318757
0.3270469441389497,1.835,107327.40993029
0.2599303127879366,1.8352,107327.410699727
0.3064105696399231,1.8354,107327.411352446
0.35646874833305336,1.8356,107327.411913505
0.28913976640128014,1.8357999999999999,107327.412605212
0.20592847399963138,1.8359999999999999,107327.413576423
0.26398806657316787,1.8362,107327.414334033
0.3258199314179497,1.8364,107327.414947869
0.315823044526505,1.8366,107327.415581135
0.2558572154555035,1.8368,107327.416362821
0.48664877720237376,1.837,107327.416773795
0.3323026412099019,1.8372000000000002,107327.417375656
0.25403147916848356,1.8374000000000001,107327.41816296
0.33139742652406873,1.8376000000000001,107327.418766465
0.3230506287512051,1.8378,107327.419385563
0.3719988947997165,1.838,107327.419923199
0.3024249953168985,1.8382,107327.42058452
0.35772480365910925,1.8384,107327.421143609
0.33043486600993727,1.8386,107327.421748872
0.3073896494782675,1.8388,107327.422399512
0.4454630727358346,1.839,107327.422848483
0.35122472019357387,1.8392,107327.423417919
0.32618657969806975,1.8394,107327.424031065
0.30205548846404706,1.8396,107327.424693195
0.28838306465947294,1.8397999999999999,107327.425386717
0.3153479903777401,1.8399999999999999,107327.426020937
0.33188134975604305,1.8401999999999998,107327.426623562
0.3395574228416648,1.8404,107327.427212564
0.3412916853123291,1.8406,107327.427798573
0.260839172299202,1.8408,107327.428565329
0.35134256360695987,1.841,107327.429134574
0.35606702907156285,1.8412,107327.429696266
0.27382481504110096,1.8414000000000001,107327.43042666
0.5086832058018784,1.8416000000000001,107327.430819832
0.2838534260784615,1.8418,107327.431524421
0.32095309941841954,1.842,107327.432147565
0.29703249756067956,1.8422,107327.432820892
0.32601697533783985,1.8424,107327.433434357
0.3762220115257872,1.8426,107327.433965958
0.3221187698540774,1.8428,107327.434586847
0.3427715441985247,1.843,107327.435170326
0.344879317346505,1.8432,107327.435750239
0.322734206683821,1.8434,107327.436369944
0.34108331823086313,1.8436,107327.436956311
0.3107452554395301,1.8437999999999999,107327.437599925
0.3072649749824063,1.8439999999999999,107327.438250829
0.30447471237174284,1.8441999999999998,107327.438907698
0.30334421996326394,1.8444,107327.439567015
0.3395706781747632,1.8446,107327.440155994
0.34098155222659465,1.8448,107327.440742536
0.33128104194847974,1.845,107327.441346253
0.3524545850243534,1.8452,107327.441913702
0.3419849843266159,1.8454000000000002,107327.442498523
0.33781615010434396,1.8456000000000001,107327.443090561
0.25118654466186124,1.8458,107327.443886782
0.31663505392371244,1.846,107327.444518424
0.2453250241676349,1.8462,107327.445333669
0.3711704485578926,1.8464,107327.445872505
0.3280215744372274,1.8466,107327.446482221
0.32169236157622516,1.8468,107327.447103933
0.37154209572906044,1.847,107327.44764223
0.31439719408429373,1.8472,107327.448278368
0.4088148623656606,1.8474,107327.448767587
0.3247681158837059,1.8476,107327.449383411
0.34449734855332287,1.8477999999999999,107327.449963967
0.3534461882232676,1.8479999999999999,107327.450529824
0.34371406601252175,1.8481999999999998,107327.451111703
0.2790735319118617,1.8484,107327.45182836
0.31465836406713515,1.8486,107327.45246397
0.3055137572198233,1.8488,107327.453118605
0.2651517688500727,1.849,107327.45387289
0.42283744939574874,1.8492,107327.454345885
0.3645683291959768,1.8494000000000002,107327.454894479
0.3497151608172345,1.8496000000000001,107327.455466373
0.22887196812604663,1.8498,107327.456340224
0.7122177547329358,1.85,107327.456621037
0.2694128827815196,1.8502,107327.457363392
0.3736669416590233,1.8504,107327.457898628
0.361732337014206,1.8506,107327.458451523
0.3011558311905833,1.8508,107327.459115631
0.31809499242362704,1.851,107327.459744374
0.2708247331545888,1.8512,107327.460482859
0.34246164388418465,1.8514,107327.461066866
0.3544496757369016,1.8516,107327.461631121
0.3193571982902755,1.8518,107327.462257379
0.3609619643203423,1.8519999999999999,107327.462811454
0.3510533352568146,1.8521999999999998,107327.463381168
0.28726345463967545,1.8524,107327.464077393
0.4038747750394933,1.8526,107327.464572596
0.2706396574318284,1.8528,107327.465311586
0.3543793305134165,1.853,107327.465875953
0.2812243359037159,1.8532,107327.466587129
0.3182564670932197,1.8534000000000002,107327.467215553
0.3262089307969562,1.8536000000000001,107327.467828657
0.32272274848035115,1.8538000000000001,107327.468448384
0.2982252586305447,1.854,107327.469119018
0.37781829460469735,1.8542,107327.469648373
0.3589884386035893,1.8544,107327.470205494
0.32376552317089485,1.8546,107327.470823225
0.210279733189316,1.8548,107327.471774339
1.2146240780729332,1.855,107327.471938999
0.37162633366843645,1.8552,107327.472477174
0.3259059383150612,1.8554,107327.473090848
0.31977999385839245,1.8556,107327.473716278
0.18654993435342096,1.8558,107327.474788377
0.40076225150082834,1.8559999999999999,107327.475287426
0.32299741598216,1.8561999999999999,107327.475906626
0.24213251142978884,1.8564,107327.47673262
0.3358291024229014,1.8566,107327.477328161
0.3383390534469116,1.8568,107327.477919284
0.3169024702901323,1.857,107327.478550393
0.3207914606268427,1.8572,107327.479173851
0.31220730421214216,1.8574000000000002,107327.479814451
0.34752811783311954,1.8576000000000001,107327.480389944
0.24497405182428608,1.8578000000000001,107327.481206357
0.41910445828806986,1.858,107327.481683565
0.39752737901581164,1.8582,107327.482186675
0.33350675332533775,1.8584,107327.482786363
0.34653697016361756,1.8586,107327.483363502
0.25214099212289115,1.8588,107327.484156709
0.4728601966072465,1.859,107327.484579667
0.35161310769611037,1.8592,107327.485148474
0.3398638182017028,1.8594,107327.485736945
0.2960616446051991,1.8596,107327.48641248
0.2886415179500518,1.8598,107327.487105381
0.301609999307821,1.8599999999999999,107327.487768489
0.37367531302746587,1.8601999999999999,107327.488303713
0.3119516511935838,1.8604,107327.488944838
0.35193918706751115,1.8606,107327.489513118
0.343435488190829,1.8608,107327.490095469
0.3339059796592395,1.861,107327.49069444
0.357340029051739,1.8612,107327.491254131
0.3457145221281302,1.8614000000000002,107327.491832643
0.34136683305359417,1.8616000000000001,107327.492418523
0.3028596022892184,1.8618000000000001,107327.493078895
0.2956908972873249,1.862,107327.493755277
0.23411171552727264,1.8622,107327.49460957
0.3994639210094332,1.8624,107327.495110241
0.35202962858000547,1.8626,107327.495678375
0.18666484836188513,1.8628,107327.496749814
0.4721412989507997,1.863,107327.497173416
0.7461934882502942,1.8632,107327.497441443
0.3776520641518381,1.8634,107327.497971031
0.32430205973013837,1.8636,107327.49858774
0.2700009977225464,1.8638,107327.499328478
0.40517900024735704,1.8639999999999999,107327.499822087
0.3209999801755425,1.8641999999999999,107327.50044514
0.29327276045041795,1.8643999999999998,107327.501127099
0.31598073098812746,1.8646,107327.501760049
0.23670795809635278,1.8648,107327.502604972
0.45471701184590796,1.865,107327.503044806
0.3986056742517795,1.8652,107327.503546555
0.30431580505081923,1.8654,107327.504203767
0.2883448150903199,1.8656000000000001,107327.504897381
0.2320460215597195,1.8658000000000001,107327.505759279
0.25396986334137717,1.866,107327.506546774
0.20385967790101378,1.8662,107327.507527841
0.2486278843143317,1.8664,107327.508332256
0.3768990946783682,1.8666,107327.508862902
0.21917520043063674,1.8668,107327.509775414
0.4877144748966539,1.867,107327.51018549
0.43415591449851043,1.8672,107327.510646154
0.3305501001915105,1.8674,107327.511251206
0.2213403044550452,1.8676,107327.512154792
0.44996501964154456,1.8678,107327.512599271
0.3301534049682913,1.8679999999999999,107327.51320505
0.2569026494950777,1.8681999999999999,107327.513983555
0.3006293676312075,1.8683999999999998,107327.514648826
0.26497436805018976,1.8686,107327.515403616
0.2965045068466977,1.8688,107327.516078142
0.5210015704919843,1.869,107327.516462018
0.33914515392822325,1.8692,107327.517051736
0.2713752074390088,1.8694,107327.517788723
0.5278214544008849,1.8696000000000002,107327.518167639
0.25574401442892675,1.8698000000000001,107327.518949671
0.23565036433237382,1.87,107327.519798386
0.21852144136654922,1.8702,107327.520713628
0.4629254438883368,1.8704,107327.521145663
0.7378059300743446,1.8706,107327.521416737
0.312663660498515,1.8708,107327.522056402
0.3427063471773012,1.871,107327.522639992
0.33902959556027906,1.8712,107327.523229911
0.33562791560530986,1.8714,107327.523825809
0.3265993956581599,1.8716,107327.52443818
0.18883351941396873,1.8718,107327.525497314
0.42952742738827887,1.8719999999999999,107327.525962942
0.5948167774750072,1.8721999999999999,107327.52629918
0.35881390079233066,1.8723999999999998,107327.526856572
0.277540715834203,1.8726,107327.527577187
0.18291784948563194,1.8728,107327.528670574
0.3612038214834937,1.873,107327.529224278
0.7397680880002656,1.8732,107327.529494633
0.32351152370753256,1.8734,107327.530112849
0.3395637567484918,1.8736000000000002,107327.53070184
0.20671941502048916,1.8738000000000001,107327.531669335
0.4437177303290282,1.874,107327.532120072
0.4730458477364679,1.8742,107327.532542864
0.32694857379489334,1.8744,107327.533154581
0.31252441694500294,1.8746,107327.533794531
0.28937194581625886,1.8748,107327.534485683
0.3038428576443476,1.875,107327.535143918
0.3081706829059283,1.8752,107327.535792909
0.3445347248523956,1.8754,107327.536373402
0.3032858024664598,1.8756,107327.537032846
0.23045483783031634,1.8758,107327.537900695
0.13823075582906444,1.876,107327.539347551
0.35789572034024014,1.8761999999999999,107327.539906373
0.542469964885952,1.8763999999999998,107327.540275057
0.2267655986511988,1.8766,107327.541157025
0.44880181337684777,1.8768,107327.541602656
0.3058146081211727,1.877,107327.542256647
0.4669820341768109,1.8772,107327.542684929
0.32915470868565005,1.8774,107327.543292546
0.24109602390990745,1.8776000000000002,107327.544122091
0.23486307325932115,1.8778000000000001,107327.544973651
0.4914850337375893,1.8780000000000001,107327.545380581
0.5125366336408609,1.8782,107327.545770797
0.3232657614121159,1.8784,107327.546389483
0.3081084923901395,1.8786,107327.547038605
0.19160061277530074,1.8788,107327.548082443
0.4103338441506661,1.879,107327.548569851
0.18354113271299438,1.8792,107327.549659525
0.21685670669339832,1.8794,107327.550581793
0.284072345890116,1.8796,107327.551285839
0.2800437964447225,1.8798,107327.552000013
0.24596162083998155,1.88,107327.552813148
0.33162160719421896,1.8801999999999999,107327.553416245
0.28411230110408126,1.8803999999999998,107327.554120192
0.32772003614137013,1.8806,107327.554730469
0.26985454833543276,1.8808,107327.555471609
0.45509052284976403,1.881,107327.555911082
0.32492165844167353,1.8812,107327.556526615
0.3052032565506166,1.8814,107327.557181916
0.31160219494433705,1.8816000000000002,107327.55782376
0.16074469696585159,1.8818000000000001,107327.559067969
0.49151160951817785,1.8820000000000001,107327.559474877
0.496063721978078,1.8822,107327.559878051
0.3335940976307669,1.8824,107327.560477582
0.3639573006619096,1.8826,107327.561027097
0.22219087018778644,1.8828,107327.561927224
0.551772852657199,1.883,107327.562289692
0.2878377015933937,1.8832,107327.562984528
0.28227895051975205,1.8834,107327.563693047
0.4446905120136589,1.8836,107327.564142798
0.2795716976821285,1.8838,107327.564858178
0.47153129882125494,1.884,107327.565282328
0.3589665359151702,1.8841999999999999,107327.565839483
0.30623791251102334,1.8843999999999999,107327.56649257
0.23930371954904878,1.8846,107327.567328328
0.24061945252212366,1.8848,107327.568159516
0.21377524984198082,1.885,107327.569095078
0.5496921595358653,1.8852,107327.569458918
0.5376055205434616,1.8854,107327.569830938
0.590646507888257,1.8856000000000002,107327.57016955
0.2557355106643578,1.8858000000000001,107327.570951608
0.26806740782613164,1.8860000000000001,107327.571697689
0.24159082701610848,1.8862,107327.572525535
0.369983944911127,1.8864,107327.573066099
0.23286627815110233,1.8866,107327.573924961
0.16916967456386547,1.8868,107327.575107206
0.46249831103707545,1.887,107327.57553964
0.4033380275498782,1.8872,107327.576035502
0.4289213048618989,1.8874,107327.576501788
0.3041182165720218,1.8876,107327.577159427
0.45110781050670673,1.8878,107327.57760278
0.30036343831422463,1.888,107327.57826864
0.3635411897287745,1.8881999999999999,107327.578818784
0.22256546557318058,1.8883999999999999,107327.579717396
0.27284943510363524,1.8885999999999998,107327.580450401
0.2595120921624966,1.8888,107327.581221078
0.45158551281347464,1.889,107327.581663962
0.47005845566147675,1.8892,107327.582089441
0.3638109954451408,1.8894,107327.582639177
0.31607910241495074,1.8896,107327.58327193
0.16612730500022996,1.8898000000000001,107327.584475826
0.4910228782962265,1.8900000000000001,107327.584883139
0.7836837079559947,1.8902,107327.585138344
0.3277844864316482,1.8904,107327.585748501
0.30448166679634453,1.8906,107327.586405355
0.20207000636940692,1.8908,107327.587395111
0.7435718254896829,1.891,107327.587664083
0.3242027026595695,1.8912,107327.588280981
0.33648111101499495,1.8914,107327.588875368
0.3093628707616072,1.8916,107327.589521858
0.29983478740056196,1.8918,107327.590188892
0.24762006366929798,1.892,107327.590996581
0.38104963803192926,1.8921999999999999,107327.591521447
0.3293384609434173,1.8923999999999999,107327.592128725
0.3267439938271562,1.8925999999999998,107327.592740825
0.29170975217309913,1.8928,107327.593426438
0.22119685448722715,1.893,107327.59433061
0.44369410916683677,1.8932,107327.594781371
0.3577331091098322,1.8934,107327.595340447
0.3925532713525867,1.8936,107327.595849932
0.19367777529638563,1.8938000000000001,107327.596882575
0.408954473540408,1.8940000000000001,107327.597371627
0.56862443295679,1.8942,107327.597723353
0.2075623267823163,1.8944,107327.598686919
0.265557697480498,1.8946,107327.599440051
0.26851872827277345,1.8948,107327.600184878
0.3238541192724049,1.895,107327.60080244
0.35209408287857974,1.8952,107327.60137047
0.29752917172344884,1.8954,107327.602042673
0.23182035464328854,1.8956,107327.60290541
0.18076416273731327,1.8958,107327.604011824
0.3195056659962782,1.896,107327.604637791
0.29607741714774555,1.8961999999999999,107327.60531329
0.19384935388813843,1.8963999999999999,107327.606345019
0.2579360482484929,1.8965999999999998,107327.607120405
0.25739860114132623,1.8968,107327.60789741
0.46149088300756025,1.897,107327.608330788
0.4127830658662052,1.8972,107327.608815304
0.30745627516791124,1.8974,107327.609465803
0.24718212386271998,1.8976,107327.610274923
0.29097130890141754,1.8978000000000002,107327.610962276
0.14528073694255636,1.8980000000000001,107327.612338921
0.2443801707309787,1.8982,107327.613157318
0.19125377401297136,1.8984,107327.614203049
0.1736193994173055,1.8986,107327.615354994
0.18894698137024787,1.8988,107327.616413492
0.24822549831320398,1.899,107327.617219211
0.28854615962687585,1.8992,107327.617912341
0.21915982958532707,1.8994,107327.618824917
0.174853449355941,1.8996,107327.619968732
0.22749867747507396,1.8998,107327.620847858
0.29273319137025366,1.9,107327.621531074
0.1950728479606271,1.9002,107327.622556332
0.263705430410362,1.9003999999999999,107327.623314754
0.14490569620888835,1.9005999999999998,107327.624694962
0.23027440422057033,1.9008,107327.625563491
0.22927839210027307,1.901,107327.626435793
0.2160615871265314,1.9012,107327.627361455
0.167307173905999,1.9014,107327.628556861
0.17942498016830366,1.9016,107327.629671533
0.18458817917542802,1.9018000000000002,107327.630755026
0.006586360705607431,1.9020000000000001,107327.661120809
0.14227918462348743,1.9022000000000001,107327.662526496
3.658581119671302,1.9024,107327.662581162
5.014543288600214,1.9026,107327.662621046
5.705969828042616,1.9028,107327.662656097
5.6641195026212765,1.903,107327.662691407
5.907021022088527,1.9032,107327.662725265
6.286147842321175,1.9034,107327.662757081
6.268609664878819,1.9036,107327.662788986
6.433142990235294,1.9038,107327.662820075
6.33011513822752,1.904,107327.66285167
6.6277834453637645,1.9042,107327.662881846
6.44122308584855,1.9043999999999999,107327.662912896
6.398976894879563,1.9045999999999998,107327.662944151
6.278449026368748,1.9048,107327.662976006
3.802642709392075,1.905,107327.663028601
4.210526502775888,1.9052,107327.663076101
6.440809543942076,1.9054,107327.663107153
6.540650637508179,1.9056,107327.663137731
6.167128178979888,1.9058000000000002,107327.663170161
0.06198746060976049,1.9060000000000001,107327.66639662
3.8753678926817434,1.9062000000000001,107327.666448228
5.094114461738619,1.9064,107327.666487489
5.706948356872385,1.9066,107327.666522534
5.787371167352681,1.9068,107327.666557092
5.972288157796879,1.907,107327.66659058
6.089207456499754,1.9072,107327.666623425
6.24317277112787,1.9074,107327.66665546
6.0587698748466945,1.9076,107327.66668847
6.498990127171266,1.9078,107327.666719244
6.346387461909835,1.908,107327.666750758
6.243949922267359,1.9082,107327.666782789
6.358493004956038,1.9083999999999999,107327.666814243
6.30676098148269,1.9085999999999999,107327.666845955
6.478361310545963,1.9088,107327.666876827
0.13710904306365554,1.909,107327.66833552
0.2208414706932506,1.9092,107327.669241147
4.554356394753598,1.9094,107327.669285061
5.039433333406111,1.9096,107327.669324748
3.2771844200965004,1.9098000000000002,107327.669385776
0.3405240603908184,1.9100000000000001,107327.669973106
3.6584476998768314,1.9102000000000001,107327.670027774
0.3627624408470474,1.9104,107327.670579099
0.3146355869293761,1.9106,107327.671214755
0.5342836434565028,1.9108,107327.671589088
0.3261653075795848,1.911,107327.672202274
0.1571265953283759,1.9112,107327.673475133
0.29700823400654963,1.9114,107327.674148515
0.3048055643761392,1.9116,107327.674804671
0.2367065597735716,1.9118,107327.675649599
0.2201922923811667,1.912,107327.676557896
0.2395947023087853,1.9122,107327.677392639
0.22638878067692617,1.9123999999999999,107327.678276075
0.2137736504797607,1.9125999999999999,107327.679211644
0.22359984776740646,1.9127999999999998,107327.680106099
0.20375977522821404,1.913,107327.681087647
0.2104299606040771,1.9132,107327.682038082
0.2469934704233937,1.9134,107327.68284782
0.2349480530275244,1.9136,107327.683699072
0.2475244457861053,1.9138,107327.684507073
0.21125860697795604,1.9140000000000001,107327.68545378
0.2212714898079181,1.9142000000000001,107327.686357647
0.24839012545583317,1.9144,107327.687162832
0.2206081055957869,1.9146,107327.688069417
0.23041819539699746,1.9148,107327.688937404
0.2670983003506039,1.915,107327.689686192
0.22542653443049107,1.9152,107327.690573399
0.16563805359823194,1.9154,107327.691780851
0.3471378513038565,1.9156,107327.692356991
0.20231018003753698,1.9158,107327.693345572
0.19067194694727,1.916,107327.694394494
0.2118085384056001,1.9162,107327.695338743
0.21373481094921024,1.9163999999999999,107327.696274482
0.21705110062357322,1.9165999999999999,107327.697195924
0.17820197900092663,1.9167999999999998,107327.698318246
0.19319061090999073,1.917,107327.699353493
0.2656974027494185,1.9172,107327.700106229
0.245325321939253,1.9174,107327.700921473
0.24668243073209933,1.9176,107327.701732232
0.23356955263100135,1.9178,107327.702588508
0.23902601283720237,1.9180000000000001,107327.703425237
0.2294764847040167,1.9182000000000001,107327.704296786
0.24349503046312715,1.9184,107327.705118158
0.21046561319124846,1.9186,107327.706068432
0.2690656582213357,1.9188,107327.706811745
0.22761518443981482,1.919,107327.707690421
0.1878669856511053,1.9192,107327.708755004
0.2743130524788274,1.9194,107327.709484098
0.20532615910141402,1.9196,107327.710458158
0.23350737694902562,1.9198,107327.711314662
0.21542275921161075,1.92,107327.712243069
0.25292795873029505,1.9202,107327.713033808
0.23118607783606177,1.9203999999999999,107327.713898912
0.1751114145583123,1.9205999999999999,107327.715041042
0.2347712690048864,1.9207999999999998,107327.715892935
0.23514196671257728,1.921,107327.716743485
0.23673289422925736,1.9212,107327.717588319
0.12897567541153385,1.9214,107327.719138999
0.2081789337491625,1.9216,107327.720099711
0.20828863768037564,1.9218,107327.721059917
0.23832931520435985,1.9220000000000002,107327.721899092
0.25857565808840444,1.9222000000000001,107327.72267256
0.2878087150415392,1.9224,107327.723367466
0.29543449939417593,1.9226,107327.724044435
0.37342764265915346,1.9228,107327.724580014
0.2400294727699297,1.923,107327.725413245
0.236966262312865,1.9232,107327.726257247
0.3620381307552519,1.9234,107327.726809675
0.30386039726376063,1.9236,107327.727467872
0.3013064674070688,1.9238,107327.728131648
0.33378895355609706,1.924,107327.728730829
0.27819468305266515,1.9242,107327.72944975
0.3961125495976227,1.9243999999999999,107327.729954657
0.3474786067872283,1.9245999999999999,107327.730530232
0.26492206679410973,1.9247999999999998,107327.731285171
0.2813319372910297,1.925,107327.731996075
0.22792906077185762,1.9252,107327.732873541
0.2958689318894907,1.9254,107327.733549516
0.3488179412361271,1.9256,107327.734122881
0.18534598930622753,1.9258,107327.735201944
0.28602318951527533,1.9260000000000002,107327.735901188
0.2598651294094992,1.9262000000000001,107327.736670818
0.2939559729393006,1.9264000000000001,107327.737351192
0.2725259750759473,1.9266,107327.738085067
0.28367868642885374,1.9268,107327.73879009
0.20639771016934227,1.927,107327.739759093
0.38762695019450694,1.9272,107327.740275053
0.2455825817869304,1.9274,107327.741089443
0.2896380594051358,1.9276,107327.74177996
0.10699140643367554,1.9278,107327.743649269
0.3137008890191684,1.928,107327.744286819
0.5060447046329433,1.9282,107327.744682041
0.1865988445011884,1.9284,107327.745753859
0.9461946388411786,1.9285999999999999,107327.745965232
0.7620063400030365,1.9287999999999998,107327.746227697
0.47730989053474654,1.929,107327.746646712
0.4556856987139475,1.9292,107327.747085611
0.36265258286119145,1.9294,107327.747637103
0.3105537012468832,1.9296,107327.748281114
0.3453509723120712,1.9298,107327.748860235
0.3327427173049645,1.9300000000000002,107327.7494613
0.27541836039256806,1.9302000000000001,107327.750187468
0.35718751123232517,1.9304000000000001,107327.750747398
0.3325827984707968,1.9306,107327.751348752
0.314579176929234,1.9308,107327.751984522
0.3099213527357924,1.931,107327.752629847
0.19220512161462602,1.9312,107327.753670402
0.31463163260100463,1.9314,107327.754306066
0.3485267720808882,1.9316,107327.75487991
0.3126587740320098,1.9318,107327.755519585
0.2980892461186287,1.932,107327.756190525
0.3405043612389936,1.9322,107327.756777889
0.3473729893859225,1.9324,107327.757353639
0.2953023270232282,1.9325999999999999,107327.758030911
0.2431445392989509,1.9327999999999999,107327.758853467
0.47365979165061234,1.933,107327.759275711
0.19150924461622065,1.9332,107327.760320047
0.3405397201006435,1.9334,107327.76090735
0.3228446548483534,1.9336,107327.761526843
0.3160381462418443,1.9338,107327.762159678
0.3368500415530078,1.9340000000000002,107327.762753414
0.3233368386976937,1.9342000000000001,107327.763371964
0.30195105603261424,1.9344000000000001,107327.764034323
0.33100799921694446,1.9346,107327.764638538
0.2734070644276098,1.9348,107327.765370048
0.29096876478602646,1.935,107327.766057407
0.23427598168287572,1.9352,107327.766911101
0.3004211950165569,1.9354,107327.767576833
0.24359348763871475,1.9356,107327.768397873
0.23092048400251028,1.9358,107327.769263972
0.30835741209785905,1.936,107327.76991257
0.2868033209589714,1.9362,107327.770609912
0.1984564055750688,1.9364,107327.77161769
0.2922690431711604,1.9365999999999999,107327.772301991
0.19098858770852187,1.9367999999999999,107327.773349174
0.25125911771352144,1.937,107327.774145165
0.3127438431204156,1.9372,107327.774784666
0.22720534140281828,1.9374,107327.775664927
0.4145928424513027,1.9376,107327.776147328
0.46950449910616127,1.9378,107327.776573309
0.3701229380131859,1.938,107327.77711367
0.32384416095068363,1.9382000000000001,107327.777731251
0.3126841895941369,1.9384000000000001,107327.778370874
0.32029826341736906,1.9386,107327.778995292
0.22986867743969913,1.9388,107327.779865354
0.2381632838558251,1.939,107327.780705114
0.34774927529623845,1.9392,107327.781280241
0.2607524561781801,1.9394,107327.782047252
0.4066941872026795,1.9396,107327.782539022
0.18559021882404564,1.9398,107327.783616665
0.5750778487522229,1.94,107327.783964444
0.4629404598322659,1.9402,107327.784396465
0.3325252971731212,1.9404,107327.784997923
0.31968695717056483,1.9405999999999999,107327.785623535
0.23627452047500008,1.9407999999999999,107327.786470008
0.17348852428164818,1.9409999999999998,107327.787622822
0.25264296158653904,1.9412,107327.788414453
0.3056893379800028,1.9414,107327.789068712
0.32491056669733737,1.9416,107327.789684266
0.2809229416453054,1.9418,107327.790396205
0.3352127654402394,1.942,107327.790992841
0.3083469519941767,1.9422000000000001,107327.791641461
0.2900274073597312,1.9424000000000001,107327.792331051
0.3043560909050733,1.9426,107327.792988176
0.18560675311219124,1.9428,107327.794065723
0.8993735908947472,1.943,107327.7942881
0.3548087274214244,1.9432,107327.794851784
0.34152830276333107,1.9434,107327.795437387
0.28896890335778336,1.9436,107327.796129503
0.27272144394242814,1.9438,107327.796862852
0.2328679076589453,1.944,107327.797721708
0.43269158907758,1.9442,107327.798183931
0.31080658920410353,1.9444,107327.798827418
0.33543651515900713,1.9445999999999999,107327.799423656
0.22187092772293648,1.9447999999999999,107327.800325081
0.45354970346284357,1.9449999999999998,107327.800766047
0.21428487331563534,1.9452,107327.801699384
0.2266211906145149,1.9454,107327.802581914
0.29673722686885556,1.9456,107327.803255911
0.15258218615166774,1.9458,107327.80456668
0.25440534883171423,1.946,107327.805352827
0.20051291002388424,1.9462000000000002,107327.806350269
0.22774141083561728,1.9464000000000001,107327.807228458
0.21884232337031345,1.9466,107327.808142358
0.19432871075009456,1.9468,107327.809171542
0.23199460836641123,1.947,107327.810033631
0.23133957265711877,1.9472,107327.810898161
0.2201724154606697,1.9474,107327.81180654
0.1987443344230684,1.9476,107327.812812858
0.1533745851377655,1.9478,107327.814116855
0.28178182079266517,1.948,107327.814826624
0.2460950880987102,1.9482,107327.815639318
0.3185885268081859,1.9484,107327.816267087
0.3044390211395455,1.9485999999999999,107327.816924033
0.30790499784199354,1.9487999999999999,107327.817573584
0.27178159705015226,1.9489999999999998,107327.818309469
0.4026129659532471,1.9492,107327.818806224
0.30748888682757797,1.9494,107327.819456654
0.3354033294109543,1.9496,107327.820052951
0.2876485173566768,1.9498,107327.820748244
0.3080439518950761,1.95,107327.821397502
0.33485581360955474,1.9502000000000002,107327.821994774
0.2951245425217705,1.9504000000000001,107327.822672454
0.28703546634217225,1.9506000000000001,107327.823369232
0.29652825312241593,1.9508,107327.824043704
0.17951983782064923,1.951,107327.825157787
1.2806802405019595,1.9512,107327.825313954
0.32558442534760584,1.9514,107327.825928234
0.2905760391887921,1.9516,107327.826616522
0.31725233717307194,1.9518,107327.827246935
0.32063409110539204,1.952,107327.827870699
0.3005896020531775,1.9522,107327.828536058
0.20557963821086386,1.9524,107327.829508917
0.5577586917698875,1.9526,107327.829867495
0.3332938945617436,1.9527999999999999,107327.830467566
0.19648372859875737,1.9529999999999998,107327.831485462
0.715783742669918,1.9532,107327.831764876
0.3753112704806095,1.9534,107327.832297767
0.269174297387816,1.9536,107327.83304078
0.27936862346929947,1.9538,107327.83375668
0.41509794190911614,1.954,107327.834238494
0.25118528221438297,1.9542000000000002,107327.835034719
0.44213551882390817,1.9544000000000001,107327.835487069
0.23516961604586428,1.9546000000000001,107327.836337519
0.26441980232350065,1.9548,107327.837093892
0.54878266855744,1.955,107327.837458335
0.22676173749978343,1.9552,107327.838340318
0.33221211729232797,1.9554,107327.838942343
0.5575130504722098,1.9556,107327.839301079
0.22371214699794514,1.9558,107327.840195085
0.2689111766784632,1.956,107327.840938825
0.19979461217975034,1.9562,107327.841939853
0.16986421866534362,1.9564,107327.843117264
0.35688347746746885,1.9566,107327.843677671
0.5178932206831067,1.9567999999999999,107327.844063851
0.3296190711602122,1.9569999999999999,107327.844670612
0.5179911268926897,1.9572,107327.845056719
0.24199656978516507,1.9574,107327.845883177
0.30982245300680733,1.9576,107327.846528708
0.43099175920166843,1.9578,107327.846992754
0.2689596383733119,1.958,107327.84773636
0.46224390813833766,1.9582000000000002,107327.848169032
0.22538334930109044,1.9584000000000001,107327.849056409
0.4149059148149916,1.9586000000000001,107327.849538446
0.1988188178293881,1.9588,107327.850544387
1.3495184495028902,1.959,107327.850692588
0.3322590357775765,1.9592,107327.851294528
0.31529429019115723,1.9594,107327.851928856
0.3061404150791003,1.9596,107327.852582151
0.33264808082689834,1.9598,107327.853183387
0.283975135605637,1.96,107327.853887674
0.34893966743538124,1.9602,107327.854460839
0.28915188391015695,1.9604,107327.855152517
0.3043811115110705,1.9606,107327.855809588
0.29609933439616987,1.9607999999999999,107327.856485037
0.2994715856672402,1.9609999999999999,107327.85715288
0.3459489369846028,1.9612,107327.857731
0.3027674452112315,1.9614,107327.858391573
0.27185031004104265,1.9616,107327.859127272
0.3359436139184202,1.9618,107327.85972261
0.3177190260357857,1.962,107327.860352097
0.3120728529271629,1.9622000000000002,107327.860992973
0.30532393668359936,1.9624000000000001,107327.861648015
0.33304025730363007,1.9626000000000001,107327.862248543
0.29287379500712196,1.9628,107327.862931431
0.3003246486798384,1.963,107327.863597377
0.31576720187206725,1.9632,107327.864230755
0.28466428356271595,1.9634,107327.864933337
0.36925439777702235,1.9636,107327.865474969
0.31647172208299307,1.9638,107327.866106937
0.2890185924485177,1.964,107327.866798934
0.39173517278487197,1.9642,107327.867309483
0.28985801251128335,1.9644,107327.867999476
0.337097023786332,1.9646,107327.868592777
0.19731999882558227,1.9647999999999999,107327.869606359
0.4266311680342824,1.9649999999999999,107327.870075148
0.2797144153337762,1.9651999999999998,107327.870790163
0.5961518308955326,1.9654,107327.871125648
0.29372759326314235,1.9656,107327.871806551
0.18985689478973936,1.9658,107327.872859976
0.27204481590841056,1.966,107327.873595149
0.23554434701428106,1.9662,107327.874444246
0.29663864133662765,1.9664000000000001,107327.875118467
0.30211434273481214,1.9666000000000001,107327.875780468
0.23838811474947993,1.9668,107327.876619436
0.3600528616115518,1.967,107327.87717491
0.3085238937951046,1.9672,107327.877823158
0.2794642677019358,1.9674,107327.878538813
0.3471975093744164,1.9676,107327.879114854
0.3153773259415174,1.9678,107327.879749015
0.33354958598421164,1.968,107327.880348626
0.3073112402177617,1.9682,107327.880999432
0.30091840469201764,1.9684,107327.881664064
0.33649356703814964,1.9686,107327.882258429
0.22252312458843856,1.9687999999999999,107327.883157212
0.49724526223930327,1.9689999999999999,107327.883559428
0.3068279916235697,1.9691999999999998,107327.884211259
0.3471987197610006,1.9694,107327.884787298
0.3362429517482182,1.9696,107327.885382106
0.27295854434768013,1.9698,107327.886114818
0.33958278505759354,1.97,107327.886703776
0.3410751753923328,1.9702,107327.887290157
0.3174583034771984,1.9704000000000002,107327.887920161
0.3434060035142037,1.9706000000000001,107327.888502562
0.3327847898759066,1.9708,107327.889103551
0.29476960862727736,1.971,107327.889782047
0.30577392845375073,1.9712,107327.890436125
0.344837098913338,1.9714,107327.891016109
0.3235000102435817,1.9716,107327.891634347
0.3406742960178403,1.9718,107327.892221418
0.3331240227028874,1.972,107327.892821795
0.3356819856736776,1.9722,107327.893417597
0.31617054529179817,1.9724,107327.894050167
0.32694750048108767,1.9726,107327.894661886
0.34086532255478635,1.9727999999999999,107327.895248628
0.32426683256366134,1.9729999999999999,107327.895865404
0.3464661319138622,1.9731999999999998,107327.896442661
0.26546111969768077,1.9734,107327.897196067
0.36776469097064146,1.9736,107327.897739893
0.26165065022506406,1.9738,107327.898504271
0.3205498046436155,1.974,107327.899128199
0.3981541586538928,1.9742,107327.899630517
0.32563902637202774,1.9744000000000002,107327.900244694
0.3191263595643039,1.9746000000000001,107327.900871405
0.3347022692323884,1.9748,107327.901468951
0.3106936029160048,1.975,107327.902112672
0.30032510149593994,1.9752,107327.902778617
0.41876223091788256,1.9754,107327.903256215
0.3100174344900696,1.9756,107327.90390134
0.17463939146245613,1.9758,107327.905046557
0.3038271603609374,1.976,107327.905704826
0.26333599559158866,1.9762,107327.906464312
0.2919716499656964,1.9764,107327.90714931
0.24365907784829394,1.9766,107327.907970129
0.34091412530536186,1.9768,107327.908556787
0.30144634476741694,1.9769999999999999,107327.909220255
0.28861611482200955,1.9771999999999998,107327.909913217
0.2869827473949132,1.9774,107327.910610123
0.31206700707293283,1.9776,107327.911251011
0.3047721203942972,1.9778,107327.911907239
0.34305023570652204,1.978,107327.912490244
0.3004681284313067,1.9782,107327.913155872
0.3193429215446664,1.9784000000000002,107327.913782158
0.3009550808464585,1.9786000000000001,107327.914446709
0.2890524250786874,1.9788000000000001,107327.915138625
0.34216635842742904,1.979,107327.915723136
0.3370004565184201,1.9792,107327.916316607
0.29817946959270847,1.9794,107327.916987344
0.29607040125208933,1.9796,107327.917662859
0.3117955403142858,1.9798,107327.918304305
0.3246163054518733,1.98,107327.918920417
0.30830369399491403,1.9802,107327.919569128
0.31800547196622947,1.9804,107327.920198048
0.3049356858406901,1.9806,107327.920853924
0.3307977757241993,1.9808,107327.921458523
0.2949735018074344,1.9809999999999999,107327.92213655
0.30397723416118116,1.9811999999999999,107327.922794494
0.3267573474474787,1.9814,107327.923406569
0.22174669750274736,1.9816,107327.924308499
0.48637422865086943,1.9818,107327.924719705
0.32032339828046474,1.982,107327.925344074
0.27545856809634545,1.9822,107327.926070136
0.39559309127596454,1.9824000000000002,107327.926575706
0.3141295502436599,1.9826000000000001,107327.927212386
0.3430696482168514,1.9828000000000001,107327.927795358
0.29935952272525024,1.983,107327.928463451
0.3163816052344816,1.9832,107327.929095599
0.32479026533015665,1.9834,107327.929711381
0.3193439380895221,1.9836,107327.930337665
0.3046129093158754,1.9838,107327.930994236
0.23327587073034756,1.984,107327.93185159
0.20173166386191596,1.9842,107327.932843006
0.2845116123954871,1.9844,107327.933545965
0.217358700147096,1.9846,107327.934466103
0.32747052462155557,1.9848,107327.935076845
0.29569482880579423,1.9849999999999999,107327.935753218
0.31102893012448984,1.9851999999999999,107327.936396245
0.2988875432973511,1.9854,107327.937065393
0.23808531638856203,1.9856,107327.937905428
0.18396522264108833,1.9858,107327.93899259
0.29655682790179283,1.986,107327.939666997
0.25876468195176944,1.9862,107327.9404399
0.24748769173714247,1.9864000000000002,107327.941248021
0.3011277224248741,1.9866000000000001,107327.941912191
0.32647358306912033,1.9868000000000001,107327.942524798
0.30316213366707495,1.987,107327.943184511
0.31046451725875285,1.9872,107327.943828707
0.32115409948591556,1.9874,107327.944451461
0.24099550113520699,1.9876,107327.945281352
0.41058235525617487,1.9878,107327.945768465
0.31154831504662167,1.988,107327.94641042
0.3423807422718178,1.9882,107327.946994565
0.3059470024967791,1.9884,107327.947648273
0.32034083898283283,1.9886,107327.948272608
0.31678601698082987,1.9888,107327.948903949
0.22472086954163356,1.9889999999999999,107327.949793942
0.29744509613201536,1.9891999999999999,107327.950466335
0.5285747455416063,1.9893999999999998,107327.950844711
0.3067724632122184,1.9896,107327.95149666
0.307715977494616,1.9898,107327.95214661
0.3587572638118157,1.99,107327.95270409
0.3092165049525636,1.9902,107327.953350886
0.2838264379690157,1.9904,107327.954055542
0.3193515883567053,1.9906000000000001,107327.954681811
0.32049227062314295,1.9908000000000001,107327.955305851
0.31294546305883353,1.991,107327.95594494
0.34271222654125144,1.9912,107327.95652852
0.3123574812049656,1.9914,107327.957168812
0.3019957413793388,1.9916,107327.957831073
0.3266580720333709,1.9918,107327.958443334
0.3496375204415359,1.992,107327.959015355
0.3414216062100673,1.9922,107327.959601141
0.3400071041640744,1.9924,107327.960189364
0.34993176984301216,1.9926,107327.960760904
0.22418659231303092,1.9928,107327.961653018
0.46377780835304094,1.9929999999999999,107327.962084259
0.33272998161324785,1.9931999999999999,107327.962685347
0.3133548705769662,1.9933999999999998,107327.963323601
0.310183795842931,1.9936,107327.96396838
0.33836997363132654,1.9938,107327.964559449
0.2935943594590971,1.994,107327.965240661
0.3159672484762576,1.9942,107327.965873638
0.31648323625912506,1.9944,107327.966505583
0.30369705694481935,1.9946000000000002,107327.967164134
0.33552261260437216,1.9948000000000001,107327.967760219
0.296589811553083,1.995,107327.968434551
0.3083227138455717,1.9952,107327.969083222
0.3327465841210902,1.9954,107327.96968428
0.2641393836933679,1.9956,107327.970441456
0.1988700199758308,1.9958,107327.971447138
0.28870694052439416,1.996,107327.972139882
0.2777758479215469,1.9962,107327.972859887
0.25938049311729616,1.9964,107327.973630955
0.356921699010046,1.9966,107327.974191302
0.2604271778596726,1.9968,107327.974959271
0.2740311616158233,1.9969999999999999,107327.975689115
0.3700031087927662,1.9971999999999999,107327.976229651
0.30052366488160476,1.9973999999999998,107327.976895156
0.31731022283972105,1.9976,107327.977525454
0.2827686451624485,1.9978,107327.978232746
0.31933628818921855,1.998,107327.978859045
0.3207785976495387,1.9982,107327.979482528
0.3147524465341238,1.9984,107327.980117948
0.24319007052218486,1.9986000000000002,107327.98094035
0.4138772978532778,1.9988000000000001,107327.981423585
0.3073126626101076,1.999,107327.982074388
0.31680408234116325,1.9992,107327.982705693
0.32813296904817524,1.9994,107327.983315202
0.28386712140000114,1.9996,107327.984019757
0.30834980216347907,1.9998,107327.984668371
0.31104731626514165,2.0,107327.98531136
0.331981059331474,2.0002,107327.985913804
0.2913519483546436,2.0004,107327.986600259
0.28958647303974466,2.0006,107327.987290899
0.34283089094476016,2.0008,107327.987874277
0.291860870732224,2.001,107327.988559535
0.18757467897242477,2.0012,107327.989625777
0.15531507567812358,2.0014,107327.990913482
0.2839553870790036,2.0016,107327.991617818
0.28547407662533353,2.0018,107327.992318407
0.37073424030835717,2.002,107327.992857877
0.32744907691438085,2.0022,107327.993468659
0.3426570299925536,2.0024,107327.994052333
0.31276780628052475,2.0026,107327.994691785
0.20973572360830667,2.0028,107327.995645366
0.6494265543107876,2.003,107327.99595333
0.30858720828022496,2.0032,107327.996601445
0.3308278663844455,2.0034,107327.997205989
0.3336781337965909,2.0036,107327.997805369
0.27664812852171705,2.0038,107327.998528309
0.3371839758669842,2.004,107327.999121457
0.3250848498780482,2.0042,107327.999736681
0.23104212706691712,2.0044,107328.000602324
0.378634413821542,2.0046,107328.001130538
0.19145644926320168,2.0048,107328.002175162
0.5698752363108859,2.005,107328.002526116
0.3572347209111989,2.0052,107328.003085972
0.3547785123184892,2.0054,107328.003649704
0.3357422817149459,2.0056,107328.004245399
0.17679526867352804,2.0058,107328.005376651
0.32835761711849676,2.006,107328.005985743
0.27836040155472686,2.0062,107328.006704236
0.20381501106908248,2.0064,107328.007685518
0.28851452278210404,2.0066,107328.008378724
0.29985097108249786,2.0068,107328.009045722
0.3406626938047768,2.007,107328.009632813
0.2727396715573079,2.0072,107328.010366113
0.3285966115511264,2.0074,107328.010974762
0.3401377911851493,2.0076,107328.011562759
0.3212923678829011,2.0078,107328.012185245
0.29985097108249786,2.008,107328.012852243
0.32367330138868505,2.0082,107328.01347015
0.31589638251294466,2.0084,107328.014103269
0.33225792731407205,2.0086,107328.014705211
0.3144555173429461,2.0088,107328.015341231
0.3464949476799356,2.009,107328.01591844
0.3242326609566735,2.0092,107328.016535281
0.3206803549471023,2.0094,107328.017158955
0.24738514034485987,2.0096,107328.017967411
0.15678797746473355,2.0098,107328.019243019
0.9295321698220651,2.01,107328.019458181
0.19765385144389372,2.0102,107328.020470051
0.5373281866825607,2.0104,107328.020842263
0.4853438169148865,2.0106,107328.021254342
0.3093528227815619,2.0108,107328.021900853
0.2993371136808532,2.011,107328.022568996
0.32225215802496016,2.0112,107328.023189628
0.3093035393379865,2.0114,107328.023836242
0.32586930334493697,2.0116,107328.024449985
0.1998031921710292,2.0118,107328.02545097
0.3904168341384649,2.012,107328.025963243
0.5159838843610073,2.0122,107328.026350852
0.2744896194181332,2.0124,107328.027079477
0.3269501760010769,2.0126,107328.027691191
0.3220751996294065,2.0128,107328.028312164
0.35827525819915385,2.013,107328.028870394
0.2996959569041278,2.0132,107328.029537737
0.354075677997316,2.0134,107328.030102588
0.30632843952685285,2.0136,107328.030755482
0.3295989772760947,2.0138,107328.03136228
0.32837595154426363,2.014,107328.031971338
0.3009496440938775,2.0142,107328.032635901
0.3254472091007725,2.0144,107328.03325044
0.3024844530346281,2.0146,107328.033911631
0.26125144934828226,2.0148,107328.034677177
0.4123481741362985,2.015,107328.035162204
0.32976418819060166,2.0152,107328.035768698
0.34960817963196555,2.0154,107328.036340767
0.3098776588816787,2.0156,107328.036986183
0.17534415727549754,2.0158,107328.038126797
0.8253446727330014,2.016,107328.03836912
0.3198541465900688,2.0162,107328.038994405
0.3002398911228561,2.0164,107328.039660539
0.33497583427808386,2.0166,107328.040257597
0.2455243950315818,2.0168,107328.04107218
0.2448630802883806,2.017,107328.041888963
0.3512604913405601,2.0172,107328.042458341
0.3048352970200212,2.0174,107328.043114433
0.31464004557183883,2.0176,107328.04375008
0.31063087448497095,2.0178,107328.044393931
0.2908748238515296,2.018,107328.045081512
0.33969237356957205,2.0182,107328.04567028
0.21845771189329122,2.0184,107328.046585789
0.3948979096713713,2.0186,107328.047092249
0.19160538608177702,2.0188,107328.048136061
0.4447607230315802,2.019,107328.048585741
0.3738471409764662,2.0192,107328.049120719
0.2682979218738474,2.0194,107328.049866159
0.3850026042553893,2.0196,107328.050385636
0.24760258997449203,2.0198,107328.051193382
0.8732785497161624,2.02,107328.051422404
0.29351852278926827,2.0202,107328.052103792
0.30428663849569865,2.0204,107328.052761067
0.39697189207904454,2.0206,107328.053264881
0.22775593318664009,2.0208,107328.054143014
0.46569244179201624,2.021,107328.054572482
0.2774152074627699,2.0212,107328.055293423
0.2522882584766946,2.0214,107328.056086167
0.4821158983031659,2.0216,107328.056501005
0.20900497980051988,2.0218,107328.05745792
0.6667578071243054,2.022,107328.057757879
0.33509088378672464,2.0222,107328.058354732
0.3171879355412731,2.0224,107328.058985273
0.30720645231444044,2.0226,107328.059636301
0.3312552598910235,2.0228,107328.060240065
0.28546878161371153,2.023,107328.060940667
0.2843922673103743,2.0232,107328.061643921
0.3357715970392187,2.0234,107328.062239564
0.3430437539415697,2.0236,107328.06282258
0.31003954787566784,2.0238,107328.063467659
0.31823823571672727,2.024,107328.064096119
0.31737467414405196,2.0242,107328.064726289
0.3381800187776595,2.0244,107328.06531769
0.28005124885588467,2.0246,107328.066031845
0.33456508817389546,2.0248,107328.066629636
0.1416073572011324,2.025,107328.068041992
0.9791489935860754,2.0252,107328.068246251
0.3031005710348521,2.0254,107328.068906098
0.3217777547940366,2.0256,107328.069527645
0.2301895942825334,2.0258,107328.070396494
0.5251480284579549,2.026,107328.070777339
0.2682101280621199,2.0262000000000002,107328.071523023
0.32668582237859817,2.0264,107328.072135232
0.2712669906513129,2.0266,107328.072872513
0.30737783879257036,2.0268,107328.073523178
0.3333561089730229,2.027,107328.074123137
0.2832223336193361,2.0272,107328.074829296
0.11922759627700395,2.0274,107328.07650676
0.1847583590848327,2.0276,107328.077589255
0.1760050542315667,2.0278,107328.078725586
0.3894111366086,2.028,107328.079239182
0.21434572974326174,2.0282,107328.080172254
0.21025718910889585,2.0284,107328.08112347
0.23377512895020486,2.0286,107328.081978993
0.2319147097327297,2.0288,107328.082841379
0.24913115387227763,2.029,107328.083644169
0.22166584224965843,2.0292,107328.084546428
0.23220739676408633,2.0294,107328.085407727
0.19880616951271862,2.0296,107328.086413732
0.12762484416653389,2.0298,107328.087980825
0.9030854195077586,2.03,107328.088202288
0.21641883074204535,2.0302,107328.089126422
0.41837940814963276,2.0304,107328.089604457
0.5106469756661148,2.0306,107328.089996117
0.18464475768460328,2.0308,107328.091079278
0.42266945555178853,2.031,107328.091552461
0.5980128169602359,2.0312,107328.091886902
0.20052839206444992,2.0314,107328.092884267
0.3242883857226064,2.0316,107328.093501002
0.31388699121722907,2.0318,107328.094138174
0.3143265273528708,2.032,107328.094774455
0.41694984869369645,2.0322,107328.095254129
0.17264433400067483,2.0324,107328.09641258
1.0399010079337307,2.0326,107328.096604906
0.2719275582001125,2.0328,107328.097340396
0.36319788413419607,2.033,107328.09789106
0.5053299533815776,2.0332,107328.098286841
0.3032490110617557,2.0334,107328.098946365
0.17287384615135018,2.0336,107328.100103278
0.3441612230116221,2.0338,107328.100684401
0.49907919286538227,2.034,107328.101085139
0.4096413249696347,2.0342,107328.101573371
0.3601604798438312,2.0344,107328.102128679
0.301255184267663,2.0346,107328.102792568
0.2110252236973993,2.0348,107328.103740322
0.6894221870328996,2.035,107328.10403042
0.3312305674928146,2.0352,107328.104634229
0.3007835455090674,2.0354,107328.105299159
0.28914896393561845,2.0356,107328.105990844
0.2711250429026194,2.0358,107328.106728511
0.26210774001617715,2.036,107328.107491556
0.3081640357095976,2.0362,107328.108140561
0.3016650383536849,2.0364,107328.108803548
0.3021440175940981,2.0366,107328.109465484
0.22447570741946837,2.0368,107328.110356449
0.36509075079737996,2.037,107328.110904258
0.29489565395290285,2.0372,107328.111582464
0.3822440009414467,2.0374,107328.11210569
0.30811940603879373,2.0376,107328.112754789
0.2728423664689283,2.0378,107328.113487813
0.36005155994360494,2.038,107328.114043289
0.3519422782407722,2.0382,107328.114611564
0.29954244776403294,2.0384,107328.115279249
0.31372352386236607,2.0386,107328.115916753
0.16956567510579998,2.0388,107328.117096237
0.1347348440154725,2.039,107328.118580634
0.2044726371484694,2.0392,107328.11955876
0.20445570064289617,2.0394,107328.120536967
0.2345100263900607,2.0396,107328.121389809
0.22634727633508173,2.0398,107328.122273407
0.23325954725067546,2.04,107328.123130821
0.23412350015319305,2.0402,107328.123985071
0.17700054766012338,2.0404,107328.125115011
0.2582157797645831,2.0406,107328.125889557
0.14619947296942196,2.0408,107328.127257551
0.5681188701556786,2.041,107328.12760959
0.18501644223916733,2.0412,107328.128690575
0.20826586520871904,2.0414,107328.129650886
0.23681081883561292,2.0416,107328.130495442
0.1673117931864223,2.0418,107328.131690815
0.19245388436688424,2.042,107328.132730025
0.24042333839860894,2.0422,107328.133561891
0.1519387376579403,2.0424,107328.134878211
0.2760204494311179,2.0426,107328.135602795
0.181344213759358,2.0428,107328.13670567
0.4137540101449525,2.043,107328.137189049
0.5165876236178897,2.0432,107328.137576205
0.40495421372589224,2.0434,107328.138070088
0.3194367677772886,2.0436,107328.13869619
0.2929021004824778,2.0438,107328.139379012
0.3136925261957961,2.044,107328.140016579
0.29115598996255143,2.0442,107328.140703496
0.33481488783855773,2.0444,107328.141300841
0.1849851277527395,2.0446,107328.142382009
0.45440086479644615,2.0448,107328.142822149
0.3763090858143615,2.045,107328.143353627
0.28665739306806265,2.0452,107328.144051324
0.3411281107935773,2.0454,107328.144637614
0.26011353987961344,2.0456,107328.145406509
0.31471826883846105,2.0458,107328.146041998
0.30067591881921335,2.046,107328.146707166
0.3245578313892812,2.0462,107328.147323389
0.24664653269615955,2.0464,107328.148134266
0.3550688688027458,2.0466,107328.148697537
0.16922778960632393,2.0468,107328.149879376
0.2846610408097659,2.047,107328.150581966
0.4928123166151943,2.0472,107328.1509878
0.32796025511413307,2.0474,107328.15159763
0.3513993631809229,2.0476,107328.152166783
0.2906685208458858,2.0478,107328.152854852
0.28972406939185635,2.048,107328.153545164
0.3626861257065456,2.0482,107328.154096605
0.3247269793469443,2.0484,107328.154712507
0.3406621111817287,2.0486,107328.155299599
0.2918140348077192,2.0488,107328.155984967
0.36283548340509986,2.049,107328.156536181
0.194241140866708,2.0492,107328.157565829
0.3492754232575769,2.0494,107328.158138443
0.5226093916481671,2.0496,107328.158521138
0.2457808640757896,2.0498,107328.159334871
0.3764854695252082,2.05,107328.1598661
0.31591334445685515,2.0502,107328.160499185
0.32509911405082464,2.0504,107328.161114382
0.2124847547479009,2.0506,107328.162055626
0.36387453792091845,2.0508,107328.162605266
0.3990399088007577,2.051,107328.163106469
0.34587954012062055,2.0512,107328.163684705
0.3063716093717633,2.0514,107328.164337507
0.31486839750601636,2.0516,107328.164972693
0.2509114384903649,2.0518,107328.165769787
0.2760783619204065,2.052,107328.166494219
0.4832108390810038,2.0522,107328.166908117
0.33401974331268225,2.0524,107328.167506884
0.30035396641802237,2.0526,107328.168172765
0.31605962237896895,2.0528,107328.168805557
0.3092743623642658,2.053,107328.169452232
0.33581105859350163,2.0532,107328.170047805
0.1478851317938732,2.0534,107328.171400206
0.21657678725427212,2.0536,107328.172323666
0.4896152731488539,2.0538,107328.17273215
0.3259978362914467,2.054,107328.173345651
0.2174078470530238,2.0542,107328.174265581
0.309668946801865,2.0544,107328.174911432
0.3098363731200698,2.0546,107328.175556934
0.29265779887758336,2.0548,107328.176240326
0.32452676315898243,2.055,107328.176856608
0.27012754124947136,2.0552,107328.177596999
0.3710960660438975,2.0554,107328.178135943
0.34348149302421577,2.0556,107328.178718216
0.22933781151523008,2.0558,107328.179590292
0.31857888229184406,2.056,107328.18021808
0.2853848703462302,2.0562,107328.180918888
0.5165089198131266,2.0564,107328.181306103
0.30780642929300545,2.0566,107328.181955862
0.22380151733826853,2.0568,107328.182849511
0.28790855606053145,2.057,107328.183544176
0.28873737000098587,2.0572,107328.184236847
0.32426525654872607,2.0574,107328.184853626
0.3222324234214696,2.0576,107328.185474296
0.22104601054023865,2.0578,107328.186379085
0.45179975385530846,2.058,107328.186821759
0.3818798028391159,2.0582,107328.187345484
0.31936280842129905,2.0584,107328.187971731
0.2963744496114639,2.0586,107328.188646553
0.24065477204586683,2.0588,107328.189477619
0.49887254987696283,2.059,107328.189878523
0.3145188212639704,2.0592,107328.190514415
0.3094030622446414,2.0594,107328.191160821
0.33690679377571936,2.0596,107328.191754457
0.2587877866599018,2.0598,107328.192527291
0.2669738627451063,2.06,107328.193276428
0.5074764113316124,2.0602,107328.193670535
0.31840643563981336,2.0604,107328.194298663
0.3083017990547079,2.0606,107328.194947378
0.24485048635986748,2.0608,107328.195764203
0.42494151590254586,2.061,107328.196234856
0.11077595266592682,2.0612,107328.198040302
0.21955174182100812,2.0614,107328.198951249
0.2342057503845362,2.0616,107328.199805199
0.19622367555182563,2.0618,107328.200824444
0.901912486864683,2.062,107328.201046195
0.2749953574611414,2.0622,107328.20177348
0.3331606434412326,2.0624,107328.202373791
0.2952443524845924,2.0626,107328.203051196
0.22485123283510158,2.0628,107328.203940673
0.4977724782600809,2.063,107328.204342463
0.1960490222030273,2.0632,107328.205362616
0.5967584163897268,2.0634,107328.20569776
0.3197043360718884,2.0636,107328.206323338
0.3287629815230517,2.0638,107328.206931679
0.3477480698670887,2.064,107328.207506808
0.35334253547408384,2.0642,107328.208072831
0.34738687072864916,2.0644,107328.208648558
0.3049538187413496,2.0646,107328.209304395
0.34713363400961816,2.0648,107328.209880542
0.275333804657722,2.065,107328.210606933
0.32337918354883605,2.0652,107328.211225402
0.20464315000377434,2.0654,107328.212202713
0.5922205884745035,2.0656,107328.212540425
0.29918173796784014,2.0658,107328.213208915
0.3208367438183712,2.066,107328.213832285
0.3294583491671066,2.0662,107328.214439342
0.2966228025422064,2.0664,107328.215113599
0.331550696348102,2.0666,107328.215716825
0.22951203484839627,2.0668,107328.216588239
0.30711964687761445,2.067,107328.217239451
0.3053411796482975,2.0672,107328.217894456
0.29512889627648786,2.0674,107328.218572126
0.326678888232696,2.0676,107328.219184348
0.298901830731076,2.0678,107328.219853464
0.35122965680682294,2.068,107328.220422892
0.3262142499890281,2.0682,107328.221035986
0.33353623804414273,2.0684,107328.221635621
0.31950004341780347,2.0686,107328.222261599
0.27691242685002515,2.0688,107328.222983849
0.36855965252579487,2.069,107328.223526502
0.32333474684826763,2.0692,107328.224145056
0.19133006952150852,2.0694,107328.22519037
0.15221673226373042,2.0696,107328.226504286
0.2083808705389186,2.0698,107328.227464067
0.2758860386710399,2.07,107328.228189004
0.22975327859285755,2.0702,107328.229059503
0.19681629951519564,2.0704,107328.230075679
0.16044488196773146,2.0705999999999998,107328.231322213
0.35573769744198225,2.0708,107328.231884425
0.20473762886396038,2.071,107328.232861285
0.23403528185703926,2.0712,107328.233715857
0.2141836728930138,2.0714,107328.234649635
0.2068947655752381,2.0716,107328.23561631
0.23355891517852703,2.0718,107328.236472625
0.2404721896921239,2.072,107328.237304322
0.2251304083585884,2.0722,107328.238192696
0.21879899051131227,2.0724,107328.239106777
0.22032206552865574,2.0726,107328.240014539
0.1874054192621879,2.0728,107328.241081744
0.23572452126707913,2.073,107328.241930192
0.21935909766622402,2.0732,107328.242841939
0.254105715090681,2.0734,107328.243629013
0.27120188472534695,2.0736,107328.244366471
0.205808534090128,2.0738,107328.245338248
0.5020899451155868,2.074,107328.245736583
0.47815547432690114,2.0742,107328.246154857
0.33690395281991137,2.0744,107328.246748498
0.33470226923313157,2.0746,107328.247346044
0.19706996354147066,2.0748,107328.248360912
0.25401824844468524,2.075,107328.249148257
0.4142201855999791,2.0752,107328.249631092
0.4883599440314238,2.0754,107328.250040626
0.14674461658831636,2.0756,107328.251403538
0.1815588820215151,2.0758,107328.252505109
0.185705160076844,2.076,107328.253582085
0.22319037327637528,2.0762,107328.254478181
0.2325051500299538,2.0764,107328.255338377
0.22477289525702007,2.0766,107328.256228164
0.14474126004459217,2.0768,107328.25760994
0.18273367844962385,2.077,107328.258704429
0.2366015493387619,2.0772,107328.259549732
0.23300084258653259,2.0774,107328.260408098
0.2165756132489578,2.0776,107328.261331563
0.19990344734255966,2.0778,107328.262332046
0.20408850338014486,2.078,107328.263312013
0.18032427715016572,2.0782,107328.264421126
0.18129752884598332,2.0784,107328.265524285
0.20669548605591895,2.0786,107328.266491892
0.22604872790502836,2.0788,107328.267376657
0.19329367586345242,2.079,107328.268411352
0.2012035994227545,2.0792,107328.26940537
0.16336092253599374,2.0794,107328.270629653
0.22672600564279674,2.0796,107328.271511775
0.21576672304837383,2.0798,107328.272438702
0.41299445215371416,2.08,107328.27292297
0.32516518387465765,2.0802,107328.273538042
0.21464547583267019,2.0804,107328.274469811
0.2539392355439312,2.0806,107328.275257401
0.24929045539673844,2.0808,107328.276059678
0.39441197279025914,2.081,107328.276566762
0.3577708702529917,2.0812,107328.277125779
0.29628751859703356,2.0814,107328.277800799
0.2982692945872801,2.0816,107328.278471334
0.24727900340762357,2.0818,107328.279280137
0.497554504868262,2.082,107328.279682103
0.21858568777997436,2.0822,107328.280597076
0.5880191112457495,2.0824,107328.280937201
0.3584190788895685,2.0826000000000002,107328.281495207
0.25594791232604525,2.0828,107328.282276616
0.351227188482852,2.083,107328.282846048
0.41560686252466056,2.0832,107328.283327272
0.30984165373016403,2.0834,107328.283972763
0.28680455385825254,2.0836,107328.284670102
0.29999535394806814,2.0838,107328.285336779
0.4508373109553476,2.084,107328.285780398
0.2853510731920588,2.0842,107328.286481289
0.3283436068236572,2.0844,107328.287090407
0.34264353261387165,2.0846,107328.287674104
0.26240726913380036,2.0848,107328.288436278
0.34201773203235425,2.085,107328.289021043
0.37539651893005405,2.0852,107328.289553813
0.3200809111084592,2.0854,107328.290178655
0.30404609472998284,2.0856,107328.29083645
0.21445168429798037,2.0858,107328.291769061
0.45082817172690437,2.086,107328.292212689
0.3284056110475324,2.0862,107328.292821692
0.3299137728166429,2.0864,107328.293427911
0.32439569682429176,2.0866,107328.294044442
0.23701006878360836,2.0868,107328.294888288
0.2886865223452397,2.087,107328.295581081
0.3089614253013074,2.0872,107328.296228411
0.2632216217524467,2.0874,107328.296988227
0.3252492598108808,2.0876,107328.29760314
0.28085785372528954,2.0878,107328.298315244
0.3776998461322677,2.088,107328.298844765
0.3253693777168215,2.0882,107328.299459451
0.2997004465818916,2.0884,107328.300126784
0.29886699856722554,2.0886,107328.300795978
0.325961172928379,2.0888,107328.301409548
0.31321550334651316,2.089,107328.302048086
0.337638793341854,2.0892,107328.302640435
0.308576732580358,2.0894,107328.303288572
0.33157378064221354,2.0896,107328.303891756
0.24723193280878691,2.0898,107328.304700713
0.32863980313595365,2.09,107328.305309282
0.37636927746265825,2.0902,107328.305840675
0.30851152487423383,2.0904,107328.306488949
0.3076942011984468,2.0906,107328.307138945
0.2900661107831991,2.0908,107328.307828443
0.37671380450615216,2.091,107328.30835935
0.3227165044050994,2.0912,107328.308979089
0.314623212877749,2.0914,107328.30961477
0.2996973031398173,2.0916,107328.31028211
0.28452213760556083,2.0918,107328.310985043
0.34002098347213017,2.092,107328.311573242
0.2894515188327721,2.0922,107328.312264204
0.3804234060382458,2.0924,107328.312789934
0.2631578963459889,2.0926,107328.313549934
0.24139341947462364,2.0928,107328.314378457
0.3725442386694888,2.093,107328.314915306
0.306712711129335,2.0932,107328.315567382
0.3463755232013509,2.0934,107328.31614479
0.2799238649193007,2.0936,107328.31685927
0.19877415903526816,2.0938,107328.317865437
0.37298610589576514,2.094,107328.31840165
0.4164497619924366,2.0942,107328.3188819
0.3685732426821064,2.0944,107328.319424533
0.5008526968101514,2.0946,107328.319823852
0.19518002977297771,2.0948,107328.320848547
0.922466660482734,2.095,107328.321065357
0.3125752156259707,2.0952,107328.321705203
0.2841373228771729,2.0954,107328.322409088
0.4746647601832836,2.0956,107328.322830438
0.2712765587121925,2.0958,107328.323567693
0.3104380167674959,2.096,107328.324211944
0.32296351138262325,2.0962,107328.324831209
0.3165378379761767,2.0964,107328.325463045
0.3111489297302799,2.0966,107328.326105824
0.20610928447963955,2.0968,107328.327076183
0.24163198449827747,2.097,107328.327903888
0.3428843813253247,2.0972,107328.328487175
0.31123511728072295,2.0974,107328.329129776
0.3172166113921857,2.0976,107328.32976026
0.28898059337138327,2.0978,107328.330452348
0.29130271947907804,2.098,107328.331138919
0.3701277323977255,2.0982,107328.331679273
0.31199496162433854,2.0984,107328.332320309
0.34848790613510444,2.0986,107328.332894217
0.27167970433176436,2.0987999999999998,107328.333630378
0.24568424552668136,2.099,107328.334444431
0.3716525722682628,2.0992,107328.334982568
0.24695443774876974,2.0994,107328.335792434
0.7045602397285744,2.0996,107328.336076299
0.22843776180744987,2.0998,107328.336951811
0.3570682567825231,2.1,107328.337511928
0.2116534261974712,2.1002,107328.338456869
0.2658132292599793,2.1004,107328.339209277
0.33062113241290714,2.1006,107328.339814199
0.24633423754910633,2.1008,107328.340626104
0.3734604177364422,2.101,107328.341161636
0.3241837836771582,2.1012,107328.34177857
0.2599195031490136,2.1014,107328.342548039
0.2185973900729545,2.1016,107328.343462963
0.32221322001390906,2.1018,107328.34408367
0.16240634323545117,2.102,107328.345315149
0.26817668121607435,2.1022,107328.346060926
0.9331709243614861,2.1024,107328.346275249
0.14883421924008902,2.1026,107328.347619026
0.44555237657285024,2.1028000000000002,107328.348067907
0.808090618974757,2.103,107328.348315404
0.5956742188162665,2.1032,107328.348651158
0.510338171317064,2.1034,107328.349043055
0.2751724294987108,2.1036,107328.349769872
0.28116227172086605,2.1038,107328.350481205
0.34042668359165784,2.104,107328.351068703
0.3383259024199148,2.1042,107328.351659849
0.32230044697480564,2.1044,107328.352280388
0.31947402021619487,2.1046,107328.352906417
0.2754900623920085,2.1048,107328.353632396
0.3516106429749579,2.105,107328.354201207
0.34475565926840623,2.1052,107328.354781328
0.3011562931155328,2.1054,107328.355445435
0.3320642926981175,2.1056,107328.356047728
0.24687944266610573,2.1058,107328.35685784
0.15938160010068678,2.106,107328.35811269
0.29935996611522764,2.1062,107328.358780782
0.31407182869185657,2.1064,107328.359417579
0.3093030660034563,2.1066,107328.360064194
0.32526513184717987,2.1068,107328.360679077
0.31082059789296235,2.107,107328.361322535
0.2425886151010813,2.1072,107328.362146976
0.43391383686112495,2.1074,107328.362607897
0.2658114607850937,2.1076,107328.36336031
0.2918715252460808,2.1078,107328.364045543
0.26495400181518175,2.108,107328.364800391
0.33926596660269637,2.1082,107328.365389899
0.2992529125331224,2.1084,107328.36605823
0.3125815710654629,2.1086,107328.366698063
0.2559249830790752,2.1088,107328.367479542
0.38664003752773224,2.109,107328.367996819
0.3623805457960448,2.1092,107328.368548725
0.3295408674116484,2.1094,107328.36915563
0.31187138591145425,2.1096,107328.36979692
0.2785488182551083,2.1098,107328.370514927
0.2767978320667511,2.11,107328.371237476
0.32096289572011466,2.1102,107328.371860601
0.3236486822189038,2.1104,107328.372478555
0.24365195484225668,2.1106,107328.373299398
0.3265759279059731,2.1108,107328.373911813
0.374411945445525,2.111,107328.374445984
0.20841235564708807,2.1112,107328.37540562
0.16012733280787253,2.1114,107328.376654626
0.22703408365550265,2.1116,107328.377535551
0.2001909832327193,2.1118,107328.378534597
0.26261641983449474,2.112,107328.379296164
0.2301914487111071,2.1122,107328.380165006
0.18215583345044178,2.1124,107328.381262967
0.159006527279198,2.1126,107328.382520777
0.22397720921976488,2.1128,107328.383413725
0.20059134245608348,2.113,107328.384410777
0.21985656373057463,2.1132,107328.385320461
0.2340591119425601,2.1134,107328.386174946
0.23144210676292298,2.1136,107328.387039093
0.22431281801812447,2.1138,107328.387930705
0.206242972295966,2.114,107328.388900435
0.24882337722116676,2.1142,107328.389704218
0.21090038835488445,2.1144,107328.390652533
0.21630133402469004,2.1146,107328.391577169
0.22388142930287308,2.1148,107328.392470499
0.1512560682520142,2.115,107328.39379276
0.3694099104047412,2.1152,107328.394334164
0.21029476847995393,2.1154,107328.39528521
0.19904597319498382,2.1156,107328.396290003
0.18121719983195203,2.1158,107328.397393651
0.1920823664403288,2.116,107328.398434871
0.2059980442506846,2.1162,107328.399405754
0.1988182224768907,2.1164,107328.400411698
0.2192547312728127,2.1166,107328.401323879
0.13734452636321962,2.1168,107328.402780071
0.22203916295959336,2.117,107328.403680813
0.24835372871699468,2.1172,107328.404486116
0.21735822577148187,2.1174,107328.405406256
0.24904770505247215,2.1176,107328.406209315
0.22101523450762486,2.1178,107328.40711423
0.24289501654590842,2.118,107328.407937631
0.23724735846166023,2.1182,107328.408780633
0.23722316140032335,2.1184,107328.409623721
0.24234287654189468,2.1186,107328.410448998
0.201013913287438,2.1188,107328.411443954
0.24202936666237546,2.1189999999999998,107328.4122703
0.23808673517352252,2.1192,107328.41311033
0.24303019919359628,2.1194,107328.413933273
0.1659273224246132,2.1196,107328.41513862
0.20867264236339367,2.1198,107328.416097059
0.2259649544363862,2.12,107328.416982152
0.2190328632149352,2.1202,107328.417895257
0.23545949209641384,2.1204,107328.41874466
0.22666100120670998,2.1206,107328.419627035
0.24002313466206324,2.1208,107328.420460288
0.238630737845444,2.121,107328.421298403
0.2405893487392181,2.1212,107328.422129695
0.2397417493375302,2.1214,107328.422963926
0.23660238840083225,2.1216,107328.423809226
0.23093915147595567,2.1218,107328.424675255
0.2418818379076373,2.122,107328.425502105
0.2374617274435296,2.1222,107328.426344346
0.2499915619420106,2.1224,107328.427144373
0.20097210096156154,2.1226,107328.428139536
0.24109195537516864,2.1228,107328.428969095
0.2518197126285177,2.123,107328.429763314
0.24747451891909722,2.1232,107328.430571478
0.24485678534333002,2.1234,107328.431388282
0.18365253556542463,2.1236,107328.432477295
0.20302734253145716,2.1238,107328.433462384
0.21732161915766782,2.124,107328.434382679
0.22036406407465023,2.1242,107328.435290268
0.143552448887732,2.1244,107328.436683487
0.1805085118370236,2.1246,107328.437791468
0.23972421993885254,2.1248,107328.43862576
0.22503667962397836,2.125,107328.439514504
0.25684426014953193,2.1252,107328.440293186
0.23214513632555817,2.1254,107328.441154716
0.25490176066605696,2.1256,107328.441939332
0.20990191328636823,2.1258,107328.442892158
0.2492948053452102,2.126,107328.443694421
0.2448663783929589,2.1262,107328.444511193
0.1923010349439342,2.1264,107328.445551229
0.26750627920881703,2.1266,107328.446298875
0.1283185591792353,2.1268,107328.447857496
0.14841639715630212,2.127,107328.449205056
0.2692848287375223,2.1272,107328.449947764
0.25032542365630217,2.1274,107328.450746724
0.17273036705292072,2.1276,107328.451904598
0.1895499237284479,2.1278,107328.452959729
0.23595952204439066,2.128,107328.453807332
0.2718625005214361,2.1282,107328.454542998
0.3710692247058736,2.1284,107328.455081981
0.3334783904332922,2.1286,107328.45568172
0.19290104905338798,2.1288,107328.456718521
0.794618853065477,2.129,107328.456970214
0.2794861358386269,2.1292,107328.457685813
0.312592313341029,2.1294,107328.458325624
0.36302516549542313,2.1296,107328.45887655
0.2593330728132863,2.1298,107328.459647759
0.2921725466172987,2.13,107328.460332286
0.3181461012187419,2.1302,107328.460960928
0.3096929225547167,2.1304,107328.461606729
0.2915953481870686,2.1306,107328.462292611
0.32425158564452194,2.1308,107328.462909416
0.3553957128211403,2.1310000000000002,107328.463472169
0.29146573489663036,2.1312,107328.464158356
0.369081323359929,2.1314,107328.464700242
0.28185766672530854,2.1316,107328.46540982
0.1384567880891287,2.1318,107328.466854314
0.222327455655267,2.132,107328.467753888
1.0383892926620575,2.1322,107328.467946494
1.3226988600776712,2.1324,107328.4680977
0.2883285974804472,2.1326,107328.468791353
0.294774824382518,2.1328,107328.469469837
0.3578195198438518,2.133,107328.470028778
0.2852790321095886,2.1332,107328.470729846
0.24591534520215197,2.1334,107328.471543134
0.1443761874078371,2.1336,107328.472928404
0.8041914319724283,2.1338,107328.473177101
0.416417675053049,2.134,107328.473657388
0.9154240297306256,2.1342,107328.473875866
0.2783398704182448,2.1344,107328.474594412
0.29899388026392776,2.1346,107328.475263322
0.21565923527692396,2.1348,107328.476190711
0.9318274830858184,2.135,107328.476405343
0.25038935252761,2.1352,107328.477204099
0.40555447875977774,2.1354,107328.477697251
0.3239469709855121,2.1356,107328.478314636
0.2497112709104755,2.1358,107328.479115561
0.3064044694907194,2.136,107328.479768293
0.3042190561044614,2.1362,107328.480425714
0.28815039659869424,2.1364,107328.481119796
0.31179650937698133,2.1366,107328.48176124
0.23984179791692195,2.1368,107328.482595123
0.28413126673394756,2.137,107328.483299023
0.27270397088296433,2.1372,107328.484032419
0.4659767062491697,2.1374,107328.484461625
0.3277630053959322,2.1376,107328.485071822
0.3412229750773123,2.1378,107328.485657949
0.31957100491403423,2.138,107328.486283788
0.26895095934658053,2.1382,107328.487027418
0.29770853759593124,2.1384,107328.487699216
0.29209147691234527,2.1386,107328.488383933
0.36711730446656965,2.1388,107328.488928718
0.2894980262573803,2.1390000000000002,107328.489619569
0.3444000510481734,2.1391999999999998,107328.490200289
0.23548610658622002,2.1394,107328.491049596
0.30238887816498905,2.1396,107328.491710996
0.19550036144085156,2.1398,107328.492734012
0.6063417346331407,2.14,107328.493063859
0.47815432649980355,2.1402,107328.493482134
0.33939550610155944,2.1404,107328.494071417
0.3228097359913092,2.1406,107328.494690977
0.3005060484124197,2.1408,107328.495356521
0.3244246339879335,2.141,107328.495972997
0.31229261739308356,2.1412,107328.496613422
0.30974041052587437,2.1414,107328.497259124
0.29610240281471967,2.1416,107328.497934566
0.21638019604847594,2.1418,107328.498858865
0.7494397887941369,2.142,107328.499125731
0.3512975178867107,2.1422,107328.499695049
0.329898544556385,2.1424,107328.500301296
0.23612220996606673,2.1426,107328.501148315
0.2605123247245363,2.1428,107328.501916033
0.3313913776244711,2.143,107328.502519549
0.3458406618417284,2.1432,107328.50309785
0.39588673737065855,2.1434,107328.503603045
0.2710772734530665,2.1436,107328.504340842
0.2896401530290858,2.1438,107328.505031354
0.40397837509391116,2.144,107328.50552643
0.4037573736722009,2.1442,107328.506021777
0.3358883185124943,2.1444,107328.506617213
0.23410568608611432,2.1446,107328.507471528
0.20095716149939816,2.1448,107328.508466765
0.8315212948694423,2.145,107328.508707288
0.33557947555488504,2.1452,107328.509303272
0.30759719257231466,2.1454,107328.509953473
0.26092390523132275,2.1456,107328.51071998
0.203981098228978,2.1458,107328.511700463
0.7437819993860119,2.146,107328.511969359
0.32371992801036004,2.1462,107328.512587177
0.3389445561794642,2.1464,107328.513177244
0.2779430012138963,2.1466,107328.513896816
0.1897758287325069,2.1468,107328.514950691
0.30107014883170213,2.147,107328.515614988
0.2860915216160815,2.1471999999999998,107328.516314065
0.39756689024851605,2.1474,107328.516817125
0.2859446750096367,2.1476,107328.517516561
0.23127777276460162,2.1478,107328.518381322
0.6511094976677788,2.148,107328.51868849
0.33461883260520364,2.1482,107328.519286185
0.3094585995256738,2.1484,107328.519932475
0.2919315930758347,2.1486,107328.520617567
0.2997642380634404,2.1488,107328.521284758
0.23776095817009177,2.149,107328.522125939
0.3314166374395788,2.1492,107328.522729409
0.3604733774115361,2.1494,107328.523284235
0.2818290687366624,2.1496,107328.523993885
0.25443253295695556,2.1498,107328.524779948
0.5444295291412635,2.15,107328.525147305
0.3303928374594887,2.1502,107328.525752645
0.2937116369846648,2.1504,107328.526433585
0.35950919786328134,2.1506,107328.526989899
0.2661170463710255,2.1508,107328.527741448
0.27428408190664183,2.151,107328.528470619
0.3444243724307593,2.1512000000000002,107328.529051298
0.29500134713868487,2.1514,107328.529729261
0.3086557890244024,2.1516,107328.530377232
0.38312708587786226,2.1518,107328.530899252
0.353053742828406,2.152,107328.531465738
0.3135410487238261,2.1522,107328.532103613
0.323416310984811,2.1524,107328.532722011
0.2522099893752886,2.1526,107328.533515001
0.2212399173164,2.1528,107328.534418997
0.9146913600073638,2.153,107328.53463765
0.2968235373700091,2.1532,107328.535311451
0.2759145897956252,2.1534,107328.536036313
0.2974535034841755,2.1536,107328.536708687
0.2887999049037224,2.1538,107328.537401208
0.44443654747518363,2.154,107328.537851216
0.33753394084334926,2.1542,107328.538443749
0.3002588211246991,2.1544,107328.539109841
0.3041038836689016,2.1546,107328.539767511
0.2627130124290061,2.1548,107328.540528798
0.38300235073379857,2.155,107328.541050988
0.29661048607194446,2.1552,107328.541725273
0.30092202183192324,2.1554,107328.542389897
0.2826967041167607,2.1556,107328.543097369
0.1895301625015426,2.1558,107328.54415261
0.3886423209090365,2.156,107328.544667222
0.28438175170640667,2.1562,107328.545370502
0.26483471766019534,2.1564,107328.54612569
0.2500009385510965,2.1566,107328.546925687
0.22204014942973965,2.1568,107328.547826425
0.5689414762901226,2.157,107328.548177955
0.3187423715062579,2.1572,107328.548805421
0.2553727222842581,2.1574,107328.54958859
0.3257265357308659,2.1576,107328.550202602
0.2571398065254903,2.1578,107328.550980389
0.39942244153936923,2.158,107328.551481112
0.3335145387917559,2.1582,107328.552080786
0.3365428317361055,2.1584,107328.552675064
0.33573890266134676,2.1586,107328.553270765
0.2548208932771137,2.1588,107328.55405563
0.4533934251514293,2.159,107328.554496748
0.28410059054943276,2.1592000000000002,107328.555200724
0.2706118251764197,2.1593999999999998,107328.55593979
0.3027060427565631,2.1596,107328.556600497
0.20744757478366907,2.1598,107328.557564596
0.4146298022809123,2.16,107328.558046954
0.4205276373026302,2.1602,107328.558522547
0.34098736409893965,2.1604,107328.559109079
0.29275247115508823,2.1606,107328.55979225
0.1986620125360744,2.1608,107328.560798985
0.9158976659957865,2.161,107328.56101735
0.35927735210362194,2.1612,107328.561574023
0.2694150586247532,2.1614,107328.562316372
0.26729963095485715,2.1616,107328.563064596
0.2747528284663387,2.1618,107328.563792523
0.32998127556161255,2.162,107328.564398618
0.3140742904515178,2.1622,107328.56503541
0.35885833685645446,2.1624,107328.565592733
0.32706352136912553,2.1626,107328.566204235
0.3281787423274976,2.1628,107328.566813659
0.24668638462606735,2.163,107328.567624405
0.3510268404306641,2.1632,107328.568194162
0.3527983922094263,2.1634,107328.568761058
0.30226776771791036,2.1636,107328.569422723
0.27530765668990953,2.1638,107328.570149183
0.230463068912428,2.164,107328.571017001
0.690834359097393,2.1642,107328.571306506
0.2536085304638954,2.1644,107328.572095123
0.3751887654786605,2.1646,107328.572628188
0.2964157414951766,2.1648,107328.573302916
0.378777833236456,2.165,107328.57383093
0.25015040438890784,2.1652,107328.574630449
0.25159068335615165,2.1654,107328.575425391
0.3055072241471709,2.1656,107328.57608004
0.22375394359883488,2.1658,107328.576973879
0.2307699392261207,2.166,107328.577840543
0.25539033231337754,2.1662,107328.578623658
0.2651036161476893,2.1664,107328.57937808
0.33932986106500385,2.1666,107328.579967477
0.31479356041622436,2.1668,107328.580602814
0.244552593054776,2.167,107328.581420634
0.25923660213294436,2.1672,107328.58219213
0.46179137331256576,2.1673999999999998,107328.582625226
0.2558532859969318,2.1676,107328.583406924
0.27702826125404106,2.1678,107328.584128872
0.34895975222852604,2.168,107328.584702004
0.3431661867871095,2.1682,107328.585284812
0.33232859460514885,2.1684,107328.585886626
0.3119516441127244,2.1686,107328.586527751
0.2127116474520039,2.1688,107328.587467991
0.7588520258863318,2.169,107328.587731547
0.32496863776239243,2.1692,107328.588346991
0.31350075475923583,2.1694,107328.588984948
0.26630591371426,2.1696,107328.589735964
0.27552383952287035,2.1698,107328.590461854
0.2782918409714129,2.17,107328.591180524
0.3184708312698492,2.1702,107328.591808525
0.3528569046064604,2.1704,107328.592375327
0.31065886145098065,2.1706,107328.59301912
0.338082264601629,2.1708,107328.593610692
0.3321188818536919,2.171,107328.594212886
0.32902258785031,2.1712,107328.594820747
0.32324120419810837,2.1714,107328.59543948
0.279168191629755,2.1716,107328.596155894
0.2721829096388138,2.1718,107328.596890694
0.3181496362188731,2.172,107328.597519329
0.3001939272603539,2.1722,107328.598185565
0.3357445371890592,2.1724,107328.598781256
0.322770147676651,2.1726,107328.599400892
0.30122931486769733,2.1728,107328.600064838
0.32996548653806634,2.173,107328.600670962
0.3274973284530479,2.1732,107328.601281654
0.3301790237186928,2.1734,107328.601887386
0.3170742934257588,2.1736,107328.602518153
0.25834352844154745,2.1738,107328.603292316
0.06982928118305566,2.174,107328.606156444
0.2705785117997362,2.1742,107328.606895601
0.1935297208477056,2.1744,107328.607929034
0.22594938174488843,2.1746,107328.608814188
0.19405719251264616,2.1748,107328.609844812
0.3104062137364623,2.175,107328.610489129
0.23374971873283704,2.1752,107328.611344745
0.18029891814182455,2.1754,107328.612454014
0.2203623646054078,2.1756,107328.61336161
0.22329328597757178,2.1758,107328.614257293
0.25612129901669073,2.176,107328.615038173
0.3895339984710585,2.1762,107328.615551607
0.20914048490890916,2.1764,107328.616507902
0.2486513779857816,2.1766,107328.617312241
0.23558541230441066,2.1768,107328.61816119
0.628543402555731,2.177,107328.618479386
0.3628315369955157,2.1772,107328.619030606
0.38126683270093953,2.1774,107328.619555173
0.33383352911626657,2.1776,107328.620154274
0.16557429064656295,2.1778,107328.621362191
0.4513979812989124,2.178,107328.621805259
0.7609770893544444,2.1782,107328.622068079
0.3315072800266618,2.1784,107328.622671384
0.2810283414700795,2.1786,107328.623383056
0.26805698780482545,2.1788,107328.624129166
0.40409264962393976,2.179,107328.624624102
0.27993600340485114,2.1792,107328.625338551
0.34692288235410684,2.1794000000000002,107328.625915048
0.2886923558160061,2.1796,107328.626607827
0.23497648434408502,2.1798,107328.627458976
0.30264923699724144,2.18,107328.628119807
0.603620518633543,2.1802,107328.628451141
0.3157716926442438,2.1804,107328.62908451
0.3121809875606033,2.1806,107328.629725164
0.2726422622052675,2.1808,107328.630458726
0.23406979500783923,2.181,107328.631313172
0.3548685225143764,2.1812,107328.631876761
0.26218127029811894,2.1814,107328.632639592
0.5712017195363441,2.1816,107328.632989731
0.2581454603120118,2.1818,107328.633764488
0.3502884625330959,2.182,107328.634335446
0.4331826537265964,2.1822,107328.634797145
0.2557999430289599,2.1824,107328.635579006
0.40902556260187733,2.1826,107328.636067973
0.29382727449351365,2.1828,107328.636748645
0.22226420456727125,2.183,107328.637648475
0.27908249119486384,2.1832,107328.638365109
0.3914392224517419,2.1834,107328.638876044
0.30571971253028174,2.1836,107328.639530238
0.20616749951628102,2.1838,107328.640500323
0.18955243861398055,2.184,107328.64155544
0.2472683039704512,2.1842,107328.642364278
0.24115997968791594,2.1844,107328.643193603
0.25495765252109914,2.1846,107328.643978047
0.23925333845635693,2.1848,107328.644813981
0.24305441342884598,2.185,107328.645636842
0.26988804935686933,2.1852,107328.64637789
0.25151158528934586,2.1854,107328.647173082
0.22483556315829376,2.1856,107328.648062621
0.1974341459984982,2.1858,107328.649075617
0.18641552626373858,2.186,107328.650148489
0.21938171694538078,2.1862,107328.651060142
0.30491523478726146,2.1864,107328.651716062
0.2641439170031062,2.1866,107328.652473225
0.2639682065543606,2.1868,107328.653230892
0.23613169065699446,2.187,107328.654077877
0.29456469028054044,2.1872,107328.654756845
0.2717941576117331,2.1874000000000002,107328.655492696
0.2454761792286236,2.1875999999999998,107328.656307439
0.2176423035001802,2.1878,107328.657226378
0.295226043122029,2.188,107328.657903825
0.2586662919740679,2.1882,107328.658677022
0.2607174406594124,2.1884,107328.659444136
0.26888262040157107,2.1886,107328.660187955
0.2641693835924247,2.1888,107328.660945045
0.2629731241333767,2.189,107328.661705579
0.26273440673948106,2.1892,107328.662466804
0.18737328839010214,2.1894,107328.663534192
0.2820731240983322,2.1896,107328.664243228
0.19481784757125875,2.1898,107328.665269828
0.3324153067288246,2.19,107328.665871485
0.2379629439010292,2.1902,107328.666711952
0.28091781411651967,2.1904,107328.667423904
0.1254016777729763,2.1906,107328.669018779
1.0075058693820333,2.1908,107328.669217289
0.33838428612555477,2.191,107328.669808333
0.24648785485152439,2.1912,107328.670619732
0.2662247351586761,2.1914,107328.671370977
0.24287613885688378,2.1916,107328.672194442
0.221708597918096,2.1918,107328.673096527
0.2765674074539727,2.192,107328.673819678
0.22649979715059118,2.1922,107328.674702681
0.2553492507669776,2.1924,107328.675485922
0.20438967567894817,2.1926,107328.676464445
0.2154383093518994,2.1928,107328.677392785
0.3610010550167666,2.193,107328.6779468
0.2829502687275684,2.1932,107328.678653638
0.2540847258698782,2.1934,107328.679440777
0.26271508139791955,2.1936,107328.680202058
0.20965855290530688,2.1938,107328.68115599
0.25831082692023183,2.194,107328.681930251
0.34260830775630047,2.1942,107328.682514008
0.2218197425076436,2.1944,107328.683415641
0.25176867461648833,2.1946,107328.684210021
0.2601128654517253,2.1948,107328.684978918
0.26071098664264264,2.195,107328.685746051
0.2606715672029748,2.1952,107328.6865133
0.25391569371663775,2.1954,107328.687300963
0.24331374004070166,2.1955999999999998,107328.688122947
0.2485506379526224,2.1958,107328.688927612
0.257775144750145,2.196,107328.689703482
0.2141559191804947,2.1962,107328.690637381
0.27162915166645946,2.1964,107328.691373679
0.2459900549959215,2.1966,107328.69218672
0.24950411219634885,2.1968,107328.69298831
0.2399312822636796,2.197,107328.693821882
0.2536233238537908,2.1972,107328.694610453
0.23351855327355842,2.1974,107328.695466916
0.22718288641292328,2.1976,107328.696347264
0.1816230216227195,2.1978,107328.697448446
0.1916782866775964,2.198,107328.698491861
0.32939811783393025,2.1982,107328.699099029
0.27304649129107345,2.1984,107328.699831505
0.2766362679228664,2.1986,107328.700554476
0.2855278798616194,2.1988,107328.701254933
0.8047480111962055,2.199,107328.701503458
0.33291220040455743,2.1992,107328.702104217
0.29883439667494816,2.1994,107328.702773484
0.3532408046618735,2.1996,107328.70333967
0.32036701106534465,2.1998,107328.703963954
0.1615199669614701,2.2,107328.705202191
0.20513472893372736,2.2002,107328.70617716
0.21083257791880838,2.2004,107328.70712578
0.20784835476654978,2.2006,107328.70808802
0.2496455020899612,2.2008,107328.708889156
0.5763074265936657,2.201,107328.709236193
0.46248548697439235,2.2012,107328.709668639
0.33548040999900547,2.2014,107328.710264799
0.33859853499829506,2.2016,107328.710855469
0.17543105767580525,2.2018,107328.711995518
0.8682779005228272,2.202,107328.712225859
0.24382185844831408,2.2022,107328.71304613
0.24176985159412645,2.2024,107328.713873363
0.7563209519061995,2.2026,107328.714137801
0.2903575165522048,2.2028,107328.714826607
0.22213633108894013,2.203,107328.715726955
0.4505245106080739,2.2032,107328.716170882
0.2906436017275681,2.2034,107328.71685901
0.5806813216244635,2.2036,107328.717203433
0.21395889325851405,2.2038,107328.718138192
0.5515932592895545,2.204,107328.718500778
0.35931607875875443,2.2042,107328.719057391
0.32395747015099485,2.2044,107328.719674756
0.3164992627633891,2.2046,107328.720306669
0.24400628972896998,2.2048,107328.72112632
0.3940374248723823,2.205,107328.721633886
0.3196971820120696,2.2052,107328.722259478
0.3166887010283702,2.2054,107328.722891013
0.25484817101003376,2.2056,107328.723675794
0.18011965240414762,2.2058,107328.724786167
0.13667186350400773,2.206,107328.726249526
0.22736496388078034,2.2062,107328.727129169
0.20187888551252364,2.2064,107328.728119862
0.33578286847871947,2.2066,107328.728715485
0.2876398304000046,2.2068,107328.729410799
0.26299490807438,2.207,107328.73017127
0.16525443048167254,2.2072,107328.731381525
0.4219809845274043,2.2074,107328.73185548
0.19273411732331394,2.2076000000000002,107328.732893179
0.26311150266046324,2.2078,107328.733653313
0.9535024795969789,2.208,107328.733863066
0.27629041405679367,2.2082,107328.734586942
0.32667834469506685,2.2084,107328.735199165
0.34501080670231987,2.2086,107328.735778857
0.21029587537852454,2.2088,107328.736729898
0.4319206548172667,2.209,107328.737192946
0.37494751396497755,2.2092,107328.737726354
0.3338608332689239,2.2094,107328.738325406
0.32596383232976045,2.2096,107328.738938971
0.3081260513098906,2.2098,107328.739588056
0.3222687741385051,2.21,107328.740208656
0.3309647328721373,2.2102,107328.74081295
0.3252212296683359,2.2104,107328.741427916
0.30076364100527875,2.2106,107328.74209289
0.2946280445288424,2.2108,107328.742771712
0.38559940633395295,2.211,107328.743290385
0.28689959081215616,2.2112,107328.743987493
0.3237026358648408,2.2114,107328.744605344
0.31473214227160995,2.2116,107328.745240805
0.3175918953561168,2.2118,107328.745870544
0.32304227632209914,2.212,107328.746489658
0.3058903832040349,2.2122,107328.747143487
0.3242421230244586,2.2124,107328.74776031
0.3006411191634292,2.2126,107328.748425555
0.29317259202761764,2.2128,107328.749107747
0.3230636821848694,2.213,107328.74972682
0.32256295651662603,2.2132,107328.750346854
0.30776664462672465,2.2134,107328.750996697
0.3067804611321885,2.2136,107328.751648629
0.32094846755744133,2.2138,107328.752271782
0.32822882392592573,2.214,107328.752881113
0.31782506074307726,2.2142,107328.75351039
0.19502358218590302,2.2144,107328.754535907
0.46572714312271024,2.2146,107328.754965343
0.4253482022463931,2.2148,107328.755435546
0.3079524082457952,2.215,107328.756084997
0.3120348765017556,2.2152,107328.756725951
0.32522810207059016,2.2154,107328.757340904
0.2796229006476238,2.2156000000000002,107328.758056153
0.13105799274676566,2.2157999999999998,107328.759582195
0.2784646542153213,2.216,107328.760300419
0.28681812842105037,2.2162,107328.760997725
0.21280851872295656,2.2164,107328.761937537
0.30750354747551706,2.2166,107328.762587936
0.19552138730193136,2.2168,107328.763610842
0.2838352947084984,2.217,107328.764315476
0.27402177523117943,2.2172,107328.765045345
0.394430637942992,2.2174,107328.765552405
0.26383797620292504,2.2176,107328.766310446
0.24041380013705801,2.2178,107328.767142345
0.46943066845600284,2.218,107328.767568393
0.3768415748916774,2.2182,107328.76809912
0.33676893880757125,2.2184,107328.768692999
0.2893757171877933,2.2186,107328.769384142
0.3461057853593541,2.2188,107328.769962
0.3155191238712509,2.219,107328.770595876
0.3121926880299153,2.2192,107328.771236506
0.295839604360561,2.2194,107328.771912548
0.2822231887663984,2.2196,107328.772621207
0.30719606328351917,2.2198,107328.773272257
0.2697264447322595,2.22,107328.774013749
0.43230158332913904,2.2202,107328.774476389
0.32327306847395076,2.2204,107328.775095061
0.2999859052521983,2.2206,107328.775761759
0.3337009562435535,2.2208,107328.776361098
0.33751856463731067,2.221,107328.776953658
0.3141897494036141,2.2212,107328.777590216
0.26845889896358893,2.2214,107328.778335209
0.34417010855335306,2.2216,107328.778916317
0.32835707582510404,2.2218,107328.77952541
0.3155275916148934,2.222,107328.780159269
0.32483088049641096,2.2222,107328.780774974
0.32977070797056607,2.2224,107328.781381456
0.30841494843701023,2.2226,107328.782029933
0.3044533923961718,2.2228,107328.782686848
0.2781126743956398,2.223,107328.783405981
0.37506563418035627,2.2232,107328.783939221
0.31313900265512834,2.2234,107328.784577915
0.3183147124262331,2.2236,107328.785206224
0.3181521696839574,2.2237999999999998,107328.785834854
0.3335156556563682,2.224,107328.786434526
0.32236798508761083,2.2242,107328.787054935
0.3077543363473399,2.2244,107328.787704804
0.32451148412477654,2.2246,107328.788321115
0.20665832429494732,2.2248,107328.789288896
0.6224789601369249,2.225,107328.789610192
0.310867947185126,2.2252,107328.790253552
0.3116692035078764,2.2254,107328.790895258
0.3051511059480204,2.2256,107328.791550671
0.1669263759224272,2.2258,107328.792748804
0.30069852219243726,2.226,107328.793413922
0.32496072369565454,2.2262,107328.794029381
0.2185118906923224,2.2264,107328.794944663
0.26416519467125094,2.2266,107328.795701765
0.273507639142021,2.2268,107328.796433006
0.321804162206981,2.227,107328.797054502
0.3231482399102045,2.2272,107328.797673413
0.3089313614922417,2.2274,107328.798320806
0.2792843606292961,2.2276,107328.799036922
0.3062022842683659,2.2278000000000002,107328.799690085
0.37388348851942577,2.228,107328.800225011
0.3310627918503322,2.2282,107328.800829126
0.3071139919822278,2.2284,107328.80148035
0.32046864856331037,2.2286,107328.802104436
0.33493936847457856,2.2288,107328.802701559
0.2686207938547304,2.229,107328.803446103
0.3766407447546056,2.2292,107328.803977113
0.3149432701868907,2.2294,107328.804612148
0.32504522434708694,2.2296,107328.805227447
0.3100044630516366,2.2298,107328.805872599
0.3451191520690956,2.23,107328.806452109
0.2986501027127863,2.2302,107328.807121789
0.3279382032972377,2.2304,107328.80773166
0.3208269627049002,2.2306,107328.808355049
0.30209517805251457,2.2308,107328.809017092
0.31570240822769574,2.231,107328.8096506
0.30009392957364756,2.2312,107328.810317058
0.3229478707600547,2.2314,107328.810936353
0.33202735910806697,2.2316,107328.811538713
0.3078770289640138,2.2318,107328.812188323
0.2998419828403953,2.232,107328.812855341
0.3268540014580236,2.2322,107328.813467235
0.30343764634974885,2.2324,107328.814126349
0.32268681804211724,2.2326,107328.814746145
0.3173610797452097,2.2328,107328.815376342
0.29966227880766483,2.233,107328.81604376
0.3270870592531022,2.2332,107328.816655218
0.3204630069857337,2.2334,107328.817279315
0.3089628560650031,2.2336,107328.817926642
0.3264677203343357,2.2338,107328.81853926
0.2978490825781489,2.234,107328.819210741
0.32090263582985734,2.2342,107328.819833983
0.32733706240659277,2.2344,107328.820444974
0.31033733652575174,2.2346,107328.821089434
0.27546653485430783,2.2348,107328.821815475
0.358096290678813,2.235,107328.822373984
0.3211520357838269,2.2352,107328.822996742
0.3013532285396066,2.2354,107328.823660415
0.31426825192849733,2.2356,107328.824296814
0.1708557645044273,2.2358000000000002,107328.825467392
0.2799740163875672,2.2359999999999998,107328.826181744
0.25098701059701384,2.2362,107328.826978598
0.22034269718153807,2.2364,107328.827886275
0.31406788852128625,2.2366,107328.82852308
0.26790007966693447,2.2368,107328.829269627
0.3838683072320118,2.237,107328.829790639
0.31746082594351216,2.2372,107328.830420638
0.29075980039133736,2.2374,107328.831108491
0.320224926806553,2.2376,107328.831733052
0.2993980569126947,2.2378,107328.832401059
0.3122555593840232,2.238,107328.83304156
0.32841316016795186,2.2382,107328.833650549
0.3432191904540009,2.2384,107328.834233267
0.3041302424489806,2.2386,107328.83489088
0.2817742759940694,2.2388,107328.835600668
0.3364188529640023,2.239,107328.836195165
0.14798733534895636,2.2392,107328.837546632
0.3221426358133947,2.2394,107328.838167475
0.3326104618596301,2.2396,107328.838768779
0.3060734109482047,2.2398,107328.839422217
0.3213197248475275,2.24,107328.84004465
0.3316403079432678,2.2402,107328.840647713
0.31905355855717343,2.2404,107328.841274567
0.3023299102422315,2.2406,107328.841936096
0.2955523812028219,2.2408,107328.842612795
0.33414753273416203,2.241,107328.843211333
0.296052442074251,2.2412,107328.843886889
0.3367638309558759,2.2414,107328.844480777
0.30873487905163954,2.2416,107328.845128582
0.32478183037880964,2.2418,107328.84574438
0.3310321082924123,2.242,107328.846348551
0.2603776771955384,2.2422,107328.847116666
0.39363260466731664,2.2424,107328.847624754
0.2551768979821857,2.2426,107328.848408524
0.2957757344161271,2.2428,107328.849084712
0.284416125962506,2.243,107328.849787907
0.37816691676295366,2.2432,107328.850316774
0.45390173511397175,2.2434,107328.850757398
0.3114779630201066,2.2436,107328.851399498
0.3199442045834937,2.2438,107328.852024607
0.32768405473763695,2.2439999999999998,107328.852634951
0.3168969462658447,2.2442,107328.853266071
0.31299002640027407,2.2444,107328.853905069
0.30789172664836595,2.2446,107328.854554648
0.3124321444840198,2.2448,107328.855194787
0.1574845310684029,2.245,107328.856464753
0.621110307626315,2.2452,107328.856786757
0.45887346465186674,2.2454,107328.857222607
0.22426703938180553,2.2456,107328.858114401
0.21901462947592026,2.2458,107328.859027582
0.5364662990584479,2.246,107328.859400392
0.3461519155866082,2.2462,107328.859978173
0.2072188852865644,2.2464,107328.860943336
0.49619664567208227,2.2466,107328.861346402
0.3210700644784449,2.2468,107328.861969319
0.2236015939023213,2.247,107328.862863767
0.3908311004509688,2.2472,107328.863375497
0.2591667275057867,2.2474,107328.864147201
0.2517797716861541,2.2476,107328.864941546
0.21889501622069155,2.2478,107328.865855226
0.23214136427682716,2.248,107328.86671677
0.25435034371329285,2.2482,107328.867503087
0.31541711930267147,2.2484,107328.868137168
0.3118572823472705,2.2486,107328.868778487
0.31041247426776375,2.2488,107328.869422791
0.3233603605551584,2.249,107328.870041296
0.3079979351431387,2.2492,107328.870690651
0.3078377018002144,2.2494,107328.871340344
0.31591285067589836,2.2496,107328.87197343
0.31681261189342336,2.2498,107328.872604718
0.32482349516520004,2.25,107328.873220437
0.313711715528106,2.2502,107328.873857965
0.24352082170615003,2.2504,107328.87467925
0.1988557855609704,2.2506,107328.875685004
0.27415061278331687,2.2508,107328.87641453
0.49177747269175776,2.251,107328.876821218
0.5687441094747426,2.2512,107328.87717287
0.3922783860612269,2.2514,107328.877682712
0.3049263901822558,2.2516,107328.878338608
0.32127894649692373,2.2518000000000002,107328.87896112
0.3391480328071951,2.252,107328.879550833
0.3155923062682474,2.2522,107328.880184562
0.21391312429420678,2.2524,107328.881119521
0.5367009497109054,2.2526,107328.881492168
0.24622779155760252,2.2528,107328.882304424
0.5456341156040312,2.253,107328.88267097
0.3042875614449245,2.2532,107328.883328243
0.3322413655011004,2.2534,107328.883930215
0.32282901815256415,2.2536,107328.884549738
0.2856934673915754,2.2538,107328.885249789
0.3603317958342634,2.254,107328.885804833
0.3177119678945378,2.2542,107328.886434334
0.30065151020342706,2.2544,107328.887099556
0.32149120628537137,2.2546,107328.887721657
0.15989523695986171,2.2548,107328.888972476
0.8216183977445546,2.255,107328.889215898
0.3337833844746239,2.2552,107328.889815089
0.5352473770750481,2.2554,107328.890188748
0.2561140826082378,2.2556,107328.89096965
0.3012837725469619,2.2558,107328.891633476
0.2849794480486017,2.2560000000000002,107328.892335281
0.35089750807175013,2.2561999999999998,107328.892905248
0.329259293841458,2.2564,107328.893512672
0.31132038648053034,2.2566,107328.894155097
0.25436005015503305,2.2568,107328.894941384
0.36010666268683816,2.257,107328.895496775
0.3054950959194664,2.2572,107328.89615145
0.3106313589128924,2.2574,107328.8967953
0.30229197406714725,2.2576,107328.897456912
0.30450716682257684,2.2578,107328.898113711
0.32824714397132265,2.258,107328.898723008
0.22080197525447906,2.2582,107328.899628797
0.1863932886729925,2.2584,107328.900701797
0.25729660841583263,2.2586,107328.90147911
0.24150156051537652,2.2588,107328.902307262
0.3380114154780572,2.259,107328.902898958
0.21479231667777654,2.2592,107328.90383009
0.24307243325738828,2.2594,107328.90465289
0.3233190702491892,2.2596,107328.905271474
0.2928913768383871,2.2598,107328.905954321
0.22350014870090829,2.26,107328.906849175
0.3137338506183383,2.2602,107328.907486658
0.33687387796475565,2.2604,107328.908080352
0.3436774519343266,2.2606,107328.908662293
0.28057574375233935,2.2608,107328.909375113
0.37232922983877637,2.261,107328.909912272
0.32917746841626605,2.2612,107328.910519847
0.25845570388661154,2.2614,107328.911293674
0.40672396260107063,2.2616,107328.911785408
0.3299518773429723,2.2618,107328.912391557
0.31932048499720117,2.262,107328.913017887
0.26919349331022413,2.2622,107328.913760847
0.37023735932977064,2.2624,107328.914301041
0.3139761801015826,2.2626,107328.914938032
0.30900820980626686,2.2628,107328.915585264
0.3076184800612396,2.263,107328.91623542
0.2693363281524135,2.2632,107328.916977986
0.48864271580468616,2.2634,107328.917387283
0.30413810318920764,2.2636,107328.918044879
0.2601873099223138,2.2638,107328.918813556
0.39058075250993535,2.2640000000000002,107328.919325614
0.38222062494126396,2.2641999999999998,107328.919848872
0.28884078230946447,2.2644,107328.920541295
0.3579495218886337,2.2646,107328.921100033
0.33292217584995265,2.2648,107328.921700774
0.3191406169528881,2.265,107328.922327457
0.30601440779523503,2.2652,107328.922981021
0.26187642340081985,2.2654,107328.92374474
0.31294398804606993,2.2656,107328.924383832
0.17659186523839224,2.2658,107328.925516387
0.8755455381555437,2.266,107328.925744816
0.3136275934505299,2.2662,107328.926382515
0.32589478699762103,2.2664,107328.92699621
0.29827373514823535,2.2666,107328.927666735
0.25897678419005704,2.2668,107328.928439005
0.2915286163414633,2.267,107328.929125044
0.2799626501884759,2.2672,107328.929839425
0.34455016826025225,2.2674,107328.930419892
0.36581997791538,2.2676,107328.930966609
0.18705539262453488,2.2678,107328.932035811
0.6818422037838903,2.268,107328.932329134
0.33794629640419854,2.2682,107328.932920944
0.30981718003442293,2.2684,107328.933566486
0.3202915903148177,2.2686,107328.934190917
0.3032462544080366,2.2688,107328.934850447
0.3195592649699272,2.269,107328.935476309
0.31978356526113505,2.2692,107328.936101732
0.22476708729316738,2.2694,107328.936991542
0.3044269775743543,2.2696,107328.937648514
0.43506729039865866,2.2698,107328.938108213
0.25395825797644517,2.27,107328.938895744
0.3310282732475789,2.2702,107328.939499922
0.3549718165934287,2.2704,107328.940063347
0.49313556620956867,2.2706,107328.940468915
0.32038086421201445,2.2708,107328.941093172
0.33956261578850916,2.271,107328.941682165
0.30432228726684923,2.2712,107328.942339363
0.34791321228706196,2.2714,107328.942914219
0.2987419972432339,2.2716,107328.943583693
0.3132837003864102,2.2718,107328.944222092
0.34050377915815605,2.2720000000000002,107328.944809457
0.3202259489740848,2.2721999999999998,107328.945434016
0.3340800039521354,2.2724,107328.946032675
0.3103368530144482,2.2726,107328.946677136
0.2645184237830373,2.2728,107328.947433227
0.3405507401347997,2.273,107328.948020511
0.38004100755540454,2.2732,107328.94854677
0.31818507157062076,2.2734,107328.949175335
0.3206345997555163,2.2736,107328.949799098
0.2048886430868785,2.2738,107328.950775238
0.5643006403201661,2.274,107328.951129659
0.3710182779237581,2.2742,107328.951668716
0.28331581692469276,2.2744,107328.952374642
0.23864981497202972,2.2746,107328.95321269
0.4576543877631691,2.2748,107328.953649701
0.3461189641696271,2.275,107328.954227537
0.3555353358664855,2.2752,107328.954790069
0.2808909852068504,2.2754,107328.955502089
0.309027782227347,2.2756,107328.95614928
0.3032255610327496,2.2758,107328.956808855
0.326909557922064,2.276,107328.957420645
0.2993886523262463,2.2762000000000002,107328.958088673
0.32115100018987797,2.2763999999999998,107328.958711433
0.3768877360753607,2.2766,107328.959242095
0.2242753394217625,2.2768,107328.960133856
0.2975132376907828,2.277,107328.960806095
0.28935017857674644,2.2772,107328.961497299
0.31217562691127226,2.2774,107328.962137964
0.3157736877778704,2.2776,107328.962771329
0.21369530439084047,2.2778,107328.963707241
0.5760219300393108,2.278,107328.96405445
0.33864727486901924,2.2782,107328.964645035
0.30798655388228113,2.2784,107328.965294414
0.25923122356727185,2.2786,107328.966065926
0.23302608628891613,2.2788,107328.966924199
1.092185943466112,2.279,107328.967107318
0.29975211042770566,2.2792,107328.967774536
0.35370872228309824,2.2794,107328.968339973
0.22012225410169386,2.2796,107328.969248559
0.4806975871587883,2.2798,107328.969664621
0.27147171871327835,2.2800000000000002,107328.970401346
0.2656931652284407,2.2802,107328.971154094
0.38939445491809743,2.2804,107328.971667712
0.4882800646847577,2.2806,107328.972077313
0.2815640277089976,2.2808,107328.972787631
0.42337540916841726,2.281,107328.973260025
0.3137963699300715,2.2812,107328.973897381
0.32973156942550547,2.2814,107328.974503935
0.3256506848821676,2.2816,107328.97511809
0.33258114863229765,2.2818,107328.975719447
0.3267520027608303,2.282,107328.976331532
0.3192827639820208,2.2822,107328.976957936
0.28766506797286984,2.2824,107328.977653189
0.34464753333020764,2.2826,107328.978233492
0.33127172353521506,2.2828,107328.978837226
0.2581724457648424,2.283,107328.979611902
0.41449058999669786,2.2832,107328.980094422
0.30736791934282537,2.2834,107328.980745108
0.36206893696468495,2.2836,107328.981297489
0.2949700199279796,2.2838,107328.981975524
0.3393045282365529,2.284,107328.982564965
0.3331645280543081,2.2842000000000002,107328.983165269
0.3073140781433824,2.2843999999999998,107328.983816069
0.3303600942165368,2.2846,107328.984421469
0.32754452478367185,2.2848,107328.985032073
0.311418791384947,2.285,107328.985674295
0.338567022571992,2.2852,107328.98626502
0.3065350164993213,2.2854,107328.986917474
0.3234518788286586,2.2856,107328.987535804
0.28306239569817854,2.2858,107328.988242362
0.29581160056491507,2.286,107328.988918468
0.32145245193907745,2.2862,107328.989540644
0.3081858785616518,2.2864,107328.990189603
0.31074429992620867,2.2866,107328.990833219
0.2011667665755489,2.2868,107328.991827419
0.3125498106675647,2.287,107328.992467317
0.2955934443223439,2.2872,107328.993143922
0.3044075116314497,2.2874,107328.993800936
0.34129984696763394,2.2876,107328.994386931
0.2449734492531156,2.2878,107328.995203346
0.4422342507049847,2.288,107328.995655595
0.23483246653963827,2.2882,107328.996507266
0.27632400440981814,2.2884,107328.997231054
0.1614902313963075,2.2886,107328.998469519
0.3988688148438397,2.2888,107328.998970937
0.11808159850433951,2.289,107329.000664681
0.11039940378725922,2.2892,107329.002476285
0.07201031161142729,2.2894,107329.005253665
0.8000768034871184,2.2896,107329.005503641
0.6080210347150398,2.2898,107329.005832577
0.11570618866130732,2.29,107329.007561093
0.11946153993354403,2.2902,107329.009235272
0.22694391596192376,2.2904,107329.010116547
0.9370358357711168,2.2906,107329.010329986
0.18465635045331552,2.2908,107329.011413079
0.2538828231556066,2.291,107329.012200844
0.13125185395322428,2.2912,107329.013724632
0.20299004286969205,2.2914,107329.014709902
0.24864797713359213,2.2916,107329.015514252
0.1022864077334597,2.2918,107329.017469546
1.2310343532495815,2.292,107329.017632011
0.17599854963015057,2.2922000000000002,107329.018768384
0.28386349810783357,2.2923999999999998,107329.019472948
0.20278052739168395,2.2926,107329.020459236
0.22496378024784122,2.2928,107329.021348268
0.16424001919938483,2.293,107329.022565998
1.3755443041631936,2.2932,107329.022711395
0.09423929305838522,2.2934,107329.024833652
0.12526728963068315,2.2936,107329.026430238
0.10886285127347604,2.2938,107329.028267412
0.15206881940099662,2.294,107329.029582606
0.2268993759014236,2.2942,107329.030464054
0.21074815408724631,2.2944,107329.031413054
0.16663806106311146,2.2946,107329.03261326
0.21779066559274565,2.2948,107329.033531573
0.062366710661602695,2.295,107329.036738412
1.0240026550360681,2.2952,107329.036933724
0.17337603011960281,2.2954,107329.038087286
0.034179509727753,2.2956,107329.043938745
0.6179400340561326,2.2958,107329.044262401
1.4167115247843411,2.296,107329.044403573
0.06189300367803905,2.2962,107329.047634956
0.1486425223966047,2.2964,107329.048980466
0.10263389407831129,2.2965999999999998,107329.05092914
0.7690887615002003,2.2968,107329.051189188
1.0693414837940691,2.297,107329.051376219
1.2603744256855778,2.2972,107329.051534902
0.07084348009843343,2.2974,107329.054358027
0.1218301328882087,2.2976,107329.055999657
0.1575509010520705,2.2978,107329.057269088
0.04527230385475451,2.298,107329.0616868
0.44420753671175023,2.2982,107329.06213704
0.09414600200552573,2.2984,107329.0642614
0.06068581644262522,2.2986,107329.067557063
0.08938151976832637,2.2988,107329.069794662
0.35707462997647943,2.299,107329.070354769
0.044916486896237375,2.2992,107329.074807477
0.6070926554480216,2.2994,107329.075136916
0.05852931618048404,2.2996,107329.078554007
0.03515702804368989,2.2998,107329.08424277
0.13532046957149751,2.3,107329.085720743
0.035740957406455894,2.3002000000000002,107329.091316564
0.5302058107345261,2.3004,107329.091693776
0.10188383222280423,2.3006,107329.093656796
0.04148971309822583,2.3008,107329.098477268
0.1013652376495521,2.301,107329.100450331
0.2722273652026739,2.3012,107329.101185011
0.07899883201198955,2.3014,107329.103716694
0.15022785694262478,2.3016,107329.105048005
0.058087627667535745,2.3018,107329.108491079
0.15007342338307933,2.302,107329.10982376
0.10503616918067439,2.3022,107329.111727866
0.10264985437261451,2.3024,107329.113676237
0.11583881512305862,2.3026,107329.115402774
0.09325257045942803,2.3028,107329.117547487
0.09549812310224601,2.303,107329.119641769
0.22757607426028248,2.3032,107329.120520596
0.17499221221683217,2.3034,107329.121663504
0.20628849923251338,2.3036,107329.12263302
0.18422669368069058,2.3038,107329.123718639
0.10516867210148247,2.304,107329.125620346
0.1926811983173645,2.3042,107329.12665833
0.07869142440348897,2.3044000000000002,107329.129199903
0.09954344416122496,2.3045999999999998,107329.131209076
0.11851655216227484,2.3048,107329.132896604
0.09781405171752745,2.305,107329.1349413
0.10884069426160776,2.3052,107329.136778848
0.12079300568014878,2.3054,107329.138434573
0.10014596288466818,2.3056,107329.140431658
0.13701013777268253,2.3058,107329.141891404
0.12917009496676196,2.306,107329.14343975
0.09804291642487868,2.3062,107329.145479673
0.11256412645210272,2.3064,107329.147256438
0.1286571592932434,2.3066,107329.148810957
0.10092884877036667,2.3068,107329.150792551
0.10779968375327792,2.307,107329.152647844
0.1030327169539909,2.3072,107329.154588975
0.12869035653940838,2.3074,107329.156143093
0.09054583742482097,2.3076,107329.158351919
0.18398350051674117,2.3078,107329.159438973
0.08524487889505425,2.308,107329.161785155
0.130304789691251,2.3082,107329.163320018
0.09667654980796318,2.3084,107329.165388772
0.12803859658259928,2.3086,107329.166950801
0.11366762207135434,2.3088,107329.168710317
0.09438645956041979,2.309,107329.170829265
0.12196393628502286,2.3092,107329.172469094
0.13712934831453424,2.3094,107329.173927571
0.08599568796416289,2.3096,107329.176253269
0.09064042476599164,2.3098,107329.17845979
0.1392432818424272,2.31,107329.179896125
0.1862440176370862,2.3102,107329.180969985
0.11699758473739295,2.3104,107329.182679422
0.09800966866752357,2.3106,107329.184720037
0.10512074673010331,2.3108,107329.186622611
0.1463217270404726,2.311,107329.187989462
0.09210176732533772,2.3112,107329.190160973
0.09817030169332336,2.3114,107329.192198249
0.13058793930623228,2.3116,107329.193729784
0.11236763138739701,2.3118,107329.195509656
0.12862249135987452,2.312,107329.197064594
0.07820531316398446,2.3122,107329.199621965
0.19557664345759204,2.3124000000000002,107329.200644582
0.08878838053565816,2.3125999999999998,107329.202897129
0.09742894751499356,2.3128,107329.204949907
0.1036956074593901,2.313,107329.206878629
0.10822276555964491,2.3132,107329.208726669
0.09969930714763868,2.3134,107329.210732701
0.11592079337050215,2.3136,107329.212458017
0.09905683072318917,2.3138,107329.21447706
0.10072725091867035,2.314,107329.21646262
0.08960051586923982,2.3142,107329.21869475
0.15624072303353412,2.3144,107329.219974826
0.14929829805703457,2.3146,107329.221314426
0.08106910715164022,2.3148,107329.223781457
0.17836328336858973,2.315,107329.224902764
0.11695660220237397,2.3152,107329.2266128
0.09252401384479517,2.3154,107329.228774401
0.11909490258582778,2.3156,107329.230453734
0.1059946324476911,2.3158,107329.232340622
0.19283223145698902,2.316,107329.233377793
0.10939405038446631,2.3162,107329.235206046
0.0949792992561254,2.3164,107329.237311768
0.20164989941092668,2.3166,107329.238303586
0.12368690864174979,2.3168,107329.239920572
0.11404517659909322,2.317,107329.241674263
0.07722490758674015,2.3172,107329.244264101
0.48590275037752806,2.3174,107329.244675706
0.10314637680431724,2.3176,107329.246614698
0.11477175651325898,2.3178,107329.248357287
0.11562892600756212,2.318,107329.250086958
0.12383632565163674,2.3182,107329.251701993
0.1172608565443398,2.3184,107329.253407592
0.14345360147892025,2.3186,107329.254801771
0.1068534180755275,2.3188,107329.256673494
0.08964260425043988,2.319,107329.258904576
0.19868036358087315,2.3192,107329.259911218
0.11392389213661523,2.3194,107329.261666776
0.07291935561993995,2.3196,107329.264409532
0.23934868219293695,2.3198,107329.265245133
0.11939122440366945,2.32,107329.266920298
0.15020145877281704,2.3202,107329.268251843
0.0886533466185509,2.3204000000000002,107329.270507821
0.14991964225445265,2.3205999999999998,107329.271841869
0.09044731623664885,2.3208,107329.274053101
0.1493376502847698,2.321,107329.275392348
0.09825359164291426,2.3212,107329.277427897
0.1688487563243332,2.3214,107329.278612389
0.09632579709432035,2.3216,107329.280688676
0.11498244213940556,2.3218,107329.282428072
0.10636600468930675,2.322,107329.284308372
0.13241472947421892,2.3222,107329.285818778
0.10851006405504665,2.3224,107329.287661925
0.16147341367345153,2.3226,107329.288900519
0.09101031875884082,2.3228,107329.291098072
0.17614317066937665,2.323,107329.292233512
0.12671677432986342,2.3232,107329.293811835
0.09610967295909277,2.3234,107329.295892791
0.12947212817746429,2.3236,107329.297437525
0.12013368529343402,2.3238,107329.299102337
0.0953330195023647,2.324,107329.301200246
0.16378527414500088,2.3242,107329.302421357
0.12431827021314085,2.3244,107329.304030131
0.13195545355072663,2.3246,107329.305545794
0.11787594663873732,2.3247999999999998,107329.307242493
0.1143077921191929,2.325,107329.308992155
0.12107145803209256,2.3252,107329.310644072
0.12501625225654267,2.3254,107329.312243864
0.13052069862076335,2.3256,107329.313776188
0.11308021536809747,2.3258,107329.315544844
0.14616004569448815,2.326,107329.316913207
0.0944350821525748,2.3262,107329.319031064
0.11528580206453486,2.3264,107329.320765883
0.0994467778426904,2.3266,107329.322777009
0.1451288233201249,2.3268,107329.324155095
0.1000997498047897,2.327,107329.326153102
0.07443876888126878,2.3272,107329.328839874
0.1304771878465772,2.3274,107329.330372709
0.1747342934960752,2.3276,107329.331517304
0.10164688320688246,2.3278,107329.3334849
0.10838557477009458,2.328,107329.335330164
0.08539002325043454,2.3282,107329.337672358
0.12907872697943348,2.3284000000000002,107329.3392218
0.14795087975270624,2.3286,107329.3405736
0.10209764679645174,2.3288,107329.342532509
0.08808927333351767,2.329,107329.344802933
0.17024580114901786,2.3292,107329.345977705
0.13117231296351164,2.3294,107329.347502417
0.11238941609425493,2.3296,107329.349281944
0.1027349589888884,2.3298,107329.351228701
0.1754855466582196,2.33,107329.352368396
0.13064756759590634,2.3302,107329.353899232
0.11686557133608624,2.3304,107329.3556106
0.12964745638647662,2.3306,107329.357153245
0.05354993204377909,2.3308,107329.360888077
0.15489635161088683,2.331,107329.362179263
0.11306352948739692,2.3312,107329.36394818
0.1395712377031587,2.3314,107329.36538114
0.09332071041066509,2.3316,107329.367524287
0.09451134749395922,2.3318,107329.369640435
0.10025504941055276,2.332,107329.371635347
0.15973292585319274,2.3322,107329.372887437
0.09853561261953483,2.3324,107329.37491716
0.1250041414961338,2.3326000000000002,107329.376517107
0.09526563116098177,2.3327999999999998,107329.3786165
0.12342273450097604,2.333,107329.380236947
0.11973574359920272,2.3332,107329.381907292
0.12645750163543978,2.3334,107329.383488851
0.1211983118173988,2.3336,107329.385139039
0.0928296088289525,2.3338,107329.387293524
0.10560108166326201,2.334,107329.389187444
0.11119463098654123,2.3342,107329.390986092
0.11275469830228876,2.3344,107329.392759854
0.06549007220887462,2.3346,107329.395813752
0.19205838601503702,2.3348,107329.396855102
0.16866008783250167,2.335,107329.398040919
0.1482155585161345,2.3352,107329.399390305
0.1063189049719086,2.3354,107329.401271438
0.08320879726136891,2.3356,107329.40367503
0.05741151020067521,2.3358,107329.407158652
0.14294617797448972,2.336,107329.40855778
0.2015267667267755,2.3362,107329.409550204
0.14348478683967314,2.3364,107329.41094408
0.08690067854113342,2.3366,107329.413245558
0.1724175090564605,2.3368,107329.414405533
0.14217015589647802,2.337,107329.415812298
0.07241161080969899,2.3372,107329.418574286
0.15641447925654947,2.3374,107329.41985294
0.10223380897805406,2.3376,107329.42180924
0.1036485858074329,2.3378,107329.423738837
0.1054806141916351,2.338,107329.42563492
0.08093381412765298,2.3382,107329.428106075
0.09655771748631206,2.3384,107329.430177375
0.09146068245546549,2.3386,107329.432364107
0.10005928504780227,2.3388,107329.434362922
0.11893958209361763,2.339,107329.436044448
0.1407539770644081,2.3392,107329.437465367
0.11812714100368066,2.3394,107329.439158458
0.09573748016865254,2.3396,107329.441247504
0.07644123256129244,2.3398,107329.443863893
0.1144233490280767,2.34,107329.445611788
0.13482240252543673,2.3402,107329.447095221
0.07289780042100225,2.3404,107329.449838788
0.1410422312865043,2.3406000000000002,107329.451256803
0.06921064216986064,2.3407999999999998,107329.454146532
0.14194202298841072,2.341,107329.455555558
0.2732076193779881,2.3412,107329.456287602
0.09879099606656949,2.3414,107329.458312078
0.15141718872280707,2.3416,107329.459632932
0.0962690449130839,2.3418,107329.461710443
0.08633565610848318,2.342,107329.464026983
0.16166292934586304,2.3422,107329.465264125
0.1279864025256879,2.3424,107329.466826791
0.10188621967858127,2.3426,107329.468789765
0.09675872793180534,2.3428,107329.470856762
0.10095223158905088,2.343,107329.472837897
0.10386901693165902,2.3432,107329.474763399
0.10145862011592863,2.3434,107329.476734646
0.10130111114248244,2.3436,107329.478708958
0.1072707583040327,2.3438,107329.480573399
0.1338027135346154,2.344,107329.482068137
0.21487700897928963,2.3442,107329.482998902
0.07417671275503107,2.3444,107329.485695166
0.12778858685628297,2.3446,107329.487260251
0.20487458159412963,2.3448,107329.488236458
0.3481748647390382,2.3449999999999998,107329.488810882
0.25595806522814313,2.3452,107329.48959226
0.15709253145396115,2.3454,107329.490865395
0.08245178628798887,2.3456,107329.493291055
0.06466851729572047,2.3458,107329.49638375
0.14177810937161148,2.346,107329.497794405
0.16079975352896064,2.3462,107329.499038188
0.21981983860038068,2.3464,107329.499948024
0.07572605162296196,2.3466,107329.502589123
0.41565956554590516,2.3468,107329.503070286
0.14924103446931108,2.347,107329.5044104
0.12077688483653107,2.3472,107329.506066346
0.11815659171619773,2.3474,107329.507759015
0.1375682345961289,2.3476,107329.509212839
0.08724427586765335,2.3478,107329.511505253
0.11950543907095644,2.348,107329.513178817
0.38615479938800534,2.3482,107329.513696744
0.543887657660892,2.3484,107329.514064467
0.11700874160225812,2.3486000000000002,107329.515773741
0.09829690832390314,2.3487999999999998,107329.517808393
0.4078211864728209,2.349,107329.518298804
0.19114593104664676,2.3492,107329.519345125
0.11221209831329568,2.3494,107329.521127464
0.11059463421068028,2.3496,107329.52293587
0.15604580005444713,2.3498,107329.524217545
0.08362102421834243,2.35,107329.526609288
0.21245112415538653,2.3502,107329.527550681
0.4514030665031244,2.3504,107329.527993744
0.13241779770413004,2.3506,107329.529504115
0.07048157568505013,2.3508,107329.532341736
0.0968088890790288,2.351,107329.534407662
0.11142942745973344,2.3512,107329.53620252
0.09210108841007528,2.3514,107329.538374047
0.10134053256137239,2.3516,107329.540347591
0.08404378315256211,2.3518,107329.542727303
0.1768886198655655,2.352,107329.543857958
0.1120866383073119,2.3522,107329.545642292
0.10128141230516692,2.3524,107329.547616988
0.12196096107813535,2.3526,107329.549256857
0.08226078975262288,2.3528000000000002,107329.551688149
0.15601914027018704,2.3529999999999998,107329.552970043
0.11451330124305538,2.3532,107329.554716565
0.1057101453215485,2.3534,107329.556608531
0.09472863555903982,2.3536,107329.558719825
0.08273101685042406,2.3538,107329.561137298
0.19674737279200585,2.354,107329.56215383
0.09375032253998028,2.3542,107329.564287156
0.10089381817605174,2.3544,107329.566269438
0.1332836633316936,2.3546,107329.567769997
0.10266924627999488,2.3548,107329.569718
0.08055044969341416,2.355,107329.572200916
0.10360793910923562,2.3552,107329.57413127
0.11529969228236242,2.3554,107329.57586588
0.26559155146529595,2.3556,107329.576618916
0.0742950883437086,2.3558,107329.579310884
0.31565308192540215,2.356,107329.579944491
0.11280780289239378,2.3562,107329.581717418
0.09811193372790007,2.3564,107329.583755906
0.07939154321934874,2.3566,107329.586275066
0.4507296158307025,2.3568,107329.586718791
0.20651215662102496,2.357,107329.587687257
0.1490903995020543,2.3572,107329.589028725
0.15664700088859423,2.3574,107329.590305481
0.14438035676000707,2.3576,107329.591690711
0.06855247673294806,2.3578,107329.594608184
0.200376705639851,2.358,107329.595606304
0.160614706367968,2.3582,107329.59685152
0.2416848301924908,2.3584,107329.597679044
0.134800865486195,2.3586,107329.599162714
0.30463749949930785,2.3588,107329.599819232
0.0988498323549637,2.359,107329.601842503
0.20000100040840862,2.3592,107329.602842498
0.12067056669695353,2.3594,107329.604499903
0.28129593243472584,2.3596,107329.605210898
0.08844282218869239,2.3598,107329.607472246
0.19835681182811493,2.36,107329.60848053
0.0862001342848165,2.3602,107329.610800712
0.13940021694423843,2.3604,107329.61223543
0.1408508238242178,2.3606,107329.613655372
0.12171602541678274,2.3608000000000002,107329.615298541
0.10594213524444386,2.3609999999999998,107329.617186364
0.49194682736010475,2.3612,107329.617592912
0.5829867092609267,2.3614,107329.617935973
0.12548602325956013,2.3616,107329.619529776
0.2209961824033551,2.3618,107329.620434769
0.200738114690464,2.362,107329.621431092
0.15633256287847846,2.3622,107329.622710416
0.11111302546182358,2.3624,107329.624510385
0.072159495599597,2.3626,107329.627282023
0.15486480604228037,2.3628,107329.628573472
0.17422498160093983,2.363,107329.629721413
0.1626038736834474,2.3632,107329.630951396
0.0761823500247699,2.3634,107329.633576676
0.16475740321221227,2.3636,107329.634790582
0.28997232345001683,2.3638,107329.635480303
3.266266004313977,2.364,107329.635541535
0.6919624927292024,2.3642,107329.635830568
0.9598587121912893,2.3644,107329.636038932
0.20060844706362677,2.3646,107329.637035899
0.09968956623602476,2.3648,107329.639042127
0.16396090165092378,2.365,107329.64026193
0.15006813222822285,2.3652,107329.641594658
0.13550107936539746,2.3654,107329.643070661
0.06443429731179033,2.3656,107329.646174598
0.3797278528328548,2.3658,107329.646701291
0.07257710404218042,2.366,107329.649456981
0.09095911857612374,2.3662,107329.651655771
0.12403046963080346,2.3664,107329.653268278
0.09445631142201566,2.3666,107329.655385659
0.10926627129952045,2.3668,107329.65721605
0.091437809476154,2.367,107329.659403329
0.11474429832541248,2.3672,107329.661146335
0.11930704050146776,2.3674,107329.662822682
0.10056047414272283,2.3676,107329.664811535
0.08917289458411584,2.3678,107329.667054369
0.15802344266646454,2.368,107329.668320004
0.07500510969214352,2.3682,107329.670986489
0.12150158992192585,2.3684,107329.672632558
0.10942547230379512,2.3686,107329.674460286
0.07437855777584362,2.3688000000000002,107329.677149233
0.1608263897984644,2.3689999999999998,107329.67839281
0.13907722336026795,2.3692,107329.67983086
0.10815101764082502,2.3694,107329.681680126
0.09212709492836672,2.3696,107329.68385104
0.06842823760322342,2.3698,107329.68677381
0.12274923902705738,2.37,107329.688403148
0.10244872923249519,2.3702,107329.690355344
0.11273531376926409,2.3704,107329.692129411
0.0887323261905106,2.3706,107329.694383381
0.10281734959630183,2.3708,107329.696328578
0.12299230334899555,2.371,107329.697954696
0.08424535992773041,2.3712,107329.700328714
0.13824183995977685,2.3714,107329.701775454
0.08994933143327331,2.3716,107329.703998928
0.12676608921892307,2.3718,107329.705576637
0.10230922132523092,2.372,107329.707531495
0.1088381473135421,2.3722,107329.709369086
0.09552197738558685,2.3724,107329.711462845
0.09515585339064915,2.3726,107329.71356466
0.09373279156402876,2.3728,107329.715698385
0.17193563427467146,2.373,107329.716861611
0.11721233869476098,2.3731999999999998,107329.718567916
0.10099255515357936,2.3734,107329.72054826
0.11388458039015797,2.3736,107329.722304424
0.10004942414543434,2.3738,107329.724303436
0.06262711334202883,2.374,107329.727496941
0.19195921298244242,2.3742,107329.728538829
0.09935064452846872,2.3744,107329.730551901
0.10509434290369352,2.3746,107329.732454953
0.08790459195811334,2.3748,107329.734730147
0.16220758063259888,2.375,107329.735963135
0.07395109599597118,2.3752,107329.738667625
0.15272013643219584,2.3754,107329.73997721
0.09470903275602363,2.3756,107329.742088941
0.08671684403604772,2.3758,107329.744395298
0.08941756496002962,2.376,107329.746631995
0.05622451797181879,2.3762,107329.750189162
0.19912464965042717,2.3764,107329.751193558
0.14392320176018333,2.3766,107329.752583188
0.06912801570487913,2.3768000000000002,107329.755476371
0.3062932543827629,2.377,107329.75612934
0.09511621077791697,2.3772,107329.758232031
0.10010776632990136,2.3774,107329.760229878
0.1283587466304147,2.3776,107329.761788011
0.09356760214533741,2.3778,107329.763925503
0.13432807641588468,2.378,107329.765414395
0.14382891248124538,2.3782,107329.766804936
0.11236258061466238,2.3784,107329.768584888
0.11176930875823121,2.3786,107329.770374288
0.08709917516376048,2.3788,107329.772670521
0.1363301422526046,2.379,107329.774137548
0.12423988455725786,2.3792,107329.775747337
0.13063749766148627,2.3794,107329.777278291
0.06178917366757925,2.3796,107329.780515104
0.13731161617161194,2.3798,107329.781971645
0.22737323902806145,2.38,107329.782851256
0.11569514537485594,2.3802,107329.784579937
0.12121807120840199,2.3804,107329.786229856
0.09804123440845015,2.3806,107329.788269814
0.08266990747040293,2.3808,107329.790689074
0.14665390777090237,2.3810000000000002,107329.792052829
0.1358079341347054,2.3811999999999998,107329.793525497
0.06655029257670673,2.3814,107329.796530743
0.11819073635555201,2.3816,107329.798222923
0.07730989393500437,2.3818,107329.800809914
0.13570951618190302,2.382,107329.80228365
0.09252290078519909,2.3822,107329.804445277
0.13388484894946923,2.3824,107329.805939098
0.07493903726256128,2.3826,107329.808607934
0.13048220965100524,2.3828,107329.81014071
0.21482900288022935,2.383,107329.811071683
0.12229551122936974,2.3832,107329.812707066
0.3104987382661745,2.3834,107329.813351191
0.06883527625617991,2.3836,107329.816256678
0.0814793721055883,2.3838,107329.818711287
0.16100168725287767,2.384,107329.81995351
0.15369624098893556,2.3842,107329.821254778
0.17370580570954358,2.3844,107329.82240615
0.13689000947608473,2.3846,107329.823867177
0.07636607438427043,2.3848,107329.826486141
0.13252633604634623,2.385,107329.827995275
0.08820364463667606,2.3852,107329.830262755
0.07158262757857292,2.3854,107329.833056729
0.15450840033065416,2.3856,107329.834351157
0.1042785490266781,2.3858,107329.836269097
0.1285285089438389,2.386,107329.837825172
0.1759146459734117,2.3862,107329.838962087
0.13717703450116006,2.3864,107329.840420057
0.07147285891484853,2.3866,107329.843218322
0.09876036011502369,2.3868,107329.845243426
0.1714693806077893,2.387,107329.846409815
0.06384723664509245,2.3872,107329.849542292
0.09658471586391924,2.3874,107329.851613013
0.1109107322654292,2.3876,107329.853416265
0.08137653282575451,2.3878,107329.855873976
0.06730634634138195,2.388,107329.858845464
0.12666469025481314,2.3882,107329.860424436
0.08795453838985645,2.3884,107329.862698338
0.127778544143723,2.3886,107329.864263546
0.10994169811668042,2.3888,107329.866082692
0.11585800619252443,2.3890000000000002,107329.867808943
0.1082805378744946,2.3891999999999998,107329.869655997
0.07336070912391858,2.3894,107329.872382252
0.12639780094108116,2.3896,107329.873964558
0.07312165131822165,2.3898,107329.876699726
0.14502474389783207,2.39,107329.878078801
0.15824349838324764,2.3902,107329.879342676
0.07793072121144141,2.3904,107329.881909058
0.11850987994142483,2.3906,107329.883596681
0.10391170398020533,2.3908,107329.885521392
0.11110777785669385,2.391,107329.887321446
0.05847385582982586,2.3912,107329.890741778
0.2876129420865981,2.3914,107329.891437157
0.1052450447228492,2.3916,107329.893337484
0.07823318159751715,2.3918,107329.895893944
0.1136991572606121,2.392,107329.897652972
0.11371408935409497,2.3922,107329.899411769
0.22813627473564047,2.3924,107329.900288438
0.11816657477705528,2.3926,107329.901980964
0.08722966426750357,2.3928,107329.904273762
0.10316361583719545,2.393,107329.90621243
0.06579501434592129,2.3932,107329.909252174
2.220421008728674,2.3934,107329.909342247
0.3960309851423132,2.3936,107329.909847258
0.22536709170045072,2.3938,107329.910734699
3.932364010583612,2.394,107329.910785559
0.10807311572469507,2.3942,107329.912636158
0.10476058264644264,2.3944,107329.914545273
0.09046384450188329,2.3946,107329.916756101
0.09760692229244873,2.3948,107329.918805136
0.10737073227637994,2.395,107329.920667841
0.07689382772673056,2.3952,107329.92326883
0.07656706918647531,2.3954,107329.925880919
0.09221153744860881,2.3956,107329.928049845
0.07142392880101793,2.3958,107329.930850027
0.10457401542669062,2.396,107329.932762548
0.40659082555601617,2.3962,107329.933254443
0.14690943022595487,2.3964,107329.934615826
0.0983396820095089,2.3966,107329.936649593
0.15453478432224677,2.3968,107329.9379438
0.08470086416079292,2.3970000000000002,107329.940305051
0.15297876428623414,2.3971999999999998,107329.941612422
0.1487141430361676,2.3974,107329.942957284
0.10314637680431724,2.3976,107329.944896276
0.0756593049165622,2.3978,107329.947539705
0.2310640151420456,2.398,107329.948405266
0.2809497766601626,2.3982,107329.949117137
0.13452956990780912,2.3984,107329.950603799
0.1452287291410795,2.3986,107329.951980937
0.1523483342959206,2.3988,107329.953293718
0.19952015425415565,2.399,107329.954296123
0.2102273500859246,2.3992,107329.955247474
0.5645029336878351,2.3994,107329.955601768
0.1596825507538945,2.3996,107329.956854253
0.08713032809641769,2.3998,107329.959149665
0.15330357722743782,2.4,107329.960454266
0.19728807712493052,2.4002,107329.961468012
0.484735677455838,2.4004,107329.961880608
0.1076884138262703,2.4006,107329.963737818
0.09795475379022346,2.4008,107329.965779577
0.4574031837154203,2.401,107329.966216828
0.12561275501979366,2.4012000000000002,107329.967809023
0.15374846451353452,2.4013999999999998,107329.969109849
0.1360781192097263,2.4016,107329.970579593
0.1667282178848514,2.4018,107329.97177915
0.07517912378861825,2.402,107329.974439463
0.17051112397782164,2.4022,107329.975612407
0.3960450904456848,2.4024,107329.9761174
0.6071000300415421,2.4026,107329.976446835
0.0945730219675349,2.4028,107329.978561603
0.14360573859335798,2.403,107329.979954305
0.4275614661524842,2.4032,107329.980422074
0.11480944283447365,2.4034,107329.982164091
0.18808553302911918,2.4036,107329.983227437
0.13354531430094535,2.4038,107329.984725056
0.1378005517658571,2.404,107329.986176429
0.18795137644455026,2.4042,107329.987240534
0.36557523683434984,2.4044,107329.987787617
0.14199019207675767,2.4046,107329.989196165
0.14921865295134232,2.4048,107329.99053648
0.19167498262519442,2.4050000000000002,107329.991579913
0.16358298973385102,2.4052,107329.992802534
0.08910063194461947,2.4054,107329.995047187
0.09981220324006856,2.4056,107329.99705095
0.1331897541295751,2.4058,107329.998552567
0.16116256301175264,2.406,107329.99979355
0.22215335395118502,2.4062,107330.000693829
0.10277471213139151,2.4064,107330.002639833
0.11670953759912053,2.4066,107330.004353489
0.10999956522627702,2.4068,107330.006171678
0.19698320373173772,2.407,107330.007186993
0.3511630511518074,2.4072,107330.007756529
0.11325804302998266,2.4074,107330.009522408
0.09966149962765143,2.4076,107330.011529201
0.10935618725730284,2.4078,107330.013358087
0.47136571564085894,2.408,107330.013782386
0.12355426050812747,2.4082,107330.015401108
0.16486931688592413,2.4084,107330.01661419
0.1798305631905713,2.4086,107330.017726348
0.1391601544507069,2.4088,107330.019163541
0.16575322821702085,2.409,107330.020370154
0.13088268633073064,2.4092000000000002,107330.02189824
0.131995166573406,2.4093999999999998,107330.023413447
0.26172631657259704,2.4096,107330.024177604
0.12133735644125847,2.4098,107330.025825901
0.09968464732899239,2.41,107330.027832228
0.26689833531573437,2.4102,107330.028581577
0.15938477549993452,2.4104,107330.029836402
0.1389847305261179,2.4106,107330.031275409
0.11425104661745443,2.4108,107330.03302594
0.3407805259306718,2.411,107330.033612828
0.14768202038621062,2.4112,107330.034967089
0.19631998285670244,2.4114,107330.035985834
0.13386271466846233,2.4116,107330.037479902
0.09616730049263926,2.4118,107330.039559611
0.14847159725249928,2.412,107330.04090667
0.5880087212487788,2.4122,107330.041246801
0.10347451958722663,2.4124,107330.043179644
0.30894806288603177,2.4126,107330.043827002
0.07239923824716572,2.4128,107330.046589462
0.4541666354567422,2.413,107330.047029829
0.17261170158503167,2.4132,107330.048188499
0.14489540733545547,2.4134,107330.049568805
0.16485164962413185,2.4136,107330.050782017
0.13575087505062533,2.4138,107330.052255304
0.08519716367654302,2.414,107330.0546028
0.25780737225524897,2.4142,107330.055378573
0.16803940871047768,2.4144,107330.05656877
0.08353029061924226,2.4146,107330.058963111
0.1351397014567666,2.4148,107330.060443061
0.14045131249142023,2.415,107330.061867042
0.06443359165676939,2.4152,107330.064971013
0.1112681846394177,2.4154,107330.066768472
0.1331316828947179,2.4156,107330.068270744
0.08711446420177055,2.4158,107330.070566574
0.13306339138469833,2.416,107330.072069617
0.1237673552163604,2.4162,107330.073685552
0.09428594132948474,2.4164,107330.075806759
0.11783705411293363,2.4166,107330.077504018
0.10672859778831009,2.4168,107330.07937793
0.10864794115365219,2.417,107330.081218738
0.08795136674245152,2.4172000000000002,107330.083492722
0.09288703557695148,2.4173999999999998,107330.085645875
0.12380995487747692,2.4176,107330.087261254
0.10005778298845365,2.4178,107330.089260099
0.1179431662806509,2.418,107330.090955831
0.1477396197851353,2.4182,107330.092309564
0.11267415179281924,2.4184,107330.094084594
0.13398027935645387,2.4186,107330.095577351
0.07338571631411114,2.4188,107330.098302677
0.1768584279736893,2.419,107330.099433525
0.11611070959304699,2.4192,107330.101156019
0.11000979095554057,2.4194,107330.102974039
0.1405771816048702,2.4196,107330.104396745
0.09399962752226151,2.4198,107330.106524413
0.13071032574925992,2.42,107330.108054514
0.0880392516306746,2.4202,107330.110326228
0.12043150547221379,2.4204,107330.111986923
0.05437071200239001,2.4206,107330.115665374
0.05806688390650913,2.4208,107330.119109678
0.21508775984202208,2.421,107330.120039531
0.5569804970318187,2.4212,107330.12039861
0.2484536848584874,2.4214,107330.121203589
0.0857949329501811,2.4215999999999998,107330.123534729
0.08913462357004853,2.4218,107330.125778526
0.2945334557364853,2.422,107330.126457566
0.09579085443234145,2.4222,107330.128545448
0.12458373470995619,2.4224,107330.130150794
0.05483081400313728,2.4226,107330.133798378
0.11499619295777234,2.4228,107330.135537566
0.1374607300008316,2.423,107330.136992527
0.14240845456750242,2.4232,107330.138396938
0.18879715457002125,2.4234,107330.139456276
0.10753867624764347,2.4236,107330.141316072
0.0678293059517663,2.4238,107330.14426465
0.17705272937090352,2.424,107330.145394257
0.20511095420372813,2.4242,107330.146369339
0.10312802766204164,2.4244,107330.148308676
0.11025431274370096,2.4246,107330.150122664
0.08849894262274748,2.4248,107330.152382578
0.08963348415250447,2.425,107330.154613887
0.21555626631854843,2.4252000000000002,107330.155541719
0.11157121791974667,2.4254,107330.157334296
0.0823685915335195,2.4256,107330.159762406
0.1739643236908656,2.4258,107330.160912067
0.10153882092878265,2.426,107330.162881757
0.05686501476291604,2.4262,107330.166398858
0.19533539042316736,2.4264,107330.167422738
0.09319764347854584,2.4266,107330.169568715
0.0884828510617388,2.4268,107330.17182904
0.08317274074481978,2.427,107330.174233674
0.1326175521824562,2.4272,107330.17574177
0.33751571335470226,2.4274,107330.176334335
0.10280788889295764,2.4276,107330.178279711
0.09973769054123027,2.4278,107330.180284971
0.10381704073615972,2.428,107330.182211437
0.09060942068255999,2.4282,107330.184418713
0.13902675721209057,2.4284,107330.185857285
0.11474989410725407,2.4286,107330.187600206
0.10668077734985984,2.4288,107330.189474958
0.14238787325131008,2.429,107330.190879572
0.10989095484212134,2.4292,107330.192699558
0.09859098710565119,2.4294000000000002,107330.194728141
0.1125767986573441,2.4295999999999998,107330.196504706
0.06772761963081378,2.4298,107330.199457711
0.17566110179713113,2.43,107330.200596267
0.08088893703234137,2.4302,107330.203068793
0.07103645025756149,2.4304,107330.205884249
0.10582738454419693,2.4306,107330.207774119
0.09179162594060242,2.4308,107330.209952967
0.1163911976149115,2.431,107330.21167131
0.10475032186693328,2.4312,107330.213580612
0.10528549018615922,2.4314,107330.215480209
0.1229843627305944,2.4316,107330.217106432
0.08162075968090059,2.4318,107330.219556789
0.14389265563004336,2.432,107330.220946714
0.08298379883679476,2.4322,107330.223356823
0.09744627449540158,2.4324,107330.225409236
0.15011780413115117,2.4326,107330.226741523
0.11301146162517102,2.4328,107330.228511255
0.11533247164393975,2.433,107330.230245372
0.11479487945120753,2.4332,107330.23198761
0.11719310707937867,2.4334,107330.233694195
0.11795784296056841,2.4336,107330.235389716
0.09841701180217204,2.4338,107330.237421885
0.1433902481410768,2.434,107330.23881668
0.09925735625959675,2.4342,107330.240831644
0.07539277759666416,2.4344,107330.243484418
0.19928317752252042,2.4346,107330.244488015
0.10791852173740474,2.4348,107330.246341265
0.09636691879385594,2.435,107330.248416666
0.16357295744715994,2.4352,107330.249639362
0.12403446902264721,2.4354,107330.251251817
0.08416686567773819,2.4356,107330.253628049
0.1479706936038953,2.4358,107330.254979668
0.07148805951346422,2.436,107330.257777338
0.16770897842659038,2.4362,107330.25896988
0.08960352658799199,2.4364,107330.261201935
0.1283475449674939,2.4366,107330.262760204
0.07466325008276899,2.4368,107330.265438898
0.38798262508882003,2.437,107330.265954385
0.10594039584223088,2.4372,107330.267842239
0.1156581465461559,2.4374000000000002,107330.269571473
0.11279921481142419,2.4375999999999998,107330.271344535
0.06904973401848469,2.4378,107330.274240998
0.40786278266201065,2.438,107330.274731359
0.0722409465591294,2.4382,107330.277499872
0.14832998950337692,2.4384,107330.278848217
0.1333053388748436,2.4386,107330.280348532
0.09063241475981536,2.4388,107330.282555248
0.08382672388493131,2.439,107330.284941122
0.1970736511912699,2.4392,107330.285955971
0.11698287220501444,2.4394,107330.287665623
0.08106365232152012,2.4396,107330.29013282
0.08522900382447285,2.4398,107330.292479439
0.3022357888381935,2.44,107330.293141174
0.11258858644337152,2.4402,107330.294917553
0.10556412628394085,2.4404,107330.296812136
0.09293464365505924,2.4406,107330.298964186
0.07327317132516672,2.4408,107330.301693698
0.0744185215335535,2.441,107330.304381201
0.13374151287109343,2.4412,107330.305876623
0.11004792571771296,2.4414,107330.307694013
0.10275359026109998,2.4416,107330.309640417
0.13219924053919124,2.4418,107330.311153285
0.17930096002538523,2.442,107330.312268728
0.06561085665535307,2.4422,107330.315317004
0.10571299436650584,2.4424,107330.317208919
0.17956416173579148,2.4426,107330.318322727
0.4807126180642533,2.4428,107330.318738776
3.9009162418309713,2.443,107330.318790046
0.22870107048521965,2.4432,107330.31966455
0.27837861264673064,2.4434,107330.320382996
0.13193212630963946,2.4436,107330.321898927
0.13227766929590254,2.4438,107330.323410898
0.27255122976290197,2.444,107330.324144705
0.11520677608765979,2.4442,107330.325880714
0.1239661991028896,2.4444,107330.327494057
0.1371840901256676,2.4446,107330.328951952
0.10898018507407856,2.4448,107330.330787148
0.08088298377197152,2.445,107330.333259856
0.20202326053323974,2.4452,107330.334249841
0.21517384418058977,2.4454000000000002,107330.335179322
0.10398723449501922,2.4455999999999998,107330.337102635
0.22517704560795584,2.4458,107330.337990825
0.17745126892307392,2.446,107330.339117895
0.24476268768143833,2.4462,107330.339935013
0.22815032862593437,2.4464,107330.340811628
0.4174215080377482,2.4466,107330.34129076
0.08189696302308165,2.4468,107330.343732853
0.19399733388832022,2.447,107330.344763795
0.2116225215994499,2.4472,107330.345708874
0.20404811057565458,2.4474,107330.346689035
0.08952074600268155,2.4476,107330.348923154
0.24767894011057237,2.4478,107330.349730651
0.20576681994043716,2.448,107330.350702625
0.37137238969545333,2.4482,107330.351241168
0.15243797862327765,2.4484,107330.352553177
0.12687304260746107,2.4486,107330.354129556
0.15415683869741287,2.4488,107330.355426936
0.1351025467711935,2.449,107330.356907293
0.16070052477584465,2.4492,107330.358151844
0.12442345280081132,2.4494,107330.359759258
0.40435654383936176,2.4496,107330.360253871
0.05720205300816924,2.4497999999999998,107330.363750249
0.14244141771983074,2.45,107330.365154335
0.12821162081701376,2.4502,107330.366714256
0.05531329872544088,2.4504,107330.370330023
0.18392681941494696,2.4506,107330.371417412
0.2505574891381296,2.4508,107330.372215632
3.307042183203083,2.451,107330.372276109
0.19863024653546246,2.4512,107330.373283005
0.11233197243277283,2.4514,107330.375063442
0.1268136732938648,2.4516,107330.376640559
0.10186406165033152,2.4518,107330.37860396
0.12305337195217411,2.452,107330.380229271
0.11965952068682377,2.4522,107330.38190068
0.11010748192925292,2.4524,107330.383717087
0.12013397301430301,2.4526,107330.385381895
0.09079032094615232,2.4528,107330.387584773
0.12351244707150276,2.453,107330.389204043
0.11706359964740017,2.4532,107330.390912516
0.08958586705979894,2.4534000000000002,107330.393145011
0.09667430709824877,2.4536,107330.395213813
0.08186846749615116,2.4538,107330.397656756
0.22594070476411188,2.454,107330.398541944
0.11618666106782988,2.4542,107330.400263312
0.1085392134868272,2.4544,107330.402105964
0.12887154361219136,2.4546,107330.403657897
0.10237117205842856,2.4548,107330.405611572
0.1137202324719268,2.455,107330.407370274
0.10084650549117943,2.4552,107330.409353486
0.11145134694607471,2.4554,107330.411147991
0.0958871605144556,2.4556,107330.413233776
0.0821666014374535,2.4558,107330.415667855
0.10578311020935692,2.456,107330.417558516
0.170324526674444,2.4562,107330.418732745
0.09831541468463983,2.4564,107330.420767014
0.11764436043786639,2.4566,107330.422467053
0.10770819054769802,2.4568,107330.424323922
0.11972506291666592,2.457,107330.425994416
0.11644995332983896,2.4572,107330.427711892
0.1154741073446913,2.4574,107330.429443882
0.08984132731497974,2.4576000000000002,107330.431670029
0.06426351106968434,2.4577999999999998,107330.434782215
0.1674029600468065,2.458,107330.435976937
0.28904992656655276,2.4582,107330.436668859
0.1035390147847101,2.4584,107330.438600498
0.11093546386146824,2.4586,107330.440403348
0.08132061415280857,2.4588,107330.442862749
0.14352257548459404,2.459,107330.444256258
0.1350592088612574,2.4592,107330.44573709
0.11188579619108255,2.4594,107330.447524627
0.10778620611991813,2.4596,107330.449380152
0.09883581289158379,2.4598,107330.45140371
0.12206688509083116,2.46,107330.453042156
0.12174506929776518,2.4602,107330.454684933
0.11109043608087776,2.4604,107330.456485268
0.12619013052347916,2.4606,107330.458070178
0.07353868557961414,2.4608,107330.460789835
0.1957226743411286,2.461,107330.461811689
0.10654512068817948,2.4612,107330.463688828
0.11843976846123057,2.4614,107330.46537745
0.1099323916018571,2.4616,107330.46719675
0.09301763181606373,2.4618,107330.46934688
0.1264335990059661,2.462,107330.470928738
0.10690939381039748,2.4622,107330.472799481
0.0875025757697187,2.4624,107330.475085128
0.25336371927791246,2.4626,107330.475874507
0.09538339563975254,2.4628,107330.477971308
0.12278450712873379,2.463,107330.479600178
0.08063722756022645,2.4632,107330.482080422
0.08851989896751344,2.4634,107330.484339801
0.10620559231101578,2.4636,107330.486222941
0.10878480861135266,2.4638,107330.488061433
0.10133601423987174,2.464,107330.490035065
0.11232736644030988,2.4642,107330.491815575
0.07938281463568767,2.4644,107330.494335012
0.15102033115919267,2.4646,107330.495659337
0.0643616196900931,2.4648,107330.498766779
0.17612409035166057,2.465,107330.499902342
0.21056488147528307,2.4652,107330.500852168
0.12340064996470643,2.4654,107330.502472905
0.06371526929154406,2.4656000000000002,107330.50561187
0.190341319694834,2.4657999999999998,107330.506662614
0.17479996351390542,2.466,107330.507806779
0.09488350242857765,2.4662,107330.509914627
0.140429221005352,2.4664,107330.511338832
0.0726173959160133,2.4666,107330.514092993
0.28677371062109885,2.4668,107330.514790407
0.11062326281820789,2.467,107330.516598345
0.08169097023553097,2.4672,107330.519046596
0.1435293726596904,2.4674,107330.520440039
0.08190427450363741,2.4676,107330.522881914
0.1081530652884712,2.4678,107330.524731145
0.1046992690352265,2.468,107330.526641378
0.11883167127131503,2.4682,107330.528324431
0.05760249212138675,2.4684,107330.531796503
0.17651752150352057,2.4686,107330.532929535
0.08367192552658839,2.4688,107330.535319823
0.1937233624429684,2.469,107330.536352223
0.35797771543619233,2.4692,107330.536910917
0.13228423118953753,2.4694,107330.538422813
0.18371934201505383,2.4696,107330.53951143
0.09543683099387602,2.4698,107330.541607057
0.21661033027586882,2.4699999999999998,107330.542530374
0.20297892069462803,2.4702,107330.543515698
0.14668886427617803,2.4704,107330.544879128
0.12293885410274684,2.4706,107330.546505953
0.11792278957885179,2.4708,107330.548201978
0.35826179114113,2.471,107330.548760229
0.10721601281470837,2.4712,107330.550625622
0.13092672494581,2.4714,107330.552153194
0.20965723202749859,2.4716,107330.553107132
0.08156626793232527,2.4718,107330.555559126
0.11502542665621984,2.472,107330.557297872
0.3047800211094256,2.4722,107330.557954083
0.14591116720786404,2.4724,107330.55932478
0.18644628740138747,2.4726,107330.560397475
0.14745456599049214,2.4728,107330.561753825
0.1486795384187649,2.473,107330.563099
0.41059078193369136,2.4732,107330.563586103
0.16514267614228634,2.4734,107330.564797177
0.21182670851553712,2.4736000000000002,107330.565741345
0.205011925614949,2.4737999999999998,107330.566716898
0.10502105680756316,2.474,107330.568621278
0.24467435520140954,2.4742,107330.569438691
0.08030841651000341,2.4744,107330.57192909
0.14671845876805736,2.4746,107330.573292245
0.13616344512306347,2.4748,107330.574761068
0.29404370504304594,2.475,107330.575441239
0.11086861654457503,2.4752,107330.577245176
0.125881247313861,2.4754,107330.578833975
0.057672454960407,2.4756,107330.582301835
0.13042545505201766,2.4758,107330.583835278
0.13745099830296614,2.476,107330.585290342
0.15393425240605288,2.4762,107330.586589598
0.12876857272618408,2.4764,107330.588142772
0.17492242145789183,2.4766,107330.589286136
0.33742005754102833,2.4768,107330.589878869
0.15099684215120465,2.477,107330.5912034
0.15583035418362318,2.4772,107330.592486847
0.10074861280806317,2.4774,107330.594471986
0.17675526746923506,2.4776,107330.595603494
0.16037412061043685,2.4778000000000002,107330.596850578
0.29669056782046305,2.4779999999999998,107330.597524681
0.4525972210447127,2.4782,107330.597966575
0.17698222466571378,2.4784,107330.599096632
0.47004961370405085,2.4786,107330.599522119
0.09780491512009737,2.4788,107330.601567006
0.5723263028996096,2.479,107330.601916457
0.1189891162759649,2.4792,107330.603597283
0.11172628882444723,2.4794,107330.605387372
0.2940281358486755,2.4796,107330.606067579
0.09531307523375797,2.4798,107330.608165927
0.16425795999786844,2.48,107330.609383524
0.1097470166450815,2.4802,107330.611205897
0.16117321280335423,2.4804,107330.612446798
0.11633933618235238,2.4806,107330.614165907
0.07966483424674993,2.4808,107330.616676425
0.1441586887433767,2.481,107330.618063785
0.15182259248283866,2.4812,107330.619381112
0.10601497189944313,2.4814,107330.621267638
0.30576364288649144,2.4816,107330.621921738
0.33839230098467604,2.4818,107330.622512768
0.764344829990319,2.482,107330.62277443
0.41264509070045047,2.4822,107330.623259108
0.11212465618180419,2.4824,107330.625042837
0.10638224278602297,2.4826,107330.62692285
0.055295864769611736,2.4828,107330.630539757
0.06877548336311436,2.483,107330.63344777
0.08383828439991697,2.4832,107330.635833315
0.10728071240304589,2.4834,107330.637697583
0.11729799407806604,2.4836,107330.639402642
0.09406258177676553,2.4838,107330.641528886
0.07706140201705768,2.484,107330.644124219
0.15013065198935918,2.4842,107330.645456392
0.09949461683040911,2.4844,107330.647466551
0.08980296343540668,2.4846,107330.649693649
0.1812794531523118,2.4848,107330.650796918
0.10480883868572564,2.485,107330.652705154
0.09486630994066163,2.4852,107330.654813384
0.09331352605949415,2.4854,107330.656956696
0.09987715065759174,2.4856,107330.658959156
0.06292319782589632,2.4858000000000002,107330.662137634
0.1590720379964693,2.4859999999999998,107330.663394926
0.15081159230326788,2.4862,107330.664721084
0.09559306392756571,2.4864,107330.666813286
0.17067817468880878,2.4866,107330.667985082
0.09283413280921154,2.4868,107330.670139462
0.10491362992319572,2.487,107330.672045792
0.08733365103350312,2.4872,107330.67433586
0.3071937150333373,2.4874,107330.674986915
0.08318446745329054,2.4876,107330.67739121
0.14864285356131302,2.4878,107330.678736717
0.1592510119821713,2.488,107330.679992596
0.07605410032750208,2.4882,107330.682622303
0.13090778599414787,2.4884,107330.684150096
0.13562779348062395,2.4886,107330.68562472
0.1632510466153525,2.4888,107330.686849827
0.18220063785289345,2.489,107330.687947518
1.2885602139939873,2.4892,107330.68810273
0.20526631202596565,2.4894,107330.689077074
0.28645825698241034,2.4896,107330.689775256
0.11239939606780744,2.4898,107330.691554625
0.14173771814323335,2.49,107330.692965682
0.16383706450570268,2.4902,107330.694186407
0.20134457930673075,2.4904,107330.695179729
0.12499562523074538,2.4906,107330.696779785
0.09788375300788642,2.4908,107330.698823025
0.07245859607216003,2.491,107330.701583222
0.09614903899547951,2.4912,107330.703663326
0.12024932455218279,2.4914,107330.705326537
0.15062827062313602,2.4916,107330.706654309
0.05917919641126115,2.4918,107330.710033875
0.1381156330611356,2.492,107330.711481937
0.13874234204326533,2.4922,107330.712923458
0.29741900160499035,2.4924,107330.71359591
0.08864104845099256,2.4926,107330.715852201
0.08604667180470436,2.4928,107330.718176521
0.1765165852066967,2.493,107330.719309559
0.1499003166995338,2.4932,107330.720643779
0.1265045340696727,2.4934,107330.72222475
0.10219718897887192,2.4936,107330.724181751
0.08647104273388817,2.4938000000000002,107330.726494664
0.10744883751627844,2.4939999999999998,107330.728356015
0.11255538370388081,2.4942,107330.730132918
0.1304010484916034,2.4944,107330.731666648
0.12674206980153618,2.4946,107330.733244656
0.10399134398030874,2.4948,107330.735167893
0.1294907381543501,2.495,107330.736712405
0.1271615073930767,2.4952,107330.738285208
0.13718559636889885,2.4954,107330.739743087
0.09707677556638124,2.4956,107330.741803312
0.069762858772146,2.4958,107330.744670167
0.11464202174078117,2.496,107330.746414728
0.09830618418914298,2.4962,107330.748449188
0.11487261531421997,2.4964,107330.750190247
0.1029229073711005,2.4966,107330.752133449
0.10049433180816926,2.4968,107330.754123611
0.10851236006720495,2.497,107330.755966719
0.11223955581868968,2.4972,107330.757748622
0.12195932472210727,2.4974,107330.759388513
0.12476209416946897,2.4976,107330.760991564
0.06810926640711021,2.4978,107330.763928022
0.14133986011472932,2.498,107330.765343051
0.1950135040099669,2.4981999999999998,107330.766368621
0.11016801132190944,2.4984,107330.76818403
0.09700393641215439,2.4986,107330.770245802
0.08709636846884974,2.4988,107330.772542109
0.12178881004858985,2.499,107330.774184296
0.11544464613605941,2.4992,107330.775916728
0.08073181780942358,2.4994,107330.778394066
0.20938790679038674,2.4996,107330.779349231
0.08117535429436537,2.4998,107330.781813033
0.1384985923522124,2.5,107330.783257091
0.10682225683538618,2.5002,107330.78512936
0.11380739808702157,2.5004,107330.786886715
0.12951765620861885,2.5006,107330.788430906
0.10388029291713304,2.5008,107330.790356199
0.07217834987607373,2.501,107330.793127113
0.17670451272097665,2.5012,107330.794258946
0.11003024723785058,2.5014,107330.796076628
0.05910079920678455,2.5016,107330.799460677
0.16483792619535548,2.5018000000000002,107330.80067399
0.1770303160821271,2.502,107330.80180374
0.15734304359205964,2.5022,107330.803074848
0.0907302281501573,2.5023999999999997,107330.805279185
0.07429627513636491,2.5026,107330.80797111
0.14948018313374414,2.5028,107330.80930908
0.14962209081610225,2.503,107330.810645781
0.09931201659909585,2.5032,107330.812659636
0.19248499938438343,2.5034,107330.813698678
0.10443466161140358,2.5036,107330.815613751
0.0685640393163008,2.5038,107330.818530732
0.27564801236090364,2.504,107330.819256295
0.13288992406302594,2.5042,107330.8207613
0.11765314924240551,2.5044,107330.822461212
0.04824239681873821,2.5046,107330.826606943
0.10531919831646842,2.5048,107330.828505932
0.179856762669022,2.505,107330.829617928
0.19907371135723717,2.5052,107330.830622581
0.1354617991091987,2.5054,107330.832099012
0.13569119390449866,2.5056000000000003,107330.833572947
0.09169289868429942,2.5058,107330.835754141
0.113025256248554,2.5060000000000002,107330.837523657
0.08380930016376946,2.5061999999999998,107330.839910027
0.07720615615270146,2.5064,107330.842500494
0.20290478701860215,2.5066,107330.843486178
0.09585025857309461,2.5068,107330.845572766
0.06909746960665275,2.507,107330.848467228
0.40236591281323825,2.5072,107330.848964288
0.1038971836043862,2.5074,107330.850889268
0.11475746523242306,2.5076,107330.852632074
0.06833189209416404,2.5078,107330.855558965
0.15884702610015533,2.508,107330.856818038
0.08869234662982124,2.5082,107330.859073024
0.1352305267291605,2.5084,107330.86055198
0.06644895771375672,2.5086,107330.863561809
0.16252604465638684,2.5088,107330.864792381
0.1286469820109122,2.509,107330.866347023
0.11486397205078937,2.5092,107330.868088213
0.4928742778093711,2.5094,107330.868493996
0.10584665148748475,2.5096,107330.870383522
0.09000794771009893,2.5098000000000003,107330.872605548
0.3837931750969716,2.51,107330.873126662
0.08927100869914414,2.5102,107330.875367031
0.11321970236491652,2.5103999999999997,107330.877133508
0.12228706080427848,2.5106,107330.878769004
0.07749544053760687,2.5108,107330.881349801
0.2359851354193684,2.511,107330.882197312
0.11143489161506855,2.5112,107330.883992082
0.11833892444406381,2.5114,107330.885682143
0.12130475401221341,2.5116,107330.887330883
0.08300487613996754,2.5118,107330.88974038
0.13498856278691046,2.512,107330.891221987
0.09796151851516012,2.5122,107330.893263605
0.1250985939180384,2.5124,107330.894862344
0.11593658466170323,2.5126,107330.896587425
0.0645735579246021,2.5128,107330.899684668
0.177859038484937,2.513,107330.900809154
0.1257347621389996,2.5132,107330.902399804
0.2060245729525614,2.5134,107330.903370562
0.12708022379492015,2.5136,107330.904944371
0.11892041648419188,2.5138,107330.906626168
0.11076368262028029,2.5140000000000002,107330.908431814
0.11164352590166962,2.5141999999999998,107330.91022323
0.11972857564987094,2.5144,107330.911893675
0.1146485935638453,2.5145999999999997,107330.913638136
0.07433963169207553,2.5148,107330.916328491
0.15713745857286987,2.515,107330.917601262
0.1622872108426546,2.5152,107330.918833645
0.08241991453485413,2.5154,107330.921260243
0.1537137245424215,2.5156,107330.922561363
0.09546780872522183,2.5158,107330.92465631
0.10632257817442547,2.516,107330.926537378
0.16220797499974726,2.5162,107330.927770363
0.07433286260109588,2.5164,107330.930460963
0.1981074789573126,2.5166,107330.931470516
0.10536675070591611,2.5168,107330.933368648
0.09139251533087861,2.517,107330.935557011
0.1289140733528209,2.5172,107330.937108432
0.1408723521974044,2.5174,107330.938528157
0.09651191491425753,2.5176,107330.94060044
0.08787187903231919,2.5178000000000003,107330.942876481
0.10741242374007991,2.518,107330.944738463
0.10586452450636827,2.5182,107330.94662767
0.13757580425144272,2.5183999999999997,107330.948081414
0.12260979858179959,2.5186,107330.949712605
0.075960078381618,2.5188,107330.952345567
0.18995228445204232,2.519,107330.953398463
0.13647610499789734,2.5192,107330.954863921
0.1119418433847282,2.5194,107330.956650563
0.10348935064484872,2.5196,107330.958583129
0.07618336561791639,2.5198,107330.961208374
0.1584256299394455,2.52,107330.962470796
0.1584365493584618,2.5202,107330.963733131
0.12292396726421895,2.5204,107330.965360153
0.09440209740197726,2.5206,107330.96747875
0.08847960189540205,2.5208,107330.969739158
0.30814884220774647,2.521,107330.970388195
0.10971877928082134,2.5212,107330.972211037
0.12889961681332066,2.5214,107330.973762632
0.10499569522926674,2.5216,107330.975667472
0.07620322009514667,2.5218,107330.978292033
0.37434045884534656,2.5220000000000002,107330.978826306
0.10182863925590295,2.5221999999999998,107330.98079039
0.12419667994579117,2.5224,107330.982400739
0.11046153572222558,2.5225999999999997,107330.984211324
0.08265357664293775,2.5228,107330.986631062
0.16050939215058352,2.523,107330.987877095
0.14274702441435663,2.5232,107330.989278175
0.12389324531748419,2.5234,107330.990892468
0.10985087771430495,2.5236,107330.992713118
0.12029445642179337,2.5238,107330.994375705
0.11255437160895321,2.524,107330.996152624
0.09304796709460925,2.5242,107330.998302053
0.1352369284326559,2.5244,107330.999780939
0.10659520545787807,2.5246,107331.001657196
0.08704477739422879,2.5248,107331.003954864
0.17108508312687765,2.525,107331.005123873
0.12429957143994541,2.5252,107331.006732889
0.1117533200615917,2.5254,107331.008522545
0.1218576710998686,2.5256,107331.010163804
0.11527264609962172,2.5258000000000003,107331.011898821
0.11049198746642773,2.526,107331.013708907
0.08033506140698347,2.5262000000000002,107331.01619848
0.10199798798210516,2.5263999999999998,107331.018159303
0.11400513144146862,2.5266,107331.01991361
0.09191172252665862,2.5268,107331.022089611
0.16345785240600322,2.527,107331.023313168
0.1197547419823179,2.5272,107331.024983248
0.10136719041366549,2.5274,107331.026956273
0.1179592339876243,2.5276,107331.028651774
0.10710927104820349,2.5278,107331.030519026
0.14900853490393204,2.528,107331.031861231
0.10774195957901113,2.5282,107331.033717518
0.10487803518172449,2.5284,107331.035624495
0.13237388644771456,2.5286,107331.037135367
0.11786128931986603,2.5288,107331.038832277
0.11708052668270516,2.529,107331.040540503
0.0826508781632377,2.5292,107331.04296032
0.13604914614056882,2.5294,107331.044430377
0.08738287447161529,2.5296,107331.046719155
0.08517713432164818,2.5298,107331.049067203
0.35863889624044215,2.5300000000000002,107331.049624867
0.10226506908300563,2.5302,107331.051580569
0.12807491846394514,2.5304,107331.053142155
0.11178417554250787,2.5305999999999997,107331.054931317
0.08963187780461011,2.5308,107331.057162666
0.146040938540752,2.531,107331.058532145
0.1117492620435138,2.5312,107331.060321866
0.12960082883301766,2.5314,107331.061865066
0.06414438130517601,2.5316,107331.064983032
0.17916074034774898,2.5318,107331.066099348
0.23767026149476203,2.532,107331.06694085
0.1067059911506837,2.5322,107331.068815159
0.15172584436062608,2.5324,107331.070133326
0.12129026134154199,2.5326,107331.071782263
0.08430985227504904,2.5328,107331.074154465
0.1182678253226894,2.533,107331.075845542
0.11576961586111144,2.5332,107331.077573111
0.16839028307154455,2.5334,107331.078760828
0.10436512309417433,2.5336,107331.080677177
0.0698075892704563,2.5338000000000003,107331.083542195
0.22372340679638547,2.534,107331.084436156
0.07828315657809963,2.5342000000000002,107331.086990984
0.20857797644993406,2.5343999999999998,107331.087949858
0.1121454664676913,2.5346,107331.089733256
0.06757350310275309,2.5348,107331.092692996
0.22953415913482744,2.535,107331.093564326
0.0986809319560103,2.5352,107331.09559106
0.19002447616844148,2.5354,107331.096643556
0.10074221828019063,2.5356,107331.098628821
0.07661012459668376,2.5358,107331.101239442
0.190407460482649,2.536,107331.102289821
0.07734215262980311,2.5362,107331.104875733
0.1343363782446882,2.5364,107331.106364533
0.13346635413444397,2.5366,107331.107863038
0.13382626005139348,2.5368,107331.109357513
0.08032938282763595,2.537,107331.111847262
0.18193064843532014,2.5372,107331.112946582
0.07984280553302125,2.5374,107331.115451504
0.15307770387886738,2.5376,107331.11675803
0.09120575790898594,2.5378,107331.118950874
0.10555599279418958,2.5380000000000003,107331.120845603
0.18443582909002407,2.5382,107331.121929991
0.14431628392682058,2.5384,107331.123315836
0.10816745377374651,2.5385999999999997,107331.125164821
0.08568525061087368,2.5388,107331.127498945
0.12969487385127404,2.539,107331.129041026
0.0868855023449844,2.5392,107331.131342906
0.163003567440393,2.5394,107331.132569873
0.11173746220924308,2.5396,107331.134359783
0.06106012597913466,2.5398,107331.137635243
0.17147099790266424,2.54,107331.138801621
0.23889496448893324,2.5402,107331.139638809
0.1065707248904444,2.5404,107331.141515497
0.11361673871678148,2.5406,107331.143275801
0.10653700462976332,2.5408,107331.145153083
0.1446206881322184,2.541,107331.146536011
0.10398534233726213,2.5412,107331.148459359
0.1246920889606668,2.5414,107331.15006331
0.08989248823110713,2.5416,107331.15228819
0.1646986543176066,2.5418,107331.153502529
0.11138375388799435,2.542,107331.155298123
0.12756460712729237,2.5422000000000002,107331.156865956
0.08622068448319661,2.5423999999999998,107331.159185585
0.13263452639109893,2.5426,107331.160693488
0.07220109740603169,2.5427999999999997,107331.163463529
0.3490992312018705,2.543,107331.164036432
0.08262421101633007,2.5432,107331.16645703
0.2425886151010813,2.5434,107331.167281471
0.10023851790503728,2.5436,107331.169276712
0.06222399762619114,2.5438,107331.172490906
0.1647105918213652,2.544,107331.173705157
0.1680549403368442,2.5442,107331.174895244
0.14233619243600498,2.5444,107331.176300368
0.12447184959656366,2.5446,107331.177907157
0.08554327258251129,2.5448,107331.180245155
0.10276631505398594,2.545,107331.182191318
0.1546654053627654,2.5452,107331.183484432
0.1414966515330311,2.5454,107331.184897893
0.07471169701626959,2.5456,107331.18757485
0.0914508959957017,2.5458,107331.189761816
0.291388874754812,2.5460000000000003,107331.190448184
0.08993464897895663,2.5462,107331.192672021
0.135392563918864,2.5464,107331.194149207
0.11612190005473139,2.5465999999999998,107331.195871535
0.0732730103807332,2.5468,107331.198601053
0.1780704464850958,2.547,107331.199724204
0.11707250831810583,2.5472,107331.201432547
0.10311101325158777,2.5474,107331.203372204
0.11264870360672181,2.5476,107331.205147635
0.11294961729231116,2.5478,107331.206918336
0.1449432908979211,2.548,107331.208298186
0.10835691870184716,2.5482,107331.210143938
0.1117197353447793,2.5484,107331.211934132
0.11994693588138573,2.5486,107331.213601536
0.08825202295383303,2.5488,107331.215867773
0.18000909098932233,2.549,107331.216978828
0.08828646119184358,2.5492,107331.219244181
0.14014562517170098,2.5494,107331.220671268
0.11602543298881678,2.5496,107331.222395028
0.10435842528830495,2.5498,107331.2243115
0.1237757038132788,2.55,107331.225927326
0.08123694635292632,2.5502000000000002,107331.22838926
0.3289944391082758,2.5504,107331.228997173
0.09647737020361621,2.5506,107331.231070198
0.12058318898891603,2.5507999999999997,107331.232728804
0.1307312581201528,2.551,107331.23425866
0.1292043081165524,2.5512,107331.235806596
0.09860484027611435,2.5514,107331.237834894
0.06905793589502819,2.5516,107331.240731013
0.12146137410251531,2.5518,107331.242377627
0.3390267186909188,2.552,107331.242967551
0.1307674156897307,2.5522,107331.244496984
0.09491110359878234,2.5524,107331.246604219
0.05436774134175452,2.5526,107331.250282871
0.15135565490020733,2.5528,107331.251604262
0.24881223292193047,2.553,107331.252408081
0.09381457034373313,2.5532,107331.254539946
0.13813709697874446,2.5534,107331.255987783
0.08181762808984439,2.5536,107331.258432244
0.14741130938865732,2.5538,107331.259788992
0.08787909945455849,2.5540000000000003,107331.262064846
0.11306429683473637,2.5542,107331.263833751
0.1348748636249007,2.5544000000000002,107331.265316607
0.10923034647787959,2.5545999999999998,107331.2671476
0.06803380584779568,2.5548,107331.270087315
0.14154121417415147,2.555,107331.271500331
0.13924250736530985,2.5552,107331.272936674
0.09841207180468725,2.5554,107331.274968945
0.11039379686233675,2.5556,107331.276780641
0.08710459919333889,2.5558,107331.279076731
0.08969221264991614,2.556,107331.281306579
0.09686552807220877,2.5562,107331.283371297
0.08099031727690711,2.5564,107331.285840728
0.0874679429819891,2.5566,107331.28812728
0.13173364820827346,2.5568,107331.289645495
0.11654244152235373,2.557,107331.291361608
0.08905500616737495,2.5572,107331.293607411
0.11116885752865951,2.5574,107331.295406476
0.12741994368706216,2.5576,107331.296976089
0.07855138656454425,2.5578,107331.299522193
0.1298747689937814,2.558,107331.301062138
0.10985558314742579,2.5582000000000003,107331.30288271
0.10377701643221572,2.5584,107331.304809919
0.09984743326232907,2.5586,107331.306812975
0.06915892394983958,2.5587999999999997,107331.309704865
0.15593897492363287,2.559,107331.310987418
0.09441069747291458,2.5592,107331.313105822
0.1313854138844456,2.5594,107331.314628061
0.09312127124402589,2.5596,107331.316775798
0.10818670427389057,2.5598,107331.318624454
0.10782014082229163,2.56,107331.320479395
0.08398727944301934,2.5602,107331.322860708
0.105698970969911,2.5604,107331.324752874
0.12650461441335084,2.5606,107331.326333844
0.07426446614867034,2.5608,107331.329026922
0.1420868296415407,2.561,107331.330434512
0.0909556019401968,2.5612,107331.332633387
0.1659468720279492,2.5614,107331.333838592
0.04233896540290101,2.5616,107331.338562373
0.30628715890442065,2.5618,107331.339215355
0.152962266359227,2.5620000000000003,107331.340522867
0.1884028621656971,2.5622,107331.341584422
0.11379075695273322,2.5624000000000002,107331.343342034
0.10230566255113475,2.5625999999999998,107331.34529696
0.08597631729294175,2.5628,107331.347623182
0.1505202351122068,2.5629999999999997,107331.348951907
0.080781512464831,2.5632,107331.351427721
0.13969436367572582,2.5634,107331.352859418
0.07716823431013797,2.5636,107331.355451158
0.1919144522415348,2.5638,107331.356493289
0.09930447141149958,2.564,107331.358507297
0.14579554748420184,2.5642,107331.359879081
0.10332419832808752,2.5644,107331.361814736
0.10363279558983063,2.5646,107331.363744627
0.10254532925447789,2.5648,107331.365694984
0.10045395128984497,2.565,107331.367685946
0.1121560941649506,2.5652,107331.369469175
0.07763607462238431,2.5654,107331.372045297
0.23803856370480206,2.5656,107331.372885497
0.07968219541239303,2.5658,107331.375395468
0.10253371013265539,2.566,107331.377346046
0.06502388180262487,2.5662000000000003,107331.380421839
0.15654841988906743,2.5664,107331.381699399
0.11140093905472782,2.5666,107331.383494716
0.09896566089480652,2.5667999999999997,107331.385515619
0.13541584881593097,2.567,107331.386992551
0.10100000055996113,2.5672,107331.388972749
0.08566565216253245,2.5674,107331.391307407
0.10743740847552126,2.5676,107331.393168956
0.10744341037173495,2.5678,107331.395030401
0.09475601276567416,2.568,107331.397141085
0.11133247729259457,2.5682,107331.398937506
0.11779638304067559,2.5684,107331.400635351
0.1026271001376358,2.5686,107331.402584154
0.08182345181336227,2.5688,107331.405028441
0.1482176460188246,2.569,107331.406377808
0.10089687275307278,2.5692,107331.40836003
0.1258406141698534,2.5694,107331.409949342
0.09154068052927412,2.5696,107331.412134163
0.07917788024175204,2.5698,107331.414660121
0.13098460456189653,2.57,107331.416187018
0.11356125790507915,2.5702,107331.417948182
0.1030045399029241,2.5704000000000002,107331.419889844
0.1181479357451201,2.5705999999999998,107331.421582637
0.0798622216689241,2.5708,107331.42408695
0.19312084305826058,2.5709999999999997,107331.425122571
0.108168331473145,2.5712,107331.426971541
0.07626950611882646,2.5714,107331.429593821
0.2178105876751341,2.5716,107331.43051205
0.1044392969981041,2.5718,107331.432427038
0.11864725583009927,2.572,107331.434112707
0.12190505873389906,2.5722,107331.435753328
0.11211950100665206,2.5724,107331.437537139
0.1200207154956917,2.5726,107331.439203518
0.09583266854978517,2.5728,107331.441290489
0.10522112472866911,2.573,107331.443191248
0.09476880911057951,2.5732,107331.445301647
0.09733880623143423,2.5734,107331.447356326
0.08828186261913397,2.5736,107331.449621797
0.12330973222831594,2.5738,107331.451243729
0.1058928857044131,2.574,107331.45313243
0.09681727717487207,2.5742000000000003,107331.455198177
0.11331894189815561,2.5744,107331.456963107
0.06769651136803705,2.5746,107331.459917469
0.08862686825585986,2.5747999999999998,107331.462174121
0.18664673345534005,2.575,107331.463245664
0.1121973684553267,2.5752,107331.465028237
0.1115963691247106,2.5754,107331.46682041
0.09247006968308263,2.5756,107331.468983272
0.10928346702211486,2.5758,107331.470813375
0.12096776593057655,2.576,107331.472466708
0.07421354038189587,2.5762,107331.475161634
0.07047161749477833,2.5764,107331.477999656
0.1624507977678363,2.5766,107331.479230798
0.08977228793934999,2.5768,107331.481458657
0.10212141958620735,2.577,107331.48341711
0.11909539897625085,2.5772,107331.485096436
0.08513478500189493,2.5774,107331.487445652
0.07405279095342195,2.5776,107331.490146428
0.1496275769904575,2.5778,107331.49148308
0.13409813969805917,2.578,107331.492974525
0.09880480748284819,2.5782,107331.494998718
0.07356919878297828,2.5784000000000002,107331.497717247
0.11121336507379148,2.5786,107331.499515592
0.08665770373387587,2.5788,107331.501823523
0.38956282682839527,2.5789999999999997,107331.502336919
0.07987571367075347,2.5792,107331.504840809
0.12347607293900084,2.5794,107331.506460556
0.11369030220788749,2.5796,107331.508219721
0.07844503131585845,2.5798,107331.510769277
0.11258408573001401,2.58,107331.512545727
0.11167120486492424,2.5802,107331.514336699
0.07827056491292636,2.5804,107331.516891938
0.07812863168351995,2.5806,107331.519451819
0.1505407415232752,2.5808,107331.520780363
0.19333983028756052,2.581,107331.521814811
0.12696357135946518,2.5812,107331.523390066
0.0901440950111205,2.5814,107331.525608736
0.1089024487493043,2.5816,107331.527445242
0.08456298491347383,2.5818,107331.529810343
0.13051337354625414,2.582,107331.531342753
0.08592408776125213,2.5822000000000003,107331.533670389
0.10760498247720447,2.5824,107331.535529039
0.1393942901500551,2.5826000000000002,107331.536963818
0.09529531773158287,2.5827999999999998,107331.539062557
0.09853590438122475,2.583,107331.541092274
0.09258226290192385,2.5832,107331.543252515
0.0790550392874929,2.5834,107331.545782398
0.12866146383727825,2.5836,107331.547336865
0.09935316108468459,2.5838,107331.549349886
0.07777498243498566,2.584,107331.551921407
0.12956220863315548,2.5842,107331.553465067
0.16114814881880446,2.5844,107331.554706161
0.09689457739086765,2.5846,107331.55677026
0.10988111400693293,2.5848,107331.558590409
0.11258452932942284,2.585,107331.560366852
0.10472553055286979,2.5852,107331.562276606
0.07494133942817875,2.5854,107331.56494536
0.10884371541547355,2.5856,107331.566782857
0.09493561240217564,2.5858,107331.568889548
0.1038025468024806,2.586,107331.570816283
0.07576368864941044,2.5862,107331.57345607
0.07214317503296874,2.5864000000000003,107331.576228335
0.08748079809018981,2.5866,107331.578514551
0.06179545455823566,2.5868,107331.581751035
0.17472589884780804,2.5869999999999997,107331.582895685
0.15959844969582648,2.5872,107331.58414883
0.08965566442165812,2.5874,107331.586379587
0.08473333996128406,2.5876,107331.588739933
0.14725490980255762,2.5878,107331.590098122
0.08745275944762324,2.588,107331.592385071
0.1591348148823133,2.5882,107331.593641867
0.09525891605325532,2.5884,107331.595741408
0.10889391006248862,2.5886,107331.597578058
0.06983291437092592,2.5888,107331.600442037
0.2114842280050379,2.589,107331.601387734
0.07911977649965794,2.5892,107331.603915547
0.1541570773111872,2.5894,107331.605212925
0.1046641487568398,2.5896,107331.607123799
0.06847507037916484,2.5898,107331.61004457
0.14210308361902177,2.59,107331.611451999
0.09553630497388275,2.5902,107331.613545444
0.10723636272927896,2.5904,107331.615410483
0.10644815002510197,2.5906000000000002,107331.617289332
0.08006296167539623,2.5907999999999998,107331.619787366
0.14263229370227243,2.591,107331.621189573
0.09805296216671393,2.5911999999999997,107331.623229287
0.09619967948848401,2.5914,107331.625308296
0.11009772310502172,2.5916,107331.627124864
0.06500667786087827,2.5918,107331.630201471
0.20255728376865187,2.592,107331.631188846
0.11191227863169885,2.5922,107331.63297596
0.10006399111251486,2.5924,107331.634974681
0.10919778368124967,2.5926,107331.63680622
0.08351034055464174,2.5928,107331.639201133
0.12773488448133305,2.593,107331.640766876
0.08662576194772252,2.5932,107331.643075658
0.11298407288289826,2.5934,107331.644845819
0.12140261282953156,2.5936,107331.64649323
0.09242058763882231,2.5938,107331.64865725
0.11104016835315986,2.594,107331.6504584
0.0664176229138218,2.5942,107331.653469649
0.22190194254202306,2.5944000000000003,107331.654370948
0.12800827413605323,2.5946,107331.655933347
0.09376021142180668,2.5948,107331.658066448
0.10679288121475813,2.5949999999999998,107331.659939232
0.1207413040779395,2.5952,107331.661595666
0.10343497141336722,2.5954,107331.663529248
0.09759863454038345,2.5956,107331.665578457
0.09028273403791857,2.5958,107331.66779372
0.0722619580870432,2.596,107331.670561428
0.08976141025966419,2.5962,107331.672789557
0.1075804982624215,2.5964,107331.67464863
0.06781651810784635,2.5966,107331.677597764
0.08343968430951527,2.5968,107331.679994705
0.17569288959937326,2.597,107331.681133055
0.1313892975049895,2.5972,107331.682655249
0.0894138075994631,2.5974,107331.68489204
0.07882525110669761,2.5976,107331.687429298
0.08255136589553722,2.5978,107331.689852032
0.1963506270474232,2.598,107331.690870618
0.09540350643596432,2.5982,107331.692966977
0.10870528197480978,2.5984,107331.694806814
0.10251988812379063,2.5986000000000002,107331.696757655
0.06762511738190459,2.5987999999999998,107331.699715136
0.21137716326778608,2.599,107331.700661312
0.11396323103218504,2.5991999999999997,107331.702416264
0.08737020086309755,2.5994,107331.704705374
0.1222718843091211,2.5996,107331.706341073
0.07075641087719696,2.5998,107331.709167672
0.17047217327812816,2.6,107331.710340884
0.07794025733522979,2.6002,107331.712906952
0.18901697848858576,2.6004,107331.713965058
0.10513323545351384,2.6006,107331.715867406
0.09160961300101804,2.6008,107331.718050583
0.09987415896182351,2.601,107331.720053103
0.10925582549039606,2.6012,107331.721883669
0.11741864478406233,2.6014,107331.723586976
0.11221889935298572,2.6016,107331.725369207
0.09022074716186493,2.6018,107331.727585992
0.12906423348932927,2.602,107331.729135608
0.08798704083397041,2.6022,107331.73140867
0.10039445039758707,2.6024000000000003,107331.733400812
0.06754753145567345,2.6026,107331.73636169
0.10859962395062368,2.6028000000000002,107331.738203317
0.0883684578370712,2.6029999999999998,107331.740466568
0.09369085739007231,2.6032,107331.742601248
0.08656165020511208,2.6034,107331.74491174
0.09830111117863434,2.6036,107331.746946305
0.08317422760606123,2.6038,107331.749350896
0.11605081398561508,2.604,107331.751074279
0.08558690823688092,2.6042,107331.753411085
0.10756036434878384,2.6044,107331.755270506
0.132773294589189,2.6046,107331.756776833
0.0804624338865489,2.6048,107331.759262465
0.10192453926348685,2.605,107331.761224701
0.10111340989803268,2.6052,107331.763202678
0.09195825092521642,2.6054,107331.765377578
0.07211635539507794,2.6056,107331.768150874
0.1163829353508659,2.6058,107331.769869339
0.11568878801619412,2.606,107331.771598115
0.08362920654231984,2.6062,107331.773989624
0.0869047562790128,2.6064,107331.776290994
0.10094560803885856,2.6066000000000003,107331.778272259
0.0764993590411875,2.6068,107331.78088666
0.22445328652444493,2.607,107331.781777714
0.10039792731610972,2.6071999999999997,107331.783769787
0.102173067963152,2.6074,107331.78572725
0.08074012841725024,2.6076,107331.788204333
0.14500308584613603,2.6078,107331.789583614
0.11246803729782817,2.608,107331.791361897
0.09983736531486,2.6082,107331.793365155
0.09141620110018936,2.6084,107331.795552951
0.10560308906753665,2.6086,107331.797446835
0.0898449997036314,2.6088,107331.799672891
0.12856023402629255,2.609,107331.801228582
0.09159924948024985,2.6092,107331.803412006
0.1480072673499888,2.6094,107331.804763291
0.08019484126416884,2.6096,107331.807257217
0.1590410472423374,2.6098,107331.808514754
0.10147262116340358,2.61,107331.810485729
0.10401119178631112,2.6102,107331.812408599
0.10408811255498202,2.6104000000000003,107331.814330048
0.10757332331244898,2.6106,107331.816189245
0.09787259259364313,2.6108000000000002,107331.818232718
0.0824285763432189,2.6109999999999998,107331.820659061
0.109473629173697,2.6112,107331.822485985
0.07446684536063489,2.6114,107331.825171744
0.12351648971801858,2.6116,107331.826790961
0.08514076511651282,2.6118,107331.829140012
0.2715067273731375,2.612,107331.829876642
0.08610590807367811,2.6122,107331.832199363
0.12788811315785797,2.6124,107331.83376323
0.09439127075187345,2.6126,107331.83588207
0.10158616614125991,2.6128,107331.837850842
0.11290103190717603,2.613,107331.839622305
0.09814144611664027,2.6132,107331.84166018
0.10588716754399306,2.6134,107331.843548983
0.10498307396431249,2.6136,107331.845454052
0.08991245223281838,2.6138,107331.847678438
0.12731320114278627,2.614,107331.849249367
0.10025334036365591,2.6142,107331.851244313
0.10784368747617498,2.6144,107331.853098849
0.0839568878783938,2.6146000000000003,107331.855481024
0.08677907749582145,2.6148,107331.857785727
0.13535856808167285,2.615,107331.859263284
0.07939869764097515,2.6151999999999997,107331.861782217
0.10172826150257741,2.6154,107331.863748239
0.14281327848985786,2.6156,107331.865148669
0.07598515734528155,2.6158,107331.867780762
0.13217774648554195,2.616,107331.869293876
0.07865917584471914,2.6162,107331.871836491
0.1149826403017749,2.6164,107331.873575884
0.09022819646962875,2.6166,107331.875792486
0.09569474094349666,2.6168,107331.877882465
0.10970656278051745,2.617,107331.87970551
0.10034604350694487,2.6172,107331.881698613
0.1203934459320076,2.6174,107331.883359833
0.1004544556991928,2.6176,107331.885350785
0.08330927766007726,2.6178,107331.887751478
0.13017782324899937,2.618,107331.889287838
0.09744950252762272,2.6182,107331.891340183
0.10155176210235742,2.6184,107331.893309622
0.12385012851755076,2.6186,107331.894924477
0.10695416004446198,2.6188000000000002,107331.896794437
0.08747368138272127,2.6189999999999998,107331.899080839
0.12221562164811728,2.6192,107331.900717291
0.10803196031008842,2.6193999999999997,107331.902568595
0.11026446381473667,2.6196,107331.904382416
0.0886185827619301,2.6198,107331.906639279
0.11938295694203792,2.62,107331.90831456
0.09296289502402702,2.6202,107331.910465956
0.1246302378146807,2.6204,107331.912070703
0.1084007313981638,2.6206,107331.913915709
0.10598440966406647,2.6208,107331.915802779
0.07849250426684017,2.621,107331.918350793
0.04787283063637909,2.6212,107331.922528528
0.1090761140506635,2.6214,107331.92436211
0.36990114669686275,2.6216,107331.924902795
0.03540878378248476,2.6218,107331.930551111
0.20375666079426455,2.622,107331.931532674
0.22110588448253263,2.6222,107331.932437218
0.04277246862743129,2.6224,107331.937113123
0.0337099634838872,2.6226000000000003,107331.943046087
0.0866965455816802,2.6228,107331.945352984
0.02743740157721264,2.623,107331.952642304
0.057314128029994534,2.6231999999999998,107331.956131845
0.14049758591771877,2.6234,107331.957555357
0.023068535016490883,2.6236,107331.966225175
0.03569222662779032,2.6238,107331.971828636
0.1707985680150762,2.624,107331.972999606
0.0682982900599703,2.6242,107331.975927937
0.04577586087783451,2.6244,107331.980297052
0.42071427957192503,2.6246,107331.980772434
0.029734736432706518,2.6248,107331.987498574
0.04109647874979806,2.625,107331.992365171
0.023346141807336317,2.6252,107332.000931897
0.028075845740884314,2.6254,107332.008055458
0.1619198523520803,2.6256,107332.009290637
0.14511071155478375,2.6258,107332.010668895
0.026395914961368047,2.626,107332.018245825
0.07188426638711971,2.6262,107332.021028075
0.06869703032481894,2.6264,107332.023939409
0.0581396531752857,2.6266,107332.027379402
0.0649166018285867,2.6268000000000002,107332.030460278
0.09200389522159946,2.627,107332.032634099
0.07677177751461635,2.6272,107332.035239223
0.10550298232939762,2.6273999999999997,107332.037134904
0.14931044802198004,2.6276,107332.038474395
0.07277053799645355,2.6278,107332.04122276
0.1236935642776106,2.628,107332.042839659
0.13864433564474038,2.6282,107332.044282199
0.4296418545626392,2.6284,107332.044747703
0.11286242186255115,2.6286,107332.046519772
0.20660068583409433,2.6288,107332.047487823
0.268598424946669,2.629,107332.048232429
0.17121103564179596,2.6292,107332.049400578
0.15388498153437244,2.6294,107332.05070025
0.14931925315640843,2.6296,107332.052039662
0.09473366126703078,2.6298,107332.054150844
0.4235053856742754,2.63,107332.054623093
0.18924591369395988,2.6302,107332.055679919
0.17188509847898648,2.6304,107332.056843487
0.13592469124570186,2.6306000000000003,107332.05831489
0.1588376892759574,2.6308,107332.059574037
0.165417488892716,2.6310000000000002,107332.060783099
0.14428525869694542,2.6311999999999998,107332.062169242
0.13871482048671815,2.6314,107332.063611049
0.1770389359064642,2.6316,107332.064740744
0.09954250258723382,2.6318,107332.066749936
0.22591058937156036,2.632,107332.067635242
0.19756227721982633,2.6322,107332.068647581
0.08747502089687163,2.6324,107332.070933948
0.13700056399724445,2.6326,107332.072393796
0.4070724805178463,2.6328,107332.072885109
0.18634344781469206,2.633,107332.073958396
0.15139254551042822,2.6332,107332.075279465
0.10910777105454446,2.6334,107332.077112515
0.10187407585817952,2.6336,107332.079075723
0.08644267650073535,2.6338,107332.081389395
0.45118106989484474,2.634,107332.081832676
0.13282038106382577,2.6342,107332.083338469
0.10897092225645269,2.6344,107332.085173821
0.18051209648033256,2.6346,107332.08628178
0.10622770495621563,2.6348000000000003,107332.088164528
0.10462012941913013,2.635,107332.090076206
0.150291190274601,2.6352,107332.091406956
0.14171441794090114,2.6353999999999997,107332.092818245
0.1102727932283854,2.6356,107332.094631929
0.09776628478103312,2.6358,107332.096677624
0.07938312962919893,2.636,107332.099197051
0.1063674757358453,2.6362,107332.101077325
0.09547459974378716,2.6364,107332.103172123
0.08207313435517684,2.6366,107332.105608974
0.11587317664507492,2.6368,107332.107334999
0.1899053897684913,2.637,107332.108388155
0.14098943543875933,2.6372,107332.109806701
0.15601062168899568,2.6374,107332.111088665
0.08634728541517457,2.6376,107332.113404893
0.08341723684173191,2.6378,107332.115802479
0.0967673423898076,2.638,107332.117869292
0.11715233099452932,2.6382,107332.119576471
0.15454218846874282,2.6384,107332.120870616
0.13455789930491355,2.6386,107332.122356965
0.11593846730894136,2.6388,107332.124082018
0.17045139712336527,2.6390000000000002,107332.125255373
0.11644920741720646,2.6391999999999998,107332.12697286
0.10506077772695932,2.6394,107332.12887652
0.08786674494415521,2.6395999999999997,107332.131152694
0.22237121171809757,2.6398,107332.132052091
0.1480700546826799,2.64,107332.133402803
0.24891937933984004,2.6402,107332.134206276
0.45999323148805116,2.6404,107332.134641065
0.09915677105866608,2.6406,107332.136658073
0.18814533729071015,2.6408,107332.137721081
0.16057202193935335,2.641,107332.138966628
0.273076687650692,2.6412,107332.139699023
0.1328853319369034,2.6414,107332.14120408
0.1314855242911692,2.6416,107332.14272516
0.06579217874775088,2.6418,107332.145765035
0.1506766142698033,2.642,107332.147092381
0.22164422217780985,2.6422,107332.147994728
0.17020697155922496,2.6424,107332.149169768
0.09782156288075085,2.6426,107332.151214307
0.1650846059910578,2.6428000000000003,107332.152425807
0.16559800694784318,2.643,107332.153633551
0.1827891256456719,2.6432,107332.154727708
0.1991492325671111,2.6433999999999997,107332.15573198
0.12952436702521433,2.6436,107332.157276091
0.1748050058104091,2.6438,107332.158420223
0.10230513937992985,2.644,107332.160375159
0.270169506260062,2.6442,107332.161115435
0.4881668314040457,2.6444,107332.161525131
0.10266608421445757,2.6446,107332.163473194
0.20057565164668678,2.6448,107332.164470324
0.7569134606936476,2.645,107332.164734555
0.21860957694745867,2.6452,107332.165649428
0.13830732569789186,2.6454,107332.167095483
0.15344636811204876,2.6456,107332.16839887
0.09449049495107595,2.6458,107332.170515485
0.09755683601832688,2.646,107332.172565572
0.11727763352411533,2.6462,107332.174270927
0.16622299094327533,2.6464,107332.17547413
0.2227995178000482,2.6466,107332.176371798
0.09511223042977938,2.6468,107332.178474577
0.1513697441343833,2.6470000000000002,107332.179795845
0.1391605419344812,2.6471999999999998,107332.181233034
0.22881855351724473,2.6474,107332.182107089
0.1555805177609177,2.6475999999999997,107332.183392597
0.13596091421619097,2.6478,107332.184863608
0.25559138012248034,2.648,107332.185646107
0.07110613054263282,2.6482,107332.188458804
0.13491707937676203,2.6484,107332.189941196
0.10366937817909737,2.6486,107332.191870406
0.06993346860147795,2.6488,107332.194730267
0.16490860421991765,2.649,107332.19594306
0.16510722816091583,2.6492,107332.197154394
0.3467652839387812,2.6494,107332.197731153
0.11562538318192513,2.6496,107332.199460877
0.07349901240938714,2.6498,107332.202182002
0.11830693352083156,2.65,107332.20387252
0.11509274421476595,2.6502,107332.205610249
0.06894395445979604,2.6504,107332.208511156
0.20276490206056808,2.6506,107332.20949752
0.1884072992596239,2.6508000000000003,107332.21055905
0.39139939269319685,2.651,107332.211070037
0.2515454329894904,2.6512000000000002,107332.211865122
0.34367803632237315,2.6513999999999998,107332.212447062
0.180379573632529,2.6516,107332.213555835
0.09380110658301838,2.6518,107332.215688006
0.16888654110121926,2.652,107332.216872233
0.15102523495732578,2.6522,107332.218196515
0.11344595434274433,2.6524,107332.219959469
0.13422395420879862,2.6526,107332.221449516
0.07486433661954262,2.6528,107332.224121015
0.1463348961906938,2.653,107332.225487743
0.18223284330744635,2.6532,107332.22658524
0.19739458913237834,2.6534,107332.227598439
0.0878164357940581,2.6536,107332.229875917
0.07885841379349323,2.6538,107332.232412108
0.09160373858604318,2.654,107332.234595425
0.09258954965915338,2.6542,107332.236755496
0.1547114660091119,2.6544,107332.238048225
0.16845453039686095,2.6546,107332.239235489
0.0837347370267438,2.6548,107332.241623984
0.23035344282851852,2.6550000000000002,107332.242492215
0.14186882307785628,2.6552,107332.243901968
0.1836183103535798,2.6554,107332.244991184
0.16784352832995955,2.6555999999999997,107332.24618277
0.0815863319060247,2.6558,107332.248634161
0.1656436791630872,2.656,107332.249841572
0.13907393446028687,2.6562,107332.251279656
0.14163433381719406,2.6564,107332.252691743
0.1289218839172523,2.6566,107332.25424307
0.06784129324337722,2.6568,107332.257191127
0.12727601343670888,2.657,107332.258762515
0.13141804745543822,2.6572,107332.260284376
0.062056220470518536,2.6574,107332.26350726
0.16088874932602723,2.6576,107332.264750355
0.1294061995136825,2.6578,107332.266295876
1.8601364535246547,2.658,107332.266403395
0.47695700733568125,2.6582,107332.26682272
0.11255120363061048,2.6584,107332.268599689
0.20885918202496667,2.6586,107332.269557272
0.17984447034404394,2.6588000000000003,107332.270669344
0.2637217743868747,2.659,107332.271427719
0.3256878109562414,2.6592000000000002,107332.272041804
0.267591101546222,2.6593999999999998,107332.272789213
0.18833402619281175,2.6596,107332.273851156
0.10567283489788974,2.6598,107332.27574379
0.1282966628564628,2.66,107332.277302677
0.4781006010497521,2.6602,107332.277720999
0.11524627552879557,2.6604,107332.279456413
0.1852931020692949,2.6606,107332.280535784
0.11132621790949937,2.6608,107332.282332306
0.23401091076004094,2.661,107332.283186967
0.14605832401960167,2.6612,107332.284556283
0.12791608688455958,2.6614,107332.286119808
0.1377734039209391,2.6616,107332.287571467
0.08886598118643252,2.6618,107332.289822047
0.1959923473303816,2.662,107332.290842495
0.19422642501155823,2.6622,107332.291872221
0.8773969703271384,2.6624,107332.292100168
0.1457118454984513,2.6626,107332.29347274
0.11649716356149566,2.6628,107332.29518952
0.14152889365390178,2.6630000000000003,107332.296602659
0.1219312937936576,2.6632,107332.298242927
0.06942708768071458,2.6634,107332.301123647
0.14501118065573226,2.6635999999999997,107332.302502851
0.09038187690700211,2.6638,107332.304715684
0.15691147982441953,2.664,107332.305990288
0.15050177291210365,2.6642,107332.307319176
0.08623142799973535,2.6644,107332.309638516
0.07438273494300994,2.6646,107332.312327312
0.12034671911407824,2.6648,107332.313989177
0.1821649572339653,2.665,107332.315087083
0.19495666567431238,2.6652,107332.316112952
0.2081174123552133,2.6654,107332.317073948
0.09612778033011224,2.6656,107332.319154512
0.08899105075765013,2.6658,107332.321401929
0.143246672055535,2.666,107332.322798122
0.13754439225219756,2.6662,107332.324252198
0.10477836471913064,2.6664,107332.326160989
0.13272457010560526,2.6666,107332.327667869
0.17056725595055763,2.6668,107332.328840427
0.12818885827756182,2.667,107332.330400625
0.09467446660912084,2.6672000000000002,107332.332513127
0.07931339964886569,2.6673999999999998,107332.335034769
0.10921483808688764,2.6676,107332.336866022
0.06957148497009844,2.6677999999999997,107332.339740763
0.13573355500974554,2.668,107332.341214238
0.11867168407642761,2.6682,107332.34289956
0.11527942289324757,2.6684,107332.344634475
0.11322579124887382,2.6686,107332.346400857
0.15014417618214435,2.6688,107332.34773291
0.13926218937411156,2.669,107332.34916905
0.15477300539582947,2.6692,107332.350461265
0.13459711046084766,2.6694,107332.351947181
0.15139059774614305,2.6696,107332.353268267
0.09574948902759896,2.6698,107332.355357051
0.1286639474517467,2.67,107332.356911488
0.08406013794663877,2.6702,107332.359290737
0.2581228046472992,2.6704,107332.360065562
0.13098657695871657,2.6706,107332.361592436
0.08670240855496912,2.6708,107332.363899177
0.47653766906498757,2.6710000000000003,107332.364318871
0.0957131055476019,2.6712,107332.366408449
0.10451657989176188,2.6714,107332.368322021
0.24675760297882302,2.6715999999999998,107332.369132533
0.16439283962336104,2.6718,107332.370349131
0.1529841468881446,2.672,107332.371656456
0.12450276733783523,2.6722,107332.373262846
0.16490398016134444,2.6724,107332.374475673
0.14622865404423974,2.6726,107332.375843394
0.08207828767907904,2.6728,107332.378280092
0.1563798693382821,2.673,107332.379559029
0.15905154364897556,2.6732,107332.380816483
0.12473112675173502,2.6734,107332.382419932
0.09368515175353871,2.6736,107332.384554742
0.37985839021229495,2.6738,107332.385081254
0.08323733328445376,2.674,107332.387484022
0.3581014130183436,2.6742,107332.388042523
0.19553018001146338,2.6744,107332.389065383
0.4030137396123909,2.6746,107332.389561644
0.07062009730704716,2.6748,107332.392393699
0.14157197309290534,2.675,107332.393806408
0.13794359251679422,2.6752000000000002,107332.395256276
0.2960651459255979,2.6754,107332.395931803
0.11367098106817067,2.6756,107332.397691267
0.07764086693381057,2.6757999999999997,107332.40026723
0.16353523981879486,2.676,107332.401490208
0.1976251378213392,2.6762,107332.402502225
0.2956568030655457,2.6764,107332.403178685
0.14952208918151563,2.6766,107332.40451628
0.12396819725379567,2.6768,107332.406129597
0.24738575038584995,2.677,107332.406938051
0.12350138831119369,2.6772,107332.408557466
0.08205505235741165,2.6774,107332.410994854
0.06857142075287387,2.6776,107332.413911521
0.16281182507118022,2.6778,107332.415139933
0.13377416344349316,2.678,107332.41663499
0.21079924515378887,2.6782,107332.41758376
0.0713717290533765,2.6784,107332.42038599
0.1751868805645232,2.6786,107332.421527628
0.5893064567065693,2.6788,107332.42186701
3.9190328455973718,2.6790000000000003,107332.421918043
0.3506231439407481,2.6792,107332.422488456
0.14649760816881535,2.6794000000000002,107332.423853666
0.17447439628616498,2.6795999999999998,107332.424999966
0.12859032167481602,2.6798,107332.426555293
0.09294392939073881,2.68,107332.428707128
0.4095909792025344,2.6802,107332.42919542
0.12076740455900499,2.6804,107332.430851496
0.1470127737166894,2.6806,107332.432211922
0.11355958209192477,2.6808,107332.433973112
0.16156824509015516,2.681,107332.435210979
0.15485761348311797,2.6812,107332.436502488
0.10888377254214669,2.6814,107332.438339309
0.08350437773817634,2.6816,107332.440734393
0.2413421547371895,2.6818,107332.441563092
0.10028732308599203,2.682,107332.443557362
0.1537505921014449,2.6822,107332.44485817
0.13363677734672996,2.6824,107332.446354764
0.15139552728777536,2.6826,107332.447675807
0.1791909151391503,2.6828,107332.448791935
0.2576360134999466,2.683,107332.449568224
0.20688577750196985,2.6832000000000003,107332.450534941
0.16153262137188015,2.6834,107332.451773081
0.08687010522973142,2.6836,107332.454075369
0.14326719326692403,2.6837999999999997,107332.455471362
0.23883049438269674,2.684,107332.456308776
0.22934491054251357,2.6842,107332.457180825
0.14687576860510906,2.6844,107332.45854252
0.09852842862669291,2.6846,107332.460572391
0.05328424090020722,2.6848,107332.464325846
0.3259192157921414,2.685,107332.464939495
0.42127790055364217,2.6852,107332.465414241
0.16325317966256706,2.6854,107332.466639332
0.17776845429745042,2.6856,107332.467764391
0.1845556439530144,2.6858,107332.468848075
0.24215156807721885,2.686,107332.469674004
0.08979151281073765,2.6862,107332.471901386
0.11992694092855542,2.6864,107332.473569068
0.14194403719943735,2.6866,107332.474978074
0.07056470822078839,2.6868,107332.477812352
0.11317088346611365,2.6870000000000003,107332.479579591
0.22417327844234347,2.6872,107332.480471758
0.11008469374999567,2.6874000000000002,107332.482288541
0.14237641815816582,2.6875999999999998,107332.483693268
0.16309196413678423,2.6878,107332.48491957
0.1480975744071302,2.6879999999999997,107332.486270031
0.19452357816998858,2.6882,107332.487298184
0.13042894174203742,2.6884,107332.488831586
0.13764236548897543,2.6886,107332.490284627
0.14742836955337366,2.6888,107332.491641218
0.19510938846579987,2.689,107332.492666284
0.1628752032868249,2.6892,107332.493894218
0.1623554533124047,2.6894,107332.495126083
0.15513027359412385,2.6896,107332.496415322
0.11580514432206766,2.6898,107332.498142361
0.1216741885613572,2.69,107332.499786095
0.36241010108767596,2.6902,107332.500337956
0.12413061931009987,2.6904,107332.501949162
0.07544172068812269,2.6906,107332.504600215
0.23592723572366692,2.6908,107332.505447934
0.4366116299241762,2.691,107332.505906007
0.1331494107248831,2.6912000000000003,107332.507408079
0.11085700194592436,2.6914,107332.509212205
0.23105306864446626,2.6916,107332.510077807
0.07652728383351586,2.6917999999999997,107332.512691254
0.08049439671349959,2.692,107332.515175899
0.09897594509891633,2.6922,107332.517196592
0.06563852670816354,2.6924,107332.520243583
0.085434049659109,2.6926,107332.52258457
0.06226293406534072,2.6928,107332.525796754
0.06344195435277154,2.693,107332.528949242
0.1799075642870881,2.6932,107332.530060924
0.1010996609942966,2.6934,107332.53203917
0.09399644656803316,2.6936,107332.53416691
0.1353322818533496,2.6938,107332.535644754
0.10588044099106886,2.694,107332.537533677
0.09956281959878374,2.6942,107332.539542459
0.12845759654042746,2.6944,107332.541099393
0.11013403814524732,2.6946,107332.542915362
0.11764574408142975,2.6948,107332.544615381
0.1918010798214864,2.695,107332.545658128
0.1702259487654448,2.6952,107332.546833037
0.16708130775463642,2.6954000000000002,107332.548030059
0.14572267554094515,2.6955999999999998,107332.549402529
0.11927018506813217,2.6958,107332.551079394
0.16101594698158078,2.6959999999999997,107332.552321507
0.047776950479321297,2.6962,107332.556507626
0.07767669007019834,2.6964,107332.559082401
0.0978672283308421,2.6966,107332.561125986
0.08157621588853184,2.6968,107332.563577681
0.1936327715704589,2.697,107332.564610564
0.10752873227078547,2.6972,107332.566470532
0.34794468283485447,2.6974,107332.567045336
0.1659559612169471,2.6976,107332.568250475
0.08571786138518266,2.6978,107332.570583711
0.10513599879648418,2.698,107332.572486009
0.1578686466253262,2.6982,107332.573752885
0.15518901697824683,2.6984,107332.575041636
0.3643783646153062,2.6986,107332.575590516
0.05154297781845643,2.6988,107332.579470773
0.08256117967078916,2.699,107332.581893219
0.151079767396384,2.6992000000000003,107332.583217023
0.08147007845827449,2.6994,107332.585671912
0.07949267777287818,2.6996,107332.588187867
0.058971026474682574,2.6997999999999998,107332.591579363
0.16702465534592467,2.7,107332.592776791
0.22400003525612827,2.7002,107332.593669648
0.39370931562173594,2.7004,107332.594177637
0.08335121893170024,2.7006,107332.596577122
0.10043700182274733,2.7008,107332.59856842
0.15704306663748313,2.701,107332.599841956
0.08101374136023771,2.7012,107332.602310673
0.2726285090937095,2.7014,107332.603044272
0.12096198592083371,2.7016,107332.604697684
0.1238177726811129,2.7018,107332.606312961
0.19093807905130736,2.702,107332.607360421
0.13439830472222059,2.7022,107332.608848535
0.10197723709758677,2.7024,107332.610809757
0.12722759541641035,2.7026,107332.612381743
0.06424922540596625,2.7028,107332.615494621
0.33918483488708645,2.703,107332.61608427
0.06599642909348771,2.7032,107332.619114737
0.11870126549803475,2.7034000000000002,107332.620799639
0.2785011060729705,2.7036,107332.621517769
1.6899028454901364,2.7038,107332.621636119
0.36151068076151627,2.7039999999999997,107332.622189353
0.09857572872095012,2.7042,107332.62421825
0.06790811767634779,2.7044,107332.627163406
0.17438174984661847,2.7046,107332.628310315
0.22755924635854397,2.7048,107332.629189207
1.8690541550051822,2.705,107332.629296213
0.4557511127404823,2.7052,107332.629735049
0.18216346511053322,2.7054,107332.630832964
0.09269567396907051,2.7056,107332.632990562
0.1872445280687187,2.7058,107332.634058684
0.2571831217874738,2.706,107332.63483634
0.18586410681445004,2.7062,107332.635912395
0.124717280742565,2.7064,107332.637516022
0.12900645674721942,2.7066,107332.639066332
0.15505955540799912,2.7068,107332.640356159
0.10565770610283055,2.707,107332.642249064
0.13887596558235518,2.7072000000000003,107332.643689198
0.1939988399668597,2.7074,107332.644720132
0.1419707374971032,2.7076000000000002,107332.646128873
0.15036101685002506,2.7077999999999998,107332.647459005
0.09252093197500165,2.708,107332.649620678
0.1480309291267825,2.7082,107332.650971747
0.1976675248221545,2.7084,107332.651983547
0.09208853583606351,2.7086,107332.65415537
0.1720144517169503,2.7088,107332.655318063
0.12021607593493037,2.709,107332.656981734
0.22145083736571922,2.7092,107332.657884869
0.38545671042496943,2.7094,107332.658403734
0.13847433158824343,2.7096,107332.659848045
0.13283846646215874,2.7098,107332.661353633
0.4113102115779345,2.71,107332.661839884
0.46447896267372424,2.7102,107332.662270474
0.12085161704720783,2.7104,107332.663925396
0.19075123634568322,2.7106,107332.664973882
0.07530741413218761,2.7108,107332.667629663
0.10596279113543638,2.711,107332.669517118
0.1609792691253441,2.7112,107332.670759514
0.2531373196286906,2.7114000000000003,107332.671549599
0.16786029485070908,2.7116,107332.672741066
0.43516479181094314,2.7118,107332.673200662
0.14885171998928406,2.7119999999999997,107332.674544281
0.31233163607526504,2.7122,107332.675184626
0.135907974601534,2.7124,107332.67665621
0.1771124642711605,2.7126,107332.677785436
0.13740415999059205,2.7128,107332.679240996
0.11638070021728729,2.713,107332.680959494
0.13397713829222285,2.7132,107332.682452286
0.5379438578351387,2.7134,107332.682824072
0.07702572874633007,2.7136,107332.685420607
0.08511670578994318,2.7138,107332.687770322
0.10211271165088674,2.714,107332.689728942
0.33373158551898113,2.7142,107332.690328226
0.09434153600611186,2.7144,107332.692448183
0.3282913258770654,2.7146,107332.693057398
0.15778594856520617,2.7148,107332.694324938
0.08088458601061882,2.715,107332.696797597
0.28449502219339895,2.7152,107332.697500597
0.1138394634926426,2.7154,107332.699257457
0.13435749653505766,2.7156000000000002,107332.700746023
0.13594945319661073,2.7157999999999998,107332.702217158
0.12971136027075192,2.716,107332.703759043
0.14648323098135366,2.7161999999999997,107332.705124387
0.08989592255133246,2.7164,107332.707349182
0.211629912070959,2.7166,107332.708294228
0.12150107219676695,2.7168,107332.709940304
1.1629057115400305,2.717,107332.710112287
0.15648693077329914,2.7172,107332.711390349
0.4143171338199814,2.7174,107332.711873071
0.06221668100676938,2.7176,107332.715087643
0.11889878322465962,2.7178,107332.716769746
0.30192826396952765,2.718,107332.717432155
1.9904853593355236,2.7182,107332.717532633
0.1375582990522426,2.7184,107332.718986562
0.08352687213577867,2.7186,107332.721381001
0.15591320236855655,2.7188,107332.722663766
0.22609472360578964,2.719,107332.723548351
0.19120239618045384,2.7192,107332.724594363
0.09439416600071938,2.7194000000000003,107332.726713138
0.7953962588062257,2.7196,107332.726964585
0.3618573477447157,2.7198,107332.727517289
0.7926159823699254,2.7199999999999998,107332.727769618
0.3287775703102073,2.7202,107332.728377932
0.1486986630801982,2.7204,107332.729722934
0.16571738179492543,2.7206,107332.730929808
0.09175389409554914,2.7208,107332.733109552
0.5172476280605395,2.721,107332.733496214
0.16329889844404677,2.7212,107332.734720962
0.1402940710982008,2.7214,107332.736146539
0.15713227377766145,2.7216,107332.737419352
0.0857778223346435,2.7218,107332.739750957
0.6682191477553707,2.722,107332.74005026
0.16162164741830956,2.7222,107332.741287718
0.14163102357211482,2.7224,107332.742699838
0.15901727302643515,2.7226,107332.743957563
0.08754482309453131,2.7228,107332.746242107
0.13699784233930706,2.723,107332.747701984
0.12060376638495668,2.7232,107332.749360307
0.14957408766782604,2.7234,107332.750697437
0.12072621718215418,2.7236000000000002,107332.752354078
0.16609598750016624,2.7237999999999998,107332.753558201
0.18449197494376138,2.724,107332.754642259
0.17105581567589845,2.7241999999999997,107332.755811468
0.35533824798421454,2.7244,107332.756374312
0.13976777532588683,2.7246,107332.757805257
0.098469440146234,2.7248,107332.759836344
0.08111244097207843,2.725,107332.762302057
0.28857488896004485,2.7252,107332.762995118
0.06176350885694736,2.7254,107332.766233276
0.1810013717332189,2.7256,107332.76733824
0.12260694162539938,2.7258,107332.768969469
1.1138710293180711,2.726,107332.769149023
0.2813782510234636,2.7262,107332.76985981
0.16651721738255848,2.7264,107332.771060887
0.2768606779121187,2.7266,107332.771783272
0.13827921124750667,2.7268,107332.773229621
0.19968071106398777,2.727,107332.77423122
0.09557538539289823,2.7272,107332.776323809
0.13741652846900917,2.7274000000000003,107332.777779238
0.13284137717163058,2.7276,107332.779284793
0.13555627472847265,2.7278000000000002,107332.780760195
0.19051774099309526,2.7279999999999998,107332.781809966
0.1886861882378582,2.7282,107332.782869927
0.20968053053237362,2.7284,107332.783823759
0.12963947328656616,2.7286,107332.785366499
0.1395588680288181,2.7288,107332.786799586
0.1623451740674866,2.729,107332.788031529
0.25472936915391947,2.7292,107332.788816676
0.17393542769177484,2.7294,107332.789966528
0.11196308750925663,2.7296,107332.791752831
0.061703085594389515,2.7298,107332.79499416
0.26648900366166295,2.73,107332.79574466
0.23613280632109668,2.7302,107332.796591641
0.14771223291867072,2.7304,107332.797945625
0.15805066647081703,2.7306,107332.799211042
0.09011992741119303,2.7308,107332.801430307
0.36633860348545916,2.731,107332.80197625
0.14091542869286652,2.7312,107332.803395541
0.16012143769406512,2.7314,107332.804644593
0.12473260400714169,2.7316000000000003,107332.806248023
0.1168858566489506,2.7318,107332.807959094
0.16499022976731884,2.732,107332.809171287
0.20284510351847088,2.7321999999999997,107332.810157261
0.13668353773014,2.7324,107332.811620495
0.13196729639600835,2.7326,107332.813136022
0.11414104874230693,2.7328,107332.81488824
0.217315244935444,2.733,107332.815808562
0.1950751322064709,2.7332,107332.816833808
0.13727137395137876,2.7334,107332.818290776
0.12346342136255307,2.7336,107332.819910689
0.17847916010992715,2.7338,107332.821031268
0.08896935702926832,2.734,107332.823279233
0.4998612804263316,2.7342,107332.823679344
0.15886166138428148,2.7344,107332.824938301
0.13702891089958716,2.7346,107332.826397847
0.07691393635567571,2.7348,107332.828998156
0.1141748010507093,2.735,107332.830749856
0.5038062643125648,2.7352,107332.831146834
1.1665344443245897,2.7354000000000003,107332.831318282
0.14489708614704433,2.7356,107332.832698572
0.14743434763332605,2.7358000000000002,107332.834055108
0.12407702204039579,2.7359999999999998,107332.83566701
0.10371943054964536,2.7362,107332.837595289
0.10201208681124338,2.7364,107332.839555841
0.15127723355946854,2.7366,107332.840877917
0.0996635853207857,2.7368,107332.842884668
0.391348081888572,2.737,107332.843395722
0.15028057267654543,2.7372,107332.844726566
0.17336761457450076,2.7374,107332.845880184
0.13403091978773965,2.7376,107332.847372377
0.17861608373142973,2.7378,107332.848492097
0.12849201105494526,2.738,107332.850048614
0.11896582994894858,2.7382,107332.851729769
0.23749922860026898,2.7384,107332.852571877
0.14384039475528732,2.7386,107332.853962307
0.0807720839631882,2.7388,107332.85643841
0.11365916012269169,2.739,107332.858198057
0.15700386443552644,2.7392,107332.859471911
0.15282352844658612,2.7394,107332.86078061
0.15222055583286281,2.7396000000000003,107332.862094493
0.07678563062616839,2.7398,107332.864699147
0.34466535513350793,2.74,107332.86527942
0.17297581605200824,2.7401999999999997,107332.866435651
0.07506879094553486,2.7404,107332.869099874
0.15045920234600882,2.7406,107332.870429138
0.1740577371690994,2.7408,107332.871578182
0.12129195365166959,2.741,107332.873227096
0.1660648202568252,2.7412,107332.874431445
0.08395755768487377,2.7414,107332.876813601
1.780373198184027,2.7416,107332.876925937
0.23897546603958694,2.7418,107332.877762843
0.3026341226050207,2.742,107332.878423707
0.22596853214939794,2.7422,107332.879308786
0.2922822821677823,2.7424,107332.879993056
0.14397739004757185,2.7426,107332.881382163
0.16392045354976698,2.7428,107332.882602267
0.1933030169972576,2.743,107332.883636912
0.2660225380562517,2.7432,107332.884388728
0.1688067131246301,2.7434,107332.885573515
0.24295993045463846,2.7436,107332.886396696
0.10512455953307118,2.7438000000000002,107332.888299201
0.16518632257853255,2.7439999999999998,107332.889509955
0.15506568552156333,2.7442,107332.890799731
0.15643356602246145,2.7443999999999997,107332.892078229
0.25948717262347576,2.7446,107332.89284898
0.06272225249809216,2.7448,107332.896037641
0.1318143912181032,2.745,107332.897554926
0.18291015692102805,2.7452,107332.898648359
0.14381184750146814,2.7454,107332.900039065
0.3964211112000975,2.7456,107332.900543579
0.15367321298069184,2.7458,107332.901845042
0.4099057823072499,2.746,107332.902332959
0.1114570609108676,2.7462,107332.904127372
0.16797420680681896,2.7464,107332.905318031
0.13684420801731043,2.7466,107332.906779547
0.09257210713952177,2.7468,107332.908940025
0.15679744336078172,2.747,107332.910215556
0.15110875958992137,2.7472,107332.911539106
0.15177731213384907,2.7474,107332.912856826
0.06153340646821674,2.7476000000000003,107332.916107093
0.15224570041274108,2.7478,107332.917420759
0.16017208826310278,2.748,107332.918669416
0.3717499819294693,2.7481999999999998,107332.919207412
0.184904916419274,2.7484,107332.920289049
0.17015643340385006,2.7486,107332.921464438
0.15518070794644734,2.7488,107332.922753258
0.12530456811108195,2.749,107332.924349369
0.12334981100831031,2.7492,107332.925970774
0.16778101192299827,2.7494,107332.927162804
0.4920448567316032,2.7496,107332.927569271
0.07786436756244373,2.7498,107332.93013784
0.18392005330508468,2.75,107332.931225269
0.1688731357472106,2.7502,107332.93240959
0.42414486963489956,2.7504,107332.932881127
0.20936072497245511,2.7506,107332.933836416
0.19305280411120324,2.7508,107332.934872402
0.1487101621220202,2.751,107332.9362173
0.26923879198699147,2.7512,107332.936960135
0.14245653474575426,2.7514,107332.938364072
0.05849256476638331,2.7516,107332.94178331
0.17438038250456878,2.7518000000000002,107332.942930228
0.15301539763863256,2.752,107332.944237286
0.12948981704476778,2.7522,107332.945781809
0.12235109920460914,2.7523999999999997,107332.947416449
0.12765750956292904,2.7526,107332.948983141
0.24746013113431511,2.7528,107332.949791352
0.17673902477789,2.753,107332.950922964
0.29387088196122346,2.7532,107332.951603535
0.15924352801113117,2.7534,107332.952859473
0.15483423617414585,2.7536,107332.954151177
0.17435317065505312,2.7538,107332.955298274
0.10958219601696849,2.754,107332.957123388
0.16453822663336154,2.7542,107332.958338911
0.37849397980137856,2.7544,107332.958867321
0.18317383264040862,2.7546,107332.95995918
0.13205068216791638,2.7548,107332.96147375
0.5428321633506936,2.755,107332.961842188
0.1492914997406495,2.7552,107332.963181849
0.144918715599584,2.7554,107332.964561933
0.1437327835278487,2.7556000000000003,107332.965953404
0.08073110079537345,2.7558,107332.968430764
0.17842550196580476,2.7560000000000002,107332.96955168
0.22327907684913603,2.7561999999999998,107332.97044742
0.1787794180296566,2.7564,107332.971566117
0.08906849077696977,2.7566,107332.97381158
0.18299718148639324,2.7568,107332.974904493
0.12962476924864422,2.757,107332.976447408
0.14478788862842693,2.7572,107332.977828739
0.1528285517488376,2.7574,107332.979137395
0.21442754099348615,2.7576,107332.980070111
0.07986789890259303,2.7578,107332.982574246
0.18552996140948075,2.758,107332.983652239
0.19340339598064446,2.7582,107332.984686347
0.27132330038561775,2.7584,107332.985423475
0.10873861500206419,2.7586,107332.987262748
0.14707115208844324,2.7588,107332.988622634
0.11152325163250451,2.759,107332.990415982
0.2153063446487802,2.7592,107332.991344891
0.13400990402743376,2.7594,107332.992837318
0.27203518819367967,2.7596,107332.993572517
0.0987570439459905,2.7598000000000003,107332.995597689
0.11203107343049616,2.76,107332.997382908
0.04649602473292392,2.7602,107333.001684351
0.08822165867691827,2.7603999999999997,107333.003951368
0.05041178865190014,2.7606,107333.007918694
0.12155224627279748,2.7608,107333.009564077
0.15569679055310331,2.761,107333.010848625
0.11441798126897855,2.7612,107333.012596602
0.06706631487682574,2.7614,107333.015578725
0.13737952583669844,2.7616,107333.017034546
0.06389680410521908,2.7618,107333.020164593
0.17493894651990768,2.762,107333.021307849
0.11391694896523671,2.7622,107333.023063514
0.11204820773229411,2.7624,107333.02484846
0.08594398952534948,2.7626,107333.027175557
0.07283429927236522,2.7628,107333.029921516
0.14910740569200467,2.763,107333.031262831
0.10067958760903854,2.7632,107333.033249331
0.1159075585586074,2.7634,107333.034974844
0.10725033758634013,2.7636,107333.03683964
0.08188693717762276,2.7638,107333.039282032
0.10160650051188068,2.7640000000000002,107333.04125041
0.09550610307107667,2.7641999999999998,107333.043344517
0.11328145821141791,2.7644,107333.045110031
0.10690339405045855,2.7645999999999997,107333.046980879
0.06841339724925377,2.7648,107333.049904283
0.16260850046902908,2.765,107333.051134231
0.08209142682848226,2.7652,107333.053570539
0.09364786573463768,2.7654,107333.055706199
0.09722949399358874,2.7656,107333.057763188
0.07993669032919956,2.7658,107333.060265168
0.08945227919327518,2.766,107333.062500997
0.08229490864455191,2.7662,107333.064931281
0.08103231944309953,2.7664,107333.067399432
0.08346106329693267,2.7666,107333.069795759
0.0748203937426989,2.7668,107333.072468827
0.09860610377146385,2.767,107333.074497099
0.10355965631072128,2.7672,107333.076428353
0.09465887336100423,2.7674,107333.078541203
0.06536868419422164,2.7676,107333.081600772
0.1468886059597535,2.7678000000000003,107333.082962348
0.07147451926034526,2.768,107333.085760548
0.17285442182848273,2.7682,107333.086917591
0.07642887620356846,2.7683999999999997,107333.089534403
0.1282216491833724,2.7686,107333.091094202
0.09193233963196942,2.7688,107333.093269715
0.07003914484793262,2.769,107333.096125261
0.19530449056243954,2.7692,107333.097149303
0.11825209160795742,2.7694,107333.098840605
0.10100550962057603,2.7696,107333.100820695
0.09950793333979459,2.7698,107333.102830585
0.07424734568552183,2.77,107333.105524284
0.11432504130421581,2.7702,107333.107273682
0.12780287724554068,2.7704,107333.108838592
0.12084073743198172,2.7706,107333.110493663
0.07148800857129485,2.7708,107333.113291335
0.11716667565796879,2.771,107333.114998305
0.1126444519734254,2.7712,107333.116773803
0.09896952987105186,2.7714,107333.118794627
0.10998492639023087,2.7716,107333.120613058
0.08388040844747134,2.7718,107333.122997405
0.35974910207257016,2.7720000000000002,107333.123553348
0.11942836847300264,2.7721999999999998,107333.125227992
0.11166228818820435,2.7724,107333.127019107
0.18286082304319326,2.7725999999999997,107333.128112835
0.08661113135460137,2.7728,107333.130422007
0.16729849816925782,2.773,107333.131617475
0.1817824859071008,2.7732,107333.132717691
0.2272908078408862,2.7734,107333.133597621
0.262190893386951,2.7736,107333.134360424
0.09374302777306003,2.7738,107333.136493916
0.15164094367546957,2.774,107333.137812821
0.2893330193085892,2.7742,107333.138504066
0.15311262600233455,2.7744,107333.139810294
0.08784702313355253,2.7746,107333.142086979
0.12369073340198371,2.7748,107333.143703915
0.1956204504405605,2.775,107333.144726303
0.137830180303872,2.7752,107333.146177364
0.15536900948877877,2.7754,107333.147464622
0.15633891854730925,2.7756,107333.148743894
0.11963053231212731,2.7758000000000003,107333.150415708
0.13512746574519174,2.776,107333.151895792
0.06524302064891345,2.7762000000000002,107333.154961254
0.07400513952575068,2.7763999999999998,107333.157663769
0.1019068813978234,2.7766,107333.159626345
0.1830318507036617,2.7768,107333.160719051
0.4329051133116182,2.777,107333.161181046
0.14129622308637782,2.7772,107333.162596512
0.3472801068914903,2.7774,107333.163172416
0.0671997621783016,2.7776,107333.166148617
0.14301261857888833,2.7778,107333.167547095
0.2063191414716309,2.778,107333.168516467
0.20545778218831434,2.7782,107333.169489903
0.3498258759801444,2.7784,107333.170061616
0.1785883299381951,2.7786,107333.17118151
0.13410290500677052,2.7788,107333.172672902
0.21639447759101116,2.779,107333.17359714
0.10918669605587375,2.7792,107333.175428865
0.15611327848387324,2.7794,107333.176709986
0.11610444085548781,2.7796,107333.178432573
0.11626663132168974,2.7798,107333.180152757
0.2047665581964131,2.7800000000000002,107333.181129479
0.11420400954325326,2.7802,107333.182880731
0.10905553503568652,2.7804,107333.184714659
0.2143172489097824,2.7805999999999997,107333.185647855
0.07818755002053891,2.7808,107333.188205807
0.23834351224069017,2.781,107333.189044932
0.09385084593755891,2.7812,107333.191175973
0.1153007562860908,2.7814,107333.192910567
0.1365200764283677,2.7816,107333.194375553
0.06766408015599212,2.7818,107333.197331331
0.14491220484785083,2.782,107333.198711477
0.0713670175232416,2.7822,107333.201513892
0.22754888935542208,2.7824,107333.202392824
0.38091174590106536,2.7826,107333.20291788
1.3819407352855961,2.7828,107333.203062604
0.508296676774311,2.783,107333.203456075
0.29343583996357314,2.7832,107333.204137655
0.2996937153831877,2.7834,107333.204805003
0.12237176037862031,2.7836,107333.206439367
0.11517154814757928,2.7838000000000003,107333.208175907
0.06187852683181889,2.784,107333.211408046
0.19935667741643562,2.7842000000000002,107333.212411273
0.08162625581230237,2.7843999999999998,107333.214861465
0.13444980490718136,2.7846,107333.216349009
0.20135654083586846,2.7848,107333.217342272
2.137665417539051,2.785,107333.217435832
0.18688637206010175,2.7852,107333.218506001
0.5028145002503294,2.7854,107333.218903762
0.16472551416047929,2.7856,107333.220117903
0.14253988878276258,2.7858,107333.221521019
0.11039964676983698,2.786,107333.223332619
0.17264850663555528,2.7862,107333.224491042
0.15751740036362324,2.7864,107333.225760743
0.09986897145815844,2.7866,107333.227763367
0.09932365558582662,2.7868,107333.229776986
0.08551752194317354,2.787,107333.232115688
0.4333807283165691,2.7872,107333.232577176
0.14112423795204754,2.7874,107333.233994367
0.12313155554941801,2.7876,107333.235618646
0.09774769744028441,2.7878,107333.23766473
0.11511321410701575,2.7880000000000003,107333.23940215
0.1655753857396507,2.7882,107333.240610059
0.5408445773928552,2.7884,107333.240979851
0.0888034404304775,2.7885999999999997,107333.243232016
0.1390822520043976,2.7888,107333.244670014
0.17856600876074696,2.789,107333.245790048
0.18838245371300663,2.7892,107333.246851718
0.12685614335686346,2.7894,107333.248428307
0.11935531406356022,2.7896,107333.250103976
0.1616003597751641,2.7898,107333.251341597
0.22440342379140285,2.79,107333.252232849
0.26143244169618385,2.7902,107333.252997865
0.21955945448514924,2.7904,107333.25390878
0.07886637438410345,2.7906,107333.256444715
0.15616411104151037,2.7908,107333.257725419
0.1988358142022352,2.791,107333.258731274
0.2115520089689636,2.7912,107333.259676668
0.2306166689903322,2.7914,107333.260543908
0.060250092336242504,2.7916,107333.263863405
0.2807774167108021,2.7918,107333.264575713
1.8800348798368263,2.792,107333.264682094
0.2077186151124756,2.7922000000000002,107333.265644935
0.11310681858478648,2.7923999999999998,107333.267413175
0.11622561958776685,2.7926,107333.269133966
0.30243047885112617,2.7927999999999997,107333.269795275
0.18316444153043057,2.793,107333.27088719
0.19692016673577675,2.7932,107333.27190283
0.2592177879074714,2.7934,107333.272674382
0.1755300571355515,2.7936,107333.273813788
0.08544609444183339,2.7938,107333.276154445
0.15926901994073378,2.794,107333.277410182
0.2288884723299889,2.7942,107333.27828397
0.20931712186276244,2.7944,107333.279239458
0.21531468953353788,2.7946,107333.280168331
0.0910526227561773,2.7948,107333.282364863
0.23227266211405773,2.795,107333.28322592
0.18803442817292812,2.7952,107333.284289555
0.08940925079101661,2.7954,107333.28652646
0.10612787631744651,2.7956,107333.288410979
0.14334215166696007,2.7958,107333.289806242
0.13571605444701176,2.7960000000000003,107333.291279907
0.11250783400017192,2.7962,107333.293057561
0.4377095421320459,2.7964,107333.293514485
0.11551499228313775,2.7965999999999998,107333.295245862
0.10963992572786982,2.7968,107333.297070015
0.11426031600599099,2.797,107333.298820404
0.1309524429033472,2.7972,107333.300347676
0.16014977365619737,2.7974,107333.301596507
0.07056468322227416,2.7976,107333.304430786
0.11640291640986082,2.7978,107333.306148956
0.1444774574313439,2.798,107333.307533255
0.34582511993757603,2.7982,107333.308111582
0.07105765039481726,2.7984,107333.310926198
0.1656350353547263,2.7986,107333.312133672
0.21770271652257062,2.7988,107333.313052356
3.316529043304992,2.799,107333.31311266
0.17709599841301096,2.7992,107333.314241991
0.12367490047643262,2.7994,107333.315859134
0.08512503793431031,2.7996,107333.318208619
0.3027294124964694,2.7998,107333.318869275
0.1555736195752596,2.8,107333.32015484
0.21478470368750832,2.8002000000000002,107333.321086005
0.34532652857255736,2.8004,107333.321665167
0.18530632042455916,2.8006,107333.322744461
0.1710850809968173,2.8007999999999997,107333.32391347
0.12740914740150108,2.801,107333.325483216
0.2180409258699705,2.8012,107333.326400475
0.16688932322158742,2.8014,107333.327598874
0.08899366453524755,2.8016,107333.329846225
0.05906930972494103,2.8018,107333.333232078
0.14370314454964594,2.802,107333.334623836
0.07537337124397718,2.8022,107333.337277293
0.09542986379094401,2.8024,107333.339373073
0.08089260148890186,2.8026,107333.341845487
0.06970708037713849,2.8028,107333.344714636
0.1008187998916548,2.803,107333.346698393
0.1060995013331668,2.8032,107333.348583416
0.09044359384935767,2.8034,107333.350794739
0.08801883281270809,2.8036,107333.35306698
0.09762326348260224,2.8038,107333.355115672
0.0821701467642637,2.8040000000000003,107333.357549646
0.17647250888382227,2.8042,107333.358682967
0.13145821341350372,2.8044000000000002,107333.360204363
0.13899661064912244,2.8045999999999998,107333.361643247
0.09482920076085974,2.8048,107333.363752302
0.3423203831645954,2.805,107333.36433655
0.1555736195752596,2.8052,107333.365622115
0.1305607457370294,2.8054,107333.367153969
0.09942680450009032,2.8056,107333.369165499
0.14481745340929725,2.8058,107333.370546548
0.15787699754948184,2.806,107333.371813357
0.10050534042306859,2.8062,107333.373803301
0.2274334814419963,2.8064,107333.374682679
0.0994337740787148,2.8066,107333.376694068
0.09230461094189021,2.8068,107333.378860807
0.09456975718843132,2.807,107333.380975648
0.15527552613907805,2.8072,107333.382263681
0.13404187788442745,2.8074,107333.383755752
0.1718815537885431,2.8076,107333.384919344
0.137169412832381,2.8078,107333.386377395
0.1565108098411805,2.808,107333.387655262
0.15372093158534322,2.8082000000000003,107333.388956321
0.13452305460889652,2.8084,107333.390443055
0.17294739547001975,2.8086,107333.391599476
0.11651895008274543,2.8087999999999997,107333.393315935
0.14352329638961187,2.809,107333.394709437
0.1433724644930442,2.8092,107333.396104405
0.14684762155898579,2.8094,107333.397466361
0.15350890587066338,2.8096,107333.398769217
0.14765585253209032,2.8098,107333.400123718
0.15216149234713963,2.81,107333.401438111
0.17590768425495573,2.8102,107333.402575071
0.1348256732873844,2.8104,107333.404058468
0.13600002156383134,2.8106,107333.405529056
0.07382206764874229,2.8108,107333.408238273
0.27154617119647456,2.811,107333.408974796
0.060152546808804254,2.8112,107333.412299676
0.4191132384102059,2.8114,107333.412776874
0.1003380385875299,2.8116,107333.414770136
0.34508759268583705,2.8118,107333.415349699
0.1600079369760098,2.8120000000000003,107333.416599637
0.17181377708922804,2.8122,107333.417763688
0.3213403771076112,2.8124000000000002,107333.418386081
0.1691013020132629,2.8125999999999998,107333.419568804
0.14240216888970922,2.8128,107333.420973277
0.150040659943846,2.8129999999999997,107333.422306249
0.13551604582966903,2.8132,107333.423782089
0.12040453522412253,2.8134,107333.425443156
0.1555367175395996,2.8136,107333.426729026
0.12804794175293363,2.8138,107333.428290941
0.09290623674364788,2.814,107333.430443649
0.2574009198781563,2.8142,107333.431220647
0.15712894138895503,2.8144,107333.432493487
0.10518692466669605,2.8146,107333.434394864
0.459908618138704,2.8148,107333.434829733
0.15593885284223513,2.815,107333.436112287
0.2851740829894125,2.8152,107333.436813613
0.15461100397751182,2.8154,107333.438107182
0.148966914571349,2.8156,107333.439449762
0.0919447647734666,2.8158,107333.441624981
0.2830940492843733,2.816,107333.44233146
0.15442405531655828,2.8162000000000003,107333.443626595
0.11807030610361956,2.8164,107333.445320501
0.08488773401894249,2.8166,107333.447676554
0.15126693568812571,2.8167999999999997,107333.44899872
0.17459335086481664,2.817,107333.450144239
0.176408689718953,2.8172,107333.45127797
0.16027040924864425,2.8174,107333.452525861
0.1594806034033388,2.8176,107333.453779932
0.12550484234405718,2.8178,107333.455373496
0.1083359654023377,2.818,107333.457219605
0.30873392892655616,2.8182,107333.457867412
0.13194152664131278,2.8184,107333.459383235
0.15232454857686112,2.8186,107333.460696221
0.1061287777754152,2.8188,107333.462580724
0.19702181634996338,2.819,107333.46359584
0.15705601634709707,2.8192,107333.464869271
0.15133584239439532,2.8194,107333.466190835
0.17430393837951838,2.8196,107333.467338256
0.0979950696867504,2.8198,107333.469379175
0.2137862199172388,2.82,107333.470314689
0.12015641948906929,2.8202,107333.471979186
0.1346591878963219,2.8204000000000002,107333.473464417
0.1227628006085234,2.8205999999999998,107333.475093575
0.13207858758123933,2.8208,107333.476607825
0.08446352563634689,2.8209999999999997,107333.478975711
0.2083283428113397,2.8212,107333.479935734
0.24208883793035518,2.8214,107333.480761877
0.2624620253514292,2.8216,107333.481523892
0.16186599164200857,2.8218,107333.482759482
0.18723733966026826,2.822,107333.483827645
0.11908065041229247,2.8222,107333.485507179
0.2340539062947303,2.8224,107333.486361683
0.175883396855849,2.8226,107333.4874988
0.10809577915170851,2.8228,107333.489349011
0.1888841666339143,2.823,107333.490407861
0.11666800785982401,2.8232,107333.492122127
0.16493661925164968,2.8234,107333.493334714
0.3607594692259248,2.8236,107333.4938891
0.20143705189585728,2.8238,107333.494881966
0.10971294175060949,2.824,107333.496704905
0.3056412216016915,2.8242000000000003,107333.497359267
0.09813624574354156,2.8244,107333.49939725
0.2608163779363795,2.8246,107333.500164073
0.12458474432025318,2.8247999999999998,107333.501769406
0.2728706540412137,2.825,107333.502502354
0.13386047478558918,2.8252,107333.503996447
0.12504329645460693,2.8254,107333.505595893
0.20713239781235063,2.8256,107333.506561459
0.14650694517068527,2.8258,107333.507926582
0.2580991496484403,2.826,107333.508701478
0.1265178189443179,2.8262,107333.510282283
0.14128524360405947,2.8264,107333.511697859
0.14153670577789473,2.8266,107333.51311092
0.08624611621850853,2.8268,107333.515429865
0.1774520547816958,2.827,107333.51655693
0.3154733378400293,2.8272,107333.517190898
0.1007031597981725,2.8274,107333.519176933
0.17355612112246718,2.8276,107333.520329298
0.15855411376012601,2.8278,107333.521590697
0.12148372880561471,2.828,107333.523237008
0.19761811060691778,2.8282,107333.524249061
0.17074315976100948,2.8284000000000002,107333.525420411
0.1939433413464637,2.8286,107333.52645164
0.10189146250486844,2.8288,107333.528414513
0.18741244424789097,2.8289999999999997,107333.529481678
0.11832569101067271,2.8292,107333.531171928
0.18911599634642404,2.8294,107333.53222948
0.1287335131376153,2.8296,107333.533783077
0.13480468127334982,2.8298,107333.535266705
0.20251195936525465,2.83,107333.536254301
0.15341129188704578,2.8302,107333.537557986
0.1629487187940689,2.8304,107333.538785366
0.16930758469260643,2.8306,107333.539966648
0.1296825102573333,2.8308,107333.541508876
0.18285580645776864,2.831,107333.542602634
0.18563224830564018,2.8312,107333.543680033
0.17244650005090983,2.8314,107333.544839813
0.14830513101460158,2.8316,107333.546188384
0.14644558231026278,2.8318,107333.547554079
0.10656947545822906,2.832,107333.549430789
0.2692228487008763,2.8322000000000003,107333.550173668
0.16380727411581353,2.8324,107333.551394615
0.14133646333214833,2.8326000000000002,107333.552809678
0.14581787146754835,2.8327999999999998,107333.554181252
0.14730393165513897,2.833,107333.555538989
0.14278962483764737,2.8332,107333.556939651
0.162665765502808,2.8334,107333.558169166
0.08947745191535669,2.8336,107333.560404366
0.08460873954234564,2.8338,107333.562768188
0.07878112963655964,2.834,107333.565306867
0.08325625234560398,2.8342,107333.567709089
0.09405572494572395,2.8344,107333.569835488
0.10119962038660145,2.8346,107333.57181178
0.0856494000934765,2.8348,107333.574146881
0.08518613195159899,2.835,107333.576494681
0.10028385309169385,2.8352,107333.57848902
0.09440998473971934,2.8354,107333.58060744
0.09985177048147836,2.8356,107333.582610409
0.062459381822550404,2.8358,107333.58581249
0.142250748632852,2.836,107333.587218458
0.10064873117517703,2.8362,107333.589205567
0.06556777258387707,2.8364000000000003,107333.592255846
0.07857308132377537,2.8366,107333.594801247
0.13195310474635114,2.8368,107333.596316937
0.06928904900155917,2.8369999999999997,107333.599203396
0.18604253128207704,2.8372,107333.600278419
0.6405185773332099,2.8374,107333.600590666
0.12715754615374347,2.8376,107333.602163518
0.11429688201817835,2.8378,107333.603913347
0.17322976457888783,2.838,107333.605067883
0.25985399110519836,2.8382,107333.605837546
0.09531107644083156,2.8384,107333.607935938
0.10494776225979242,2.8386,107333.609841648
0.18293709103317232,2.8388,107333.61093492
0.2074174541546963,2.839,107333.611899159
0.219101486834242,2.8392,107333.612811978
0.11333300514447435,2.8394,107333.614576689
0.1578483378910721,2.8396,107333.615843728
0.13649231104870657,2.8398,107333.617309012
0.45477800970098403,2.84,107333.617748787
0.11737977871094385,2.8402,107333.619452658
0.135039055580888,2.8404,107333.620933711
0.06882824049834531,2.8406000000000002,107333.623839495
0.3683248050064675,2.8407999999999998,107333.624382494
0.5225356565523465,2.841,107333.624765243
0.20156332655185247,2.8411999999999997,107333.625757487
0.15671893176293555,2.8414,107333.627033657
0.08754934520151429,2.8416,107333.629318083
0.06503633571969772,2.8418,107333.632393287
0.18775552458784125,2.842,107333.633458502
0.18999035632902503,2.8422,107333.634511187
0.19367308921806045,2.8424,107333.635543855
0.05970876440537471,2.8426,107333.638893447
0.13710199242113175,2.8428,107333.640352215
0.20758430291248833,2.843,107333.641315679
0.19381290934384998,2.8432,107333.642347602
0.07589121893367855,2.8434,107333.644982953
0.12610984525696275,2.8436,107333.646568872
0.10032777112829223,2.8438,107333.648562338
0.07740561169951074,2.844,107333.65114613
0.12792565946531886,2.8442,107333.652709538
0.08319370667279141,2.8444000000000003,107333.655113566
0.4484415492470966,2.8446,107333.655559555
0.10222069339990456,2.8448,107333.657516106
0.2811310486318683,2.8449999999999998,107333.658227518
0.10725373059532965,2.8452,107333.660092255
0.16032179745058273,2.8454,107333.661339746
0.09407302343450155,2.8456,107333.663465754
0.0943013239460432,2.8458,107333.665586615
0.16621594294413497,2.846,107333.666789869
0.09066298244259113,2.8462,107333.668995841
0.09533897259972501,2.8464,107333.671093619
0.07981613569221827,2.8466,107333.673599378
0.11949515682892362,2.8468,107333.675273086
0.20485590514906327,2.847,107333.676249382
0.10112051601755569,2.8472,107333.67822722
0.16260863321645103,2.8474,107333.679457167
0.09923938001081624,2.8476,107333.681472496
0.10142635848777702,2.8478,107333.68344437
0.10854186561446873,2.848,107333.685286977
0.16275922359657335,2.8482,107333.686515786
0.12687087007963493,2.8484,107333.688092192
0.13521196774360353,2.8486000000000002,107333.689571351
0.04793670817432629,2.8487999999999998,107333.693743519
0.11095306451225512,2.849,107333.695546083
0.515291278155104,2.8491999999999997,107333.695934213
0.8554685544898221,2.8494,107333.696168003
0.0752841413082835,2.8496,107333.698824605
0.11521772730110694,2.8498,107333.700560449
0.09515671314743657,2.85,107333.702662245
0.08612704375362015,2.8502,107333.704984396
0.13794882474363154,2.8504,107333.706434209
0.12804777712107077,2.8506,107333.707996126
0.15311907396121455,2.8508,107333.709302299
0.13295962867605104,2.851,107333.710806515
0.12165753445301387,2.8512,107333.712450474
0.16906027880297236,2.8514,107333.713633484
0.24645474900522074,2.8516,107333.714444992
0.06834618287092618,2.8518,107333.717371271
0.0816876676251756,2.852,107333.719819621
0.08708256392940053,2.8522,107333.722116292
0.08065277124497551,2.8524000000000003,107333.724596058
0.09803210356982278,2.8526,107333.726636206
0.09280888880409031,2.8528000000000002,107333.728791172
0.0935334699907477,2.8529999999999998,107333.730929444
0.08507629866473146,2.8532,107333.733280275
0.1663504625852398,2.8534,107333.734482556
0.06768480417790239,2.8536,107333.737437429
0.2136864001516726,2.8538,107333.73837338
0.4435819250865784,2.854,107333.738824255
0.2151291736899476,2.8542,107333.739753929
0.1034828177549684,2.8544,107333.741686617
0.29097595988020875,2.8546,107333.742373959
0.13217058504882234,2.8548,107333.743887155
0.1413256766863895,2.855,107333.745302326
0.15454350220977287,2.8552,107333.74659646
0.15077339140930562,2.8554,107333.747922954
0.06087944629792181,2.8556,107333.751208135
0.1374178502127277,2.8558,107333.75266355
0.13423656568991651,2.856,107333.754153457
0.14924560136340204,2.8562,107333.75549353
0.33595038854944287,2.8564,107333.756088856
0.0588892081102189,2.8566000000000003,107333.759485064
0.15016007014014518,2.8568,107333.760816976
0.22159781118302263,2.857,107333.761719512
0.1981638124050333,2.8571999999999997,107333.762728778
0.2875873044561244,2.8574,107333.763424219
0.08720353528767025,2.8576,107333.765717704
0.21701812687074337,2.8578,107333.766639286
0.15267991446658633,2.858,107333.767949216
0.3106603079791503,2.8582,107333.768593006
0.10247203550258448,2.8584,107333.770544758
0.19193839405440163,2.8586,107333.771586759
0.08872614538487729,2.8588,107333.773840886
0.13000072167974325,2.859,107333.775379339
0.07638465340818446,2.8592,107333.777997666
0.2933966642995616,2.8594,107333.778679337
0.2237602020499431,2.8596,107333.779573151
3.3184557056669837,2.8598,107333.77963342
0.26044515136080193,2.86,107333.780401336
0.529776072202371,2.8602,107333.780778854
0.5652607582139567,2.8604000000000003,107333.781132673
0.11025710861260636,2.8606,107333.782946615
0.09009280919547416,2.8608000000000002,107333.785166548
0.17775202257085013,2.8609999999999998,107333.786291711
0.2849725464520607,2.8612,107333.786993533
0.12875083309232324,2.8614,107333.788546921
0.10431727468739958,2.8616,107333.790464149
0.1678381766226272,2.8618,107333.791655773
0.2066619568994138,2.862,107333.792623537
0.17398324063290135,2.8622,107333.793773073
0.2637669914706019,2.8624,107333.794531318
0.13989173684647838,2.8626,107333.795960995
0.09264281716009118,2.8628,107333.798119824
0.40548869437040824,2.863,107333.798613056
0.1460405133452228,2.8632,107333.799982539
0.1572835242525624,2.8634,107333.801254128
0.10389529472209234,2.8636,107333.803179143
0.15037684322529588,2.8638,107333.804509135
0.20695771331425977,2.864,107333.805475516
0.15737498526400004,2.8642,107333.806746366
0.20187012336436053,2.8644,107333.807737102
0.1008169702545128,2.8646000000000003,107333.809720895
0.1960230850199123,2.8648,107333.810741183
0.20216089857833802,2.865,107333.811730494
0.1824995676778584,2.8651999999999997,107333.812826387
0.15708327765519653,2.8654,107333.814099597
0.10146520853908349,2.8656,107333.816070716
0.19246295854114776,2.8658,107333.817109877
0.2359467174418087,2.866,107333.817957526
0.15825739579091408,2.8662,107333.81922129
0.14630524440590534,2.8664,107333.820588295
0.06954659086380613,2.8666,107333.823464065
0.12425246661827274,2.8668,107333.825073691
0.1008607451907389,2.867,107333.827056623
0.21508938229406038,2.8672,107333.827986469
0.09421341221764011,2.8674,107333.830109309
0.09359536266857398,2.8676,107333.832246167
0.13011032791534635,2.8678,107333.833783324
0.17046839484202278,2.868,107333.834956562
0.3201751991156744,2.8682,107333.83558122
0.24953679646706814,2.8684,107333.836382705
0.16843140694161907,2.8686,107333.837570132
0.1753518440647485,2.8688000000000002,107333.838710696
0.05835010422165356,2.8689999999999998,107333.842138282
0.16841381829271548,2.8692,107333.843325833
0.07585915240919065,2.8693999999999997,107333.845962298
0.1879323042999004,2.8696,107333.847026511
0.6638607266779221,2.8698,107333.847327779
0.4465541636797385,2.87,107333.847775653
0.14730295756022524,2.8702,107333.849133399
0.14991795624140875,2.8704,107333.850467462
0.19605267733621048,2.8706,107333.851487596
0.1271594049760386,2.8708,107333.853060425
0.09292121514451615,2.871,107333.855212786
0.15921272492833127,2.8712,107333.856468967
0.15172734013134348,2.8714,107333.857787121
0.19379976402327997,2.8716,107333.858819114
0.09305242670239937,2.8718,107333.86096844
0.18225443272171044,2.872,107333.862065807
0.21437927403329032,2.8722,107333.862998733
0.061229563084173357,2.8724,107333.866265129
0.06542490209279263,2.8726000000000003,107333.869322069
0.09480196107991161,2.8728,107333.87143173
0.08228891563236546,2.873,107333.873862191
0.10622437655282431,2.8731999999999998,107333.875744998
0.09322714140609065,2.8734,107333.877890296
0.11127858543824974,2.8736,107333.879687587
0.06371892302349393,2.8738,107333.882826372
0.23612890357128422,2.874,107333.883673367
0.10476694883725704,2.8742,107333.885582366
0.10435984132869257,2.8744,107333.887498812
0.0787605294354648,2.8746,107333.890038155
0.1067629528179077,2.8748,107333.891911464
0.06664740556461818,2.875,107333.894912331
0.14678274211835324,2.8752,107333.896274889
0.09057646969233143,2.8754,107333.898482968
0.14232616498097989,2.8756,107333.899888191
0.07085188757484168,2.8758,107333.902710981
0.15584492480967688,2.876,107333.903994308
0.10153144963331706,2.8762,107333.905964141
0.0756865333941258,2.8764,107333.908606619
0.09972843999650924,2.8766,107333.910612065
0.09136713077296053,2.8768000000000002,107333.912801036
0.10074901826259905,2.877,107333.914786167
0.10794974344483861,2.8772,107333.916638881
0.06584921450506136,2.8773999999999997,107333.919676123
0.07884439345134847,2.8776,107333.922212765
0.08907777337727978,2.8778,107333.924457994
0.09672873066319244,2.878,107333.926525632
0.06739250648952505,2.8782,107333.929493321
0.1371240836661074,2.8784,107333.930951854
0.1093168565275286,2.8786,107333.932781398
0.09977008024226955,2.8788,107333.934786007
0.10776297521850993,2.879,107333.936641932
0.0782971006745593,2.8792,107333.939196305
0.09744257067482136,2.8794,107333.941248796
0.09401690538070759,2.8796,107333.943376073
0.06615758416193517,2.8798,107333.946399158
0.17726001987430237,2.88,107333.947527444
0.10433675761171621,2.8802,107333.949444314
0.10965639673340559,2.8804,107333.951268193
0.10916309604806095,2.8806000000000003,107333.953100314
0.0751807625753089,2.8808,107333.955760569
0.11296767256522033,2.8810000000000002,107333.957530987
0.08730932716285107,2.8811999999999998,107333.959821693
0.08564224842567146,2.8814,107333.962156989
0.08657371512043549,2.8816,107333.964467159
0.08523554217199779,2.8818,107333.966813598
0.1850988069668641,2.882,107333.967894102
0.08404205279632698,2.8822,107333.970273863
0.09235951286167408,2.8824,107333.972439314
0.08569336424477185,2.8826,107333.974773217
0.06541792592665983,2.8828,107333.977830483
0.34866955819365586,2.883,107333.978404092
0.05906325677930287,2.8832,107333.981790292
0.22382380820444087,2.8834,107333.982683852
0.11367698977663125,2.8836,107333.984443223
0.10397047654137281,2.8838,107333.986366846
0.08127035320562236,2.884,107333.988827768
0.07364895602559303,2.8842,107333.991543353
0.1333946051254597,2.8844,107333.993042664
0.069438874937762,2.8846,107333.995922895
0.3937953648817761,2.8848000000000003,107333.996430773
0.4778801205490979,2.885,107333.996849288
0.134807316487695,2.8852,107333.998332887
0.1865924022232954,2.8853999999999997,107333.999404742
0.06798944684954274,2.8856,107334.002346375
0.1627617408751121,2.8858,107334.003575165
0.1039758817935202,2.886,107334.005498688
0.12064829099963029,2.8862,107334.007156399
0.15373357476905097,2.8864,107334.008457351
0.05096568507470261,2.8866,107334.01238156
0.11353379619468136,2.8868,107334.01414315
0.33255570295267595,2.887,107334.014744553
0.2559721519249216,2.8872,107334.015525888
0.12387889576877509,2.8874,107334.017140368
0.08239794514841704,2.8876,107334.019567613
0.09486275446484704,2.8878,107334.021675922
0.1164441224440832,2.888,107334.023393484
0.09320572271760773,2.8882,107334.025539275
0.16516353979403872,2.8884,107334.026750196
0.15468262962741086,2.8886,107334.028043166
0.11625858931747049,2.8888,107334.029763469
0.21530031744081987,2.8890000000000002,107334.030692404
0.1233022815426102,2.8891999999999998,107334.032314434
0.08825852724389513,2.8894,107334.034580504
0.07643115435633269,2.8895999999999997,107334.037197238
1.1742877342327562,2.8898,107334.037367554
0.2041610056966685,2.89,107334.038347173
0.19055876649858877,2.8902,107334.039396718
0.22496605959466495,2.8904,107334.040285741
0.0711309389795793,2.8906,107334.043097457
1.3356217770200642,2.8908,107334.0432472
0.19605632701221115,2.891,107334.044267315
0.12017259156736354,2.8912,107334.045931588
0.10101938662491877,2.8914,107334.047911406
0.24278238195528262,2.8916,107334.048735189
0.15990329020043986,2.8918,107334.049985945
0.135483915156914,2.892,107334.051462135
0.11520717396107666,2.8922,107334.053198138
0.09294630532883125,2.8924,107334.055349918
0.09085767346590642,2.8926,107334.057551163
0.3014613341360008,2.8928000000000003,107334.058214598
0.14572787793271735,2.893,107334.059587019
0.10901772856587977,2.8932,107334.061421583
0.15506063653968058,2.8933999999999997,107334.062711401
0.12201311911335598,2.8936,107334.064350569
0.3312700707094526,2.8938,107334.064954306
0.1284834261166529,2.894,107334.066510927
0.23316110450936545,2.8942,107334.067368703
0.12644103278269536,2.8944,107334.068950468
0.16705241938205068,2.8946,107334.070147697
0.10284077080671354,2.8948,107334.072092451
0.31278150116369957,2.895,107334.072731875
0.15302160229888748,2.8952,107334.07403888
0.13701351691102992,2.8954,107334.07549859
0.11796807091568011,2.8956,107334.077193964
0.11559878390565094,2.8958,107334.078924086
0.14258795717467662,2.896,107334.080326729
0.1946758131831471,2.8962,107334.081354078
0.09887871480173319,2.8964,107334.083376758
0.061427910368856295,2.8966,107334.086632607
0.14980959133562138,2.8968,107334.087967635
0.13719698326880833,2.8970000000000002,107334.089425393
0.2046249331032313,2.8971999999999998,107334.090402791
0.13181334952575416,2.8974,107334.091920088
0.17360779574624527,2.8975999999999997,107334.09307211
0.08827968060567236,2.8978,107334.095337637
0.3938861025183077,2.898,107334.095845398
0.14732943320280886,2.8982,107334.0972029
0.10482465995105303,2.8984,107334.099110848
0.09583579055990113,2.8986,107334.101197751
0.19210044563754983,2.8988,107334.102238873
0.4018832322418099,2.899,107334.10273653
0.12682613723510572,2.8992,107334.104313492
0.13981985632055963,2.8994,107334.105743904
0.09495143209839009,2.8996,107334.107850244
0.0625535421809133,2.8998,107334.111047505
0.1724731177842809,2.9,107334.112207106
0.5642688076199239,2.9002,107334.112561547
0.23106721615933548,2.9004,107334.113427096
0.18242599333227502,2.9006,107334.114523431
0.10057068846742952,2.9008000000000003,107334.116512082
0.11915216027197251,2.901,107334.118190608
0.10489294150781152,2.9012000000000002,107334.120097314
0.058182190412607616,2.9013999999999998,107334.123534792
0.14317837459230603,2.9016,107334.124931651
0.3017647145000276,2.9018,107334.125594419
0.14633768050836554,2.902,107334.126961121
0.125795182787618,2.9022,107334.128551007
0.1408769165612848,2.9024,107334.129970686
0.1361096993427189,2.9026,107334.131440089
0.18328714375721938,2.9028,107334.132531273
0.1669602383934173,2.903,107334.133729163
0.27872583414925045,2.9032,107334.134446714
0.10921954994287891,2.9034,107334.136277888
0.2146526163173103,2.9036,107334.137209626
0.5302775323047149,2.9038,107334.137586787
0.20118052688238153,2.904,107334.138580919
0.16554180946210037,2.9042,107334.139789073
0.1257634633969487,2.9044,107334.14137936
0.18472303527093717,2.9046,107334.142462062
0.09487945048915228,2.9048,107334.14457
0.13144326741175347,2.9050000000000002,107334.146091569
0.1988571666152153,2.9052,107334.147097316
0.18177571315972152,2.9054,107334.148197573
0.14196751269338023,2.9055999999999997,107334.149606346
0.08557053951763714,2.9058,107334.151943599
0.2732453208012464,2.906,107334.152675542
0.21325576768919147,2.9062,107334.153613383
0.10785380574631848,2.9064,107334.155467745
0.05949073546024354,2.9066,107334.158829613
0.13979894134043516,2.9068,107334.160260239
0.148956375090382,2.907,107334.161602914
0.12651765822351696,2.9072,107334.163183721
0.30615541116765355,2.9074,107334.163836984
0.1525301694653549,2.9076,107334.1651482
0.08807332982834923,2.9078,107334.167419035
0.13607895319793406,2.908,107334.16888877
0.13506568594052976,2.9082,107334.170369531
0.15934363079909164,2.9084,107334.17162468
0.07854463089867861,2.9086,107334.174171003
0.2249513827361201,2.9088000000000003,107334.175060084
0.25565672427446656,2.909,107334.175842383
0.10111606862461554,2.9092000000000002,107334.177820308
0.1715758812555027,2.9093999999999998,107334.178985973
0.10871491417530514,2.9096,107334.180825647
0.22447520513649838,2.9098,107334.181716614
0.172674292961588,2.91,107334.182874864
0.1946367832049848,2.9102,107334.183902419
0.15842073595681505,2.9104,107334.18516488
0.15717524640727903,2.9106,107334.186437345
0.14691504121101423,2.9108,107334.187798676
0.13581494356797197,2.911,107334.189271268
0.12476388474883326,2.9112,107334.190874296
0.09878235905841444,2.9114,107334.192898949
0.38930652454826575,2.9116,107334.193412683
0.09524948018640825,2.9118,107334.195512432
0.09780701988044926,2.912,107334.197557275
0.2073277921280261,2.9122,107334.198521931
0.28553807107422646,2.9124,107334.199222363
0.09241905012127193,2.9126,107334.201386419
0.23552021355455002,2.9128,107334.202235603
0.5822297726134383,2.9130000000000003,107334.20257911
0.13316900259705725,2.9132,107334.204080961
0.07634587287493808,2.9134,107334.206700618
0.13837660719972575,2.9135999999999997,107334.208145949
0.08580107955253999,2.9138,107334.210476922
0.12366511224686046,2.914,107334.212094193
0.13717835164201997,2.9142,107334.213552149
0.4011376280642063,2.9144,107334.214050731
0.07077288584617081,2.9146,107334.216876672
0.36675444256045026,2.9148,107334.217421996
0.5037149017623297,2.915,107334.217819046
0.16292111035421075,2.9152,107334.219046634
0.1521484107814585,2.9154,107334.22036114
0.10965242920833045,2.9156,107334.222185085
0.213863487910661,2.9158,107334.223120261
0.10157007024128209,2.916,107334.225089345
0.17374503805155903,2.9162,107334.226240457
0.15502409983481966,2.9164,107334.227530579
0.08350103087679166,2.9166,107334.229925759
0.1762693835717362,2.9168,107334.231060386
0.11440737773378808,2.917,107334.232808525
0.07328828803355304,2.9172000000000002,107334.235537474
0.20336942596719396,2.9173999999999998,107334.236520906
0.17939343395752216,2.9176,107334.237635774
0.0878097266494338,2.9177999999999997,107334.239913426
0.3776748846633015,2.918,107334.240442982
0.12493745327659998,2.9182,107334.242043783
0.1466120876740825,2.9184,107334.243407927
0.19346812823676565,2.9186,107334.244441689
0.10864664339946367,2.9188,107334.246282519
0.185440681969217,2.919,107334.247361031
0.1812094823962822,2.9192,107334.248464726
0.13390474918670547,2.9194,107334.249958325
0.13363445666244533,2.9196,107334.251454945
0.12015396563864585,2.9198,107334.253119476
0.2560576826338432,2.92,107334.25390055
0.1688460472426396,2.9202,107334.255085061
0.13613360104364164,2.9204,107334.256554206
0.11735381214387833,2.9206,107334.258258454
0.09751507259112673,2.9208,107334.260309419
0.17886767889697622,2.9210000000000003,107334.261427564
0.17421526885462676,2.9212,107334.262575569
0.2330171259266588,2.9214,107334.263433875
0.07573207363792381,2.9215999999999998,107334.266074764
0.16615201157324552,2.9218,107334.267278481
0.1429880791749093,2.922,107334.268677199
0.26945534976161795,2.9222,107334.269419437
0.1828678423465817,2.9224,107334.270513123
0.09310731253084313,2.9226,107334.272661182
0.22185418805266208,2.9228,107334.273562675
0.23045351241055415,2.923,107334.274430529
0.16019210129437797,2.9232,107334.27567903
0.12937690170571986,2.9234,107334.277224901
0.12418989374995221,2.9236,107334.278835338
0.09726945178931778,2.9238,107334.280891482
0.1739302857606059,2.924,107334.282041368
0.1752016130602692,2.9242,107334.28318291
0.1532312256086033,2.9244,107334.284488127
0.1573294269671386,2.9246,107334.285759345
0.08098949735002801,2.9248,107334.288228801
0.18456433062226205,2.925,107334.289312434
0.23913376105895937,2.9252000000000002,107334.290148786
0.17103460542950613,2.9254,107334.29131814
0.12649053370483465,2.9256,107334.292899286
0.14189136839624003,2.9257999999999997,107334.294308815
0.15052714744731552,2.926,107334.295637479
0.09497744964421252,2.9262,107334.297743242
0.25388120986546014,2.9264,107334.298531012
0.08339852288949469,2.9266,107334.300929136
0.12995882255122804,2.9268,107334.302468085
0.3992095725978908,2.927,107334.302969075
0.07901802696520181,2.9272,107334.305500143
0.36028505798875904,2.9274,107334.306055259
0.11951936489512545,2.9276,107334.307728628
0.13014139820212878,2.9278,107334.309265418
0.0714078887759135,2.928,107334.312066229
0.1304342160708068,2.9282,107334.313599569
0.059873104850085956,2.9284,107334.316939967
0.12006827089137415,2.9286,107334.318605686
0.09950590314503882,2.9288,107334.320615617
1.5010620605236025,2.9290000000000003,107334.320748856
0.13447981918635732,2.9292,107334.322236068
0.14417625206058013,2.9294000000000002,107334.323623259
1.4795635714085908,2.9295999999999998,107334.323758434
0.1519624047104658,2.9298,107334.325074549
0.16573564482453632,2.93,107334.32628129
0.15094578951337312,2.9302,107334.327606269
0.26623040268969306,2.9304,107334.328357498
0.18249240942110012,2.9306,107334.329453434
0.08880738308746586,2.9308,107334.331705499
0.29605594317764505,2.931,107334.332381047
0.10228515245134952,2.9312,107334.334336365
0.11765065758819508,2.9314,107334.336036313
0.07195373111180406,2.9316,107334.338815877
0.198185806624444,2.9318,107334.339825031
0.16232672647107013,2.932,107334.341057114
0.14899787646269633,2.9322,107334.342399415
0.21133651507920714,2.9324,107334.343345773
0.6096873215877351,2.9326,107334.34367381
0.09003708160107306,2.9328,107334.345895117
0.10541317775995787,2.933,107334.347792413
0.1286012360468398,2.9332000000000003,107334.349347608
0.11247006208247376,2.9334,107334.351125859
0.17272574111995806,2.9336,107334.352283764
0.06931013213710166,2.9337999999999997,107334.355169345
0.13267007073170836,2.934,107334.356676844
0.16097033039363268,2.9342,107334.357919309
0.37648830563189833,2.9344,107334.358450534
0.13964676321250402,2.9346,107334.359882719
0.11898677991919769,2.9348,107334.361563578
0.12489906601158092,2.935,107334.363164871
0.1361843065218024,2.9352,107334.364633469
0.1676727025785497,2.9354,107334.365826269
0.07547793563461559,2.9356,107334.36847605
0.08233458070932384,2.9358,107334.370905163
0.1135593888042272,2.936,107334.372666356
0.07063438842677613,2.9362,107334.375497838
0.14637912904009032,2.9364,107334.376864153
0.15883453563846966,2.9366,107334.378123325
0.11709848721642241,2.9368,107334.379831289
0.07707155809522095,2.9370000000000003,107334.38242628
0.19397118387041634,2.9372,107334.383457361
0.1609577620408162,2.9374000000000002,107334.384699923
0.1774997737928444,2.9375999999999998,107334.385826685
0.12069146538546985,2.9378,107334.387483803
0.19871431764285966,2.9379999999999997,107334.388490273
0.09357824002317063,2.9382,107334.390627522
0.1817783577647055,2.9384,107334.391727763
0.09382676200476607,2.9386,107334.393859351
0.2703393153482457,2.9388,107334.394599162
0.1277312127014722,2.939,107334.39616495
0.14026947219176328,2.9392,107334.397590777
0.4066420847287274,2.9394,107334.39808261
0.13327966562529,2.9396,107334.399583214
0.11533992141450054,2.9398,107334.401317219
0.14621400760857453,2.94,107334.402685077
0.13134382506060494,2.9402,107334.404207798
0.1279894334456582,2.9404,107334.405770427
0.202600579662575,2.9406,107334.406757591
0.13828083763328056,2.9408,107334.408203923
0.16711509087996113,2.941,107334.409400703
0.12581029760027299,2.9412000000000003,107334.410990398
0.137883583907033,2.9414,107334.412440897
0.16848078293396568,2.9416,107334.413627976
0.16763447545314428,2.9417999999999997,107334.414821048
0.1520677795864867,2.942,107334.416136251
0.16205012880629088,2.9422,107334.417370437
0.16680789754507233,2.9424,107334.418569421
0.1279959045766734,2.9426,107334.420131971
0.4205285122643707,2.9428,107334.420607563
0.10888620344254217,2.943,107334.422444343
0.13100493932795637,2.9432,107334.423971003
0.1476221746563694,2.9434,107334.425325813
0.1599658313361912,2.9436,107334.42657608
0.10201593716624384,2.9438,107334.428536558
0.28463916300203007,2.944,107334.429239202
0.15851704225382693,2.9442,107334.430500896
0.15216033334347617,2.9444,107334.431815299
0.2219053927505663,2.9446,107334.432716584
0.10077998647920659,2.9448,107334.434701105
0.18936847402594692,2.945,107334.435757247
0.39421684722499334,2.9452,107334.436264582
0.12526909359910166,2.9454000000000002,107334.437861145
0.1919557115690394,2.9455999999999998,107334.438903052
0.08936698198718819,2.9458,107334.441141015
0.11139405261431423,2.9459999999999997,107334.442936443
0.20800723701233959,2.9462,107334.443897948
0.313020400599437,2.9464,107334.444536884
0.09532370448296415,2.9466,107334.446634998
0.119890707650071,2.9468,107334.448303184
0.40251735011762496,2.947,107334.448800057
0.11962831439234531,2.9472,107334.450471902
0.16997379159788673,2.9474,107334.451648554
0.09950748738146896,2.9476,107334.453658453
0.18724119653755486,2.9478,107334.454726594
0.3308990260144733,2.948,107334.455331008
0.14121930095377888,2.9482,107334.456747245
0.10445206012698581,2.9484,107334.458661999
0.07490286027937555,2.9486,107334.461332124
0.1481401377916247,2.9488,107334.462682197
0.1637792393385295,2.949,107334.463903353
0.18977276550400005,2.9492000000000003,107334.464957245
0.15114530387192995,2.9494,107334.466280475
0.25135259132209914,2.9496,107334.46707617
0.175971605504967,2.9497999999999998,107334.468212717
0.27371163807743043,2.95,107334.468943413
0.12659053106116294,2.9502,107334.47052331
0.2563034617902315,2.9504,107334.471303635
0.07877185211778044,2.9506,107334.473842613
0.05672506896466945,2.9508,107334.477368391
0.14510102622065912,2.951,107334.478746741
0.08703674702594258,2.9512,107334.481044621
0.10507623331280712,2.9514,107334.482948001
0.09748774043457738,2.9516,107334.484999541
0.09711844707437133,2.9518,107334.487058882
0.07401568419153282,2.952,107334.489761012
0.08054418883170067,2.9522,107334.492244121
0.09149750282745338,2.9524,107334.494429973
0.09849160116005763,2.9526,107334.496460603
0.08710459919333889,2.9528,107334.498756693
0.12488050530321394,2.953,107334.500358224
0.10603228256422456,2.9532,107334.502244442
0.09594507333954425,2.9534000000000002,107334.504328968
0.08426488160419907,2.9536,107334.506702436
0.07125940676947123,2.9538,107334.509509083
0.11619941936344798,2.9539999999999997,107334.511230262
0.08933680390931187,2.9542,107334.513468981
0.08648065210783305,2.9544,107334.515781637
0.10787067657192265,2.9546,107334.517635709
0.1053208624982871,2.9548,107334.519534668
0.10163303920631923,2.955,107334.521502532
0.0817082251565435,2.9552,107334.523950266
0.07639760826082381,2.9554,107334.526568149
0.13606534389102926,2.9556,107334.528038031
0.09003675778100315,2.9558,107334.530259346
0.09170538523356628,2.956,107334.532440243
0.20617919039065774,2.9562,107334.533410273
0.10977846105910509,2.9564,107334.535232124
0.04069613178426468,2.9566,107334.540146596
0.34979711783708306,2.9568,107334.540718356
0.1385958169136375,2.957,107334.542161401
0.3534699223257563,2.9572000000000003,107334.54272722
0.11238745854325911,2.9574,107334.544506778
0.14174274075463716,2.9576000000000002,107334.545917785
0.13697307243931475,2.9577999999999998,107334.547377926
0.102128407038994,2.958,107334.549336245
0.1605762767914747,2.9582,107334.550581759
0.18434997804990558,2.9584,107334.551666652
0.16845438793314288,2.9586,107334.552853917
0.05555333338948458,2.9588,107334.556454061
0.1014248674976186,2.959,107334.558425964
0.0680199924632962,2.9592,107334.561366276
0.327102036839683,2.9594,107334.561977706
1.2148085214374136,2.9596,107334.562142341
0.24354632925978711,2.9598,107334.56296354
0.2599864006857626,2.96,107334.563732811
0.2637464662367312,2.9602,107334.564491115
0.20744413368304207,2.9604,107334.56545523
0.2058489918279917,2.9606,107334.566426816
0.08291378980419924,2.9608,107334.56883896
0.20794819561880631,2.961,107334.569800738
0.2272647207230077,2.9612,107334.570680769
0.1592058808026897,2.9614000000000003,107334.571937004
0.1265353481144572,2.9616,107334.57351759
0.09784060876933746,2.9618,107334.575561731
0.12509937618378797,2.9619999999999997,107334.57716046
0.11713078814160204,2.9622,107334.578867953
0.12317424956026518,2.9624,107334.580491669
0.09315484240165861,2.9626,107334.582638632
0.05619721855505337,2.9628,107334.586197527
0.1837384135858384,2.963,107334.587286031
0.2205543406480426,2.9632,107334.588192837
0.15034225490288583,2.9634,107334.589523135
0.19477458697770456,2.9636,107334.590549963
0.1800849472719928,2.9638,107334.59166055
0.15976827085622725,2.964,107334.592912363
0.12113356841390731,2.9642,107334.594563433
0.18013425356108284,2.9644,107334.595673716
0.08173169847599601,2.9646,107334.598120747
0.1523051769870055,2.9648,107334.5994339
0.11798623491913414,2.965,107334.601129013
0.33440063065554715,2.9652,107334.601727098
0.095634522507983,2.9654,107334.603818393
0.1900979874789287,2.9656000000000002,107334.604870482
0.08527980942428473,2.9657999999999998,107334.607215703
0.14673180595537097,2.966,107334.608578734
0.10814938025910636,2.9661999999999997,107334.610428028
0.13604137323675422,2.9664,107334.611898169
0.12815090998979928,2.9666,107334.613458829
0.15838134310727692,2.9668,107334.614721604
0.14613099920030825,2.967,107334.616090239
0.16117684936332005,2.9672,107334.617331112
0.207084784645982,2.9674,107334.6182969
0.06524206272307113,2.9676,107334.621362407
0.2361626370027105,2.9678,107334.622209281
0.10153717135188225,2.968,107334.624179003
0.12728946084786602,2.9682,107334.625750225
0.11864493185459814,2.9684,107334.627435927
0.22104894356165258,2.9686,107334.628340704
0.10096109944652552,2.9688,107334.630321665
0.35430588031847265,2.969,107334.630886149
0.10344695610206196,2.9692,107334.632819507
0.2129605674913808,2.9694000000000003,107334.633758648
0.1878154707581011,2.9696,107334.634823523
0.15811151552087332,2.9698,107334.636088453
0.11750957311601919,2.9699999999999998,107334.637790442
0.12644598834423895,2.9702,107334.639372145
0.2027418798035449,2.9704,107334.640358621
0.13157981358432036,2.9706,107334.641878611
0.10108545561474397,2.9708,107334.643857135
0.12014010788721956,2.971,107334.645521858
0.21991506655447168,2.9712,107334.6464313
0.2764122269900351,2.9714,107334.647154857
0.0817969814005763,2.9716,107334.649599935
0.1318750590134203,2.9718,107334.651116522
0.06699718610259965,2.972,107334.654101722
0.18230211235822733,2.9722,107334.655198802
0.13065746767204556,2.9724,107334.656729522
2.001881781338557,2.9726,107334.656829428
0.2745099647675938,2.9728,107334.657557999
0.23134305000391667,2.973,107334.658422516
0.11277936890549904,2.9732,107334.66019589
0.12973668620640721,2.9734,107334.661737474
0.3566162112266825,2.9736000000000002,107334.662298301
0.3520098019281281,2.9737999999999998,107334.662866467
0.21611061468338152,2.974,107334.663791919
0.11463407095632758,2.9741999999999997,107334.665536601
0.13671306179936016,2.9744,107334.666999519
0.17428039676277388,2.9746,107334.668147095
0.09128926920409827,2.9748,107334.670337933
0.1211114885933856,2.975,107334.671989304
0.15825814657916304,2.9752,107334.673253062
0.1663175393297082,2.9754,107334.674455581
0.07595603952820465,2.9756,107334.677088683
0.2214900762810361,2.9758,107334.677991658
0.2094797973334361,2.976,107334.678946404
0.08355164699032984,2.9762,107334.681340133
0.21014319167644502,2.9764,107334.682291865
0.14050202835705503,2.9766,107334.683715332
0.12099572197280102,2.9768,107334.685368283
0.18686960647262407,2.977,107334.686438548
0.12220143423109885,2.9772,107334.68807519
0.07917606211071211,2.9774000000000003,107334.690601206
0.0925051415465842,2.9776,107334.692763248
0.07674747266497668,2.9778000000000002,107334.695369197
0.13619812454396563,2.9779999999999998,107334.696837646
0.11309178776980354,2.9782,107334.698606121
0.175146378415788,2.9784,107334.699748023
0.0894750904060651,2.9786,107334.701983282
0.12488962778925952,2.9788,107334.703584696
0.19836114041029643,2.979,107334.704592958
0.1344926604181494,2.9792,107334.706080028
0.31063039707922224,2.9794,107334.70672388
0.14618728911837403,2.9796,107334.708091988
0.161823556103473,2.9798,107334.709327902
0.17542290045720563,2.98,107334.710468004
0.14494738912000293,2.9802,107334.711847815
0.17717679375238835,2.9804,107334.712976631
0.14049422949801324,2.9806,107334.714400177
0.11286618018650069,2.9808,107334.716172187
0.3997857170403265,2.981,107334.716672455
0.10701911638226354,2.9812,107334.71854128
0.27579321498171533,2.9814,107334.719266461
0.06890898816813538,2.9816000000000003,107334.72216884
0.14871049358819036,2.9818,107334.723513735
0.1016471929325154,2.982,107334.725481325
0.341106589253809,2.9821999999999997,107334.726067652
0.22980185102969877,2.9824,107334.726937967
0.08059884971592875,2.9826,107334.729419392
0.18524830709872345,2.9828,107334.730499024
0.15149208324604602,2.983,107334.731819225
0.10742950187911204,2.9832,107334.733680911
0.11125883774152333,2.9834,107334.735478521
0.09514689044557603,2.9836,107334.737580534
0.12171528489141895,2.9838,107334.739223713
0.14532591898194364,2.984,107334.74059993
0.161939909575696,2.9842,107334.741834956
0.12407994791923445,2.9844,107334.74344682
0.07123684249516553,2.9846,107334.746254356
0.2186621577626148,2.9848,107334.747169009
0.150156462577838,2.985,107334.748500953
0.08280709456147846,2.9852,107334.750916205
0.10663720600470272,2.9854000000000003,107334.752791723
0.061433665203857124,2.9856,107334.756047267
0.41405038586991094,2.9858000000000002,107334.7565303
0.10002490632704611,2.9859999999999998,107334.758529802
0.12210422240867999,2.9862,107334.760167747
0.1587772871335177,2.9864,107334.761427373
0.06828411259799297,2.9866,107334.764356312
0.35202033258691906,2.9868,107334.764924461
0.16066515303756987,2.987,107334.766169286
0.13585627541311843,2.9872,107334.76764143
0.14733616139871544,2.9874,107334.76899887
0.11892961001900366,2.9876,107334.770680537
0.13000520022110593,2.9878,107334.772218937
0.4488864206218139,2.988,107334.772664484
0.1358581206078231,2.9882,107334.774136608
0.1081903330823343,2.9884,107334.775985202
0.09108845238028906,2.9886,107334.77818087
0.13662863363902586,2.9888,107334.779644692
0.16712179468284885,2.989,107334.780841424
0.24495185034423156,2.9892,107334.781657911
0.12683249126553597,2.9894,107334.783234794
0.22936095481551452,2.9896000000000003,107334.784106782
0.0945199239301929,2.9898,107334.786222738
0.1436360609398709,2.99,107334.787615146
0.15408474720209128,2.9901999999999997,107334.788913133
0.15872763938511517,2.9904,107334.790173153
0.07143928720304701,2.9906,107334.792972733
0.1584193554701227,2.9908,107334.794235205
0.1659999003219834,2.991,107334.795440025
0.16425269905126358,2.9912,107334.796657661
0.1869010412400816,2.9914,107334.797727746
0.2334918342336443,2.9916,107334.798584307
0.087764450752574,2.9918,107334.800863134
0.1429252373251235,2.992,107334.802262467
0.12517595007414742,2.9922,107334.803860218
0.1714288170243693,2.9924,107334.805026883
0.07629152969116969,2.9926,107334.807648406
0.12785393926203703,2.9928,107334.809212691
0.15416183072065873,2.993,107334.810510029
0.45049915506832244,2.9932,107334.810953981
0.22101376665738295,2.9934,107334.811858902
0.18108134485488614,2.9936,107334.812963378
0.15798349893502292,2.9938000000000002,107334.814229333
0.19239704673839123,2.9939999999999998,107334.81526885
0.20779134498657464,2.9942,107334.816231354
0.15801045828380583,2.9943999999999997,107334.817497093
0.16099313451391573,2.9946,107334.818739382
0.08166848698259523,2.9948,107334.821188307
0.1947827439768602,2.995,107334.822215092
0.31699941319138814,2.9952,107334.822846008
0.13605155279667,2.9954,107334.824316039
0.09435617950319573,2.9956,107334.826435667
0.1683904233637327,2.9958,107334.827623383
0.08766938812659818,2.996,107334.829904681
0.13454214932699082,2.9962,107334.831391204
0.1576459064429169,2.9964,107334.83265987
0.15935277223004607,2.9966,107334.833914947
0.08854811615701011,2.9968,107334.836173606
0.32735367685831457,2.997,107334.836784566
0.14156485698177293,2.9972,107334.838197346
0.16549468883954138,2.9974,107334.839405844
0.07800430674699033,2.9976000000000003,107334.841969805
0.1031410048169255,2.9978,107334.843908898
0.11007990695316892,2.998,107334.84572576
0.14935147829062334,2.9981999999999998,107334.847064883
0.3413243003699812,2.9984,107334.847650836
0.10622973707559973,2.9986,107334.849533548
0.07788644228467251,2.9988,107334.852101389
0.12299676661374191,2.999,107334.853727448
0.09926134700709115,2.9992,107334.855742331
0.12143312953545224,2.9994,107334.857389328
0.07934423560835044,2.9996,107334.85990999
0.2326422703999911,2.9998,107334.860769679
0.15822196377261002,3.0,107334.862033726
0.1591820591280202,3.0002,107334.863290149
0.23306872461493572,3.0004,107334.864148265
0.1157427503735308,3.0006,107334.865876235
0.12122365545941281,3.0008,107334.867526078
0.15156372071960195,3.001,107334.868845655
0.12332820960900152,3.0012,107334.870467344
0.1942964282788233,3.0014,107334.871496699
0.1665381533489817,3.0016,107334.872697625
0.08913073041515616,3.0018,107334.87494152
0.11974556441590647,3.002,107334.876611728
0.2076243829265261,3.0022,107334.877575006
0.18483126692131752,3.0024,107334.878657074
0.15449909068879575,3.0026,107334.87995158
0.09180603611648162,3.0028,107334.882130086
0.16518754953784437,3.003,107334.883340831
0.18242349691992737,3.0032,107334.884437181
0.19294291791686838,3.0034,107334.885473757
0.1080699043610115,3.0036,107334.887324411
0.14869656361505743,3.0038,107334.888669432
0.08980179400834318,3.004,107334.890896559
0.14097711245409014,3.0042,107334.892315229
0.12610451798198136,3.0044,107334.893901215
0.15049531773241212,3.0046,107334.89523016
0.08335545719002081,3.0048,107334.897629523
0.1652119753725356,3.005,107334.898840089
0.13472776468838865,3.0052,107334.900324564
0.15639209771929777,3.0054,107334.901603401
0.16403943778728886,3.0056,107334.90282262
0.07643985934090312,3.0058,107334.905439056
0.10498522394440378,3.006,107334.907344086
0.13778801874958932,3.0062,107334.908795591
0.2751175453306545,3.0064,107334.909522553
0.0816017775928308,3.0066,107334.91197348
0.09955538553101023,3.0068,107334.913982412
0.23833215447610817,3.007,107334.914821577
0.14032448658370675,3.0072,107334.916246845
0.12513796417372675,3.0074,107334.917845081
0.10159240993067223,3.0076,107334.919813732
0.08793110455416461,3.0078,107334.92208824
0.15240580220313543,3.008,107334.923400526
0.1397756870666871,3.0082,107334.92483139
0.19311468877278778,3.0084,107334.925867044
0.07172124538377586,3.0086,107334.928655618
0.22509569378534924,3.0088,107334.929544129
0.2025507223234007,3.009,107334.930531536
0.1601201542584717,3.0092,107334.931780598
0.4412176630303007,3.0094,107334.932233889
0.21287941986940137,3.0096,107334.933173388
0.38835554467233213,3.0098,107334.93368838
0.1475696751242231,3.01,107334.935043672
0.1766487942571354,3.0102,107334.936175862
0.16977482105349917,3.0104,107334.937353893
0.16316261302543902,3.0106,107334.938579664
0.06977507665847865,3.0108,107334.941446017
0.21882771690672068,3.011,107334.942359978
0.16151631490198645,3.0112,107334.943598243
0.11890090422817816,3.0114,107334.945280316
0.14134954845498168,3.0116,107334.946695248
0.08931482115684386,3.0118,107334.948934518
0.12691853286487337,3.012,107334.950510332
0.13134304810257388,3.0122,107334.952033062
0.32997473953065265,3.0124,107334.952639169
0.07681701054556515,3.0126,107334.955242759
0.05784934623847624,3.0128,107334.958700015
0.025627242819800288,3.013,107334.96650421
0.4547076996024846,3.0132,107334.966944053
0.036946033496432475,3.0134,107334.972357354
0.6750120486540094,3.0136,107334.972653645
0.04847090071084114,3.0138,107334.976779832
0.060695927327902334,3.014,107334.980074946
0.04966015074047774,3.0142,107334.98410232
0.0262332788862647,3.0144,107334.991726224
0.04104889784452545,3.0146,107334.996598462
0.031733464325684184,3.0148,107335.002900957
0.048792828737249785,3.015,107335.00699992
0.04743107375346723,3.0152,107335.011216565
0.12319283874143902,3.0154,107335.012840036
0.03149673752639828,3.0156,107335.0191899
0.03922500802121986,3.0158,107335.024288688
0.01764549615437785,3.016,107335.035623025
0.4520407356531718,3.0162,107335.036065463
2.1593143287713836,3.0164,107335.036158085
0.04148250169157322,3.0166,107335.040979395
0.04014350497269329,3.0168,107335.045961521
0.35548035430256164,3.017,107335.04652414
0.11607694723072987,3.0172,107335.048247135
0.08948461759299003,3.0174,107335.050482156
0.032574504845384246,3.0176,107335.056621927
0.06678061672591921,3.0178,107335.059616808
0.04930899591718292,3.018,107335.063672863
0.06516857160645263,3.0182,107335.066741827
0.12114523442009198,3.0184,107335.068392738
0.14077924082022772,3.0186,107335.069813402
0.14537503938317958,3.0188,107335.071189154
0.13517687525433503,3.019,107335.072668697
0.11613821823433501,3.0192,107335.074390783
0.12929025541123665,3.0194,107335.07593769
0.16204697623862577,3.0196,107335.0771719
0.07741400069110144,3.0198,107335.079755412
0.3665051073824538,3.02,107335.080301107
0.178943694349324,3.0202,107335.081418777
0.4180479635579634,3.0204,107335.081897191
0.12641393994347042,3.0206,107335.083479295
0.19844025905311866,3.0208,107335.084487155
0.08618791328849512,3.021,107335.086807666
0.08369577071343744,3.0212,107335.089197273
0.32754882596894946,3.0214,107335.089807869
0.06456236390731605,3.0216,107335.092905649
0.1432602148281506,3.0218,107335.09430171
0.21097603095400663,3.022,107335.095249685
2.0153568527389654,3.0222,107335.095348923
0.15988884554498328,3.0224,107335.096599792
0.09279256891140279,3.0226,107335.098755137
0.08613668802688842,3.0228,107335.101077028
0.12609537449302613,3.023,107335.102663129
0.12843449934286139,3.0232,107335.104220343
1.6011783554545722,3.0234,107335.104345251
0.09398253338821584,3.0236,107335.106473306
0.1431897532282142,3.0238,107335.107870054
0.322790456133314,3.024,107335.108489651
1.7504244718946078,3.0242,107335.108603909
0.08998834665083587,3.0244,107335.110826419
0.12081869094147922,3.0246,107335.112481792
0.15017574429752042,3.0248,107335.113813565
0.1789910978365118,3.025,107335.114930939
1.4414726445024386,3.0252,107335.115069686
0.5228074726736863,3.0254,107335.115452236
0.08804161578477304,3.0256,107335.117723889
0.2001901784353988,3.0258,107335.118722939
0.21791714913995222,3.026,107335.119640719
0.18119667720454752,3.0262000000000002,107335.120744492
0.16022020638858792,3.0264,107335.121992774
0.12716304395448033,3.0266,107335.123565558
0.07906782186799086,3.0268,107335.126095032
0.15883970671567105,3.027,107335.127354163
0.19073722980928196,3.0272,107335.128402726
0.1552332211923478,3.0274,107335.12969111
0.13952839537863174,3.0276,107335.13112451
0.13266875037729398,3.0278,107335.132632024
0.14186097571366282,3.028,107335.134041855
0.3081023175415455,3.0282,107335.13469099
0.145610428718639,3.0284,107335.136064518
0.1261795416272772,3.0286,107335.137649561
0.1542488617741058,3.0288,107335.138946167
0.12739721809777732,3.029,107335.14051606
0.1580474186022111,3.0292,107335.141781503
0.19376333812108676,3.0294,107335.14281369
0.10434720926068555,3.0296,107335.144730368
0.13126753250983997,3.0298,107335.146253974
0.07996081929116047,3.03,107335.148755199
0.3849714814517481,3.0302,107335.149274718
0.14906261953398514,3.0304,107335.150616436
0.09591350938457041,3.0306,107335.152701648
0.41545492440556564,3.0308,107335.153183048
0.35504050789361463,3.031,107335.153746364
0.16549455133817567,3.0312,107335.154954863
0.1482229177842982,3.0314,107335.156304182
0.1478733240495617,3.0316,107335.157656691
0.07545649273200584,3.0318,107335.160307225
0.5175353856669053,3.032,107335.160693672
0.16558114469389695,3.0322,107335.161901539
0.18857979749167045,3.0324,107335.162962098
0.16028299572224572,3.0326,107335.164209891
0.12175003460298474,3.0328,107335.165852601
0.18717495786997207,3.033,107335.16692112
0.15931951487068408,3.0332,107335.168176459
0.14281429947372973,3.0334,107335.169576879
0.09767713939686101,3.0336,107335.171624441
0.16441162413386853,3.0338,107335.1728409
0.11272743478327847,3.034,107335.174615091
0.15378818804623517,3.0342,107335.175915581
0.1979341609172193,3.0344,107335.176926018
0.06955278271369872,3.0346,107335.179801532
0.14480539506190548,3.0348,107335.181182696
0.3438145197399039,3.035,107335.181764405
0.23835203540814578,3.0352,107335.1826035
0.4236067556545101,3.0354,107335.183075636
0.18198080687941529,3.0356,107335.184174653
0.11303688248022052,3.0358,107335.185943987
0.07493227051550805,3.036,107335.188613064
0.11969403820826245,3.0362,107335.190283991
0.10155511328530689,3.0364,107335.192253365
0.11732957883105664,3.0366,107335.193957965
0.13195571580077162,3.0368,107335.195473625
0.10349052889694194,3.037,107335.197406169
0.23602134070928227,3.0372,107335.19825355
0.1011094228144695,3.0374,107335.200231605
0.10030875060674328,3.0376,107335.202225449
0.12211152791976414,3.0378,107335.203863296
0.15075350449666539,3.038,107335.205189965
0.9472791671157147,3.0382,107335.205401096
0.610040667049262,3.0384,107335.205728943
0.18959915912461642,3.0386,107335.2067838
0.07151019499017365,3.0388,107335.209580604
0.12693391767709833,3.039,107335.211156227
0.16805903587155344,3.0392,107335.212346285
0.2810271519852476,3.0394,107335.21305796
0.08752788872348102,3.0396,107335.215342946
0.14106531095683353,3.0398,107335.216760729
0.18455990416023518,3.04,107335.217844388
0.17710320969408405,3.0402,107335.218973673
0.21889406098492448,3.0404,107335.219887357
0.10352936778334294,3.0406,107335.221819176
0.18981905464693105,3.0408,107335.222872811
0.1411929826101138,3.041,107335.224289312
0.13176697549305888,3.0412,107335.225807143
0.20162672440571722,3.0414,107335.226799075
0.1882562019747805,3.0416,107335.227861457
0.08320405508074404,3.0418,107335.230265186
0.14918971260059552,3.042,107335.231605761
0.15158152657544147,3.0422,107335.232925183
0.28607800978835946,3.0424,107335.233624293
0.1402950549474961,3.0426,107335.23504986
0.16101464916666947,3.0428,107335.236291983
0.09273095912696326,3.043,107335.23844876
0.4807680757771845,3.0432,107335.238864761
0.2361618051146893,3.0434,107335.239711638
0.334318458445424,3.0436,107335.24030987
0.10320146420443764,3.0438,107335.242247827
0.1529523250538371,3.044,107335.243555424
0.22763642798886863,3.0442,107335.244434018
0.12108289233004592,3.0444,107335.246085779
0.10591458835214623,3.0446,107335.247974093
0.19526330225319266,3.0448,107335.248998351
0.14522809535398626,3.045,107335.250375495
0.38369230912163066,3.0452,107335.250896746
0.1147406773090776,3.0454,107335.252639807
0.10792085125636906,3.0456,107335.254493017
0.1404689688633349,3.0458,107335.255916819
0.15893778776988565,3.046,107335.257175173
0.24790520128153545,3.0462,107335.257981933
0.132606649157088,3.0464,107335.259490153
0.08745191752545946,3.0466,107335.261777124
0.10203456987244904,3.0468,107335.263737244
0.4731667042338031,3.047,107335.264159928
0.15724358305890324,3.0472,107335.26543184
0.13728060852688562,3.0474,107335.26688871
0.2484502894113326,3.0476,107335.2676937
0.14078875582611886,3.0478,107335.269114268
0.08835389612051305,3.048,107335.271377892
0.2267753681002522,3.0482,107335.272259822
0.3175964308396267,3.0484,107335.272889552
0.13723614589558036,3.0486,107335.274346894
0.133622849253412,3.0488,107335.275843644
0.1053139857808063,3.049,107335.277742727
0.14078498889520738,3.0492,107335.279163333
0.20996140871365557,3.0494,107335.280115889
0.26618505373096785,3.0496,107335.280867246
0.10639474973830157,3.0498,107335.282747038
0.20605258820525685,3.05,107335.283717664
0.20134660573461133,3.0502,107335.284710976
0.15781072405979085,3.0504,107335.285978317
0.18312737472276697,3.0506,107335.287070453
0.09069287114422193,3.0508,107335.289275698
0.21124432318362754,3.051,107335.290222469
0.18781988022699658,3.0512,107335.291287319
0.19099278115995405,3.0514,107335.292334479
0.10650370185089551,3.0516,107335.294212348
0.112245665320981,3.0518,107335.295994154
0.21459595807993562,3.052,107335.296926138
0.17222746071480363,3.0522,107335.298087393
0.3645769748098175,3.0524,107335.298635974
0.1712466589695436,3.0526,107335.29980388
0.10823184366048243,3.0528,107335.301651765
0.21760394051055754,3.053,107335.302570866
0.12253828240193308,3.0532,107335.304203009
0.17637773112548183,3.0534,107335.305336939
0.13708855375769466,3.0536,107335.30679585
0.10470639595020922,3.0538,107335.308705953
0.10712137511782437,3.054,107335.310572994
0.5315219121692213,3.0542,107335.310949272
0.29158811624259134,3.0544,107335.311635171
0.16495770606834625,3.0546,107335.312847603
0.09154805426330083,3.0548,107335.315032248
0.16554592100668208,3.055,107335.316240372
0.34728432774547197,3.0552,107335.316816269
0.12620095991324615,3.0554,107335.318401043
0.08284080989007751,3.0556,107335.320815312
0.31539822018489366,3.0558,107335.321449431
0.13089818954061677,3.056,107335.322977336
0.11306762119806395,3.0562,107335.324746189
0.10078724906045085,3.0564,107335.326730567
0.12528282601118876,3.0566,107335.328326955
0.09300500062813695,3.0568,107335.330477377
0.1957244024375348,3.057,107335.331499222
0.11667454164016966,3.0572,107335.333213392
0.14092933046961967,3.0574,107335.334632543
0.07941193894674484,3.0576,107335.337151056
0.13864625735175246,3.0578,107335.338593576
0.12689751474253985,3.058,107335.340169651
0.09800841971186308,3.0582,107335.342210292
0.0905681021512545,3.0584,107335.344418575
0.12115081089444096,3.0586,107335.34606941
0.1723313421689239,3.0588,107335.347229965
2.0029443020432818,3.059,107335.347329818
0.19561968475639913,3.0592,107335.34835221
0.08945063916299655,3.0594,107335.35058808
0.15678465966322852,3.0596,107335.351863715
0.11666807619480374,3.0598,107335.35357798
3.6260131879817448,3.06,107335.353633137
0.38832161726105235,3.0602,107335.354148174
0.06738887299346123,3.0604,107335.357116023
0.14919661340212734,3.0606,107335.358456536
0.15393330416073203,3.0608,107335.3597558
2.613354515762007,3.061,107335.35983233
0.1821939981467411,3.0612,107335.360930061
0.21402277075731058,3.0614,107335.361864541
0.14610249696743574,3.0616,107335.363233443
0.6929142548480034,3.0618,107335.363522079
0.15094909192346342,3.062,107335.364847029
0.22989483514502046,3.0622,107335.365716992
0.18025146959639202,3.0624,107335.366826553
0.18572826781610696,3.0626,107335.367903395
0.09062305152410378,3.0628,107335.370110339
0.16905999390250778,3.063,107335.371293351
0.223193109763152,3.0632,107335.372189436
0.18736065214215883,3.0634,107335.373256896
0.1580510408839491,3.0636,107335.37452231
0.0724832545330277,3.0638,107335.377281568
0.15911822992678823,3.064,107335.378538495
0.476748957613576,3.0642,107335.378958003
0.17201681991868922,3.0644,107335.38012068
0.15189142734014222,3.0646,107335.38143741
0.10381682586550109,3.0648,107335.38336388
0.14406004384492524,3.065,107335.38475219
0.19102908344312983,3.0652,107335.385799151
0.13580212502695002,3.0654,107335.387271882
0.09739312702154185,3.0656,107335.389325415
0.17064846360145083,3.0658,107335.390497415
0.1092887218674799,3.066,107335.39232743
0.08636536967627882,3.0662,107335.394643173
0.09797245967199297,3.0664,107335.396684563
0.10602199690255892,3.0666,107335.398570964
0.08512040062185984,3.0668,107335.400920577
0.1276495254097583,3.067,107335.402487367
0.21573623111488724,3.0672,107335.403414425
0.14001846891896896,3.0674,107335.404842808
0.07607001039820582,3.0676,107335.407471965
0.1460156700867091,3.0678,107335.408841681
0.15973994347457812,3.068,107335.410093716
0.32025210228671125,3.0682,107335.410718224
0.11995484925140357,3.0684,107335.412385518
0.10602536825291092,3.0686,107335.414271859
0.09245057821569501,3.0688,107335.416435177
0.17283694497305233,3.069,107335.417592337
0.07984997796468053,3.0692,107335.420097034
1.3647219806809032,3.0694,107335.420243584
0.23189588813095344,3.0696,107335.42110604
0.14410872762504384,3.0698,107335.422493881
2.117029190733627,3.07,107335.422588353
0.16325970907262383,3.0702,107335.423813395
0.2099254874500136,3.0704,107335.424766114
0.16831517367944188,3.0705999999999998,107335.425954361
0.12253963387786082,3.0708,107335.427586486
0.36224403101813213,3.071,107335.4281386
0.19340115071744418,3.0712,107335.42917272
0.14567151659351524,3.0714,107335.430545672
0.1268885780566791,3.0716,107335.432121858
0.13243051100411582,3.0718,107335.433632084
0.23110272853787295,3.072,107335.4344975
0.10169226079893971,3.0722,107335.436464218
0.436296367585996,3.0724,107335.436922622
0.07689835114389035,3.0726,107335.439523458
0.5155635756811373,3.0728,107335.439911383
0.23165790802751138,3.073,107335.440774725
0.09482879575308438,3.0732,107335.442883789
0.1115635008039061,3.0734,107335.44467649
0.10015273296728353,3.0736,107335.44667344
0.39755898967291836,3.0738,107335.44717651
0.1793673716207608,3.074,107335.44829154
0.17445704650753205,3.0742,107335.449437954
0.21741280973946073,3.0744,107335.450357863
0.14992874509294615,3.0746,107335.45169183
0.09297361282163566,3.0748,107335.453842978
0.3451048534455403,3.075,107335.454422512
0.15949904648226243,3.0752,107335.455676438
0.1250744976299002,3.0754,107335.457275485
0.07542729551966842,3.0756,107335.459927045
0.12767364572194614,3.0758,107335.461493539
0.23826741357641013,3.076,107335.462332932
0.20420207124341935,3.0762,107335.463312354
0.13982884943847043,3.0764,107335.464742674
0.14107376849302666,3.0766,107335.466160372
0.12082007803765747,3.0768,107335.467815726
0.17975411462967528,3.077,107335.468928357
0.12197658226325657,3.0772,107335.470568016
0.229376208906415,3.0774,107335.471439946
0.11028027175145468,3.0776,107335.473253507
0.13328597314075646,3.0778,107335.47475404
0.08035700994222972,3.078,107335.477242933
0.11959390760813424,3.0782,107335.478915259
0.09746859388354731,3.0784,107335.480967202
0.19399319639900614,3.0786,107335.481998166
0.157694505155189,3.0788,107335.483266441
0.18592043160705068,3.079,107335.48434217
0.22507238959276746,3.0792,107335.485230773
0.8273556879510405,3.0794,107335.485472507
1.218516642152387,3.0796,107335.485636641
0.13133312920226678,3.0798,107335.487159486
0.16159748878598465,3.08,107335.488397129
0.2137060369787105,3.0802,107335.489332994
0.105648050082957,3.0804,107335.491226072
0.07022225332152657,3.0806,107335.494074172
0.15437923727223116,3.0808,107335.495369683
0.21851857503433117,3.081,107335.496284937
0.2086761275106251,3.0812,107335.49724336
0.13763649349654591,3.0814,107335.498696463
0.08887636704115166,3.0816,107335.50094678
0.1621895585687782,3.0818,107335.502179905
0.2624093382999252,3.082,107335.502942073
1.623679742704164,3.0822,107335.50306525
0.49239980442860415,3.0824,107335.503471424
0.17350327476327435,3.0826000000000002,107335.50462414
0.1048047194815086,3.0828,107335.506532451
0.1969826221450038,3.083,107335.507547769
0.18975385900143352,3.0832,107335.508601766
0.14559389309475648,3.0834,107335.50997545
0.14267696144423161,3.0836,107335.511377218
0.23806803249768554,3.0838,107335.512217314
0.08951734028825198,3.084,107335.514451518
0.38426806601248015,3.0842,107335.514971988
0.1457119520915988,3.0844,107335.516344559
0.09126260933592185,3.0846,107335.518536037
0.18942443156592662,3.0848,107335.519591867
0.26815366943987523,3.085,107335.520337708
0.2863549026263717,3.0852,107335.521036142
0.13032423423094378,3.0854,107335.522570776
0.13085057469582043,3.0856,107335.524099237
0.06754417798194734,3.0858,107335.527060262
0.19751467262079572,3.086,107335.528072845
0.46350586402105076,3.0862,107335.528504339
0.06138204123762361,3.0864,107335.531762621
0.34628796323954164,3.0866,107335.532340175
0.09188170086937775,3.0868,107335.534516887
0.1395712362857927,3.087,107335.535949847
0.13437221011361436,3.0872,107335.53743825
0.09237192647917276,3.0874,107335.53960341
0.14714624574809781,3.0876,107335.540962602
0.13407746254829628,3.0878,107335.542454277
0.18797840687194445,3.088,107335.543518229
0.19123457127723203,3.0882,107335.544564065
0.08597239935435942,3.0884,107335.546890393
0.17509240541735346,3.0886,107335.548032647
0.19225907302077977,3.0888,107335.54907291
2.018489253739056,3.089,107335.549171994
0.13953550088451994,3.0892,107335.550605321
0.23338883968996418,3.0894,107335.55146226
0.18531834124580834,3.0896,107335.552541484
0.20477766662026187,3.0898,107335.553518153
0.462370009074837,3.09,107335.553950707
0.10908087368031087,3.0902,107335.555784209
0.13589264600132683,3.0904,107335.557255959
0.1836974041677533,3.0906,107335.558344706
0.06249334052419482,3.0908,107335.561545047
0.1481343226734854,3.091,107335.562895173
0.19082239674419976,3.0912,107335.563943268
0.19621770850604514,3.0914,107335.564962544
0.11620563056753613,3.0916,107335.566683631
0.21298052329419356,3.0918,107335.567622684
0.16608150622183818,3.092,107335.568826912
0.15227166476949935,3.0922,107335.570140354
0.1491523304566938,3.0924,107335.571481265
0.19607573830016028,3.0926,107335.572501279
0.08034961742936364,3.0928,107335.574990401
0.13353363414900832,3.093,107335.576488151
0.23286465261152117,3.0932,107335.577347019
0.09216012290969967,3.0934,107335.579517155
0.1266630863354712,3.0936,107335.581096147
0.2877461869037198,3.0938,107335.581791204
0.18442256140062066,3.094,107335.58287567
0.5198653645573599,3.0942,107335.583260385
1.1149577168047884,3.0944,107335.583439764
0.13270008866274172,3.0946,107335.584946922
0.08226874151737962,3.0948,107335.587377979
0.19887713938637755,3.095,107335.588383625
0.20645417167982522,3.0952,107335.589352363
0.21223086241338543,3.0954,107335.590294733
0.31262456593153054,3.0956,107335.590934478
0.10089045865118329,3.0958,107335.592916826
0.10690773642899824,3.096,107335.594787598
0.13551870892912976,3.0962,107335.596263409
0.0982282084016682,3.0964,107335.598299484
0.12481301491446503,3.0966,107335.599901881
0.10736381508159436,3.0968,107335.601764706
0.09621259193143948,3.097,107335.603843436
0.2194209475927737,3.0972,107335.604754926
0.1374123737965214,3.0974,107335.606210399
0.1061817981364542,3.0976,107335.608093961
0.15061545134518392,3.0978,107335.609421846
0.21465077583709305,3.098,107335.610353592
0.21839830900196228,3.0982,107335.61126935
0.1506825167140678,3.0984,107335.612596644
0.11437126446033591,3.0986,107335.614345335
0.17638457390677706,3.0987999999999998,107335.615479221
0.18167350285702402,3.099,107335.616580097
0.15642830472445857,3.0992,107335.617858638
0.21940794854446105,3.0994,107335.618770182
0.21823625758804682,3.0996,107335.61968662
0.1658918151560815,3.0998,107335.620892225
0.16658101626148636,3.1,107335.622092842
0.17479201826212126,3.1002,107335.623237059
0.06995311032962186,3.1004,107335.626096117
0.16086649255481153,3.1006,107335.627339384
0.13065772354636743,3.1008,107335.628870101
0.2392687954555589,3.101,107335.629705981
0.4495341672346719,3.1012,107335.630150886
0.15255181139948856,3.1014,107335.631461916
0.09557611583077902,3.1016,107335.633554489
0.10673110415005506,3.1018,107335.635428357
0.25440890429057267,3.102,107335.636214493
0.08746132593944235,3.1022,107335.638501218
0.3187845344160605,3.1024,107335.639128601
0.10343737918330288,3.1026,107335.641062138
0.12467607669691773,3.1028000000000002,107335.642666295
0.11117546884245731,3.103,107335.644465253
0.4317556346031054,3.1032,107335.644928478
0.1831322378484624,3.1034,107335.646020585
0.12637344213202084,3.1036,107335.647603196
0.18735591175380054,3.1038,107335.648670683
0.10765462016235595,3.104,107335.650528476
0.29041907993500526,3.1042,107335.651217136
0.11886345115634493,3.1044,107335.652899739
0.10171475815780356,3.1046,107335.654866022
0.2746038138931704,3.1048,107335.655594344
0.35955379691199657,3.105,107335.656150589
0.15885812670974456,3.1052,107335.657409574
0.08818112795158232,3.1054,107335.659677633
0.1231565013946387,3.1056,107335.661301583
0.08768114907479184,3.1058,107335.663582575
0.1760380511911444,3.106,107335.664718693
0.17319796250904068,3.1062,107335.665873441
0.09728227361841918,3.1064,107335.667929314
0.24329479721157835,3.1066,107335.668751362
0.16337039673536397,3.1068,107335.669975574
0.08867724600307694,3.107,107335.672230944
0.38247499122695444,3.1072,107335.672753854
0.06917274915977666,3.1074,107335.675645166
0.09154407426278159,3.1076,107335.677829906
0.06374739713786333,3.1078,107335.680967289
0.09995397054934257,3.108,107335.68296821
0.16493961209515906,3.1082,107335.684180775
0.10164770939608647,3.1084,107335.686148355
0.11685826597506481,3.1086,107335.68785983
0.09596196829548885,3.1088,107335.689943989
0.07406609121767993,3.109,107335.69264428
0.18824858243654316,3.1092,107335.693706705
0.09957893055499495,3.1094,107335.695715162
0.12909114060967405,3.1096,107335.697264455
0.09638986183012979,3.1098,107335.699339362
0.11639844666511664,3.11,107335.701057598
0.06384735884543365,3.1102,107335.704190069
0.21261576884032293,3.1104,107335.705130733
0.08065761756815212,3.1106,107335.70761035
0.1556773999809376,3.1108,107335.708895058
0.14631990756937047,3.111,107335.710261926
0.2058386115528562,3.1112,107335.711233561
0.17468576274516706,3.1114,107335.712378474
0.115152781584196,3.1116,107335.714115297
0.0732054507561601,3.1118,107335.716847334
0.22493822453091597,3.112,107335.717736467
0.5417881260062167,3.1122,107335.718105615
0.28751577797099603,3.1124,107335.718801229
0.2966448006127386,3.1126,107335.719475436
0.07380604863861272,3.1128,107335.722185241
0.4269681574577135,3.113,107335.72265366
0.37611660390935153,3.1132,107335.72318541
0.09987395865089606,3.1134,107335.725187934
0.2852448574530372,3.1136,107335.725889086
0.11485242860751171,3.1138,107335.727630451
0.13860772709268487,3.114,107335.729073372
0.1399866175196754,3.1142,107335.73050208
0.2843251561617435,3.1144,107335.7312055
0.14073050343883078,3.1146,107335.732626656
0.10143618425106879,3.1148,107335.734598339
0.3917635573550321,3.115,107335.735108851
0.11857002245245796,3.1152,107335.736795618
0.20976145660048334,3.1154,107335.737749082
0.22075494118336997,3.1156,107335.738655064
0.12877048015450857,3.1158,107335.740208215
0.06746959970271564,3.116,107335.743172513
0.07695382884719154,3.1162,107335.745771474
0.30105293643952835,3.1164,107335.746435809
0.1645653041228471,3.1166,107335.747651132
0.10087229324525891,3.1168,107335.749633837
0.1420666436888365,3.117,107335.751041627
0.13877305097297457,3.1172,107335.752482829
0.16956366260544972,3.1174,107335.753662327
0.11408069501966896,3.1176,107335.755415472
0.16057447014021137,3.1178,107335.756661
0.3494847780394565,3.118,107335.757233271
0.1214230288991261,3.1182,107335.758880405
0.11992205100865767,3.1184,107335.760548155
0.1874136734833567,3.1186,107335.761615313
0.10208018971847606,3.1188,107335.763574557
0.23256517170262178,3.1189999999999998,107335.764434531
0.10692962748627868,3.1192,107335.76630492
0.14112264542736697,3.1194,107335.767722127
0.07938287745078804,3.1196,107335.770241562
0.2022447148663827,3.1198,107335.771230463
0.134284695935213,3.12,107335.772719836
0.13147255788101897,3.1202,107335.774241066
0.09838597768086282,3.1204,107335.776273876
0.08058222311546748,3.1206,107335.778755813
0.46970407349033066,3.1208,107335.779181613
0.21616316963297177,3.121,107335.78010684
0.05568186057653652,3.1212,107335.783698674
0.09517500757841953,3.1214,107335.785800066
0.10830592814614873,3.1216,107335.787646687
0.07384158226952159,3.1218,107335.790355188
0.17433690865655033,3.122,107335.791502392
0.10192859089301366,3.1222,107335.79346455
0.10089422554105738,3.1224,107335.795446824
0.1074704314070534,3.1226,107335.797307801
0.08634985741200638,3.1228,107335.79962396
0.13040691572599544,3.123,107335.801157621
0.10292031231698995,3.1232,107335.803100872
0.09966567110121961,3.1234,107335.805107581
0.11726505158992098,3.1236,107335.806813119
0.10837324144624313,3.1238,107335.808658593
0.10514218869712166,3.124,107335.810560779
0.08808031188100934,3.1242,107335.812831434
0.08911881548675361,3.1244,107335.815075629
0.09178791836063985,3.1246,107335.817254565
0.09315514610356884,3.1248,107335.819401521
0.13312335392817362,3.125,107335.820903887
0.11251194729946173,3.1252,107335.822681476
0.10827561325416794,3.1254,107335.824528614
0.09189774369261001,3.1256,107335.826704946
0.11025376526172523,3.1258,107335.828518943
0.07347908403710017,3.126,107335.831240806
0.09316304367986689,3.1262,107335.83338758
0.10313233573398599,3.1264,107335.835326836
0.0939455388232826,3.1266,107335.837455729
0.11703332190040168,3.1268,107335.839164644
0.06421294034315213,3.127,107335.842279281
0.23632365471174654,3.1272,107335.843125578
0.09159635526902239,3.1274,107335.845309071
0.11470211521356452,3.1276,107335.847052718
0.10042862940386245,3.1278,107335.849044182
0.07988869896111982,3.128,107335.851547665
0.09266887312860742,3.1282,107335.853705887
0.10476332643411435,3.1284,107335.855614952
0.39199929024310176,3.1286,107335.856125157
0.08828552601351473,3.1288,107335.858390534
0.10249713795741401,3.129,107335.860341808
0.12698428872705658,3.1292,107335.861916806
0.11603526096632313,3.1294,107335.86364042
0.09469132018603849,3.1296,107335.865752546
0.12476785342670871,3.1298,107335.867355523
0.10262136066744837,3.13,107335.869304435
0.10386297524180338,3.1302,107335.871230049
0.11768603405756052,3.1304,107335.872929486
0.09799185291925817,3.1306,107335.874970472
0.08235983967009747,3.1308,107335.87739884
0.08776591464078473,3.1310000000000002,107335.879677629
0.09557853652456497,3.1312,107335.881770149
0.103398715843461,3.1314,107335.883704409
0.1073600117171916,3.1316,107335.8855673
0.11210950940262442,3.1318,107335.88735127
0.10584054545443998,3.132,107335.889240905
0.10950485777094572,3.1322,107335.891067308
0.0871020195762043,3.1324,107335.893363466
0.10244841460317326,3.1326,107335.895315668
0.06336924789074096,3.1328,107335.898471773
0.1521558204727269,3.133,107335.899786215
0.1970338516483,3.1332,107335.900801269
0.10211959471942039,3.1334,107335.902759757
0.0836975918380006,3.1336,107335.905149312
0.09641430442244843,3.1338,107335.907223693
0.09440044850993613,3.134,107335.909342327
0.14679394673717194,3.1342,107335.910704781
0.10563917774952716,3.1344,107335.912598018
0.0710637350446564,3.1346,107335.915412393
0.2985070180133435,3.1348,107335.916082394
0.09862146922063932,3.135,107335.91811035
0.11748824217230339,3.1352,107335.919812648
0.09385599877493557,3.1354,107335.921943572
0.11548811090840726,3.1356,107335.923675352
0.0798137463012167,3.1358,107335.926181186
0.061568109064249255,3.136,107335.929429621
0.09221663868408811,3.1362,107335.931598427
0.0955682151992202,3.1364,107335.933691173
0.08283312507188054,3.1366,107335.936105666
0.09352367278968642,3.1368,107335.938244162
0.17815864133088846,3.137,107335.939366757
0.1088216247824015,3.1372,107335.941204627
0.08577024454789704,3.1374,107335.943536438
0.1412894367834541,3.1376,107335.944951972
0.0673794058033342,3.1378,107335.947920238
0.1486605312348223,3.138,107335.949265585
0.1096873095157984,3.1382,107335.95108895
0.1258631058809415,3.1384,107335.952677978
0.08904235806638516,3.1386,107335.9549241
0.07835553683485681,3.1388,107335.957476568
0.14463512210578516,3.1390000000000002,107335.958859358
0.10105904826598933,3.1391999999999998,107335.960838399
0.10027862440603308,3.1394,107335.962832842
0.061303715268045116,3.1396,107335.966095287
0.11928042862823673,3.1398,107335.967772008
0.12779699719400966,3.14,107335.96933699
0.10298464996408238,3.1402,107335.971279027
0.08809152329785029,3.1404,107335.973549393
0.10568087588951108,3.1406,107335.975441883
0.08285807297674534,3.1408,107335.977855649
0.13786866113632795,3.141,107335.979306305
0.09835656019670551,3.1412,107335.981339723
0.11206308758920952,3.1414,107335.983124432
0.08647167872218905,3.1416,107335.985437328
0.10131943208343971,3.1418,107335.987411283
0.10936557573885178,3.142,107335.989240012
0.10948669394506637,3.1422,107335.991066718
0.09807099258795919,3.1424,107335.993106057
0.08999320545600328,3.1426,107335.995328447
0.08079499011751991,3.1428,107335.997803848
0.12575002005984723,3.143,107335.999394305
0.09884934464254735,3.1432,107336.001417586
0.1135124028292363,3.1434,107336.003179508
0.0979763477649502,3.1436,107336.005220817
0.08176651613179256,3.1438,107336.007666806
0.12541787697070053,3.144,107336.009261475
0.11624054827659208,3.1442,107336.010982045
0.12004787475821434,3.1444,107336.012648047
0.09896188984316154,3.1446,107336.014669027
0.11685116518901179,3.1448,107336.016380606
0.09240073249112951,3.145,107336.018545091
0.09558470379941719,3.1452,107336.020637476
0.12210959025762118,3.1454,107336.022275349
0.06916959128013675,3.1456,107336.025166793
0.136918404758119,3.1458,107336.026627517
0.17892272373905627,3.146,107336.027745318
0.2273600554984842,3.1462,107336.02862498
0.10964244998684652,3.1464,107336.030449091
0.120247518130146,3.1466,107336.032112327
0.09370841676739218,3.1468,107336.034246607
0.1678993265235836,3.147,107336.035437797
0.31250147161934533,3.1471999999999998,107336.036077794
0.08810968587541684,3.1474,107336.038347692
0.23454357900660766,3.1476,107336.039200412
0.05218984665762208,3.1478,107336.043032575
0.18287704003058378,3.148,107336.044126206
0.21043859873833087,3.1482,107336.045076602
0.14795865078853374,3.1484,107336.046428331
0.06662760060838718,3.1486,107336.04943009
0.13028102351347226,3.1488,107336.050965233
0.1668419894325054,3.149,107336.052163972
0.4395411092938767,3.1492,107336.052618992
0.13655643023033529,3.1494,107336.054083588
0.17642611733849067,3.1496,107336.055217207
0.19335609046425029,3.1498,107336.056251568
0.26972717522764855,3.15,107336.056993058
0.24006260656874015,3.1502,107336.057826174
0.11984954117741199,3.1504,107336.059494933
0.08353664048155451,3.1506,107336.061889092
0.14791783449567122,3.1508,107336.063241194
0.1593217994384152,3.151,107336.064496515
0.1133270318100863,3.1512000000000002,107336.066261319
0.13458144223325197,3.1514,107336.067747408
0.1474878398032757,3.1516,107336.069103452
0.10680776662815257,3.1518,107336.070975975
0.14935504727674725,3.152,107336.072315066
0.4082115826641131,3.1522,107336.072805008
0.4102042470131996,3.1524,107336.07329257
0.08796904533131451,3.1526,107336.075566097
0.07835028785056027,3.1528,107336.078118736
0.28142852740497676,3.153,107336.078829396
0.1642536452115818,3.1532,107336.080047025
0.09269683370320726,3.1534,107336.082204596
0.15096686641111676,3.1536,107336.08352939
0.07677725931429925,3.1538,107336.086134328
0.3447895366014538,3.154,107336.086714392
0.3916408253334297,3.1542,107336.087225064
0.18285613975294657,3.1544,107336.08831882
0.07490552518946905,3.1546,107336.09098885
0.13192942880619504,3.1548,107336.092504812
0.13813766899691485,3.155,107336.093952643
0.37048494911490343,3.1552,107336.094492476
0.06267293801752452,3.1554,107336.097683646
0.1875924495593173,3.1556,107336.098749787
0.3596391321232094,3.1558,107336.0993059
1.9294218930123603,3.156,107336.099409558
0.12199443809060427,3.1562,107336.101048977
0.134516268730263,3.1564,107336.102535786
0.13101669709366248,3.1566,107336.104062309
0.1646074274852409,3.1568,107336.105277321
0.12372218198618758,3.157,107336.106893846
0.13241095848911325,3.1572,107336.108404295
0.1344298317561116,3.1574,107336.10989206
0.16611516528184117,3.1576,107336.111096044
0.14722770232858373,3.1578,107336.112454484
0.15177627630169865,3.158,107336.113772213
0.17973246711665886,3.1582,107336.114884978
0.13892332980164931,3.1584,107336.116324621
0.26875868556209653,3.1586,107336.117068783
0.06924471660753406,3.1588,107336.11995709
0.17496435248831382,3.159,107336.12110018
0.16544773046670572,3.1592000000000002,107336.122309021
0.22809516445635505,3.1593999999999998,107336.123185848
0.12088470676869978,3.1596,107336.124840317
0.3546816187509111,3.1598,107336.125404203
0.156211802075622,3.16,107336.126684516
0.1807234910216334,3.1602,107336.127791179
0.1717382399795083,3.1604,107336.128955742
0.15074066389460497,3.1606,107336.130282524
0.1173921105392353,3.1608,107336.131986216
0.20965261708145938,3.161,107336.132940175
0.136121186049232,3.1612,107336.134409454
0.16847070675750644,3.1614,107336.135596604
0.16741893506736144,3.1616,107336.136791212
0.1233391610022877,3.1618,107336.138412757
0.17188539513041975,3.162,107336.139576323
0.14508323688611557,3.1622,107336.140954842
0.15774475603668936,3.1624,107336.142222713
0.14335376119679197,3.1626,107336.143617863
0.11128527198491528,3.1628,107336.145415046
0.11113123873016623,3.163,107336.14721472
0.09352966428582375,3.1632,107336.149353079
0.14246160843147168,3.1634,107336.150756966
0.12241055786986699,3.1636,107336.152390812
0.08229666980911217,3.1638,107336.154821044
0.1827400222469919,3.164,107336.155915495
0.47391791472317646,3.1642,107336.156337509
0.14620118213659938,3.1644,107336.157705487
0.12338032441748235,3.1646,107336.159326491
0.08655629303678848,3.1648,107336.161637126
0.16190412179295532,3.165,107336.162872425
0.11851760584678504,3.1652,107336.164559938
0.10390851912621558,3.1654,107336.166484708
0.08894878086592625,3.1656,107336.168733193
0.09710576307096153,3.1658,107336.170792803
0.06502367015019132,3.166,107336.173868606
0.06753234124174233,3.1662,107336.17683015
0.09291771853785397,3.1664,107336.178982592
0.1036363402327215,3.1666,107336.180912417
0.10558563840005662,3.1668,107336.182806614
0.11030727791113798,3.167,107336.184619731
0.08044987549548542,3.1672,107336.187105751
0.08543065572262348,3.1673999999999998,107336.189446831
0.10290728584361289,3.1676,107336.191390328
0.0814983634898361,3.1678,107336.193844365
0.10863035582852563,3.168,107336.195685471
0.08987600702944075,3.1682,107336.197910759
0.11681894976906268,3.1684,107336.19962281
0.10462089554309982,3.1686,107336.201534474
0.07719155521324718,3.1688,107336.204125431
0.15405709371118087,3.169,107336.205423651
0.12394576396523344,3.1692,107336.20703726
0.08639084937936456,3.1694,107336.20935232
0.06632498237601159,3.1696,107336.212367775
0.1736380922425339,3.1698,107336.213519596
0.1902962246528073,3.17,107336.214570589
0.07098295054014794,3.1702,107336.217388167
0.1458493473351027,3.1704,107336.218759445
0.11818102765427427,3.1706,107336.220451764
0.10354791464370168,3.1708,107336.222383237
0.09500009692377463,3.171,107336.224488498
0.10830399248244858,3.1712,107336.226335152
0.10087992455519519,3.1714,107336.228317707
0.09701786488594107,3.1716,107336.230379183
0.09563877629392067,3.1718,107336.232470385
0.13271699557873956,3.172,107336.233977351
0.14946554944231097,3.1722,107336.235315452
0.13708197692505456,3.1724,107336.236774433
0.12491802280675163,3.1726,107336.238375483
0.08437665060515559,3.1728,107336.240745807
0.307486995010983,3.173,107336.241396241
0.15423339898288546,3.1732,107336.242692977
0.14336352273058778,3.1734,107336.244088032
0.15830249216481915,3.1736,107336.245351436
0.07713436549148382,3.1738,107336.247944314
0.1311680115278939,3.174,107336.249469076
0.2119146944840098,3.1742,107336.250412852
0.23470872453158245,3.1744,107336.251264972
0.28143962104960957,3.1746,107336.251975604
0.1293841825879128,3.1748,107336.253521388
0.1846272013686816,3.175,107336.254604652
0.1439771819067753,3.1752,107336.255993761
0.15537432096923662,3.1754,107336.257280975
0.114198335929036,3.1756,107336.259032314
0.11882891780795607,3.1758,107336.260715406
0.13809684546280118,3.176,107336.262163665
0.10436136597249646,3.1762,107336.264080083
0.12618105454891937,3.1764,107336.265665107
0.13974267718442845,3.1766,107336.267096309
0.10270393825149568,3.1768,107336.269043654
0.32640537588804147,3.177,107336.269656389
0.14937624235373978,3.1772,107336.27099529
0.14099102640472522,3.1774,107336.27241382
0.0978381675563168,3.1776,107336.274458012
0.0790044493697073,3.1778,107336.276989515
0.1442694376042736,3.178,107336.27837581
0.14142991328006627,3.1782,107336.279789938
0.13472368120596107,3.1784,107336.281274458
0.10771010497284261,3.1786,107336.283131294
0.14090679077274212,3.1788,107336.284550672
0.12144920497395265,3.179,107336.286197451
0.0927688534248615,3.1792,107336.288353347
0.14195925117937908,3.1794000000000002,107336.289762202
0.05523683882147291,3.1796,107336.293382974
0.13261509017603867,3.1798,107336.294891098
0.12441617777482222,3.18,107336.296498606
0.09524376464905324,3.1802,107336.298598481
0.12123680929632379,3.1804,107336.300248145
0.0973009681626138,3.1806,107336.302303623
0.06754814761235747,3.1808,107336.305264474
0.19479488550679705,3.181,107336.306291195
0.10249335590708882,3.1812,107336.308242541
0.11000936741377411,3.1814,107336.310060568
0.09996031556308568,3.1816,107336.312061362
0.07185923936864802,3.1818,107336.314844581
0.0953393819768855,3.182,107336.31694235
0.07970169249780353,3.1822,107336.319451707
0.11500088763386798,3.1824,107336.321190824
0.11985255744709185,3.1826,107336.322859541
0.08921191536758985,3.1828,107336.325101394
0.11126546156391004,3.183,107336.326898897
0.07869250799592444,3.1832,107336.329440435
0.08475779404665261,3.1834,107336.3318001
0.057920229402388286,3.1836,107336.335253125
0.12009833656768684,3.1838,107336.336918427
0.31716329031262275,3.184,107336.337549017
0.10694575270158348,3.1842,107336.339419124
0.0893979003431821,3.1844,107336.341656313
0.10410268713924885,3.1846,107336.343577493
0.06598062210223787,3.1848,107336.346608686
0.13204048104525906,3.185,107336.348123373
0.1517638373636964,3.1852,107336.34944121
0.14002297811681624,3.1854,107336.350869547
0.09536497602024066,3.1856,107336.352966753
0.07128035906819974,3.1858,107336.355772575
0.08046628593090718,3.186,107336.358258088
0.09104653004781607,3.1862,107336.360454767
0.09577016692962309,3.1864,107336.3625431
0.14952454875503476,3.1866,107336.363880673
0.09916984915770458,3.1868,107336.365897415
0.11943321821460201,3.187,107336.367571991
0.1485480174281796,3.1872,107336.368918357
0.15470440610068373,3.1874000000000002,107336.370211145
0.1356766494716919,3.1875999999999998,107336.371685238
0.07055868372897024,3.1878,107336.374519758
0.2792048222517554,3.188,107336.375236078
0.11391273135227788,3.1882,107336.376991808
0.2318020878672623,3.1884,107336.377854613
0.13403100997590228,3.1886,107336.379346805
0.0711144488776769,3.1888,107336.382159173
0.11764934231127305,3.189,107336.38385914
0.1615775124900637,3.1892,107336.385096936
0.2851009129293333,3.1894,107336.385798442
0.26146251623972505,3.1896,107336.38656337
0.144490609607396,3.1898,107336.387947543
0.16654522668219396,3.19,107336.389148418
0.21271277993960958,3.1902,107336.390088653
0.09635814375923174,3.1904,107336.392164243
0.17560048851138071,3.1906,107336.393303192
0.11802968370559286,3.1908,107336.394997681
0.14622694267891573,3.191,107336.396365418
0.13854205300643269,3.1912,107336.397809023
0.2351729318274523,3.1914,107336.398659461
0.06875623760236031,3.1916,107336.401568288
0.08689369381094944,3.1918,107336.403869951
0.12120338012555339,3.192,107336.40552007
0.06931945254121069,3.1922,107336.408405263
0.10675383503061096,3.1924,107336.410278732
2.497315392257843,3.1926,107336.410358818
0.14938617236102694,3.1928,107336.41169763
3.6310156583983164,3.193,107336.411752711
0.17144410043620265,3.1932,107336.412919272
0.09259315011354663,3.1934,107336.415079259
1.6627038847729796,3.1936,107336.415199545
0.12405570269108226,3.1938,107336.416811724
0.37816119390003755,3.194,107336.417340599
0.14122807736667894,3.1942,107336.418756748
0.10901172675135297,3.1944,107336.420591413
0.22460024026719275,3.1946,107336.421481884
0.22416599140494473,3.1948,107336.42237408
0.15905761427059587,3.195,107336.423631486
0.17257908367014474,3.1952,107336.424790375
0.08282036429425947,3.1954,107336.42720524
0.5236808638909574,3.1955999999999998,107336.427587152
3.964791822966833,3.1958,107336.427637596
0.34907974211889425,3.196,107336.428210531
0.08510739712139925,3.1962,107336.430560503
0.1472605487871408,3.1964,107336.43191864
0.1474266299916371,3.1966,107336.433275247
0.14191966233931094,3.1968,107336.434684495
0.1651769085586397,3.197,107336.435895318
0.09981120728477531,3.1972,107336.437899101
0.3593858134193573,3.1974,107336.438455606
0.16083841814958444,3.1976,107336.43969909
0.1372062064677674,3.1978,107336.44115675
0.16443987781151215,3.198,107336.442373
0.15427253885130454,3.1982,107336.443669407
0.15946954145345046,3.1984,107336.444923565
0.14960172153879306,3.1986,107336.446260448
0.11066892779994428,3.1988,107336.44806764
0.1471689837377301,3.199,107336.449426622
0.15858592143914504,3.1992,107336.450687768
0.12955280966023466,3.1994,107336.45223154
0.19588235657375097,3.1996,107336.453252561
0.10056355786858896,3.1998,107336.455241353
0.21822911578694823,3.2,107336.456157821
0.12071805539086582,3.2002,107336.457814574
0.12813982581054173,3.2004,107336.459375369
0.13463308157485313,3.2006,107336.460860888
0.07817981748183363,3.2008,107336.463419093
0.09022363682839055,3.201,107336.465635807
0.24610144687584756,3.2012,107336.46644848
0.13100553996562972,3.2014,107336.467975133
0.3589923018550224,3.2016,107336.468532248
0.16263269871030703,3.2018,107336.469762013
0.13533411284168714,3.202,107336.471239837
0.16153758040694177,3.2022,107336.472477939
0.2159486716266391,3.2024,107336.473404085
0.16456760761800662,3.2026,107336.474619391
0.2517765983593817,3.2028,107336.475413746
0.40019448910750144,3.203,107336.475913503
0.19644050001060515,3.2032,107336.476931623
0.13953004844907663,3.2034,107336.478365006
0.14473256587138922,3.2036,107336.479746865
0.05683182472123395,3.2038,107336.48326602
0.10891027676764205,3.204,107336.485102394
0.06964258713924552,3.2042,107336.4879742
0.10681170279394456,3.2044,107336.489846654
0.14224123814570291,3.2046,107336.491252716
0.10290368534190221,3.2048,107336.493196281
0.4075145661384806,3.205,107336.493687061
0.1163204578808784,3.2052,107336.495406449
0.13945085700477558,3.2054,107336.496840646
0.17328409610812714,3.2056,107336.49799482
0.10352974367778073,3.2058,107336.499926632
0.15477456185028998,3.206,107336.501218834
0.17325467649621926,3.2062,107336.502373204
0.15744597393063037,3.2064,107336.503643481
0.1343648076023695,3.2066,107336.505131966
0.11726374392009424,3.2068,107336.506837523
0.12302438221645103,3.207,107336.508463217
0.07303697614454904,3.2072,107336.511201556
0.4282215126989797,3.2074,107336.511668604
0.36600742345692977,3.2076000000000002,107336.512215041
0.0781766699325573,3.2078,107336.514773349
0.17810787153755947,3.208,107336.515896264
0.13115227037863328,3.2082,107336.517421209
0.15074282313206253,3.2084,107336.518747972
0.1345812603724859,3.2086,107336.520234063
0.20117101843601348,3.2088,107336.521228242
0.15661032496523514,3.209,107336.522505297
0.19108475161543875,3.2092,107336.523551953
0.11929159855698845,3.2094,107336.525228517
0.12179533636574913,3.2096,107336.526870616
0.07515714422134463,3.2098,107336.529531707
0.14738306577982885,3.21,107336.530888715
0.20994355718580504,3.2102,107336.531841352
0.172941563189703,3.2104,107336.532997812
0.11524607645668147,3.2106,107336.534733229
0.21986284874095866,3.2108,107336.535642887
0.21134700878424592,3.211,107336.536589198
0.1442783882272147,3.2112,107336.537975407
0.17924825140914843,3.2114,107336.539091178
0.19318202735087706,3.2116,107336.540126471
0.10064974391518638,3.2118,107336.54211356
0.1469217331812218,3.212,107336.543474829
0.5115246459951356,3.2122,107336.543865817
0.09837402507995929,3.2124,107336.545898874
0.10228159535170135,3.2126,107336.54785426
0.1407988649459634,3.2128,107336.549274726
0.1709137304535952,3.213,107336.550444907
0.10612258342910025,3.2132,107336.55232952
0.16307946092048717,3.2134,107336.553555916
0.11319451992362249,3.2136,107336.555322786
0.25110328243486985,3.2138,107336.556119271
0.23878857635367148,3.214,107336.556956832
0.12696397482667365,3.2142,107336.558532082
0.11210297306785895,3.2144,107336.560316156
0.09107754312665163,3.2146,107336.562512087
0.09619394226073168,3.2148,107336.56459122
0.09663782498661348,3.215,107336.566660803
0.19833950225062336,3.2152,107336.567669175
0.15365314128092988,3.2154,107336.568970808
0.05996613121339085,3.2156000000000002,107336.572306024
0.1598567678405183,3.2157999999999998,107336.573557144
0.15797176850625377,3.216,107336.574823193
0.0810878422020374,3.2162,107336.577289654
0.15724605495142166,3.2164,107336.578561546
0.2883498059561071,3.2166,107336.579255148
0.12169247423445927,3.2168,107336.580898635
0.16631643238466115,3.217,107336.582101162
0.19686531351001918,3.2172,107336.583117085
0.15249353625304557,3.2174,107336.584428616
0.12054132683243517,3.2176,107336.586087798
0.09292928925299601,3.2178,107336.588239972
0.21657350416673146,3.218,107336.589163446
0.31725233717307194,3.2182,107336.589793859
0.16730941426588372,3.2184,107336.590989249
0.10235964573103394,3.2186,107336.592943144
0.13027856228699697,3.2188,107336.594478316
0.1612060782191651,3.219,107336.595718964
0.14946443114429298,3.2192,107336.597057075
0.13063229379402333,3.2194,107336.59858809
0.19915101881647299,3.2196,107336.599592353
0.09792295625634811,3.2198,107336.601634775
0.2646451278449132,3.22,107336.602390504
0.11579877486927788,3.2202,107336.604117638
0.2580758382054686,3.2204,107336.604892604
0.1543084847610845,3.2206,107336.606188709
0.11568115971850416,3.2208,107336.607917599
0.1500536076403294,3.221,107336.609250456
0.06537902657679326,3.2212,107336.612309541
0.10642311395069508,3.2214,107336.614188832
0.0851977076534103,3.2216,107336.616536313
0.06870677697533631,3.2218,107336.619447234
0.13525851319961002,3.222,107336.620925884
0.09482834625762426,3.2222,107336.623034958
0.12212681438938947,3.2224,107336.6246726
0.10278363788389408,3.2226,107336.626618435
0.09329106586321671,3.2228,107336.628762263
0.12500929774826913,3.223,107336.630362144
0.08279982652869583,3.2232,107336.632777608
0.072598048148785,3.2234,107336.635532503
0.08188334990027205,3.2236,107336.637975002
0.07657785783522501,3.2237999999999998,107336.640586723
0.1332495645116188,3.224,107336.642087666
0.16259818915770227,3.2242,107336.643317692
0.45402537980230673,3.2244,107336.643758196
0.14106978937176268,3.2246,107336.645175934
0.09238024630195904,3.2248,107336.647340899
0.16987648211157588,3.225,107336.648518225
0.12789073004284796,3.2252,107336.65008206
0.014024662226921628,3.2254,107336.664342653
0.03372519767762282,3.2256,107336.670272937
0.014955500650810787,3.2258,107336.683645943
1.6527559466956279,3.226,107336.683766953
2.178483122444156,3.2262,107336.68385876
2.515501980844498,3.2264,107336.683938267
1.8034752523097999,3.2266,107336.684049164
2.4734722129445585,3.2268,107336.684130022
2.7280659558632103,3.227,107336.684203334
0.026588867662426477,3.2272,107336.691725279
1.4206865850150006,3.2274,107336.691866056
1.611954373180657,3.2276,107336.691990129
1.4937410910097821,3.2278000000000002,107336.692124021
0.028179182433964632,3.228,107336.699221459
1.4212014959540313,3.2282,107336.699362185
1.699740837907686,3.2284,107336.69947985
2.265185145717498,3.2286,107336.699568143
2.035975798486411,3.2288,107336.699666376
1.2299441551701706,3.229,107336.699828985
0.023990546764466093,3.2292,107336.708165602
2.4057836128196626,3.2294,107336.708248735
4.151444089855552,3.2296,107336.708296911
4.927079226846508,3.2298,107336.708337503
0.13360410418133953,3.23,107336.709834463
4.315274709075768,3.2302,107336.70988081
5.318441537406019,3.2304,107336.709918415
5.353176543684374,3.2306,107336.709955776
0.13065004278477826,3.2308,107336.711486583
5.334613438328343,3.231,107336.711524074
5.850689367150363,3.2312,107336.711558258
5.656589766202313,3.2314,107336.711593615
0.0162242371190859,3.2316,107336.723920851
0.14006279034166447,3.2318,107336.725348782
0.022932994722511084,3.232,107336.734069841
2.476289642907898,3.2322,107336.734150607
4.673223878233602,3.2324,107336.734193404
4.984796091924375,3.2326,107336.734233526
5.2841564248312975,3.2328,107336.734271375
5.712817086706496,3.233,107336.734306384
5.973357573712891,3.2332,107336.734339866
0.03324720646457007,3.2334,107336.740355409
0.028762903233533057,3.2336,107336.74730881
2.127817955489265,3.2338,107336.747402803
4.3312537276194485,3.234,107336.747448979
5.1099937303939065,3.2342,107336.747488118
0.04238740260734192,3.2344,107336.752206501
2.4856762084031265,3.2346,107336.752286962
4.819044398098204,3.2348,107336.752328464
0.02241320264581732,3.235,107336.761251776
0.4958927738880767,3.2352,107336.761655089
0.7897116150029161,3.2354,107336.761908346
1.1599447492097046,3.2356,107336.762080768
0.016049223627700976,3.2358000000000002,107336.77454243
1.6344808815379994,3.2359999999999998,107336.774664793
0.02612266737924654,3.2362,107336.782320979
1.6307493693551438,3.2364,107336.782443622
2.3006486102762116,3.2366,107336.782530554
2.601152235031808,3.2368,107336.782607443
0.031707092418887875,3.237,107336.78891518
1.0943733261350097,3.2372,107336.789097933
2.465695967397181,3.2374,107336.789179046
4.491858068492365,3.2376,107336.789223571
4.951475725802914,3.2378,107336.789263963
5.295068370316449,3.238,107336.789301734
0.023177028231928923,3.2382,107336.797930968
1.856131099602434,3.2384,107336.798038719
3.006479456011744,3.2386,107336.798105242
3.471498549329548,3.2388,107336.798162854
0.033871873559193806,3.239,107336.804067458
1.912319982546119,3.2392,107336.804172043
3.232584470775155,3.2394,107336.804233913
0.014339560369476199,3.2396,107336.818181342
2.596087582204743,3.2398,107336.818258381
4.697922817034955,3.24,107336.818300953
5.436407255506555,3.2402,107336.818337742
0.08570713534857066,3.2404,107336.82067127
2.4307834874542364,3.2406,107336.820753548
0.01417974199036513,3.2408,107336.834858177
1.5325200062842816,3.241,107336.834988681
1.5434599873928643,3.2412,107336.83511826
2.4411380626833195,3.2414,107336.835200189
2.2098472642397855,3.2416,107336.835290693
0.6097672532614848,3.2418,107336.835618687
1.5408201439998968,3.242,107336.835748488
0.02241060074360173,3.2422,107336.844672836
1.4527914597534894,3.2424,107336.844810502
0.02294694016659917,3.2426,107336.853526261
2.33146422584815,3.2428,107336.853612044
4.174667722652965,3.243,107336.853659952
4.890813586914016,3.2432,107336.853700845
5.123343016912486,3.2434,107336.853739882
4.981197267713661,3.2436,107336.853780033
2.4534455601380762,3.2438,107336.853861551
0.024197660068803546,3.2439999999999998,107336.862126813
0.8450192179534137,3.2442,107336.862363494
1.4708803128596615,3.2444,107336.862499467
3.3057846011894294,3.2446,107336.862559967
0.013534339021092827,3.2448,107336.877337194
1.68898950213245,3.245,107336.877455608
1.8781812206136996,3.2452,107336.877562094
2.4982822991785794,3.2454,107336.877642149
0.06791494341248884,3.2456,107336.880587009
1.5965132168346639,3.2458,107336.880712282
2.1596872306574975,3.246,107336.880804888
0.014103534894663951,3.2462,107336.89498573
1.1481319863284447,3.2464,107336.895159926
1.8922907903635193,3.2466,107336.895265618
2.636400899267865,3.2468,107336.895341479
2.679959322025671,3.247,107336.895416107
2.725947081871359,3.2472,107336.895489476
2.9240619638634944,3.2474,107336.895557874
0.151451816188752,3.2476,107336.896878426
2.459813026154771,3.2478,107336.896959733
0.14514546499953204,3.248,107336.898337661
1.844763195942146,3.2482,107336.898446076
1.2418965584816728,3.2484,107336.89860712
2.6081739753338353,3.2486,107336.898683802
2.69229736306006,3.2488,107336.898758088
2.977564398595977,3.249,107336.898825257
2.9563497035558175,3.2492,107336.898892908
3.0469222386443944,3.2494,107336.898958548
1.6690033393919952,3.2496,107336.89907838
0.03131802370226076,3.2498,107336.905464479
0.03339115009126365,3.25,107336.91145409
0.02835209676594487,3.2502,107336.918508242
1.5122187464837387,3.2504,107336.918640498
2.4268899738871585,3.2506,107336.918722908
0.009402898545591478,3.2508,107336.939992945
1.1270462697837107,3.251,107336.9401704
2.0820538058667717,3.2512,107336.940266459
2.1057728933604962,3.2514,107336.940361436
0.04189438891349491,3.2516,107336.945135345
1.3592312518788225,3.2518000000000002,107336.945282487
2.6314405058377814,3.252,107336.945358491
2.889212720795322,3.2522,107336.945427714
2.930918665150546,3.2524,107336.945495952
0.03482914035768316,3.2526,107336.95123827
2.0185710756710673,3.2528,107336.95133735
2.7040178397279764,3.253,107336.951411314
2.7606770353265477,3.2532,107336.95148376
2.8967032777000385,3.2534,107336.951552804
2.869728962057753,3.2536,107336.951622497
2.7395386057225948,3.2538,107336.951695502
2.8354315591461385,3.254,107336.951766038
2.790139539952038,3.2542,107336.951837719
2.819362948603157,3.2544,107336.951908657
2.633693005943194,3.2546,107336.951984596
1.9222266204397975,3.2548,107336.952088642
0.016195673549046215,3.255,107336.964437619
0.07198408265619771,3.2552,107336.967216011
2.355796014896356,3.2554,107336.967300908
4.470472456553236,3.2556,107336.967345646
0.02166813196033596,3.2558,107336.976575791
2.5945389197448114,3.2560000000000002,107336.976652876
3.6467070062382323,3.2561999999999998,107336.97670772
4.842262502102124,3.2564,107336.976749023
5.042482189269339,3.2566,107336.976788686
5.385610681019452,3.2568,107336.976825822
0.020147960582435134,3.257,107336.986752385
0.02582237152357544,3.2572,107336.994497607
1.4686013386127965,3.2574,107336.994633791
1.9875380742394633,3.2576,107336.994734418
2.569571019564801,3.2578,107336.994812252
2.80812084066888,3.258,107336.994883474
0.13355137835369763,3.2582,107336.996381025
1.9344793372272562,3.2584,107336.996484412
2.3917434360897216,3.2586,107336.996568033
2.6679477236662366,3.2588,107336.996642997
2.56894375817025,3.259,107336.99672085
0.028801557133337242,3.2592,107337.003664919
1.4285816362247246,3.2594,107337.003804918
2.426477789402314,3.2596,107337.003887342
2.735528715447811,3.2598,107337.003960454
0.10163180066100429,3.26,107337.005928342
0.15478558341988943,3.2602,107337.007220452
1.5732916762573421,3.2604,107337.007347574
2.15726482152963,3.2606,107337.007440284
2.378488797914045,3.2608,107337.007524371
0.11696994030239502,3.261,107337.009234212
0.5731381779863008,3.2612,107337.009583168
0.03317984331476673,3.2614,107337.015610924
0.03985550791523245,3.2616,107337.020629051
0.09251438337131285,3.2618,107337.022790877
0.09112655234125837,3.262,107337.024985627
1.4639358559433635,3.2622,107337.025122245
2.373746575269097,3.2624,107337.0252065
0.19872971857260896,3.2626,107337.026212892
0.3135410558766739,3.2628,107337.026850767
2.2099446250933994,3.263,107337.026941267
0.20518755145233458,3.2632,107337.027915985
0.03750050156265509,3.2634,107337.033249247
0.09808219899794031,3.2636,107337.035288353
0.0293466367775354,3.2638,107337.042103444
1.5547746444493822,3.2640000000000002,107337.04223208
0.033586993507734204,3.2641999999999998,107337.048186766
0.0379147853227874,3.2644,107337.053461753
1.9370274333315134,3.2646,107337.053565004
2.479974172849685,3.2648,107337.05364565
2.75991477356809,3.265,107337.053718116
2.7156943088142746,3.2652,107337.053791762
0.0395771263212706,3.2654,107337.058845186
1.812316401311208,3.2656,107337.058955542
1.7759781550954106,3.2658,107337.059068156
2.269632428247509,3.266,107337.059156276
0.04107927576660997,3.2662,107337.064024911
1.9549578696825867,3.2664,107337.064127215
2.4819747284504095,3.2666,107337.064207796
0.03890599447315104,3.2668,107337.069348392
2.2460552940401106,3.267,107337.069437437
2.734855917961356,3.2672,107337.069510567
2.7064331340510805,3.2674,107337.069584465
0.03149692108307838,3.2676,107337.075934292
1.5274171857966998,3.2678,107337.076065232
2.206604442302086,3.268,107337.076155869
2.4014505520423675,3.2682,107337.076239152
0.04171549982217202,3.2684,107337.081033533
2.0212023962252297,3.2686,107337.081132484
2.4699285787682084,3.2688,107337.081213458
2.7536072443819966,3.269,107337.08128609
0.026060679430519772,3.2692,107337.088960487
1.113120911185046,3.2694,107337.089140162
2.162115426316827,3.2696,107337.089232664
2.631648096951712,3.2698,107337.089308662
0.024152637938724106,3.27,107337.097589331
1.5643209353579615,3.2702,107337.097717182
2.5942357747155005,3.2704,107337.097794276
2.7153986735457987,3.2706,107337.09786793
0.041316244652910755,3.2708,107337.102708641
1.8861874483313257,3.271,107337.102814675
2.57625741536253,3.2712,107337.102892307
2.4334156955442494,3.2714,107337.102974496
1.9326472571567463,3.2716,107337.103077981
1.3119054461766253,3.2718,107337.103230431
0.03525282624123867,3.2720000000000002,107337.108903735
1.3193917453262676,3.2721999999999998,107337.10905532
2.0658384832729544,3.2724,107337.109152133
2.49124917542876,3.2726,107337.109232414
2.459601286575705,3.2728,107337.109313728
2.83808685123977,3.273,107337.109384198
0.0472619945502368,3.2732,107337.113615928
2.1774632339882176,3.2734,107337.113707778
2.6595742882379096,3.2736,107337.113782978
2.7807904163970942,3.2738,107337.1138549
0.16141919733996526,3.274,107337.11509391
1.8905200300084495,3.2742,107337.115199701
2.76376697776009,3.2744,107337.115272066
2.3035104914436415,3.2746,107337.11535889
0.45165793299783913,3.2748,107337.115801703
2.5798461028988924,3.275,107337.115879227
2.9583172735916485,3.2752,107337.115946833
2.0429843595748953,3.2754,107337.116044729
0.04946278467607109,3.2756,107337.120088173
0.15971596172266372,3.2758,107337.121340396
0.582942521794386,3.276,107337.121683483
2.630090954922991,3.2762000000000002,107337.121759526
0.04578445360306745,3.2763999999999998,107337.126127821
0.146730621668332,3.2766,107337.127490863
0.0500465182258488,3.2768,107337.131487145
0.05151227147050273,3.277,107337.135369715
0.13950532872186575,3.2772,107337.136803352
2.043944752275919,3.2774,107337.136901202
2.6837349946161817,3.2776,107337.136975725
0.04379420757543876,3.2778,107337.141542539
1.8881996169715167,3.278,107337.14164846
4.243941852612831,3.2782,107337.141695586
0.025849241305634367,3.2784,107337.149432757
0.04547360301663303,3.2786,107337.153830913
2.4132436086832634,3.2788,107337.153913789
4.225203898136422,3.279,107337.153961124
0.07560384782287555,3.2792,107337.156606492
4.281739397348843,3.2794,107337.156653202
5.08724534789579,3.2796,107337.156692516
5.457920536773133,3.2798,107337.15672916
5.0491010251211605,3.2800000000000002,107337.156768771
5.220024074873569,3.2802,107337.156807085
0.036278803352057624,3.2804,107337.162319946
2.4967229076431634,3.2806,107337.162400051
4.9941316860513485,3.2808,107337.162440098
0.03731779820229176,3.281,107337.167799471
1.6147523681548865,3.2812,107337.167923329
0.03837952446161238,3.2814,107337.173134441
1.6854877646929427,3.2816,107337.173253101
2.6279139487764134,3.2818,107337.173329207
2.822426912817371,3.282,107337.173400068
0.12043237608988766,3.2822,107337.175060751
0.6552715119493793,3.2824,107337.175365968
4.015337909209108,3.2826,107337.175415777
5.120197532644483,3.2828,107337.175454838
0.04575812979718785,3.283,107337.179825646
1.79341644482997,3.2832,107337.179937165
1.824467881235381,3.2834,107337.180046786
2.368489636434501,3.2836,107337.180131228
0.015793496878397418,3.2838,107337.192794668
1.561377620325884,3.284,107337.19292276
0.08678864256148705,3.2842000000000002,107337.195227209
1.878622273102141,3.2843999999999998,107337.19533367
2.2681394525644336,3.2846,107337.195421848
0.03933974531946059,3.2848,107337.200505765
1.9769486588102814,3.285,107337.200606931
2.5693399634671037,3.2852,107337.200684772
2.768243140609954,3.2854,107337.20075702
2.7772761445032157,3.2856,107337.200829033
2.2367360569835775,3.2858,107337.200918449
2.791385663655469,3.286,107337.200990098
1.9186493392026553,3.2862,107337.201094338
2.7452541630942844,3.2864,107337.201167191
0.11765993183015935,3.2866,107337.202867005
2.022326594871145,3.2868,107337.202965901
0.10739811959494071,3.287,107337.204828131
2.415109051895277,3.2872,107337.204910943
4.360908318121066,3.2874,107337.204956805
0.03668034780717541,3.2876,107337.210409316
2.509158451933565,3.2878,107337.210489024
0.01696931871365491,3.288,107337.222275001
1.9798842783398645,3.2882,107337.222376017
0.040065033610076274,3.2884,107337.227367901
2.816980418967229,3.2886,107337.227438899
4.385676797409957,3.2888,107337.227484502
4.682086606043387,3.289,107337.227527218
0.041680690403674545,3.2892,107337.232325603
3.161706107517342,3.2894,107337.23238886
4.908456919676436,3.2896,107337.232429606
5.119017064959751,3.2898,107337.232468676
4.9415648841321085,3.29,107337.232509149
5.243564089247516,3.2902,107337.232547291
5.244526516922727,3.2904,107337.232585426
5.360636754886094,3.2906,107337.232622735
0.025947505608719487,3.2908,107337.240330605
3.6846657454570644,3.291,107337.240384884
3.61853432110063,3.2912,107337.240440155
4.729697435812206,3.2914,107337.240482441
0.11721742300495656,3.2916,107337.242188672
4.57310040440786,3.2918,107337.242232406
5.185512655138706,3.292,107337.242270975
5.628886823139637,3.2922000000000002,107337.242306506
0.042955658562447714,3.2923999999999998,107337.24696247
2.554833009279186,3.2926,107337.247040753
5.078205982677099,3.2928,107337.247080137
0.02200932358365371,3.293,107337.256167195
0.5967708540174868,3.2932,107337.256502332
2.9685041871689157,3.2934,107337.256569706
0.02580608537399343,3.2936,107337.264319816
2.5919158064501717,3.2938,107337.264396979
4.594109890179911,3.294,107337.264440513
5.353174458650458,3.2942,107337.264477874
5.551548054014295,3.2944,107337.2645139
0.01558890802274888,3.2946,107337.277343535
0.03765900335696645,3.2948,107337.28265435
1.5358505890282717,3.295,107337.282784571
2.3225565058098976,3.2952,107337.282870683
0.03514977409307678,3.2954,107337.28856062
2.159920402177992,3.2956,107337.288653216
2.8082396116815986,3.2958,107337.288724435
2.8464887819649385,3.296,107337.288794697
2.11237855685798,3.2962,107337.288889377
2.732427132513984,3.2964,107337.288962572
1.5041552657236772,3.2965999999999998,107337.289095537
2.6918987112963664,3.2968,107337.289169834
0.0378819948880926,3.297,107337.294449387
2.0044296931449828,3.2972,107337.294549166
2.501532591191511,3.2974,107337.294629117
2.717095561515972,3.2976,107337.294702725
0.03995106801973285,3.2978,107337.299708849
2.1489432505482218,3.298,107337.299801918
2.475584460905765,3.2982,107337.299882707
2.8566935240024125,3.2984,107337.299952718
0.041209609188551356,3.2986,107337.304805955
2.205412246613708,3.2988,107337.304896641
2.7615534634509284,3.299,107337.304969064
1.9554738385370836,3.2992,107337.305071341
2.6202360531895357,3.2994,107337.30514767
0.023766543154286644,3.2996,107337.313562861
1.772766740248546,3.2998,107337.313675679
2.3350029956017013,3.3,107337.313761332
0.038813856314536814,3.3002000000000002,107337.318914131
1.2726127146467383,3.3004,107337.319071288
2.1456005482733365,3.3006,107337.319164502
0.01697103365672827,3.3008,107337.330949288
1.1473811016610844,3.301,107337.331123598
2.123412773512524,3.3012,107337.331217786
2.2198543689499846,3.3014,107337.331307882
2.553430882517409,3.3016,107337.331386208
0.0364356132550199,3.3018,107337.336875343
1.0736525766294494,3.302,107337.337061623
1.9270050626608781,3.3022,107337.337165411
2.3483822450422402,3.3024,107337.337250576
0.019062146231040317,3.3026,107337.347742574
1.4229608814471661,3.3028,107337.347883126
2.242931968371952,3.303,107337.347972295
1.7138695610131718,3.3032,107337.34808899
2.440363491074243,3.3034,107337.348170945
2.713703903743038,3.3036,107337.348244645
2.6022357258782964,3.3038,107337.348321502
0.05292727529894207,3.304,107337.352100272
1.9892577738464867,3.3042,107337.352200812
2.687486111204776,3.3044000000000002,107337.352275231
0.022922788475858557,3.3045999999999998,107337.361000173
1.194464794370764,3.3048,107337.361167612
1.8057549611272925,3.305,107337.361278369
2.3381968471187147,3.3052,107337.361363905
2.40946432789274,3.3054,107337.361446911
0.03601717086411673,3.3056,107337.366999818
1.4740565410951074,3.3058,107337.367135498
0.22015375523349276,3.306,107337.368043954
1.9878149008570472,3.3062,107337.368144567
2.587054042660079,3.3064,107337.368221875
2.8622954157937444,3.3066,107337.368291749
0.20710987433076414,3.3068,107337.36925742
0.7320858312826795,3.307,107337.369530612
2.9961201751554447,3.3072,107337.369597365
0.0325580025200628,3.3074,107337.375740248
0.04614316932164978,3.3076,107337.380074584
0.3387866722220763,3.3078,107337.380664926
2.070972226278717,3.308,107337.380761499
2.464207021357846,3.3082,107337.380842661
0.11223590235162453,3.3084,107337.382624622
2.198889563071206,3.3086,107337.382715577
0.041737028381724856,3.3088,107337.387507485
0.03373001517508467,3.309,107337.393436922
0.24083792306547946,3.3092,107337.394267356
3.8252610953173276,3.3094,107337.39431964
0.3212830771896766,3.3096,107337.394942144
4.666573864338462,3.3098,107337.394985002
2.5227043925930763,3.31,107337.395064282
0.050081006014381396,3.3102,107337.399057812
0.09562272608830251,3.3104,107337.401149365
0.05101435678384178,3.3106,107337.40506983
0.11852385680048386,3.3108,107337.406757254
0.05333863862472913,3.311,107337.410506881
2.4249481046212313,3.3112,107337.410589357
0.03633133443614776,3.3114,107337.416094247
0.03865528323432614,3.3116,107337.421268184
0.0460662211032973,3.3118,107337.42560976
2.299352657567417,3.312,107337.425696741
3.6897651051442026,3.3122,107337.425750945
0.026749082365059074,3.3124000000000002,107337.433227837
2.458331174496689,3.3125999999999998,107337.433309193
0.02056490138486708,3.3128,107337.443034501
2.1172535677239748,3.313,107337.443128963
0.04569184186263735,3.3132,107337.447506112
2.9461157978085066,3.3134,107337.447573998
4.948412959150614,3.3136,107337.447614415
4.885674331351233,3.3138,107337.447655351
0.04367528389015159,3.314,107337.4522346
3.1185682946920825,3.3142,107337.452298732
5.194669431533322,3.3144,107337.452337233
5.286949339760434,3.3146,107337.452375062
5.399276194172118,3.3148,107337.452412104
0.050437367665622304,3.315,107337.456377418
2.804891484566752,3.3152,107337.456448722
0.04341473389589585,3.3154,107337.461055453
2.518606170155368,3.3156,107337.461134862
3.2744477834765604,3.3158,107337.461195941
0.17701041616089697,3.316,107337.462325818
0.06570049717116185,3.3162,107337.465369935
4.5097867604063975,3.3164,107337.465414283
5.4712066193302595,3.3166,107337.465450838
1.1384270723728787,3.3168,107337.465626519
0.06309184098765891,3.317,107337.468796501
0.06741904063690801,3.3172,107337.471763022
0.036052152309548356,3.3174,107337.477310541
0.04850810875717438,3.3176,107337.481433563
0.08192963980608141,3.3178,107337.483874682
3.944617466832123,3.318,107337.483925384
4.676832098338932,3.3182,107337.483968148
0.05376849964892739,3.3184,107337.487687798
4.284581203376217,3.3186,107337.487734477
0.027404798495918307,3.3188,107337.495032469
0.04653347705145029,3.319,107337.49933045
3.7167813108077885,3.3192,107337.49938426
0.11094063162071238,3.3194,107337.501187026
4.20441985881512,3.3196,107337.501234595
5.010897745479342,3.3198,107337.501274508
5.345306699107379,3.32,107337.501311924
0.04224403701451226,3.3202,107337.50604632
3.573662589294533,3.3204000000000002,107337.506102285
0.170940317173666,3.3205999999999998,107337.507272284
4.1245610559812,3.3208,107337.507320774
0.16637564846260403,3.321,107337.508522873
4.3966677161077445,3.3212,107337.508568362
4.881500997404547,3.3214,107337.508609333
0.047133105315135496,3.3216,107337.512852635
0.05816033058711632,3.3218,107337.516291405
0.044847503986530944,3.322,107337.520750962
4.49903214658841,3.3222,107337.520795416
5.169427682826449,3.3224,107337.520834105
0.0542966279020734,3.3226,107337.524517575
4.158869588366964,3.3228,107337.524565665
3.5764096069376436,3.323,107337.524621587
0.04328757904861721,3.3232,107337.52924185
3.4432891045021363,3.3234,107337.529299934
0.20377410103673216,3.3236,107337.530281413
4.630915622686163,3.3238,107337.530324601
0.05484360923751578,3.324,107337.533971334
3.110468727759829,3.3242,107337.534035633
0.04459199444313618,3.3244,107337.538520743
0.014510292136233102,3.3246,107337.552304063
0.014911101883399632,3.3247999999999998,107337.565716888
2.6018628046888037,3.325,107337.565793756
0.07832917618011496,3.3252,107337.568347083
3.570344650299818,3.3254,107337.5684031
4.456426410104105,3.3256,107337.568447979
5.13386680054211,3.3258,107337.568486936
5.349024292709714,3.326,107337.568524326
5.58534410931431,3.3262,107337.568560134
5.535411496859519,3.3264,107337.568596265
0.04282455339911618,3.3266,107337.573266483
3.0390980256322995,3.3268,107337.573332292
5.2769053951617835,3.327,107337.573370193
5.58534410931431,3.3272,107337.573406001
5.827336431262849,3.3274,107337.573440322
5.908768227918578,3.3276,107337.57347417
0.13379143504008872,3.3278,107337.574969034
1.4927712184912236,3.328,107337.575103013
0.04044431319978714,3.3282,107337.580048084
2.210506571937065,3.3284000000000002,107337.580138561
0.031304528531699516,3.3286,107337.586527413
0.10834776152662941,3.3288,107337.588373321
2.8735221125730273,3.329,107337.588442922
3.1523368152574096,3.3292,107337.588506367
0.32009577577023485,3.3294,107337.58913118
3.8168665872771865,3.3296,107337.589183579
3.2834792117675033,3.3298,107337.58924449
0.03172812795633709,3.33,107337.595548045
0.12424706372498613,3.3302,107337.597157741
0.1660792986257158,3.3304,107337.598361985
3.628776157195663,3.3306,107337.5984171
0.1078771342547476,3.3308,107337.600271061
0.04068546058323841,3.331,107337.605186822
0.03717868088413212,3.3312,107337.610566249
0.04214288121346839,3.3314,107337.615312009
0.04309051187421485,3.3316,107337.619953402
1.3316908646801757,3.3318,107337.620103587
0.044400626032913566,3.332,107337.624608028
2.553658611519029,3.3322,107337.624686347
4.228687899041919,3.3324,107337.624733643
0.04458293883066847,3.3326000000000002,107337.629219664
1.5061487860547762,3.3327999999999998,107337.629352453
0.048210347512361515,3.333,107337.63350094
1.9508008574275757,3.3332,107337.633603462
0.13473874852982265,3.3334,107337.635087816
2.172685097723119,3.3336,107337.635179868
2.524391929377924,3.3338,107337.635259095
2.2203966157431725,3.334,107337.635349169
0.15095216733990652,3.3342,107337.636674092
2.023656725367267,3.3344,107337.636772923
2.566570527949013,3.3346,107337.636850848
0.04536418810971048,3.3348,107337.641259612
0.03277895381670795,3.335,107337.647361088
0.06628493193897059,3.3352,107337.650378365
1.3379626975027186,3.3354,107337.650527846
2.3385246708572054,3.3356,107337.65061337
0.03536407400280744,3.3358,107337.656268827
1.841247629891201,3.336,107337.656377449
0.1423775346760773,3.3362,107337.657782165
1.9864720206809856,3.3364,107337.657882846
0.050109464152926116,3.3366,107337.661874108
1.9437102304268776,3.3368,107337.661977004
1.558226971272861,3.337,107337.662105355
2.349983166167933,3.3372,107337.662190462
0.03946461508218334,3.3374,107337.667258293
0.07542536159776765,3.3376,107337.669909921
1.709664698065801,3.3378,107337.670026903
2.603657945090983,3.338,107337.670103718
0.42314610003732994,3.3382,107337.670576368
2.1737476138966048,3.3384,107337.670668375
2.442509396677189,3.3386,107337.670750258
0.028705170067728523,3.3388,107337.677717644
1.8339033653661945,3.339,107337.677826701
0.035017438613893864,3.3392,107337.683538141
0.048803223037109364,3.3394,107337.687636231
1.7994026926305737,3.3396,107337.687747379
2.431669865605779,3.3398,107337.687829627
0.03945749104434162,3.34,107337.692898373
1.0854522424780475,3.3402,107337.693082628
2.212952463538253,3.3404,107337.693173005
0.04858894063745571,3.3406000000000002,107337.697289168
1.9805313535124032,3.3407999999999998,107337.697390151
0.3916684372404116,3.341,107337.697900787
2.4662432798124474,3.3412,107337.697981882
1.2975722211688743,3.3414,107337.698136016
0.13489733259398176,3.3416,107337.699618625
1.3996095185168596,3.3418,107337.699761522
0.050011765252558266,3.342,107337.703760581
0.05335944399563407,3.3422,107337.707508746
0.03360879093722878,3.3424,107337.71345957
0.03839549820753198,3.3426,107337.718668514
2.6755498063498626,3.3428,107337.718743265
0.08403975724211266,3.343,107337.721123091
3.6543029045597204,3.3432,107337.721177821
4.348961005938569,3.3434,107337.721223809
0.14757457447242667,3.3436,107337.722579056
1.4945337584839944,3.3438,107337.722712877
2.0539364696350866,3.344,107337.722810251
0.03655563985817539,3.3442,107337.728281363
0.03932703577632777,3.3444,107337.733366923
0.024744831292543443,3.3446,107337.741449419
1.7260872300131735,3.3448,107337.741565288
0.052635138682555996,3.3449999999999998,107337.745365031
2.564497366113709,3.3452,107337.745443019
4.704886405156821,3.3454,107337.745485528
0.055012354286992374,3.3456,107337.749121075
4.187779764252313,3.3458,107337.749168833
5.271064705342588,3.346,107337.749206776
5.494356028186168,3.3462,107337.749243177
0.027014859381020637,3.3464,107337.75664651
2.4918390646972006,3.3466,107337.756726772
0.05218254807453886,3.3468,107337.760559471
3.1251467418547483,3.347,107337.760623468
0.03105542801665958,3.3472,107337.767063566
3.7050073909849037,3.3474,107337.767117547
5.032839803386166,3.3476,107337.767157286
5.124393644420333,3.3478,107337.767196315
0.010219155934327467,3.348,107337.786767403
2.0886201320865476,3.3482,107337.78686316
0.037308748311167685,3.3484,107337.792223833
1.6174426402773827,3.3486000000000002,107337.792347485
2.2895346027655483,3.3487999999999998,107337.792434839
0.0235776988761089,3.349,107337.800917431
1.2102581916011181,3.3492,107337.801082685
2.1319460915081674,3.3494,107337.801176496
2.52921209717491,3.3496,107337.801255572
2.868124003734284,3.3498,107337.801325304
2.711202347148686,3.35,107337.801399072
2.8321793887726407,3.3502,107337.801469689
2.847948037648255,3.3504,107337.801539915
2.889922904074706,3.3506,107337.801609121
0.12933749466714964,3.3508,107337.803155463
2.107459372323543,3.351,107337.803250364
2.6370959464315633,3.3512,107337.803326205
0.1571932823607034,3.3514,107337.804598524
1.8828313960140066,3.3516,107337.804704747
2.3670598903432705,3.3518,107337.80478924
2.437835579154163,3.352,107337.80487128
0.14992762148815256,3.3522,107337.806205257
0.04058980227733527,3.3524,107337.811132603
0.1603273257901671,3.3526,107337.812380051
0.06514121136857876,3.3528000000000002,107337.815450304
0.05873068313367214,3.3529999999999998,107337.818855679
0.05844443138726723,3.3532,107337.822277733
3.19294965773765,3.3534,107337.822340371
0.04505473581427528,3.3536,107337.826779416
2.898466915110269,3.3538,107337.826848418
0.04472110907216153,3.354,107337.831320579
0.10789773677983776,3.3542,107337.833174186
2.395467704896225,3.3544,107337.833257677
4.748676637396696,3.3546,107337.833299794
0.050395948357834515,3.3548,107337.837268367
2.9126074110992053,3.355,107337.837337034
0.045282800183162435,3.3552,107337.841753722
0.17129447157463487,3.3554,107337.842921302
2.7696612070765716,3.3556,107337.842993513
0.21014893038438734,3.3558,107337.843945219
1.9281383302759565,3.356,107337.844048946
0.05487901933958909,3.3562,107337.847693326
0.033539523125158684,3.3564,107337.85365644
0.03584535165577102,3.3566,107337.859235964
0.0798798286890013,3.3568,107337.861739725
1.3737018595719988,3.357,107337.861885317
0.04102798068153233,3.3572,107337.866760039
2.042337719875213,3.3574,107337.866857966
2.5457923528213677,3.3576,107337.866936527
0.4589366402222389,3.3578,107337.867372317
2.0956672918643737,3.358,107337.867467752
0.01976352936400955,3.3582,107337.877587402
1.3303092070215081,3.3584,107337.877737743
0.038172062083294774,3.3586,107337.882977177
0.048488504186340674,3.3588,107337.887101866
1.4306048668414084,3.359,107337.887241667
1.9123750625726659,3.3592,107337.887346249
2.4711800472984455,3.3594,107337.887427182
2.5555835942330254,3.3596,107337.887505442
0.0250107702761701,3.3598,107337.895501997
1.6356172344718105,3.36,107337.895624275
2.3336133804811188,3.3602,107337.895709979
0.0497297683465924,3.3604,107337.899731715
1.6942548552961074,3.3606,107337.899849761
0.018450019395125153,3.3608000000000002,107337.910689858
1.634107175747873,3.3609999999999998,107337.910812249
2.1542206364480485,3.3612,107337.91090509
2.2421021086260553,3.3614,107337.910994292
0.13168646340325393,3.3616,107337.912513051
2.334893510818499,3.3618,107337.912598708
3.9618865420511122,3.362,107337.912649189
4.820903795578122,3.3622,107337.912690675
5.028536483948546,3.3624,107337.912730448
4.702563452824138,3.3626,107337.912772978
0.05089840779760985,3.3628,107337.916702374
2.1476047863322427,3.363,107337.916795501
4.028765365485872,3.3632,107337.916845144
0.03630447334267612,3.3634,107337.922354107
0.020463380959071336,3.3636,107337.932127663
1.594871047265065,3.3638,107337.932253065
0.03753579739621194,3.364,107337.937581312
1.9369709241028985,3.3642,107337.937684566
2.6681963381907314,3.3644,107337.937759523
0.2986929205022323,3.3646,107337.938429107
2.2145206482095805,3.3648,107337.93851942
2.5136047050760615,3.365,107337.938598987
2.751940498684586,3.3652,107337.938671663
2.77323288234968,3.3654,107337.938743781
0.00871767111249934,3.3656,107337.961685688
1.5482632089124142,3.3658,107337.961814865
2.3085093921973816,3.366,107337.961901501
0.041780710566035134,3.3662,107337.966688399
0.019806849533094695,3.3664,107337.976785916
1.848121467471051,3.3666,107337.976894134
2.295236254187074,3.3668,107337.976981271
1.6552592151813001,3.367,107337.977102098
2.748083254759592,3.3672,107337.977174876
2.794974406429158,3.3674,107337.977246433
2.8290546260764673,3.3676,107337.977317128
2.791268880851572,3.3678,107337.97738878
0.013564186746653639,3.368,107337.99213349
1.8772469149209603,3.3682,107337.992240029
2.5933272538614784,3.3684,107337.99231715
2.8853780605044888,3.3686,107337.992386465
0.2880267304259472,3.3688000000000002,107337.993080845
2.1500983691836444,3.3689999999999998,107337.993173864
2.7170960986775614,3.3692,107337.993247472
2.73935077195279,3.3694,107337.993320482
0.0071173161441264255,3.3696,107338.021420962
1.6590764324368434,3.3698,107338.021541511
2.4632667472943086,3.37,107338.021622704
2.744764028618634,3.3702,107338.02169557
2.632410216908976,3.3704,107338.021771546
2.738787970921775,3.3706,107338.021844571
0.01891866583550334,3.3708,107338.032416141
0.09520690373900867,3.371,107338.034516829
0.9793216027990175,3.3712,107338.034721052
2.6597868568678695,3.3714,107338.034796246
0.01666505430537176,3.3716,107338.046797407
1.0895917232256194,3.3718,107338.046980962
1.4115023060017842,3.372,107338.047122655
2.2121200681729745,3.3722,107338.047213066
2.296079452438097,3.3724,107338.047300171
2.4793594723741594,3.3726,107338.047380837
2.6816121925309364,3.3728,107338.047455419
0.026060597944966655,3.373,107338.05512984
1.8112824550929223,3.3731999999999998,107338.055240259
3.414950547499209,3.3734,107338.055298825
4.569235666905532,3.3736,107338.055342596
3.7732288001893455,3.3738,107338.055395601
0.08352369757264812,3.374,107338.057790131
2.019957126612401,3.3742,107338.057889143
4.30960243652381,3.3744,107338.057935551
5.191298520898681,3.3746,107338.057974077
2.1464064202775868,3.3748,107338.058067256
0.03666560098146346,3.375,107338.06352196
2.4009601375738425,3.3752,107338.06360526
3.514629487413185,3.3754,107338.063662165
0.03230407698935877,3.3756,107338.069853334
0.043937831494980005,3.3758,107338.07440522
2.298454392574532,3.376,107338.074492235
0.11446630923877314,3.3762,107338.076239474
3.7847967947942363,3.3764,107338.076292317
4.52457982457852,3.3766,107338.07633652
0.014301671877370584,3.3768000000000002,107338.090320899
2.747705815542043,3.377,107338.090393687
4.31452964306884,3.3772,107338.090440042
0.036758185332989614,3.3774,107338.095881007
0.028168696712892783,3.3776,107338.102981087
1.9685233451972457,3.3778,107338.103082686
2.891426436093811,3.378,107338.103151856
4.151875501753771,3.3782,107338.103200027
4.780116230050579,3.3784,107338.103241867
4.796853034946543,3.3786,107338.103283561
5.34430693104745,3.3788,107338.103320984
0.19025223600956415,3.379,107338.10437222
4.06851381694819,3.3792,107338.104421378
0.06298609500422371,3.3794,107338.107596682
3.2036394934552592,3.3796,107338.107659111
4.653651877236137,3.3798,107338.107702088
3.9132816969827258,3.38,107338.107753196
0.06332606890554693,3.3802,107338.110911453
0.02858029255499833,3.3804,107338.117909282
0.02300206109375283,3.3806,107338.126604155
2.4034129540815026,3.3808,107338.12668737
0.037009732056275495,3.3810000000000002,107338.132091354
2.9802703790154688,3.3811999999999998,107338.132158462
3.61461060380526,3.3814,107338.132213793
3.267386495777015,3.3816,107338.132275004
4.496706408116672,3.3818,107338.132319481
0.05288726103724055,3.382,107338.13610111
2.926115104927805,3.3822,107338.13616946
4.280180609549972,3.3824,107338.136216187
3.34963531181981,3.3826,107338.136275895
4.620857611074571,3.3828,107338.136319177
0.14797835678601232,3.383,107338.137670726
4.013243848526481,3.3832,107338.137720561
0.02640589963472352,3.3834,107338.145294626
4.1099833665214085,3.3836,107338.145343288
0.18610260052604022,3.3838,107338.146417964
0.04139398382172759,3.384,107338.151249584
2.8896725686740807,3.3842,107338.151318796
3.5668421676409086,3.3844,107338.151374868
0.03695270277806476,3.3846,107338.156787192
0.15210120211106307,3.3848,107338.158102106
3.775721777734139,3.385,107338.158155076
0.12247104999656709,3.3852,107338.159788115
3.6110852931489714,3.3854,107338.1598435
0.15849103927460098,3.3856,107338.161105401
0.03053520894408694,3.3858,107338.167655217
0.04536652405897938,3.386,107338.172063754
0.046010911468964126,3.3862,107338.176410549
3.5412644830416578,3.3864,107338.176467026
0.04204047657928746,3.3866,107338.181224346
2.897207042306941,3.3868,107338.181293378
0.04667602528733164,3.387,107338.185578233
3.3127391135893203,3.3872,107338.185638606
0.1917352513774936,3.3874,107338.186681711
3.976379750397666,3.3876,107338.186732008
4.633921258882026,3.3878,107338.186775168
0.04591950120243083,3.388,107338.191130616
4.435081213266779,3.3882,107338.191175711
0.10476135162715296,3.3884,107338.193084812
0.043438656074354876,3.3886,107338.197689006
3.304092631461165,3.3888,107338.197749537
0.029975978700973665,3.3890000000000002,107338.204421546
0.029898579537272818,3.3891999999999998,107338.211110827
2.722385002370815,3.3894,107338.211184292
0.024193620560864337,3.3896,107338.219450934
3.3932243004503975,3.3898,107338.219509875
3.276432072566106,3.39,107338.219570917
2.1990348664558526,3.3902,107338.219661866
0.1198950908849786,3.3904,107338.221329991
3.2509231630508593,3.3906,107338.221391512
4.009140626461722,3.3908,107338.221441398
0.048652827488700326,3.391,107338.225552156
4.249533146765066,3.3912,107338.22559922
3.1082444294626197,3.3914,107338.225663565
4.076307777579272,3.3916,107338.225712629
0.10562255283691231,3.3918,107338.227606164
0.749279750293343,3.392,107338.227873087
4.65722834763658,3.3922,107338.227916031
0.05548896888016726,3.3924,107338.231520351
0.03170368964231716,3.3926,107338.237828765
0.022653071055756042,3.3928,107338.24665759
0.0405498231664287,3.393,107338.251589794
0.48846609699001103,3.3932,107338.251999239
0.8194437736912358,3.3934,107338.252243307
0.03418067801546558,3.3936,107338.258094566
1.4789179785239424,3.3938,107338.2582298
2.055012884627954,3.394,107338.258327123
2.4107711188681087,3.3942,107338.258410084
2.272830611345236,3.3944,107338.25849808
0.019819488062645413,3.3946,107338.268589158
1.632360043977911,3.3948,107338.26871168
2.5267518668485915,3.395,107338.268790833
0.04324330867456486,3.3952,107338.273415826
1.3548667182301826,3.3954,107338.273563442
1.7356892126799335,3.3956,107338.27367867
0.042430666091011614,3.3958,107338.278392242
1.5120929683729316,3.396,107338.278524509
1.7577781825630359,3.3962,107338.278638289
2.265287817227343,3.3964,107338.278726578
2.690631298325329,3.3966,107338.27880091
0.02205381684995953,3.3968,107338.287869635
1.6325329989088653,3.3970000000000002,107338.287992144
1.5716474816304833,3.3971999999999998,107338.288119399
0.134194323933573,3.3974,107338.289609775
2.6166368168779095,3.3976,107338.289686209
4.8441398633375705,3.3978,107338.289727496
0.05445157989585171,3.398,107338.293400484
2.7131521262396197,3.3982,107338.293474199
4.509582557651825,3.3984,107338.293518549
4.9699322404745505,3.3986,107338.293558791
0.03344717077757644,3.3988,107338.29953837
0.04582769747293531,3.399,107338.303902543
2.365940143392917,3.3992,107338.303987076
0.05940503462884532,3.3994,107338.307353794
2.5988203767672475,3.3996,107338.307430752
4.521204111089596,3.3998,107338.307474988
0.058463617135116004,3.4,107338.310895919
0.03888124660335957,3.4002,107338.316039787
2.256368592567633,3.4004,107338.316128425
0.043516517484883964,3.4006,107338.320724381
0.10832540299696432,3.4008,107338.32257067
2.6190352080739627,3.401,107338.322647034
4.3717752893027795,3.4012000000000002,107338.322692782
0.1978249161482103,3.4013999999999998,107338.323703777
2.8608208285388623,3.4016,107338.323773687
0.03960711331188756,3.4018,107338.328823285
0.03385830641496219,3.402,107338.334730255
0.019780754070047413,3.4022,107338.344841093
3.513210002090582,3.4024,107338.344898021
0.03616598597011803,3.4026,107338.350428079
4.036489433709022,3.4028,107338.350477627
4.789729933425762,3.403,107338.350519383
0.16035290586900638,3.4032,107338.351766632
3.923029749259427,3.4034,107338.351817613
5.209282686166182,3.4036,107338.351856006
2.373436673571137,3.4038,107338.351940272
5.289185391207388,3.404,107338.351978085
2.263442271192963,3.4042,107338.352066446
3.1004382125599577,3.4044,107338.352130953
0.014486079535397121,3.4046,107338.365937311
1.6330930270292365,3.4048,107338.366059778
2.941046451988828,3.4050000000000002,107338.366127781
0.03313941255706985,3.4052,107338.372162891
0.04740085694955658,3.4054,107338.376382224
3.321707112141939,3.4056,107338.376442434
4.004084333230245,3.4058,107338.376492383
4.914368109569534,3.406,107338.37653308
4.81486768023433,3.4062,107338.376574618
5.172904578378527,3.4064,107338.376613281
3.8106851791660863,3.4066,107338.376665765
3.2758424673875495,3.4068,107338.376726818
3.5983512354760983,3.407,107338.376782399
0.49815310964038667,3.4072,107338.377183882
5.010521426740247,3.4074,107338.377223798
5.309969654898985,3.4076,107338.377261463
5.209012200641917,3.4078,107338.377299858
0.06717608535047873,3.408,107338.380277108
3.8740919949381847,3.4082,107338.380328733
5.217299422349179,3.4084,107338.380367067
0.055141945078230524,3.4086,107338.38399407
0.0674279053237027,3.4088,107338.386960201
0.014256774054403143,3.409,107338.40098862
2.0376350602850435,3.4092000000000002,107338.401086773
4.831968067130543,3.4093999999999998,107338.401128164
0.04448472775695699,3.4096,107338.405624089
3.510989641479472,3.4098,107338.405681053
0.029068309811352777,3.41,107338.412561398
3.331889765391013,3.4102,107338.412621424
4.592211073313379,3.4104,107338.412664976
5.308277696102838,3.4106,107338.412702653
5.737234554744583,3.4108,107338.412737513
5.8180143704010865,3.411,107338.412771889
5.662513965717504,3.4112,107338.412807209
5.835835866375362,3.4114,107338.41284148
5.207520099421988,3.4116,107338.412879886
5.285971280464944,3.4118,107338.412917722
0.03577942340046123,3.412,107338.418507527
3.8320058983893093,3.4122,107338.418559719
4.69715053559287,3.4124,107338.418602298
5.3808285956566575,3.4126,107338.418639467
0.017149731724629604,3.4128,107338.430301457
2.453054954310698,3.413,107338.430382988
2.0349397171463317,3.4132,107338.430481271
4.979087725654309,3.4134,107338.430521439
5.160359601104802,3.4136,107338.430560196
0.04069082433694364,3.4138,107338.435475309
3.475057812011313,3.414,107338.435532862
5.064573564080199,3.4142,107338.435572352
5.399713176240644,3.4144,107338.435609391
0.08841756436009118,3.4146,107338.437871385
3.647306043576533,3.4148,107338.43792622
5.1777239191262625,3.415,107338.437964847
5.673116121117034,3.4152,107338.438000101
2.4419131261467184,3.4154,107338.438082004
5.224387457268711,3.4156,107338.438120286
4.8232283685468955,3.4158,107338.438161752
5.284154393216702,3.416,107338.438199601
0.043804691532205266,3.4162,107338.442765322
3.945706885833009,3.4164,107338.44281601
5.441881164311095,3.4166,107338.442852762
0.2097284648389472,3.4168,107338.443806376
0.023828839380716563,3.417,107338.452199567
3.318510190837279,3.4172000000000002,107338.452259835
4.97921219132579,3.4173999999999998,107338.452300002
5.280528420796851,3.4176,107338.452337877
0.1660470342824072,3.4178,107338.453542355
0.02297124562161572,3.418,107338.462248892
3.3816917659948142,3.4182,107338.462308034
5.05791226575089,3.4184,107338.462347576
5.029296441005942,3.4186,107338.462387343
5.767345325451495,3.4188,107338.462422021
5.4312405196384015,3.419,107338.462458845
0.02740121655070502,3.4192,107338.469757791
0.035485052231865634,3.4194,107338.475393967
2.4466030422555782,3.4196,107338.475475713
4.470872372341694,3.4198,107338.475520447
5.069194944633999,3.42,107338.475559901
5.115612207735668,3.4202,107338.475598997
5.596283291684662,3.4204,107338.475634735
0.04922139144009091,3.4206,107338.479698009
2.7123794793033422,3.4208,107338.479771745
3.0867532375779327,3.421,107338.479836538
2.9933846973364218,3.4212,107338.479903352
0.3832974239486412,3.4214,107338.48042514
2.7627747336794672,3.4215999999999998,107338.480497531
0.07492087415745198,3.4218,107338.483167014
2.5424590278236163,3.422,107338.483245678
2.1854816615000376,3.4222,107338.483337191
5.394618037488048,3.4224,107338.483374265
0.1673848862962578,3.4226,107338.484569116
2.6198239968095405,3.4228,107338.484645457
3.9011454442904543,3.423,107338.484696724
0.034994627433862814,3.4232,107338.490411887
2.3815477418181734,3.4234,107338.490495866
0.1157944840796494,3.4236,107338.492223064
0.10866027780794725,3.4238,107338.494063663
1.5170133668172088,3.424,107338.494195501
2.126030998646391,3.4242,107338.494289573
2.5485823212262675,3.4244,107338.494368048
0.12661930359146162,3.4246,107338.495947586
1.6803615234381268,3.4248,107338.496066608
0.0414780194781722,3.425,107338.500888439
0.04427705749570465,3.4252000000000002,107338.505405451
0.01734416140599502,3.4254,107338.516936709
1.1591783389911465,3.4256,107338.517109245
1.6487366803516796,3.4258,107338.51723055
0.023340278637088405,3.426,107338.525799428
1.338947983286646,3.4262,107338.525948799
1.5856781331772662,3.4264,107338.526074928
0.08716476972574076,3.4266,107338.528369433
1.971958681411678,3.4268,107338.528470855
1.3814922005706425,3.427,107338.528615626
2.65128905003854,3.4272,107338.528691061
2.4593288520620273,3.4274,107338.528772384
2.669264872020066,3.4276,107338.528847311
2.5666692650777536,3.4278,107338.528925233
2.0792180463701357,3.428,107338.529021423
0.028282506617472686,3.4282,107338.536092932
2.061770686149801,3.4284,107338.536189936
2.855348083833377,3.4286,107338.53625998
2.961339901708469,3.4288,107338.536327517
3.0185034853830723,3.429,107338.536393775
0.0415982289189109,3.4292,107338.541201672
2.008858887730477,3.4294000000000002,107338.541301231
0.03685002313323925,3.4295999999999998,107338.546728636
1.606812937237484,3.4298,107338.546853106
2.327828131535907,3.43,107338.546939023
0.046682082560889064,3.4302,107338.551223322
1.3339470611156505,3.4304,107338.551373253
2.3891436629930207,3.4306,107338.551456965
0.04130278047632658,3.4308,107338.556299254
1.5268109157589755,3.431,107338.556430246
2.515754768273588,3.4312,107338.556509745
0.1454714736534272,3.4314,107338.557884585
1.2951773920464615,3.4316,107338.558039004
1.8505496550253073,3.4318,107338.55814708
0.04825848397015742,3.432,107338.562291429
1.3779609338682484,3.4322,107338.562436571
1.5449263886203441,3.4324,107338.562566027
1.8569930625970439,3.4326,107338.562673728
0.041197461868110456,3.4328,107338.567528396
0.030739975802861884,3.433,107338.574034582
2.167528203740132,3.4332,107338.574126853
3.1190537982322852,3.4334,107338.574190975
3.657043000444895,3.4336,107338.574245664
0.04422195889363386,3.4338,107338.578768304
3.85914121301574,3.434,107338.578820129
5.271064705342588,3.4342,107338.578858072
4.9699322404745505,3.4344,107338.578898314
0.09312621428911953,3.4346,107338.581045937
2.1461758221081664,3.4348,107338.581139126
0.05238528554578794,3.435,107338.584956992
1.701707533282662,3.4352,107338.585074521
0.0542713153376872,3.4354,107338.588759709
0.041416656765291646,3.4356,107338.593588684
2.6740469446676807,3.4358,107338.593663477
0.02553907238331334,3.436,107338.601494615
2.4700200200382416,3.4362,107338.601575586
0.025243689967463873,3.4364,107338.609498358
1.3930389834142047,3.4366,107338.609641929
0.11719159716205978,3.4368,107338.611348536
1.5251225852354588,3.437,107338.611479673
2.198720359834987,3.4372,107338.611570635
2.4309012899101803,3.4374000000000002,107338.611652909
0.022466205209577622,3.4375999999999998,107338.620555169
1.5652760439794215,3.4378,107338.620682942
2.307390496278832,3.438,107338.62076962
2.7134467367905994,3.4382,107338.620843327
0.04397784923819791,3.4384,107338.625391071
0.07799244326234096,3.4386,107338.627955422
1.1142495841758562,3.4388,107338.628134915
1.9628239326383068,3.439,107338.628236809
2.2764264912203513,3.4392,107338.628324666
0.09338031618716953,3.4394,107338.630466445
1.7103227483740033,3.4396,107338.630583382
2.49915633687489,3.4398,107338.630663409
0.04257618257881201,3.44,107338.635360871
1.6261352770749606,3.4402,107338.635483862
0.041126360568525894,3.4404,107338.640346923
0.014463582257041778,3.4406,107338.654174756
0.9491357921044261,3.4408,107338.654385474
2.023533673702782,3.441,107338.654484311
0.08392954776027915,3.4412,107338.656867262
2.1386257275644076,3.4414,107338.65696078
2.382398982970849,3.4416,107338.657044729
0.3650461056741751,3.4418,107338.657592605
4.163111157852446,3.442,107338.657640646
5.337886992839971,3.4422,107338.657678114
4.518549354184601,3.4424,107338.657722376
4.648783286440997,3.4426,107338.657765398
5.143900571656415,3.4428,107338.657804279
4.882336828104658,3.443,107338.657845243
5.055867446976623,3.4432,107338.657884801
0.12216150091335604,3.4434,107338.659521978
4.173013582193414,3.4436,107338.659569905
0.973160239247325,3.4438,107338.659775421
0.04410505108342934,3.444,107338.664310049
0.22117874989022226,3.4442,107338.665214295
0.042005122925604536,3.4444,107338.669975619
1.086974292371776,3.4446,107338.670159616
0.1262974693898236,3.4448,107338.671743179
0.038093025104011566,3.445,107338.676993484
1.2918894729756252,3.4452,107338.677148296
1.4663510048143287,3.4454000000000002,107338.677284689
0.014956743218679137,3.4455999999999998,107338.690656584
0.04360085513789186,3.4458,107338.69524365
1.4369984056555358,3.446,107338.695382829
2.0735918504079303,3.4462,107338.69547928
0.016485659603620247,3.4464,107338.707611036
1.5187297632965269,3.4466,107338.707742725
2.279904036807607,3.4468,107338.707830448
2.367788620745474,3.447,107338.707914915
2.4094351821585587,3.4472,107338.707997922
1.7469995584417986,3.4474,107338.708112404
2.604573719946401,3.4476,107338.708189192
2.5760246724462386,3.4478,107338.708266831
2.546375805095252,3.448,107338.708345374
0.018190232000531416,3.4482,107338.719340286
1.4975552145640627,3.4484,107338.719473837
2.4450178729603027,3.4486,107338.719555636
0.07655056978781037,3.4488,107338.722168288
1.9114064363595116,3.449,107338.722272923
2.3948941783273123,3.4492,107338.722356434
2.0538097081201694,3.4494,107338.722453814
2.3190287250659494,3.4496,107338.722540057
2.3926594631878544,3.4497999999999998,107338.722623646
1.5632816365022904,3.45,107338.722751582
2.78508826515249,3.4502,107338.722823393
2.7700067390839935,3.4504,107338.722895595
0.0721032777946323,3.4506,107338.725669394
1.5121957854261556,3.4508,107338.725801652
2.215305574298405,3.451,107338.725891933
2.272107689731031,3.4512,107338.725979957
1.6545607786894327,3.4514,107338.726100835
2.439113597504945,3.4516,107338.726182832
2.6996746865657526,3.4518,107338.726256915
2.661981953468512,3.452,107338.726332047
2.4226565497185097,3.4522,107338.726414601
0.08095864761836763,3.4524,107338.728884998
1.909581164027864,3.4526,107338.728989733
0.039958722729816765,3.4528,107338.733994898
1.2695591183331114,3.453,107338.734152433
2.4592078383191813,3.4532,107338.73423376
0.03729362404210229,3.4534000000000002,107338.739596607
0.046362685056816594,3.4536,107338.743910421
2.2958949618768956,3.4538,107338.743997533
2.3202396272054364,3.454,107338.744083731
4.499943962174018,3.4542,107338.744128176
0.026911170796726072,3.4544,107338.751560034
2.544108586579667,3.4546,107338.751638647
4.73484799113604,3.4548,107338.751680887
5.868544017488977,3.455,107338.751714967
5.5063043527132445,3.4552,107338.751751289
0.0969734585080262,3.4554,107338.753813709
3.585772158030463,3.4556,107338.753869485
4.13368262591857,3.4558,107338.753917868
0.08119446802232777,3.456,107338.75638109
1.6679314612810363,3.4562,107338.756500999
2.3258250018612303,3.4564,107338.75658699
2.688172079372579,3.4566,107338.75666139
0.04650283561082339,3.4568,107338.760962203
1.530268669436457,3.457,107338.761092899
0.0295547095314053,3.4572,107338.76786001
1.492470518726335,3.4574,107338.767994016
0.03134120780158428,3.4576000000000002,107338.774375391
0.8261117338553534,3.4577999999999998,107338.774617489
2.853230117590556,3.458,107338.774687585
0.04363971836976649,3.4582,107338.779270566
2.3930885716263073,3.4584,107338.77935414
4.323203217010628,3.4586,107338.779400402
4.90135881336518,3.4588,107338.779441207
2.652696287740699,3.459,107338.779516602
0.11057677876882074,3.4592,107338.7813253
1.4449719342972742,3.4594,107338.781463711
1.9336935794382097,3.4596,107338.78156714
2.0721093744362844,3.4598,107338.78166366
0.03598702890033752,3.46,107338.787221218
2.1139189096128956,3.4602,107338.787315829
4.338865770431871,3.4604,107338.787361924
4.7290269454734934,3.4606,107338.787404216
0.03423120055223458,3.4608,107338.793246839
0.07410896047349562,3.461,107338.795945568
2.3461509443480506,3.4612,107338.796030814
0.1689193475405921,3.4614,107338.797214811
1.5112702702920957,3.4616,107338.79734715
2.316960238850514,3.4618,107338.79743347
0.06809046080405987,3.462,107338.800370739
1.400158185990639,3.4622,107338.80051358
0.028034747382296697,3.4624,107338.807647584
0.07623383519880135,3.4626,107338.810271091
1.8907166463843876,3.4628,107338.810376871
2.395553715820481,3.463,107338.810460359
0.03711099791798125,3.4632,107338.815849597
0.99359625426386,3.4634,107338.816050886
1.9475143917504463,3.4636,107338.816153581
1.114777570186423,3.4638,107338.816332989
2.527103101626851,3.464,107338.816412131
0.04677529911191527,3.4642,107338.820687892
2.1309240375299896,3.4644,107338.820781748
0.03521424341312801,3.4646,107338.826461268
0.5734175209006932,3.4648,107338.826810054
1.5033073064199265,3.465,107338.826943094
3.646640243676832,3.4652,107338.826997939
0.054262009484215876,3.4654,107338.830683759
1.511030512981285,3.4656000000000002,107338.830816119
2.2412231567157495,3.4657999999999998,107338.830905356
0.04670338324694276,3.466,107338.835187701
1.7266683912374035,3.4662,107338.835303531
2.3164232943886454,3.4664,107338.835389871
0.05036434836884316,3.4666,107338.839360934
1.608932846700625,3.4668,107338.83948524
0.01886794588222607,3.467,107338.850085228
1.487475450861797,3.4672,107338.850219684
2.330051956485217,3.4674,107338.850305519
0.032854398298209735,3.4676,107338.856392984
1.6161225143076832,3.4678,107338.856516737
2.250858178510345,3.468,107338.856605592
0.02980297250397345,3.4682,107338.863316332
1.3067540365922903,3.4684,107338.863469383
2.0981732971216283,3.4686,107338.863564704
2.5786157034461454,3.4688,107338.863642265
2.72238500236477,3.469,107338.86371573
2.8877114895398424,3.4692,107338.863784989
2.8460832401194947,3.4694,107338.863855261
3.007021472055532,3.4696,107338.863921772
0.03508586042391518,3.4698,107338.869622074
1.4598646074850463,3.4699999999999998,107338.869759073
1.9499447952051485,3.4702,107338.86986164
2.1428189988915514,3.4704,107338.869954975
1.864541006878598,3.4706,107338.87006224
0.08541255998895897,3.4708,107338.872403816
1.7899654568416932,3.471,107338.87251555
2.4356383076506254,3.4712,107338.872597664
2.6234670662467674,3.4714,107338.872673899
2.6672710018039703,3.4716,107338.872748882
0.05567412598369033,3.4718,107338.876341215
1.9825732085154484,3.472,107338.876442094
0.03235169136913924,3.4722,107338.882624151
1.415668590448149,3.4724,107338.882765427
0.04600795839699516,3.4726,107338.887112501
0.17409970893431415,3.4728,107338.888261268
2.035457776695443,3.473,107338.888359526
2.5203834348075023,3.4732,107338.888438879
0.4987406864057504,3.4734,107338.888839889
2.499593585108864,3.4736000000000002,107338.888919902
0.05914867311726635,3.4737999999999998,107338.892301212
0.06355953772176993,3.474,107338.895447868
0.06660226208861578,3.4742,107338.898450769
0.04628556068236942,3.4744,107338.902771771
0.0625016014779344,3.4746,107338.905971689
0.06729219250981121,3.4748,107338.908943802
1.3719773241884605,3.475,107338.909089577
0.05959784584755172,3.4752,107338.912445403
2.238363296294928,3.4754,107338.912534754
0.027764855521287365,3.4756,107338.919738105
2.2175899833354342,3.4758,107338.919828293
0.0937595078363222,3.476,107338.92196141
0.028782374585006758,3.4762,107338.928910107
3.0548343715933997,3.4764,107338.928975577
1.745413916327502,3.4766,107338.929090163
4.932426373608478,3.4768,107338.929130711
0.02571914256261553,3.477,107338.93690702
0.11327600472619777,3.4772,107338.938672619
2.6933488723080488,3.4774,107338.938746876
4.603097182958928,3.4776,107338.938790325
5.312508589688694,3.4778000000000002,107338.938827972
0.13832502206552483,3.4779999999999998,107338.940273842
4.023496928848495,3.4782,107338.94032355
5.010899572407206,3.4784,107338.940363463
5.342879636257875,3.4786,107338.940400896
0.21941155982050908,3.4788,107338.941312425
0.3681322574275075,3.479,107338.941855708
0.028851223645148503,3.4792,107338.948787823
0.053789424529586925,3.4794,107338.952506026
0.0694736812831604,3.4796,107338.955384814
4.560796150106052,3.4798,107338.955428666
0.03294686115351648,3.48,107338.961499047
4.162504689727944,3.4802,107338.961547095
0.07563810185463675,3.4804,107338.964191265
4.500956377723792,3.4806,107338.9642357
0.934387301808206,3.4808,107338.964449744
4.735857907743272,3.481,107338.964491975
5.266068104296256,3.4812,107338.964529954
1.4611551173189221,3.4814,107338.964666832
0.034520648084084636,3.4816,107338.970460466
1.1770313856471548,3.4818,107338.970630385
0.06382213528539633,3.482,107338.973764094
2.605897204535571,3.4822,107338.973840843
0.16306656493594013,3.4824,107338.975067336
0.04599533560507027,3.4826,107338.979415603
0.0340488181799046,3.4828,107338.985289522
0.017745570739729603,3.483,107338.99655994
0.030575036926909372,3.4832,107339.003101224
1.2972693374218602,3.4834,107339.003255394
2.149635971015743,3.4836,107339.003348433
0.037650326035564396,3.4838,107339.008660472
2.1753791466222863,3.484,107339.00875241
2.2795659747637798,3.4842,107339.008840146
2.5285085525831286,3.4844,107339.008919244
2.8412321968797243,3.4846,107339.008989636
1.856493141931695,3.4848,107339.009097366
0.01607355645145477,3.485,107339.021540163
2.4721877386178464,3.4852,107339.021621063
4.405772473713419,3.4854,107339.021666458
4.8051495440067455,3.4856,107339.02170808
0.03673162717731626,3.4858000000000002,107339.027152979
2.338989908633016,3.4859999999999998,107339.027238486
4.496403356110727,3.4862,107339.027282966
0.037949936829740925,3.4864,107339.032553067
2.090912698131383,3.4866,107339.032648719
1.5049474920214385,3.4868,107339.032781614
2.2164348585413034,3.487,107339.032871849
2.868247306239171,3.4872,107339.032941578
2.1173207596221033,3.4874,107339.033036037
0.19850702840975085,3.4876,107339.034043558
2.0807756076252417,3.4878,107339.034139676
0.030601108281542506,3.488,107339.040675387
2.238463550698391,3.4882,107339.040764734
2.849408790277124,3.4884,107339.040834924
0.023541368021165753,3.4886,107339.049330607
0.03318740282172846,3.4888,107339.05535699
2.439291951641607,3.489,107339.055438981
4.545350784825902,3.4892,107339.055482982
0.10796938217647355,3.4894,107339.057335359
3.5984171837244965,3.4896,107339.057390939
5.011650552565112,3.4898,107339.057430846
5.641272952110385,3.49,107339.057466299
0.6734777761029256,3.4902,107339.057763265
4.867601004976893,3.4904,107339.057804353
4.857905997247432,3.4906,107339.057845523
0.1247124597524855,3.4908,107339.059449212
0.05996249936279973,3.491,107339.06278463
0.022276477846592094,3.4912,107339.07176271
0.019939173548966932,3.4914,107339.081793216
0.025961712724000836,3.4916,107339.089496868
2.489202990253654,3.4918,107339.089577215
4.754998545949705,3.492,107339.089619276
5.196018628987111,3.4922,107339.089657767
4.864169353658839,3.4924,107339.089698884
0.13802136637230708,3.4926,107339.091147935
2.725278448324109,3.4928,107339.091221322
4.99662635980364,3.493,107339.091261349
5.7041818592016265,3.4932,107339.091296411
4.82102047833786,3.4934,107339.091337896
5.291425372084472,3.4936,107339.091375693
5.122424548478171,3.4938000000000002,107339.091414737
0.057109211691115734,3.4939999999999998,107339.094916799
4.634779165871324,3.4942,107339.094959951
5.633328106233345,3.4944,107339.094995454
3.2083157608074275,3.4946,107339.095057792
4.806999913679868,3.4948,107339.095099398
4.892366528468061,3.495,107339.095140278
0.02486264940851324,3.4952,107339.103184473
3.4599687198719336,3.4954,107339.103242277
0.02525215856236707,3.4956,107339.111162392
1.537267138684775,3.4958,107339.111292493
0.057654449975184305,3.496,107339.114761436
1.7012443349331086,3.4962,107339.114878997
2.424771414013551,3.4964,107339.114961479
1.7035484931461506,3.4966,107339.115078881
2.6092291452200636,3.4968,107339.115155532
0.02964856954852242,3.497,107339.12190122
1.3578101299096004,3.4972,107339.122048516
2.2386137668300012,3.4974,107339.122137857
2.732165861701038,3.4976,107339.122211059
0.05923746002059925,3.4978,107339.125587301
0.09779243319187977,3.498,107339.127632449
1.716649862734159,3.4981999999999998,107339.127748955
2.352359856842649,3.4984,107339.127833976
0.05925897845443503,3.4986,107339.131208992
1.691460587732693,3.4988,107339.131327233
0.05884313795546713,3.499,107339.1347261
0.11045098263306191,3.4992,107339.136536858
0.05367415698614848,3.4994,107339.140263046
1.7279813465103584,3.4996,107339.140378788
0.01628945580593075,3.4998,107339.152656669
0.02211421638736039,3.5,107339.161700625
1.640056751741498,3.5002,107339.161822572
0.0424331238030562,3.5004,107339.166535871
1.6685437944119001,3.5006,107339.166655736
2.3491826336237676,3.5008,107339.166740872
2.3990306311971117,3.501,107339.166824239
2.385126469100626,3.5012,107339.166908092
2.614071271491454,3.5014,107339.166984601
0.04500620196406768,3.5016,107339.171428433
2.006400171448814,3.5018000000000002,107339.171528114
2.5307489717221947,3.502,107339.171607142
2.7588488678133194,3.5022,107339.171679636
2.68240353055082,3.5023999999999997,107339.171754196
0.044599153849963505,3.5026,107339.176238586
1.9885658541947189,3.5028,107339.176339161
2.482436922556461,3.503,107339.176419727
0.04754129486059741,3.5032,107339.180626596
2.196113142104892,3.5034,107339.180717666
0.03614054407084179,3.5036,107339.186251617
2.037780378148507,3.5038,107339.186349763
0.04560826601162143,3.504,107339.190734933
2.5260496901133345,3.5042,107339.190814108
0.02305172580179069,3.5044,107339.199490248
1.6022173050810384,3.5046,107339.199615075
2.3288852507270597,3.5048,107339.199700953
0.0461125293292665,3.505,107339.204038169
1.3442757416923279,3.5052,107339.204186948
1.9427851285335855,3.5054,107339.204289893
0.034733896591229274,3.5056000000000003,107339.210047957
1.4992504069592594,3.5058,107339.210181357
2.369836930601391,3.5060000000000002,107339.210265751
2.813256085660855,3.5061999999999998,107339.210336843
0.0409661287245895,3.5064,107339.215218925
2.077469045898522,3.5066,107339.215315196
0.09577438607289399,3.5068,107339.217403437
1.4627581169057966,3.507,107339.217540165
1.8714327036442409,3.5072,107339.217647035
0.03364822461884364,3.5074,107339.223590885
1.341165773821022,3.5076,107339.223740009
2.3516405910216207,3.5078,107339.223825056
0.032703748030585324,3.508,107339.229940563
0.038270326742276047,3.5082,107339.235166544
1.4206159516001313,3.5084,107339.235307328
2.5901700089421262,3.5086,107339.235384543
0.04909670658862953,3.5088,107339.239458136
2.180335512659334,3.509,107339.239549865
2.755579840486017,3.5092,107339.239622445
0.039373892211443294,3.5094,107339.244701953
2.3069644617003027,3.5096,107339.244788647
1.511475860876848,3.5098000000000003,107339.244920968
0.04228272598517223,3.51,107339.249651032
1.7229645630262083,3.5102,107339.249767111
0.03105687475441425,3.5103999999999997,107339.256206909
2.053704443505066,3.5106,107339.256304294
2.6375483791923955,3.5108,107339.256380122
0.08028098316937896,3.511,107339.258871372
1.1908518716981193,3.5112,107339.259039319
0.0946448970121774,3.5114,107339.261152481
1.9386044688105006,3.5116,107339.261255648
2.3226915283978387,3.5118,107339.261341755
2.398973262904003,3.512,107339.261425124
0.04857405985991418,3.5122,107339.265542548
0.07573786664212782,3.5124,107339.268183235
0.026008864350205316,3.5126,107339.275872921
0.4706757219647781,3.5128,107339.276297842
0.061869147472706824,3.513,107339.279530471
2.6787031242286266,3.5132,107339.279605134
0.03046915179888133,3.5134,107339.28616915
3.0590860259197385,3.5136,107339.286234529
5.364951558224449,3.5138,107339.286271808
5.806020390181145,3.5140000000000002,107339.286306255
0.1461305719261552,3.5141999999999998,107339.287674894
2.4121961713165514,3.5144,107339.287757806
0.052393848715444766,3.5145999999999997,107339.291575048
3.3045835931438514,3.5148,107339.29163557
4.417156898710095,3.515,107339.291680848
0.04256291756106607,3.5152,107339.296379774
0.6636360524961402,3.5154,107339.296681144
3.9949665326567128,3.5156,107339.296731207
1.0428018127467928,3.5158,107339.296922998
5.023988906198841,3.516,107339.296962807
0.05056616395517891,3.5162,107339.300918021
0.05141439729903602,3.5164,107339.304807982
0.1695155170066342,3.5166,107339.305987815
0.04633795756067705,3.5168,107339.310303931
0.02757529847748902,3.517,107339.317556799
0.04087918868112108,3.5172,107339.322449264
1.4910351530919292,3.5174,107339.322583399
0.0959879902577209,3.5176,107339.324666993
2.3448032368953444,3.5178000000000003,107339.324752288
3.89962346873013,3.518,107339.324803575
4.862630817663048,3.5182,107339.324844705
0.020091488610305765,3.5183999999999997,107339.334799169
0.8364351177395464,3.5186,107339.335038279
2.6021337407715253,3.5188,107339.335115139
0.15457407732494932,3.519,107339.336409017
0.015258430512968,3.5192,107339.349516525
1.2505236650666034,3.5194,107339.349676458
1.9304460155311192,3.5196,107339.349780061
2.5950101839817483,3.5198,107339.349857132
2.509441580580179,3.52,107339.349936831
0.05357792011837913,3.5202,107339.353669712
0.10637635885686592,3.5204,107339.355549829
1.6222573116567802,3.5206,107339.355673114
2.43013362958153,3.5208,107339.355755414
2.6133202287050024,3.521,107339.355831945
2.506045506515054,3.5212,107339.355911752
0.04643852504498491,3.5214,107339.360218521
1.8324582976832087,3.5216,107339.360327664
0.05096425651608599,3.5218,107339.364251983
0.02950568825489271,3.5220000000000002,107339.371030337
1.9463962783622741,3.5221999999999998,107339.371133091
2.8142855045642396,3.5224,107339.371204157
2.886669498014763,3.5225999999999997,107339.371273441
0.03790904324196735,3.5228,107339.376549227
1.2313224280672057,3.523,107339.376711654
0.03729176042562467,3.5232,107339.382074769
1.552421373019909,3.5234,107339.3822036
1.9417476012931265,3.5236,107339.3823066
4.808155226231824,3.5238,107339.382348196
5.05791226575089,3.524,107339.382387738
0.21989766020641685,3.5242,107339.383297252
4.689552069027595,3.5244,107339.3833399
5.129783444602092,3.5246,107339.383378888
0.0385184272637076,3.5248,107339.388571208
0.8172672173866176,3.525,107339.388815926
2.1784354718690553,3.5252,107339.388907735
0.08918987537429572,3.5254,107339.391150142
0.023323239784835716,3.5256,107339.39972528
1.651350388994142,3.5258000000000003,107339.399846393
0.09399472439080911,3.526,107339.401974172
0.1637134123344988,3.5262000000000002,107339.403195819
2.095755170987106,3.5263999999999998,107339.40329125
2.5279337234939248,3.5266,107339.403370366
2.6848878668279395,3.5268,107339.403444857
0.1520157666148944,3.527,107339.40476051
0.14469549932296105,3.5272,107339.406142723
0.1742052546859718,3.5274,107339.407290794
0.04006757801587226,3.5276,107339.412282361
0.15893298707015824,3.5278,107339.413540753
0.04299001573116399,3.528,107339.418192996
0.036319709326793966,3.5282,107339.423699648
0.1703074141277555,3.5284,107339.424873995
1.7638550880366601,3.5286,107339.424987383
0.043321549882481006,3.5288,107339.429604023
2.0492013879327726,3.529,107339.429701622
2.5113637787100522,3.5292,107339.42978126
0.04071271680634246,3.5294,107339.43469373
0.1967316974637734,3.5296,107339.435710343
2.4482199230754476,3.5298,107339.435792035
2.662832424964671,3.5300000000000002,107339.435867143
0.04356035317410955,3.5302,107339.440458474
2.3476934807330183,3.5304,107339.440543664
0.05310949433018973,3.5305999999999997,107339.444309469
0.015775148615684763,3.5308,107339.456987638
1.1298349516905142,3.531,107339.457164655
0.03913989301234528,3.5312,107339.462274531
2.0966119790920685,3.5314,107339.462369923
0.15345978863676868,3.5316,107339.463673196
2.5855827730846923,3.5318,107339.463750548
4.647704856049396,3.532,107339.46379358
4.38442602858017,3.5322,107339.463839196
5.609311326576513,3.5324,107339.463874851
2.2715143660987924,3.5326,107339.463962898
0.04565460592343686,3.5328,107339.468343617
1.9913574872074138,3.533,107339.468444051
2.656783683543123,3.5332,107339.46851933
0.042156605378279956,3.5334,107339.473263545
0.023417569458325422,3.5336,107339.481804141
1.2618853860026065,3.5338000000000003,107339.481962634
0.1177343206413099,3.534,107339.483661374
1.8081384408935255,3.5342000000000002,107339.483771985
2.647078320365164,3.5343999999999998,107339.48384754
0.038309215120875525,3.5346,107339.489068216
2.0337189961955504,3.5348,107339.489166558
2.69048645187606,3.535,107339.489240894
2.8801846121860746,3.5352,107339.489310334
0.0792584891320726,3.5354,107339.491833723
0.0414088963244115,3.5356,107339.496663603
1.6266510707702149,3.5358,107339.496786555
0.04689966264983155,3.536,107339.501050978
0.04672579501311921,3.5362,107339.505331269
2.0148495642104765,3.5364,107339.505430532
0.046521559637950675,3.5366,107339.509729614
2.1107957098792545,3.5368,107339.509824365
0.033194232917964035,3.537,107339.515849508
1.5842210368494978,3.5372,107339.515975753
1.076165634866097,3.5374,107339.516161598
0.04224549157407957,3.5376,107339.520895831
1.4030852948618333,3.5378,107339.521038374
0.023903944404228373,3.5380000000000003,107339.529405194
1.8053310933564477,3.5382,107339.529515977
2.3502869730503284,3.5384,107339.529601073
2.5045079020282346,3.5385999999999997,107339.529680929
0.04321452084869841,3.5388,107339.534309003
2.0359963076840613,3.539,107339.534407235
2.628604527644831,3.5392,107339.534483321
2.7786652817440234,3.5394,107339.534555298
0.0480750392827673,3.5396,107339.538715461
2.0792400651308283,3.5398,107339.53881165
2.460963043050974,3.54,107339.538892919
2.3656880612740054,3.5402,107339.538977461
1.831300466036271,3.5404,107339.539086673
2.5452091678596167,3.5406,107339.539165252
2.7642639230840294,3.5408,107339.539237604
0.09770987569422233,3.541,107339.54128448
1.6323199128154107,3.5412,107339.541407005
2.3223948133686214,3.5414,107339.541493123
0.04071962165162699,3.5416,107339.54640476
1.9326657374311418,3.5418,107339.546508244
1.2124813258632323,3.542,107339.546673195
2.5614098870781263,3.5422000000000002,107339.546751277
0.043132553368712495,3.5423999999999998,107339.551388146
2.2761934989916544,3.5426,107339.551476012
0.04697041970924702,3.5427999999999997,107339.555734011
2.3766235826401756,3.543,107339.555818164
4.711757593309722,3.5432,107339.555860611
5.022980877953312,3.5434,107339.555900428
0.04300220768206526,3.5436,107339.560551352
3.9322863790612415,3.5438,107339.560602213
4.808153544150579,3.544,107339.560643809
0.08033777232637676,3.5442,107339.563133298
3.636760281109762,3.5444,107339.563188292
0.03859629894619868,3.5446,107339.568370136
2.8286540363884263,3.5448,107339.568440841
0.13944074528965886,3.545,107339.569875142
0.034789972036178826,3.5452,107339.575623925
1.8315857593120848,3.5454,107339.57573312
0.14550830418635138,3.5456,107339.577107612
0.037310063745311546,3.5458,107339.582468096
1.7752846751141018,3.5460000000000003,107339.582580754
0.0926081987016208,3.5462,107339.58474039
0.023780862190598388,3.5464,107339.593150514
1.7100009999759833,3.5465999999999998,107339.593267473
0.03942091459458071,3.5468,107339.598340922
0.021679025359749575,3.547,107339.607566429
2.5823443910895825,3.5472,107339.607643878
4.637573862023868,3.5474,107339.607687004
5.0227275574201045,3.5476,107339.607726823
0.1505603480266463,3.5478,107339.609055194
2.7950920679503946,3.548,107339.609126748
0.0323313471614892,3.5482,107339.615312695
2.5456301468320586,3.5484,107339.615391261
4.866416951858606,3.5486,107339.615432359
4.866771934970341,3.5488,107339.615473454
3.6601215080109673,3.549,107339.615528097
0.07083848680994488,3.5492,107339.618351421
0.1988700199758308,3.5494,107339.619357103
3.2839107094434863,3.5496,107339.619418006
4.428991342132031,3.5498,107339.619463163
0.10276552360011311,3.55,107339.621409341
1.5805778062403173,3.5502000000000002,107339.621535877
0.026243085755724992,3.5504,107339.629156932
0.03637394011886838,3.5506,107339.634655374
0.01948819897144372,3.5507999999999997,107339.644917995
3.3217071121493147,3.551,107339.644978205
2.228635943643894,3.5512,107339.645067946
3.661863191493267,3.5514,107339.645122563
0.17894625719150936,3.5516,107339.646240217
3.828191162336843,3.5518,107339.646292461
5.082978234893701,3.552,107339.646331808
0.05109027946464996,3.5522,107339.650246447
4.49903214658841,3.5524,107339.650290901
5.385030389841119,3.5526,107339.650328041
5.921889981096896,3.5528,107339.650361814
3.934064797265165,3.553,107339.650412652
0.054339808025843137,3.5532,107339.654093195
0.1367425999861116,3.5534,107339.655555797
3.1274429857838353,3.5536,107339.655619747
0.017943872649786988,3.5538,107339.666765613
0.2639027256675716,3.5540000000000003,107339.667523468
0.042742687089827806,3.5542,107339.672202631
0.04527868916679183,3.5544000000000002,107339.67661972
1.953487671097482,3.5545999999999998,107339.676722101
2.57158647497418,3.5548,107339.676799874
2.7360901776319113,3.555,107339.676872971
2.765142630498461,3.5552,107339.6769453
2.102916923927883,3.5554,107339.677040406
0.045126872957033416,3.5556,107339.681472355
1.2153400486332924,3.5558,107339.681636918
0.02493257608328761,3.556,107339.689658552
2.273243754850112,3.5562,107339.689746532
0.0412708704218923,3.5564,107339.694592565
2.123345194411544,3.5566,107339.694686756
0.04009415718689925,3.5568,107339.699675014
3.4055883263548026,3.557,107339.699733741
4.3945421274294185,3.5572,107339.699779252
5.328218819641089,3.5574,107339.699816788
0.1860700507521095,3.5576,107339.700891652
2.943513693567801,3.5578,107339.700959598
2.0850276229121287,3.558,107339.70105552
0.09463598509800335,3.5582000000000003,107339.703168881
4.7166473617487314,3.5584,107339.703211284
0.062352166690228125,3.5586,107339.706418871
0.054107225563477634,3.5587999999999997,107339.710115235
0.7114095845173343,3.559,107339.710396367
4.27999667014673,3.5592,107339.710443096
1.3097406073661926,3.5594,107339.710595798
0.21311419516174818,3.5596,107339.711534262
0.05111453974232209,3.5598,107339.715447043
0.06133394568020418,3.56,107339.71870788
0.05178504354264032,3.5602,107339.722569999
0.027630152179968434,3.5604,107339.729808468
0.04574317445982325,3.5606,107339.734180705
1.7735369785660908,3.5608,107339.734293474
0.022268662271783438,3.561,107339.743274705
1.6334130769829602,3.5612,107339.743397148
2.2829226727471683,3.5614,107339.743484755
2.5608195257265174,3.5616,107339.743562855
0.09755364726435306,3.5618,107339.745613009
1.7467249099851563,3.5620000000000003,107339.745727509
0.018474028600675433,3.5622,107339.756553518
1.633466463198353,3.5624000000000002,107339.756675957
2.2418007596095624,3.5625999999999998,107339.756765171
2.363563178973518,3.5628,107339.756849789
1.7861288503680695,3.5629999999999997,107339.756961763
0.016237229836268623,3.5632,107339.769279135
0.01850281509766476,3.5634,107339.780088301
1.4691624104065986,3.5636,107339.780224433
2.1942335071137493,3.5638,107339.780315581
2.4694102436384417,3.564,107339.780396572
2.524391929377924,3.5642,107339.780475799
2.5015630970035594,3.5644,107339.780555749
2.5190188557985413,3.5646,107339.780635145
2.697526074033069,3.5648,107339.780709287
0.03358668333387194,3.565,107339.786664028
2.3871758746109104,3.5652,107339.786747809
4.36481109351307,3.5654,107339.78679363
4.877573653803371,3.5656,107339.786834634
4.4566258270951185,3.5658,107339.786879511
4.881500997404547,3.566,107339.786920482
4.63553107226782,3.5662000000000003,107339.786963627
0.012669941128830648,3.5664,107339.80274902
1.5949726584080794,3.5666,107339.802874414
2.286158447284712,3.5667999999999997,107339.802961897
1.640285370203078,3.567,107339.803083827
2.3739999677335444,3.5672,107339.803168073
2.0336570055679606,3.5674,107339.803266418
0.03718575255785891,3.5676,107339.808644822
1.5811025682757,3.5678,107339.808771316
2.3053960747579496,3.568,107339.808858069
0.12219919384192537,3.5682,107339.810494741
1.9749771120192279,3.5684,107339.810596008
2.4525130415120056,3.5686,107339.810677557
2.5682846473372036,3.5688,107339.81075543
2.742430890414566,3.569,107339.810828358
2.592822849311868,3.5692,107339.810905494
1.4114624426536113,3.5694,107339.811047191
2.516356321111498,3.5696,107339.811126671
2.5663400111211065,3.5698,107339.811204603
0.038527977045937675,3.57,107339.816395636
2.5613440127379543,3.5702,107339.81647372
0.39330052066440263,3.5704000000000002,107339.816982237
3.130821294933395,3.5705999999999998,107339.817046118
0.028319185512653604,3.5708,107339.824108468
1.4228596764530739,3.5709999999999997,107339.82424903
0.03936621962417612,3.5712,107339.829329528
2.3739999677335444,3.5714,107339.829413774
4.478080193303905,3.5716,107339.829458436
5.192512564736317,3.5718,107339.829496953
0.037629117218646736,3.572,107339.834811986
4.101891273744379,3.5722,107339.834860744
5.048720801188753,3.5724,107339.834900358
5.648599428148309,3.5726,107339.834935765
5.659468748408874,3.5728,107339.834971104
3.620827013092268,3.573,107339.83502634
0.05235625412102356,3.5732,107339.838846323
3.6796494205521353,3.5734,107339.838900676
5.041973482186586,3.5736,107339.838940343
5.319573713735739,3.5738,107339.83897794
0.035855093788742215,3.574,107339.844555948
3.9776456427978144,3.5742000000000003,107339.844606229
5.14191645862322,3.5744,107339.844645125
5.53940055492327,3.5746,107339.84468123
0.04213327505414996,3.5747999999999998,107339.849428072
1.5577416458587268,3.575,107339.849556463
0.02607108491582518,3.5752,107339.857227797
1.3415435840705408,3.5754,107339.857376879
0.04132522560710669,3.5756,107339.862216538
1.401433558675024,3.5758,107339.862359249
2.3318993582304994,3.576,107339.862445016
0.08178831796966099,3.5762,107339.864890353
2.228213566298611,3.5764,107339.864980111
2.348299989269651,3.5766,107339.865065279
5.123738384339406,3.5768,107339.865104313
0.04013941211819857,3.577,107339.870086947
1.965157838978866,3.5772,107339.87018872
4.629522643266858,3.5774,107339.870231921
0.1298482077367058,3.5776,107339.871772181
1.7700053854212838,3.5778,107339.871885175
0.035837284429324975,3.578,107339.877465955
1.663132444652504,3.5782,107339.87758621
2.3570452243024125,3.5784000000000002,107339.877671062
0.042418769058033934,3.5786,107339.882385956
0.3816925099947601,3.5788,107339.882909938
2.5958517329704898,3.5789999999999997,107339.882986984
1.9665488617895106,3.5792,107339.883088685
2.81183215607393,3.5794,107339.883159813
2.8891714206129753,3.5796,107339.883229037
0.02198628497961109,3.5798,107339.892325617
1.41364737038383,3.58,107339.892467095
2.054738222533026,3.5802,107339.892564431
0.048220878465414736,3.5804,107339.896712012
0.022185613515405763,3.5806,107339.905726863
1.6112919962820051,3.5808,107339.905850987
2.430340325778158,3.581,107339.90593328
1.3801764766688736,3.5812,107339.906078189
2.1830964318711135,3.5814,107339.906169802
2.7262439370559926,3.5816,107339.906243163
0.04575631879781497,3.5818,107339.910614144
1.6403392065894884,3.582,107339.91073607
2.3166919307625125,3.5822000000000003,107339.9108224
0.045999080363371435,3.5824,107339.915170313
2.0441329260547434,3.5826000000000002,107339.915268154
4.667226760951874,3.5827999999999998,107339.915311006
5.514655777664673,3.583,107339.915347273
5.292825304703112,3.5832,107339.91538506
0.05369002108122262,3.5834,107339.919110147
3.569261667566993,3.5836,107339.919166181
3.839877065779206,3.5838,107339.919218266
0.04238111520129757,3.584,107339.923937349
2.2271465937067214,3.5842,107339.92402715
3.583522696172502,3.5844,107339.924082961
0.036581415528435364,3.5846,107339.929550218
2.7117907854838545,3.5848,107339.92962397
4.2110593073877585,3.585,107339.929671464
0.06178277907268137,3.5852,107339.932908612
2.623122579275625,3.5854,107339.932984857
1.8906451211449284,3.5856,107339.933090641
0.014378913263568582,3.5858,107339.946999898
1.605407140635097,3.586,107339.947124477
4.311459977745647,3.5862,107339.947170865
0.10142265504504291,3.5864000000000003,107339.949142811
3.701168081590041,3.5866,107339.949196848
4.804343289171655,3.5868,107339.949238477
0.06146833095930209,3.5869999999999997,107339.952492185
3.6072430304612797,3.5872,107339.952547629
4.922228395141657,3.5874,107339.952588261
5.241778231579928,3.5876,107339.952626416
2.218795384986449,3.5878,107339.952716555
5.689899501632582,3.588,107339.952751705
5.72590016643669,3.5882,107339.952786634
5.892231595617013,3.5884,107339.952820577
5.337176000077078,3.5886,107339.95285805
5.8738887958045165,3.5888,107339.952892099
0.04793319262917791,3.589,107339.957064573
1.4752960996990119,3.5892,107339.957200139
0.012714093422517832,3.5894,107339.972930714
1.1627568568573554,3.5896,107339.973102719
0.08347910864550699,3.5898,107339.975498528
1.5851000552665404,3.59,107339.975624703
2.3185447962491526,3.5902,107339.975710964
2.504853436016306,3.5904,107339.975790809
0.09060794283574275,3.5906000000000002,107339.977998121
1.4229912310156438,3.5907999999999998,107339.97813867
2.8433323818032386,3.591,107339.97820901
2.9582739741514903,3.5911999999999997,107339.978276617
2.9755260571011357,3.5914,107339.978343832
2.93237945227806,3.5916,107339.978412036
3.022791490724043,3.5918,107339.9784782
2.986233616155353,3.592,107339.978545174
3.0553009112394283,3.5922,107339.978610634
2.9515068599216474,3.5924,107339.978678396
1.6963097757751797,3.5926,107339.978796299
2.9189832302028895,3.5928,107339.978864816
0.06389023167027517,3.593,107339.981995185
0.17519900225548107,3.5932,107339.983136744
2.33358643711383,3.5934,107339.983222449
2.6018628046830266,3.5936,107339.983299317
0.059598147442692,3.5938,107339.986655126
1.6994520569719533,3.594,107339.986772811
0.028627964718319535,3.5942,107339.993758987
0.04404670261299696,3.5944000000000003,107339.998299622
1.7230833682283735,3.5946,107339.998415693
2.6168764583150157,3.5948,107339.99849212
0.04987798598100727,3.5949999999999998,107340.002501905
1.7171360774772355,3.5952,107340.002618378
2.4127487897891506,3.5954,107340.002701271
2.695745136225702,3.5956,107340.002775462
2.8348285904042645,3.5958,107340.002846013
0.07828609821860112,3.596,107340.005400745
1.9167920359917943,3.5962,107340.005505086
0.04046924895262197,3.5964,107340.01044711
2.3796777276810857,3.5966,107340.010531155
3.0002098563229262,3.5968,107340.010597817
3.29608786769466,3.597,107340.010658495
0.04284190027730051,3.5972,107340.015326822
0.09945963601909288,3.5974,107340.017337688
2.7339958073104085,3.5976,107340.017410841
5.190490780501253,3.5978,107340.017449373
5.473304830514419,3.598,107340.017485914
0.8159102370324248,3.5982,107340.017731039
4.690211411660126,3.5984,107340.017773681
5.409791839996239,3.5986000000000002,107340.017810651
0.03941148406962427,3.5987999999999998,107340.022885314
2.54751093038221,3.599,107340.022963822
0.06210107823216227,3.5991999999999997,107340.026184378
0.15954917805055358,3.5994,107340.02743791
0.551791106419791,3.5996,107340.027800366
1.6519369056258335,3.5998,107340.027921436
0.036072576579904696,3.6,107340.033465814
1.5427576157341918,3.6002,107340.033595452
0.20918226337021412,3.6004,107340.034551556
2.2176883854945046,3.6006,107340.03464174
0.04287089220273967,3.6008,107340.03930691
1.9358084395916526,3.601,107340.039410226
2.5254439584207193,3.6012,107340.03948942
2.7115334460250966,3.6014,107340.039563179
0.07362620852415895,3.6016,107340.042279603
0.11842006362713048,3.6018,107340.043968506
1.5677174750840055,3.602,107340.04409608
2.680210702983139,3.6022,107340.044170701
0.04212502207520603,3.6024000000000003,107340.048918473
0.017415311724761715,3.6026,107340.06040262
0.13981037511182426,3.6028000000000002,107340.061833129
1.6830625293800945,3.6029999999999998,107340.06195196
0.06132081967673467,3.6032,107340.065213495
1.9108584618137507,3.6034,107340.06531816
1.8300607540054836,3.6036,107340.065427446
2.5801788317840666,3.6038,107340.06550496
2.706067048361765,3.604,107340.065578868
0.08280270585204318,3.6042,107340.067994248
1.5809901678777813,3.6044,107340.068120751
0.03301876358428857,3.6046,107340.074177913
0.11234364563757397,3.6048,107340.075958165
1.4872985476110125,3.605,107340.076092637
0.05254363738423275,3.6052,107340.079898997
3.9366204289352074,3.6054,107340.079949802
5.205622655841669,3.6056,107340.079988222
2.828214566321043,3.6058,107340.080058938
0.17425807446098243,3.606,107340.081206661
0.05668990474335843,3.6062,107340.084734626
4.342917173075126,3.6064,107340.084780678
0.010936462480895075,3.6066000000000003,107340.103068127
0.032539054999052144,3.6068,107340.109214587
1.4531399859219651,3.607,107340.10935222
0.06875775004982758,3.6071999999999997,107340.112260983
1.7209779781296148,3.6074,107340.112377196
2.120351105170229,3.6076,107340.11247152
2.4797589482736977,3.6078,107340.112552173
2.7770062269339904,3.608,107340.112624193
2.781796208640046,3.6082,107340.112696089
2.7664812295312218,3.6084,107340.112768383
2.972386343787405,3.6086,107340.112835669
2.8871697784291412,3.6088,107340.112904941
0.2764183365784207,3.609,107340.113628482
2.5051666442830376,3.6092,107340.113708317
2.8346280475625676,3.6094,107340.113778873
0.03728692845846969,3.6096,107340.119142683
1.7608734310309269,3.6098,107340.119256263
2.416860074482639,3.61,107340.119339015
0.039537013635576636,3.6102,107340.124397566
1.6118893397676093,3.6104000000000003,107340.124521644
2.419989176024382,3.6106,107340.124604289
0.03670604364517228,3.6108000000000002,107340.130052983
1.9228182578982793,3.6109999999999998,107340.130156997
2.07157280467666,3.6112,107340.130253542
2.516546150921865,3.6114,107340.130333016
0.128141468542419,3.6116,107340.131893791
2.3344850169386464,3.6118,107340.131979463
1.822888210529075,3.612,107340.132089179
0.05072376468211078,3.6122,107340.136032104
2.212658542554395,3.6124,107340.136122493
2.8600028648520754,3.6126,107340.136192423
2.831297227124233,3.6128,107340.136263062
0.042778589083406364,3.613,107340.140938298
0.16223508180697221,3.6132,107340.142171077
1.8550292944340852,3.6134,107340.142278892
2.4300451176387514,3.6136,107340.142361195
0.06252215619486644,3.6138,107340.145560061
1.4647722831084578,3.614,107340.145696601
0.14380719480280446,3.6142,107340.147087352
0.06250859492765581,3.6144,107340.150286912
1.73550861336415,3.6146000000000003,107340.150402152
2.49943766719217,3.6148,107340.15048217
0.015600526661659724,3.615,107340.16330225
0.04200168264461663,3.6151999999999997,107340.168063964
1.8473191151442079,3.6154,107340.168172229
0.038780327591124784,3.6156,107340.173329483
1.9040911182143532,3.6158,107340.17343452
2.4701722892148203,3.616,107340.173515486
2.7275830217774644,3.6162,107340.173588811
2.5808115924086468,3.6164,107340.173666306
2.7397259191125816,3.6166,107340.173739306
2.8732331639355664,3.6168,107340.173808914
0.024168252586438572,3.617,107340.182084233
1.8959502926162335,3.6172,107340.182189721
2.433119739860712,3.6174,107340.18227192
0.03497301394924573,3.6176,107340.187990615
1.2633999733969261,3.6178,107340.188148918
2.365939736108689,3.618,107340.188233451
2.62971051098138,3.6182,107340.188309505
0.08607214920829952,3.6184,107340.190633137
2.0884674730868413,3.6186,107340.190728901
2.539005425582042,3.6188000000000002,107340.190807672
2.636713473387671,3.6189999999999998,107340.190883524
2.037988270094371,3.6192,107340.19098166
0.06211569787254903,3.6193999999999997,107340.194201458
1.7451701245562448,3.6196,107340.19431606
2.409638794638177,3.6198,107340.19439906
2.5654178788809823,3.62,107340.19447702
2.6322025055522937,3.6202,107340.194553002
0.03684210822548867,3.6204,107340.199981573
0.041389340730746016,3.6206,107340.204813735
1.7294007471559467,3.6208,107340.204929382
1.7197199661957445,3.621,107340.20504568
0.09284473500917478,3.6212,107340.207199814
2.3747329782492717,3.6214,107340.207284034
3.8058986193262383,3.6216,107340.207336584
0.10211099178736888,3.6218,107340.209295237
2.8013948678476113,3.622,107340.20936663
4.3358557708737955,3.6222,107340.209412757
0.04161707295521926,3.6224,107340.214218477
3.5315726248693067,3.6226000000000003,107340.214275109
0.9346274876668197,3.6228,107340.214489098
0.055769166817353596,3.623,107340.218075309
3.507357326785392,3.6231999999999998,107340.218132332
5.174643806505479,3.6234,107340.218170982
0.19248499938438343,3.6236,107340.219210024
1.3454694756230172,3.6238,107340.219358671
1.612162174990192,3.624,107340.219482728
1.0696674772924293,3.6242,107340.219669702
0.057889080455948747,3.6244,107340.223124585
0.04860822493148664,3.6246,107340.227239115
0.21151397570612504,3.6248,107340.228184679
0.0583187293769427,3.625,107340.231614109
0.04579206423347634,3.6252,107340.235981678
0.7205285811077103,3.6254,107340.236259252
4.017516360658583,3.6256,107340.236309034
1.1052776401691131,3.6258,107340.236489984
4.5252963977123395,3.626,107340.23653418
0.03882765343597188,3.6262,107340.241685148
0.02761012674839885,3.6264,107340.248928867
0.04156264753358627,3.6266,107340.25374088
2.2456519731266424,3.6268000000000002,107340.253829941
0.04412616717327643,3.627,107340.258362399
2.762507627350683,3.6272,107340.258434797
4.144046309457437,3.6273999999999997,107340.258483059
4.694174570805934,3.6276,107340.258525665
0.04056594369530612,3.6278,107340.263455909
1.0710594059236556,3.628,107340.26364264
1.790590436475179,3.6282,107340.263754335
0.05317676664920979,3.6284,107340.267515376
2.090694505161287,3.6286,107340.267611038
2.7342574282383234,3.6288,107340.267684184
0.02701296203424768,3.629,107340.275088037
1.9935807700378203,3.6292,107340.275188359
1.4854316400860017,3.6294,107340.275323
2.8622536894069746,3.6296,107340.275392875
0.4179309096074754,3.6298,107340.275871423
2.4298681130948303,3.63,107340.275953732
2.056576230472139,3.6302,107340.276050981
0.04641490144195955,3.6304,107340.280359942
1.9710260050393202,3.6306000000000003,107340.280461412
0.9292298176574054,3.6308,107340.280676644
1.0299298165550193,3.6310000000000002,107340.280870832
3.0747464717928272,3.6311999999999998,107340.280935878
0.03798478561562316,3.6314,107340.286201144
0.026417587541334112,3.6316,107340.293771858
2.3920015181943324,3.6318,107340.29385547
0.04353178598784531,3.632,107340.298449814
3.9077762744649402,3.6322,107340.298500994
4.690432300888365,3.6324,107340.298543634
0.17220907035987543,3.6326,107340.299705013
4.198946573069066,3.6328,107340.299752644
4.6054293637892965,3.633,107340.299796071
5.32410518100836,3.6332,107340.299833636
5.337035067739966,3.6334,107340.29987111
0.05057116320241683,3.6336,107340.303825933
4.454641122899145,3.6338,107340.30387083
2.3870336655589073,3.634,107340.303954616
5.105166846769719,3.6342,107340.303993792
0.043091273037761,3.6344,107340.308635103
0.10643415840748387,3.6346,107340.310514199
4.491152045224586,3.6348000000000003,107340.310558731
5.279552735492151,3.635,107340.310596613
0.048293092685266735,3.6352,107340.314737992
3.2865547340039214,3.6353999999999997,107340.314798846
0.05410204394436948,3.6356,107340.318495564
3.4531584799752184,3.6358,107340.318553482
0.16867502229491707,3.636,107340.319739194
2.5896336513242932,3.6362,107340.319816425
0.05357618347742861,3.6364,107340.323549427
4.260032368061196,3.6366,107340.323596375
0.7627969033450313,3.6368,107340.323858568
0.05442271646824453,3.637,107340.327533504
4.004484493634116,3.6372,107340.327583448
0.026804983960542105,3.6374,107340.335044747
0.022035935332199035,3.6376,107340.344120831
1.625474461702185,3.6378,107340.344243872
0.018654567293129313,3.638,107340.354965107
1.1822357868868276,3.6382,107340.355134278
2.131514276430922,3.6384,107340.355228108
2.252658144919022,3.6386,107340.355316892
2.344720831631331,3.6388,107340.35540219
0.03577321575024278,3.6390000000000002,107340.360992965
1.1635889837125908,3.6391999999999998,107340.361164847
2.299352657572522,3.6394,107340.361251828
2.489110123164796,3.6395999999999997,107340.361332178
2.695054769645774,3.6398,107340.361406388
2.754934695523375,3.64,107340.361478985
0.027770943007130126,3.6402,107340.368680757
1.3383925307310651,3.6404,107340.36883019
2.3536058267939937,3.6406,107340.368915166
2.5391020531705184,3.6408,107340.368993934
1.7589995316037421,3.641,107340.369107635
2.257896924380328,3.6412,107340.369196213
2.360466715637075,3.6414,107340.369280942
0.04702700013702907,3.6416,107340.373533818
1.9229659551281888,3.6418,107340.373637824
2.6643929488425457,3.642,107340.373712888
2.747403719137897,3.6422,107340.373785684
0.04369520755522625,3.6424,107340.378362845
1.6593380305447154,3.6426,107340.378483375
2.510575651620087,3.6428000000000003,107340.378563038
1.4247043951353986,3.643,107340.378703418
2.6163967212608226,3.6432,107340.378779859
0.04281425828446854,3.6433999999999997,107340.3834512
2.476565402029416,3.6436,107340.383531957
4.216652205214369,3.6438,107340.383579388
0.027818713767764163,3.644,107340.390768793
2.0578461217073856,3.6442,107340.390865982
2.8703055084218727,3.6444,107340.390935661
0.019728580108017132,3.6446,107340.401073238
1.49318364160522,3.6448,107340.40120718
0.8091400165054567,3.645,107340.401454356
0.045470615161062294,3.6452,107340.405852801
1.5221858670432384,3.6454,107340.405984191
1.505740718238367,3.6456,107340.406117016
2.3635631789682696,3.6458,107340.406201634
1.0014521565558008,3.646,107340.406401344
0.044014404089856,3.6462,107340.410945311
1.4057974393710446,3.6464,107340.411087579
2.3847854504767154,3.6466,107340.411171444
2.526240985300027,3.6468,107340.411250613
0.04533225137786654,3.6470000000000002,107340.415662483
1.9088523489476397,3.6471999999999998,107340.415767258
2.520352006078856,3.6474,107340.415846612
0.045315375745295795,3.6475999999999997,107340.420260125
2.0206713648264367,3.6478,107340.420359102
2.078289279565529,3.648,107340.420455335
0.04745749997172344,3.6482,107340.424669632
1.5216531482592899,3.6484,107340.424801068
2.0798885694238445,3.6486,107340.424897227
0.1208376712198258,3.6488,107340.42655234
2.0992305380492993,3.649,107340.426647613
0.046073713330714465,3.6492,107340.430988483
1.5684798145927805,3.6494,107340.431115995
0.03988676943113246,3.6496,107340.436130189
0.0217683117916374,3.6498,107340.445317856
2.265210906058049,3.65,107340.445406148
0.10222743363689067,3.6502,107340.44736257
2.303961900387168,3.6504,107340.447449377
3.526651994546397,3.6506,107340.447506088
3.36683338805843,3.6508000000000003,107340.447565491
0.14536785409508582,3.651,107340.448941311
3.570981951445553,3.6512000000000002,107340.448997318
1.7271158048721234,3.6513999999999998,107340.449113118
3.3782073359149396,3.6516,107340.449172321
3.5365051855839194,3.6518,107340.449228874
3.899547124529821,3.652,107340.449280162
0.04869965836347877,3.6522,107340.453386967
2.2040997380684773,3.6524,107340.453477707
0.04782423625340941,3.6526,107340.457659687
0.04617750680480331,3.6528,107340.4619908
1.3383208509618316,3.653,107340.462140241
4.099536008928873,3.6532,107340.462189027
0.03190303013893545,3.6534,107340.468458024
1.5208893538150154,3.6536,107340.468589526
0.10097975610263199,3.6538,107340.470570121
2.5404570209030126,3.654,107340.470648847
0.08196375284776704,3.6542,107340.47308895
1.5008479841700486,3.6544,107340.473222208
3.6703308870145532,3.6546,107340.473276699
0.03568918226706866,3.6548,107340.478880638
0.050383049719812,3.6550000000000002,107340.482850227
0.13099275419050116,3.6552,107340.484377029
3.418394741847301,3.6554,107340.484435536
3.8132279140086056,3.6555999999999997,107340.484487985
0.029792952398797597,3.6558,107340.491200982
0.058988280145520725,3.656,107340.494591486
0.051458964472030154,3.6562,107340.498478078
3.983191680444532,3.6564,107340.498528289
5.12098354156061,3.6566,107340.498567344
0.23548665935297433,3.6568,107340.499416649
4.673552823960195,3.657,107340.499459443
0.2569937672216443,3.6572,107340.500237672
3.4258299543049247,3.6574,107340.500296052
0.05625956600915262,3.6576,107340.503851003
0.03429509939334838,3.6578,107340.50968274
0.23655201856531807,3.658,107340.51052822
0.02419593576307321,3.6582,107340.518794071
2.3637587054536247,3.6584,107340.518878682
2.997602237400495,3.6586,107340.518945402
0.05661106882688501,3.6588000000000003,107340.52247828
0.10955338408044545,3.659,107340.524303874
3.29234369685989,3.6592000000000002,107340.524364621
5.163288881964367,3.6593999999999998,107340.524403356
5.412135162343241,3.6596,107340.52444031
0.0453149342414548,3.6598,107340.528853866
2.3666677768597033,3.66,107340.528938373
0.14312499016240932,3.6602,107340.530335753
0.029698816885978856,3.6604,107340.537070028
1.9271906953445717,3.6606,107340.537173806
0.2295407489488416,3.6608,107340.538045111
0.05076807014988573,3.661,107340.541984595
1.6414835267798285,3.6612,107340.542106436
1.5854644823603028,3.6614,107340.542232582
2.9420846205119675,3.6616,107340.542300561
0.15541271529258727,3.6618,107340.543587457
0.04376484447527437,3.662,107340.548157335
0.15726942483222897,3.6622,107340.549429038
0.22827740724915652,3.6624,107340.550305165
1.187028176432085,3.6626,107340.550473653
0.049685947452612685,3.6628,107340.554498936
0.04262338416123453,3.6630000000000003,107340.559191196
0.11458960515266262,3.6632,107340.560936555
0.18123395107973947,3.6634,107340.562040101
2.9387994936536432,3.6635999999999997,107340.562108156
4.386638443711028,3.6638,107340.562153749
0.933802666997039,3.664,107340.562367927
0.042534440190801735,3.6642,107340.567069999
0.022286225797590653,3.6644,107340.576044152
0.039756997236192165,3.6646,107340.581074713
0.03481810496673178,3.6648,107340.586818851
1.4557948147505515,3.665,107340.586956233
1.4951036014603138,3.6652,107340.587090003
2.1619049049060526,3.6654,107340.587182514
0.03496855631968674,3.6656,107340.592901938
0.8265658350025443,3.6658,107340.593143903
0.017053367389966177,3.666,107340.604871792
2.486788896214582,3.6662,107340.604952217
4.782744457103037,3.6664,107340.604994034
0.03036782881252,3.6666,107340.611579951
2.328858021810926,3.6668,107340.61166583
0.06699453788651363,3.667,107340.614651148
3.673027348876384,3.6672000000000002,107340.614705599
4.851425839817,3.6673999999999998,107340.614746824
4.995503992991195,3.6676,107340.61478686
5.389236638135323,3.6677999999999997,107340.614823971
0.05033757636806326,3.668,107340.618797146
3.8737917131113195,3.6682,107340.618848775
5.543238861690816,3.6684,107340.618884855
0.07626174078358407,3.6686,107340.621507402
4.851778639161214,3.6688,107340.621548624
0.04737081315700744,3.669,107340.625770633
1.7014762185441135,3.6692,107340.625888178
0.04704637000431535,3.6694,107340.630139303
0.10873033939668462,3.6696,107340.631978716
1.2315574434162508,3.6698,107340.632141112
0.10230765171779374,3.67,107340.634096
1.9991603211362612,3.6702,107340.634196042
2.3716915043648994,3.6704,107340.63428037
0.20052919665761632,3.6706,107340.635277731
2.1019000053218493,3.6708,107340.635372883
0.20210961973425182,3.6710000000000003,107340.636362445
2.463266747288839,3.6712,107340.636443638
0.03948430334077184,3.6714,107340.641508942
0.042646751220187545,3.6715999999999998,107340.646198631
0.042798179175309314,3.6718,107340.650871727
2.932766779932093,3.672,107340.650939922
4.479684277374386,3.6722,107340.650984568
0.04532830613788554,3.6724,107340.655396822
4.229312505984746,3.6726,107340.655444111
4.913523033279321,3.6728,107340.655484815
5.936126271142962,3.673,107340.655518507
0.020359528920107395,3.6732,107340.665341917
2.658054872154301,3.6734,107340.66541716
4.580222096873396,3.6736,107340.665460826
0.04534260080335364,3.6738,107340.669871689
3.133617364530776,3.674,107340.669935513
4.93997878179515,3.6742,107340.669975999
0.045854711207917564,3.6744,107340.674337601
4.131975082653205,3.6746,107340.674386004
5.11051435621437,3.6748,107340.674425139
5.16062505738291,3.675,107340.674463894
4.430366209828629,3.6752000000000002,107340.674509037
2.4427182035732433,3.6754,107340.674590913
5.13268002225361,3.6756,107340.674629879
5.260112454577591,3.6757999999999997,107340.674667901
0.16695396532752513,3.676,107340.675865836
2.9810260384539857,3.6762,107340.675932927
0.04738016134653047,3.6764,107340.680154103
3.991538057037401,3.6766,107340.680204209
3.3595376364941076,3.6768,107340.680263741
4.486819491043264,3.677,107340.680308316
0.029707745594950156,3.6772,107340.687040567
0.030406171777759807,3.6774,107340.693618179
1.4940200530236023,3.6776,107340.693752046
2.161975300879833,3.6778,107340.693844554
0.13284587766019865,3.678,107340.695350058
2.211924615541349,3.6782,107340.695440477
2.730524421472386,3.6784,107340.695513723
2.982492554496653,3.6786,107340.695580781
2.930059507096129,3.6788,107340.695649039
0.058616664283408865,3.6790000000000003,107340.699061038
2.032809677804899,3.6792,107340.699159424
2.6782004529102568,3.6794000000000002,107340.699234101
2.8050099825497763,3.6795999999999998,107340.699305402
0.016160524430165097,3.6798,107340.711681238
0.03424339139483204,3.68,107340.717521781
1.7636061178502431,3.6802,107340.717635185
0.09406643097497619,3.6804,107340.719761342
2.4575460949321104,3.6806,107340.719842724
4.056959431926449,3.6808,107340.719892022
4.285040731330355,3.681,107340.719938696
4.694945873871043,3.6812,107340.719981295
0.028658870854782765,3.6814,107340.726959937
2.1202837208051473,3.6816,107340.727054264
4.113618427617988,3.6818,107340.727102883
0.034509723839553204,3.682,107340.732898351
0.03087139603148481,3.6822,107340.73937684
1.735177320110142,3.6824,107340.739492102
2.166753535142457,3.6826,107340.739584406
2.3778382108220293,3.6828,107340.739668516
2.6906676440637938,3.683,107340.739742847
0.09270241896426559,3.6832000000000003,107340.741900288
2.2953152178132727,3.6834,107340.741987422
1.4054123253093131,3.6836,107340.742129729
2.589834698390116,3.6837999999999997,107340.742206954
0.026886588244654355,3.684,107340.749645607
1.672940079124252,3.6842,107340.749765157
2.5497520534989113,3.6844,107340.749843596
1.4289694516151237,3.6846,107340.749983557
1.832895000908651,3.6848,107340.750092674
0.08253160756569408,3.685,107340.752515988
1.6248274372831797,3.6852,107340.752639078
0.0330431975062815,3.6854,107340.758691761
1.6621788480324107,3.6856,107340.758812085
2.3527198561376323,3.6858,107340.758897093
2.5015630970035594,3.686,107340.758977043
1.6226127815020837,3.6862,107340.759100301
0.02222539551826611,3.6864,107340.768099016
1.627127508170741,3.6866,107340.768221932
0.07552838728463811,3.6868,107340.770869943
1.7259530547277213,3.6870000000000003,107340.770985821
1.6552317049579972,3.6872,107340.77110665
2.438697250789558,3.6874000000000002,107340.771188661
2.4942634312077794,3.6875999999999998,107340.771268845
0.02799583811163775,3.6878,107340.778412764
1.450473697370244,3.6879999999999997,107340.77855065
2.033553495667052,3.6882,107340.778649
2.3714664289658067,3.6884,107340.778733336
2.524041447779177,3.6886,107340.778812574
2.5729098733731726,3.6888,107340.778890307
2.6224694040741103,3.689,107340.778966571
0.07812655631683192,3.6892,107340.78152652
1.3063187040047362,3.6894,107340.781679622
0.06313149243120257,3.6896,107340.784847613
1.664821469092396,3.6898,107340.784967746
1.5013324478490535,3.69,107340.785100961
2.5001251249387173,3.6902,107340.785180957
2.8187274831710774,3.6904,107340.785251911
2.7252411615275833,3.6906,107340.785325299
0.0766290571311967,3.6908,107340.787935275
1.0605072731953191,3.691,107340.788123864
1.9719199201626048,3.6912000000000003,107340.788225288
0.010387809114787337,3.6914,107340.807478626
1.2808852926267364,3.6916,107340.807634768
0.10897715720349742,3.6917999999999997,107340.809470015
1.8517317134009734,3.692,107340.809578022
0.09813740125668874,3.6922,107340.811615981
2.264595431525947,3.6924,107340.811704297
4.232893239422533,3.6926,107340.811751546
5.179737719962827,3.6928,107340.811790158
5.4827568883835145,3.693,107340.811826636
5.624613661808724,3.6932,107340.811862194
5.2664837895361885,3.6934,107340.81190017
5.912087716364953,3.6936,107340.811933999
1.7045937125262778,3.6938,107340.812051329
4.622994779985108,3.694,107340.812094591
4.652245188185999,3.6942,107340.812137581
5.454495983985029,3.6944,107340.812174248
5.40073378360689,3.6946,107340.81221128
4.93060201846209,3.6948,107340.812251843
5.418145464436245,3.695,107340.812288756
0.020640697578709226,3.6952,107340.821978351
0.08596637605274901,3.6954000000000002,107340.824304842
0.023629673844899488,3.6955999999999998,107340.832768776
1.636875638335029,3.6958,107340.83289096
2.4434642960938,3.6959999999999997,107340.832972811
1.9236872801969,3.6962,107340.833076778
2.6195498638274435,3.6964,107340.833153127
2.6546320141320994,3.6966,107340.833228467
0.12286438674969807,3.6968,107340.834856278
1.7479462806638184,3.697,107340.834970698
0.03180258475531697,3.6972,107340.841259495
1.6821425630592226,3.6974,107340.841378391
2.224025933012762,3.6976,107340.841468318
2.313208403957947,3.6978,107340.841554778
2.6207856633692046,3.698,107340.841631091
1.1719619398708756,3.6982,107340.841801745
0.02993207663882261,3.6984,107340.84848354
0.03732046519976974,3.6986,107340.85384253
2.32847846178269,3.6988,107340.853928423
4.201151641270298,3.699,107340.853976029
3.116818622686096,3.6992000000000003,107340.854040197
4.513959205626454,3.6994,107340.854084504
0.032568462971271375,3.6996,107340.860225414
2.3101623962348588,3.6997999999999998,107340.860311988
4.508159570917624,3.7,107340.860356352
5.174778241216567,3.7002,107340.860395001
5.40964491739778,3.7004,107340.860431972
0.046645587548865046,3.7006,107340.864719623
4.358532405002356,3.7008,107340.86476551
5.359344920846695,3.701,107340.864802828
5.280528420785126,3.7012,107340.864840703
5.089575713828608,3.7014,107340.864879999
0.09988124148560064,3.7016,107340.866882377
4.839217447511127,3.7018,107340.866923706
5.266068104296256,3.702,107340.866961685
5.26371043366904,3.7022,107340.866999681
0.0463312056668515,3.7024,107340.871316426
3.4938769866297905,3.7026,107340.871373669
3.396046517888803,3.7028,107340.871432561
2.474175746520076,3.703,107340.871513396
0.025272967034606686,3.7032,107340.87942699
0.03213913414738222,3.7034000000000002,107340.885649933
1.7375590001687722,3.7036,107340.885765037
2.7848173913067007,3.7038,107340.885836855
0.07158262757841397,3.7039999999999997,107340.888630829
1.3960825636379892,3.7042,107340.888774087
2.619309233344702,3.7044,107340.888850443
3.0078809416328967,3.7046,107340.888916935
0.021923274035952872,3.7048,107340.89803966
1.6548207553474434,3.705,107340.898160519
2.2319438922965986,3.7052,107340.898250127
0.05272142721027698,3.7054,107340.902043651
2.2658013144185105,3.7056,107340.90213192
2.593663469451093,3.7058,107340.902209031
2.7182778177028175,3.706,107340.902282607
0.026647288734828915,3.7062,107340.909788061
0.010659369404524069,3.7064,107340.928550897
0.012310736280412952,3.7066,107340.944796879
0.004830607735783969,3.7068,107340.986199537
0.26582135734978124,3.707,107340.986951922
0.5062727183868978,3.7072000000000003,107340.987346966
1.8740452232983296,3.7074,107340.987453687
0.03312702926829308,3.7076000000000002,107340.993491053
0.5138732955119597,3.7077999999999998,107340.993880254
0.7669829275370288,3.708,107340.994141016
0.7669858380655608,3.7082,107340.994401777
1.535166955949676,3.7084,107340.994532056
2.336612336366354,3.7086,107340.99461765
2.6072220348359094,3.7088,107340.99469436
2.83808685123977,3.709,107340.99476483
2.8443839333299987,3.7092,107340.994835144
1.9390177309452017,3.7094,107340.994938289
1.851903375720355,3.7096,107340.995046286
2.689400863534074,3.7098,107340.995120652
2.847786348755055,3.71,107340.995190882
2.1754497341604377,3.7102,107340.995282817
2.758430818874941,3.7104,107340.995355322
2.7718871841389903,3.7106,107340.995427475
2.933583694580211,3.7108,107340.995495651
0.08381439321797896,3.711,107340.997881876
0.033467146153090974,3.7112,107341.003857886
2.1427959470584748,3.7114000000000003,107341.003951222
0.02519003993992982,3.7116,107341.011890868
2.1339480820062438,3.7118,107341.011984591
0.05632316192626225,3.7119999999999997,107341.015535528
2.3426609836982357,3.7122,107341.015620901
3.2258583590476433,3.7124,107341.0156829
0.030963936809951506,3.7126,107341.022142027
3.000659859209488,3.7128,107341.022208679
4.982437841293967,3.713,107341.02224882
5.638724740502831,3.7132,107341.022284289
5.762859441261066,3.7134,107341.022318994
0.030772975581450077,3.7136,107341.028818203
1.466383233512584,3.7138,107341.028954593
0.020762880111003346,3.714,107341.038587168
1.7716362723631127,3.7142,107341.038700058
2.4638430161508946,3.7144,107341.038781232
2.715656747225142,3.7146,107341.038854879
0.02583904218648588,3.7148,107341.046595104
1.8217590987841927,3.715,107341.046704888
2.543234830443272,3.7152,107341.046783528
0.06431041873775097,3.7154,107341.049893444
1.3903371185740807,3.7156000000000002,107341.050037294
2.208334299621053,3.7157999999999998,107341.05012786
2.6412749528258637,3.716,107341.050203581
0.013880664603129481,3.7161999999999997,107341.064612113
1.9441446479569144,3.7164,107341.064714986
1.6653621005337325,3.7166,107341.06483508
2.9358659529447184,3.7168,107341.064903203
0.03440169519147717,3.717,107341.07071687
2.26585249016488,3.7172,107341.070805137
0.037380641246389096,3.7174,107341.0761555
1.8838600931545324,3.7176,107341.076261665
2.747705815548144,3.7178,107341.076334453
2.8356322157008416,3.718,107341.076404984
2.9668752562788585,3.7182,107341.076472395
3.0733294172231833,3.7184,107341.076537471
3.077917397509315,3.7186,107341.07660245
0.09146900633706871,3.7188,107341.078788983
2.485892461397469,3.719,107341.078869437
1.8735889490125395,3.7192,107341.078976184
1.8745019755427734,3.7194000000000003,107341.079082879
0.037874950179670575,3.7196,107341.084363414
2.285192185598957,3.7198,107341.084450934
2.2667770399281646,3.7199999999999998,107341.084539165
2.878194795887024,3.7202,107341.084608653
0.029906524138766682,3.7204,107341.091296157
2.2367360569835775,3.7206,107341.091385573
0.2157471696931202,3.7208,107341.092312584
2.5505649732235938,3.721,107341.092390998
2.808752106160865,3.7212,107341.092462204
1.738707090800885,3.7214,107341.092577232
0.08300194815219725,3.7216,107341.094986814
1.6636582854721467,3.7218,107341.095107031
2.862376487680376,3.722,107341.095176903
3.123194496736343,3.7222,107341.09524094
0.30678234426483264,3.7224,107341.095892868
0.17524075989325694,3.7226,107341.097034155
2.3385521262879636,3.7228,107341.097119678
0.03102946777069669,3.723,107341.103565164
0.020516662897509974,3.7232,107341.113313338
0.02157573411954849,3.7234,107341.122583011
1.5002513188131468,3.7236000000000002,107341.122716322
1.9028410263025706,3.7237999999999998,107341.122821428
2.2627759729737478,3.724,107341.122909815
0.03223763004151348,3.7241999999999997,107341.129113745
2.3639266157613057,3.7244,107341.12919835
4.556846411223536,3.7246,107341.12924224
5.206977549738678,3.7248,107341.12928065
5.373887784516754,3.725,107341.129317867
5.219887279047898,3.7252,107341.129356182
5.588934990398412,3.7254,107341.129391967
0.0913911376253721,3.7256,107341.131580363
1.44052776576556,3.7258,107341.131719201
1.1844762916093976,3.726,107341.131888052
2.4458249992478613,3.7262,107341.131969824
1.3308490770600296,3.7264,107341.132120104
1.6423866300295769,3.7266,107341.132241878
0.0824875609005245,3.7268,107341.134666486
2.1703037133254703,3.727,107341.134758639
2.5423621445606717,3.7272,107341.134837306
2.6940742748503985,3.7274000000000003,107341.134911543
2.748310207712158,3.7276,107341.134984315
0.03994680682701069,3.7278000000000002,107341.139990973
1.4989132520435684,3.7279999999999998,107341.140124403
0.15727350645736593,3.7282,107341.141396073
0.10142147251490732,3.7284,107341.143368042
2.580046117398715,3.7286,107341.14344556
4.491152045214615,3.7288,107341.143490092
4.913521276666705,3.729,107341.143530796
0.028132240112377704,3.7292,107341.150640077
0.013794774046729302,3.7294,107341.165138321
1.4117015115200802,3.7296,107341.165279994
0.09264440522215417,3.7298,107341.167438786
2.2029826321769166,3.73,107341.167529572
2.5075854576448524,3.7302,107341.16760933
2.6899798753366633,3.7304,107341.16768368
1.4641502933594555,3.7306,107341.167820278
0.02353475552514355,3.7308,107341.176318348
1.6367549736518416,3.731,107341.176440541
2.3490172127321816,3.7312,107341.176525683
2.6759071601112514,3.7314,107341.176600424
2.780288074190603,3.7316000000000003,107341.176672359
2.871252937743636,3.7318,107341.176742015
2.6415891915489653,3.732,107341.176817727
2.616431089082117,3.7321999999999997,107341.176894167
2.6680186776762755,3.7324,107341.176969129
1.9053605513607663,3.7326,107341.177074096
0.09495129762187529,3.7328,107341.179180439
2.6508324026608214,3.733,107341.179255887
0.3598630307306225,3.7332,107341.179811654
2.247620404898307,3.7334,107341.179900637
2.6132173729319055,3.7336,107341.179977171
1.976987902393029,3.7338,107341.180078335
2.867054829127631,3.734,107341.180148093
3.0252153858375275,3.7342,107341.180214204
0.43434542256510816,3.7344,107341.180674667
0.0328635003335644,3.7346,107341.186760446
0.0227397615093735,3.7348,107341.195555613
0.03170486572793348,3.735,107341.201863793
0.08869069485557585,3.7352,107341.204118821
1.881679897748457,3.7354000000000003,107341.204225109
2.3342943032132744,3.7356,107341.204310788
2.648550502490166,3.7358000000000002,107341.204386301
2.6672000875556177,3.7359999999999998,107341.204461286
2.7596864541873307,3.7362,107341.204533758
0.1460718727252657,3.7364,107341.205902947
2.254308642068614,3.7366,107341.205991666
1.6667499822274017,3.7368,107341.20611166
0.010796040071267703,3.737,107341.224636971
1.4416803998887773,3.7372,107341.224775698
0.15202374016554085,3.7374,107341.226091282
0.05166159193610569,3.7376,107341.22996263
1.2550121513749843,3.7378,107341.230121991
2.1506070687347463,3.738,107341.230214988
2.3949801480700232,3.7382,107341.230298496
2.534308171785966,3.7384,107341.230377413
2.603657945090983,3.7386,107341.230454228
2.6205453054622097,3.7388,107341.230530548
2.7898671163829385,3.739,107341.230602236
2.652801250747889,3.7392,107341.230677628
2.582111032220739,3.7394,107341.230755084
2.7492920873493003,3.7396000000000003,107341.23082783
1.7125926796034152,3.7398,107341.230944612
1.988229853971478,3.74,107341.231045204
2.5545390711711398,3.7401999999999997,107341.231123496
0.03017520176807348,3.7404,107341.237751455
0.37440212334253437,3.7406,107341.23828564
0.18680851808744686,3.7408,107341.239356255
2.1289277144536127,3.741,107341.239450199
2.5345974723169995,3.7412,107341.239529107
2.7685107996106826,3.7414,107341.239601348
2.7569855125162532,3.7416,107341.239673891
0.07896863821573327,3.7418,107341.242206542
0.11455344168949949,3.742,107341.243952452
0.25924869983162263,3.7422,107341.244723912
0.37525493099077767,3.7424,107341.245256883
0.032573746168857776,3.7426,107341.251396797
0.09512801884306661,3.7428,107341.253499227
0.028872373568634955,3.743,107341.260426264
1.8536882523094047,3.7432,107341.260534157
4.011150800222064,3.7434,107341.260584018
0.022928262401198125,3.7436,107341.269306877
2.0160273261836483,3.7438000000000002,107341.269406082
0.183124190526928,3.7439999999999998,107341.270498237
2.3344850169438303,3.7442,107341.270583909
1.639371278574763,3.7443999999999997,107341.270705907
2.9428638855625358,3.7446,107341.270773868
2.7713880531775197,3.7448,107341.270846034
0.02075813698802544,3.745,107341.28048081
2.327232150320037,3.7452,107341.280566749
3.9680965802330137,3.7454,107341.280617151
4.54462784696897,3.7456,107341.280661159
4.9962539977601335,3.7458,107341.280701189
5.31985580355961,3.746,107341.280738784
0.1724720767250396,3.7462,107341.281898392
0.06984083986403254,3.7464,107341.284762046
4.2362998386095825,3.7466,107341.284809257
5.121640005738221,3.7468,107341.284848307
4.279355671590107,3.747,107341.284895043
5.1820187959702135,3.7472,107341.284933638
5.281922592649942,3.7474,107341.284971503
0.2084067113905811,3.7476000000000003,107341.285931165
0.26068923327188454,3.7478,107341.286698362
3.661796848451239,3.748,107341.28675298
0.03320451638584325,3.7481999999999998,107341.292776257
0.2385857587317342,3.7484,107341.29361453
0.13840351525046843,3.7486,107341.29505958
2.749103463648408,3.7488,107341.295132331
2.2348364197853616,3.749,107341.295221823
3.98279460985572,3.7492,107341.295272039
0.0313734594714546,3.7494,107341.301646854
0.37859714715066667,3.7496,107341.30217512
0.48311862431903135,3.7498,107341.302589097
4.258036810487567,3.75,107341.302636067
0.02343540548200508,3.7502,107341.311170163
0.022916025235442002,3.7504,107341.31989768
0.03145598755709958,3.7506,107341.32625577
1.3686818576371302,3.7508,107341.326401896
1.7672528469200057,3.751,107341.326515066
2.4029507262317336,3.7512,107341.326598297
0.02569271740212123,3.7514,107341.334382604
2.191733025493042,3.7516,107341.334473856
4.06801647086495,3.7518000000000002,107341.33452302
4.428992769371906,3.752,107341.334568177
4.561107944575016,3.7522,107341.334612026
0.02938818929921045,3.7523999999999997,107341.341417481
2.2435862633538806,3.7526,107341.341506624
4.373782863194288,3.7528,107341.341552351
5.049995240680728,3.753,107341.341591955
4.912435930252632,3.7532,107341.341632668
0.013846715071538823,3.7534,107341.356076527
0.7398611149528387,3.7536,107341.356346848
1.697807206396385,3.7538,107341.356464647
2.0954477860258436,3.754,107341.356560092
2.3357391109097874,3.7542,107341.356645718
0.10896320386857905,3.7544,107341.3584812
1.4298072925927205,3.7546,107341.358621079
2.0281507441009547,3.7548,107341.358719691
2.297899480376917,3.755,107341.358806727
2.177890055837141,3.7552,107341.358898559
0.10690539389577132,3.7554,107341.360769372
2.354769600767054,3.7556000000000003,107341.360854306
3.9464852488561504,3.7558,107341.360904984
4.4862160898624275,3.7560000000000002,107341.360949565
1.8488901929468242,3.7561999999999998,107341.361057738
4.38288942757925,3.7564,107341.36110337
4.869853501898664,3.7566,107341.361144439
0.03114186954186881,3.7568,107341.367566661
0.10848763935357582,3.757,107341.369410189
0.7648007856406049,3.7572,107341.369671695
4.226096451053899,3.7574,107341.36971902
0.18606001273322015,3.7576,107341.370793942
0.03194561577124684,3.7578,107341.377054582
0.019761205589604935,3.758,107341.387175422
0.04202966281696555,3.7582,107341.391933966
1.595621683298319,3.7584,107341.392059309
3.710644058995609,3.7586,107341.392113208
0.024578451880332475,3.7588,107341.400250417
1.7564352868284863,3.759,107341.400364284
2.206628533189106,3.7592,107341.40045492
0.7610292127583713,3.7594,107341.400717722
1.250382932434,3.7596,107341.400877673
1.796606180276764,3.7598000000000003,107341.400988994
0.883247887821521,3.76,107341.401215431
0.0383310360954296,3.7602,107341.406433135
3.0065241780871563,3.7603999999999997,107341.406499657
0.01998455993012383,3.7606,107341.416507383
3.0987088195278054,3.7608,107341.416571926
4.529191609331342,3.761,107341.416616084
5.59346594333011,3.7612,107341.41665184
4.921017619768465,3.7614,107341.416692482
0.03919490526916086,3.7616,107341.421795186
1.4122498344055088,3.7618,107341.421936804
1.643925800681149,3.762,107341.422058464
0.019941636819806013,3.7622,107341.432087731
1.524529634235278,3.7624,107341.432218919
1.7300440277401388,3.7626,107341.432334523
1.4163602548806768,3.7628,107341.43247573
2.620510829461387,3.763,107341.432552051
2.7842357549316,3.7632,107341.432623884
2.910106651901141,3.7634,107341.43269261
0.09460111475706777,3.7636,107341.43480675
2.1556136797186776,3.7638,107341.434899531
2.433119739866114,3.7640000000000002,107341.43498173
1.7192763756777545,3.7641999999999998,107341.435098058
0.08760092210889152,3.7644,107341.437381139
1.6675281421379549,3.7645999999999997,107341.437501077
2.254893010258989,3.7648,107341.437589773
2.5092532791699695,3.765,107341.437669478
2.6309901659099424,3.7652,107341.437745495
2.667520525682259,3.7654,107341.437820471
0.02711319934153817,3.7656,107341.445196952
1.4761563435035185,3.7658,107341.445332439
0.08231326659798203,3.766,107341.447762181
0.06492785523184429,3.7662,107341.450842523
1.6300716526790042,3.7664,107341.450965217
1.8676577413940854,3.7666,107341.451072303
2.59158004377633,3.7668,107341.451149476
0.03510320162459816,3.767,107341.456846962
0.14850676464267412,3.7672,107341.458193702
1.9882494125112944,3.7674,107341.458294293
3.9242618959944147,3.7676,107341.458345258
0.03452011173054974,3.7678000000000003,107341.464138982
2.776466549155078,3.768,107341.464211016
2.261676023834831,3.7682,107341.464299446
3.1594580667868106,3.7683999999999997,107341.464362748
0.6942781050139498,3.7686,107341.464650817
0.8361868292634818,3.7688,107341.464889998
4.8100045451804,3.769,107341.464931578
4.780799623766044,3.7692,107341.464973412
2.628984651616422,3.7694,107341.465049487
1.1464142790387668,3.7696,107341.465223944
0.10247245571159146,3.7698,107341.467175688
0.032155586728532345,3.77,107341.473395447
0.02190610016248235,3.7702,107341.482525324
0.10715299851985596,3.7704,107341.484391814
1.6957055593136248,3.7706,107341.484509759
2.014808803127681,3.7708,107341.484609024
0.011591877129294915,3.771,107341.501862485
1.5091378915191807,3.7712,107341.501995011
1.5613045429489802,3.7714,107341.502123109
2.609297010315665,3.7716,107341.502199758
2.8895887281630843,3.7718,107341.502268972
0.02627673743583882,3.7720000000000002,107341.509880267
0.0315417214852863,3.7721999999999998,107341.516221075
1.8142400643369754,3.7724,107341.516331314
2.525443494364284,3.7725999999999997,107341.516410508
2.763117993963676,3.7728,107341.51648289
2.8902984885117933,3.773,107341.516552087
2.8975014440601266,3.7732,107341.516621112
2.9971524974749464,3.7734,107341.516687842
3.1236331664909804,3.7736,107341.51675187
2.9676234965708157,3.7738,107341.516819264
0.11852975676841618,3.774,107341.518506604
2.3984265174732715,3.7742,107341.518589992
2.77905183690952,3.7744,107341.518661959
2.8542884114257316,3.7746,107341.518732029
0.17281947165172595,3.7748,107341.519889306
2.1864374220902314,3.775,107341.519980779
1.4825576846723885,3.7752,107341.520115681
0.026963749680089442,3.7754,107341.527533047
0.0885503513972496,3.7756,107341.529791649
0.10611374263981056,3.7758000000000003,107341.531676419
2.003626695025543,3.776,107341.531776238
3.9804956969045513,3.7762000000000002,107341.531826483
0.026324490403799704,3.7763999999999998,107341.539423971
0.23873527681776313,3.7766,107341.540261719
2.4845645158675085,3.7768,107341.540342216
0.01569354155331866,3.777,107341.553086312
1.59143169467327,3.7772,107341.553211985
2.3863216313783,3.7774,107341.553295796
0.16398361992562774,3.7776,107341.55451543
0.04636413615003257,3.7778,107341.558829109
1.0212626471530368,3.778,107341.559024945
1.867082563090046,3.7782,107341.559132064
2.395639732921522,3.7784,107341.559215549
2.483762594149033,3.7786,107341.559296072
2.6313362187882525,3.7788,107341.559372079
0.029898463373478026,3.779,107341.566061386
0.18051779616667443,3.7792,107341.56716931
3.255578951517107,3.7794,107341.567230743
0.03539683301010595,3.7796,107341.572880966
2.7385631335263905,3.7798,107341.572953997
4.530011172584062,3.7800000000000002,107341.572998147
0.10563705773718648,3.7802,107341.574891422
0.01418804279036554,3.7804,107341.588987799
1.6735281780100046,3.7805999999999997,107341.589107307
4.709760301129852,3.7808,107341.589149772
0.06677575601040547,3.781,107341.592144871
0.2993321915732443,3.7812,107341.592813025
1.9493557031355004,3.7814,107341.592915623
2.4466026067265503,3.7816,107341.592997369
1.2685526637223006,3.7818,107341.593155029
2.448669629869024,3.782,107341.593236706
2.692804812915547,3.7822,107341.593310978
0.020660038644906294,3.7824,107341.602991502
1.0665415850941986,3.7826,107341.603179024
0.17632890090024114,3.7828,107341.604313268
0.3943583189005378,3.783,107341.604820421
2.1014140843517595,3.7832,107341.604915595
1.7587055689224846,3.7834,107341.605029315
2.208529473133556,3.7836,107341.605119873
0.034822251517284,3.7838000000000003,107341.610863327
0.12831757080859066,3.784,107341.61242196
