rtf,sim_time,wall_time
,0.0002,107428.332134096
0.44134716297577764,0.0004,107428.332587254
0.5571356550603555,0.0006,107428.332946233
0.343232150348814,0.0008,107428.333528929
1.0241336691798022,0.001,107428.333724216
0.5168800121909994,0.0012,107428.334111153
2.0239228422431146,0.0014,107428.334209971
1.287912881850711,0.0016,107428.334365261
1.1355572115413606,0.0018,107428.334541386
1.0480806341302162,0.002,107428.334732211
1.8821937347560191,0.0022,107428.33483847
1.2730420227665418,0.0024,107428.334995574
0.7580782694856394,0.0026,107428.335259399
1.0477677434955996,0.0028,107428.335450281
1.447094149563542,0.003,107428.335588489
0.9588647348018368,0.0032,107428.335797069
0.7122050587464814,0.0034,107428.336077887
4.970548748999122,0.0036,107428.336118124
0.8372895533808447,0.0038,107428.33635699
0.8455193682376857,0.004,107428.336593531
1.1250682276070283,0.0042,107428.336771298
1.8633771537429418,0.0044,107428.33687863
0.9480200685457374,0.0046,107428.337089596
0.8759136473598578,0.0048,107428.337317929
1.0697304185033043,0.005,107428.337504892
1.3621843628290493,0.0052,107428.337651715
1.6587874884663107,0.0054,107428.337772285
0.9123421534293165,0.0056,107428.337991501
0.7377678298891099,0.0058,107428.338262589
1.3348193490452955,0.006,107428.338412422
0.9518279784429804,0.0062,107428.338622544
0.9810799004578957,0.0064,107428.338826401
1.1149266029889229,0.0066,107428.339005785
0.9229903198235491,0.0068,107428.339222472
0.8228793420746989,0.007,107428.339465521
0.863326766028309,0.0072,107428.339697183
0.845376400323713,0.0074,107428.339933764
1.0570042443688736,0.0076,107428.340122978
1.5106538339837683,0.0078,107428.340255371
0.7836407223507414,0.008,107428.34051059
1.21709282335717,0.0082,107428.340674916
1.346139715870673,0.0084,107428.340823489
0.8020049896480835,0.0086,107428.341072864
1.26801370904492,0.0088,107428.341230591
0.8123575842320522,0.009,107428.341476788
1.2339128728419972,0.0092,107428.341638874
1.1027546970093438,0.0094,107428.341820238
0.958359262169311,0.0096,107428.342028928
0.9408754375353994,0.0098,107428.342241496
0.9567775611119892,0.01,107428.342450531
0.6784951031474452,0.0102,107428.342745301
0.35753741904976466,0.0104,107428.343304683
1.0750203423337017,0.0106,107428.343490726
1.1212081719599263,0.0108,107428.343669105
0.9897658374506016,0.011,107428.343871173
1.663049532269812,0.0112,107428.343991434
1.0269259545332272,0.0114,107428.34418619
1.121868583914182,0.0116,107428.344364464
1.0878670983552088,0.0118,107428.34454831
1.0724607361362901,0.012,107428.344734797
0.7595840796287182,0.0122,107428.344998099
1.2178487214794844,0.0124,107428.345162323
0.9724268714212531,0.0126,107428.345367994
0.9857995686663714,0.0128,107428.345570875
0.6561658333892277,0.013,107428.345875676
1.3405094976757468,0.0132,107428.346024873
0.8914204954205736,0.0134,107428.346249234
1.2273402980662829,0.0136,107428.346412188
0.8637741793532917,0.0138,107428.34664373
0.9925705662599005,0.014,107428.346845227
0.9488926783576628,0.0142,107428.347055999
1.0576023168931186,0.0144,107428.347245106
1.0531359036256867,0.0146,107428.347435015
0.9690580419844235,0.0148,107428.347641401
0.8051173226786428,0.015,107428.347889812
1.2351167786643846,0.0152,107428.34805174
1.1991413778033468,0.0154,107428.348218526
0.9612103724788434,0.0156,107428.348426597
1.1879448050226795,0.0158,107428.348594955
0.9270418040219727,0.016,107428.348810695
0.9197093355892559,0.0162,107428.349028155
1.1590171442237773,0.0164,107428.349200715
0.9237235609303572,0.0166,107428.34941723
0.882363292174893,0.0168,107428.349643894
1.3329957510631028,0.017,107428.349793932
0.7223188960881864,0.0172,107428.350070818
1.1404589392406346,0.0174,107428.350246186
1.0834529482064046,0.0176,107428.350430781
0.7323351752257349,0.0178,107428.35070388
1.1102537323276065,0.018,107428.350884019
1.18474288385545,0.0182,107428.351052832
1.1409468941128567,0.0184,107428.351228125
1.2055164504778348,0.0186,107428.351394029
0.7458039173670835,0.0188,107428.351662196
0.6673161856044526,0.019,107428.351961904
1.5398473660835634,0.0192,107428.352091787
0.6229055004370504,0.0194,107428.352412863
3.183445435876368,0.0196,107428.352475688
2.074559948461669,0.0198,107428.352572094
0.9327574960129754,0.02,107428.352786512
0.8952631430046493,0.0202,107428.35300991
0.8892327641549093,0.0204,107428.353234823
1.0125146665973124,0.0206,107428.353432351
1.0019236984679445,0.0208,107428.353631967
0.8593205918078035,0.021,107428.353864709
0.7445655939274924,0.0212,107428.354133322
1.562024085312795,0.0214,107428.354261361
0.9093348021831185,0.0216,107428.354481302
0.6780005711152448,0.0218,107428.354776287
1.1923214527277395,0.022,107428.354944027
1.1715225909531033,0.0222,107428.355114745
1.0197006377703224,0.0224,107428.355310881
0.9611364313062587,0.0226,107428.355518968
0.6276341104200639,0.0228,107428.355837625
0.998806448251666,0.023,107428.356037864
1.0708300029778337,0.0232,107428.356224635
0.8780749049596887,0.0234,107428.356452406
0.8314487570853456,0.0236,107428.35669295
1.1460135574169468,0.0238,107428.356867468
0.8101298685792367,0.024,107428.357114342
2.0679957091771493,0.0242,107428.357211054
0.6976711720980248,0.0244,107428.357497722
0.9293075393893703,0.0246,107428.357712936
1.6147523681550546,0.0248,107428.357836794
0.5788276648880758,0.025,107428.35818232
1.1943507186841114,0.0252,107428.358349775
0.9095704660538435,0.0254,107428.358569659
1.4369570892113284,0.0256,107428.358708842
0.9196924726238119,0.0258,107428.358926306
0.9079188811637778,0.026,107428.35914659
1.0095146857226371,0.0262,107428.359344705
1.0495051425838058,0.0264,107428.359535271
0.7783827325938707,0.0266,107428.359792214
0.8419173752756531,0.0268,107428.360029767
1.3263303523033843,0.027,107428.360180559
0.8234451271975929,0.0272,107428.360423441
0.8798092511904725,0.0274,107428.360650763
1.0071102309153332,0.0276,107428.360849351
0.8134280659440405,0.0278,107428.361095224
2.1121107433091506,0.028,107428.361189916
0.7442885060108587,0.0282,107428.361458629
1.0798319920734318,0.0284,107428.361643843
0.8680857349323174,0.0286,107428.361874235
0.9673846122312946,0.0288,107428.362080978
0.8424990135134435,0.029,107428.362318367
0.9254760118279157,0.0292,107428.362534472
1.1629867958191995,0.0294,107428.362706443
1.3300702634709016,0.0296,107428.362856811
1.0414605342784689,0.0298,107428.363048849
0.974549648286574,0.03,107428.363254072
0.9586716428502532,0.0302,107428.363462694
0.7060676013091899,0.0304,107428.363745953
0.9873959035976944,0.0306,107428.363948506
1.9147185001332059,0.0308,107428.36405296
0.6109463150930678,0.031,107428.364380321
1.3525576314787666,0.0312,107428.364528189
0.9267153870583262,0.0314,107428.364744005
1.0498026332495582,0.0316,107428.364934517
1.685076118008201,0.0318,107428.365053206
1.016792318898204,0.032,107428.365249903
0.9690486130068774,0.0322,107428.365456291
0.955945246900956,0.0324,107428.365665508
0.6816214216437833,0.0326,107428.365958926
1.7483129360496494,0.0328,107428.366073322
0.7233011659320407,0.033,107428.366349832
1.0075363728018467,0.0332,107428.366548336
0.7875969129908473,0.0334,107428.366802273
2.769354263878898,0.0336,107428.366874492
0.8814377849679413,0.0338,107428.367101394
0.9212174981448756,0.034,107428.367318498
1.3219469729405586,0.0342,107428.36746979
1.0061323993058275,0.0344,107428.367668571
0.6963715516678751,0.0346,107428.367955774
1.2389346979987967,0.0348,107428.368117203
1.3640983674068121,0.035,107428.36826382
0.7507338390228411,0.0352,107428.368530226
1.0182573772693733,0.0354,107428.36872664
0.9725024912216488,0.0356,107428.368932295
1.0796337565335006,0.0358,107428.369117543
0.9564664133746477,0.036,107428.369326646
0.76468678828271,0.0362,107428.369588191
2.0137944427113927,0.0364,107428.369687506
0.7913896876025257,0.0366,107428.369940226
1.3315844218937938,0.0368,107428.370090423
0.9270375519978619,0.037,107428.370306164
1.0711282710187078,0.0372,107428.370492883
0.8404561996744672,0.0374,107428.370730849
1.0439938711380832,0.0376,107428.370922421
0.9766197378170959,0.0378,107428.371127209
1.5219310053281188,0.038,107428.371258621
0.8537741245331922,0.0382,107428.371492875
0.9921717419626306,0.0384,107428.371694453
0.9964079558387525,0.0386,107428.371895174
1.139464819477097,0.0388,107428.372070695
1.1120007303790262,0.039,107428.372250551
0.5939688344288426,0.0392,107428.372587269
1.1593395785974294,0.0394,107428.372759781
0.9667627303377149,0.0396,107428.372966657
2.0631742873445296,0.0398,107428.373063595
1.061695150672013,0.04,107428.373251973
0.9362331632878217,0.0402,107428.373465595
0.9900548825658693,0.0404,107428.373667604
0.7274340936305376,0.0406,107428.373942543
1.2671300196672535,0.0408,107428.37410038
0.9057191716191367,0.041,107428.374321199
1.401305959724985,0.0412,107428.374463923
0.5624597548959792,0.0414,107428.374819504
1.5150252368925914,0.0416,107428.374951515
0.7490720922630094,0.0418,107428.375218512
3.637090386830265,0.042,107428.375273501
0.9407338208978051,0.0422,107428.375486101
1.0931470632186393,0.0424,107428.375669059
0.9840388419928253,0.0426,107428.375872303
1.1669973082777894,0.0428,107428.376043683
0.9789765149410032,0.043,107428.376247978
0.8575262853212328,0.0432,107428.376481207
1.0163479411439487,0.0434,107428.37667799
1.0172784963348693,0.0436,107428.376874593
1.1799061877467834,0.0438,107428.377044098
0.9199632163990259,0.044,107428.377261498
0.9914979233284626,0.0442,107428.377463213
0.5834850295807561,0.0444,107428.377805981
1.4396568080080805,0.0446,107428.377944903
1.7965737711565253,0.0448,107428.378056226
0.9828975909457105,0.045,107428.378259706
0.9635629207171753,0.0452,107428.378467269
0.6132316966279181,0.0454,107428.37879341
1.1708984991103537,0.0456,107428.378964219
1.3852813090120992,0.0458,107428.379108594
1.3939808199598718,0.046,107428.379252068
0.9650692916601422,0.0462,107428.379459307
0.825937777470087,0.0464,107428.379701456
1.1362087150617,0.0466,107428.37987748
1.1647206074830239,0.0468,107428.380049195
0.9891196262504097,0.047,107428.380251395
0.9740750024468943,0.0472,107428.380456718
0.6249648601100689,0.0474,107428.380776736
0.9692928006752655,0.0476,107428.380983072
1.3102639087613046,0.0478,107428.381135713
1.4904574154941859,0.048,107428.3812699
0.9988113841237283,0.0482,107428.381470138
0.7142959410905048,0.0484,107428.381750134
1.3072493393746438,0.0486,107428.381903127
1.0563287398772512,0.0488,107428.382092462
0.9685558286553565,0.049,107428.382298955
0.9561051820544089,0.0492,107428.382508137
0.5874353506189518,0.0494,107428.3828486
1.2618296602554615,0.0496,107428.3830071
1.3454061233086159,0.0498,107428.383155754
1.2707852121046166,0.05,107428.383313137
0.9301460258626363,0.0502,107428.383528157
1.013638523690324,0.0504,107428.383725466
0.795544969077464,0.0506,107428.383976866
1.1376175378520963,0.0508,107428.384152672
0.9784688474262504,0.051,107428.384357073
0.9845765699080042,0.0512,107428.384560206
0.6813126207828362,0.0514,107428.384853757
1.1533759452820251,0.0516,107428.385027161
1.2344917452795796,0.0518,107428.385189171
0.973889952375109,0.052,107428.385394533
0.9387996433845948,0.0522,107428.385607571
1.0585651424722087,0.0524,107428.385796506
0.950154881623787,0.0526,107428.386006998
0.9563932667842533,0.0528,107428.386216117
0.9918814596789912,0.053,107428.386417754
0.9518461063664208,0.0532,107428.386627872
1.064962704108459,0.0534,107428.386815672
0.9921471752393232,0.0536,107428.387017255
0.6849033546965232,0.0538,107428.387309267
1.7299242607613734,0.054,107428.387424879
0.9829314026231765,0.0542,107428.387628352
0.9692833671287383,0.0544,107428.38783469
0.8915516436195219,0.0546,107428.388059018
1.0271317104070308,0.0548,107428.388253735
0.9695512692372046,0.055,107428.388460016
0.9843681905414358,0.0552,107428.388663192
0.5137729639722158,0.0554,107428.389052469
0.919447229468449,0.0556,107428.389269991
1.9642700427672741,0.0558,107428.38937181
1.6689893547929853,0.056,107428.389491643
1.0351323575017628,0.0562,107428.389684855
0.9923096390070704,0.0564,107428.389886405
0.793502796922354,0.0566,107428.390138452
1.3860397532621087,0.0568,107428.390282748
1.0296328359483577,0.057,107428.390476992
0.9238045866332791,0.0572,107428.390693488
0.9014978429348384,0.0574,107428.390915341
1.1701654699453956,0.0576,107428.391086257
0.9023519793823028,0.0578,107428.3913079
0.9243511516780991,0.058,107428.391524268
1.2793940171863019,0.0582,107428.391680592
0.9664870556061224,0.0584,107428.391887527
0.94208532607991,0.0586,107428.392099822
1.0696102038975477,0.0588,107428.392286806
0.9664403662375536,0.059,107428.392493751
1.0177236883730918,0.0592,107428.392690268
0.8206912350356567,0.0594,107428.392933965
0.6505292167987914,0.0596,107428.393241407
1.5582391612836202,0.0598,107428.393369757
1.6368352848351984,0.06,107428.393491944
0.9718598570243479,0.0602,107428.393697735
1.0678398398352662,0.0604,107428.393885029
1.0138954565201534,0.0606,107428.394082288
1.0535631269721817,0.0608,107428.39427212
0.7206765721227614,0.061,107428.394549637
1.1338125411148288,0.0612,107428.394726033
1.1453311024762802,0.0614,107428.394900655
0.9045598712229643,0.0616,107428.395121757
0.7427461641980824,0.0618,107428.395391028
2.0413994546225434,0.062,107428.395489
1.0390366208916986,0.0622,107428.395681486
0.9651996896505364,0.0624,107428.395888697
1.120793524204064,0.0626,107428.396067142
0.899681086496213,0.0628,107428.396289443
0.9689500296877435,0.063,107428.396495852
1.0835938081099064,0.0632,107428.396680423
0.9474452284870383,0.0634,107428.396891517
1.1570257096875791,0.0636,107428.397064374
0.9526848982627814,0.0638,107428.397274307
0.9382403468129994,0.064,107428.397487472
1.0249261909711727,0.0642,107428.397682608
0.6741929231278528,0.0644,107428.397979259
2.3688541816782958,0.0646,107428.398063688
0.986889177059236,0.0648,107428.398266345
0.9691002696564874,0.065,107428.398472722
0.9976853108737812,0.0652,107428.398673186
0.9764433623157055,0.0654,107428.398878011
0.6525902864254248,0.0656,107428.399184482
0.9126044049699231,0.0658,107428.399403635
1.162283883843826,0.066,107428.39957571
1.3423360269656344,0.0662,107428.399724704
1.0603497720585828,0.0664,107428.399913321
0.9004628696903813,0.0666,107428.400135429
1.2996126802464594,0.0668,107428.400289321
0.8514768873252446,0.067,107428.400524207
1.2540521913049505,0.0672,107428.40068369
0.9643479955386212,0.0674,107428.400891084
1.1156356872364461,0.0676,107428.401070354
0.9702708517305139,0.0678,107428.401276482
0.9858773533984331,0.068,107428.401479347
0.9886062938389477,0.0682,107428.401681652
0.780092070590946,0.0684,107428.401938032
1.3297165117624248,0.0686,107428.40208844
0.9335629682420703,0.0688,107428.402302673
1.0152953928700363,0.069,107428.40249966
0.8432236486277627,0.0692,107428.402736845
1.0687871605210466,0.0694,107428.402923973
1.2654062913378432,0.0696,107428.403082025
0.891488088593237,0.0698,107428.403306369
0.9056781687396179,0.07,107428.403527198
1.2712860730123208,0.0702,107428.403684519
0.9940308044276073,0.0704,107428.40388572
0.9259088326675465,0.0706,107428.404101724
1.1385955127861334,0.0708,107428.404277379
0.918235671763219,0.071,107428.404495188
1.0638184753950546,0.0712,107428.40468319
0.9839807901202818,0.0714,107428.404886446
0.9532570578908625,0.0716,107428.405096253
1.0636147985048603,0.0718,107428.405284291
0.979288039007044,0.072,107428.405488521
1.024527218326325,0.0722,107428.405683733
0.8754497811773165,0.0724,107428.405912187
1.3056193020335802,0.0726,107428.406065371
0.9664076795681897,0.0728,107428.406272323
0.8444269881018348,0.073,107428.40650917
0.886238079458993,0.0732,107428.406734843
1.2939120847828034,0.0734,107428.406889413
1.1167133007871524,0.0736,107428.40706851
0.5382522438718079,0.0738,107428.407440083
1.567091126199051,0.074,107428.407567708
1.136240934118886,0.0742,107428.407743727
1.3438963912136668,0.0744,107428.407892548
1.0921084430622015,0.0746,107428.40807568
1.0436561524090078,0.0748,107428.408267314
0.9621953445884424,0.075,107428.408475172
0.8418500252851184,0.0752,107428.408712744
1.099964813279026,0.0754,107428.408894568
0.870303047299684,0.0756,107428.409124373
0.8709436222063415,0.0758,107428.409354009
1.1314008392713208,0.076,107428.409530781
1.2921483010198584,0.0762,107428.409685562
0.9782056030454597,0.0764,107428.409890018
1.0871809948810498,0.0766,107428.41007398
0.9800751254411184,0.0768,107428.410278046
1.0110251682891125,0.077,107428.410475865
0.8951910695934544,0.0772,107428.410699281
1.0587051505426746,0.0774,107428.410888191
1.0140753720506182,0.0776,107428.411085415
0.6316800407396026,0.0778,107428.411402031
2.3198624794496148,0.078,107428.411488243
1.014697900798231,0.0782,107428.411685346
0.9539982052147005,0.0784,107428.41189499
1.1652770688785727,0.0786,107428.412066623
0.9954409087320214,0.0788,107428.412267539
0.9607855003613385,0.079,107428.412475702
0.9584236201339107,0.0792,107428.412684378
0.9505838795128138,0.0794,107428.412894775
1.2118641332658968,0.0796,107428.41305981
0.5220841629022661,0.0798,107428.41344289
1.7612455303377486,0.08,107428.413556446
1.6135148567647677,0.0802,107428.413680399
1.0379365799004583,0.0804,107428.413873089
0.8504377366551228,0.0806,107428.414108262
0.9378311824964487,0.0808,107428.41432152
1.018916173578881,0.081,107428.414517807
0.9273857217948127,0.0812,107428.414733467
1.4187314176872885,0.0814,107428.414874438
1.0399335045231772,0.0816,107428.415066758
0.9838694257885164,0.0818,107428.415270037
1.0777139577017885,0.082,107428.415455615
0.9495504211519936,0.0822,107428.415666241
0.7826379328543698,0.0824,107428.415921787
1.1736882560853215,0.0826,107428.41609219
1.2801802984489097,0.0828,107428.416248418
0.8578757007791407,0.083,107428.416481552
1.069141425383873,0.0832,107428.416668618
0.7919349333375969,0.0834,107428.416921164
1.0970325098289433,0.0836,107428.417103474
0.9545172502804675,0.0838,107428.417313004
0.7706534970042689,0.084,107428.417572524
1.3798719037808558,0.0842,107428.417717465
1.312775217549485,0.0844,107428.417869814
1.0793425154478886,0.0846,107428.418055112
1.0267730532775852,0.0848,107428.418249897
0.9150093600231999,0.085,107428.418468474
1.212341646122633,0.0852,107428.418633444
0.975562162550478,0.0854,107428.418838454
0.5622447082036333,0.0856,107428.419194171
2.5886615510578754,0.0858,107428.419271431
0.9558036442238247,0.086,107428.419480679
1.0885538959224297,0.0862,107428.419664409
0.9469472841925496,0.0864,107428.419875614
1.1863662610196077,0.0866,107428.420044196
0.960910174783676,0.0868,107428.420252332
0.9862516695471625,0.087,107428.42045512
0.92572017976246,0.0872,107428.420671168
0.919755927361508,0.0874,107428.420888617
1.23184565272313,0.0876,107428.421050975
0.9260202519422482,0.0878,107428.421266953
1.0289653516787214,0.088,107428.421461323
1.182270669201812,0.0882,107428.421630489
0.603491201545922,0.0884,107428.421961894
1.428244937890974,0.0886,107428.422101926
1.023965958773314,0.0888,107428.422297245
1.078213546212004,0.089,107428.422482737
0.9139974243218398,0.0892,107428.422701556
1.036844262844394,0.0894,107428.422894449
1.0982553993200732,0.0896,107428.423076556
1.0205123010166213,0.0898,107428.423272536
0.9092479936023649,0.09,107428.423492498
0.5486426618185988,0.0902,107428.423857034
1.5090124596804304,0.0904,107428.423989571
0.8582549308320436,0.0906,107428.424222602
1.5048456582233853,0.0908,107428.424355506
1.0394469763577285,0.091,107428.424547916
1.2039054474333593,0.0912,107428.424714042
0.9551189593738085,0.0914,107428.42492344
1.2027543272619676,0.0916,107428.425089725
1.0835704001065598,0.0918,107428.4252743
0.9256259133048451,0.092,107428.42549037
1.1017098474003524,0.0922,107428.425671906
0.9662769549979263,0.0924,107428.425878886
1.186647843442831,0.0926,107428.426047428
0.953007202817234,0.0928,107428.42625729
0.8985977510171181,0.093,107428.426479859
0.7934304192593766,0.0932,107428.426731929
1.1221077356707032,0.0934,107428.426910165
1.4773230525312941,0.0936,107428.427045545
0.9626445910819685,0.0938,107428.427253306
0.9800798779169717,0.094,107428.427457371
0.8101954863326452,0.0942,107428.427704225
1.1820540863698545,0.0944,107428.427873422
0.7675539425035167,0.0946,107428.42813399
1.1542812576856316,0.0948,107428.428307258
0.8493001838763973,0.095,107428.428542746
1.5183722169353697,0.0952,107428.428674466
1.018879840963347,0.0954,107428.42887076
0.746881788112979,0.0956,107428.42913854
0.9906629698548592,0.0958,107428.429340425
1.6464836329967216,0.096,107428.429461896
0.8782599576739533,0.0962,107428.429689619
1.0531637449298594,0.0964,107428.429879523
1.2150742269071495,0.0966,107428.430044122
0.7170643331289761,0.0968,107428.430323037
1.076675428080479,0.097,107428.430508794
0.912492010302756,0.0972,107428.430727974
0.9288328668769348,0.0974,107428.430943298
1.2234585495247574,0.0976,107428.431106769
1.2744048294227526,0.0978,107428.431263705
1.0308959364884356,0.098,107428.431457711
0.8771698997469272,0.0982,107428.431685717
0.5456430403839823,0.0984,107428.432052257
1.703287335781221,0.0986,107428.432169677
1.0748585852754666,0.0988,107428.432355748
1.7970581509381336,0.099,107428.432467041
0.9884206578325735,0.0992,107428.432669384
1.0050907493431571,0.0994,107428.432868371
0.7654535520706718,0.0996,107428.433129654
0.9490998086593859,0.0998,107428.43334038
1.7141044717714868,0.1,107428.433457059
0.684800158166894,0.1002,107428.433749115
0.5887721170755706,0.1004,107428.434088805
0.8986906471380068,0.1006,107428.434311351
1.3373275088047782,0.1008,107428.434460903
3.586221266422833,0.101,107428.434516672
0.8096903987095425,0.1012,107428.43476368
1.7139133747865254,0.1014,107428.434880372
1.136337884110135,0.1016,107428.435056376
1.0096726514959742,0.1018,107428.43525446
0.9854304000566312,0.102,107428.435457417
0.9464095861885118,0.1022,107428.435668742
0.8752083903474678,0.1024,107428.435897259
1.3341783336680233,0.1026,107428.436047164
0.9868356066267258,0.1028,107428.436249832
0.9503264211633055,0.103,107428.436460286
0.960379525201098,0.1032,107428.436668537
0.6987876190201836,0.1034,107428.436954747
1.1701996436074198,0.1036,107428.437125658
1.0769595772870437,0.1038,107428.437311366
1.0950503924770039,0.104,107428.437494006
1.0407776318342554,0.1042,107428.43768617
0.8030354871586317,0.1044,107428.437935225
1.1922289870165794,0.1046,107428.438102978
1.3566497117591345,0.1048,107428.4382504
0.9587543679113575,0.105,107428.438459004
0.9545627947011356,0.1052,107428.438668524
0.9721290479449464,0.1054,107428.438874258
1.0072623514214711,0.1056,107428.439072816
1.0275221901102773,0.1058,107428.439267459
1.0527867615039461,0.106,107428.439457431
0.9565761875304775,0.1062,107428.43966651
0.7086695086125059,0.1064,107428.439948729
1.6431695081656836,0.1066,107428.440070445
1.0807538903347589,0.1068,107428.440255501
0.9885085969543749,0.107,107428.440457826
0.9330229397629037,0.1072,107428.440672183
0.7660457739913351,0.1074,107428.440933264
1.2238254691916148,0.1076,107428.441096686
1.2830547678488144,0.1078,107428.441252564
0.9545217581224169,0.108,107428.441462093
0.9646364658101284,0.1082,107428.441669425
0.6298835525629288,0.1084,107428.441986944
2.6818999929362293,0.1086,107428.442061518
1.0504808139575783,0.1088,107428.442251907
0.9604026109957149,0.109,107428.442460153
0.9622972071113629,0.1092,107428.442667989
0.9795662483545379,0.1094,107428.442872161
0.8269383318077052,0.1096,107428.443114017
1.1577089139463324,0.1098,107428.443286772
0.755027535982626,0.11,107428.443551663
1.0111121175618354,0.1102,107428.443749465
0.9849111485853719,0.1104,107428.443952529
1.245143964724795,0.1106,107428.444113153
1.1824454168491185,0.1108,107428.444282294
0.2531177813335669,0.111,107428.44507244
2.0880312008685573,0.1112,107428.445168224
0.9663889927568364,0.1114,107428.44537518
32.457026341307674,0.1116,107428.445381342
1.5332366887680342,0.1118,107428.445511785
6.642752774617567,0.112,107428.445541893
1.5466230209567033,0.1122,107428.445671207
0.9969691983353732,0.1124,107428.445871815
1.0596587930684644,0.1126,107428.446060555
1.0455930698804778,0.1128,107428.446251834
0.9624546244217294,0.113,107428.446459636
0.9693914537589519,0.1132,107428.446665951
0.9115022557067408,0.1134,107428.446885369
1.2319594944697105,0.1136,107428.447047712
0.985508126538618,0.1138,107428.447250653
0.9591038163955659,0.114,107428.447459181
0.9678715021924766,0.1142,107428.44766582
0.9778038366571655,0.1144,107428.44787036
0.9128877259902151,0.1146,107428.448089445
1.1347645875784105,0.1148,107428.448265693
1.0114649771108968,0.115,107428.448463426
0.9222454934469972,0.1152,107428.448680288
0.997302267189238,0.1154,107428.448880829
1.2135923151047425,0.1156,107428.449045629
0.9071199722951672,0.1158,107428.449266107
1.021627868115371,0.116,107428.449461873
0.9556026803523937,0.1162,107428.449671165
0.9991506970627039,0.1164,107428.449871335
1.158111124170061,0.1166,107428.45004403
0.8094937749490274,0.1168,107428.450291098
0.5926645878056432,0.117,107428.450628557
1.3813776479654718,0.1172,107428.45077334
1.22980801616519,0.1174,107428.450935967
1.0558213192565897,0.1176,107428.451125393
1.1768097652664824,0.1178,107428.451295344
0.9450098504962571,0.118,107428.451506982
1.2575373990481287,0.1182,107428.451666023
0.9657170199365024,0.1184,107428.451873123
1.0057782449328296,0.1186,107428.452071974
1.1018615900263125,0.1188,107428.452253485
0.6432398712911136,0.119,107428.452564411
1.1094776662399046,0.1192,107428.452744676
1.127078063723563,0.1194,107428.452922126
0.9961746823581397,0.1196,107428.453122894
1.1175869425429894,0.1198,107428.453301851
1.0047675903253712,0.12,107428.453500902
0.9550733618671822,0.1202,107428.45371031
1.000260062842737,0.1204,107428.453910258
0.9164432839512445,0.1206,107428.454128493
1.0899717589529716,0.1208,107428.454311984
0.5683949625364504,0.121,107428.454663852
1.6498382857109033,0.1212,107428.454785076
1.1522861490360212,0.1214,107428.454958644
1.4689895219548903,0.1216,107428.455094792
0.9271493056480103,0.1218,107428.455310507
0.9286344245185841,0.122,107428.455525877
1.1210762011508895,0.1222,107428.455704277
0.7395711201305022,0.1224,107428.455974704
1.7737258085007326,0.1226,107428.456087461
1.0521608540818772,0.1228,107428.456277546
0.5829238300643406,0.123,107428.456620644
1.0868383964963106,0.1232,107428.456804664
1.4388799920768283,0.1234,107428.456943661
1.5775111298022855,0.1236,107428.457070443
0.9598955160860158,0.1238,107428.457278799
0.9856586681358233,0.124,107428.457481709
0.9432449856065782,0.1242,107428.457693743
0.9897168006641925,0.1244,107428.457895821
0.8000384274701429,0.1246,107428.458145809
1.5352374355038916,0.1248,107428.458276082
0.9176879793844736,0.125,107428.458494021
0.6551770510859124,0.1252,107428.458799282
1.4387246993562113,0.1254,107428.458938294
1.2536984886176086,0.1256,107428.459097822
1.1176930057778591,0.1258,107428.459276762
0.9611641915218431,0.126,107428.459484843
0.8411737711648646,0.1262,107428.459722606
0.8106684011390729,0.1264,107428.459969316
1.5270555377571342,0.1266,107428.460100287
0.6690059669322588,0.1268,107428.460399238
1.1291078014681137,0.127,107428.460576369
0.9004993306285646,0.1272,107428.460798468
0.8590216995383969,0.1274,107428.461031291
1.3533722057139925,0.1276,107428.46117907
1.123494551385994,0.1278,107428.461357086
0.8303509695768901,0.128,107428.461597948
0.7380073878195202,0.1282,107428.461868948
0.9572584302066985,0.1284,107428.462077878
0.8858023218329437,0.1286,107428.462303662
1.8766478787259497,0.1288,107428.462410235
1.2305421148008908,0.129,107428.462572765
0.4919746682376421,0.1292,107428.46297929
1.1750121761562606,0.1294,107428.463149501
1.4343086386863446,0.1296,107428.463288941
1.2920898704234196,0.1298,107428.463443729
1.070085225743095,0.13,107428.46363063
0.7070760488717768,0.1302,107428.463913485
1.0913158457741152,0.1304,107428.46409675
0.8925622802802237,0.1306,107428.464320824
1.0415690577669323,0.1308,107428.464512842
0.7537072874080072,0.131,107428.464778197
1.3376673554123182,0.1312,107428.464927711
0.8974525544224157,0.1314,107428.465150564
0.8128561505243385,0.1316,107428.46539661
1.1682857101861275,0.1318,107428.465567801
0.9285783965375054,0.132,107428.465783184
0.9599185786168681,0.1322,107428.465991535
0.9980737224518035,0.1324,107428.466191921
0.6105062126143339,0.1326,107428.466519518
3.01245636238311,0.1328,107428.466585909
0.8350486479813222,0.133,107428.466825416
1.0988105866217668,0.1332,107428.467007431
0.9945696508493009,0.1334,107428.467208523
0.9755336336803844,0.1336,107428.467413539
0.9093141061865451,0.1338,107428.467633485
0.9994802101339072,0.134,107428.467833589
0.914001618348509,0.1342,107428.468052407
0.9854692617649345,0.1344,107428.468255356
0.9413669505081594,0.1346,107428.468467813
0.9645480518423537,0.1348,107428.468675164
0.9573821241938584,0.135,107428.468884067
1.2013454530990941,0.1352,107428.469050547
0.9644038892493545,0.1354,107428.469257929
0.9519185590348033,0.1356,107428.469468031
0.9720015142518681,0.1358,107428.469673792
0.9532343143385104,0.136,107428.469883604
1.1466969218077139,0.1362,107428.470058018
1.0182366315195825,0.1364,107428.470254436
0.9479526540945461,0.1366,107428.470465417
0.8844978439686295,0.1368,107428.470691534
0.815451169843764,0.137,107428.470936797
1.4591511895770208,0.1372,107428.471073863
1.038335319678515,0.1374,107428.471266479
0.8020628852202969,0.1376,107428.471515836
1.1016916552233875,0.1378,107428.471697375
0.9945647568113908,0.138,107428.471898468
1.1626959682718365,0.1382,107428.472070482
1.0115365910692646,0.1384,107428.472268201
0.9815228450896342,0.1386,107428.472471966
0.9102121191322292,0.1388,107428.472691695
0.9178606836084217,0.139,107428.472909593
1.3590002162707981,0.1392,107428.47305676
0.9662023002314006,0.1394,107428.473263756
0.9664076116148393,0.1396,107428.473470708
0.944077564640536,0.1398,107428.473682555
0.9609840811467454,0.14,107428.473890675
1.1164701846575233,0.1402,107428.474069811
1.0243959507728975,0.1404,107428.474265048
0.9640784298365181,0.1406,107428.4744725
0.8684852978613445,0.1408,107428.474702786
0.8825697093269774,0.141,107428.474929397
1.613371475177954,0.1412,107428.475053361
0.9546448784447612,0.1414,107428.475262863
0.9264663222276557,0.1416,107428.475478737
0.9015262861262086,0.1418,107428.475700583
1.0470108197933545,0.142,107428.475891603
1.2146387842490616,0.1422,107428.476056261
0.9548271309414903,0.1424,107428.476265723
0.7162451700871348,0.1426,107428.476544957
1.4681915593512085,0.1428,107428.476681179
0.769405386695964,0.143,107428.47694112
1.6399088100667583,0.1432,107428.477063078
0.992334213776756,0.1434,107428.477264623
0.9474541764269341,0.1436,107428.477475715
0.9551737219589601,0.1438,107428.477685101
0.9176626736862756,0.144,107428.477903046
1.1227692080814506,0.1442,107428.478081177
1.0636543916630958,0.1444,107428.478269208
0.9854255955492892,0.1446,107428.478472166
0.9081909580655223,0.1448,107428.478692384
0.8980570317080115,0.145,107428.478915087
1.0099225311508724,0.1452,107428.479113122
0.9606470932306151,0.1454,107428.479321315
0.9238728330987487,0.1456,107428.479537795
1.025846264093114,0.1458,107428.479732756
0.9928760992732304,0.146,107428.479934191
0.9121049907733874,0.1462,107428.480153464
1.0096726514959742,0.1464,107428.480351548
0.9130460719886502,0.1466,107428.480570595
1.0147854080367271,0.1468,107428.480767681
0.8348569617571058,0.147,107428.481007243
1.1107716533183176,0.1472,107428.481187298
0.9703462735849734,0.1474,107428.48139341
0.9610809828918306,0.1476,107428.481601509
0.9146034648854535,0.1478,107428.481820183
1.0018885675654763,0.148,107428.482019806
0.9692129631246633,0.1482,107428.482226159
0.9471760202757027,0.1484,107428.482437313
0.6800061166976562,0.1486,107428.482731428
1.7819116628715816,0.1488,107428.482843667
0.909934673237375,0.149,107428.483063463
1.0183247502070076,0.1492,107428.483259864
0.990913386790989,0.1494,107428.483461698
0.9624175566354479,0.1496,107428.483669508
0.9591682074631926,0.1498,107428.483878022
1.1444659766677046,0.15,107428.484052776
0.933924815435671,0.1502,107428.484266926
1.008949380674082,0.1504,107428.484465152
0.9769536518683595,0.1506,107428.48466987
0.9722566151091191,0.1508,107428.484875577
1.0261672664783748,0.151,107428.485070477
1.0024560759993817,0.1512,107428.485269987
0.7558693114448028,0.1514,107428.485534583
1.4353586917249639,0.1516,107428.485673921
0.9143985230593973,0.1518,107428.485892644
1.210280145988547,0.152,107428.486057895
0.9041632513389957,0.1522,107428.486279094
1.040014558135387,0.1524,107428.486471399
0.9694431469673596,0.1526,107428.486677703
0.9182820529879295,0.1528,107428.486895501
1.156082732817387,0.153,107428.487068499
1.0032405081002502,0.1532,107428.487267853
0.9224921699122427,0.1534,107428.487484657
1.0426061032519018,0.1536,107428.487676484
0.9434585299796729,0.1538,107428.48788847
1.075153214583206,0.154,107428.48807449
0.9981683897040873,0.1542,107428.488274857
1.0216956878226382,0.1544,107428.48847061
0.9714019015986189,0.1546,107428.488676498
0.9063348399374631,0.1548,107428.488897167
1.1835650058223155,0.155,107428.489066148
0.8145776940329711,0.1552,107428.489311674
1.2559736970202102,0.1554,107428.489470913
0.9666879325000289,0.1556,107428.489677805
0.9854061660339146,0.1558,107428.489880767
1.0863837663435363,0.156,107428.490064864
1.0111478982950208,0.1562,107428.490262659
0.9644364405091647,0.1564,107428.490470034
0.9179575440867753,0.1566,107428.490687909
1.0057832499516566,0.1568,107428.490886759
1.1060478396051348,0.157,107428.491067583
0.8385287458921536,0.1572,107428.491306096
1.1747567726560282,0.1574,107428.491476344
0.9850761226665983,0.1576,107428.491679374
0.9200393956586043,0.1578,107428.491896756
1.2342326651537736,0.158,107428.4920588
0.9669496395229037,0.1582,107428.492265636
0.9627835744397224,0.1584,107428.492473367
0.9718314755587534,0.1586,107428.492679164
0.9427958738921614,0.1588,107428.492891299
1.1097423872336338,0.159,107428.493071521
0.9708125599972871,0.1592,107428.493277534
0.965647065198078,0.1594,107428.493484649
1.037220715381374,0.1596,107428.493677472
0.9428403065928456,0.1598,107428.493889597
1.1379800887737537,0.16,107428.494065347
1.0002100535121106,0.1602,107428.494265305
0.6501844788182716,0.1604,107428.49457291
2.861680372854222,0.1606,107428.494642799
1.23674367403137,0.1608,107428.494804514
1.2189399511586974,0.161,107428.494968591
0.9136174472480882,0.1612,107428.495187501
0.7523379005583067,0.1614,107428.495453339
0.9532615538379018,0.1616,107428.495663145
1.3839873485837326,0.1618,107428.495807655
0.9249837667074374,0.162,107428.496023875
0.9959514776629799,0.1622,107428.496224688
0.9815951190124214,0.1624,107428.496428438
0.6783178924289589,0.1626,107428.496723285
1.6666943982925946,0.1628,107428.496843283
0.8842671404755258,0.163,107428.497069459
0.9650320899627117,0.1632,107428.497276706
0.7907482297609709,0.1634,107428.497529631
1.3287623599285758,0.1636,107428.497680147
0.9454655622484774,0.1638,107428.497891683
1.1106236394130873,0.164,107428.498071762
1.0496429244906145,0.1642,107428.498262303
0.9500600391639026,0.1644,107428.498472816
0.9673987072346822,0.1646,107428.498679556
0.9183115651745857,0.1648,107428.498897347
1.1417220036277524,0.165,107428.499072521
0.9922701643012636,0.1652,107428.499274079
0.7742035566541448,0.1654,107428.499532409
1.3616928383566345,0.1656,107428.499679285
0.9299254401161005,0.1658,107428.499894356
1.227558774575513,0.166,107428.500057281
0.9584878530544422,0.1662,107428.500265943
0.958455768937902,0.1664,107428.500474612
0.9643991522429323,0.1666,107428.500681995
0.9519820548354146,0.1668,107428.500892083
1.1940369413378313,0.167,107428.501059582
0.9700638272978552,0.1672,107428.501265754
0.9237491399234792,0.1674,107428.501482263
0.924859775897475,0.1676,107428.501698512
1.0438903918287608,0.1678,107428.501890103
1.0932725400445056,0.168,107428.50207304
0.9576342788300863,0.1682,107428.502281888
1.0174492202211276,0.1684,107428.502478458
0.999440308234886,0.1686,107428.50267857
0.9555753068950661,0.1688,107428.502887868
1.1553681311501098,0.169,107428.503060973
0.9878982511105304,0.1692,107428.503263423
0.9335934708279635,0.1694,107428.503477649
0.9156293705546698,0.1696,107428.503696078
0.8061395730794721,0.1698,107428.503944174
1.744682966730099,0.17,107428.504058808
0.9736577212267562,0.1702,107428.504264219
0.9581159428946555,0.1704,107428.504472962
0.9374179631766266,0.1706,107428.504686314
1.000065003788866,0.1708,107428.504886301
1.0493454442035395,0.171,107428.505076896
1.0381036447729781,0.1712,107428.505269555
0.9396464886256645,0.1714,107428.505482401
0.9507375533609592,0.1716,107428.505692764
1.025257172039627,0.1718,107428.505887837
1.1619732684254345,0.172,107428.506059958
0.5148203904888603,0.1722,107428.506448443
1.0344149826337075,0.1724,107428.506641789
0.872710781812985,0.1726,107428.50687096
1.0964191118858109,0.1728,107428.507053372
1.3911591232552163,0.173,107428.507197137
0.9741319603903187,0.1732,107428.507402448
0.7652456108119824,0.1734,107428.507663802
1.2693495870426712,0.1736,107428.507821363
0.9539845642123399,0.1738,107428.50803101
0.9796526189226709,0.174,107428.508235164
0.9292687083148001,0.1742,107428.508450387
1.0108821696356451,0.1744,107428.508648234
0.7682468024613819,0.1746,107428.508908567
1.2800983838355793,0.1748,107428.509064805
1.0362801351938529,0.175,107428.509257803
0.8823789273159474,0.1752,107428.509484463
0.8794494534881592,0.1754,107428.509711878
1.179613924734359,0.1756,107428.509881425
1.1551144964023334,0.1758,107428.510054568
0.9964476882149506,0.176,107428.510255281
0.9550687824455293,0.1762,107428.51046469
0.9521542548193404,0.1764,107428.51067474
0.9806036314289562,0.1766,107428.510878696
1.144086234258634,0.1768,107428.511053508
0.9439082733941856,0.177,107428.511265393
0.9826657519073537,0.1772,107428.511468921
0.8144317255334937,0.1774,107428.511714491
1.1882129610606915,0.1776,107428.511882811
1.077992736764734,0.1778,107428.512068341
1.164496889047824,0.178,107428.512240089
0.9173764427363172,0.1782,107428.512458102
1.0164358083950955,0.1784,107428.512654868
0.9357118924413589,0.1786,107428.512868609
1.09114317069681,0.1788,107428.513051903
0.980517163047776,0.179,107428.513255877
0.9571439000763404,0.1792,107428.513464832
0.8547482983544784,0.1794,107428.513698819
0.9068074314174083,0.1796,107428.513919373
1.5706847635673429,0.1798,107428.514046706
0.9597711718271212,0.18,107428.514255089
0.9372203096314982,0.1802,107428.514468486
0.9815613291030361,0.1804,107428.514672243
0.8920169294472058,0.1806,107428.514896454
1.2577825289160847,0.1808,107428.515055464
0.982907221061865,0.181,107428.515258942
0.8730193332442179,0.1812,107428.515488032
0.9510947393625149,0.1814,107428.515698316
1.0456039677260431,0.1816,107428.515889593
1.2650781776401332,0.1818,107428.516047686
0.9566403062274872,0.182,107428.516256751
0.9155664229179261,0.1822,107428.516475195
0.9901137247059745,0.1824,107428.516677192
0.9382711558204448,0.1826,107428.51689035
1.2787806074569077,0.1828,107428.517046749
0.9661882400695454,0.183,107428.517253748
0.9706899647592784,0.1832,107428.517459787
0.8961658004903776,0.1834,107428.51768296
0.820580153344122,0.1836,107428.51792669
1.8597556247344085,0.1838,107428.518034231
0.9948862822856698,0.184,107428.518235259
0.933136141227292,0.1842,107428.51844959
0.9858919217220238,0.1844,107428.518652452
0.7301348367651448,0.1846,107428.518926374
1.5341071138620417,0.1848,107428.519056743
0.9972823665145378,0.185,107428.519257288
0.9208315571056185,0.1852,107428.519474483
0.965903592838765,0.1854,107428.519681543
0.8372579803859668,0.1856,107428.519920418
1.308249789202116,0.1858,107428.520073294
1.0604959806479919,0.186,107428.520261885
0.9469427823656466,0.1862,107428.520473091
0.9547861379614225,0.1864,107428.520682562
1.0139057036317551,0.1866,107428.520879819
0.6986167317541612,0.1868,107428.521166099
2.159640738136443,0.187,107428.521258707
0.9575975814067186,0.1872,107428.521467563
0.9430314731740629,0.1874,107428.521679645
0.9398849512426515,0.1876,107428.521892437
1.2772207512409082,0.1878,107428.522049027
0.9771015911293794,0.188,107428.522253714
0.9495233933284415,0.1882,107428.522464346
0.9575654901471442,0.1884,107428.522673209
0.9408576606651954,0.1886,107428.522885781
1.2188878456960306,0.1888,107428.523049865
0.9461006504285258,0.189,107428.523261259
0.9148838265227796,0.1892,107428.523479866
1.0169473785806635,0.1894,107428.523676533
0.6902978633450192,0.1896,107428.523966263
2.19132451894614,0.1898,107428.524057532
0.9803345522129056,0.19,107428.524261544
0.921994619277884,0.1902,107428.524478465
1.00547987391318,0.1904,107428.524677375
0.9773403331457774,0.1906,107428.524882012
1.1895344532445002,0.1908,107428.525050145
0.9560960699658674,0.191,107428.525259329
0.9318188278736629,0.1912,107428.525473963
0.9755526758234135,0.1914,107428.525678975
0.8844939163358141,0.1916,107428.525905093
1.0899479881488185,0.1918,107428.526088588
1.1059928342642467,0.192,107428.526269421
0.939337586119158,0.1922,107428.526482337
1.0258566776245839,0.1924,107428.526677296
0.9592832225852331,0.1926,107428.526885785
1.147697189281241,0.1928,107428.527060047
1.0064361692949535,0.193,107428.527258768
0.9509409500335256,0.1932,107428.527469086
0.9189402384889046,0.1934,107428.527686728
0.9956093573504473,0.1936,107428.52788761
1.1664664274419423,0.1938,107428.528059068
0.9919405191445396,0.194,107428.528260693
0.9379630927548688,0.1942,107428.528473921
0.9920438364294989,0.1944,107428.528675525
0.9090412958964115,0.1946,107428.528895537
1.246020514092577,0.1948,107428.529056048
0.9707701144054224,0.195,107428.52926207
0.9015831778936992,0.1952,107428.529483902
1.0267889320214445,0.1954,107428.529678684
0.9558265105481025,0.1956,107428.529887927
1.0671845585045756,0.1958,107428.530075336
1.0138286683778643,0.196,107428.530272608
0.985226532300959,0.1962,107428.530475607
0.9357994314892428,0.1964,107428.530689328
1.0212939892779955,0.1966,107428.530885158
1.219162800916614,0.1968,107428.531049205
0.9571942952903086,0.197,107428.531258149
0.9354405872410817,0.1972,107428.531471952
0.7889390719138246,0.1974,107428.531725457
1.2806967090857564,0.1976,107428.531881622
1.118918690627242,0.1978,107428.532060366
0.7830730579680395,0.198,107428.53231577
1.2240800890776637,0.1982,107428.532479158
1.0195498803741083,0.1984,107428.532675323
0.9520319079414982,0.1986,107428.5328854
1.2053492998195376,0.1988,107428.533051327
0.9583133547603061,0.199,107428.533260027
0.9342520133541471,0.1992,107428.533474102
0.9367287109127405,0.1994,107428.533687611
0.9946042703468748,0.1996,107428.533888696
1.0979298183281698,0.1998,107428.534070857
0.8312137250494365,0.2,107428.534311469
1.2653022595906007,0.2002,107428.534469534
0.9657077237181066,0.2004,107428.534676636
0.9685229987346806,0.2006,107428.534883136
0.9953517319245054,0.2008,107428.53508407
1.0579267285637846,0.201,107428.535273119
1.1277835370412086,0.2012,107428.535450458
1.2478864214233145,0.2014,107428.535610729
0.9679183299450812,0.2016,107428.535817358
0.906195184034412,0.2018,107428.536038061
0.7538436692281892,0.202,107428.536303368
1.297976490542755,0.2022,107428.536457454
0.7363200926964835,0.2024,107428.536729075
1.4265844063712667,0.2026,107428.53686927
1.0807948547985717,0.2028,107428.537054319
0.958299590077005,0.203,107428.537263022
0.9583960179958971,0.2032,107428.537471704
0.949415166249111,0.2034,107428.53768236
0.9492393662453184,0.2036,107428.537893055
0.9029468224524846,0.2038,107428.538114552
0.9925902793298063,0.204,107428.538316045
0.8618163386171651,0.2042,107428.538548113
1.0796396932116032,0.2044,107428.53873336
0.9361323440751473,0.2046,107428.538947005
0.9699414895278756,0.2048,107428.539153203
0.9258702227251192,0.205,107428.539369216
0.9828009487705666,0.2052,107428.539572716
0.9847317658229554,0.2054,107428.539775817
0.6809971147680826,0.2056,107428.540069504
1.5000037486409816,0.2058,107428.540202837
0.8602446312507702,0.206,107428.540435329
1.126297413061035,0.2062,107428.540612902
0.9134630921081008,0.2064,107428.540831849
0.9802816210774987,0.2066,107428.541035872
0.9781481677446064,0.2068,107428.54124034
0.9676233294183026,0.207,107428.541447032
0.9801471164100721,0.2072,107428.541651083
0.948924125412794,0.2074,107428.541861848
1.0641750565192751,0.2076,107428.542049787
0.850843021189297,0.2078,107428.542284848
1.0709102703132816,0.208,107428.542471605
0.9629412183947831,0.2082,107428.542679302
0.9704827614568815,0.2084,107428.542885385
0.9342650958784887,0.2086,107428.543099457
1.2604777642564333,0.2088,107428.543258127
0.9617280102195915,0.209,107428.543466086
0.8826943542968669,0.2092,107428.543692665
0.7996161619575056,0.2094,107428.543942785
1.901411840473928,0.2096,107428.54404797
0.9231735209463034,0.2098,107428.544264614
0.7290542558733843,0.21,107428.544538942
1.3259610610972656,0.2102,107428.544689776
1.0117258734373409,0.2104,107428.544887458
1.1926841104872994,0.2106,107428.545055147
0.9461409009760379,0.2108,107428.545266532
1.0011764019526872,0.211,107428.545466297
0.9415840962604696,0.2112,107428.545678705
0.9844797383373035,0.2114,107428.545881858
1.1161149538291946,0.2116,107428.546061051
0.9566357117669236,0.2118,107428.546270117
0.8074772674794335,0.212,107428.546517802
1.1622771017913016,0.2122,107428.546689878
1.0435363385748753,0.2124,107428.546881534
1.0738312540091537,0.2126,107428.547067783
0.9646736370107387,0.2128,107428.547275107
1.0291242236826015,0.213,107428.547469447
0.9768582443938538,0.2132,107428.547674185
0.9258187685991458,0.2134,107428.54789021
1.2342021857686347,0.2136,107428.548052258
0.8695992547608288,0.2138,107428.548282249
1.0392526025521462,0.214,107428.548474695
0.967403337566956,0.2142,107428.548681434
0.9944756649503481,0.2144,107428.548882545
1.1832709276453586,0.2146,107428.549051568
0.9615291891603049,0.2148,107428.54925957
0.9735297171925916,0.215,107428.549465008
0.9362595035729835,0.2152,107428.549678624
0.9509725988001486,0.2154,107428.549888935
1.2215008672686996,0.2156,107428.550052668
0.9734207058160196,0.2158,107428.550258129
0.8123575842320804,0.216,107428.550504326
0.970407455418242,0.2162,107428.550710425
1.165372120396507,0.2164,107428.550882044
1.113517540481458,0.2166,107428.551061655
1.0313744134651512,0.2168,107428.551255571
0.9339030484651667,0.217,107428.551469726
0.8918418333459367,0.2172,107428.551693981
1.0755868756428817,0.2174,107428.551879926
1.0384377789924406,0.2176,107428.552072523
1.02314871853819,0.2178,107428.552267998
0.9589934613787557,0.218,107428.55247655
0.9843052357215851,0.2182,107428.552679739
0.9838840052631032,0.2184,107428.552883015
1.1881987850953994,0.2186,107428.553051337
0.9702097556096427,0.2188,107428.553257478
0.9601950800386675,0.219,107428.553465769
0.9630849439961136,0.2192,107428.553673435
0.6677083015176971,0.2194,107428.553972967
1.942369984615036,0.2196,107428.554075934
1.0903163359253714,0.2198,107428.554259367
0.8070340829576987,0.22,107428.554507188
1.1205109897740686,0.2202,107428.554685678
0.47242680275303434,0.2204,107428.555109024
1.1006972989062607,0.2206,107428.555290727
1.3838149752796642,0.2208,107428.555435255
1.543114612297405,0.221,107428.555564863
1.4862926575351247,0.2212,107428.555699426
1.040988897538645,0.2214,107428.555891551
1.0079629493935152,0.2216,107428.556089971
1.0573395143648479,0.2218,107428.556279125
0.8927654945068192,0.222,107428.556503148
0.7310074814590217,0.2222,107428.556776743
1.2695108039201881,0.2224,107428.556934284
1.2223818311978156,0.2226,107428.557097899
0.9452331658599313,0.2228,107428.557309487
1.0555204081786553,0.223,107428.557498967
0.8604148645562716,0.2232,107428.557731413
0.8519085088418404,0.2234,107428.55796618
1.2342326651537736,0.2236,107428.558128224
1.1320605419122491,0.2238,107428.558304893
0.8052988497802926,0.224,107428.558553248
0.7765211388754784,0.2242,107428.558810807
0.7269766373508613,0.2244,107428.559085919
0.9466604272196145,0.2246,107428.559297188
2.6302983331429863,0.2248,107428.559373225
1.2997647134836194,0.225,107428.559527099
0.8951469915759145,0.2252,107428.559750526
1.0777720177387133,0.2254,107428.559936094
0.8301924236391357,0.2256,107428.560177002
1.4920029322684125,0.2258,107428.56031105
0.9883522083770961,0.226,107428.560513407
0.9704592570436957,0.2262,107428.560719495
0.8564467078582504,0.2264,107428.560953018
0.7649295043526508,0.2266,107428.56121448
1.1829768937479481,0.2268,107428.561383545
1.0185685140170142,0.227,107428.561579899
1.4207876279716587,0.2272,107428.561720666
0.9105311739852218,0.2274,107428.561940318
1.1668475034163825,0.2276,107428.56211172
0.8770891234504935,0.2278,107428.562339747
0.813629929306505,0.228,107428.562585559
1.313068324803689,0.2282,107428.562737874
0.8174442496100482,0.2284,107428.562982539
0.7633383815948069,0.2286,107428.563244546
1.7163111550959924,0.2288,107428.563361075
1.342452981037062,0.229,107428.563510056
0.9524943529904479,0.2292,107428.563720031
0.8337119772033114,0.2294,107428.563959922
1.5493306564640175,0.2296,107428.56408901
0.9457382892397431,0.2298,107428.564300485
0.8581481296580533,0.23,107428.564533545
0.9246373977770379,0.2302,107428.564749846
1.229022147086956,0.2304,107428.564912577
0.6661870258313463,0.2306,107428.565212793
1.5293792777322721,0.2308,107428.565343565
1.2552405914873503,0.231,107428.565502897
0.9412828149171784,0.2312,107428.565715373
0.9468397087646854,0.2314,107428.565926602
1.0192224978171827,0.2316,107428.56612283
1.1502780931618857,0.2318,107428.566296701
0.9323270411090159,0.232,107428.566511218
0.911207409212115,0.2322,107428.566730707
1.0129453953270162,0.2324,107428.566928151
1.1523591889355567,0.2326,107428.567101708
0.7171877752784991,0.2328,107428.567380575
1.5784945644888844,0.233,107428.567507278
0.9532070763956824,0.2332,107428.567717096
0.8325250929844079,0.2334,107428.567957329
1.1907880052147966,0.2336,107428.568125285
1.15338262385303,0.2338,107428.568298688
0.9573133717302034,0.234,107428.568507606
0.837377194945289,0.2342,107428.568746447
1.0047171292709132,0.2344,107428.568945508
1.360192659852099,0.2346,107428.569092546
0.713752943380867,0.2348,107428.569372755
1.4528653290350102,0.235,107428.569510414
0.8707767558364563,0.2352,107428.569740094
1.0688327918904645,0.2354,107428.569927214
1.2104046402955786,0.2356,107428.570092448
0.952059078763635,0.2358,107428.570302519
0.9748869194344937,0.236,107428.570507671
0.971968450331489,0.2362,107428.570713439
0.7269713693179352,0.2364,107428.570988553
0.699254245936286,0.2366,107428.571274572
1.7774143218991674,0.2368,107428.571387095
1.0618642091553485,0.237,107428.571575443
0.9616679178940651,0.2372,107428.571783415
0.830937478443489,0.2374,107428.572024107
1.2173002271207232,0.2376,107428.572188405
0.9922061947231319,0.2378,107428.572389976
0.949275491404273,0.238,107428.572600663
0.9477685065519474,0.2382,107428.572811685
0.9219818781418592,0.2384,107428.573028609
0.5407890128967355,0.2386,107428.573398439
1.3977704605447088,0.2388,107428.573541524
1.3142072534387748,0.239,107428.573693707
1.2604857407565717,0.2392,107428.573852376
0.9458142409989643,0.2394,107428.574063834
0.9706617886868164,0.2396,107428.574269879
0.9395405654855254,0.2398,107428.574482749
1.0087356665415146,0.24,107428.574681017
0.9599001419118399,0.2402,107428.574889372
1.1079104755087683,0.2404,107428.575069892
0.5053784883920324,0.2406,107428.575465635
0.8347629008230766,0.2408,107428.575705224
1.4632075498848442,0.241,107428.57584191
1.5581056115696563,0.2412,107428.575970271
1.2692852289778245,0.2414,107428.57612784
1.31781823358855,0.2416,107428.576279606
0.9024171521495497,0.2418,107428.576501233
1.0359205274069843,0.242,107428.576694298
0.8485074450983532,0.2422,107428.576930006
0.6203685717552576,0.2424,107428.577252395
2.186079218171762,0.2426,107428.577343883
1.046764176051057,0.2428,107428.577534948
1.7387825402334234,0.243,107428.577649971
0.9932607745802219,0.2432,107428.577851328
1.4034595323597603,0.2434,107428.577993833
0.933541154725327,0.2436,107428.578208071
0.9258959207451907,0.2438,107428.578424078
1.0017480685882236,0.244,107428.578623729
0.9775887875744271,0.2442,107428.578828314
0.8885769056560894,0.2444,107428.579053393
0.9735155119233463,0.2446,107428.579258834
0.4500652605228848,0.2448,107428.579703214
1.2107343328075733,0.245,107428.579868403
1.4545243732793027,0.2452,107428.580005905
1.9678066087249912,0.2454,107428.580107541
1.0049594914445368,0.2456,107428.580306554
0.7394972643234559,0.2458,107428.580577008
1.0390366208917348,0.246,107428.580769494
1.2372868881971162,0.2462,107428.580931138
0.7701460423639804,0.2464,107428.581190829
1.531159096172585,0.2466,107428.581321449
0.7151413469734933,0.2468,107428.581601114
1.1254037467616265,0.247,107428.581778828
1.247894126054827,0.2472,107428.581939098
1.2918895944099775,0.2474,107428.58209391
0.8696445944285303,0.2476,107428.582323889
1.0698390844524197,0.2478,107428.582510833
0.9742742807991572,0.248,107428.582716114
0.901501923032926,0.2482,107428.582937966
1.200091172975843,0.2484,107428.58310462
0.9900254997760458,0.2486,107428.583306635
0.4644929963967179,0.2488,107428.583737212
1.3904821407275354,0.249,107428.583881047
1.2500390273815016,0.2492,107428.584041042
1.6983407251837146,0.2494,107428.584158804
1.28688544265287,0.2496,107428.584314218
1.1001099996070178,0.2498,107428.584496018
1.022824273239672,0.25,107428.584691555
0.8601077825889858,0.2502,107428.584924084
1.1612985643440519,0.2504,107428.585096305
0.899110770269724,0.2506,107428.585318747
0.9514249917935025,0.2508,107428.585528958
1.321684967603709,0.251,107428.58568028
0.9516286827388507,0.2512,107428.585890446
1.0677657559540243,0.2514,107428.586077753
0.9713453311036759,0.2516,107428.586283653
0.9299773517395663,0.2518,107428.586498712
0.951818947698694,0.252,107428.586708836
0.9882399234711132,0.2522,107428.586911216
1.0197837889947323,0.2524,107428.587107336
0.9514566727878956,0.2526,107428.58731754
1.058318648680834,0.2528,107428.587506519
0.6569913947142711,0.253,107428.587810937
1.5733041031106403,0.2532,107428.587938058
1.1736469629734194,0.2534,107428.588108467
1.0742696428892669,0.2536,107428.58829464
0.9979442183273953,0.2538,107428.588495052
0.9198024007399223,0.254,107428.58871249
0.9845523778617075,0.2542,107428.588915628
1.2423517676757658,0.2544,107428.589076613
0.7332023339739915,0.2546,107428.589349389
1.0787660927987892,0.2548,107428.589534786
0.514469464567311,0.255,107428.589923536
1.3442305133454808,0.2552,107428.59007232
1.5507602943671341,0.2554,107428.590201289
1.4292656163534945,0.2556,107428.590341221
0.8691873426792955,0.2558,107428.590571321
1.2480109535223602,0.256,107428.590731576
0.8720182508007088,0.2562,107428.590960929
1.4089665603887627,0.2564,107428.591102877
0.8510131366988332,0.2566,107428.591337891
1.2180861780552168,0.2568,107428.591502083
0.6004040765581443,0.257,107428.591835192
1.8811488326904229,0.2572,107428.59194151
1.2033115964436811,0.2574,107428.592107718
0.8767853519591132,0.2576,107428.592335824
1.290797246854126,0.2578,107428.592490767
0.9571209706775221,0.258,107428.592699727
0.9053050759189115,0.2582,107428.592920647
1.136912690016153,0.2584,107428.593096562
0.8744278207080061,0.2586,107428.593325283
0.9402517167693492,0.2588,107428.593537992
1.1012791367394854,0.259,107428.593719599
0.7190028795488623,0.2592,107428.593997762
1.2062508340828402,0.2594,107428.594163565
1.167705934606312,0.2596,107428.594334841
0.9452554641944274,0.2598,107428.594546424
0.23030410825344558,0.26,107428.595414841
0.8130973653172101,0.2602,107428.595660814
10.2009593511255,0.2604,107428.59568042
1.0556262061814425,0.2606,107428.595869881
1.6961515119112216,0.2608,107428.595987795
1.1738742113145375,0.261,107428.596158171
0.6877460990202039,0.2612,107428.596448976
1.5542550824327241,0.2614,107428.596577655
1.8062604469186145,0.2616,107428.596688381
1.563868463277996,0.2618,107428.596816269
1.934684931710803,0.262,107428.596919645
1.4792571828523347,0.2622,107428.597054848
2.058841513416172,0.2624,107428.59715199
0.987098625233381,0.2626,107428.597354604
0.9822170020884052,0.2628,107428.597558225
0.8599154497964725,0.263,107428.597790806
0.850405216914288,0.2632,107428.598025988
1.2402023670505664,0.2634,107428.598187252
0.8950828646463729,0.2636,107428.598410695
1.062693629310285,0.2638,107428.598598896
0.9258487672188233,0.264,107428.598814914
0.9788423681583861,0.2642,107428.599019237
1.030423233761905,0.2644,107428.599213332
0.9138721075450602,0.2646,107428.599432181
0.8110333086314739,0.2648,107428.59967878
0.8114939778825054,0.265,107428.599925239
0.8627643866428245,0.2652,107428.600157052
1.7371364593014547,0.2654,107428.600272184
1.083687792026751,0.2656,107428.600456739
0.8912695608504586,0.2658,107428.600681138
0.8853279256804771,0.266,107428.600907043
1.1292098467452798,0.2662,107428.601084158
0.8280613316635195,0.2664,107428.601325686
1.222822735458427,0.2666,107428.601489242
0.9722094354265578,0.2668,107428.601694959
0.9606793913760545,0.267,107428.601903145
0.9125877409396052,0.2672,107428.602122302
0.9223773885892177,0.2674,107428.602339133
1.3490270173769514,0.2676,107428.602487388
0.9522766331470097,0.2678,107428.602697411
0.9541802771019429,0.268,107428.602907015
1.1690915617467748,0.2682,107428.603078088
0.8713419539955524,0.2684,107428.603307619
1.0216383480641082,0.2686,107428.603503383
0.8542992450295763,0.2688,107428.603737493
0.839595343435981,0.269,107428.603975703
0.787860625522676,0.2692,107428.604229555
1.907632537985132,0.2694,107428.604334397
0.9995001986218007,0.2696,107428.604534497
0.8420981802537922,0.2698,107428.604771999
1.4277861673645635,0.27,107428.604912076
1.1132200871012647,0.2702,107428.605091735
1.0628630059530901,0.2704,107428.605279906
0.9607486281897077,0.2706,107428.605488077
0.8655909937543007,0.2708,107428.605719133
0.9698850889971825,0.271,107428.605925343
0.7279662651592018,0.2712,107428.606200081
1.552192573090315,0.2714,107428.606328931
0.913404630513071,0.2716,107428.606547892
1.1749431670942356,0.2718,107428.606718113
1.0205644369645774,0.272,107428.606914083
1.2373021482802762,0.2722,107428.607075725
0.9756382707814689,0.2724,107428.607280719
0.9517374150882484,0.2726,107428.607490861
0.8152716628298355,0.2728,107428.607736178
0.7048657156070992,0.273,107428.60801992
1.2050006634566814,0.2732,107428.608185895
1.5411171420759004,0.2734,107428.608315671
0.782016718761813,0.2736,107428.60857142
1.1118894479640826,0.2738,107428.608751294
1.2252424826470771,0.274,107428.608914527
1.164781609598952,0.2742,107428.609086233
1.0428072721488584,0.2744,107428.609278023
0.7783676122305624,0.2746,107428.609534971
0.9885085258573465,0.2748,107428.609737296
0.5894401805526962,0.275,107428.610076601
0.9094629698849588,0.2752,107428.610296511
0.7242335942609787,0.2754,107428.610572665
1.5346955438777645,0.2756,107428.610702984
3.48845325546147,0.2758,107428.610760316
1.058301861282728,0.276,107428.610949298
0.8991795347690844,0.2762,107428.611171723
1.2597869663485173,0.2764,107428.61133048
1.0292618702230716,0.2766,107428.611524794
0.8815310681582824,0.2768,107428.611751672
0.8876619441366976,0.277,107428.611976983
0.6555807931108584,0.2772,107428.612282056
1.6359114029152257,0.2774,107428.612404312
1.237776958278863,0.2776,107428.612565892
1.0919534752453428,0.2778,107428.61274905
1.266945347650948,0.278,107428.61290691
1.1754196655774298,0.2782,107428.613077062
1.0035122720320582,0.2784,107428.613276362
0.9184128168212424,0.2786,107428.613494129
0.9807046004628331,0.2788,107428.613698064
0.8580045553248472,0.279,107428.613931163
0.9324617725890304,0.2792,107428.614145649
0.8147734627494692,0.2794,107428.614391116
1.9855846593350353,0.2796,107428.614491842
0.9644178298523896,0.2798,107428.614699221
0.9672114882856525,0.28,107428.614906001
1.1731444622830831,0.2802,107428.615076483
0.8766392764047009,0.2804,107428.615304627
1.1050578690184731,0.2806,107428.615485613
0.9624731593855144,0.2808,107428.615693411
0.9037791623527806,0.281,107428.615914704
0.8400784625565967,0.2812,107428.616152777
1.51259620639639,0.2814,107428.616285
0.9442469166230152,0.2816,107428.616496809
0.9954507862084753,0.2818,107428.616697723
0.9650879274683212,0.282,107428.616904958
1.1939514697427165,0.2822,107428.617072469
0.9013962663125822,0.2824,107428.617294347
1.0410701946167915,0.2826,107428.617486457
0.9291478375243434,0.2828,107428.617701708
0.946476781337303,0.283,107428.617913018
1.20940184637596,0.2832,107428.618078389
0.9776508861485779,0.2834,107428.618282961
0.9703368195219291,0.2836,107428.618489075
0.9222667822728886,0.2838,107428.618705932
0.9409727713651868,0.284,107428.618918478
1.1692282164890764,0.2842,107428.619089531
1.0171025608326159,0.2844,107428.619286168
0.9876933610749771,0.2846,107428.61948866
0.9515154956972733,0.2848,107428.619698851
0.840202025816754,0.285,107428.619936889
1.2590652054170173,0.2852,107428.620095737
0.8875516540525712,0.2854,107428.620321076
0.7736046246419885,0.2856,107428.620579606
1.356530003308293,0.2858,107428.620727041
1.0878196550973205,0.286,107428.620910895
1.2080066689790685,0.2862,107428.621076457
0.9776700110385992,0.2864,107428.621281025
0.578474382876788,0.2866,107428.621626762
2.566471798416612,0.2868,107428.62170469
0.83026138192565,0.287,107428.621945578
1.1422631566298975,0.2872,107428.622120669
1.0530638458682895,0.2874,107428.622310591
0.632293104829019,0.2876,107428.6226269
1.0453690382515253,0.2878,107428.62281822
1.7794384921472468,0.288,107428.622930615
1.2911139744802298,0.2882,107428.62308552
1.0310021919614438,0.2884,107428.623279506
0.951773664726469,0.2886,107428.62348964
0.9368646538055261,0.2888,107428.623703118
0.9424138091552583,0.289,107428.623915339
1.0484818484547935,0.2892,107428.624106091
0.6815401311230164,0.2894,107428.624399544
1.914187020337459,0.2896,107428.624504027
0.5481058836327927,0.2898,107428.62486892
1.2975385332131408,0.29,107428.625023058
1.6937383022784307,0.2902,107428.62514114
0.9122880740922742,0.2904,107428.625360369
0.8487703387586726,0.2906,107428.625596004
1.2310116394540163,0.2908,107428.625758472
1.1515961087082232,0.291,107428.625932144
1.1552412998549213,0.2912,107428.626105268
0.9995352349179127,0.2914,107428.626305361
0.7302521502302433,0.2916,107428.626579239
0.6988828491855612,0.2918,107428.62686541
1.741128915742285,0.292,107428.626980278
1.0877427730879041,0.2922,107428.627164145
1.4221716580882993,0.2924,107428.627304775
0.9462125528196889,0.2926,107428.627516144
0.8841498431303006,0.2928,107428.62774235
1.0827901429105176,0.293,107428.627927058
1.0849693924205897,0.2932,107428.628111395
1.1515496980090276,0.2934,107428.628285074
0.9896188841805367,0.2936,107428.628487172
0.7748574078543811,0.2938,107428.628745284
1.1150012247906709,0.294,107428.628924656
0.9972575460589198,0.2942,107428.629125206
0.9623249670405031,0.2944,107428.629333036
0.9858481473279278,0.2946,107428.629535907
0.8835210528073254,0.2948,107428.629762274
1.027553840799453,0.295,107428.629956911
0.9644549842051962,0.2952,107428.630164282
0.9243083823450163,0.2954,107428.63038066
0.9568233881050079,0.2956,107428.630589685
0.7075112719131742,0.2958,107428.630872366
1.283474610672838,0.296,107428.631028193
1.1711453415901214,0.2962,107428.631198966
0.921374547048749,0.2964,107428.631416033
1.1345521342973979,0.2966,107428.631592314
1.248938416726079,0.2968,107428.63175245
0.9418457457632028,0.297,107428.631964799
1.274949231903315,0.2972,107428.632121668
0.9605501446915492,0.2974,107428.632329882
0.9122464743070293,0.2976,107428.632549121
0.8871894488721106,0.2978,107428.632774552
1.0321142377727615,0.298,107428.632968329
0.9675063058183939,0.2982,107428.633175046
1.2691080142693083,0.2984,107428.633332637
0.9794318701175716,0.2986,107428.633536837
0.7633413069265976,0.2988,107428.633798843
1.2853471134365329,0.299,107428.633954443
0.9343829186106646,0.2992,107428.634168488
0.9548818600661173,0.2994,107428.634377938
0.9755336336802489,0.2996,107428.634582954
0.952771084619479,0.2998,107428.634792868
0.9054075354537857,0.3,107428.635013763
0.9104151884695874,0.3002,107428.635233443
1.3503659837230226,0.3004,107428.635381551
1.0364734767553734,0.3006,107428.635574513
1.003884996384942,0.3008,107428.635773739
1.1622299244856402,0.301,107428.635945822
1.2884273377041484,0.3012,107428.63610105
1.2882779450084179,0.3014,107428.636256296
0.9453091015236613,0.3016,107428.636467867
0.8001088484191036,0.3018,107428.636717833
0.5142406090115323,0.302,107428.637106756
1.2359717040183416,0.3022,107428.637268572
2.13415286222272,0.3024,107428.637362286
1.3990709653407138,0.3026,107428.637505238
0.8136431752762776,0.3028,107428.637751046
1.5555850100403552,0.303,107428.637879615
1.5686765580027597,0.3032,107428.638007111
1.0936492304410228,0.3034,107428.638189985
1.176892800142359,0.3036,107428.638359924
0.8980248169585738,0.3038,107428.638582635
1.7691600953014162,0.304,107428.638695683
1.0483608441567627,0.3042,107428.638886457
1.440102566930962,0.3044,107428.639025336
1.1819422671499233,0.3046,107428.639194549
0.7249029502520645,0.3048,107428.639470448
2.742619146835904,0.305,107428.639543371
0.9362594397933933,0.3052,107428.639756987
1.0979539385641592,0.3054,107428.639939144
1.2536434835900419,0.3056,107428.640098679
1.182774098599249,0.3058,107428.640267773
1.149266692795052,0.306,107428.640441797
1.2263844331513494,0.3062,107428.640604878
1.141480865698113,0.3064,107428.640780089
0.45661997009284155,0.3066,107428.64121809
0.7326570923976067,0.3068,107428.641491069
2.275804530878913,0.307,107428.64157895
2.749481286960387,0.3072,107428.641651691
1.6576051291597445,0.3074,107428.641772347
0.7670358341510397,0.3076,107428.642033091
1.0274008293276655,0.3078,107428.642227757
1.2913390037050632,0.308,107428.642382635
0.8059738780844092,0.3082,107428.642630782
0.7447069591673426,0.3084,107428.642899344
0.7449843991793014,0.3086,107428.643167806
1.5814653413434712,0.3088,107428.643294271
1.1182992338321363,0.309,107428.643473114
1.0337252689611687,0.3092,107428.643666589
1.0456095360561004,0.3094,107428.643857865
1.026878537230756,0.3096,107428.64405263
0.9331273983337127,0.3098,107428.644266963
1.279819809533956,0.31,107428.644423235
0.6359401532078893,0.3102,107428.64473773
1.0248736848629838,0.3104,107428.644932876
0.7003389743491502,0.3106,107428.645218452
1.0605353419459507,0.3108,107428.645407036
1.1506553106569868,0.311,107428.64558085
0.6588526713960456,0.3112,107428.645884408
1.0351163755770552,0.3114,107428.646077623
1.311458165482632,0.3116,107428.646230125
0.9069678046547983,0.3118,107428.64645064
1.4465185931992781,0.312,107428.646588903
0.8718395794838096,0.3122,107428.646818303
0.6994278656444157,0.3124,107428.647104251
1.616448874145899,0.3126,107428.647227979
0.8390916218958854,0.3128,107428.647466332
0.8862851708219652,0.313,107428.647691993
1.6061290635963106,0.3132,107428.647816516
1.2267530006498253,0.3134,107428.647979548
0.875311843185421,0.3136,107428.648208038
0.7914178503399426,0.3138,107428.648460749
1.2207701397917237,0.314,107428.64862458
0.9003169375050226,0.3142,107428.648846724
0.6728750443904247,0.3144,107428.649143956
1.3439234618025164,0.3146,107428.649292774
0.9747158698059533,0.3148,107428.649497962
0.9997401228501486,0.315,107428.649698014
0.8987753926710852,0.3152,107428.649920539
1.1957645518887203,0.3154,107428.650087796
0.9011485106675504,0.3156,107428.650309735
0.8451764096088078,0.3158,107428.650546372
0.8836693173646578,0.316,107428.650772701
1.2482368517670657,0.3162,107428.650932927
1.062761422796785,0.3164,107428.651121116
0.9500780998071063,0.3166,107428.651331625
1.1601063000398664,0.3168,107428.651504023
1.1479079791736708,0.317,107428.651678253
0.8923670962318815,0.3172,107428.651902376
1.1010124398531969,0.3174,107428.652084027
1.2004513384818583,0.3176,107428.652250631
0.911215685758825,0.3178,107428.652470118
0.9076263479911407,0.318,107428.652690473
0.8996203713985366,0.3182,107428.652912789
0.9335280924679591,0.3184,107428.65312703
0.9735724044523204,0.3186,107428.653332459
0.9508912111147801,0.3188,107428.653542788
0.9564893114221311,0.319,107428.653751886
0.8863794257282027,0.3192,107428.653977523
0.9307260895197034,0.3194,107428.654192409
0.8788890912815179,0.3196,107428.654419969
1.2683916900883614,0.3198,107428.654577649
0.9270246085764797,0.32,107428.654793393
0.8909638596919919,0.3202,107428.655017869
1.0711684255428464,0.3204,107428.655204581
0.9746398362954616,0.3206,107428.655409785
0.7054848139027603,0.3208,107428.655693278
1.173598657729206,0.321,107428.655863694
0.9411543518036615,0.3212,107428.656076199
0.8903846950621237,0.3214,107428.656300821
1.1081806144320085,0.3216,107428.656481297
1.0869506521277859,0.3218,107428.656665298
1.1849464569108925,0.322,107428.656834082
0.8961898175785011,0.3222,107428.657057249
0.6882454773180626,0.3224,107428.657347843
1.4342468218572872,0.3226,107428.657487289
1.3121035839582742,0.3228,107428.657639716
0.9017050876526675,0.323,107428.657861518
0.8922357659557975,0.3232,107428.658085674
1.2180936270549216,0.3234,107428.658249865
0.9273684510142418,0.3236,107428.658465529
0.8642146117769559,0.3238,107428.658696953
1.1348483542552472,0.324,107428.658873188
1.0054647209487497,0.3242,107428.659072101
1.127650013890803,0.3244,107428.659249461
1.1383039330421807,0.3246,107428.659425161
0.9455862271399134,0.3248,107428.65963667
1.0736064489370092,0.325,107428.659822958
0.8159036012527211,0.3252,107428.660068085
1.0950922733976605,0.3254,107428.660250718
1.1199839487735852,0.3256,107428.660429292
0.8610520193150829,0.3258,107428.660661566
1.222800323674641,0.326,107428.660825125
0.9614691216774522,0.3262,107428.66103314
1.1223596376020046,0.3264,107428.661211336
1.128018921971954,0.3266,107428.661388638
0.8364140947801488,0.3268,107428.661627754
1.6160048898162112,0.327,107428.661751516
1.1645035983637249,0.3272,107428.661923263
0.8610260726871104,0.3274,107428.662155544
1.1927836859551677,0.3276,107428.662323219
1.1273893508798434,0.3278,107428.66250062
1.0071051388841317,0.328,107428.662699209
1.2428073106995354,0.3282,107428.662860135
1.1138090149200246,0.3284,107428.663039699
0.965936245417038,0.3286,107428.663246752
1.1492601579056085,0.3288,107428.663420777
1.1345585966501457,0.329,107428.663597057
1.0608110347415547,0.3292,107428.663785592
0.8454050004390248,0.3294,107428.664022165
1.140855785085047,0.3296,107428.664197472
0.8572873502120646,0.3298,107428.664430766
1.1534956873420679,0.33,107428.664604152
0.9733686564972913,0.3302,107428.664809624
1.1163766857121704,0.3304,107428.664988775
1.1624325191280545,0.3306,107428.665160828
0.8202301512190594,0.3308,107428.665404662
0.9047726361072929,0.331,107428.665625712
0.595899635897455,0.3312,107428.665961339
0.6489018676796906,0.3314,107428.666269552
0.914243964720072,0.3316,107428.666488312
1.027284641723418,0.3318,107428.666683
1.0355719368719989,0.332,107428.66687613
1.142139186076573,0.3322,107428.66705124
1.0843870312192454,0.3324,107428.667235676
0.8419350654598043,0.3326,107428.667473224
1.0264622509880996,0.3328,107428.667668068
1.0102540647490976,0.333,107428.667866038
1.0875948940258335,0.3332,107428.66804993
0.6447515467398932,0.3334,107428.668360127
2.998276446335221,0.3336,107428.668426832
1.109785489137277,0.3338,107428.668607047
0.8774546666593226,0.334,107428.668834979
1.0040765604854793,0.3342,107428.669034167
1.0906374164963248,0.3344,107428.669217546
0.9044699243495898,0.3346,107428.66943867
1.1267922599668654,0.3348,107428.669616165
1.0695073269826676,0.335,107428.669803167
1.0662685311300948,0.3352,107428.669990737
1.0775804518015062,0.3354,107428.670176338
1.1028093807235493,0.3356,107428.670357693
0.6935894890516079,0.3358,107428.670646048
1.9362022348207295,0.336,107428.670749343
1.102584486636756,0.3362,107428.670930735
0.7777501192296212,0.3364,107428.671187887
1.5393496273569849,0.3366,107428.671317812
1.0633151056030252,0.3368,107428.671505903
1.0423941806902366,0.337,107428.671697769
0.9713499992931429,0.3372,107428.671903668
1.0402904711724026,0.3374,107428.672095922
0.9995302191981444,0.3376,107428.672296016
1.101388305337109,0.3378,107428.672477605
0.8427794879991187,0.338,107428.672714915
1.0266623759660038,0.3382,107428.672909721
1.0547021431549959,0.3384,107428.673099348
1.075824047825244,0.3386,107428.673285252
1.06308341611265,0.3388,107428.673473384
0.7595263615902594,0.339,107428.673736706
1.5777599526482997,0.3392,107428.673863468
0.8944823831836087,0.3394,107428.674087061
1.0433566693957035,0.3396,107428.67427875
0.9562011688367107,0.3398,107428.674487911
0.9741082098444009,0.34,107428.674693227
0.9114939739535488,0.3402,107428.674912647
1.05671939543861,0.3404,107428.675101912
0.8671221877590173,0.3406,107428.67533256
0.8412941035263913,0.3408,107428.675570289
0.8754037784306039,0.341,107428.675798755
0.8348290708597843,0.3412,107428.676038325
0.785222089292754,0.3414,107428.67629303
0.6910444029679488,0.3416,107428.676582447
0.9511987415067622,0.3418,107428.676792708
0.805736870692218,0.342,107428.677040928
0.9635071919866834,0.3422,107428.677248503
1.109163837690785,0.3424,107428.677428819
1.137494667721597,0.3426,107428.677604644
1.070956250059785,0.3428,107428.677791393
0.8555308052074174,0.343,107428.678025166
1.0895500892201568,0.3432,107428.678208728
0.6757829889709196,0.3434,107428.678504681
1.008196600068918,0.3436,107428.678703055
0.7829841921442392,0.3438,107428.678958488
0.9218884332907614,0.344,107428.679175434
1.0232743335843368,0.3442,107428.679370885
0.8083845923216458,0.3444,107428.679618292
0.813517380051726,0.3446,107428.679864138
1.000320124324674,0.3448,107428.680064074
1.093954252656046,0.345,107428.680246897
1.0895857629760552,0.3452,107428.680430453
0.8414426999544248,0.3454,107428.68066814
0.9656098189441317,0.3456,107428.680875263
0.9232331777491645,0.3458,107428.681091893
1.0451231673190362,0.346,107428.681283258
1.1333885199669136,0.3462,107428.68145972
1.067264363116051,0.3464,107428.681647115
0.974231531969647,0.3466,107428.681852405
1.0438195936696604,0.3468,107428.682044009
1.0987863408879857,0.347,107428.682226028
1.0819408222672975,0.3472,107428.682410881
0.8491378872405302,0.3474,107428.682646414
0.8231773718893389,0.3476,107428.682889375
0.9808634081065499,0.3478,107428.683093277
0.9564664133745481,0.348,107428.68330238
1.0902450680156834,0.3482,107428.683485825
1.0379311713780208,0.3484,107428.683678516
0.5465302144237715,0.3486,107428.684044461
1.7730496398592548,0.3488,107428.684157261
0.7567587982661638,0.349,107428.684421546
2.629606864122545,0.3492,107428.684497603
1.0858352290323523,0.3494,107428.684681793
1.3615352801404244,0.3496,107428.684828686
1.0256042090686286,0.3498,107428.685023693
1.0773598171044312,0.35,107428.685209332
1.0364681616337275,0.3502,107428.685402295
1.0548467173554525,0.3504,107428.685591896
0.9887333855666056,0.3506,107428.685794175
0.5953834019410706,0.3508,107428.686130093
1.2934017607298145,0.351,107428.686284724
1.036973263496226,0.3512,107428.686477593
0.8428647160675061,0.3514,107428.686714879
0.6491019898972958,0.3516,107428.687022997
3.0166821658815755,0.3518,107428.687089295
1.0131404332283465,0.352,107428.687286701
1.0272371912922675,0.3522,107428.687481398
1.0921919321970037,0.3524,107428.687664516
0.8177082876771482,0.3526,107428.687909102
0.9981583857307645,0.3528,107428.688109471
1.4288265399479807,0.353,107428.688249446
1.0876659019447399,0.3532,107428.688433326
1.0483443711776395,0.3534,107428.688624103
0.7908201643877171,0.3536,107428.688877005
0.9802240116485567,0.3538,107428.68908104
0.8760364192222164,0.354,107428.689309341
0.9841018332045175,0.3542,107428.689512572
1.0672302188722655,0.3544,107428.689699973
0.8343867169772764,0.3546,107428.68993967
0.9564252795201641,0.3548,107428.690148782
1.1510658409145622,0.355,107428.690322534
1.0885420843999025,0.3552,107428.690506266
0.8251131280615756,0.3554,107428.690748657
0.8635541043135497,0.3556,107428.690980258
0.9076593152481511,0.3558,107428.691200605
1.0261040611526906,0.356,107428.691395517
0.9302801906413601,0.3562,107428.691610506
0.9995451938156078,0.3564,107428.691810597
0.5876856322809866,0.3566,107428.692150915
1.3656165409379366,0.3568,107428.692297369
1.2801064913646163,0.357,107428.692453606
1.500802914620142,0.3572,107428.692586868
0.8583138355759734,0.3574,107428.692819883
0.8819664245196802,0.3576,107428.693046649
0.8730765107217776,0.3578,107428.693275724
0.8552856888281244,0.358,107428.693509564
1.5974694314507096,0.3582,107428.693634762
0.6086075559397581,0.3584,107428.693963381
1.3228299871593354,0.3586,107428.694114572
1.3608775179324308,0.3588,107428.694261536
1.0851930695239072,0.359,107428.694445835
1.0276383546208,0.3592,107428.694640456
1.0849517488979483,0.3594,107428.694824796
0.6644495946168385,0.3596,107428.695125797
1.3953618229186981,0.3598,107428.695269129
1.057462518977264,0.36,107428.695458261
1.017035349514385,0.3602,107428.695654911
1.0730074845026751,0.3604,107428.695841303
1.004313476448983,0.3606,107428.696040444
0.6280282853958048,0.3608,107428.696358901
0.959679090699825,0.361,107428.696567304
0.7830853276760324,0.3612,107428.696822704
0.928660338962151,0.3614,107428.697038068
1.127561016020159,0.3616,107428.697215442
0.8602520078876835,0.3618,107428.697447932
1.1064333865273228,0.362,107428.697628693
1.011168356193115,0.3622,107428.697826484
1.156584151747831,0.3624,107428.697999407
0.6236494135748913,0.3626,107428.6983201
0.6929454523748285,0.3628,107428.698608723
1.3597302825437445,0.363,107428.698755811
0.8999563210889908,0.3632,107428.698978044
1.112192400651143,0.3634,107428.699157869
0.9016197887631555,0.3636,107428.699379692
0.8161399887413096,0.3638,107428.699624748
0.8681798876359533,0.364,107428.699855115
0.9687013035843279,0.3642,107428.700061577
1.074523539875141,0.3644,107428.700247706
1.0952902913697167,0.3646,107428.700430306
0.8117410008636213,0.3648,107428.70067669
1.1144296505411386,0.365,107428.700856154
1.049598756601075,0.3652,107428.701046703
1.096328941006978,0.3654,107428.70122913
0.8483923199415557,0.3656,107428.70146487
1.0296540486788166,0.3658,107428.70165911
1.0269628632634926,0.366,107428.701853859
1.077145182015512,0.3662,107428.702039535
1.109496116467504,0.3664,107428.702219797
0.9722094354265578,0.3666,107428.702425514
0.844116901205222,0.3668,107428.702662448
1.0123097290083145,0.367,107428.702860016
0.9207001036533933,0.3672,107428.703077242
1.0517127151993606,0.3674,107428.703267408
0.9668374717372337,0.3676,107428.703474268
1.051154404637589,0.3678,107428.703664535
1.0816189676361374,0.368,107428.703849443
1.041053949956639,0.3682,107428.704041556
1.0060058764540487,0.3684,107428.704240362
1.0439830068290474,0.3686,107428.704431936
0.8225848757786411,0.3688,107428.704675072
1.0701826306727147,0.369,107428.704861956
0.8276055862838074,0.3692,107428.705103617
1.2471938466706052,0.3694,107428.705263977
1.0493674769650088,0.3696,107428.705454568
0.8115302023445454,0.3698,107428.705701016
1.041644998193818,0.37,107428.70589302
1.087417457803584,0.3702,107428.706076942
0.8711408652098462,0.3704,107428.706306526
1.1816419847883488,0.3706,107428.706475782
0.713073487763324,0.3708,107428.706756258
1.14150039569091,0.371,107428.706931466
0.7315048312844222,0.3712,107428.707204875
0.8644947797932053,0.3714,107428.707436224
1.1707613539500281,0.3716,107428.707607053
0.850022113310734,0.3718,107428.707842341
0.9448134644092222,0.372,107428.708054023
1.138861289731989,0.3722,107428.708229637
0.9744594769672512,0.3724,107428.708434879
0.8268357498007786,0.3726,107428.708676765
1.0795056250103423,0.3728,107428.708862035
0.9024130637628551,0.373,107428.709083663
0.8678558951188724,0.3732,107428.709314116
0.8328960664694361,0.3734,107428.709554242
0.7837082860446679,0.3736,107428.709809439
1.0777894285180596,0.3738,107428.709995004
1.0487786791681533,0.374,107428.710185702
1.0167303383501107,0.3742,107428.710382411
1.1118090362192754,0.3744,107428.710562298
0.8118794358835418,0.3746,107428.71080864
1.0987079009724647,0.3748,107428.710990672
1.058666006525549,0.375,107428.711179589
1.1114198243418068,0.3752,107428.711359539
0.6738385461529626,0.3754,107428.711656346
1.3653555233639587,0.3756,107428.711802828
0.7984764778043345,0.3758,107428.712053305
1.1513839622652886,0.376,107428.712227009
0.8782291475507442,0.3762,107428.71245474
0.6220356047130192,0.3764,107428.712776265
3.4268293426986305,0.3766,107428.712834628
0.8277220677479953,0.3768,107428.713076255
0.7761534384807023,0.377,107428.713333936
1.054262916425976,0.3772,107428.713523642
0.9688889631823833,0.3774,107428.713730064
1.0492739041973327,0.3776,107428.713920672
1.0451832531228396,0.3778,107428.714112026
1.0528809618917994,0.378,107428.714301981
1.008044197265607,0.3782,107428.714500385
0.7567988852330476,0.3784,107428.714764656
0.8716990171872959,0.3786,107428.714994093
1.365830964729045,0.3788,107428.715140524
1.0705434916822707,0.379,107428.715327345
1.0772030963553505,0.3792,107428.715513011
0.8416091799785077,0.3794,107428.715750651
1.023557137414075,0.3796,107428.715946048
0.8705152177721684,0.3798,107428.716175797
0.8774354523776956,0.38,107428.716403734
1.0680965166840048,0.3802,107428.716590983
0.44141242347133053,0.3804,107428.717044074
0.9886112005235483,0.3806,107428.717246378
0.557894060014916,0.3808,107428.717604869
0.48228448457518275,0.381,107428.718019562
0.528989973908575,0.3812,107428.718397641
2.541877368870994,0.3814,107428.718476323
0.48766214418553866,0.3816,107428.718886443
0.5818622021441466,0.3818,107428.719230167
0.5202764704197559,0.382,107428.719614578
0.6691133833139693,0.3822,107428.719913481
0.38044657324900166,0.3824,107428.720439179
0.576182903713062,0.3826,107428.720786291
0.6809600334853393,0.3828,107428.721079994
0.6597872701373371,0.383,107428.721383122
0.5877927277202444,0.3832,107428.721723378
0.6228880256072332,0.3834,107428.722044463
0.7069710815144525,0.3836,107428.72232736
0.6726261227481786,0.3838,107428.722624702
0.6234374977467944,0.384,107428.722945504
0.58668405504894,0.3842,107428.723286403
0.6250996213353028,0.3844,107428.723606352
0.5800564794287079,0.3846,107428.723951146
0.7046992862198392,0.3848,107428.724234955
0.5603182613695166,0.385,107428.724591895
0.5916774638953453,0.3852,107428.724929917
0.5637423518359175,0.3854,107428.725284689
0.6982313968457363,0.3856,107428.725571127
0.6575097474121712,0.3858,107428.725875305
0.5128704769109431,0.386,107428.726265267
0.5173506456598955,0.3862,107428.726651852
0.5051959544906396,0.3864,107428.727047738
0.6052206290035121,0.3866,107428.727378196
0.6694605237739686,0.3868,107428.727676944
0.6633741300847913,0.387,107428.727978433
0.5903466567907623,0.3872,107428.728317217
0.5740379881720836,0.3874,107428.728665626
0.7596186726788765,0.3876,107428.728928916
0.5705661885979086,0.3878,107428.729279445
0.6534324982640596,0.388,107428.729585521
0.6408900450281139,0.3882,107428.729897587
0.6163157449065807,0.3884,107428.730222096
0.5335225577725204,0.3886,107428.730596963
0.6829178237591765,0.3888,107428.730889824
0.4537688989038281,0.389,107428.731330577
1.315824048475856,0.3892,107428.731482573
1.0713004307529093,0.3894,107428.731669262
0.4941956682110454,0.3896,107428.73207396
1.8578726529983414,0.3898,107428.73218161
0.7610668876348117,0.39,107428.732444399
1.0006203214108451,0.3902,107428.732644275
1.091816331580591,0.3904,107428.732827456
0.7490552314825824,0.3906,107428.733094459
1.2058871807091052,0.3908,107428.733260312
0.7668917706374804,0.391,107428.733521105
1.0130839750255272,0.3912,107428.733718522
0.9461722310381209,0.3914,107428.7339299
0.9511354159739431,0.3916,107428.734140175
0.6890136946123314,0.3918,107428.734430445
0.9770013625947589,0.392,107428.734635153
0.7979094976103454,0.3922,107428.734885808
1.0656776414725988,0.3924,107428.735073482
0.7754072257286909,0.3926,107428.735331411
1.0989976485556023,0.3928,107428.735513395
0.818340648511459,0.393,107428.735757792
1.011224601080371,0.3932,107428.735955572
0.9930092417035196,0.3934,107428.73615698
0.8136166837680097,0.3936,107428.736402796
0.8318844758363675,0.3938,107428.736643214
1.0176873653938123,0.394,107428.736839738
0.7276908351024597,0.3942,107428.73711458
0.5957877841505842,0.3944,107428.73745027
2.005635690547538,0.3946,107428.737549989
0.740631037494273,0.3948,107428.737820029
1.5210628914273665,0.395,107428.737951516
0.9975858114111857,0.3952,107428.738152
1.142321923896086,0.3954,107428.738327082
0.5986571990296967,0.3956,107428.738661163
1.8726418549539665,0.3958,107428.738767964
0.8474324676887584,0.396,107428.739003971
1.0660071922835574,0.3962,107428.739191587
0.5737382805611777,0.3964,107428.739540178
0.9523401107382571,0.3966,107428.739750187
1.0964672207494348,0.3968,107428.739932591
1.0646565606049982,0.397,107428.740120445
0.7685184266164431,0.3972,107428.740380686
0.9232288985741961,0.3974,107428.740597317
0.7742604737752082,0.3976,107428.740855628
1.4021607301410217,0.3978,107428.740998265
0.828898736390361,0.398,107428.741239549
0.5363828455154316,0.3982,107428.741612417
1.179481714693051,0.3984,107428.741781983
1.6442906343155805,0.3986,107428.741903616
0.6032472694535004,0.3988,107428.742235155
1.8778286303281335,0.399,107428.742341661
1.42025276301909,0.3992,107428.742482481
1.1499341231993854,0.3994,107428.742656404
0.8147270473004877,0.3996,107428.742901885
0.9345444888585106,0.3998,107428.743115893
1.0149605427541575,0.4,107428.743312945
0.8928770262498026,0.4002,107428.74353694
0.5176345213030029,0.4004,107428.743923313
1.5599042698167236,0.4006,107428.744051526
1.0583914273952881,0.4008,107428.744240492
1.107186734796734,0.401,107428.74442113
0.8894225502559916,0.4012,107428.744645995
0.9913750541043223,0.4014,107428.744847735
0.816333163591424,0.4016,107428.745092733
1.1167008702678067,0.4018,107428.745271832
1.0465396423464886,0.402,107428.745462938
1.016208467112717,0.4022,107428.745659748
1.0738082658863335,0.4024,107428.745846001
1.029267188773286,0.4026,107428.746040314
0.9920093949431739,0.4028,107428.746241925
0.8417756227788951,0.403,107428.746479518
0.8003617580698607,0.4032,107428.746729405
1.0034266981285254,0.4034,107428.746928722
1.1049174141264495,0.4036,107428.747109731
0.8052859212870661,0.4038,107428.74735809
1.0138954565203293,0.404,107428.747555349
1.0510605129295794,0.4042,107428.747745633
1.1031865628540583,0.4044,107428.747926926
0.8171703730676515,0.4046,107428.748171673
0.8574748177055728,0.4048,107428.748404916
0.9635535983716423,0.405,107428.748612481
0.8218412521883984,0.4052,107428.748855837
1.0795929648397118,0.4054,107428.749041092
1.0166940862412517,0.4056,107428.749237808
1.0604904162926092,0.4058,107428.7494264
0.5433468422785532,0.406,107428.749794489
1.415237972903144,0.4062,107428.749935808
1.2810986499330723,0.4064,107428.750091924
1.1675218291633698,0.4066,107428.750263227
0.8726460613704246,0.4068,107428.750492415
1.0177547382863072,0.407,107428.750688926
0.8511905950156354,0.4072,107428.750923891
0.9221221737450338,0.4074,107428.751140782
0.8023653698245566,0.4076,107428.751390045
0.6044871171967773,0.4078,107428.751720904
1.197970629552871,0.408,107428.751887853
1.3692814303443306,0.4082,107428.752033915
1.2583682351158172,0.4084,107428.752192851
1.0320024060618214,0.4086,107428.752386649
0.867584826391349,0.4088,107428.752617174
0.7941550200321978,0.409,107428.752869014
1.0706925251477006,0.4092,107428.753055809
0.9920683980354302,0.4094,107428.753257408
1.0444027555301032,0.4096,107428.753448905
0.47255629552647266,0.4098,107428.753872135
2.169126788382976,0.41,107428.753964338
1.0462330070302537,0.4102,107428.7541555
0.9852508281179772,0.4104,107428.754358494
0.856923720626169,0.4106,107428.754591887
0.9637671793963806,0.4108,107428.754799406
0.9312894599779973,0.411,107428.755014162
1.1172872205400888,0.4112,107428.755193167
0.8839544545944362,0.4114,107428.755419423
0.7749294950426632,0.4116,107428.755677511
1.6261087264041163,0.4118,107428.755800504
1.0756331736748739,0.412,107428.755986441
1.084934020305748,0.4122,107428.756170784
1.0658992206637186,0.4124,107428.756358419
0.9433027975072499,0.4126,107428.75657044
0.9410524699767457,0.4128,107428.756782968
1.0659333624635725,0.413,107428.756970597
0.9668654942396918,0.4132,107428.757177451
0.9537161277580267,0.4134,107428.757387157
1.0049696322102166,0.4136,107428.757586168
0.9325748379159485,0.4138,107428.757800628
1.0558435436910054,0.414,107428.75799005
0.6643458860827758,0.4142,107428.758291098
0.9116933823384521,0.4144,107428.75851047
0.8364910653323304,0.4146,107428.758749564
1.1573002589039907,0.4148,107428.75892238
1.8697879939213042,0.415,107428.759029344
1.1150137079584792,0.4152,107428.759208714
1.0124377679878123,0.4154,107428.759406257
0.8781095753647435,0.4156,107428.759634019
0.8769007032676276,0.4158,107428.759862095
1.0202520041043843,0.416,107428.760058125
1.140523956845171,0.4162,107428.760233483
0.9412828149171784,0.4164,107428.760445959
1.0387236108195785,0.4166,107428.760638503
1.006365201992777,0.4168,107428.760837238
0.9748822171872027,0.417,107428.761042391
0.9914389165534698,0.4172,107428.761244118
1.0204029692288317,0.4174,107428.761440119
0.9770156697760205,0.4176,107428.761644824
0.4412050146490068,0.4178,107428.762098128
1.138129075717585,0.418,107428.762273855
1.4551486861372953,0.4182,107428.762411298
0.6660561112542428,0.4184,107428.762711573
4.695717430456217,0.4186,107428.762754165
1.2871918145064631,0.4188,107428.762909542
1.1479277297149575,0.419,107428.763083769
0.9493114881725968,0.4192,107428.763294448
0.936106074703011,0.4194,107428.763508099
1.0421986241567986,0.4196,107428.763700001
0.9640459027388049,0.4198,107428.76390746
0.9891441144576335,0.42,107428.764109655
0.8033612922339144,0.4202,107428.764358609
0.5650643333848415,0.4204,107428.764712551
0.9418013422140782,0.4206,107428.76492491
0.9812339258503278,0.4208,107428.765128735
1.0659503928471645,0.421,107428.765316361
1.0127299851635327,0.4212,107428.765513847
0.9926789619866563,0.4214,107428.765715322
0.87037508215706,0.4216,107428.765945108
1.1296818140475902,0.4218,107428.766122149
0.9895895272635277,0.422,107428.766324253
0.9117307584439921,0.4222,107428.766543616
1.0925081262825074,0.4224,107428.766726681
0.8827216233054725,0.4226,107428.766953253
1.1548944526664704,0.4228,107428.767126429
0.6808950919246826,0.423,107428.76742016
1.2642464846111774,0.4232,107428.767578357
0.9708502087088474,0.4234,107428.767784362
0.8020500604196478,0.4236,107428.768033723
1.2217620146285693,0.4238,107428.768197421
1.0570657041018359,0.424,107428.768386624
1.0048786665721758,0.4242,107428.768585653
1.0325138679146342,0.4244,107428.768779355
1.0352663132290842,0.4246,107428.768972542
0.988239994529715,0.4248,107428.769174922
1.0136076496689295,0.425,107428.769372237
0.9957630731814127,0.4252,107428.769573088
1.0016376103209752,0.4254,107428.769772761
1.0411461411847405,0.4256,107428.769964857
0.5281587883675485,0.4258,107428.770343531
1.1411942498781482,0.426,107428.770518786
0.6673785302440637,0.4262,107428.770818466
0.5192876496216863,0.4264,107428.771203609
0.6232218542133359,0.4266,107428.771524522
0.9255317283704168,0.4268,107428.771740614
0.9405258202922651,0.427,107428.771953261
0.8865052063679927,0.4272,107428.772178866
0.5959120377532265,0.4274,107428.772514486
1.0588341016203804,0.4276,107428.772703373
1.241888927731553,0.4278,107428.772864418
0.7044734222101436,0.428,107428.773148318
0.9865581396979763,0.4282,107428.773351043
1.0934578079678456,0.4284,107428.773533949
0.8377595021387586,0.4286,107428.773772681
0.8994180861503219,0.4288,107428.773995047
1.24678167920913,0.429,107428.77415546
0.8313450530571611,0.4292,107428.774396034
0.6523731748790408,0.4294,107428.774702607
0.9612981083530885,0.4296,107428.774910659
1.5245646402140154,0.4298,107428.775041844
1.153356006820032,0.43,107428.775215251
0.6704592005933834,0.4302,107428.775513554
0.6965340703081333,0.4304,107428.77580069
0.8367955738144364,0.4306,107428.776039697
1.0314861091072272,0.4308,107428.776233592
0.6876609671125783,0.431,107428.776524433
1.3270430281531755,0.4312,107428.776675144
0.917052634658,0.4314,107428.776893234
0.7136867110199793,0.4316,107428.777173469
1.0912801452914564,0.4318,107428.77735674
0.9865922036942565,0.432,107428.777559458
1.0007455660166882,0.4322,107428.777759309
1.1548877565758309,0.4324,107428.777932486
0.9011404159897836,0.4326,107428.778154427
0.8665698796579937,0.4328,107428.778385222
0.8659995579990347,0.433,107428.778616169
1.5724382952504756,0.4332,107428.77874336
0.9453538364608157,0.4334,107428.778954921
0.7171594834783589,0.4336,107428.779233799
1.8339033653667036,0.4338,107428.779342856
0.8378086301772436,0.434,107428.779581574
1.0382490373194966,0.4342,107428.779774206
0.9855324362464367,0.4344,107428.779977142
0.9360140797638321,0.4346,107428.780190814
0.711275497211043,0.4348,107428.780471999
0.8615119277873051,0.435,107428.780704149
1.4084011550533475,0.4352,107428.780846154
0.9340294760582311,0.4354,107428.78106028
1.4141871656802731,0.4356,107428.781201704
0.9914831173322366,0.4358,107428.781403422
0.8105600159092774,0.436,107428.781650165
1.099215103509556,0.4362,107428.781832113
0.7867201805624887,0.4364,107428.782086333
1.0134792399023682,0.4366,107428.782283673
0.8724747758475192,0.4368,107428.782512906
1.14098591823031,0.437,107428.782688193
1.0007605770726573,0.4372,107428.782888041
0.9490366967472735,0.4374,107428.783098781
0.9833421787962427,0.4376,107428.783302169
0.8379876745367605,0.4378,107428.783540836
0.8062760566862897,0.438,107428.78378889
0.9811808975530891,0.4382,107428.783992726
0.9580196381024194,0.4384,107428.78420149
1.0148214492237995,0.4386,107428.784398569
0.9782821243064316,0.4388,107428.784603009
1.044500938621536,0.439,107428.784794488
0.8696824544720544,0.4392,107428.785024457
1.1104386999238185,0.4394,107428.785204566
0.9408841973995065,0.4396,107428.785417132
1.1731444622834086,0.4398,107428.785587614
0.9440909237920683,0.44,107428.785799458
0.6171144206468052,0.4402,107428.786123547
0.6246915651543765,0.4404,107428.786443705
0.8708373920045371,0.4406,107428.786673369
0.5691147294672948,0.4408,107428.787024792
1.2165671925868224,0.441,107428.787189189
1.0968399888047478,0.4412,107428.787371531
0.9288889255714851,0.4414,107428.787586842
0.988264297076817,0.4416,107428.787789217
0.7607773841924212,0.4418,107428.788052106
1.0809057803967534,0.442,107428.788237136
0.9464543601687383,0.4422,107428.788448451
0.6602643031229193,0.4424,107428.78875136
0.8801577320241583,0.4426,107428.788978592
1.5219773527959406,0.4428,107428.78911
1.0388692556153705,0.443,107428.789302517
0.7718282859474004,0.4432,107428.789561642
1.1053509759117306,0.4434,107428.78974258
1.1541813187981145,0.4436,107428.789915863
0.8259616524189692,0.4438,107428.790158005
0.8259343030604813,0.444,107428.790400155
0.9371368496960205,0.4442,107428.790613571
0.6378303646600259,0.4444,107428.790927134
2.044320830395416,0.4446,107428.791024966
1.138602021282384,0.4448,107428.79120062
0.8064451409932729,0.445,107428.791448622
0.9598449030791943,0.4452,107428.791656989
0.9925163772733612,0.4454,107428.791858497
0.9075522103824583,0.4456,107428.79207887
1.0100907947424966,0.4458,107428.792276872
0.9213830093240662,0.446,107428.792493937
0.7435165151400399,0.4462,107428.792762929
0.7830792596997133,0.4464,107428.793018331
1.311853855007784,0.4466,107428.793170787
1.4022983570821694,0.4468,107428.79331341
1.0896095179830385,0.447,107428.793496962
0.8744660427437018,0.4472,107428.793725673
1.0099632744459637,0.4474,107428.7939237
0.6283597476190355,0.4476,107428.794241989
1.2001703992272261,0.4478,107428.794408632
1.207707643527955,0.448,107428.794574235
0.9118014669340406,0.4482,107428.794793581
0.5681898705908075,0.4484,107428.795145576
1.24851738314782,0.4486,107428.795305766
0.6857299795506062,0.4488,107428.795597426
1.234156524925168,0.449,107428.79575948
1.6705786120792465,0.4492,107428.795879199
2.0926630691187484,0.4494,107428.795974771
1.1220448007554011,0.4496,107428.796153017
0.9889582764362697,0.4498,107428.79635525
0.9848723308819519,0.45,107428.796558322
0.6488598056143271,0.4502,107428.796866555
0.763895234350286,0.4504,107428.797128371
1.2016920823503268,0.4506,107428.797294803
0.7876682302396576,0.4508,107428.797548717
0.880587896027451,0.451,107428.797775838
1.055169521460279,0.4512,107428.797965381
1.0270103650975149,0.4514,107428.798160121
1.2030510098911509,0.4516,107428.798326365
1.0583746376882412,0.4518,107428.798515334
0.9875616402387225,0.452,107428.798717853
0.7893127337373855,0.4522,107428.798971238
1.013756654742959,0.4524,107428.799168524
1.0268363410487218,0.4526,107428.799363297
1.0089137553634544,0.4528,107428.79956153
0.7676688821397157,0.453,107428.799822059
0.9795709958963393,0.4532,107428.80002623
0.9054485734828631,0.4534,107428.800247115
1.1762491835086355,0.4536,107428.800417147
0.983767804063691,0.4538,107428.800620447
0.9814361444463281,0.454,107428.80082423
0.9276222585410698,0.4542,107428.801039835
0.9964923367388366,0.4544,107428.801240539
0.8159435628721531,0.4546,107428.801485654
1.2539734717627993,0.4548,107428.801645147
1.029129540810516,0.455,107428.801839486
0.9626075086617816,0.4552,107428.802047255
0.9255145888985822,0.4554,107428.802263351
0.8564393429693351,0.4556,107428.802496876
1.2180119089573906,0.4558,107428.802661078
0.997153140004465,0.456,107428.802861649
0.8226525759923015,0.4562,107428.803104765
0.9340251596922998,0.4564,107428.803318892
1.1573136097211632,0.4566,107428.803491706
0.899733681463341,0.4568,107428.803713994
1.068752835665504,0.457,107428.803901128
1.0649513989951294,0.4572,107428.80408893
0.8992846135901814,0.4574,107428.804311329
1.0852696772129062,0.4576,107428.804495615
0.9418989322687331,0.4578,107428.804707952
1.0517901420250682,0.458,107428.804898104
1.0041925465606865,0.4582,107428.805097269
0.823763908520902,0.4584,107428.805340057
0.9469069650072566,0.4586,107428.805551271
0.8468512008260612,0.4588,107428.80578744
0.9028081493246,0.459,107428.806008971
1.0561948789065723,0.4592,107428.80619833
1.0218366722605279,0.4594,107428.806394056
0.7733563294105702,0.4596,107428.806652669
1.0328763923119326,0.4598,107428.806846303
0.47278418469828737,0.46,107428.807269329
1.1687157767880842,0.4602,107428.807440457
0.6417702678047071,0.4604,107428.807752095
1.32093423239069,0.4606,107428.807903503
0.9901431127326923,0.4608,107428.808105494
0.8999968664365603,0.461,107428.808327717
0.974098682334283,0.4612,107428.808533035
0.990613915535717,0.4614,107428.80873493
1.006917507611267,0.4616,107428.808933556
0.5360550822320174,0.4618,107428.809306652
1.609334132604838,0.462,107428.809430927
1.0036532663523912,0.4622,107428.809630199
0.9316408315038052,0.4624,107428.809844874
0.7293041702413032,0.4626,107428.810119108
1.4781311336427732,0.4628,107428.810254414
0.9475709070076795,0.463,107428.81046548
0.8868432185013065,0.4632,107428.810690999
1.0514970747898662,0.4634,107428.810881204
0.650520749384514,0.4636,107428.81118865
1.2165006458016412,0.4638,107428.811353056
1.0674181221547798,0.464,107428.811540424
1.158184806815215,0.4642,107428.811713108
0.7935941123921488,0.4644,107428.811965126
1.001006064435908,0.4646,107428.812164925
1.29198966392864,0.4648,107428.812319725
1.0400794101229391,0.465,107428.812512018
0.7795994418423966,0.4652,107428.81276856
1.0094229696003383,0.4654,107428.812966693
0.5078500959949781,0.4656,107428.81336051
1.2816076752321823,0.4658,107428.813516564
1.5660970394116496,0.466,107428.81364427
0.9474452284869725,0.4662,107428.813855364
0.9421030847940695,0.4664,107428.814067655
0.619141378397518,0.4666,107428.814390683
2.488955059603627,0.4668,107428.814471038
1.0302905283391874,0.467,107428.814665158
0.7946819820966504,0.4672,107428.814916831
0.7704783537155198,0.4674,107428.81517641
0.783272454895228,0.4676,107428.815431749
1.2950767061002013,0.4678,107428.81558618
1.2399870864251867,0.468,107428.815747472
1.0710307773447278,0.4682,107428.815934208
0.8993574065432994,0.4684,107428.816156589
0.8933716278248316,0.4686,107428.81638046
0.809542886173038,0.4688,107428.816627513
1.3529328317677118,0.469,107428.81677534
0.7691302084682362,0.4692,107428.817035374
0.8381070458909474,0.4694,107428.817274007
0.726261230460037,0.4696,107428.81754939
1.938736004353512,0.4698,107428.81765255
1.0951283110033891,0.47,107428.817835177
0.8759290547639107,0.4702,107428.818063506
0.6033255213203486,0.4704,107428.818395002
0.6580570854122515,0.4706,107428.818698927
0.7781374408854487,0.4708,107428.818955951
0.7806157805429743,0.471,107428.819212159
1.151012821714034,0.4712,107428.819385919
1.060462268096261,0.4714,107428.819574516
0.9736339938001415,0.4716,107428.819779932
0.9658056483475481,0.4718,107428.819987013
0.9323487979228819,0.472,107428.820201525
0.8842319252490413,0.4722,107428.82042771
1.0425517701136489,0.4724,107428.820619547
0.8142725424368027,0.4726,107428.820865165
0.8871540577730228,0.4728,107428.821090605
0.9564389238531648,0.473,107428.821299714
0.797938172627685,0.4732,107428.82155036
0.9633261350042388,0.4734,107428.821757974
0.7324880564579862,0.4736,107428.822031016
1.037995842184648,0.4738,107428.822223695
0.8022333910593891,0.474,107428.822472999
1.0565798308261898,0.4742,107428.822662289
1.0139777384449065,0.4744,107428.822859532
0.885908294463508,0.4746,107428.823085289
0.7112830801523643,0.4748,107428.823366471
1.0181899378153012,0.475,107428.823562898
1.0531526082317024,0.4752,107428.823752804
1.3288948205387061,0.4754,107428.823903305
0.9252748275129106,0.4756,107428.824119457
0.9616956415276331,0.4758,107428.824327423
0.8038456297695644,0.476,107428.824576227
1.0208039670243272,0.4762,107428.824772151
0.8890745750744574,0.4764,107428.824997104
0.6093214183962515,0.4766,107428.825325338
2.8435747522401775,0.4768,107428.825395672
0.8721665538077992,0.477,107428.825624986
0.963349362680547,0.4772,107428.825832595
1.0359956463729239,0.4774,107428.826025646
0.9756431188420525,0.4776,107428.826230639
1.028161343202966,0.4778,107428.826425161
0.8068420152793047,0.478,107428.826673041
1.0235361751524947,0.4782,107428.826868442
0.9556392250334387,0.4784,107428.827077726
1.0500010540735791,0.4786,107428.827268202
0.6532147950094507,0.4788,107428.82757438
0.952031907941366,0.479,107428.827784457
1.2164265699184464,0.4792,107428.827948873
0.7835946588129378,0.4794,107428.828204107
1.1332408649241719,0.4796,107428.828380592
0.7499034157639631,0.4798,107428.828647293
1.4054913721969198,0.48,107428.828789592
0.9713075753382041,0.4802,107428.8289955
0.7139822385798589,0.4804,107428.829275619
0.4499447794386995,0.4806,107428.829720118
1.3696097337101736,0.4808,107428.829866145
1.2342021857684633,0.481,107428.830028193
0.6373486237821837,0.4812,107428.830341993
1.93195640290123,0.4814,107428.830445515
2.7401394098803444,0.4816,107428.830518504
0.9951832984033429,0.4818,107428.830719472
1.043090052371085,0.482,107428.83091121
0.9917682999171091,0.4822,107428.83111287
0.868572017118942,0.4824,107428.831343133
1.1517154814732355,0.4826,107428.831516787
0.9019572336977766,0.4828,107428.831738527
1.0781322649616887,0.483,107428.831924033
1.0130788224079572,0.4832,107428.832121451
1.0238296487053482,0.4834,107428.832316796
1.0205019199302696,0.4836,107428.832512778
1.0079273197907201,0.4838,107428.832711205
0.7846399031020851,0.484,107428.832966099
1.0076835980797485,0.4842,107428.833164574
0.8334166825408661,0.4844,107428.83340455
0.9028733880048762,0.4846,107428.833626065
1.115436491477713,0.4848,107428.833805367
0.7070635719091797,0.485,107428.834088227
1.029770695742798,0.4852,107428.834282445
1.0003350498117725,0.4854,107428.834482378
0.7924872368565699,0.4856,107428.834734748
1.0113729062881471,0.4858,107428.834932499
1.0347735457344545,0.486,107428.835125778
1.0057377649944028,0.4862,107428.835324637
0.5658989180558822,0.4864,107428.835678057
0.8828190344786037,0.4866,107428.835904604
1.5460012377105579,0.4868,107428.83603397
1.3798242484873657,0.487,107428.836178916
0.9599232046650431,0.4872,107428.836387266
1.0718228424311322,0.4874,107428.836573864
0.8750207772667111,0.4876,107428.83680243
0.8672161862743506,0.4878,107428.837033053
1.0231330283463371,0.488,107428.837228531
0.7493162708039102,0.4882,107428.837495441
0.657045322857171,0.4884,107428.837799834
0.8743743043456802,0.4886,107428.838028569
1.0535297729981958,0.4888,107428.838218407
0.9933791575264213,0.489,107428.83841974
1.2704624066537,0.4892,107428.838577163
1.011183681560537,0.4894,107428.838774951
0.6196689185833192,0.4896,107428.839097704
2.1126461135873047,0.4898,107428.839192372
0.9185266748819527,0.49,107428.839410112
0.5063342494330517,0.4902,107428.839805108
0.6290791750137995,0.4904,107428.840123033
1.463464626318913,0.4906,107428.840259695
0.8396552540863738,0.4908,107428.840497888
1.0340032221963367,0.491,107428.840691311
1.0514362608734134,0.4912,107428.840881527
0.8170401820614375,0.4914,107428.841126313
0.9999449492936224,0.4916,107428.841326324
1.0515026256170223,0.4918,107428.841516528
0.3989539497336398,0.492,107428.842017839
1.982003397177715,0.4922,107428.842118747
1.4831293130696248,0.4924,107428.842253597
1.0212783559194423,0.4926,107428.84244943
0.882355531459373,0.4928,107428.842676096
0.9408045916869785,0.493,107428.84288868
1.219884025566484,0.4932,107428.84305263
0.9768964329218371,0.4934,107428.84325736
1.0295692030013315,0.4936,107428.843451616
0.3968466547383358,0.4938,107428.843955589
1.1489168924168305,0.494,107428.844129666
1.076768215666038,0.4942,107428.844315407
1.3269199039986126,0.4944,107428.844466132
0.8969373862715644,0.4946,107428.844689113
1.5368537228398174,0.4948,107428.844819249
1.315270367653451,0.495,107428.844971309
0.9599185786167349,0.4952,107428.84517966
0.9987814792937157,0.4954,107428.845379904
0.8852534516032418,0.4956,107428.845605828
0.6464625518617901,0.4958,107428.845915204
1.0753786679520465,0.496,107428.846101185
0.9426270419562408,0.4962,107428.846313358
1.5117957426964663,0.4964,107428.846445651
0.7911674181604634,0.4966,107428.846698442
1.227400472745885,0.4968,107428.846861388
0.9763431994094219,0.497,107428.847066234
0.9376421182439902,0.4972,107428.847279535
1.0422800312597131,0.4974,107428.847471422
0.42754867088554255,0.4976,107428.847939205
0.8922516950056312,0.4978,107428.848163357
1.3985231494483032,0.498,107428.848306365
0.9904128221963758,0.4982,107428.848508301
1.5797288518226618,0.4984,107428.848634905
1.4535201914040172,0.4986,107428.848772502
0.9931768682838505,0.4988,107428.848973876
0.9699273887800823,0.499,107428.849180077
1.0233005421880144,0.4992,107428.849375523
0.7873798810993646,0.4994,107428.84962953
0.9337634593644019,0.4996,107428.849843717
0.8495815820389211,0.4998,107428.850079127
0.8181465225143795,0.5,107428.850323582
0.9907955193554421,0.5002,107428.85052544
0.596475419144936,0.5004,107428.850860743
0.6224189150855955,0.5006,107428.85118207
0.8387713631364189,0.5008,107428.851420514
0.9216632169213992,0.501,107428.851637513
0.5622494463861979,0.5012,107428.851993227
0.9045148657859571,0.5014,107428.85221434
1.1728072989042237,0.5016,107428.852384871
0.7252446939666499,0.5018,107428.85266064
1.2464165792078181,0.502,107428.8528211
0.7437128135863733,0.5022,107428.853090021
1.0591649831717167,0.5024,107428.853278849
0.7977630509146725,0.5026,107428.85352955
0.9349201983481559,0.5028,107428.853743472
0.5408241250949611,0.503,107428.854113278
1.6815481895199607,0.5032,107428.854232216
1.07488741885676,0.5034,107428.854418282
0.9642318304307201,0.5036,107428.854625701
0.8465071089953636,0.5038,107428.854861966
0.9706711805290866,0.504,107428.855068009
0.8848383144087067,0.5042,107428.855294039
1.0502105439984173,0.5044,107428.855484477
0.8139511331386474,0.5046,107428.855730192
0.5443391386662032,0.5048,107428.85609761
1.5722033775860347,0.505,107428.85622482
1.0255095462651653,0.5052,107428.856419845
1.0030593651016821,0.5054,107428.856619235
0.8230588142524711,0.5056,107428.856862231
0.8193665377552648,0.5058,107428.857106322
1.1793009608749072,0.506,107428.857275914
0.9967306743588854,0.5062,107428.85747657
0.842385461286993,0.5064,107428.857713991
0.5596237262073052,0.5066,107428.858071374
1.2523559622218705,0.5068,107428.858231073
1.0319171729397547,0.507,107428.858424887
0.8751279748909766,0.5072,107428.858653425
1.0637902325912147,0.5074,107428.858841432
0.9729377228189553,0.5076,107428.859046995
1.0765652846722604,0.5078,107428.859232771
0.8044631743231525,0.508,107428.859481384
0.8494805512467685,0.5082,107428.859716822
0.8960453254261047,0.5084,107428.859940025
0.8116158410150398,0.5086,107428.860186447
1.3124306045790928,0.5088,107428.860338836
0.942498211694671,0.509,107428.860551038
1.1528041980374404,0.5092,107428.860724528
0.8497367982792999,0.5094,107428.860959895
0.9197305074875303,0.5096,107428.86117735
0.8475617580971309,0.5098,107428.861413321
1.0362318501371817,0.51,107428.861606328
0.7242545847602736,0.5102,107428.861882474
0.4423623833329847,0.5104,107428.862334592
0.7360111877983001,0.5106,107428.862606327
1.6150132686381267,0.5108,107428.862730165
1.3029315564385338,0.511,107428.862883665
0.8327157602229596,0.5112,107428.863123843
0.8382299787329535,0.5114,107428.863362441
1.0850458828697405,0.5116,107428.863546765
0.7453286505830753,0.5118,107428.863815103
1.1346102044533366,0.512,107428.863991375
0.65581509706049,0.5122,107428.864296339
1.40758835051987,0.5124,107428.864438426
1.0226203154029776,0.5126,107428.864634002
1.2997648364033496,0.5128,107428.864787876
1.1078184046760293,0.513,107428.864968411
0.8542773675997356,0.5132,107428.865202527
1.0271475234823142,0.5134,107428.865397241
0.6973913967103662,0.5136,107428.865684024
1.0502105439990002,0.5138,107428.865874462
0.8323137461076432,0.514,107428.866114756
0.7270612439601846,0.5142,107428.866389836
1.5188796439179797,0.5144,107428.866521512
1.1184306426287818,0.5146,107428.866700334
0.8764395359379368,0.5148,107428.86692853
0.8643415726808683,0.515,107428.86715992
1.0307259268990832,0.5152,107428.867353958
1.0671846413690698,0.5154,107428.867541367
0.7984159448316457,0.5156,107428.867791863
0.8395741613223806,0.5158,107428.868030079
0.655282227980282,0.516,107428.868335291
1.2518465284219313,0.5162,107428.868495055
1.1857402730379716,0.5164,107428.868663726
0.76237526006871,0.5166,107428.868926064
1.405352974122976,0.5168,107428.869068377
1.1576284664219056,0.517,107428.869241144
0.7574265788101625,0.5172,107428.869505196
1.1531830744258047,0.5174,107428.869678629
1.014209022160347,0.5176,107428.869875827
0.9320359516893358,0.5178,107428.870090411
0.5930107791747425,0.518,107428.870427673
1.9511622731154632,0.5182,107428.870530176
1.04999559930525,0.5184,107428.870720653
0.8762859212665697,0.5186,107428.870948889
1.1096747392301924,0.5188,107428.871129122
1.0199710234592514,0.519,107428.871325206
1.103807558488913,0.5192,107428.871506397
0.9922455927036535,0.5194,107428.87170796
1.0546687979568312,0.5196,107428.871897593
0.8207586238958501,0.5198,107428.87214127
1.3255478677650312,0.52,107428.872292151
0.9167331519284317,0.5202,107428.872510317
0.5994143692371123,0.5204,107428.872843976
0.6942467873767397,0.5206,107428.873132058
0.9041468346696715,0.5208,107428.873353261
0.907700497713361,0.521,107428.873573598
1.003466992240922,0.5212,107428.873772907
0.7745483277652941,0.5214,107428.874031122
1.5085117686215184,0.5216,107428.874163703
0.9028896991487464,0.5218,107428.874385214
1.0543573811753033,0.522,107428.874574903
0.9976455521574276,0.5222,107428.874775375
0.8424777362773581,0.5224,107428.87501277
1.0710996387581795,0.5226,107428.875199494
1.11582852215539,0.5228,107428.875378733
1.001999008141631,0.523,107428.875578334
0.972379537622261,0.5232,107428.875784015
0.9587130370339552,0.5234,107428.875992628
0.9578589951128529,0.5236,107428.876201427
0.8946104159511942,0.5238,107428.876424988
1.2001848622910543,0.524,107428.876591629
0.8997944118569561,0.5242,107428.876813902
1.0061323256510344,0.5244,107428.877012683
0.9442469814953586,0.5246,107428.877224492
1.1157476302526848,0.5248,107428.877403744
1.1419762427580868,0.525,107428.877578879
0.9909918377528718,0.5252,107428.877780697
0.8176314271738213,0.5254,107428.878025306
1.063298077058944,0.5256,107428.8782134
0.8215475773580215,0.5258,107428.878456843
1.0738427484394422,0.526,107428.87864309
0.7565870391204547,0.5262,107428.878907435
1.6788946948769485,0.5264,107428.879026561
0.7821237911075357,0.5266,107428.879282275
1.0871278500408756,0.5268,107428.879466246
1.3096461305397136,0.527,107428.879618959
1.060974242322718,0.5272,107428.879807465
0.6905051873290171,0.5274,107428.880097108
1.5852635056042312,0.5276,107428.88022327
1.1160589426532745,0.5278,107428.880402472
0.9988513084113155,0.528,107428.880602702
0.7997121007066826,0.5282,107428.880852792
1.0361137347931577,0.5284,107428.881045821
0.9908004477955052,0.5286,107428.881247678
0.8598415316510688,0.5288,107428.881480279
0.9949209238298033,0.529,107428.8816813
0.9955350050634384,0.5292,107428.881882197
1.0108259628329235,0.5294,107428.882080055
0.9856149851334428,0.5296,107428.882282974
1.0611711736960745,0.5298,107428.882471445
0.9854255955491524,0.53,107428.882674403
0.9565212640178504,0.5302,107428.882883494
0.6229928045776941,0.5304,107428.883204525
0.6052682585377642,0.5306,107428.883534957
0.7490496386072909,0.5308,107428.883801962
0.8588556665439042,0.531,107428.88403483
0.9945993039921762,0.5312,107428.884235916
0.9548407960502808,0.5314,107428.884445375
0.8785069095822277,0.5316,107428.884673034
1.2164043919760346,0.5318,107428.884837453
0.8659058230277945,0.532,107428.885068425
1.0463754278967676,0.5322,107428.885259561
0.9702755780962352,0.5324,107428.885465688
0.9753813925136272,0.5326,107428.885670736
0.8178955375202387,0.5328,107428.885915266
1.0226569913727903,0.533,107428.886110835
1.0104275644737672,0.5332,107428.886308771
1.041335858844462,0.5334,107428.886500832
0.857166141704443,0.5336,107428.886734159
1.1890535426137243,0.5338,107428.88690236
0.9961845744020862,0.534,107428.887103126
0.7673772915450384,0.5342,107428.887363754
1.0508395959740615,0.5344,107428.887554078
0.9744404083888222,0.5346,107428.887759324
1.0148781012542165,0.5348,107428.887956392
1.0127761794170898,0.535,107428.888153869
0.9450858152705196,0.5352,107428.88836549
1.0747661264980966,0.5354,107428.888551577
0.7086946130084139,0.5356,107428.888833786
0.9846977596240263,0.5358,107428.889036894
1.7445004910504802,0.536,107428.88915154
0.7951749078285801,0.5362,107428.889403057
1.047641473624334,0.5364,107428.889593962
1.0316776657723605,0.5366,107428.889787821
1.0035475168987484,0.5368,107428.889987114
0.9501955435737516,0.537,107428.890197597
1.0142707705290466,0.5372,107428.890394783
1.0380174009111034,0.5374,107428.890587458
0.6572871503591428,0.5376,107428.890891739
0.8154246088523894,0.5378,107428.89113701
1.4072515317652403,0.538,107428.891279131
0.8167599264481694,0.5382,107428.891524001
0.6979073308298639,0.5384,107428.891810572
4.6893312626961565,0.5386,107428.891853222
1.0062386942576005,0.5388,107428.892051982
1.1131580550043991,0.539,107428.892231651
1.0115672645978413,0.5392,107428.892429364
1.038567176493268,0.5394,107428.892621937
1.0144817447032886,0.5396,107428.892819082
1.0323486747542472,0.5398,107428.893012815
1.0319277875706803,0.54,107428.893206627
0.8878668904782584,0.5402,107428.893431886
0.40539253298664946,0.5404,107428.893925235
1.9253909995688692,0.5406,107428.89402911
0.9876981877208926,0.5408,107428.894231601
1.000991046014921,0.541,107428.894431403
1.0014671158437172,0.5412,107428.89463111
0.9549776013661124,0.5414,107428.894840539
0.4622962746722238,0.5416,107428.895273162
1.1349192001565056,0.5418,107428.895449386
1.6438850988295501,0.542,107428.895571049
1.5417109630235002,0.5422,107428.895700775
0.9101955423521626,0.5424,107428.895920508
1.3033561056210587,0.5426,107428.896073958
0.8115170729989779,0.5428,107428.89632041
0.8299753926610096,0.543,107428.896561381
0.80476096954518,0.5432,107428.896809902
0.4210526244791789,0.5434,107428.897284902
0.9825402854019943,0.5436,107428.897488456
0.9378619646377823,0.5438,107428.897701707
1.538201193772086,0.544,107428.897831729
1.552108258477963,0.5442,107428.897960586
1.1704051261817283,0.5444,107428.898131467
0.8383916097734664,0.5446,107428.898370019
0.8446409506362779,0.5448,107428.898606806
1.0674295626034354,0.545,107428.898794172
1.0250785426320006,0.5452,107428.898989279
0.6056623224928979,0.5454,107428.899319496
0.792094905679733,0.5456,107428.899571991
1.1579233977962629,0.5458,107428.899744714
0.6414244803591946,0.546,107428.90005652
3.251397680427683,0.5462,107428.900118032
1.0750839150841889,0.5464,107428.900304064
1.4382487876663876,0.5466,107428.900443122
1.0141216142954521,0.5468,107428.900640337
0.8444697926914169,0.547,107428.900877172
1.0225001097126634,0.5472,107428.901072771
0.5187515681634517,0.5474,107428.901458312
1.4712048157916893,0.5476,107428.901594255
0.9630756983822452,0.5478,107428.901801923
0.9154658588520018,0.548,107428.902020391
1.0458446532343766,0.5482,107428.902211624
0.8568319399753289,0.5484,107428.902445042
0.8239709350911406,0.5486,107428.902687769
0.8293421449916704,0.5488,107428.902928924
0.5551838912072896,0.549,107428.903289165
0.8594535354205852,0.5492,107428.903521871
1.10963782750559,0.5494,107428.90370211
0.9663843041792632,0.5496,107428.903909067
1.359637737198789,0.5498,107428.904056165
1.100388417267368,0.55,107428.904237919
0.751715813554161,0.5502,107428.904503977
0.8371108071863737,0.5504,107428.904742894
0.8845134979241053,0.5506,107428.904969007
0.8073631413713662,0.5508,107428.905216727
0.7419663525201684,0.551,107428.905486281
1.4987785632901238,0.5512,107428.905619723
1.3286387880988175,0.5514,107428.905770253
0.9019246793446642,0.5516,107428.905992001
0.9000211482480812,0.5518,107428.906214218
1.529964426409377,0.552,107428.90634494
1.0892830853194357,0.5522,107428.906528547
0.9653255123764387,0.5524,107428.906735731
1.0725471070738928,0.5526,107428.906922203
1.0319970592063628,0.5528,107428.907116002
0.8988157728985829,0.553,107428.907338517
1.204434757215993,0.5532,107428.90750457
0.9395008745476164,0.5534,107428.907717449
0.797973150600028,0.5536,107428.907968084
1.1080639311316969,0.5538,107428.908148579
1.5002511550467577,0.554,107428.90828189
1.0068060539508639,0.5542,107428.908480538
0.9675156366964134,0.5544,107428.908687253
0.9722613608408488,0.5546,107428.908892959
0.9466335636636573,0.5548,107428.909104234
0.5422331958686801,0.555,107428.909473079
1.5228696280263427,0.5552,107428.90960441
0.7336245834003089,0.5554,107428.909877029
1.5019637853052408,0.5556,107428.910010188
1.624352345696401,0.5558,107428.910133314
1.1614064133044677,0.556,107428.910305519
0.8104286251418578,0.5562,107428.910552302
0.6681544046969943,0.5564,107428.910851634
1.2809674273709972,0.5566,107428.911007766
1.5544967982029145,0.5568,107428.911136425
0.6331899053541634,0.557,107428.911452286
0.996820170734205,0.5572,107428.911652924
0.5186587372057413,0.5574,107428.912038534
1.2551304301035688,0.5576,107428.91219788
1.8659499884121895,0.5578,107428.912305064
1.6539313958866224,0.558,107428.912425988
1.1817048739419354,0.5582,107428.912595235
1.0145434513946268,0.5584,107428.912792368
1.0585819382239476,0.5586,107428.9129813
1.0230179562603263,0.5588,107428.9131768
0.8973438606989788,0.559,107428.91339968
0.7517807804553935,0.5592,107428.913665715
1.487541780305646,0.5594,107428.913800165
0.880564595049547,0.5596,107428.914027292
1.0082627221656397,0.5598,107428.914225653
1.3837383477456506,0.56,107428.914370189
0.9232502328261142,0.5602,107428.914586815
0.6834872590718152,0.5604,107428.914879432
0.8919810942699244,0.5606,107428.915103652
0.8477593758310799,0.5608,107428.915339568
0.740562476528216,0.561,107428.915609633
1.3141122567906662,0.5612,107428.915761827
1.052504180848803,0.5614,107428.91595185
1.1709738179369342,0.5616,107428.916122648
0.9839856509971977,0.5618,107428.916325903
1.0828252900567152,0.562,107428.916510605
1.0225994675804324,0.5622,107428.916706185
1.013114817152796,0.5624,107428.916903596
0.8973116385090442,0.5626,107428.917126484
1.0587388330241587,0.5628,107428.917315388
0.9346274876688949,0.563,107428.917529377
0.8166632023106631,0.5632,107428.917774276
0.9307130428940146,0.5634,107428.917989165
1.0282406489874727,0.5636,107428.918183672
1.2925490756424858,0.5638,107428.918338405
1.1257014779120345,0.564,107428.918516072
0.9568690862517192,0.5642,107428.918725087
1.0471698083040257,0.5644,107428.918916078
0.9839662077771356,0.5646,107428.919119337
1.0223642656568377,0.5648,107428.919314962
0.8791749757158999,0.565,107428.919542448
1.0399929163719555,0.5652,107428.919734757
0.7963748990732271,0.5654,107428.919985895
0.6760822402064353,0.5656,107428.920281717
1.833684869729665,0.5658,107428.920390787
1.0290341490995647,0.566,107428.920585144
0.9030976437215946,0.5662,107428.920806604
1.0942236388498277,0.5664,107428.920989382
1.01015196840741,0.5666,107428.921187372
0.9857218669041927,0.5668,107428.921390269
0.5711429943753575,0.567,107428.921740444
0.8471309782209816,0.5672,107428.921976535
1.4660714880843968,0.5674,107428.922112954
1.1000978479170769,0.5676,107428.922294756
0.6347755426103711,0.5678,107428.922609828
1.1359376964504475,0.568,107428.922785894
1.6942260336140895,0.5682,107428.922903942
1.1075976220638033,0.5684,107428.923084513
0.8352823005346289,0.5686,107428.923323953
0.8145279217780838,0.5688,107428.923569494
0.5238289822253337,0.569,107428.923951298
1.204870095640458,0.5692,107428.924117291
1.0871987969843677,0.5694,107428.92430125
0.6286915886654463,0.5696,107428.924619371
2.035416177534913,0.5698,107428.924717631
4.067934595021799,0.57,107428.924766796
0.545857496159373,0.5702,107428.925133192
0.8776317801673047,0.5704,107428.925361078
1.0922694444513885,0.5706,107428.925544183
0.6248789343404499,0.5708,107428.925864245
1.3230050759731138,0.571,107428.926015416
1.239810352604074,0.5712,107428.926176731
0.8365365314461666,0.5714,107428.926415812
1.067965382800862,0.5716,107428.926603084
0.9195317515981192,0.5718,107428.926820586
0.9492934566631174,0.572,107428.927031269
1.0837347900997831,0.5722,107428.927215816
0.704212953651095,0.5724,107428.927499821
1.517657964198115,0.5726,107428.927631603
0.8039296071441766,0.5728,107428.927880381
0.9340862272815802,0.573,107428.928094494
1.1313112483853023,0.5732,107428.92827128
1.0192692862767951,0.5734,107428.928467499
0.7158042462138743,0.5736,107428.928746905
1.0150841551497107,0.5738,107428.928943933
1.2898982336498463,0.574,107428.929098984
0.9766053728346674,0.5742,107428.929303775
1.0893423986163158,0.5744,107428.929487372
0.7835670500932281,0.5746,107428.929742615
1.1212459489500017,0.5748,107428.929920988
0.9987714630273693,0.575,107428.930121234
1.0264780434574645,0.5752,107428.930316075
0.8481980189141752,0.5754,107428.930551869
1.0091784500283236,0.5756,107428.93075005
0.7468064650327372,0.5758,107428.931017857
1.1465720826925099,0.576,107428.93119229
0.7913458069440154,0.5762,107428.931445024
1.138829016265019,0.5764,107428.931620643
0.944353903662559,0.5766,107428.931832428
1.105387691883903,0.5768,107428.93201336
1.0383299069997511,0.577,107428.932205977
0.9044494492026823,0.5772,107428.932427106
1.1659972578154172,0.5774,107428.932598633
1.0601755525851144,0.5776,107428.932787281
0.7695711224971522,0.5778,107428.933047166
1.0717769554033587,0.578,107428.933233772
0.9903931955207798,0.5782,107428.933435712
0.9962491302287793,0.5784,107428.933636465
1.0085118303431913,0.5786,107428.933834777
0.795193816788616,0.5788,107428.934086288
0.9568554296423236,0.579,107428.934295306
0.9852993527117601,0.5792,107428.93449829
0.9782581709592119,0.5794,107428.934702735
1.0167820133560548,0.5796,107428.934899434
1.0579267285636378,0.5798,107428.935088483
0.8136994393280728,0.58,107428.935334274
0.9362156889531917,0.5802,107428.9355479
0.7759757866609563,0.5804,107428.93580564
0.5499869183910474,0.5806,107428.936169285
1.2786579485048302,0.5808,107428.936325699
0.8269315154338452,0.581,107428.936567557
2.2447948011316368,0.5812,107428.936656652
0.7087976071502919,0.5814,107428.93693882
2.348437620466162,0.5816,107428.937023983
0.8848774519866942,0.5818,107428.937250003
1.221597820803504,0.582,107428.937413723
0.9474631898514584,0.5822,107428.937624813
1.1496498825371158,0.5824,107428.937798779
0.4877751434296087,0.5826,107428.938208804
1.566366909107231,0.5828,107428.938336488
1.6868669640715082,0.583,107428.938455051
0.9752671909150527,0.5832,107428.938660123
1.0904947195182813,0.5834,107428.938843526
0.7821543695154656,0.5836,107428.93909923
1.1761938190474406,0.5838,107428.93926927
0.8516146968846667,0.584,107428.939504118
0.8355649491456681,0.5842,107428.939743477
0.954667623045569,0.5844,107428.939952974
0.9119677870139872,0.5846,107428.94017228
1.1724428239707083,0.5848,107428.940342864
1.056155839132231,0.585,107428.94053223
0.8124566049876795,0.5852,107428.940778397
1.0635864842076623,0.5854,107428.94096644
0.9809595995734739,0.5856,107428.941170322
0.8638674533634981,0.5858,107428.941401839
1.2987265076217123,0.586,107428.941555836
1.057110421362632,0.5862,107428.941745031
0.9698098072480207,0.5864,107428.941951257
0.5626717872153678,0.5866,107428.942306704
0.6143619438856054,0.5868,107428.942632245
3.333777714408847,0.587,107428.942692237
1.4123496807962774,0.5872,107428.942833845
1.227618970680324,0.5874,107428.942996762
1.0924483809200725,0.5876,107428.943179837
0.994935832679713,0.5878,107428.943380855
0.9341603824485049,0.588,107428.943594951
0.6071368788764846,0.5882,107428.943924366
0.681393857037191,0.5884,107428.944217882
0.9201155875353975,0.5886,107428.944435246
1.2998999386457015,0.5888,107428.944589104
0.6033546293091351,0.589,107428.944920584
0.5209160865486263,0.5892,107428.945304523
0.6282689799431517,0.5894,107428.945622858
1.0896213526818563,0.5896,107428.945806408
1.4194665400041835,0.5898,107428.945947306
0.7330195974472807,0.59,107428.94622015
0.9947229737810253,0.5902,107428.946421211
0.7323968352374934,0.5904,107428.946694287
0.8393557350436245,0.5906,107428.946932565
1.0399604947597128,0.5908,107428.94712488
0.9991607209364795,0.591,107428.947325048
0.9633354529490378,0.5912,107428.94753266
0.7850772129207486,0.5914,107428.947787412
1.1110061866635954,0.5916,107428.947967429
0.9866750010516157,0.5918,107428.94817013
0.5766729947274755,0.592,107428.948516947
1.2660550989825594,0.5922,107428.948674918
1.202682021211268,0.5924,107428.948841213
0.8372930219647614,0.5926,107428.949080078
1.1728142044035554,0.5928,107428.949250608
1.4847919851734102,0.593,107428.949385307
1.0175838365230299,0.5932,107428.949581851
0.977388151155403,0.5934,107428.949786478
0.7995362460858253,0.5936,107428.950036623
1.3548299896423805,0.5938,107428.950184243
0.8154245604732919,0.594,107428.950429514
1.1817677697900306,0.5942,107428.950598752
0.9086531123031547,0.5944,107428.950818858
0.9749058671846972,0.5946,107428.951024006
0.9956242868398089,0.5948,107428.951224885
1.0175475988609721,0.595,107428.951421436
0.9444163293739206,0.5952,107428.951633207
1.0103714824892935,0.5954,107428.951831154
0.8196150539336626,0.5956,107428.952075171
0.96910491629162,0.5958,107428.952281547
0.5223609689701952,0.596,107428.952664424
1.1176930966717138,0.5962,107428.952843364
0.8225442609988073,0.5964,107428.953086512
2.8622542854896484,0.5966,107428.953156387
1.1550078127661678,0.5968,107428.953329546
1.0060665563185243,0.597,107428.95352834
0.9080507896017936,0.5972,107428.953748592
1.0172474001822915,0.5974,107428.953945201
0.9661182849609853,0.5976,107428.954152215
0.9283283921308498,0.5978,107428.954367656
0.6265585602026195,0.598,107428.95468686
1.3759889843152167,0.5982,107428.95483221
1.1952001138167294,0.5984,107428.954999546
0.9853526858340984,0.5986,107428.955202519
1.063993976682878,0.5988,107428.95539049
0.537339740923897,0.599,107428.955762694
1.2367665998484703,0.5992,107428.955924406
0.8956840945069993,0.5994,107428.956147699
0.9796190324376888,0.5996,107428.95635186
1.5248435616860707,0.5998,107428.956483021
1.021361764662493,0.6,107428.956678838
0.7634083413215844,0.6002,107428.956940821
0.6535093346277194,0.6004,107428.957246861
0.7416554544494667,0.6006,107428.957516528
0.7143214085792862,0.6008,107428.957796514
0.41775631500131327,0.601,107428.958275262
0.518342867681283,0.6012,107428.958661107
0.5232930716408716,0.6014,107428.959043302
0.7487355918618231,0.6016,107428.959310419
0.6052609283787972,0.6018,107428.959640855
0.5707811304400753,0.602,107428.959991252
0.6478719219107807,0.6022,107428.960299955
0.5096489301705978,0.6024,107428.960692382
0.7197506737867828,0.6026,107428.960970256
0.5548773764628819,0.6028,107428.961330696
0.5678962369645453,0.603,107428.961682873
0.6714316012294408,0.6032,107428.961980744
0.4560618627941546,0.6034,107428.962419281
0.7819678205728906,0.6036,107428.962675046
0.550097358335783,0.6038,107428.963038618
0.6215504050373502,0.604,107428.963360394
0.5641478344237505,0.6042,107428.963714911
0.5537543187728945,0.6044,107428.964076082
0.5860737242010244,0.6046,107428.964417336
0.5406837461926229,0.6048,107428.964787238
0.5504925490762191,0.605,107428.965150549
0.5470309868984797,0.6052,107428.965516159
0.5721118391923119,0.6054,107428.965865741
0.5697470056631263,0.6056,107428.966216774
0.6632135298519772,0.6058,107428.966518336
0.5682221942316197,0.606,107428.966870311
0.6286382175152586,0.6062,107428.967188459
0.5573095428472326,0.6064,107428.967547326
0.700194294554913,0.6066,107428.967832961
0.6550675992680425,0.6068,107428.968138273
0.4211279951194401,0.607,107428.968613188
0.8252663700311751,0.6072,107428.968855534
0.5966177777219001,0.6074,107428.969190757
0.7037347147337839,0.6076,107428.969474955
0.5279775224918826,0.6078,107428.969853759
0.647855125367732,0.608,107428.97016247
0.6013843737061095,0.6082,107428.970495036
0.5048032092567053,0.6084,107428.97089123
0.6851473757144456,0.6086,107428.971183138
0.5867253299927566,0.6088,107428.971524013
0.6000798022794687,0.609,107428.971857302
0.4954603548919886,0.6092,107428.972260967
0.6799437116307333,0.6094,107428.972555109
0.5437782122584814,0.6096,107428.972922906
0.6607463782923204,0.6098,107428.973225594
0.5773355487324854,0.61,107428.973572013
0.5153457069189132,0.6102,107428.973960102
0.4844609089592928,0.6104,107428.974372932
0.44363309827653447,0.6106,107428.974823755
0.856751180719117,0.6108,107428.975057195
0.5561503190260371,0.611,107428.97541681
0.722290235979466,0.6112,107428.975693707
0.48934093979476634,0.6114,107428.97610242
0.6041821357138845,0.6116,107428.976433446
0.6752194466252741,0.6118,107428.976729646
0.5933256890782426,0.612,107428.977066729
0.5380509670623113,0.6122,107428.977438441
0.6304812455038127,0.6124,107428.977755659
0.6079378491698642,0.6126,107428.97808464
0.6601161113504135,0.6128,107428.978387617
0.48543453422542565,0.613,107428.978799619
0.8043952332897667,0.6132,107428.979048253
0.6140714465414873,0.6134,107428.979373948
0.6726758989268435,0.6136,107428.979671268
0.6661847977545411,0.6138,107428.979971485
0.5846568333988647,0.614,107428.980313566
0.6376087331906073,0.6142,107428.980627238
0.45700287581485677,0.6144,107428.981064872
0.7988496655783216,0.6146,107428.981315232
0.6664955807329949,0.6148,107428.981615309
0.5780163268649384,0.615,107428.98196132
0.7503507794966009,0.6152,107428.982227862
0.6080764774901367,0.6154,107428.982556768
0.5959368946935897,0.6156,107428.982892374
0.6853727723818245,0.6158,107428.983184186
0.6253634849281878,0.616,107428.983504
0.5914325262911053,0.6162,107428.983842162
0.5722133094231429,0.6164,107428.984191682
0.5880191112460759,0.6166,107428.984531807
0.6975008657774353,0.6168,107428.984818545
0.598540738693845,0.617,107428.985152691
0.7209181656814369,0.6172,107428.985430115
0.6092397401100401,0.6174,107428.985758393
0.6100778737313007,0.6176,107428.98608622
0.5890270230289499,0.6178,107428.986425763
0.5775806217199487,0.618,107428.986772035
0.4571156880411282,0.6182,107428.987209561
1.0336398287681428,0.6184,107428.987403052
0.6702322938853524,0.6186,107428.987701456
0.6382435605567903,0.6188,107428.988014816
0.6823469989882622,0.619,107428.988307922
0.5975571858493731,0.6192,107428.988642618
0.6338260440107772,0.6194,107428.988958162
0.6700683562297581,0.6196,107428.989256639
0.5416252604531727,0.6198,107428.989625898
0.7279503796768142,0.62,107428.989900642
0.42036588342742254,0.6202,107428.990376418
0.5027209777909132,0.6204,107428.990774253
0.48067218471179823,0.6206,107428.991190337
1.0905898178412685,0.6208,107428.991373724
0.5857510100786459,0.621,107428.991715166
0.6208827791220471,0.6212,107428.992037288
0.5728393851081919,0.6214,107428.992386426
0.5727655709929917,0.6216,107428.992735609
0.6236163620863995,0.6218,107428.993056319
0.6360878148129192,0.622,107428.993370741
0.692664671000347,0.6222,107428.993659481
0.6050796500794959,0.6224,107428.993990016
0.6541783843044597,0.6226,107428.994295743
0.6285908352093168,0.6228,107428.994613915
0.6389858118498127,0.623,107428.994926911
0.3620951502143432,0.6232,107428.995479252
1.485553021665145,0.6234,107428.995613882
0.7116399188093712,0.6236,107428.995894923
0.5586498547657226,0.6238,107428.996252929
0.7297592141137742,0.624,107428.996526992
0.7026740441458169,0.6242,107428.996811619
0.586635849861161,0.6244,107428.997152546
0.5490432874714957,0.6246,107428.997516816
0.7891818869203813,0.6248,107428.997770243
0.5800346431197629,0.625,107428.99811505
0.7096526845950591,0.6252,107428.998396878
0.5800447287442412,0.6254,107428.998741679
0.6247657098113972,0.6256,107428.999061799
0.7007192801134663,0.6258,107428.99934722
0.6285947738788017,0.626,107428.99966539
0.6311955698036241,0.6262,107428.999982249
0.5975554191740788,0.6264,107429.000316946
0.7073336164202139,0.6266,107429.000599698
0.6324750790633686,0.6268,107429.000915916
0.5185417572360399,0.627,107429.001301613
0.7964256157321731,0.6272,107429.001552735
0.9407691727635726,0.6274,107429.001765327
0.775091674700058,0.6276,107429.002023361
0.8323310350105836,0.6278,107429.00226365
0.9857218669041927,0.628,107429.002466547
0.8088095559833877,0.6282,107429.002713824
0.9913209955724519,0.6284,107429.002915575
0.7337187742578336,0.6286,107429.003188159
0.7788495485822148,0.6288,107429.003444948
0.5084207211727061,0.629,107429.003838323
1.1741016479747948,0.6292,107429.004008666
1.0594735297803046,0.6294,107429.004197439
0.7177797576109761,0.6296,107429.004476076
0.7132591467177289,0.6298,107429.004756479
1.168074220463321,0.63,107429.004927701
0.701375385312794,0.6302,107429.005212855
0.8211832566006594,0.6304,107429.005456406
1.0090257502634996,0.6306,107429.005654617
0.7674891353278088,0.6308,107429.005915207
0.9387864335583246,0.631,107429.006128248
0.8003425559305629,0.6312,107429.006378141
0.6774631781712883,0.6314,107429.00667336
1.2520267106415353,0.6316,107429.006833101
0.8867724371425558,0.6318,107429.007058638
1.0461618907661723,0.632,107429.007249813
0.8029097607731598,0.6322,107429.007498907
0.9660575748549891,0.6324,107429.007705934
0.8397574501977463,0.6326,107429.007944098
0.8082832816409079,0.6328,107429.008191536
0.8285141829999751,0.633,107429.008432932
0.8000863980666499,0.6332,107429.008682905
0.8328301520258964,0.6334,107429.00892305
1.0386049267765192,0.6336,107429.009115616
0.7856663361704858,0.6338,107429.009370177
0.8571073409269867,0.634,107429.00960352
0.4607562322229926,0.6342,107429.010037589
0.9766292453085864,0.6344,107429.010242375
2.098635929275876,0.6346,107429.010337675
0.9703744998550137,0.6348,107429.010543781
0.8319225436442448,0.635,107429.010784188
1.0661378456915445,0.6352,107429.010971781
0.9529118561745599,0.6354,107429.011181664
0.8456016135957652,0.6356,107429.011418182
1.0375758217625701,0.6358,107429.011610939
0.8385673730742585,0.636,107429.011849441
0.965507253948219,0.6362,107429.012056586
1.0052170420984274,0.6364,107429.012255548
1.0685815767798592,0.6366,107429.012442712
0.8270580595807971,0.6368,107429.012684533
0.8217905883691402,0.637,107429.012927904
0.7908107907597616,0.6372,107429.013180809
1.0639089777446324,0.6374,107429.013368795
1.132259190403675,0.6376,107429.013545433
0.8278145485663603,0.6378,107429.013787033
0.5231110480341123,0.638,107429.014169361
1.3427505715524721,0.6382,107429.014318309
0.9232928422627408,0.6384,107429.014534925
1.0454290728096605,0.6386,107429.014726234
0.7827911391062521,0.6388,107429.01498173
0.9832551564555504,0.639,107429.015185136
0.8309858095999234,0.6392,107429.015425814
0.9674173650204224,0.6394,107429.01563255
1.0442119188306322,0.6396,107429.015824082
0.7739788485020668,0.6398,107429.016082487
1.1723466155824072,0.64,107429.016253085
0.7496673596959901,0.6402,107429.01651987
0.827776855775437,0.6404,107429.016761481
1.0877013663401576,0.6406,107429.016945355
1.0355183343824552,0.6408,107429.017138495
0.9695841005055567,0.641,107429.017344769
1.032226093723635,0.6412,107429.017538525
1.045822768154948,0.6414,107429.017729762
0.752386005163304,0.6416,107429.017995583
0.8552673799512023,0.6418,107429.018229428
1.258130593302114,0.642,107429.018388394
1.0214556632320717,0.6422,107429.018584193
0.8726498844859324,0.6424,107429.01881338
0.7680373410259002,0.6426,107429.019073784
1.0658367294760396,0.6428,107429.01926143
0.8177250237780164,0.643,107429.019506011
0.7816133025863718,0.6432,107429.019761892
0.41876485934002006,0.6434,107429.020239487
1.1469402687918453,0.6436,107429.020413864
3.6730940994880816,0.6438,107429.020468314
0.6883923290752,0.644,107429.020758846
3.702401419767129,0.6442,107429.020812865
0.961871373862772,0.6444,107429.021020793
1.0355075677387877,0.6446,107429.021213935
1.0090562717029596,0.6448,107429.02141214
0.8296792826406028,0.645,107429.021653197
1.0876836338532148,0.6452,107429.021837074
1.0139725767315784,0.6454,107429.022034318
0.8600670917013148,0.6456,107429.022266858
0.9628623562372726,0.6458,107429.022474572
0.9995502096859427,0.646,107429.022674662
0.9088017596397091,0.6462,107429.022894732
0.9866847053300466,0.6464,107429.023097431
1.0527478926267475,0.6466,107429.02328741
0.8333020790454712,0.6468,107429.023527419
0.8141167972220354,0.647,107429.023773084
0.8377454593197232,0.6472,107429.02401182
0.9696734401712073,0.6474,107429.024218075
1.135505611368633,0.6476,107429.024394208
1.0227615551545792,0.6478,107429.024589757
0.9996301069292689,0.648,107429.024789831
1.0995596565416768,0.6482,107429.024971722
1.0980202527477867,0.6484,107429.025153868
0.8077838030590275,0.6486,107429.025401459
0.8683985410494002,0.6488,107429.025631768
1.0064817911527415,0.649,107429.02583048
1.0173250311753197,0.6492,107429.026027074
1.092245573323899,0.6494,107429.026210183
0.9884939511965145,0.6496,107429.026412511
0.7450371010163468,0.6498,107429.026680954
1.0941817372320133,0.65,107429.026863739
0.7656088465036988,0.6502,107429.027124969
0.8285656293118709,0.6504,107429.02736635
0.9727011266120914,0.6506,107429.027571963
1.14728235399741,0.6508,107429.027746288
0.8477665921903526,0.651,107429.027982202
1.2751035934183303,0.6512,107429.028139052
1.0322420640491015,0.6514,107429.028332805
0.7794870028569395,0.6516,107429.028589384
1.5138327573484194,0.6518,107429.028721499
1.0222910343708174,0.652,107429.028917138
1.0123558103617503,0.6522,107429.029114697
0.9803200777413498,0.6524,107429.029318712
1.0204289551889503,0.6526,107429.029514708
0.995287364418301,0.6528,107429.029715655
1.0395226076482857,0.653,107429.029908051
1.020397741892382,0.6532,107429.030104053
1.0705950273815088,0.6534,107429.030290865
0.5509095507054087,0.6536,107429.030653901
1.1047282429178065,0.6538,107429.030834941
1.0152284201708517,0.654,107429.031031941
1.049125327630769,0.6542,107429.031222576
2.064537313025459,0.6544,107429.03131945
0.8090647582387595,0.6546,107429.031566649
1.123040310558156,0.6548,107429.031744737
0.8394191489919556,0.655,107429.031982997
1.0433240377189477,0.6552,107429.032174692
1.0806721406669746,0.6554,107429.032359762
0.45812927988050434,0.6556,107429.03279632
0.91701053804229,0.6558,107429.03301442
1.46512626973053,0.656,107429.033150927
2.303006775053556,0.6562,107429.03323777
1.124144879625732,0.6564,107429.033415683
0.8364980911276473,0.6566,107429.033654775
1.0662345332912326,0.6568,107429.033842351
0.8872012465323095,0.657,107429.034067779
0.9938381670891924,0.6572,107429.034269019
0.8542591018661693,0.6574,107429.03450314
1.304520833832687,0.6576,107429.034656453
0.8277631954797254,0.6578,107429.034898068
0.8264155388469062,0.658,107429.035140077
1.3514517496092555,0.6582,107429.035288066
0.849408416104427,0.6584,107429.035523524
1.0776210070578665,0.6586,107429.035709118
0.8067508932912444,0.6588,107429.035957026
1.1087765647509378,0.659,107429.036137405
1.0011012158765844,0.6592,107429.036337185
0.577510579638155,0.6594,107429.036683499
0.7315716863845023,0.6596,107429.036956883
1.6749999295829392,0.6598,107429.037076286
1.5224175416090922,0.66,107429.037207656
0.8667238778065467,0.6602,107429.03743841
0.9418057952881042,0.6604,107429.037650768
0.8191853518243396,0.6606,107429.037894913
1.1736400476637874,0.6608,107429.038065323
1.0547299054502712,0.661,107429.038254945
0.9214678877459651,0.6612,107429.03847199
1.072869279531138,0.6614,107429.038658406
1.0286161136514569,0.6616,107429.038852842
0.9432627233312716,0.6618,107429.039064872
0.9916601745186913,0.662,107429.039266554
1.0365755689404543,0.6622,107429.039459497
1.1091393119279938,0.6624,107429.039639817
1.04598680917167,0.6626,107429.039831024
1.015604721858855,0.6628,107429.040027951
1.0651555881612538,0.663,107429.040215717
1.0210541533683815,0.6632,107429.040411593
0.5509839129511946,0.6634,107429.04077458
1.0293202231208236,0.6636,107429.040968883
1.302965525017715,0.6638,107429.041122379
0.9033015876583586,0.664,107429.041343789
1.3019900352288831,0.6642,107429.0414974
1.121139118908663,0.6644,107429.04167579
0.8386834295114276,0.6646,107429.041914259
1.0605016268915204,0.6648,107429.042102849
1.0340673266324183,0.665,107429.04229626
0.6803970901316911,0.6652,107429.042590206
1.151171893970975,0.6654,107429.042763942
1.131106509187182,0.6656,107429.04294076
0.83593517993444,0.6658,107429.043180013
1.0187085611681643,0.666,107429.04337634
0.8216015510118071,0.6662,107429.043619767
0.9822748460251362,0.6664,107429.043823376
0.8274139143254341,0.6666,107429.044065093
1.3664841506117296,0.6668,107429.044211454
0.7490749092715957,0.667,107429.04447845
1.1305247246750323,0.6672,107429.044655359
0.8764357354341819,0.6674,107429.044883556
0.9593108088919859,0.6676,107429.045092039
1.0408697741277584,0.6678,107429.045284186
0.7685686227125341,0.668,107429.04554441
0.8524531191994872,0.6682,107429.045779027
1.0287695643571213,0.6684,107429.045973434
0.7993253690902229,0.6686,107429.046223645
1.4251611870404004,0.6688,107429.04636398
1.0832006195354258,0.669,107429.046548618
0.9381390948689794,0.6692,107429.046761806
0.983477632239427,0.6694,107429.046965166
1.0389124465590591,0.6696,107429.047157675
1.0656890446423894,0.6698,107429.047345347
0.9547724744173086,0.67,107429.047554821
0.7314245590117863,0.6702,107429.04782826
0.87528497431082,0.6704,107429.048056757
1.0017179876509101,0.6706,107429.048256414
1.0827666843136359,0.6708,107429.048441126
1.0210384514988642,0.671,107429.048637005
0.5166810548448292,0.6712,107429.049024091
1.4323364235377776,0.6714,107429.049163723
0.9745116430139332,0.6716,107429.049368954
1.3625927517126215,0.6718,107429.049515733
0.9766101611153362,0.672,107429.049720523
1.3907045855654092,0.6722,107429.049864335
0.7237434878097471,0.6724,107429.050140676
1.447136203382147,0.6726,107429.05027888
1.2048120041704562,0.6728,107429.050444881
0.7713281574638305,0.673,107429.050704174
0.8575814513402736,0.6732,107429.050937388
1.407202110655264,0.6734,107429.051079514
0.82817105473114,0.6736,107429.05132101
0.8412020876218341,0.6738,107429.051558765
0.8198871970755692,0.674,107429.051802701
0.8077641956615895,0.6742,107429.052050298
1.0760962047979572,0.6744,107429.052236155
0.8338266428932747,0.6746,107429.052476013
1.0676803192250564,0.6748,107429.052663335
1.0356898506675265,0.675,107429.052856443
0.8786766958639538,0.6752,107429.053084058
0.9245177908940955,0.6754,107429.053300387
0.7742604737749934,0.6756,107429.053558698
2.300436816374482,0.6758,107429.053645638
1.0657231729796577,0.676,107429.053833304
0.751402321120355,0.6762,107429.054099473
1.7073878812797962,0.6764,107429.054216611
0.8390282062014501,0.6766,107429.054454982
1.0582682880838952,0.6768,107429.05464397
0.8167165360690366,0.677,107429.054888853
1.0327271460753091,0.6772,107429.055082515
1.0051918251185838,0.6774,107429.055281482
1.0999465906556878,0.6776,107429.055463309
1.0739062658968472,0.6778,107429.055649545
0.8145179777117711,0.678,107429.055895089
1.0414280210980562,0.6782,107429.056087133
0.863964440602243,0.6784,107429.056318624
0.8387995180771086,0.6786,107429.05655706
1.0585819382239476,0.6788,107429.056745992
0.8324627163437477,0.679,107429.056986243
1.0023304029092954,0.6792,107429.057185778
0.9572859001800696,0.6794,107429.057394702
0.8347907365947608,0.6796,107429.057634283
1.0611656022526226,0.6798,107429.057822755
0.6512600298767869,0.68,107429.058129852
0.6191356328288036,0.6802,107429.058452883
0.7431049027399708,0.6804,107429.058722024
1.0723055210187984,0.6806,107429.058908538
1.1564504364319736,0.6808,107429.059081481
1.1812511858331043,0.681,107429.059250793
0.9969642083350793,0.6812,107429.059451402
0.752111586716269,0.6814,107429.05971732
1.2703090493200955,0.6816,107429.059874762
0.9455057587750768,0.6818,107429.060086289
1.143517092915641,0.682,107429.060261188
0.8202536973287652,0.6822,107429.060505015
1.061644386218917,0.6824,107429.060693402
1.0144817447032886,0.6826,107429.060890547
0.8889442120649022,0.6828,107429.061115533
1.109964115453147,0.683,107429.061295719
1.0268205375531978,0.6832,107429.061490495
0.8417366994727522,0.6834,107429.061728099
0.8270580098114286,0.6836,107429.06196992
1.3641913855976746,0.6838,107429.062116527
0.9105436609279001,0.684,107429.062336176
0.9733970588792481,0.6842,107429.062541642
0.8356382577611307,0.6844,107429.06278098
1.2792468309172118,0.6846,107429.062937322
0.9046212549042203,0.6848,107429.063158409
0.714740100350717,0.685,107429.063438231
0.9070953059373474,0.6852,107429.063658715
1.094361300847379,0.6854,107429.06384147
0.9046785379771715,0.6856,107429.064062543
1.0061930944347293,0.6858,107429.064261312
0.8149128857899026,0.686,107429.064506737
0.8886677413350994,0.6862,107429.064731793
1.1356151031347386,0.6864,107429.064907909
0.9593937112742175,0.6866,107429.065116374
0.9433694874479208,0.6868,107429.06532838
1.207809743489287,0.687,107429.065493969
0.8412799419619225,0.6872,107429.065731702
0.8513065336476754,0.6874,107429.065966635
0.7906794468376486,0.6876,107429.066219582
1.1564236776184025,0.6878,107429.066392529
0.7848985459048924,0.688,107429.066647339
1.113139482785173,0.6882,107429.066827011
0.967969866158588,0.6884,107429.067033629
1.050795487997719,0.6886,107429.067223961
0.5923082834322944,0.6888,107429.067561623
1.0642316669095602,0.689,107429.067749552
1.0898114341632887,0.6892,107429.06793307
1.0923947198717034,0.6894,107429.068116154
0.8600522910767573,0.6896,107429.068348698
0.8531695108266252,0.6898,107429.068583118
0.8438996804895887,0.69,107429.068820113
0.8141896702693994,0.6902,107429.069065756
0.9217524742574978,0.6904,107429.069282734
1.0086593408553655,0.6906,107429.069481017
0.656163671840352,0.6908,107429.069785819
2.081360137288203,0.691,107429.06988191
1.1445052418894204,0.6912,107429.070056658
0.8793992031982686,0.6914,107429.070284086
1.0596531557957576,0.6916,107429.070472827
1.1285790386360188,0.6918,107429.070650041
0.861831200019319,0.692,107429.070882105
1.0555315139463175,0.6922,107429.071071583
1.0593781460894272,0.6924,107429.071260373
0.5572381175668054,0.6926,107429.071619286
1.584032972109269,0.6928,107429.071745546
0.8966277853522032,0.693,107429.071968604
1.5687626823405008,0.6932,107429.072096093
0.8935712021340863,0.6934,107429.072319914
0.9754385033433357,0.6936,107429.07252495
1.0706408966591128,0.6938,107429.072711754
0.8798169671791003,0.694,107429.072939074
1.0177495380479435,0.6942,107429.073135586
0.8784181391146831,0.6944,107429.073363268
0.4984672250842371,0.6946,107429.073764498
1.7780464377412488,0.6948,107429.073876981
1.1342497972462284,0.695,107429.074053309
0.9808537479978924,0.6952,107429.074257213
1.4673944631913816,0.6954,107429.074393509
1.12060509117652,0.6956,107429.074571984
0.8627122883579083,0.6958,107429.074803811
0.8300821643372562,0.696,107429.075044751
1.0616725972063612,0.6962,107429.075233133
1.1144296505411386,0.6964,107429.075412597
0.5263864253159821,0.6966,107429.075792546
0.6831697701834232,0.6968,107429.076085299
1.5024264686181328,0.697,107429.076218417
1.9182995991424137,0.6972,107429.076322676
1.883558542154946,0.6974,107429.076428858
1.4876192258063297,0.6976,107429.076563301
1.08794399794113,0.6978,107429.076747134
0.3737723832646842,0.698,107429.077282219
1.8846234381813185,0.6982,107429.077388341
8.376965939791004,0.6984,107429.077412216
0.854547462389956,0.6986,107429.077646258
0.7307991404323598,0.6988,107429.077919931
1.1113148584347197,0.699,107429.078099898
1.0166476091035714,0.6992,107429.078296623
1.0727254166675892,0.6994,107429.078483064
1.0418511667585155,0.6996,107429.07867503
0.8411348520183496,0.6998,107429.078912804
1.054468609233889,0.7,107429.079102473
0.8564393429698105,0.7002,107429.079335998
0.6836812269822783,0.7004,107429.079628532
0.7479878949122605,0.7006,107429.079895916
1.5594177222409547,0.7008,107429.080024169
1.0301472788433306,0.701,107429.080218316
0.9943322735341891,0.7012,107429.080419456
0.8600597182355879,0.7014,107429.080651998
1.0484597728842533,0.7016,107429.080842754
0.9106182881026647,0.7018,107429.081062385
1.1530833256034174,0.702,107429.081235833
1.0279341087428628,0.7022,107429.081430398
0.8586233925177302,0.7024,107429.081663329
0.4738325938904671,0.7026,107429.082085419
0.869773210932905,0.7028,107429.082315364
1.4546406020969345,0.703,107429.082452855
1.5422578210601616,0.7032,107429.082582535
2.7706589632726613,0.7034,107429.08265472
1.1651277053098392,0.7036,107429.082826375
1.1145352056974143,0.7038,107429.083005822
0.9629087679871373,0.704,107429.083213526
0.9169306385263054,0.7042,107429.083431645
0.8591102444987669,0.7044,107429.083664444
1.3347125351863636,0.7046,107429.083814289
0.6242625761409917,0.7048,107429.084134667
1.1472692336175223,0.705,107429.084308994
1.3585571810441592,0.7052,107429.084456209
1.1181492980841203,0.7054,107429.084635076
0.8974686702884666,0.7056,107429.084857925
0.9143066089888843,0.7058,107429.08507667
1.0922336815515754,0.706,107429.085259781
0.8179056129025186,0.7062,107429.085504308
0.7929616586040102,0.7064,107429.085756527
0.8408519213373176,0.7066,107429.085994381
1.1380384161437151,0.7068,107429.086170122
1.0761482765091412,0.707,107429.08635597
0.9312937510964411,0.7072,107429.086570725
1.2317243256650938,0.7074,107429.086733099
0.9820818956496089,0.7076,107429.086936748
1.0297230153760968,0.7078,107429.087130975
1.0186047489397718,0.708,107429.087327322
1.0562673658091486,0.7082,107429.087516668
1.0526980607964174,0.7084,107429.087706656
0.9251293364891778,0.7086,107429.087922842
1.1649580384071625,0.7088,107429.088094522
0.8379209517741536,0.709,107429.088333208
1.089033988214518,0.7092,107429.088516857
0.9901823470409854,0.7094,107429.08871884
1.0826025025919948,0.7096,107429.08890358
0.8066109824934907,0.7098,107429.089151531
1.5449025972409707,0.71,107429.089280989
0.7041261856197175,0.7102,107429.089565029
0.6112674902799095,0.7104,107429.089892218
1.0724723686204312,0.7106,107429.090078703
1.0653711694288304,0.7108,107429.090266431
0.7893438315329919,0.711,107429.090519806
0.8650257160311253,0.7112,107429.090751013
0.8602113571920599,0.7114,107429.090983514
1.0574401449773854,0.7116,107429.09117265
1.040972734259351,0.7118,107429.091364778
1.0135665370641542,0.712,107429.091562101
1.1073461460536649,0.7122,107429.091742713
0.901489741979949,0.7124,107429.091964568
0.9434718716175488,0.7126,107429.092176551
0.9717181723780987,0.7128,107429.092382372
1.0352073622000377,0.713,107429.09257557
1.0731456412924418,0.7132,107429.092761938
0.7814728206531304,0.7134,107429.093017865
1.6390486942366782,0.7136,107429.093139887
1.0426876531306273,0.7138,107429.093331699
1.0327110831390212,0.714,107429.093525364
1.0495052227255415,0.7142,107429.09371593
0.7942527738643377,0.7144,107429.093967739
0.6919984127416531,0.7146,107429.094256757
2.637200184513025,0.7148,107429.094332595
0.8356837328398047,0.715,107429.09457192
1.0482014938051603,0.7152,107429.094762723
0.977388151155403,0.7154,107429.09496735
1.0651158831654524,0.7156,107429.095155123
1.0392471803058805,0.7158,107429.09534757
0.8365050661283766,0.716,107429.09558666
0.9067868503028585,0.7162,107429.095807219
1.0802694364663756,0.7164,107429.095992358
0.6475299938232822,0.7166,107429.096301224
0.8502208275623157,0.7168,107429.096536457
1.012115010779835,0.717,107429.096734063
1.0755810676255213,0.7172,107429.096920009
0.7553925511157221,0.7174,107429.097184772
4.890693501348469,0.7176,107429.097225666
0.764376967251141,0.7178,107429.097487317
1.7240043400482066,0.718,107429.097603326
0.7242256945154655,0.7182,107429.097879483
1.093966269000276,0.7184,107429.098062304
0.6333583277921808,0.7186,107429.098378081
1.347282216523398,0.7188,107429.098526528
1.4178866093907732,0.719,107429.098667583
0.7971494120861442,0.7192,107429.098918477
0.8121794364815837,0.7194,107429.099164728
1.522382802791716,0.7196,107429.099296101
0.8309651099131729,0.7198,107429.099536785
1.0363070142623356,0.72,107429.099729778
0.9664963668347514,0.7202,107429.099936711
0.5503653104476468,0.7204,107429.100300106
1.0372475649853292,0.7206,107429.100492924
0.9889093907892208,0.7208,107429.100695167
0.9319838099941843,0.721,107429.100909763
1.0250627931964433,0.7212,107429.101104873
0.9560229135066126,0.7214,107429.101314073
1.1173871402914046,0.7216,107429.101493062
0.8330521627850197,0.7218,107429.101733143
1.0358776629413893,0.722,107429.101926216
1.0144559858782936,0.7222,107429.102123366
1.0018784888844232,0.7224,107429.102322991
1.1132944806368383,0.7226,107429.102502638
0.8392606064594667,0.7228,107429.102740943
0.8239913371854394,0.723,107429.102983664
1.0247791568591,0.7232,107429.103178828
0.7752087956639256,0.7234,107429.103436823
1.0447519966247873,0.7236,107429.103628256
0.8368060692768237,0.7238,107429.10386726
1.0212783559194423,0.724,107429.104063093
0.5858127778230362,0.7242,107429.104404499
1.296739355688682,0.7244,107429.104558732
0.9415885472802097,0.7246,107429.104771139
0.754025560871047,0.7248,107429.105036382
2.1088149022415514,0.725,107429.105131222
1.0042428815559048,0.7252,107429.105330377
1.1225864368902254,0.7254,107429.105508537
0.9982082626038724,0.7256,107429.105708896
1.1238227917477293,0.7258,107429.10588686
0.8294521577174784,0.726,107429.106127983
0.9806325275802135,0.7262,107429.106331933
0.9788471086866943,0.7264,107429.106536255
0.8771006540141181,0.7266,107429.106764279
0.8618200674298125,0.7268,107429.106996346
0.9944905604586332,0.727,107429.107197454
0.8201998516657802,0.7272,107429.107441297
0.9948516431540537,0.7274,107429.107642332
0.8533406109899787,0.7276,107429.107876705
1.0011162376039346,0.7278,107429.108076482
0.9824534049266787,0.728,107429.108280054
1.1260500141739254,0.7282,107429.108457666
1.0165391037854177,0.7284,107429.108654412
0.8752314087179982,0.7286,107429.108882923
0.8628090705376574,0.7288,107429.109114724
1.1514833208078814,0.729,107429.109288413
1.0590247718597536,0.7292,107429.109477266
1.0026822060640057,0.7294,107429.109676731
0.8503111972866605,0.7296,107429.109911939
0.796793701107588,0.7298,107429.110162945
1.1515961087082232,0.73,107429.110336617
0.5823518153421587,0.7302,107429.110680052
0.7524426430409401,0.7304,107429.110945853
0.942054201512061,0.7306,107429.111158155
0.8451014179966828,0.7308,107429.111394813
0.92923848766897,0.731,107429.111610043
1.1209128125778145,0.7312,107429.111788469
1.607097022931372,0.7314,107429.111912917
1.0589014035557205,0.7316,107429.112101792
0.8272051044431729,0.7318,107429.11234357
0.4535774842474676,0.732,107429.112784509
1.3305922911028245,0.7322,107429.112934818
0.5848466105194092,0.7324,107429.113276788
2.2592234266681275,0.7326,107429.113365314
2.7509561761575085,0.7328,107429.113438016
0.9612010955984492,0.733,107429.113646089
0.6671781550693492,0.7332,107429.113945859
1.386674080398865,0.7334,107429.114090089
1.0332339670433508,0.7336,107429.114283656
1.0191913582829346,0.7338,107429.11447989
0.5972681097684276,0.734,107429.114814748
1.3459493556451945,0.7342,107429.114963342
1.1532629052650842,0.7344,107429.115136763
1.6002303663720026,0.7346,107429.115261745
0.8434050151560303,0.7348,107429.115498879
0.8602076422869935,0.735,107429.115731381
1.091286037442932,0.7352,107429.115914651
0.9305355316910301,0.7354,107429.116129581
1.1248151085162252,0.7356,107429.116307388
0.7757169480316759,0.7358,107429.116565214
1.111951248786301,0.736,107429.116745078
1.03396043846444,0.7362,107429.116938509
1.0288489640021479,0.7364,107429.117132901
0.8592320034848728,0.7366,107429.117365667
1.044997613472975,0.7368,107429.117557055
0.7904888096552689,0.737,107429.117810063
1.0207102640312145,0.7372,107429.118006005
1.0380335509443628,0.7374,107429.118198677
1.1199022707689499,0.7376,107429.118377264
0.8754076257475552,0.7378,107429.118605729
1.2174781504855277,0.738,107429.118770003
0.8138020641857211,0.7382,107429.119015763
0.802223791743271,0.7384,107429.11926507
1.4336609492470476,0.7386,107429.119404573
0.8414498091753433,0.7388,107429.119642258
0.8253378826065915,0.739,107429.119884583
0.6881080932320712,0.7392,107429.120175235
2.0446553734497583,0.7394,107429.120273051
0.7197739684726816,0.7396,107429.120550916
0.5669962885964803,0.7398,107429.120903652
1.6865966146810967,0.74,107429.121022234
0.6273702749936989,0.7402,107429.121341025
0.7018184173587451,0.7404,107429.121625999
0.8339310176041919,0.7406,107429.121865827
0.9039221170984304,0.7408,107429.122087085
0.9669262379091782,0.741,107429.122293926
1.0969783975020952,0.7412,107429.122476245
0.9917290113899246,0.7414,107429.122677913
1.1148954909098996,0.7416,107429.122857302
1.0581899045880616,0.7418,107429.123046304
0.8053377793191555,0.742,107429.123294647
0.8762590484253157,0.7422,107429.12352289
0.9583593289954287,0.7424,107429.12373158
0.9801903160685764,0.7426,107429.123935622
1.1450163166232896,0.7428,107429.124110292
1.0578148512208323,0.743,107429.124299361
1.0517348474837784,0.7432,107429.124489523
1.0803102792964856,0.7434,107429.124674655
0.831901797264528,0.7436,107429.124915068
1.0547132317098822,0.7438,107429.125104693
0.8338197124876546,0.744,107429.125344553
0.8118893156288339,0.7442,107429.125590892
1.0938046799819794,0.7444,107429.12577374
1.0343829078668276,0.7446,107429.125967092
1.0861300708509667,0.7448,107429.126151232
0.8268870873714469,0.745,107429.126393103
0.8636361512399334,0.7452,107429.126624682
0.94845617274445,0.7454,107429.126835551
0.916078062069968,0.7456,107429.127053873
1.087246100091835,0.7458,107429.127237824
0.9966114912992331,0.746,107429.127438504
0.8690815404510763,0.7462,107429.127668632
1.0944331950867097,0.7464,107429.127851375
0.5963278243113093,0.7466,107429.128186761
1.5444373365623025,0.7468,107429.128316258
0.9643015126050537,0.747,107429.128523662
0.8480505331392267,0.7472,107429.128759497
0.5848517621920536,0.7474,107429.129101464
1.5213290818155754,0.7476,107429.129232928
0.5422346505650399,0.7478,107429.129601772
2.006742634640474,0.748,107429.129701436
1.2185759546994208,0.7482,107429.129865562
0.9511942649967179,0.7484,107429.130075824
0.9516332292307697,0.7486,107429.130285989
0.8427652763835238,0.7488,107429.130523303
0.8221520548543314,0.749,107429.130766567
0.4686123437672255,0.7492,107429.131193359
1.5127220682447664,0.7494,107429.131325571
1.6914462242650437,0.7496,107429.131443813
0.950353560437006,0.7498,107429.131654261
1.293334818948072,0.75,107429.1318089
1.048196057718526,0.7502,107429.131999704
0.800836044888559,0.7504,107429.132249443
1.0436180340457246,0.7506,107429.132441084
1.0324392530021635,0.7508,107429.1326348
1.0922276923628342,0.751,107429.132817912
1.012658276746531,0.7512,107429.133015412
0.7185714783925253,0.7514,107429.133293742
1.5310301477555728,0.7516,107429.133424373
0.8345538623001441,0.7518,107429.133664022
0.853318729650468,0.752,107429.133898401
1.02573570992762,0.7522,107429.134093383
0.6693731751332248,0.7524,107429.13439217
1.2391343076389025,0.7526,107429.134553573
1.064718995958506,0.7528,107429.134741416
1.1022927564922191,0.753,107429.134922856
1.045467403114084,0.7532,107429.135114158
0.9922751074225751,0.7534,107429.135315715
0.8964388881337705,0.7536,107429.13553882
1.0921561743727135,0.7538,107429.135721944
0.8387642991024584,0.754,107429.13596039
1.0135306596980362,0.7542,107429.13615772
1.1193257531663083,0.7544,107429.136336399
0.5826164539026281,0.7546,107429.136679678
1.6159266096602773,0.7548,107429.136803446
0.7183908167376762,0.755,107429.137081846
1.1783836752834187,0.7552,107429.13725157
1.1900936545373997,0.7554,107429.137419624
0.9444387189843327,0.7556,107429.13763139
1.1751571517201072,0.7558,107429.13780158
0.837966573463626,0.756,107429.138040253
1.065921954064377,0.7562,107429.138227884
0.9252533995915017,0.7564,107429.138444041
0.8494841740774763,0.7566,107429.138679478
0.8506041103478156,0.7568,107429.138914605
1.0836173879969133,0.757,107429.139099172
0.5543498440898749,0.7572,107429.139459955
1.0569484002535408,0.7574,107429.139649179
1.2031522186663621,0.7576,107429.139815409
1.9151768816990924,0.7578,107429.139919838
1.099106365276874,0.758,107429.140101804
0.8416091799782741,0.7582,107429.140339444
0.8719498160129047,0.7584,107429.140568815
1.3172627473462488,0.7586,107429.140720645
0.8420094961553303,0.7588,107429.140958172
1.0615768171607305,0.759,107429.141146571
0.5749852705841498,0.7592,107429.141494406
1.6673612457358449,0.7594,107429.141614356
0.8051141155554993,0.7596,107429.141862768
1.2403330936274952,0.7598,107429.142024015
1.3127838696756449,0.76,107429.142176363
0.9104980581015657,0.7602,107429.142396023
1.0203873631367177,0.7604,107429.142592027
0.9692458398385299,0.7606,107429.142798373
0.8791710952133738,0.7608,107429.14302586
1.126855820979297,0.761,107429.143203345
0.9265650700644992,0.7612,107429.143419196
0.8623588685819759,0.7614,107429.143651118
0.9096573964304489,0.7616,107429.143870981
0.5529123239961546,0.7618,107429.144232702
2.872820566742268,0.762,107429.14430232
1.7249111429554196,0.7622,107429.144418268
0.6997117000485834,0.7624,107429.1447041
0.9419433450207996,0.7626,107429.144916427
0.7413338202530185,0.7628,107429.145186211
0.8846073763582815,0.763,107429.1454123
1.089217822256152,0.7632,107429.145595918
0.9776700110385992,0.7634,107429.145800486
1.0978273849150377,0.7636,107429.145982664
0.9861738965019058,0.7638,107429.146185468
0.9999199961293901,0.764,107429.146385484
1.0797212019216171,0.7642,107429.146570717
0.9093430447462832,0.7644,107429.146790656
1.104020802017977,0.7646,107429.146971812
1.039744218796267,0.7648,107429.147164167
1.016327348280042,0.765,107429.147360954
0.9990758149191045,0.7652,107429.147561139
0.9303580881861147,0.7654,107429.14777611
0.875484244584189,0.7656,107429.148004555
0.8459377841509121,0.7658,107429.148240979
0.8459378362179795,0.766,107429.148477403
0.8524640111068326,0.7662,107429.148712017
1.0139468437564543,0.7664,107429.148909266
0.8565200434444487,0.7666,107429.149142769
0.8354393434266073,0.7668,107429.149382164
1.046714909076116,0.767,107429.149573238
0.8264702037422408,0.7672,107429.149815231
1.0480806341301003,0.7674,107429.150006056
0.8820364973102935,0.7676,107429.150232804
0.8499679155204443,0.7678,107429.150468107
0.8464784342640184,0.768,107429.15070438
0.8264053024067847,0.7682,107429.150946392
1.069781875947984,0.7684,107429.151133346
0.8772160323172374,0.7686,107429.15136134
1.0949484956179114,0.7688,107429.151543997
0.8340004971757597,0.769,107429.151783805
0.8529621637400991,0.7692,107429.152018282
1.0944151552807675,0.7694,107429.152201028
0.8180427503920008,0.7696,107429.152445514
0.891229855805389,0.7698,107429.152669923
0.7713876831953612,0.77,107429.152929196
0.7419691163368001,0.7702,107429.153198749
0.8420379204959488,0.7704,107429.153436268
1.2274456350327732,0.7706,107429.153599208
0.756793176123154,0.7708,107429.153863481
1.4680300323802729,0.771,107429.153999718
0.9910458603905782,0.7712,107429.154201525
1.249125596081519,0.7714,107429.154361637
1.0432587804890971,0.7716,107429.154553344
1.0900964213811632,0.7718,107429.154736814
0.8059284125117402,0.772,107429.154984975
1.3853005776596694,0.7722,107429.155129348
0.8863558744126887,0.7724,107429.155354991
0.7170540450836809,0.7726,107429.15563391
1.0623323743004904,0.7728,107429.155822175
0.8619315143788245,0.773,107429.156054212
0.88483045312938,0.7732,107429.156280244
0.9610672057931932,0.7734,107429.156488346
0.8457374757226136,0.7736,107429.156724826
0.8687644530033105,0.7738,107429.156955038
0.8547519662553548,0.774,107429.157189024
0.8102119163130601,0.7742,107429.157435873
1.1814674745131082,0.7744,107429.157605154
0.9931226130768368,0.7746,107429.157806539
0.8963746344399433,0.7748,107429.15802966
1.1098840715643652,0.775,107429.158209859
0.8554759026897768,0.7752,107429.158443647
0.8943503714015032,0.7754,107429.158667273
1.0766523180239649,0.7756,107429.158853034
0.9200858976888099,0.7758,107429.159070405
0.8812708290913721,0.776,107429.15929735
1.0292725073781805,0.7762,107429.159491662
1.1545077594027902,0.7764,107429.159664896
0.5682044110758074,0.7766,107429.160016882
1.1999040477344494,0.7768,107429.160183562
1.2271744920052228,0.777,107429.160346538
0.9696969749512668,0.7772,107429.160552788
1.6751540664965279,0.7774,107429.16067218
0.8527621132478749,0.7776,107429.160906712
1.1099456496571787,0.7778,107429.161086901
0.8215137921822353,0.778,107429.161330354
1.1012488698931127,0.7782,107429.161511966
0.8770237520055106,0.7784,107429.16174001
0.682894512326354,0.7786,107429.162032881
1.1511917569893189,0.7788,107429.162206614
1.2408641177716213,0.779,107429.162367792
0.7883575129424628,0.7792,107429.162621484
2.454590506248589,0.7794,107429.162702964
1.0648379485596986,0.7796,107429.162890786
0.8711826106979628,0.7798,107429.163120359
1.4564308680918074,0.78,107429.163257681
0.9625796650134566,0.7802,107429.163465456
0.6228201399742045,0.7804,107429.163786576
0.9402517167693492,0.7806,107429.163999285
0.6200704373260574,0.7808,107429.164321829
1.2822403091131824,0.781,107429.164477806
1.6379212336937747,0.7812,107429.164599912
0.9822651580947575,0.7814,107429.164803523
1.7185970203420322,0.7816,107429.164919897
1.0219463115113057,0.7818,107429.165115602
0.8696219240037085,0.782,107429.165345587
0.7601325655625406,0.7822,107429.165608699
1.2024144486802462,0.7824,107429.165775031
0.8481440534768331,0.7826,107429.16601084
0.8530712784346244,0.7828,107429.166245287
1.4832503186571826,0.783,107429.166380126
0.8506692880485369,0.7832,107429.166615235
0.8471309782205113,0.7834,107429.166851326
0.89671220076788,0.7836,107429.167074363
0.8661757888414556,0.7838,107429.167305263
1.00825769243963,0.784,107429.167503625
0.8522497137462456,0.7842,107429.167738298
0.9999400022116482,0.7844,107429.16793831
0.9929007738384321,0.7846,107429.16813974
0.898403970787929,0.7848,107429.168362357
0.9165230985517562,0.785,107429.168580573
0.8554539117084726,0.7852,107429.168814367
0.985357630919422,0.7854,107429.169017339
1.1392829945464606,0.7856,107429.169192888
0.8238080509751965,0.7858,107429.169435663
0.8965032095175711,0.786,107429.169658752
1.4772357195821626,0.7862,107429.16979414
0.8621135559229852,0.7864,107429.170026128
0.8946384261845741,0.7866,107429.170249682
1.6681403815883327,0.7868,107429.170369576
0.9026044281147978,0.787,107429.170591157
0.9107675791573975,0.7872,107429.170810752
0.8661795554732223,0.7874,107429.171041651
0.9423782689645462,0.7876,107429.17125388
0.9515517943124883,0.7878,107429.171464063
0.8588814825270977,0.788,107429.171696924
0.8510638315241476,0.7882,107429.171931924
1.0682676201140597,0.7884,107429.172119143
0.4597679982845039,0.7886,107429.172554145
1.0533300971286332,0.7888,107429.172744019
1.8384042341412505,0.789,107429.172852809
2.140113298435573,0.7892,107429.172946262
0.825559288372475,0.7894,107429.173188522
1.2657747921571176,0.7896,107429.173346528
0.871930786743892,0.7898,107429.173575904
0.8688927543506998,0.79,107429.173806082
0.7075939217712762,0.7902,107429.17408873
0.9875324052487982,0.7904,107429.174291255
1.019331576772627,0.7906,107429.174487462
1.1348741238966384,0.7908,107429.174663693
1.0117259479136869,0.791,107429.174861375
1.094253520757933,0.7912,107429.175044148
1.1531697219826655,0.7914,107429.175217583
0.855468607735308,0.7916,107429.175451373
0.8559921367703544,0.7918,107429.17568502
0.8603667658774913,0.792,107429.175917479
0.8523805312173715,0.7922,107429.176152116
0.5161303548208586,0.7924,107429.176539615
1.8308981803177329,0.7926,107429.176648851
1.3724669829701042,0.7928,107429.176794574
1.2715365927320839,0.793,107429.176951864
1.1825992537967744,0.7932,107429.177120983
0.7539090458199329,0.7934,107429.177386267
1.3643215240332454,0.7936,107429.17753286
0.8490946605784654,0.7938,107429.177768405
1.0579211911376654,0.794,107429.177957455
0.8587266099058771,0.7942,107429.178190358
0.913283724354632,0.7944,107429.178409348
1.2155246020195414,0.7946,107429.178573886
0.8736180436552045,0.7948,107429.178802819
1.0647246047773309,0.795,107429.178990661
1.0781846184934614,0.7952,107429.179176158
1.0599957494339218,0.7954,107429.179364838
0.8584280233912479,0.7956,107429.179597822
0.8646816594111341,0.7958,107429.179829121
0.8999685196686014,0.796,107429.180051351
0.9916060133454048,0.7962,107429.180253044
0.8941624906257296,0.7964,107429.180476717
1.0647246047767398,0.7966,107429.180664559
0.870799486513212,0.7968,107429.180894233
1.073813970876646,0.797,107429.181080485
0.8319778891716676,0.7972,107429.181320876
1.157353858937876,0.7974,107429.181493684
0.6339385121638794,0.7976,107429.181809172
1.7537245362143539,0.7978,107429.181923215
1.1213591122141215,0.798,107429.18210157
0.8756145385483562,0.7982,107429.182329981
0.5424626209345231,0.7984,107429.18269867
1.3222703958873927,0.7986,107429.182849925
1.9346288313970925,0.7988,107429.182953304
1.0969843513484785,0.799,107429.183135622
1.074540929867961,0.7992,107429.183321748
1.1456788179677622,0.7994,107429.183496317
0.8643976190896024,0.7996,107429.183727692
0.8156806146422484,0.7998,107429.183972886
0.6239334668314515,0.8,107429.184293433
0.6980047671893863,0.8002,107429.184579964
0.6831977870267033,0.8004,107429.184872705
1.3474001662105353,0.8006,107429.185021139
1.5517348251054277,0.8008,107429.185150027
1.5524453965425877,0.801,107429.185278856
1.1495112279513418,0.8012,107429.185452843
0.9175321846156698,0.8014,107429.185670819
1.1882270346358617,0.8016,107429.185839137
1.0744139202701632,0.8018,107429.186025285
0.9860328889531633,0.802,107429.186228118
1.131458494132736,0.8022,107429.186404881
1.0087966761715614,0.8024,107429.186603137
1.1061702416690105,0.8026,107429.186783941
0.8181665397815369,0.8028,107429.18702839
1.1815652873700693,0.803,107429.187197657
1.0907206808611019,0.8032,107429.187381022
0.9807382614282842,0.8034,107429.18758495
0.89011136302763,0.8036,107429.187809641
1.0056112677901945,0.8038,107429.188008525
0.876819976540939,0.804,107429.188236622
0.7775475411200405,0.8042,107429.188493841
1.1351704182775133,0.8044,107429.188670026
1.1881211314621856,0.8046,107429.188838359
0.9274673912627295,0.8048,107429.189054
1.118874876387247,0.805,107429.189232751
0.7464998508074409,0.8052,107429.189500668
1.193994204010413,0.8054,107429.189668173
1.1365185821623014,0.8056,107429.189844149
0.9272696569945458,0.8058,107429.190059836
1.1692965558412367,0.806,107429.190230879
0.8343589081421451,0.8062,107429.190470584
0.43651062321666906,0.8064,107429.190928763
0.8227947088340883,0.8066,107429.191171837
1.831636042617645,0.8068,107429.191281029
2.293735828380744,0.807,107429.191368223
1.5741957466380558,0.8072,107429.191495272
1.0987320554079258,0.8074,107429.1916773
0.8359701108726263,0.8076,107429.191916543
1.0896510701398834,0.8078,107429.192100088
0.8738813941900888,0.808,107429.192328952
0.8431312618998563,0.8082,107429.192566163
0.9078529113307819,0.8084,107429.192786463
0.9422317424549579,0.8086,107429.192998725
1.0633660299625225,0.8088,107429.193186807
0.8162998544028152,0.809,107429.193431815
0.9083518210860099,0.8092,107429.193651994
1.0963770419578398,0.8094,107429.193834413
0.9155748398330373,0.8096,107429.194052855
0.8783718800240254,0.8098,107429.194280549
0.7840584901137718,0.81,107429.194535632
0.8433943535102622,0.8102,107429.194772769
1.0463862623906992,0.8104,107429.194963903
0.9909722595737263,0.8106,107429.195165725
1.122428932753262,0.8108,107429.19534391
0.8512993096275547,0.811,107429.195578845
1.0462932205178328,0.8112,107429.195769996
1.095986496807547,0.8114,107429.19595248
1.0544963592360157,0.8116,107429.196142144
1.0660810323316112,0.8118,107429.196329747
1.1070641968577242,0.812,107429.196510405
1.0320663401434276,0.8122,107429.196704191
1.0404365557259296,0.8124,107429.196896418
1.0396847567088496,0.8126,107429.197088784
1.1083402226534471,0.8128,107429.197269234
1.0687643047421789,0.813,107429.197456366
1.0794648429985692,0.8132,107429.197641643
0.9572721649963138,0.8134,107429.19785057
1.0070797532927807,0.8136,107429.198049164
1.1112778375195358,0.8138,107429.198229137
0.8559225162020868,0.814,107429.198462803
1.0772379661559506,0.8142,107429.198648463
0.9808441580771488,0.8144,107429.198852369
1.1207495630151203,0.8146,107429.199030821
0.8678709655484357,0.8148,107429.19926127
1.0413791762281333,0.815,107429.199453323
0.8657971093348126,0.8152,107429.199684324
1.0894551721294006,0.8154,107429.199867902
0.8471812115670263,0.8156,107429.200103979
1.1050578690181663,0.8158,107429.200284965
0.8345712950708356,0.816,107429.200524609
1.0746851960991786,0.8162,107429.20071071
1.0772031807831326,0.8164,107429.200896376
1.0140239717858435,0.8166,107429.20109361
1.0822393475267946,0.8168,107429.201278412
0.8448550735610714,0.817,107429.201515139
0.8454371388775861,0.8172,107429.201751703
1.1007276235962182,0.8174,107429.201933401
1.0147339357696352,0.8176,107429.202130497
0.9776843378100448,0.8178,107429.202335062
0.9413359378619366,0.818,107429.202547526
0.6721378708465371,0.8182,107429.202845084
1.3513422573859062,0.8184,107429.202993085
1.094002145451215,0.8186,107429.2031759
0.875787115024049,0.8188,107429.203404266
0.8458626573717785,0.819,107429.203640711
0.8065166470438285,0.8192,107429.203888691
1.0003951931167925,0.8194,107429.204088612
1.0485312019138653,0.8196,107429.204279355
0.8388839942412034,0.8198,107429.204517767
1.012663350473377,0.82,107429.204715266
0.5351499867070486,0.8202,107429.205088993
0.9517373491820659,0.8204,107429.205299135
1.063592245715707,0.8206,107429.205487177
1.075407529443534,0.8208,107429.205673153
0.8385920349379289,0.821,107429.205911648
1.3073261853327915,0.8212,107429.206064632
1.043737866640853,0.8214,107429.206256251
1.0271106014777147,0.8216,107429.206450972
1.0810985305788252,0.8218,107429.206635969
0.8860888946052601,0.822,107429.20686168
0.9720439988490213,0.8222,107429.207067432
1.2265198151923347,0.8224,107429.207230495
1.012314799243092,0.8226,107429.207428062
1.0716850260038808,0.8228,107429.207614684
0.9949060874468945,0.823,107429.207815708
1.0462549092829883,0.8232,107429.208006866
1.0457899024653852,0.8234,107429.208198109
1.0581842829332906,0.8236,107429.208387112
1.0431662147585072,0.8238,107429.208578836
0.8198434737957375,0.824,107429.208822785
0.840671702490363,0.8242,107429.20906069
0.8424457707998304,0.8244,107429.209298094
0.9312071160374943,0.8246,107429.209512869
0.6790917763750397,0.8248,107429.20980738
1.7692070093774204,0.825,107429.209920425
1.924464655784544,0.8252,107429.21002435
0.9943817687569066,0.8254,107429.21022548
0.9048668133881336,0.8256,107429.210446507
1.4858620240763034,0.8258,107429.210581109
0.7111035256546616,0.826,107429.210862362
1.0712889071808172,0.8262,107429.211049053
0.5958854260723141,0.8264,107429.211384688
2.361051855786199,0.8266,107429.211469396
1.2769924283173821,0.8268,107429.211626014
0.714040920882816,0.827,107429.21190611
1.3101437534537494,0.8272,107429.212058765
1.2086709563671638,0.8274,107429.212224236
0.8540804149926859,0.8276,107429.212458406
1.0762350738941147,0.8278,107429.212644239
0.8456659748527202,0.828,107429.212880739
0.8337641216510254,0.8282,107429.213120615
0.9604625452883472,0.8284,107429.213328848
0.8111516822819367,0.8286,107429.213575411
2.3852688649578506,0.8288,107429.213659259
0.8396869568446547,0.829,107429.213897443
1.0294950130613767,0.8292,107429.214091713
1.0965874238878426,0.8294,107429.214274097
0.8275542591188507,0.8296,107429.214515773
0.9120634076829376,0.8298,107429.214735056
1.2138868643527172,0.83,107429.214899816
0.8332187738038798,0.8302,107429.215139849
0.7511708630058369,0.8304,107429.2154061
1.0661322219739628,0.8306,107429.215593694
1.038583343638023,0.8308,107429.215786264
0.9999199961293901,0.831,107429.21598628
1.0335223035575363,0.8312,107429.216179793
0.8487271495085562,0.8314,107429.21641544
1.267194159355718,0.8316,107429.216573269
0.8488856189687904,0.8318,107429.216808872
0.816396540980311,0.832,107429.217053851
0.7343680364522741,0.8322,107429.217326194
1.014811183593728,0.8324,107429.217523275
1.0788941335076099,0.8326,107429.21770865
0.83524047300826,0.8328,107429.217948102
1.0226621657877528,0.833,107429.21814367
1.0704231776425428,0.8332,107429.218330512
0.8379630482063793,0.8334,107429.218569186
0.9510857225264117,0.8336,107429.218779472
1.0355236397666172,0.8338,107429.218972611
1.0641580828159218,0.834,107429.219160553
0.7236701681290744,0.8342,107429.219436922
1.192392518339203,0.8344,107429.219604652
1.137041925116523,0.8346,107429.219780547
1.0737448439072552,0.8348,107429.219966811
0.8289330817322835,0.835,107429.220208085
1.0079883056042358,0.8352,107429.2204065
1.0822862200463146,0.8354,107429.220591294
0.7899923659852865,0.8356,107429.220844461
1.1319195717581023,0.8358,107429.221021152
0.8786921444489388,0.836,107429.221248763
0.7832847308527409,0.8362,107429.221504098
1.4381866307478446,0.8364,107429.221643162
1.0866494365215256,0.8366,107429.221827214
0.8395882655160982,0.8368,107429.222065426
0.9779042299161487,0.837,107429.222269945
1.0547299863926298,0.8372,107429.222459567
1.0887079002502198,0.8374,107429.222643271
0.7707604193340132,0.8376,107429.222902755
1.124416738916159,0.8378,107429.223080625
0.8215272960977208,0.838,107429.223324074
0.7762016560148115,0.8382,107429.223581739
1.0194771273258383,0.8384,107429.223777918
0.8013301895109305,0.8386,107429.224027503
0.9137552086204316,0.8388,107429.22424638
0.852842122183129,0.839,107429.22448089
0.8138583984086583,0.8392,107429.224726633
0.8619537856049307,0.8394,107429.224958664
0.9932261767676013,0.8396,107429.225160028
1.1739845090948178,0.8398,107429.225330388
0.598112959575389,0.84,107429.225664773
0.988752946511863,0.8402,107429.225867048
0.7421838757924505,0.8404,107429.226136523
0.8547665850140991,0.8406,107429.226370505
1.1386214528882663,0.8408,107429.226546156
0.8553441866864194,0.841,107429.22677998
0.8400079153012351,0.8412,107429.227018073
1.0067502257555037,0.8414,107429.227216732
0.7416307219195737,0.8416,107429.227486408
0.46011704440971735,0.8418,107429.22792108
1.3306277172908165,0.842,107429.228071385
1.2638470280286225,0.8422,107429.228229632
1.341984762850536,0.8424,107429.228378665
0.6484958121921485,0.8426,107429.228687071
1.3670352949436404,0.8428,107429.228833373
1.0007505210727514,0.843,107429.229033223
2.0300446154146146,0.8432,107429.229131743
1.3133357095875877,0.8434,107429.229284027
1.0741426974112516,0.8436,107429.229470222
0.6892772462401273,0.8438,107429.229760381
1.0049594914443973,0.844,107429.229959394
1.5701667134915736,0.8442,107429.230086769
1.1310490763500245,0.8444,107429.230263596
1.0727886345357742,0.8446,107429.230450026
0.8412304059854199,0.8448,107429.230687773
0.8398456605147678,0.845,107429.230925912
1.062772599280449,0.8452,107429.231114099
0.8724975952621519,0.8454,107429.231343326
0.8355440207019089,0.8456,107429.231582691
0.5826351506241814,0.8458,107429.231925959
1.2582969216258784,0.846,107429.232084904
1.0417642991234368,0.8462,107429.232276886
0.8467113814182965,0.8464,107429.232513094
1.1524720518534604,0.8466,107429.232686634
0.8602816772439734,0.8468,107429.232919116
1.1361440945888897,0.847,107429.23309515
1.0917387968983774,0.8472,107429.233278344
0.8594240306397327,0.8474,107429.233511058
0.7761775464989171,0.8476,107429.233768731
0.5705548192695932,0.8478,107429.234119267
1.6704669366447116,0.848,107429.234238994
1.3809293398876887,0.8482,107429.234383824
0.9675110052896108,0.8484,107429.23459054
0.8517814786564636,0.8486,107429.234825342
0.9546084097722867,0.8488,107429.235034852
1.0263568525373317,0.849,107429.235229716
1.121491149642321,0.8492,107429.23540805
0.7994276084523428,0.8494,107429.235658229
1.6584021862500333,0.8496,107429.235778827
0.9197516803596646,0.8498,107429.235996277
1.121026000040333,0.85,107429.236174685
0.7125780443098175,0.8502,107429.236455356
1.0028481386537214,0.8504,107429.236654788
0.9741840913759943,0.8506,107429.236860088
1.0796162861167142,0.8508,107429.237045339
1.0439666711405116,0.851,107429.237236916
1.0855288010264017,0.8512,107429.237421158
1.0755059057576168,0.8514,107429.237607117
0.649979538881713,0.8516,107429.237914819
1.474849973027605,0.8518,107429.238050426
1.0922635416754871,0.852,107429.238233532
1.0497420151670305,0.8522,107429.238424055
0.827116194293271,0.8524,107429.238665859
1.0792026738422322,0.8526,107429.238851181
0.8885453099946067,0.8528,107429.239076268
1.0463151252914416,0.853,107429.239267415
1.0744601173767874,0.8532,107429.239453555
1.050712664991669,0.8534,107429.239643902
0.9107882810130931,0.8536,107429.239863492
1.0652633266044789,0.8538,107429.240051239
1.0796221377952466,0.854,107429.240236489
1.1035335219084856,0.8542,107429.240417725
1.1566175367415366,0.8544,107429.240590643
0.8385182071728315,0.8546,107429.240829159
0.8405374115200422,0.8548,107429.241067102
1.080958403642449,0.855,107429.241252123
0.8051335473419955,0.8552,107429.241500529
0.8748294023340832,0.8554,107429.241729145
0.8694706896945611,0.8556,107429.24195917
0.9731839435887824,0.8558,107429.242164681
1.04090761315647,0.856,107429.242356821
1.1550745969393053,0.8562,107429.24252997
1.0375758217631461,0.8564,107429.242722727
1.136318436419092,0.8566,107429.242898734
1.0309597335445742,0.8568,107429.243092728
1.06323029734304,0.857,107429.243280834
0.8661420543779571,0.8572,107429.243511743
1.1199336629171297,0.8574,107429.243690325
0.8328683569061084,0.8576,107429.243930459
0.9703650452418134,0.8578,107429.244136567
0.7802989893676349,0.858,107429.244392879
1.1997960529515728,0.8582,107429.244559574
0.8831542977026385,0.8584,107429.244786035
1.1160651960488917,0.8586,107429.244965236
1.0081610278977156,0.8588,107429.245163617
1.1103584978698702,0.859,107429.245343739
0.8107374060416375,0.8592,107429.245590428
0.9548590389174798,0.8594,107429.245799883
1.1063110152757638,0.8596,107429.245980664
1.080853162274421,0.8598,107429.246165703
0.5980450057182609,0.86,107429.246500126
1.0165907593532562,0.8602,107429.246696862
0.8861555673422181,0.8604,107429.246922556
1.0577477687346255,0.8606,107429.247111637
1.0898291496784756,0.8608,107429.247295152
1.1238354732241531,0.861,107429.247473114
1.054613119413323,0.8612,107429.247662757
0.7724691857091054,0.8614,107429.247921667
1.149445085536919,0.8616,107429.248095664
0.5051946731696942,0.8618,107429.248491551
1.5518432792557244,0.862,107429.24862043
0.8787037171993872,0.8622,107429.248848038
1.7929178874411194,0.8624,107429.248959588
1.1094469470763368,0.8626,107429.249139858
0.8538689115603688,0.8628,107429.249374086
0.8510167199184745,0.863,107429.249609099
0.8526494277141765,0.8632,107429.249843662
1.0457023768072713,0.8634,107429.250034921
1.0811278700042481,0.8636,107429.250219913
1.0689356222085267,0.8638,107429.250407015
1.1016188042245998,0.864,107429.250588566
0.9895993602115448,0.8642,107429.250790668
1.1271732714213134,0.8644,107429.250968103
0.6689321178251382,0.8646,107429.251267087
1.1668407670642835,0.8648,107429.25143849
1.0716620461180366,0.865,107429.251625116
0.8286342676399628,0.8652,107429.251866477
1.0295851683470332,0.8654,107429.25206073
1.064889018891938,0.8656,107429.252248543
1.0915064322810153,0.8658,107429.252431776
1.0696273519741668,0.866,107429.252618757
0.8492821828398143,0.8662,107429.25285425
0.9563886746963256,0.8664,107429.25306337
1.1252327378090425,0.8666,107429.253241111
0.8403890832479162,0.8668,107429.253479096
0.8404491586270884,0.867,107429.253717064
0.8599857214751649,0.8672,107429.253949626
1.0391985397877919,0.8674,107429.254142082
1.0208196616835064,0.8676,107429.254338003
1.0543962881038955,0.8678,107429.254527685
1.0191965732664339,0.868,107429.254723918
1.094451148334257,0.8682,107429.254906658
0.8305958039604012,0.8684,107429.255147449
1.0714094159243268,0.8686,107429.255334119
1.1278280517851713,0.8688,107429.255511451
0.842310964111328,0.869,107429.255748893
1.0671732061700914,0.8692,107429.255936304
0.9695794492740082,0.8694,107429.256142579
1.0716965581003781,0.8696,107429.256329199
1.0571941747725493,0.8698,107429.256518379
0.6279020978411994,0.87,107429.2568369
0.8235468202095331,0.8702,107429.257079752
0.9502361433060551,0.8704,107429.257290226
1.069192826178536,0.8706,107429.257477283
0.95216329192725,0.8708,107429.257687331
1.0250627931964433,0.871,107429.257882441
1.0018183131506775,0.8712,107429.258082078
1.091917646282922,0.8714,107429.258265242
0.7509170637480179,0.8716,107429.258531583
1.3335732580817188,0.8718,107429.258681556
1.336737645460172,0.872,107429.258831174
1.0136539240261548,0.8722,107429.25902848
1.1035761428530524,0.8724,107429.259209709
0.9161452327359979,0.8726,107429.259428015
0.9279622840414312,0.8728,107429.259643541
1.0305559733746883,0.873,107429.259837611
0.9033709353304981,0.8732,107429.260059004
0.8920844972979569,0.8734,107429.260283198
1.184756977478336,0.8736,107429.260452009
0.46503840900698307,0.8738,107429.260882081
1.6085963353591322,0.874,107429.261006413
1.8555973197861573,0.8742,107429.261114195
0.7594744438384148,0.8744,107429.261377535
3.5201349840681218,0.8746,107429.261434351
0.9792018024744902,0.8748,107429.261638599
1.1876695857312725,0.875,107429.261806996
1.3323651393854639,0.8752,107429.261957105
0.9686074327795127,0.8754,107429.262163587
0.8099166126751215,0.8756,107429.262410526
1.045773510181683,0.8758,107429.262601772
0.6581675385887891,0.876,107429.262905646
1.1032595327999442,0.8762,107429.263086927
0.9884842112969047,0.8764,107429.263289257
0.5684062694566532,0.8766,107429.263641118
2.8094623320265377,0.8768,107429.263712306
1.0440320169621922,0.877,107429.263903871
0.9766674159338339,0.8772,107429.264108649
1.0693986452052726,0.8774,107429.26429567
0.6928734542604059,0.8776,107429.264584323
0.8652278040653606,0.8778,107429.264815476
1.3472731036892063,0.878,107429.264963924
1.0304975575506217,0.8782,107429.265158005
1.0834588415493616,0.8784,107429.265342599
0.8560690737401687,0.8786,107429.265576225
0.809942863776726,0.8788,107429.265823156
1.0204863108113185,0.879,107429.266019141
1.0331165341020494,0.8792,107429.26621273
1.0554145503333432,0.8794,107429.266402229
1.0658935167995929,0.8796,107429.266589865
0.51635823809738,0.8798,107429.266977193
1.235101572438844,0.88,107429.267139123
1.8950159965163769,0.8802,107429.267244663
0.5737827125098979,0.8804,107429.267593227
0.9824003149656372,0.8806,107429.26779681
0.9861057578638828,0.8808,107429.267999628
0.9211326658420701,0.881,107429.268216752
0.9683119438988088,0.8812,107429.268423297
1.006846619932029,0.8814,107429.268621937
1.0269997746476118,0.8816,107429.268816679
0.9044903408987458,0.8818,107429.269037798
1.2375241860833552,0.882,107429.269199411
1.0681250716213069,0.8822,107429.269386655
1.0802052489853928,0.8824,107429.269571805
1.0539628928623006,0.8826,107429.269761565
1.0426658999755707,0.8828,107429.269953381
1.012663350473377,0.883,107429.27015088
1.0319863656622308,0.8832,107429.270344681
0.9856101081453211,0.8834,107429.270547601
0.8258866073334239,0.8836,107429.270789765
0.45768055516163253,0.8838,107429.271226751
1.2996465988884538,0.884,107429.271380639
2.019610435458082,0.8842,107429.271479668
1.2256928862539143,0.8844,107429.271642841
0.9304359987783274,0.8846,107429.271857794
1.0483498887682297,0.8848,107429.27204857
1.1095823749440512,0.885,107429.272228818
1.0052170420984274,0.8852,107429.27242778
1.1406345132537932,0.8854,107429.272603121
0.7161041049066174,0.8856,107429.27288241
1.721926255190122,0.8858,107429.272998559
1.124378747967119,0.886,107429.273176435
0.8029387494097816,0.8862,107429.27342552
1.0745755435094593,0.8864,107429.27361164
1.0367690207682858,0.8866,107429.273804547
0.8478025189375867,0.8868,107429.274040451
1.0325458268722463,0.887,107429.274234147
0.8499137246403569,0.8872,107429.274469465
0.9336152867895546,0.8874,107429.274683686
0.7689527882778614,0.8876,107429.27494378
1.002219889272681,0.8878,107429.275143337
0.945747204966703,0.888,107429.27535481
0.8154545082327171,0.8882,107429.275600072
0.8516110030911711,0.8884,107429.275834921
1.0315446370640087,0.8886,107429.276028805
1.0920965542761274,0.8888,107429.276211939
1.0358185642045454,0.889,107429.276405023
0.9233994140829216,0.8892,107429.276621614
0.9200520831632257,0.8894,107429.276838993
0.9397127268114162,0.8896,107429.277051824
1.1621757735923408,0.8898,107429.277223915
0.8447729733529682,0.89,107429.277460665
0.9618298411239055,0.8902,107429.277668602
0.6774333257245625,0.8904,107429.277963834
0.7033783424453263,0.8906,107429.278248176
0.9073092653726925,0.8908,107429.278468608
0.967001072630642,0.891,107429.278675433
0.8544343045550875,0.8912,107429.278909506
0.5031560375925472,0.8914,107429.279306997
1.1827740985989206,0.8916,107429.279476091
0.9027185504692816,0.8918,107429.279697644
1.5784945644886652,0.892,107429.279824347
0.9246801975643323,0.8922,107429.280040638
0.8788350274694618,0.8924,107429.280268212
0.8677203395851987,0.8926,107429.280498701
0.9057971291077933,0.8928,107429.280719501
0.8898894763098135,0.893,107429.280944248
0.9489557055946409,0.8932,107429.281155006
1.1507214960831706,0.8934,107429.28132881
0.8312655574492392,0.8936,107429.281569407
0.8548396863096429,0.8938,107429.281803369
0.8096805247079915,0.894,107429.28205038
0.8627569668562637,0.8942,107429.282282195
1.1446034167303822,0.8944,107429.282456928
0.8485290803822266,0.8946,107429.28269263
1.0886013170248448,0.8948,107429.282876352
0.8630174940201478,0.895,107429.283108097
0.9891881820476011,0.8952,107429.283310283
0.990128418501198,0.8954,107429.283512277
1.1545344296228444,0.8956,107429.283685507
0.8194102101773452,0.8958,107429.283929585
1.0913515485929872,0.896,107429.284112844
1.0530749806894035,0.8962,107429.284302764
0.8601706565039972,0.8964,107429.284535276
0.8579567257414376,0.8966,107429.284768388
0.793887077668447,0.8968,107429.285020313
1.148606660080499,0.897,107429.285194437
0.8483994947094683,0.8972,107429.285430175
0.8646592469982675,0.8974,107429.28566148
0.8646330281258563,0.8976,107429.285892792
1.076594294226603,0.8978,107429.286078563
0.8361763493286224,0.898,107429.286317747
1.0918639506183996,0.8982,107429.28650092
0.8321648291792783,0.8984,107429.286741257
0.8701592337170585,0.8986,107429.2869711
1.082350655081981,0.8988,107429.287155883
0.44033949803281014,0.899,107429.287610078
1.3974286615775453,0.8992,107429.287753198
0.8717749881892419,0.8994,107429.287982615
3.1598074551696573,0.8996,107429.28804591
2.225758713093261,0.8998,107429.288135767
0.8351532781169391,0.9,107429.288375244
1.0128838828708848,0.9002,107429.2885727
0.7541079745110489,0.9004,107429.288837914
0.7192951098759116,0.9006,107429.289115964
0.4047796329266976,0.9008,107429.28961006
1.094361300847379,0.901,107429.289792815
1.6191448069102674,0.9012,107429.289916337
1.1384659243055617,0.9014,107429.290092012
1.001477186250197,0.9016,107429.290291717
1.3235041104346745,0.9018,107429.290442831
0.7250659020074458,0.902,107429.290718668
1.365243631110675,0.9022,107429.290865162
1.054273995747163,0.9024,107429.291054866
1.0028078942244485,0.9026,107429.291254306
0.9145072500540375,0.9028,107429.291473003
1.4378869081616488,0.903,107429.291612096
0.8154577982660761,0.9032,107429.291857357
1.1310874263169184,0.9034,107429.292034178
0.8503039901485795,0.9036,107429.292269388
0.855633280354271,0.9038,107429.292503133
0.8444376758714895,0.904,107429.292739977
0.8466002370670257,0.9042,107429.292976216
0.9986917755462735,0.9044,107429.293176478
1.093511573512479,0.9046,107429.293359375
0.5811183038525222,0.9048,107429.293703539
1.629022729117259,0.905,107429.293826312
1.2616943633392088,0.9052,107429.293984829
0.8115565581519473,0.9054,107429.294231269
0.9844360892547729,0.9056,107429.294434431
0.9464095210188052,0.9058,107429.294645756
0.8839232436473152,0.906,107429.29487202
0.9937937560873213,0.9062,107429.295073269
0.9538571125322252,0.9064,107429.295282944
1.120473353637868,0.9066,107429.29546144
0.8419846844616997,0.9068,107429.295698974
0.8572800243312748,0.907,107429.29593227
1.0680337675930636,0.9072,107429.29611953
1.1146718787164247,0.9074,107429.296298955
1.1244925445100828,0.9076,107429.296476813
0.8611818298778305,0.9078,107429.296709052
0.7481334134526498,0.908,107429.296976384
1.130039230781313,0.9082,107429.297153369
1.110235256893987,0.9084,107429.297333511
0.7725318404648046,0.9086,107429.2975924
0.7460682434647076,0.9088,107429.297860472
1.1778215933944896,0.909,107429.298030277
1.3302382616950588,0.9092,107429.298180626
1.1369967741440536,0.9094,107429.298356528
0.8713268180193385,0.9096,107429.298586063
1.1061212775931728,0.9098,107429.298766875
0.9041305375505155,0.91,107429.298988082
0.9911048203870954,0.9102,107429.299189877
1.0056011876485191,0.9104,107429.299388763
0.6898502423904701,0.9106,107429.299678681
1.1007215408942401,0.9108,107429.29986038
0.9795422320831806,0.911,107429.300064557
1.1458297322068216,0.9112,107429.300239103
1.0722251280492208,0.9114,107429.300425631
1.1128793565460127,0.9116,107429.300605345
0.8340318249649834,0.9118,107429.300845144
0.8760249166226539,0.912,107429.301073448
1.0295109761056718,0.9122,107429.301267715
0.8877407231678895,0.9124,107429.301493006
1.0416992368569158,0.9126,107429.301685
0.539639197845922,0.9128,107429.302055618
1.0396253014233698,0.913,107429.302247995
1.7268174310377802,0.9132,107429.302363815
1.2067967255729573,0.9134,107429.302529543
0.8392042365481287,0.9136,107429.302767864
1.1242208324842162,0.9138,107429.302945765
1.0793832034479358,0.914,107429.303131056
0.962792881891264,0.9142,107429.303338785
1.1532096834773167,0.9144,107429.303512214
0.8310686689139364,0.9146,107429.303752868
0.9913062663596522,0.9148,107429.303954622
1.239556749313983,0.915,107429.30411597
0.8740914773968288,0.9152,107429.304344779
0.7982374607955781,0.9154,107429.304595331
1.089235691126932,0.9156,107429.304778946
1.0589798924968874,0.9158,107429.304967807
0.8597971545906359,0.916,107429.30520042
1.1135113156019636,0.9162,107429.305380032
0.8940785545584293,0.9164,107429.305603726
0.5125878629129745,0.9166,107429.305993903
0.9788088372068758,0.9168,107429.306198233
2.4670950393862436,0.917,107429.3062793
1.0504698142172577,0.9172,107429.306469691
1.0612106670705295,0.9174,107429.306658155
0.8560324429796389,0.9176,107429.306891791
1.0746852801321352,0.9178,107429.307077892
0.8558309498828277,0.918,107429.307311583
0.8439993880711277,0.9182,107429.30754855
1.1144296505411386,0.9184,107429.307728014
0.8586159901452378,0.9186,107429.307960947
0.9985720505080838,0.9188,107429.308161233
0.8967886153962575,0.919,107429.308384251
0.8452191862525434,0.9192,107429.308620876
0.8638152217794268,0.9194,107429.308852407
1.0167872037124324,0.9196,107429.309049105
1.079884425966302,0.9198,107429.30923431
1.1271097670255323,0.92,107429.309411755
0.8318083506712882,0.9202,107429.309652195
0.6582476994416627,0.9204,107429.309956032
0.7868253916852513,0.9206,107429.310210218
3.485899764704663,0.9208,107429.310267592
0.9994452503741488,0.921,107429.310467703
0.8730917630113666,0.9212,107429.310696774
1.1345586903076537,0.9214,107429.310873054
0.996447615971391,0.9216,107429.311073767
1.1057971557366308,0.9218,107429.311254632
0.8763205064134421,0.922,107429.311482859
0.9930190709809922,0.9222,107429.311684265
0.9034158270007626,0.9224,107429.311905647
0.4321857352212826,0.9226,107429.312368411
1.6454540689499455,0.9228,107429.312489958
2.0899295992496203,0.923,107429.312585655
1.3043847694074728,0.9232,107429.312738984
0.7530857406588622,0.9234,107429.313004558
1.397897558593447,0.9236,107429.31314763
1.84479736700935,0.9238,107429.313256043
1.1243976971274723,0.924,107429.313433916
0.7306229595440762,0.9242,107429.313707655
1.312534132421462,0.9244,107429.313860032
0.949581911819102,0.9246,107429.314070651
0.6171334850583763,0.9248,107429.31439473
1.2613043887473718,0.925,107429.314553296
0.9012378572092683,0.9252,107429.314775213
1.0755521968186676,0.9254,107429.314961164
1.0671447021032077,0.9256,107429.31514858
0.8785339204758698,0.9258,107429.315376232
1.1025236341430775,0.926,107429.315557634
1.0329085289703202,0.9262,107429.315751262
1.1242207405253977,0.9264,107429.315929163
1.029457922099949,0.9266,107429.31612344
0.658070098367409,0.9268,107429.316427359
0.7725646698835437,0.927,107429.316686237
1.2056763495097154,0.9272,107429.316852119
0.8927813844828612,0.9274,107429.317076138
1.6332931163370705,0.9276,107429.31719859
1.1591514537870853,0.9278,107429.31737113
0.8522860743311553,0.928,107429.317605793
1.0278020436394795,0.9282,107429.317800383
0.9663796156473187,0.9284,107429.318007341
1.1099826715071954,0.9286,107429.318187524
0.897347903281984,0.9288,107429.318410403
0.8549419427674786,0.929,107429.318644337
1.0360386768001695,0.9292,107429.31883738
0.8877407231678895,0.9294,107429.319062671
1.1587485207547306,0.9296,107429.319235271
0.8019342813352335,0.9298,107429.319484668
1.1415850649905335,0.93,107429.319659863
1.0110303744113271,0.9302,107429.319857681
0.5935968597173391,0.9304,107429.32019461
0.802874301792168,0.9306,107429.320443715
0.9038935225314793,0.9308,107429.32066498
0.9701344234539205,0.931,107429.320871137
0.9246545047748157,0.9312,107429.321087434
0.9006939568964124,0.9314,107429.321309485
1.2810002603401653,0.9316,107429.321465613
0.9966114912992331,0.9318,107429.321666293
0.9147122406258662,0.932,107429.321884941
1.0111223828768303,0.9322,107429.322082741
0.9863635030666914,0.9324,107429.322285506
1.1551812929134322,0.9326,107429.322458639
0.8281127716458925,0.9328,107429.322700152
0.878811819163021,0.933,107429.322927732
1.0640222303062443,0.9332,107429.323115698
1.0769305480444822,0.9334,107429.323301411
0.8534134685739763,0.9336,107429.323535764
0.8676563571841209,0.9338,107429.32376627
0.8280956076439467,0.934,107429.324007788
0.8462671353435216,0.9342,107429.32424412
1.0583578485138705,0.9344,107429.324433092
1.01354605675654,0.9346,107429.324630419
0.862544825792953,0.9348,107429.324862291
0.9360973398263627,0.935,107429.325075944
1.2477306496508784,0.9352,107429.325236235
0.856421038033228,0.9354,107429.325469765
0.8202536973287652,0.9356,107429.325713592
1.4421690273163716,0.9358,107429.325852272
1.0467696770211221,0.936,107429.326043336
0.8388382214076444,0.9362,107429.326281761
1.5685659173274198,0.9364,107429.326409266
1.0221238508510702,0.9366,107429.326604937
1.0099683954202234,0.9368,107429.326802963
1.1968809577006922,0.937,107429.326970064
1.0332553284173005,0.9372,107429.327163627
0.9819950962174243,0.9374,107429.327367294
0.8542992450295763,0.9376,107429.327601404
1.0739350484074195,0.9378,107429.327787635
0.850076318013256,0.938,107429.328022908
1.091166993662475,0.9382,107429.328206198
0.47361043340297015,0.9384,107429.328628486
0.9777895063831762,0.9386,107429.328833029
1.6078720051136062,0.9388,107429.328957417
1.2980017427580166,0.939,107429.3291115
0.9830425546945765,0.9392,107429.32931495
0.9674688478993142,0.9394,107429.329521675
1.002325359097498,0.9396,107429.329721211
0.8361693798086485,0.9398,107429.329960397
0.9492033749463712,0.94,107429.3301711
0.9322400872398677,0.9402,107429.330385637
0.7585354429653048,0.9404,107429.330649303
0.6996480834566018,0.9406,107429.330935161
0.7867201355292872,0.9408,107429.331189381
1.024249145076225,0.941,107429.331384646
1.1769897561723595,0.9412,107429.331554571
1.0963770419578398,0.9414,107429.33173699
0.8429677466822451,0.9416,107429.331974247
1.082011093784127,0.9418,107429.332159088
1.0658992206637186,0.942,107429.332346723
0.5114736290132691,0.9422,107429.33273775
1.3041889557962063,0.9424,107429.332891102
1.0021697568617678,0.9426,107429.333090669
1.171749117191362,0.9428,107429.333261354
1.1668883194471507,0.943,107429.33343275
0.8456016135957652,0.9432,107429.333669268
0.6832001303577292,0.9434,107429.333962008
1.3197225361333436,0.9436,107429.334113555
0.9019572336975262,0.9438,107429.334335295
0.4386388123112173,0.944,107429.334791251
1.4988122332108214,0.9442,107429.33492469
3.8024985757671,0.9444,107429.334977287
1.638015129492075,0.9446,107429.335099386
1.1395101666818657,0.9448,107429.3352749
0.8484427029944864,0.945,107429.335510626
0.8507524857312554,0.9452,107429.335745712
1.1268430712478263,0.9454,107429.335923199
1.0876362926671188,0.9456,107429.336107084
0.8455873066435519,0.9458,107429.336343606
0.8560984019353107,0.946,107429.336577224
0.8499282309303084,0.9462,107429.336812538
1.0787602503959817,0.9464,107429.336997936
0.8744545813458589,0.9466,107429.33722665
0.9959960817284262,0.9468,107429.337427454
0.8834624423846189,0.947,107429.337653836
1.0196850531540935,0.9472,107429.337849975
1.1570725628425076,0.9474,107429.338022825
1.0694786980926332,0.9476,107429.338209832
0.4790499398097779,0.9478,107429.338627325
1.4028295183951285,0.948,107429.338769894
0.7382225956384546,0.9482,107429.339040815
1.7475337827145019,0.9484,107429.339155262
0.9037056518854141,0.9486,107429.339376573
0.998033860299211,0.9488,107429.339576967
1.1112284202388776,0.949,107429.339756948
0.8489757050635768,0.9492,107429.339992526
1.0616500446978223,0.9494,107429.340180912
1.018511449240667,0.9496,107429.340377277
1.1093607991977483,0.9498,107429.340557561
1.0468901547776486,0.95,107429.340748603
1.0159194959870073,0.9502,107429.340945469
0.9577580699744661,0.9504,107429.34115429
0.9741129736689451,0.9506,107429.341359605
1.0103561074557252,0.9508,107429.341557555
0.8563843771468803,0.951,107429.341791095
1.4530236895417565,0.9512,107429.341928739
1.069913456326973,0.9514,107429.34211567
1.0144714859447306,0.9516,107429.342312817
0.8713875308210979,0.9518,107429.342542336
1.0956743133686269,0.952,107429.342724872
1.0972311425697723,0.9522,107429.342907149
1.099227235705457,0.9524,107429.343089095
0.8398597225104399,0.9526,107429.34332723
0.9720582299563615,0.9528,107429.343532979
1.1798504784979529,0.953,107429.343702492
1.0348592513843242,0.9532,107429.343895755
1.0736525766294494,0.9534,107429.344082035
0.8487559243817485,0.9536,107429.344317674
1.0055657983863624,0.9538,107429.344516567
0.8985492834366952,0.954,107429.344739148
0.7113336985884813,0.9542,107429.34502031
0.9075356704182578,0.9544,107429.345240687
1.0487347440285217,0.9546,107429.345431393
1.2912222941221305,0.9548,107429.345586285
1.0932067980734856,0.955,107429.345769233
0.8401101972822934,0.9552,107429.346007297
0.9783252293588985,0.9554,107429.346211728
0.7516056011011284,0.9556,107429.346477825
1.0914468830987867,0.9558,107429.346661068
0.9679277369395831,0.956,107429.346867695
1.0396793299528961,0.9562,107429.347060062
1.0597150056755393,0.9564,107429.347248792
1.1195638219122797,0.9566,107429.347427433
0.8160766996333022,0.9568,107429.347672508
0.8628388082035154,0.957,107429.347904301
1.0525429511254665,0.9572,107429.348094317
1.1395946354731619,0.9574,107429.348269818
1.0808648925267725,0.9576,107429.348454855
0.9550323477421614,0.9578,107429.348664272
0.9203484297472274,0.958,107429.348881581
0.9847220293686494,0.9582,107429.349084684
1.1186933707795528,0.9584,107429.349263464
1.0415961329690109,0.9586,107429.349455477
0.8738623360811176,0.9588,107429.349684346
0.8609223018094656,0.959,107429.349916655
1.0112144080908154,0.9592,107429.350114437
0.8766085798844663,0.9594,107429.350342589
0.8419598742293556,0.9596,107429.35058013
1.060349853865063,0.9598,107429.350768747
1.1114692586481187,0.96,107429.350948689
0.9023356876617206,0.9602,107429.351170336
0.6743975015305067,0.9604,107429.351466897
0.6410667455753737,0.9606,107429.351778877
1.1953501141564995,0.9608,107429.351946192
0.8873547019664758,0.961,107429.352171581
1.1060295928909467,0.9612,107429.352352408
0.9986318368781245,0.9614,107429.352552682
0.8067931838370391,0.9616,107429.352800577
0.8905116150772129,0.9618,107429.353025167
1.090019217223076,0.962,107429.35320865
1.0682105795472114,0.9622,107429.353395879
1.073059257712671,0.9624,107429.353582262
0.8574233562676999,0.9626,107429.353815519
0.8253753536021349,0.9628,107429.354057833
1.115629438652332,0.963,107429.354237104
0.9012297018298753,0.9632,107429.354459023
1.1818374812504076,0.9634,107429.354628251
1.0724551292015108,0.9636,107429.354814739
0.8970540613771677,0.9638,107429.355037691
1.1148334528180288,0.964,107429.35521709
0.8518830575321401,0.9642,107429.355451864
1.0388746739191501,0.9644,107429.35564438
0.854949335107513,0.9646,107429.355878312
1.0800710402960163,0.9648,107429.356063485
0.8621953293297877,0.965,107429.356295451
0.8204555835906969,0.9652,107429.356539218
0.8012596001300608,0.9654,107429.356788825
1.158339131579401,0.9656,107429.356961486
0.7310476085188166,0.9658,107429.357235066
0.7515123917757588,0.966,107429.357501196
0.8823983587161858,0.9662,107429.357727851
1.0908873343242818,0.9664,107429.357911188
1.0843457940055896,0.9666,107429.358095631
1.1088994820792029,0.9668,107429.35827599
1.0307259268990832,0.967,107429.358470028
0.8502786872224725,0.9672,107429.358705245
0.8345190496153475,0.9674,107429.358944904
0.9879568371711589,0.9676,107429.359147342
1.1239364757779775,0.9678,107429.359325288
0.808035080371617,0.968,107429.359572802
1.0402579522701196,0.9682,107429.359765062
0.7501031425438294,0.9684,107429.360031692
1.0563733948058442,0.9686,107429.360221019
0.8482231981552786,0.9688,107429.360456806
0.8881704697483362,0.969,107429.360681988
0.7057187917800226,0.9692,107429.360965387
0.604470660484493,0.9694,107429.361296255
2.488026434975011,0.9696,107429.36137664
1.2517211157231984,0.9698,107429.36153642
0.8617903459056455,0.97,107429.361768495
0.7978362675420382,0.9702,107429.362019173
0.6081966785679583,0.9704,107429.362348014
1.0101265032267839,0.9706,107429.362546009
1.0456859872672828,0.9708,107429.362737271
0.9825740725008842,0.971,107429.362940818
0.9939913364431348,0.9712,107429.363142027
0.6162853453011613,0.9714,107429.363466552
3.203023540024812,0.9716,107429.363528993
0.8528239177727578,0.9718,107429.363763508
0.8550516178011162,0.972,107429.363997412
1.09688209426893,0.9722,107429.364179747
1.0593781460900151,0.9724,107429.364368537
1.0708300864094535,0.9726,107429.364555308
0.8605999842204489,0.9728,107429.364787704
0.8110661893943959,0.973,107429.365034293
1.1148209736862842,0.9732,107429.365213694
1.0353843134320002,0.9734,107429.365406859
0.8391303009547186,0.9736,107429.365645201
1.6583473577849512,0.9738,107429.365765803
0.8194672746733128,0.974,107429.366009864
1.0762408889766133,0.9742,107429.366195696
0.8953913993956267,0.9744,107429.366419062
1.0900667660824925,0.9746,107429.366602537
1.0489932859948474,0.9748,107429.366793196
0.8443699220658866,0.975,107429.367030059
1.0601475028760874,0.9752,107429.367218712
1.0696044602476822,0.9754,107429.367405697
1.1182117967522702,0.9756,107429.367584554
0.7100079255134067,0.9758,107429.367866241
2.3757197907052516,0.976,107429.367950426
1.030497634815856,0.9762,107429.368144507
0.839035274681821,0.9764,107429.368382876
1.1406865806297002,0.9766,107429.368558209
0.8191685558944041,0.9768,107429.368802359
1.092991713605877,0.977,107429.368985343
1.098901078336755,0.9772,107429.369167343
0.47825036378678054,0.9774,107429.369585534
1.3336712187404829,0.9776,107429.369735496
0.9799934319973919,0.9778,107429.369939579
1.7262064662647387,0.978,107429.37005544
0.6827872730940115,0.9782,107429.370348357
1.5033184878633907,0.9784,107429.370481396
0.8880640126375938,0.9786,107429.370706605
1.3595269145842308,0.9788,107429.370853715
0.977096798028451,0.979,107429.371058403
0.8964871283061631,0.9792,107429.371281496
0.5890703956572235,0.9794,107429.371621014
1.2577825289160847,0.9796,107429.371780024
0.7996513337242303,0.9798,107429.372030133
2.03303700634774,0.98,107429.372128508
1.2301711572073404,0.9802,107429.372291087
1.0503595083942365,0.9804,107429.372481498
0.927824527711407,0.9806,107429.372697056
0.9614968338501012,0.9808,107429.372905065
1.0711569882925085,0.981,107429.373091779
1.0104837269781055,0.9812,107429.373289704
0.7991848617049676,0.9814,107429.373539959
0.6676302630785648,0.9816,107429.373839526
1.418349138751751,0.9818,107429.373980535
1.1820540863697724,0.982,107429.374149732
1.2640706740083225,0.9822,107429.374307951
0.7244959484114323,0.9824,107429.374584005
1.035840032582669,0.9826,107429.374777085
0.8369951855479407,0.9828,107429.375016035
0.9652416495109871,0.983,107429.375223237
0.9193246569311303,0.9832,107429.375440788
1.3861455739478203,0.9834,107429.375585073
0.9930436809021221,0.9836,107429.375786474
0.8989976170362972,0.9838,107429.376008944
0.8197191764812336,0.984,107429.37625293
0.9286646058857329,0.9842,107429.376468293
1.0069530658566619,0.9844,107429.376666912
0.9297568459787261,0.9846,107429.376882022
1.1951643604559752,0.9848,107429.377049363
0.8454371908830424,0.985,107429.377285927
1.1579233977962629,0.9852,107429.37745865
0.6736887232063374,0.9854,107429.377755523
1.2697526473813034,0.9856,107429.377913034
0.8451191902731406,0.9858,107429.378149687
1.2607081986098794,0.986,107429.378308328
0.957185095767884,0.9862,107429.378517274
0.9646085046640843,0.9864,107429.378724612
1.1423284750645255,0.9866,107429.378899693
0.8208293573430826,0.9868,107429.379143349
0.9350206930144284,0.987,107429.379357248
1.3323030150854112,0.9872,107429.379507364
1.0267468199073646,0.9874,107429.379702154
0.9427958092186628,0.9876,107429.379914289
1.218843310947661,0.9878,107429.380078379
0.8563440377899879,0.988,107429.38031193
0.7205727038018095,0.9882,107429.380589487
1.2778247051026528,0.9884,107429.380746003
0.6668311445511182,0.9886,107429.381045929
1.0795813469795281,0.9888,107429.381231186
0.8528275162573646,0.989,107429.3814657
0.9621907639763568,0.9892,107429.381673559
0.7373978450048366,0.9894,107429.381944783
0.8848931193824885,0.9896,107429.382170799
1.2648461431606621,0.9898,107429.382328921
1.0131917439576619,0.99,107429.382526317
1.0902628841193789,0.9902,107429.382709759
0.5195223558552055,0.9904,107429.383094728
0.9814505818092574,0.9906,107429.383298508
0.8648162127090622,0.9908,107429.383529771
0.45413157965303497,0.991,107429.383970172
1.6467953383736653,0.9912,107429.38409162
1.5970868453028204,0.9914,107429.384216848
1.0589967014132917,0.9916,107429.384405706
0.9791011426304543,0.9918,107429.384609975
1.0986112938483443,0.992,107429.384792023
0.7716615332891328,0.9922,107429.385051204
1.351433411082496,0.9924,107429.385199195
0.9920979738284609,0.9926,107429.385400788
0.8708601258472471,0.9928,107429.385630446
0.9921127265772728,0.993,107429.385832036
0.8235773675571856,0.9932,107429.386074879
1.1229142385039705,0.9934,107429.386252987
0.8283836978588562,0.9936,107429.386494421
0.8859083515674191,0.9938,107429.386720178
0.8622659200413222,0.994,107429.386952125
0.9405347023745798,0.9942,107429.38716477
1.0747025913242976,0.9944,107429.387350868
1.0567975612277611,0.9946,107429.387540119
0.8646554935766873,0.9948,107429.387771425
0.8534353017779573,0.995,107429.388005772
1.0302639604639556,0.9952,107429.388199897
1.2022988495755125,0.9954,107429.388366245
0.8514225038681734,0.9956,107429.388601146
0.871042204939874,0.9958,107429.388830756
0.9082156840473374,0.996,107429.389050968
1.0520613062468214,0.9962,107429.389241071
0.9025922172499325,0.9964,107429.389462655
0.8621284275781902,0.9966,107429.389694639
0.8518395509312688,0.9968,107429.389929425
1.1207056052748001,0.997,107429.390107884
0.8532932999636544,0.9972,107429.39034227
0.8458412099017648,0.9974,107429.390578721
0.8245620169193756,0.9976,107429.390821274
1.6739064745376457,0.9978,107429.390940755
1.0938286193076934,0.998,107429.391123599
0.8572248970841088,0.9982,107429.39135691
0.8732785497161624,0.9984,107429.391585932
0.9052763937902016,0.9986,107429.391806859
0.9942630748107989,0.9988,107429.392008013
1.1428767607245287,0.999,107429.39218301
0.8010509880179185,0.9992,107429.392432682
1.1605842643198845,0.9994,107429.392605009
1.0629590182408308,0.9996,107429.392793163
0.8250654775963353,0.9998,107429.393035568
1.156557386745964,1.0,107429.393208495
1.0980504301075262,1.0002,107429.393390636
0.70040028951858,1.0004,107429.393676187
0.9362331632877243,1.0006,107429.393889809
0.9580241790859781,1.0008,107429.394098572
1.4026229317122851,1.001,107429.394241162
0.8780594780715526,1.0012,107429.394468937
0.8895056143478715,1.0014,107429.394693781
1.4666088740968464,1.0016,107429.39483015
1.0068719200080531,1.0018,107429.395028785
1.1349578130225746,1.002,107429.395205003
0.8348604609285176,1.0022,107429.395444564
1.1458363236714202,1.0024,107429.395619109
0.7100809974439931,1.0026,107429.395900767
1.2817309007863797,1.0028,107429.396056806
1.1962724607172857,1.003,107429.396223992
0.8388698624987432,1.0032,107429.396462408
1.0480532207672966,1.0034,107429.396653238
1.1422240450961272,1.0036,107429.396828335
1.0815896866677936,1.0038,107429.397013248
1.1021895074030654,1.004,107429.397194705
1.0965754373847376,1.0042,107429.397377091
0.7914648382675291,1.0044,107429.397629787
0.8883243180955954,1.0046,107429.39785493
0.8175010406026717,1.0048,107429.398099578
1.3401682055737036,1.005,107429.398248813
0.8974404825538269,1.0052,107429.398471669
1.108782647354777,1.0054,107429.398652047
0.8294831947922788,1.0056,107429.398893161
1.092764723530446,1.0058,107429.399076183
1.1448721969367177,1.006,107429.399250875
0.8231672155107881,1.0062,107429.399493839
1.0971046679028735,1.0064,107429.399676137
0.6830274800983482,1.0066,107429.399968951
1.5850748276804434,1.0068,107429.400095128
0.8634497774670238,1.007,107429.400326757
0.829582879559013,1.0072,107429.400567842
0.9759478121850317,1.0074,107429.400772771
0.8886756134859158,1.0076,107429.400997825
1.1031925842802919,1.0078,107429.401179117
0.8588741293755553,1.008,107429.40141198
0.8534571360991016,1.0082,107429.401646321
0.8170635453776309,1.0084,107429.4018911
0.9439706402014831,1.0086,107429.402102971
0.9797821684132111,1.0088,107429.402307098
1.1236523547496982,1.009,107429.402485089
0.8482375420928894,1.0092,107429.402720872
1.1475852595958393,1.0094,107429.402895151
1.0648379485596986,1.0096,107429.403082973
0.8738661698612229,1.0098,107429.403311841
1.0417914634453018,1.01,107429.403503818
0.9525850604635852,1.0102,107429.403713773
0.7647540166555883,1.0104,107429.403975295
0.7013065632210426,1.0106,107429.404260477
1.0114393712542449,1.0108,107429.404458215
0.9358607313141689,1.011,107429.404671922
1.0443973587741784,1.0112,107429.40486342
1.0592939646527688,1.0114,107429.405052225
0.7964224774802636,1.0116,107429.405303348
1.225400119027922,1.0118,107429.40546656
1.0147441998369107,1.012,107429.405663654
0.8378753350520041,1.0122,107429.405902353
0.8316976617522356,1.0124,107429.406142825
0.7950105159913491,1.0126,107429.406394394
1.8682858438205658,1.0128,107429.406501444
1.0293519846781234,1.013,107429.406695741
0.768840431514628,1.0132,107429.406955873
1.202399931830691,1.0134,107429.407122207
0.8861713371680966,1.0136,107429.407347897
1.0222910343708174,1.0138,107429.407543536
0.8664159908424532,1.014,107429.407774372
0.6648250981124408,1.0142,107429.408075203
1.0629364932525747,1.0144,107429.408263361
0.8695841242491357,1.0146,107429.408493356
1.0478829383854387,1.0148,107429.408684217
0.8982345770268148,1.015,107429.408906876
0.8683494907893692,1.0152,107429.409137198
1.1001826511784858,1.0154,107429.409318986
1.036865773761203,1.0156,107429.409511875
0.8132527688141276,1.0158,107429.409757801
0.8882217274750636,1.016,107429.40998297
0.668212455217099,1.0162,107429.410282276
1.106482378240202,1.0164,107429.410463029
1.244919184455646,1.0166,107429.410623682
1.140842716584213,1.0168,107429.410798991
0.8048451382889243,1.017,107429.411047486
1.1444397695859605,1.0172,107429.411222244
0.9088306655977919,1.0174,107429.411442307
1.6344542520214083,1.0176,107429.411564672
0.9515019256013488,1.0178,107429.411774866
0.806103828253913,1.018,107429.412022973
1.0127761794170898,1.0182,107429.41222045
1.1270526469126843,1.0184,107429.412397904
0.931406596447297,1.0186,107429.412612633
1.0811686927221458,1.0188,107429.412797618
1.2974376023199319,1.019,107429.412951768
1.1018676853365936,1.0192,107429.413133278
1.0483718797425372,1.0194,107429.41332405
1.0819290686497633,1.0196,107429.413508905
0.8536101136674297,1.0198,107429.413743204
0.867054519256339,1.02,107429.41397387
0.8736409784471109,1.0202,107429.414202797
0.7447984878914041,1.0204,107429.414471326
0.6721333676118004,1.0206,107429.414768886
0.7523520265295055,1.0208,107429.415034719
0.8262619195200386,1.021,107429.415276773
1.06836461136649,1.0212,107429.415463975
1.1561094758545056,1.0214,107429.415636969
0.9741319603901836,1.0216,107429.41584228
1.2068257604116943,1.0218,107429.416008004
1.083083333132262,1.022,107429.416192662
0.8101167367536438,1.0222,107429.41643954
1.0740042837967345,1.0224,107429.416625759
0.9141018609602497,1.0226,107429.416844553
0.9085746624599256,1.0228,107429.417064678
1.132772175000003,1.023,107429.417241236
0.8538105622720669,1.0232,107429.41747548
1.014661868385784,1.0234,107429.41767259
0.8905037103652522,1.0236,107429.417897182
0.8494191778480921,1.0238,107429.418132637
1.073087994838027,1.024,107429.418319015
0.8505933185583179,1.0242,107429.418554145
0.9628994582947643,1.0244,107429.418761851
1.003371317320237,1.0246,107429.418961179
0.7826716714147147,1.0248,107429.419216714
1.6635614268680392,1.025,107429.419336938
1.0691584752612462,1.0252,107429.419524001
0.821297888052836,1.0254,107429.419767518
1.0771741384068396,1.0256,107429.419953189
0.9990609269848736,1.0258,107429.420153377
0.945689027997018,1.026,107429.420364863
1.1334206727475638,1.0262,107429.42054132
1.1097301114202454,1.0264,107429.420721544
1.0416503665432517,1.0266,107429.420913547
1.0526592790928193,1.0268,107429.421103542
1.0797911853987052,1.027,107429.421288763
1.0846692737544488,1.0272,107429.421473151
1.0394578250778026,1.0274,107429.421665559
0.8377068567595386,1.0276,107429.421904306
1.0177340130125279,1.0278,107429.422100821
1.0768029729514252,1.028,107429.422286556
0.9936851167768559,1.0282,107429.422487827
1.140758157362618,1.0284,107429.422663149
0.8528784804100802,1.0286,107429.422897649
1.0382113913293192,1.0288,107429.423090288
0.8226051600551101,1.029,107429.423333418
1.0886249428969323,1.0292,107429.423517136
1.1006306609827339,1.0294,107429.42369885
0.8040782797694486,1.0296,107429.423947582
1.1443743047709536,1.0298,107429.42412235
0.8489288767850703,1.03,107429.424357941
0.8033548120465378,1.0302,107429.424606897
1.12170496430851,1.0304,107429.424785197
0.9807046004628331,1.0306,107429.424989132
0.9533934097287579,1.0308,107429.425198909
1.0829249429122667,1.031,107429.425383594
0.9922407215110883,1.0312,107429.425585158
1.0156408212693349,1.0314,107429.425782078
0.793200684775555,1.0316,107429.426034221
1.0795230918454217,1.0318,107429.426219488
1.0777836812081123,1.032,107429.426405054
0.8246470141417771,1.0322,107429.426647582
1.2633760495572302,1.0324,107429.426805888
0.7863458644351198,1.0326,107429.427060229
2.047837476277146,1.0328,107429.427157893
0.8418146528069065,1.033,107429.427395475
1.076629040284006,1.0332,107429.42758124
1.0265201335273368,1.0334,107429.427776073
1.062625844472613,1.0336,107429.427964286
1.0210281355566682,1.0338,107429.428160167
1.0791560680258625,1.034,107429.428345497
0.8409332611338225,1.0342,107429.428583328
0.8293352388878693,1.0344,107429.428824485
1.342408006375948,1.0346,107429.428973471
1.0554201425978758,1.0348,107429.429162969
1.0633603531768547,1.035,107429.429351052
1.0211427604111056,1.0352,107429.429546911
1.0687814257075574,1.0354,107429.42973404
0.7574810557857568,1.0356,107429.429998073
1.171611872583041,1.0358,107429.430168778
1.1135547107756592,1.036,107429.430348383
0.8430388437029712,1.0362,107429.43058562
1.0080543264444564,1.0364,107429.430784022
1.059524086833724,1.0366,107429.430972786
1.0743734380718732,1.0368,107429.431158941
0.8395107752308526,1.037,107429.431397175
0.83652604274389,1.0372,107429.431636259
0.9815951190135112,1.0374,107429.431840009
0.8478599976063372,1.0376,107429.432075897
1.4034890557551594,1.0378,107429.432218399
0.8274001663842214,1.038,107429.43246012
1.0467861005487813,1.0382,107429.432651181
0.7674008145989561,1.0384,107429.432911801
1.8027764526008745,1.0386,107429.433022741
1.0489217139436893,1.0388,107429.433213413
1.0717654215771546,1.039,107429.433400021
0.8264940597811895,1.0392,107429.433642007
1.0268311243082338,1.0394,107429.433836781
0.7993605152796266,1.0396,107429.434086981
1.44883441387418,1.0398,107429.434225023
0.8555124858341071,1.04,107429.434458801
1.0490702328404446,1.0402,107429.434649446
0.6193695580698076,1.0404,107429.434972355
0.7383752079824687,1.0406,107429.43524322
0.7436188155820755,1.0408,107429.435512175
0.9574783675537263,1.041,107429.435721057
1.0503098221450988,1.0412,107429.435911477
1.0507844013303522,1.0414,107429.436101811
0.8382616250797837,1.0416,107429.4363404
1.0430628994484328,1.0418,107429.436532143
1.064027831785897,1.042,107429.436720108
0.6750075068242132,1.0422,107429.437016401
1.24154205206481,1.0424,107429.437177491
1.0556262061814425,1.0426,107429.437366952
0.8622362218507583,1.0428,107429.437598907
0.8407246697618559,1.043,107429.437836797
0.8976177255248065,1.0432,107429.438059609
1.0762293431508487,1.0434,107429.438245443
1.0798494694718626,1.0436,107429.438430654
1.092567791326746,1.0438,107429.438613709
1.070251299721898,1.044,107429.438800581
0.9817396286674788,1.0442,107429.439004301
1.064560323881505,1.0444,107429.439192172
1.0637505469873034,1.0446,107429.439380186
0.7932761797965429,1.0448,107429.439632305
1.1040452793108408,1.045,107429.439813457
0.8117508772397287,1.0452,107429.440059838
1.118793542207894,1.0454,107429.440238602
1.0390581443189333,1.0456,107429.440431084
0.8208091605483342,1.0458,107429.440674746
1.1083463898509476,1.046,107429.440855195
0.859516367469965,1.0462,107429.441087884
1.122901577809525,1.0464,107429.441265994
1.1124707551032464,1.0466,107429.441445774
1.0233424482685423,1.0468,107429.441641212
0.8590105857234582,1.047,107429.441874038
0.945009915473671,1.0472,107429.442085676
0.9947526360685074,1.0474,107429.442286731
0.8529876266325125,1.0476,107429.442521201
1.0317894271106602,1.0478,107429.442715039
1.108622822268234,1.048,107429.442895443
1.0062943920551404,1.0482,107429.443094192
1.0528753965031068,1.0484,107429.443284148
0.6673740905574144,1.0486,107429.44358383
1.1779464653536331,1.0488,107429.443753617
0.9857169888582784,1.049,107429.443956515
0.9582169434737279,1.0492,107429.444165236
1.0706523228906404,1.0493999999999999,107429.444352038
0.8439708829801724,1.0496,107429.444589013
1.083447140336679,1.0498,107429.444773609
1.0565462855741272,1.05,107429.444962905
0.8881112982522275,1.0502,107429.445188102
0.681809664179816,1.0504,107429.445481439
0.6583950534149323,1.0506,107429.445785208
0.7280828827384817,1.0508,107429.446059902
0.9495773849071517,1.051,107429.446270522
0.9043267962938694,1.0512,107429.446491681
1.1562163631110454,1.0514000000000001,107429.446664659
0.8325666994166286,1.0516,107429.44690488
1.069221356583252,1.0518,107429.447091932
0.80984774741694,1.052,107429.447338892
1.0006454552482584,1.0522,107429.447538763
1.0665642631356442,1.0524,107429.447726281
0.883520996010271,1.0526,107429.447952648
1.2620445964262568,1.0528,107429.448111121
1.0985993508749123,1.053,107429.448293171
0.992201252288111,1.0532,107429.448494743
1.1321566865381958,1.0534,107429.448671397
0.8262107092135005,1.0536,107429.448913466
1.004696931579171,1.0538,107429.449112531
1.1214282838702632,1.054,107429.449290875
0.8121728132534616,1.0542,107429.449537128
1.0814142894122791,1.0544,107429.449722071
1.0104735489182386,1.0546,107429.449919998
0.8466074337058943,1.0548,107429.450156235
1.004480022849353,1.055,107429.450355343
1.1051677881019617,1.0552,107429.450536311
0.8351253674177639,1.0554,107429.450775796
1.0227981651419147,1.0556,107429.450971338
1.0135614542828597,1.0558,107429.451168662
0.8424528453410842,1.056,107429.451406064
0.8208866687084558,1.0562,107429.451649703
1.0713290737491812,1.0564,107429.451836387
0.9961250806910573,1.0566,107429.452037165
0.8346966905820964,1.0568,107429.452276773
1.0883761466739368,1.057,107429.452460533
0.8186387636744203,1.0572,107429.452704841
1.0847987197003273,1.0574,107429.452889207
1.058184201461647,1.0576,107429.45307821
0.8307097144394565,1.0578,107429.453318968
0.8278865034617404,1.058,107429.453560547
1.0085474272744361,1.0582,107429.453758852
0.9524989077572552,1.0584,107429.453968826
1.0462111056945014,1.0586,107429.454159992
0.809267749439428,1.0588,107429.454407129
1.0904947195182813,1.059,107429.454590532
1.0560275395391727,1.0592,107429.454779921
1.0666325513835742,1.0594,107429.454967427
1.0302851992087603,1.0596,107429.455161548
0.7351292761311584,1.0598,107429.455433609
1.3489996083904494,1.06,107429.455581867
0.973643512221748,1.0602,107429.455787281
0.7759547139804565,1.0604,107429.456045028
0.7340634721487173,1.0606,107429.456317484
0.8462778697451502,1.0608,107429.456553813
0.9849499693489668,1.061,107429.456756869
1.047438435445398,1.0612,107429.456947811
1.0055506428321512,1.0614,107429.457146707
0.711566525697369,1.0616,107429.457427777
1.2535177106052553,1.0618,107429.457587328
0.8540584956971434,1.062,107429.457821504
0.8637704336116907,1.0622,107429.458053047
0.9372378854021897,1.0624,107429.45826644
0.8328266698531227,1.0626,107429.458506586
0.8412197477593715,1.0628,107429.458744336
1.0593725934583929,1.063,107429.458933127
1.0333407050542796,1.0632,107429.459126674
0.6588765497462767,1.0634,107429.459430221
0.4471931986034394,1.0636,107429.459877455
1.2502656604788311,1.0638,107429.460037421
1.7473658167177404,1.064,107429.460151879
0.9945746169077299,1.0642,107429.46035297
0.9279967451804764,1.0644,107429.460568488
1.0055354141674526,1.0646,107429.460767387
1.1966303374218938,1.0648,107429.460934523
0.8195780552487407,1.065,107429.461178551
1.9296079916478235,1.0652,107429.461282199
0.9278976919650892,1.0654,107429.46149774
1.0212001204298453,1.0656,107429.461693588
1.1201156625373623,1.0658,107429.461872141
1.0013517584624476,1.066,107429.462071871
1.0736007461518327,1.0662,107429.46225816
1.042954064459399,1.0664,107429.462449923
0.6878265016103283,1.0666,107429.462740694
1.3515705634263524,1.0668,107429.46288867
0.9943273098950202,1.067,107429.463089811
0.8209675261503794,1.0672,107429.463333426
1.0700794769898838,1.0674,107429.463520328
1.0475482084086312,1.0676,107429.46371125
0.8316561924547494,1.0678,107429.463951734
1.0407559583011776,1.068,107429.464143902
0.8158703271091772,1.0682,107429.464389039
1.0503925816527857,1.0684,107429.464579444
1.0722193562810998,1.0686,107429.464765973
0.7881618014450519,1.0688,107429.465019728
1.1153245203738156,1.069,107429.465199048
0.8285725226040626,1.0692,107429.465440427
0.8027904978412859,1.0694,107429.465689558
1.2992665901128204,1.0695999999999999,107429.465843491
1.0191497914830452,1.0698,107429.466039733
1.107419756554223,1.07,107429.466220333
0.8529693630732009,1.0702,107429.466454808
0.7915745136636907,1.0704,107429.466707469
0.9332623612504185,1.0706,107429.466921771
0.9824099353393276,1.0708,107429.467125352
1.0422095303900714,1.071,107429.467317252
1.092329083427546,1.0712,107429.467500347
0.9580241790859781,1.0714,107429.46770911
1.072265364856106,1.0716,107429.467895631
1.1372229412643946,1.0718,107429.468071498
0.8256241064850844,1.072,107429.468313739
0.8362147600815928,1.0722,107429.468552912
0.8974727139965988,1.0724,107429.46877576
0.8967041855929835,1.0726,107429.468998799
1.0690213431143998,1.0728,107429.469185886
1.0658935167990011,1.073,107429.469373522
1.0397010373183562,1.0732,107429.469565885
0.7942464856867237,1.0734,107429.469817696
0.8873390045727932,1.0735999999999999,107429.470043089
1.2945737549747838,1.0738,107429.47019758
1.0949304388198566,1.074,107429.47038024
1.0140291340224479,1.0742,107429.470577473
1.1086720080691097,1.0744,107429.470757869
0.7772604869575436,1.0746,107429.471015183
1.0728519436025983,1.0748,107429.471201602
0.8604445451475126,1.075,107429.47143404
0.819658655086305,1.0752,107429.471678044
1.098490734426932,1.0754,107429.471860112
1.0296009799273285,1.0756000000000001,107429.472054362
0.8562413923347674,1.0758,107429.472287941
1.0393713560714555,1.076,107429.472480365
0.8254230398680134,1.0762,107429.472722665
0.990638477789822,1.0764,107429.472924555
0.8453263807742438,1.0766,107429.47316115
0.8405833699857029,1.0768,107429.47339908
0.8283425583696045,1.077,107429.473640526
0.6787023347211424,1.0772,107429.473935206
1.2997225535731565,1.0774,107429.474089085
0.8600116054392949,1.0776,107429.47432164
1.0697646396517186,1.0778,107429.474508597
0.8210046013523673,1.078,107429.474752201
1.1043500060222637,1.0782,107429.474933303
0.9448313261265441,1.0784,107429.475144981
1.0360064231680122,1.0786,107429.47533803
0.798744370982768,1.0788,107429.475588423
0.8866898827035632,1.079,107429.475813981
0.46848281541222325,1.0792,107429.476240891
1.2276566921955656,1.0794,107429.476403803
0.7442303485852122,1.0796000000000001,107429.476672537
2.4283337230166917,1.0798,107429.476754898
1.545762330393748,1.08,107429.476884284
0.8306613651887192,1.0802,107429.477125056
0.9955052961008682,1.0804,107429.477325959
1.0256988893499857,1.0806,107429.477520948
1.0975442139197749,1.0808,107429.477703173
0.8069918145369366,1.081,107429.477951007
1.0827021997360096,1.0812,107429.47813573
1.368410129816602,1.0814,107429.478281885
0.757673353262019,1.0816,107429.478545851
0.40554378046381667,1.0818,107429.479039016
0.5503804516701489,1.082,107429.479402401
0.5804706522293971,1.0822,107429.479746949
0.3935048119728555,1.0824,107429.480255202
0.7532701153370606,1.0826,107429.480520711
0.982139793857584,1.0828,107429.480724348
0.48957331092710327,1.083,107429.481132867
0.6544738249047514,1.0832,107429.481438456
0.6557247966957824,1.0834,107429.481743462
0.46077217365458334,1.0836,107429.482177516
1.3164996233822368,1.0838,107429.482329434
0.6610608822372197,1.084,107429.482631978
0.799673713138871,1.0842,107429.48288208
0.7736285745806639,1.0844,107429.483140602
1.2783717961352106,1.0846,107429.483297051
0.815680663051734,1.0848,107429.483542245
1.0186774530289309,1.085,107429.483738578
0.8070699103324929,1.0852,107429.483986388
0.7492657394540745,1.0854,107429.484253316
1.151695600378568,1.0856,107429.484426973
0.8391443902406316,1.0858,107429.484665311
0.8332256942230288,1.086,107429.484905342
1.0492244006991691,1.0862,107429.485095959
1.0577085326805478,1.0864,107429.485285047
0.8438142429977887,1.0866,107429.485522066
0.8169467421562641,1.0868,107429.48576688
0.8607555333711578,1.087,107429.485999234
0.7931660781567985,1.0872,107429.486251388
1.3003901812601493,1.0874,107429.486405188
0.8463351418588015,1.0876,107429.486641501
0.8265897462766187,1.0878,107429.486883459
1.1074319813061808,1.088,107429.487064057
0.8016738771900513,1.0882,107429.487313535
1.089686664112508,1.0884,107429.487497074
0.8561314118899572,1.0886,107429.487730683
0.8267571639317515,1.0888,107429.487972592
0.647683087307793,1.089,107429.488281385
1.320079738187169,1.0892,107429.488432891
1.2132609573639768,1.0894,107429.488597736
1.1237785926069201,1.0896,107429.488775707
0.8277357765384111,1.0898,107429.48901733
0.9778850958616793,1.09,107429.489221853
0.6562002634560268,1.0902,107429.489526638
0.8982345183225477,1.0904,107429.489749297
1.0054040401104318,1.0906,107429.489948222
1.0511599518468469,1.0908,107429.490138488
0.897899852646253,1.091,107429.49036123
1.3258467069908064,1.0912,107429.490512077
0.9757429996046654,1.0914,107429.490717049
0.8699661795033221,1.0916,107429.490946943
0.9681198023012846,1.0918,107429.491153529
1.019300430573052,1.092,107429.491349742
1.0945829397149305,1.0922,107429.49153246
1.0075414691947924,1.0924,107429.491730963
1.0870628449703612,1.0926,107429.491914945
1.0811336530346731,1.0928,107429.492099936
0.7258632444643257,1.093,107429.49237547
0.9083270876910093,1.0932,107429.492595655
1.17576517258476,1.0934,107429.492765757
0.690457524391436,1.0936,107429.49305542
1.127707194570561,1.0937999999999999,107429.493232771
1.037021695921687,1.094,107429.493425631
1.204608833713325,1.0942,107429.49359166
0.9607485610295975,1.0944,107429.493799831
0.7057013621618002,1.0946,107429.494083237
1.4244203036988454,1.0948,107429.494223645
1.1415655320997968,1.095,107429.494398843
0.46846306260258525,1.0952,107429.494825771
1.6339068869507678,1.0954,107429.494948177
1.3427955691706177,1.0956,107429.49509712
0.9959564575313979,1.0958,107429.495297932
0.7453258616810483,1.096,107429.495566271
0.6629211471960227,1.0962,107429.495867966
0.9167877595627406,1.0964,107429.496086119
0.7957127146757942,1.0966,107429.496337466
1.055849140502639,1.0968,107429.496526887
0.8443770808363579,1.097,107429.496763748
0.6585467963351135,1.0972,107429.497067447
0.48042391676405205,1.0974,107429.497483746
0.5619792905619221,1.0976,107429.497839631
0.7189331120441247,1.0977999999999999,107429.498117821
0.6253576232995968,1.098,107429.498437638
1.2183458672326635,1.0982,107429.498601795
1.2492582106765384,1.0984,107429.49876189
0.6159607816432647,1.0986,107429.499086586
1.2697122946389154,1.0988,107429.499244102
0.8600966944787045,1.099,107429.499476634
0.8280338929672786,1.0992,107429.49971817
0.8425309830315203,1.0994,107429.49995555
0.7785311902111921,1.0996,107429.500212444
1.0864782348715802,1.0998,107429.500396525
1.2021181850359888,1.1,107429.500562898
0.9801039205595254,1.1002,107429.500766958
0.606912100856916,1.1004,107429.501096495
1.0479105026378273,1.1006,107429.501287351
0.893810797412799,1.1008,107429.501511112
0.8420131071266738,1.101,107429.501748638
0.8506185875686746,1.1012,107429.501983761
1.0164770789254522,1.1014,107429.502180519
0.8063540613119174,1.1016,107429.502428549
0.579211523227848,1.1018,107429.502773846
1.4230013969430444,1.102,107429.502914394
1.0513091857155556,1.1022,107429.503104633
0.8881349429479123,1.1024,107429.503329824
0.7869492399674365,1.1026,107429.50358397
0.9044371883659752,1.1028,107429.503805102
0.8571256752129071,1.103,107429.50403844
0.8369146567194904,1.1032,107429.504277413
0.6992420079142795,1.1034,107429.504563437
1.5811276695765994,1.1036,107429.504689929
0.8691986664183604,1.1038000000000001,107429.504920026
0.8274070402977198,1.104,107429.505161745
0.8769621953419123,1.1042,107429.505389805
0.8670282096184395,1.1044,107429.505620478
0.8287304003947887,1.1046,107429.505861811
1.029829029186066,1.1048,107429.506056018
0.9480380517116815,1.105,107429.50626698
0.8702159820585277,1.1052,107429.506496808
1.0553087137189554,1.1054,107429.506686326
0.8521916383762281,1.1056,107429.506921015
1.055319815031871,1.1058,107429.507110531
1.1339926239764158,1.106,107429.507286899
0.8762168150244332,1.1062,107429.507515153
0.8807701713989297,1.1064,107429.507742227
0.854248164039178,1.1066,107429.507976351
0.8016224899280818,1.1068,107429.508225845
0.9495368414462783,1.107,107429.508436474
0.8594905133073825,1.1072,107429.50866917
0.9007101893877186,1.1074,107429.508891217
1.0557432978109433,1.1076,107429.509080657
1.1754817935961537,1.1078000000000001,107429.5092508
0.8395600576015941,1.108,107429.50948902
1.1247708312882863,1.1082,107429.509666834
0.9505929525831777,1.1084,107429.509877229
1.1243660542270633,1.1086,107429.510055107
1.1402703638786484,1.1088,107429.510230504
1.0313212446214084,1.109,107429.51042443
1.119451020688131,1.1092,107429.510603089
0.698090033027899,1.1094,107429.510889585
0.8988441058783169,1.1096,107429.511112093
1.257276492537653,1.1098,107429.511271167
1.1757720123763047,1.11,107429.511441268
0.4969450284074543,1.1102,107429.511843727
0.516876007827455,1.1104,107429.512230667
0.5038367012345298,1.1106,107429.512627621
0.47794523114894355,1.1108,107429.513046079
0.8308235557196741,1.111,107429.513286804
0.6632640991721773,1.1112,107429.513588343
0.5241378630060263,1.1114,107429.513969922
0.5100284342719781,1.1116,107429.514362057
0.6710688814776834,1.1118,107429.514660089
0.5993281641996263,1.112,107429.514993796
0.6316959799855315,1.1122,107429.515310404
0.7603868700812092,1.1124,107429.515573428
0.9877030853953926,1.1126,107429.515775918
0.8311584811405588,1.1128,107429.516016546
0.9717558913643366,1.113,107429.516222359
0.8616975738989971,1.1132,107429.516454459
1.131650502033634,1.1134,107429.516631192
0.854025698465146,1.1136,107429.516865377
0.9520545282021623,1.1138,107429.517075449
0.824429460189768,1.114,107429.517318041
1.1630003765731902,1.1142,107429.51749001
0.8801306211902465,1.1144,107429.517717249
0.8310962588530498,1.1146,107429.517957895
0.8673177582138019,1.1148,107429.518188491
0.8641585890968491,1.115,107429.51841993
0.8567548658298503,1.1152,107429.518653369
0.8933357417875071,1.1154,107429.518877249
1.003119690023035,1.1156,107429.519076627
0.6554325392781329,1.1158,107429.519381769
1.4226268270722797,1.116,107429.519522354
1.1814535606042829,1.1162,107429.519691637
0.7895869411527751,1.1164,107429.519944934
0.9126627641712649,1.1166,107429.520164073
1.0048382590107667,1.1168,107429.52036311
0.8498848712105112,1.117,107429.520598436
1.0975381663497288,1.1172,107429.520780662
0.9660062420615061,1.1174,107429.5209877
0.8532569063613249,1.1176,107429.521222096
0.8904085186517832,1.1178,107429.521446712
1.79573506371857,1.1179999999999999,107429.521558087
1.286976423001746,1.1182,107429.52171349
1.0620051733891565,1.1184,107429.521901813
1.048377397622695,1.1186,107429.522092584
0.6641407163302393,1.1188,107429.522393725
2.8842965910516214,1.119,107429.522463066
1.1014003972891822,1.1192,107429.522644653
1.076385696366582,1.1194,107429.52283046
0.8530385569783688,1.1196,107429.523064916
1.0997167909403966,1.1198,107429.523246781
0.9500239856072582,1.12,107429.523457302
1.0796162861167142,1.1202,107429.523642553
0.5781382874574958,1.1204,107429.523988491
1.1477761665101924,1.1206,107429.524162741
1.092144197760856,1.1208,107429.524345867
1.0136333654298892,1.121,107429.524543177
1.0879854231640451,1.1212,107429.524727003
1.1062619496919432,1.1214,107429.524907792
0.982738194249042,1.1216,107429.525111305
1.1408232090892765,1.1218,107429.525286617
1.0243907587979273,1.1219999999999999,107429.525481855
1.0680565921378924,1.1222,107429.525669111
0.8764433923641639,1.1224,107429.525897306
1.0882221500182734,1.1226,107429.526081092
0.9018474461458645,1.1228,107429.526302859
0.8613672257677665,1.123,107429.526535048
1.3622214912492645,1.1232,107429.526681867
0.6935630634081379,1.1234,107429.526970233
1.605574430892133,1.1236,107429.527094799
0.8061785839467697,1.1238,107429.527342883
0.9781673120964465,1.124,107429.527547347
1.3288417560373844,1.1242,107429.527697854
0.9817396987940872,1.1244,107429.527901574
1.1084077974306814,1.1246,107429.528082013
1.060310424533851,1.1248,107429.528270637
1.0528920928456944,1.125,107429.52846059
1.0498852326451165,1.1252,107429.528651087
0.9734776562155957,1.1254,107429.528856536
0.9876884634966412,1.1256,107429.529059029
0.9194344971318287,1.1258,107429.529276554
1.0019236984678401,1.126,107429.52947617
0.45097151393686974,1.1262,107429.529919657
1.0028279428633617,1.1264,107429.530119093
0.7530886292010524,1.1266,107429.530384666
3.6380165425128888,1.1268,107429.530439641
1.2724265589958055,1.127,107429.530596821
1.1174682701069585,1.1272,107429.530775797
1.0704460210553668,1.1274,107429.530962635
0.8885848336472661,1.1276,107429.531187712
0.9073175311531989,1.1278,107429.531408142
0.9084426017886981,1.1280000000000001,107429.531628299
0.8467543657530155,1.1282,107429.531864495
1.0049140074847425,1.1284,107429.532063517
0.8570779970113347,1.1286,107429.532296868
0.8514406484973288,1.1288,107429.532531764
0.841687058148347,1.129,107429.532769382
0.829999501609917,1.1292,107429.533010346
1.0620558902821213,1.1294,107429.53319866
0.8579604212302179,1.1296,107429.533431771
0.41248509658744875,1.1298,107429.533916637
1.480045227356071,1.13,107429.534051768
1.8353507139966247,1.1302,107429.534160739
0.5925469472087906,1.1304,107429.534498265
1.0531082251794919,1.1306,107429.534688179
1.1263671030114557,1.1308,107429.534865741
0.872950796691075,1.131,107429.535094849
1.0137668990489141,1.1312,107429.535292133
0.879155686019699,1.1314,107429.535519624
0.5004829656317175,1.1316,107429.535919238
1.6481795113319784,1.1318,107429.536040584
1.4652659127356016,1.1320000000000001,107429.536177078
1.063484680426648,1.1322,107429.536365139
0.8273865185176693,1.1324,107429.536606864
0.8500112837134944,1.1326,107429.536842155
0.927484603138874,1.1328,107429.537057792
0.8768353039649849,1.133,107429.537285885
0.8390458264019334,1.1332,107429.537524251
1.0667179032933758,1.1334,107429.537711742
1.1110863924913859,1.1336,107429.537891746
1.144302273543652,1.1338,107429.538066525
0.863904757747701,1.134,107429.538298032
0.7864231651000403,1.1342,107429.538552348
1.233486740786988,1.1344,107429.53871449
1.071168425542549,1.1346,107429.538901202
0.8798944161681629,1.1348,107429.539128502
1.0870924230329688,1.135,107429.539312479
0.8436006472645523,1.1352,107429.539549558
0.828143658663295,1.1354,107429.539791062
0.8656884229352545,1.1356,107429.540022092
0.8836498299487362,1.1358,107429.540248426
0.8875831217663493,1.1360000000000001,107429.540473757
0.85564063138582,1.1362,107429.5407075
1.1543678336782566,1.1364,107429.540880755
0.7718014567862573,1.1366,107429.541139889
0.97568114315706,1.1368,107429.541344874
1.0647585888803222,1.137,107429.54153271
0.8597972083777621,1.1372,107429.541765323
0.50845561192727,1.1374,107429.542158671
3.108292933328709,1.1376,107429.542223015
1.1283243375270764,1.1378,107429.542400269
1.9916350902573012,1.138,107429.542500689
1.0635186677190367,1.1381999999999999,107429.542688744
0.9468307072001392,1.1384,107429.542899975
1.0620164160365457,1.1386,107429.543088296
0.9294803707452811,1.1388,107429.54330347
0.857360883322893,1.139,107429.543536744
1.265974981992003,1.1392,107429.543694725
0.7555009699553318,1.1394,107429.54395945
1.2766582794482169,1.1396,107429.544116109
0.6909441411949114,1.1398,107429.544405568
0.7548280804562431,1.1400000000000001,107429.544670529
0.49651446816383754,1.1402,107429.545073337
0.6279316460861151,1.1404,107429.545391843
0.7265514413702242,1.1406,107429.545667116
2.0308899392602777,1.1408,107429.545765595
1.1167382533946237,1.141,107429.545944688
1.1183555611067482,1.1412,107429.546123522
0.8348220730725425,1.1414,107429.546363094
1.0758125109398837,1.1416,107429.546549
0.8475582039127151,1.1418,107429.546784972
1.07488741885676,1.142,107429.546971038
0.8498342641883326,1.1421999999999999,107429.547206378
1.0149605427550026,1.1424,107429.54740343
0.860766692384135,1.1426,107429.547635781
0.8482195860725089,1.1428,107429.547871569
0.4627583539629537,1.143,107429.54830376
0.9961499170073009,1.1432,107429.548504533
1.411323011127242,1.1434,107429.548646244
1.42918402134293,1.1436,107429.548786184
1.6956193674663,1.1438,107429.548904135
0.8927973330203898,1.144,107429.54912815
1.5976865159431874,1.1442,107429.549253331
0.8792059084825967,1.1444,107429.549480809
1.1107532504123927,1.1446,107429.549660867
0.85218434648691,1.1448,107429.549895558
1.0568478632077873,1.145,107429.5500848
0.5417426171317824,1.1452,107429.550453979
1.0017379927331522,1.1454,107429.550653632
1.5307256018923145,1.1456,107429.550784289
0.8436184082571184,1.1458,107429.551021363
1.6248274372831797,1.146,107429.551144453
1.0716276199150603,1.1461999999999999,107429.551331085
1.1196452681318902,1.1464,107429.551509713
0.8462205532799137,1.1466,107429.551746058
1.073802477061672,1.1468,107429.551932312
0.4900339285189113,1.147,107429.552340447
1.1487980990521998,1.1472,107429.552514542
2.376058632113252,1.1474,107429.552598715
1.1248024969756778,1.1476,107429.552776524
0.6910300880028534,1.1478,107429.553065947
1.5954942438831456,1.148,107429.5531913
1.1790784850865463,1.1482,107429.553360924
0.8529584582483762,1.1484,107429.553595402
1.1098471459130226,1.1486,107429.553775607
0.7081901989109579,1.1488,107429.554058017
1.168715876170148,1.149,107429.554229145
0.9579736964515173,1.1492,107429.554437919
0.8802700258599534,1.1494,107429.554665122
0.8618275251521479,1.1496,107429.554897187
1.038583343638023,1.1498,107429.555089757
1.1080578564108041,1.15,107429.555270253
1.0859413570766152,1.1502,107429.555454425
0.6278764820509856,1.1504,107429.555772959
0.5569386065414156,1.1506,107429.556132065
0.4771447635462543,1.1508,107429.556551225
1.2705188975131128,1.151,107429.556708641
1.1837681742569706,1.1512,107429.556877593
1.235551813040321,1.1514,107429.557039464
0.5811081562896235,1.1516,107429.557383634
0.6080043850260654,1.1518,107429.557712579
0.6780672364829043,1.152,107429.558007535
0.6973452197779928,1.1522000000000001,107429.558294337
0.6084816159453187,1.1524,107429.558623024
0.8796622227000208,1.1526,107429.558850384
0.7086067371359617,1.1528,107429.559132628
0.69838985192785,1.153,107429.559419001
0.6831067831269793,1.1532,107429.559711781
0.7081826817717154,1.1534,107429.559994194
0.6104428425763889,1.1536,107429.560321825
1.04730689786832,1.1538,107429.560512791
1.1997527976432225,1.154,107429.560679492
1.0385402585291628,1.1542,107429.56087207
0.833333303858455,1.1544,107429.56111207
1.1271479427546927,1.1546,107429.561289509
1.062326708545193,1.1548,107429.561477775
0.8169167332496015,1.155,107429.561722598
0.6842285340306214,1.1552,107429.562014898
1.1635145133708666,1.1554,107429.562186791
0.5902455995768308,1.1556,107429.562525633
1.007384095685102,1.1558,107429.562724167
1.9339553370549996,1.156,107429.562827582
0.769917774195455,1.1562000000000001,107429.56308735
0.6834942950716915,1.1564,107429.563379964
0.7633996062551301,1.1566,107429.56364195
0.8344668106998164,1.1568,107429.563881624
0.9275190288077353,1.157,107429.564097253
0.7581931908612799,1.1572,107429.564361038
0.9720676488414587,1.1574,107429.564566785
1.0321036193063486,1.1576,107429.564760564
0.9246160615723696,1.1578,107429.56497687
1.0087661704340807,1.158,107429.565175132
0.8975854836646222,1.1582,107429.565397952
0.982159094778413,1.1584,107429.565601585
0.9032974912534115,1.1586,107429.565822996
0.8593316599163112,1.1588,107429.566055735
0.8731336956890211,1.159,107429.566284795
0.8243819381003745,1.1592,107429.566527401
0.8514696076623485,1.1594,107429.566762289
0.8713837740054607,1.1596,107429.566991809
0.8867724371425558,1.1598,107429.567217346
0.9964575856816485,1.16,107429.567418057
0.9723842845551559,1.1602000000000001,107429.567623737
0.6719526963602116,1.1604,107429.567921377
0.9482853076616218,1.1606,107429.568132284
0.8786612478221729,1.1608,107429.568359903
0.7698407087068665,1.161,107429.568619697
0.931701650861162,1.1612,107429.568834358
1.0796920236121965,1.1614,107429.569019596
0.8536975994975224,1.1616,107429.569253871
0.8339587979226408,1.1618,107429.569493691
1.1330802636672859,1.162,107429.569670201
0.8294969119170346,1.1622,107429.569911311
1.0573731100060684,1.1623999999999999,107429.570100459
0.8867802757513911,1.1626,107429.570325994
0.8403961746762127,1.1628,107429.570563977
0.45268020894323224,1.163,107429.57100579
1.2697525300731025,1.1632,107429.571163301
1.2837547784780838,1.1634,107429.571319094
1.1251441210729856,1.1636,107429.571496849
0.8550626294096804,1.1638,107429.57173075
0.7829075660297606,1.164,107429.571986208
1.0795813469807267,1.1642000000000001,107429.572171465
1.0309331311455707,1.1644,107429.572365464
1.0516297475448448,1.1646,107429.572555645
1.218583409690302,1.1648,107429.57271977
0.8623998307313152,1.165,107429.572951681
1.0614133421845733,1.1652,107429.573140109
1.072041214869575,1.1654,107429.573326669
0.8365890298262018,1.1656,107429.573565735
1.1507148482946647,1.1658,107429.57373954
0.8015518022950477,1.166,107429.573989056
1.0778010923639976,1.1662,107429.574174619
0.9007832723586208,1.1663999999999999,107429.574396648
0.8212574002591752,1.1666,107429.574640177
0.8860299430115749,1.1668,107429.574865903
1.1035883715072965,1.167,107429.57504713
1.1461711551789031,1.1672,107429.575221624
0.8757296377736015,1.1674,107429.575450005
0.8488027335805375,1.1676,107429.575685631
0.8581518267957754,1.1678,107429.57591869
1.1334013247799657,1.168,107429.57609515
1.050034104762212,1.1682,107429.57628562
1.1317146123398134,1.1684,107429.576462343
1.1007700280719708,1.1686,107429.576644034
0.809474084452071,1.1688,107429.576891108
1.1064210947420114,1.169,107429.577071871
1.1676718072312846,1.1692,107429.577243152
0.9652929010748086,1.1694,107429.577450343
1.0555036283749926,1.1696,107429.577639826
0.6475027515636592,1.1698,107429.577948705
1.419396027850126,1.17,107429.57808961
0.6932192936139706,1.1702,107429.578378119
0.6726962460727551,1.1703999999999999,107429.57867543
0.26196252072331533,1.1706,107429.579438898
1.599206830563943,1.1708,107429.57956396
2.290032442461911,1.171,107429.579651295
2.5804787003177534,1.1712,107429.5797288
2.598144865675509,1.1714,107429.579805778
0.9965370615200632,1.1716,107429.580006473
0.7858175404683384,1.1718,107429.580260985
2.176965544030665,1.172,107429.580352856
1.0640391996758995,1.1722,107429.580540819
0.9858093264422086,1.1724,107429.580743698
1.0733241499693351,1.1726,107429.580930035
1.0449756843771134,1.1728,107429.581121427
1.0717769554033587,1.173,107429.581308033
1.0382005686124052,1.1732,107429.581500674
1.021226222887477,1.1734,107429.581696517
1.1326374680545828,1.1736,107429.581873096
1.0334261735065744,1.1738,107429.582066627
1.0865254752951512,1.174,107429.5822507
1.0520889296879792,1.1742,107429.582440798
1.0850988243435127,1.1743999999999999,107429.582625113
1.0820930461618665,1.1746,107429.58280994
0.8324800114356928,1.1748,107429.583050186
1.2865624759550263,1.175,107429.583205639
1.1518747480211629,1.1752,107429.583379269
1.0036935786635852,1.1754,107429.583578533
1.073387522259136,1.1756,107429.583764859
1.0994024790977541,1.1758,107429.583946776
1.026240977552636,1.176,107429.584141662
1.0715012145071086,1.1762,107429.584328316
1.085346210010227,1.1764000000000001,107429.584512589
1.0640561695868294,1.1766,107429.584700549
0.734845649810472,1.1768,107429.584972715
1.2143217679612126,1.177,107429.585137416
1.0824267767204083,1.1772,107429.585322186
1.1012185164764174,1.1774,107429.585503803
0.8099625293534675,1.1776,107429.585750728
1.0946728236002623,1.1778,107429.585933431
1.051165418719337,1.178,107429.586123696
1.0431118232281222,1.1782,107429.58631543
0.8009643901014457,1.1784,107429.586565129
0.9611779714020623,1.1786,107429.586773207
1.095038439551847,1.1788,107429.586955849
0.7253972322801738,1.179,107429.58723156
0.9118346777003098,1.1792,107429.587450898
1.277228941053399,1.1794,107429.587607487
0.9999150492943165,1.1796,107429.587807504
0.8156274160905029,1.1798,107429.588052714
1.231019247379562,1.18,107429.588215181
0.7080247492800305,1.1802,107429.588497657
0.9638600467370309,1.1804000000000001,107429.588705156
0.9667019392142481,1.1806,107429.588912045
0.8873232504477637,1.1808,107429.589137442
0.8182368758543798,1.181,107429.58938187
1.5256460508842449,1.1812,107429.589512962
0.8947104688756337,1.1814,107429.589736498
1.0596587930683175,1.1816,107429.589925238
1.0844222821123077,1.1818,107429.590109668
1.004787790857976,1.182,107429.590308715
1.0929320891645413,1.1822,107429.590491709
1.0923111997321406,1.1824,107429.590674807
0.8077903074189643,1.1826,107429.590922396
1.0952063278926796,1.1828,107429.59110501
1.0957222695366948,1.183,107429.591287538
0.9537843644793179,1.1832,107429.591497229
1.114845841797635,1.1834,107429.591676626
0.8215003378134145,1.1836,107429.591920083
1.0518233054410142,1.1838,107429.592110229
1.0620051733891565,1.184,107429.592298552
0.6558344682574696,1.1842,107429.592603507
1.277710306657805,1.1844000000000001,107429.592760037
0.7498725249120629,1.1846,107429.593026749
1.4215145913935123,1.1848,107429.593167444
0.7784615619611743,1.185,107429.593424361
1.1408622247462974,1.1852,107429.593599667
1.1125760295513651,1.1854,107429.59377943
1.047284871746516,1.1856,107429.5939704
0.9043880888338073,1.1858,107429.594191544
1.0340940910296008,1.186,107429.59438495
1.091816331580288,1.1862,107429.594568131
1.0740157819317573,1.1864,107429.594754348
0.8951830232821322,1.1865999999999999,107429.594977766
1.0376135000111164,1.1868,107429.595170516
0.5392390773024363,1.187,107429.595541409
1.6343473539220754,1.1872,107429.595663782
1.0390042588762995,1.1874,107429.595856274
0.9119677265009253,1.1876,107429.59607558
1.3946515908929782,1.1878,107429.596218985
0.852889383190001,1.188,107429.596453482
1.042937681813445,1.1882,107429.596645248
1.0708243296516775,1.1884000000000001,107429.59683202
0.821631954217731,1.1886,107429.597075438
1.0264885464843236,1.1888,107429.597270277
0.5610176828535415,1.189,107429.597626772
1.2872663203457893,1.1892,107429.59778214
1.7965740060008024,1.1894,107429.597893463
1.0635638503160603,1.1896,107429.59808151
1.2781431803928596,1.1898,107429.598237987
1.1332921660168975,1.19,107429.598414464
0.9081826763627329,1.1902,107429.598634684
0.7129692843084966,1.1904,107429.598915201
0.8370092032249026,1.1905999999999999,107429.599154147
0.9533660965627467,1.1908,107429.59936393
0.6521965937463098,1.191,107429.599670586
1.2392649208802569,1.1912,107429.599831972
1.5506399199399874,1.1914,107429.599960951
1.071644832740066,1.1916,107429.60014758
0.8955999309005563,1.1918,107429.600370894
1.065115800621768,1.192,107429.600558667
0.7947514631916353,1.1922,107429.600810318
1.0756563241856316,1.1924,107429.600996251
0.8461453762712129,1.1926,107429.601232617
0.9681151651069088,1.1928,107429.601439204
0.6802374012554934,1.193,107429.601733219
1.1281905936884287,1.1932,107429.601910494
1.289532251752923,1.1934,107429.602065589
1.1087581384466172,1.1936,107429.602245971
1.0524376896242733,1.1938,107429.602436006
0.8481871834014778,1.194,107429.602671803
1.0051513923689595,1.1942,107429.602870778
1.059765504061629,1.1944,107429.603059499
0.8217028382802177,1.1945999999999999,107429.603302896
0.5432095950584999,1.1948,107429.603671078
1.2700509149027515,1.195,107429.603828552
1.2547288086429496,1.1952,107429.603987949
0.802252730867054,1.1954,107429.604237247
1.0853343822871895,1.1956,107429.604421522
0.7745303442605358,1.1958,107429.604679743
1.2284937408999452,1.196,107429.604842544
0.9959415180773376,1.1962,107429.605043359
0.9969642083350793,1.1964,107429.605243968
1.0213148597995212,1.1966,107429.605439794
0.8365540980658062,1.1968,107429.60567887
1.0102387675462505,1.197,107429.605876843
1.0209342397312455,1.1972,107429.606072742
0.9821060366180628,1.1974,107429.606276386
0.8601854612027672,1.1976,107429.606508894
1.0561613580935656,1.1978,107429.606698259
0.8417224714540662,1.198,107429.606935867
1.0145949792372222,1.1982,107429.60713299
1.0139057036317551,1.1984,107429.607330247
1.154207973937954,1.1985999999999999,107429.607503526
0.83434847397654,1.1988,107429.607743234
0.8379876234430582,1.199,107429.607981901
1.0218210222836956,1.1992,107429.60817763
1.0912384687989876,1.1994,107429.608360908
1.0591031974771272,1.1996,107429.608549747
1.0756216408832064,1.1998,107429.608735686
0.8067931838370391,1.2,107429.608983581
0.8385814434619184,1.2002,107429.609222079
0.7644383161159211,1.2004,107429.609483709
0.8645844566996933,1.2006000000000001,107429.609715034
1.2322176210432605,1.2008,107429.609877343
1.0308374821181627,1.201,107429.61007136
1.0450959084456228,1.2012,107429.61026273
1.0676403428498964,1.2014,107429.610450059
1.0604285576880141,1.2016,107429.610638662
1.0174129921458943,1.2018,107429.610835239
0.9972277341998159,1.202,107429.611035795
0.4335366544625827,1.2022,107429.611497117
0.5445333038771148,1.2024,107429.611864404
0.5801995332194407,1.2026,107429.612209113
1.415337950779533,1.2028,107429.612350422
0.8261731623322093,1.203,107429.612592502
0.8670733362760775,1.2032,107429.612823163
0.9486766017459597,1.2034,107429.613033983
0.8876540326046441,1.2036,107429.613259296
0.8209473225557583,1.2038,107429.613502917
1.120611395621762,1.204,107429.613681391
0.8465321879438021,1.2042,107429.613917649
0.921107169812231,1.2044,107429.614134779
0.8985533368895072,1.2046000000000001,107429.614357359
0.8446088207968123,1.2048,107429.614594155
0.8396235537214402,1.205,107429.614832357
0.8414250304546562,1.2052,107429.615070049
0.9889436173506303,1.2054,107429.615272285
0.8556405781170178,1.2056,107429.615506028
1.0958123406438398,1.2058,107429.615688541
0.808495678168179,1.206,107429.615935914
0.6019056409025012,1.2062,107429.616268192
2.1755447763256512,1.2064,107429.616360123
1.1144854982956194,1.2066,107429.616539578
0.8732938090669191,1.2068,107429.616768596
1.0661151030812146,1.207,107429.616956193
1.0719664632924335,1.2072,107429.617142766
0.8473858094965819,1.2074,107429.617378786
0.8670883795391884,1.2076,107429.617609443
0.8443093367537512,1.2078,107429.617846323
0.4810097469331366,1.208,107429.618262115
1.2642943991532627,1.2082,107429.618420306
1.1678149770011166,1.2084,107429.618591566
1.8285548289520208,1.2086000000000001,107429.618700942
0.7674714781269514,1.2088,107429.618961538
1.7707734537081696,1.209,107429.619074483
0.9341952419844083,1.2092,107429.619288571
0.9830087353692645,1.2094,107429.619492028
0.8618609243615641,1.2096,107429.619724084
0.8702992998291611,1.2098,107429.61995389
0.9755478979067216,1.21,107429.620158903
0.6725854052552931,1.2102,107429.620456263
0.8662658694572325,1.2104,107429.620687139
1.1471507807135382,1.2106,107429.620861484
1.1107778476041021,1.2107999999999999,107429.621041538
1.0738082658875256,1.211,107429.621227791
1.0907206808611019,1.2112,107429.621411156
0.9809162620723946,1.2114,107429.621615047
1.0119869789034368,1.2116,107429.621812678
1.1126502469519868,1.2118,107429.621992429
0.7231782361261475,1.212,107429.622268986
1.2490397749310689,1.2122,107429.622429109
0.9423871860695742,1.2124,107429.622641336
1.1210385270379395,1.2126000000000001,107429.622819742
1.3565024224765878,1.2128,107429.62296718
1.0363660906032826,1.213,107429.623160162
1.0655755196114594,1.2132,107429.623347854
1.0522826566663186,1.2134,107429.623537917
0.8098805321185713,1.2136,107429.623784867
1.0924961419504213,1.2138,107429.623967934
0.9603011491559771,1.214,107429.624176202
0.7336999733187464,1.2142,107429.624448793
1.058665924978535,1.2144,107429.62463771
1.1283562036171781,1.2146,107429.624814959
1.5595028328837117,1.2147999999999999,107429.624943205
1.0457023768084321,1.215,107429.625134464
1.0739927859079013,1.2152,107429.625320685
1.0282881921703373,1.2154,107429.625515183
0.8249974291985457,1.2156,107429.625757608
1.0736755580865311,1.2158,107429.625943884
1.0565296355743314,1.216,107429.626133183
0.45690684236166673,1.2162,107429.626570909
1.4437721721087948,1.2164,107429.626709435
0.8390705164162116,1.2166,107429.626947794
1.5346955438790424,1.2168,107429.627078113
3.2031265557384123,1.217,107429.627140552
0.7389344395640945,1.2172,107429.627411212
2.807017381868271,1.2174,107429.627482462
0.36238186435810876,1.2176,107429.628034366
0.3788703976661165,1.2178,107429.628562251
0.8943064343247161,1.218,107429.628785888
0.610677678641065,1.2182,107429.629113393
0.6107243255963288,1.2184,107429.629440873
0.5660158415301095,1.2186,107429.62979422
0.713187935802763,1.2187999999999999,107429.630074651
0.6608271368159508,1.219,107429.630377302
0.5595845813078633,1.2192,107429.63073471
0.7197998657905799,1.2194,107429.631012565
0.6375233470675181,1.2196,107429.631326279
0.4856172373948785,1.2198,107429.631738126
0.7091770942928656,1.22,107429.632020143
0.7323619843472678,1.2202,107429.632293232
0.5097541421621992,1.2204,107429.632685578
0.916279542536654,1.2206,107429.632903852
0.8853004954096424,1.2208,107429.633129764
1.2273176107843395,1.221,107429.633292721
1.4229406982255126,1.2212,107429.633433275
0.7314753986674255,1.2214,107429.633706695
1.1307803272342656,1.2216,107429.633883564
0.8697808069353198,1.2218,107429.634113507
0.7182463152726326,1.222,107429.634391963
0.9633168847590801,1.2222,107429.634599579
1.06323029734304,1.2224,107429.634787685
0.7894685193123993,1.2226,107429.63504102
0.8480864839567637,1.2227999999999999,107429.635276845
1.0795929648409104,1.223,107429.6354621
0.8381597415832416,1.2232,107429.635700718
1.0457516280795647,1.2234,107429.635891968
0.8354917041800974,1.2236,107429.636131348
0.8209371720959089,1.2238,107429.636374972
0.41201688740091347,1.224,107429.636860389
1.7095039325107095,1.2242,107429.636977382
1.7611525471873033,1.2244,107429.637090944
0.8677278997730333,1.2246,107429.637321431
1.0683019138104293,1.2248,107429.637508644
0.8017734909170042,1.225,107429.637758091
0.8855317384877089,1.2252,107429.637983944
0.8686663302454163,1.2254,107429.638214182
0.8506367505972412,1.2256,107429.6384493
0.6495910767133715,1.2258,107429.638757186
0.8314452361556863,1.226,107429.638997731
1.8180496437154432,1.2262,107429.639107739
0.8928093382954323,1.2264,107429.639331751
0.8024072018228564,1.2266,107429.639581001
0.8931482289808328,1.2268,107429.639804928
0.8013462618966772,1.227,107429.640054508
1.328038853858037,1.2272,107429.640205106
0.9560320907023214,1.2274,107429.640414304
0.6596588901710694,1.2276,107429.640717491
1.2849093472162518,1.2278,107429.640873144
0.985857906064506,1.228,107429.641076013
1.192243259311022,1.2282,107429.641243764
0.8335764624937764,1.2284,107429.641483694
0.9558401378021578,1.2286,107429.641692934
1.1568384323788736,1.2288000000000001,107429.641865819
1.0565407625892,1.229,107429.642055116
0.8448550216267373,1.2292,107429.642291843
0.8557101528253989,1.2294,107429.642525567
0.4930686924538995,1.2296,107429.64293119
1.0550247777801436,1.2298,107429.643120759
1.4769521968701234,1.23,107429.643256173
0.7885751294338819,1.2302,107429.643509795
0.7901172133323227,1.2304,107429.643762922
1.3009315254814695,1.2306,107429.643916658
0.7025876189867819,1.2308,107429.64420132
1.6826518603292515,1.231,107429.64432018
1.2855618396244237,1.2312,107429.644475754
0.9000616404939196,1.2314,107429.644697961
1.1065742271230692,1.2316,107429.644878699
1.1091207840599864,1.2318,107429.645059022
1.1120316811045645,1.232,107429.645238873
0.8400572560588757,1.2322,107429.645476952
1.0448447645799859,1.2324,107429.645668368
0.8582917520493706,1.2326,107429.645901389
0.8314694305742388,1.2328000000000001,107429.646141927
0.7683029329728561,1.233,107429.646402241
0.9472208015240616,1.2332,107429.646613385
0.8516835656166633,1.2334,107429.646848214
1.1747844870509014,1.2336,107429.647018458
1.0667861284146196,1.2338,107429.647205937
1.0227092705907,1.234,107429.647401496
0.9100878381301689,1.2342,107429.647621255
1.0352181226012558,1.2344,107429.647814451
0.8263336047435713,1.2346,107429.648056484
1.0473178314685199,1.2348,107429.648247448
0.8497512459917815,1.2349999999999999,107429.648482811
0.8165264784201794,1.2352,107429.648727751
1.3579022924555413,1.2354,107429.648875037
1.1297201642116728,1.2356,107429.649052072
1.0493344682274226,1.2358,107429.649242669
0.8472673322754218,1.236,107429.649478722
0.8260980788083665,1.2362,107429.649720824
1.0498853128450203,1.2364,107429.649911321
0.8348081792629668,1.2366,107429.650150897
1.0728635008272325,1.2368000000000001,107429.650337314
0.8410676271620211,1.237,107429.650575107
0.7341874638458258,1.2372,107429.650847517
1.4401751514451988,1.2374,107429.650986389
1.0780101546755938,1.2376,107429.651171916
0.838926187496333,1.2378,107429.651410316
0.8795771026621289,1.238,107429.651637698
0.93841203192117,1.2382,107429.651850824
1.17525382197253,1.2384,107429.652021
1.080625492812967,1.2386,107429.652206078
1.0229812543955434,1.2388,107429.652401585
1.1032230466203974,1.2389999999999999,107429.652582872
1.0445992195706473,1.2392,107429.652774333
1.0869505661651386,1.2394,107429.652958334
0.7648095953616976,1.2396,107429.653219837
0.8126546708840884,1.2398,107429.653465944
1.0245166790258495,1.24,107429.653661158
0.8772968319920679,1.2402,107429.653889131
0.6857581725642196,1.2404,107429.654180779
0.8764011411920464,1.2406,107429.654408985
1.1276563978536038,1.2408,107429.654586344
1.0882932398701406,1.241,107429.654770118
0.9602642470579796,1.2412,107429.654978394
1.0854758175880082,1.2414,107429.655162645
1.0311882304391982,1.2416,107429.655356596
1.0335917894403541,1.2418,107429.655550096
0.8280270585204318,1.242,107429.655791634
1.089377972425662,1.2422,107429.655975225
1.0344203545730426,1.2424,107429.65616857
1.18806474649471,1.2426,107429.656336911
0.8479785883281551,1.2428,107429.656572766
0.8437679305702437,1.2429999999999999,107429.656809798
0.7366564209263334,1.2432,107429.657081295
1.2896985153995517,1.2434,107429.65723637
0.8460129242753258,1.2436,107429.657472773
1.0207883486638545,1.2438,107429.6576687
0.8422506738974997,1.244,107429.657906159
1.092245573323899,1.2442,107429.658089268
1.0418457963391612,1.2444,107429.658281235
0.8520028292361992,1.2446,107429.658515976
1.0764204289610746,1.2448,107429.658701777
0.7556751447025963,1.245,107429.658966441
1.0059856269147185,1.2452,107429.659165251
1.3907141546817494,1.2454,107429.659309062
1.0363606984357037,1.2456,107429.659502045
0.8188499543265138,1.2458,107429.65974629
1.025861961041318,1.246,107429.659941248
0.9647201558275316,1.2462,107429.660148562
0.760678981295561,1.2464,107429.660411485
1.8822468352153872,1.2466,107429.660517741
0.8073500990866774,1.2468,107429.660765465
1.1823266072394905,1.2469999999999999,107429.660934623
0.8156972678452196,1.2472,107429.661179812
1.1699600715055423,1.2474,107429.661350758
1.2741288455176063,1.2476,107429.661507728
1.0972491877307131,1.2478,107429.661690002
1.0673213026729664,1.248,107429.661877387
1.0673953248908084,1.2482,107429.662064759
1.0244222168637613,1.2484,107429.662259991
0.8385216859440564,1.2486,107429.662498506
0.8521553386846306,1.2488,107429.662733205
1.0768087941736668,1.249,107429.662918939
1.0288118425647257,1.2492,107429.663113338
0.8880994763764959,1.2494,107429.663338538
1.0811920821270513,1.2496,107429.663523519
0.8307787084737285,1.2498,107429.663764257
0.7970795110960116,1.25,107429.664015173
0.6541783843040966,1.2502,107429.6643209
0.6639952064436668,1.2504,107429.664622107
0.8140206980552188,1.2506,107429.664867801
1.5298590087050894,1.2508,107429.664998532
1.0558937548908434,1.251,107429.665187945
1.1498944845974115,1.2511999999999999,107429.665361874
1.0000699521087524,1.2514,107429.66556186
1.0612332009148486,1.2516,107429.66575032
0.8507633342227596,1.2518,107429.665985403
0.9846590292823294,1.252,107429.666188519
0.826907584383751,1.2522,107429.666430384
1.1142868033595943,1.2524,107429.666609871
0.846245615251753,1.2526,107429.666846209
0.957157631580491,1.2528000000000001,107429.667055161
0.8239947458662797,1.2530000000000001,107429.667297881
1.2064254359674542,1.2532,107429.66746366
1.1287317847261558,1.2534,107429.66764085
1.025651585294391,1.2536,107429.667835848
0.751486997475385,1.2538,107429.668101987
1.0966956642526906,1.254,107429.668284353
0.827454961621757,1.2542,107429.668526058
1.0943373381999086,1.2544,107429.668708817
0.8451085372106684,1.2546,107429.668945473
1.072921039404737,1.2548,107429.66913188
0.7259291106232953,1.255,107429.669407389
1.6959788370238167,1.2551999999999999,107429.669525315
0.8772660894062321,1.2554,107429.669753296
0.9193457496255756,1.2556,107429.669970842
0.8469731631329006,1.2558,107429.670206977
1.068987086360214,1.256,107429.67039407
0.8558016932971478,1.2562,107429.670627769
1.0458828548404515,1.2564,107429.670818995
0.9811183497439776,1.2566,107429.671022844
1.0956143085574783,1.2568,107429.67120539
0.6916992512245115,1.2570000000000001,107429.671494533
1.2254902620039028,1.2572,107429.671657733
1.0528587006900387,1.2574,107429.671847692
1.0958724545288794,1.2576,107429.672030195
1.0301419511938417,1.2578,107429.672224343
0.8498559671886865,1.258,107429.672459677
1.037376666017684,1.2582,107429.672652471
1.1162520145885833,1.2584,107429.672831642
1.0795114754890345,1.2586,107429.673016911
0.8628015958183489,1.2588,107429.673248714
0.7077992275535445,1.259,107429.67353128
1.3307959852335602,1.2591999999999999,107429.673681566
1.1028641583602494,1.2594,107429.673862912
1.0540517260188933,1.2596,107429.674052656
0.8109675551029322,1.2598,107429.674299275
0.8976982816757828,1.26,107429.674522067
0.705803451817968,1.2602,107429.674805432
0.7044163379911315,1.2604,107429.675089355
0.9109417938093323,1.2606,107429.675308908
1.0887020359056163,1.2608,107429.675492613
0.8912536668496275,1.2610000000000001,107429.675717016
1.4708910171259386,1.2612,107429.675852988
0.8744316038172746,1.2614,107429.676081708
1.1376694243218495,1.2616,107429.676257506
0.8253855645426511,1.2618,107429.676499817
1.0878433331569706,1.262,107429.676683667
0.7520267284064931,1.2622,107429.676949615
0.9538162027984202,1.2624,107429.677159299
1.2994185423822697,1.2626,107429.677313214
0.6526541556824931,1.2628,107429.677619655
1.0462275913416765,1.263,107429.677810818
1.2299139972865878,1.2631999999999999,107429.677973431
1.0033108888905573,1.2634,107429.678172771
0.8746764071806545,1.2636,107429.678401427
1.0034870672427965,1.2638,107429.678600732
0.900158907498372,1.264,107429.678822915
0.9693068829774822,1.2642,107429.679029248
1.0262199052186776,1.2644,107429.679224138
0.8662358950996029,1.2646,107429.679455022
0.7698940534585522,1.2648,107429.679714798
1.2842657971281664,1.2650000000000001,107429.679870529
0.9942334417130175,1.2652,107429.680071689
1.0129351676167295,1.2654,107429.680269135
0.9789620805437844,1.2656,107429.680473433
0.8126613019731717,1.2658,107429.680719538
1.1656573680130196,1.266,107429.680891115
1.0634111995908564,1.2662,107429.681079189
1.1636702618344479,1.2664,107429.681251059
0.6938734379751225,1.2666,107429.681539296
1.2437578920675703,1.2668,107429.681700099
0.8606666489571436,1.267,107429.681932477
1.2907890033404947,1.2671999999999999,107429.682087421
1.1910361839975778,1.2674,107429.682255342
1.0625864100007032,1.2676,107429.682443562
1.1099703007351498,1.2678,107429.682623747
0.7959755293111641,1.268,107429.682875011
1.1289421563220985,1.2682,107429.683052168
1.0363499142688755,1.2684,107429.683245153
1.109508566239755,1.2686,107429.683425413
0.8417826860690449,1.2688,107429.683663004
0.4024946702790842,1.2690000000000001,107429.684159905
0.8546241398708071,1.2692,107429.684393926
1.684650217569438,1.2694,107429.684512645
2.0342984602621232,1.2696,107429.684610959
1.4319364845481672,1.2698,107429.68475063
1.0892949129285396,1.27,107429.684934235
0.6418423475431148,1.2702,107429.685245838
0.8726955428309513,1.2704,107429.685475013
1.0070493513039342,1.2706,107429.685673613
1.0718170749931792,1.2708,107429.685860212
0.9952229331695533,1.271,107429.686061172
1.0621575027731522,1.2711999999999999,107429.686249468
0.8481871834014778,1.2713999999999999,107429.686485265
1.2343164635139459,1.2716,107429.686647298
1.1831799621643375,1.2718,107429.686816334
0.8112668820498153,1.272,107429.687062862
1.1313497092620237,1.2722,107429.687239642
1.0607547057995173,1.2724,107429.687428187
1.0930275261640674,1.2726,107429.687611165
0.8599524674421911,1.2728,107429.687843736
0.5439409114836974,1.2730000000000001,107429.688211423
0.8617866173500641,1.2732,107429.688443499
1.2602553877106089,1.2734,107429.688602197
1.0982855896064894,1.2736,107429.688784299
0.8699661244358841,1.2738,107429.689014193
0.9898294927357807,1.274,107429.689216248
1.2765116033687836,1.2742,107429.689372925
0.8828501674947616,1.2744,107429.689599464
0.7799095576759248,1.2746,107429.689855904
1.6569734285696616,1.2748,107429.689976606
0.45278985268596916,1.275,107429.690418312
1.572858840016755,1.2752,107429.690545469
1.1808954464979995,1.2753999999999999,107429.690714832
0.9948071415314838,1.2756,107429.690915876
0.9169096565050736,1.2758,107429.691134
2.0535565388580688,1.276,107429.691231392
1.019997063122186,1.2762,107429.691427471
0.9531979533551198,1.2764,107429.691637291
0.8583470166030263,1.2766,107429.691870297
1.0141216142954521,1.2768,107429.692067512
0.5463018097702412,1.2770000000000001,107429.69243361
1.246486552389881,1.2772000000000001,107429.692594061
1.0418511667585155,1.2774,107429.692786027
1.2107343328074052,1.2776,107429.692951216
0.8968167621965945,1.2778,107429.693174227
1.205625371800054,1.278,107429.693340116
1.2034926198999585,1.2782,107429.693506299
1.0656550011187358,1.2784,107429.693693977
1.0433784513833855,1.2786,107429.693885662
1.084175317405981,1.2788,107429.694070134
0.5638997041595873,1.279,107429.694424807
1.4502422819118237,1.2792,107429.694562715
1.467534382219644,1.2793999999999999,107429.694698998
1.0191187319597033,1.2796,107429.694895246
0.8137822117245148,1.2798,107429.695141012
3.0229284506270657,1.28,107429.695207173
0.7063094795428978,1.2802,107429.695490335
0.8333992979720778,1.2804,107429.695730316
0.7446875908928352,1.2806,107429.695998885
1.267716280574617,1.2808,107429.696156649
0.7021288729562484,1.2810000000000001,107429.696441497
1.3388135110533308,1.2812000000000001,107429.696590883
1.0119101604239162,1.2814,107429.696788529
1.0949424766186484,1.2816,107429.696971187
0.8662546220052085,1.2818,107429.697202066
1.0310182017806269,1.282,107429.697396049
0.8434548075754948,1.2822,107429.697633169
1.1348611920756035,1.2824,107429.697809402
0.7321073184175179,1.2826,107429.698082586
1.0983699381273917,1.2828,107429.698264674
0.7041857123196285,1.283,107429.69854869
0.9567546492614393,1.2832,107429.69875773
1.293050576142761,1.2833999999999999,107429.698912403
0.708310604358037,1.2836,107429.699194765
1.104636700210174,1.2838,107429.69937582
0.8841928447512093,1.284,107429.699602015
0.8299271789633166,1.2842,107429.699843
1.0901142326266668,1.2844,107429.700026467
0.8016706974412304,1.2846,107429.700275946
1.142680829720178,1.2848,107429.700450973
1.1634400525582362,1.285,107429.700622877
1.0370539345505438,1.2852000000000001,107429.700815731
0.8746725662880073,1.2854,107429.701044388
1.0389340433776775,1.2856,107429.701236893
0.8333263816502903,1.2858,107429.701476895
1.109194720212176,1.286,107429.701657206
1.019887766017568,1.2862,107429.701853306
0.8770314192133296,1.2864,107429.702081348
1.3372649208920129,1.2866,107429.702230907
0.9116434918280121,1.2868,107429.702450291
0.8327122790066926,1.287,107429.70269047
1.0580499513002695,1.2872,107429.702879497
0.9520681140649522,1.2873999999999999,107429.703089566
0.7319679669554073,1.2876,107429.703362802
1.448435742531682,1.2878,107429.703500882
0.8483743050008161,1.288,107429.703736627
1.0706293872709958,1.2882,107429.703923433
1.1204544451742307,1.2884,107429.704101932
0.7491927526822786,1.2886,107429.704368886
0.9777034640088699,1.2888,107429.704573447
0.8573645736804841,1.289,107429.70480672
1.0922992197212489,1.2892000000000001,107429.70498982
0.9600061458741624,1.2894,107429.705198152
0.8676564119595381,1.2896,107429.705428658
0.8197661624981971,1.2898,107429.70567263
1.0959684931537321,1.29,107429.705855117
0.712078271344221,1.2902,107429.706135985
0.7689409574394029,1.2904,107429.706396083
1.1868309590803998,1.2906,107429.706564599
1.0860239059196566,1.2908,107429.706748757
1.054657629405534,1.291,107429.706938392
1.012442914086779,1.2912,107429.707135934
1.1373912137679083,1.2913999999999999,107429.707311775
0.7091594934348969,1.2916,107429.707593799
1.0319332111881578,1.2918,107429.70778761
1.0765189063661482,1.292,107429.707973394
0.9770825579339215,1.2922,107429.708178085
1.1330995072577774,1.2924,107429.708354592
0.8600708053925102,1.2926,107429.708587131
1.0019789195851472,1.2928,107429.708786736
0.8469014009964777,1.293,107429.709022891
0.8590400621242293,1.2932000000000001,107429.709255709
1.072898090236107,1.2934,107429.70944212
0.8070731804497299,1.2936,107429.709689929
1.0913158457741152,1.2938,107429.709873194
0.9575013140801338,1.294,107429.710082071
0.9436277247130861,1.2942,107429.710294019
0.7483181414736321,1.2944,107429.710561285
1.14354325775677,1.2946,107429.71073618
1.146907344401815,1.2948,107429.710910562
0.965717087792635,1.295,107429.711117662
1.3504844739971773,1.2952,107429.711265757
0.8507705491497359,1.2953999999999999,107429.711500838
0.9668468577342313,1.2955999999999999,107429.711707696
0.9020019849716652,1.2958,107429.711929425
0.983187490875436,1.296,107429.712132845
1.0965633636538248,1.2962,107429.712315233
0.6995844428215156,1.2964,107429.712601117
1.6545882666115879,1.2966,107429.712721993
1.276918988349743,1.2968,107429.71287862
1.0397496462296372,1.297,107429.713070974
1.1243661462109042,1.2972000000000001,107429.713248852
1.1236838656195403,1.2974,107429.713426838
0.8279859544462375,1.2976,107429.713668388
0.8692666150439855,1.2978,107429.713898467
0.8349928931623493,1.298,107429.71413799
0.8479714206775115,1.2982,107429.714373847
0.5728968357754158,1.2984,107429.71472295
0.6598112162807203,1.2986,107429.715026067
1.4362451670774745,1.2988,107429.715165319
1.9398453316115598,1.299,107429.71526842
1.6079626753265919,1.2992,107429.715392801
1.4236800427934388,1.2993999999999999,107429.715533282
0.8495995957694072,1.2995999999999999,107429.715768687
0.821348491137971,1.2998,107429.716012189
1.1085799000446361,1.3,107429.7161926
0.8169100325327201,1.3002,107429.716437425
0.7631403167311008,1.3004,107429.7166995
1.074448525729422,1.3006,107429.716885642
1.086307087156375,1.3008,107429.717069752
1.0185892732927169,1.301,107429.717266102
1.0645375660704373,1.3012000000000001,107429.717453977
1.1671744089965583,1.3014000000000001,107429.717625331
1.1255810760075609,1.3016,107429.717803017
0.8296621037236734,1.3018,107429.718044079
0.8902142753266715,1.302,107429.718268744
1.3124307299055897,1.3022,107429.718421133
1.1797670257582844,1.3024,107429.718590658
0.8486478583610811,1.3026,107429.718826327
1.0625919963729407,1.3028,107429.719014546
1.001151314363359,1.303,107429.719214316
1.102140983477341,1.3032,107429.719395781
0.6454444512111139,1.3034,107429.719705645
1.0220298293990253,1.3035999999999999,107429.719901334
1.0578372410814147,1.3038,107429.720090399
1.1388419443055717,1.304,107429.720266016
1.0988467815191885,1.3042,107429.720448025
1.0269944795038533,1.3044,107429.720642768
0.8309547604565114,1.3046,107429.720883455
1.0224269350249198,1.3048,107429.721079068
0.8826164116398164,1.305,107429.721305667
1.0601530636345635,1.3052000000000001,107429.721494319
1.0012816522554169,1.3054000000000001,107429.721694063
0.8321994457208242,1.3056,107429.72193439
0.8662208814014889,1.3058,107429.722165278
0.8137093634184582,1.306,107429.722411066
1.033020479516251,1.3062,107429.722604673
0.7363987206795712,1.3064,107429.722876265
1.2907722741806094,1.3066,107429.723031211
0.9935420250511621,1.3068,107429.723232511
1.4964122249881715,1.307,107429.723366164
0.8956961775430422,1.3072,107429.723589454
1.5336130785696456,1.3074,107429.723719865
1.081531214594494,1.3075999999999999,107429.723904788
0.7562637703047966,1.3078,107429.724169246
1.6715418737804166,1.308,107429.724288896
1.0582515022834111,1.3082,107429.724477887
1.066575602518026,1.3084,107429.724665403
0.6150704665696088,1.3086,107429.724990569
0.8308787551135183,1.3088,107429.725231278
1.793770352472357,1.309,107429.725342775
1.2479876089430912,1.3092,107429.725503033
0.8093954750428357,1.3094000000000001,107429.725750131
1.3435352477551517,1.3096,107429.725898992
0.9553379145878365,1.3098,107429.726108342
1.206083479724628,1.31,107429.726274168
0.588740918747758,1.3102,107429.726613876
0.973212335191955,1.3104,107429.726819381
0.5912349418036738,1.3106,107429.727157656
1.6209950828653343,1.3108,107429.727281037
1.2459118520804264,1.311,107429.727441562
0.8612374672481622,1.3112,107429.727673786
0.9624962785410427,1.3114,107429.727881579
0.9628253244882998,1.3115999999999999,107429.728089301
0.9367681679618038,1.3118,107429.728302801
1.261805795849256,1.312,107429.728461304
1.3821412740553882,1.3122,107429.728606007
1.0009158877744,1.3124,107429.728805824
0.6845446895034496,1.3126,107429.729097989
0.9068813875495458,1.3128,107429.729318525
1.0916375153809343,1.313,107429.729501736
1.2474349602298556,1.3132,107429.729662065
0.7337053393225519,1.3134000000000001,107429.729934654
0.9915027872303861,1.3136,107429.730136368
1.0186255851878443,1.3138,107429.730332711
0.8236011062369314,1.314,107429.730575547
1.0740908196029073,1.3142,107429.730761751
1.0637731888259379,1.3144,107429.730949761
0.9529754184829885,1.3146,107429.73115963
0.8849753395724969,1.3148,107429.731385625
0.8159534933363085,1.315,107429.731630737
0.90645809796935,1.3152,107429.731851376
0.9669636538220181,1.3154,107429.732058209
0.8193027961006331,1.3155999999999999,107429.732302319
0.8546460350666069,1.3158,107429.732536334
0.8215914334810436,1.316,107429.732779764
0.9870109367876935,1.3162,107429.732982396
1.1085429717081037,1.3164,107429.733162813
0.8499968271572644,1.3166,107429.733398108
1.0617120458961038,1.3168,107429.733586483
0.8524785517082039,1.317,107429.733821093
0.858885185986147,1.3172,107429.734053953
0.9441132331222328,1.3174000000000001,107429.734265792
0.874255779470003,1.3176,107429.734494558
0.837622668543195,1.3178,107429.734733329
0.8569714350987898,1.318,107429.734966709
0.9340643893054581,1.3182,107429.735180827
1.0164099502439348,1.3184,107429.735377598
0.8526348812830569,1.3186,107429.735612165
1.0640788244377726,1.3188,107429.735800121
0.8480649235664244,1.319,107429.736035952
1.0169473785805223,1.3192,107429.736232619
1.1660856002941782,1.3194,107429.736404133
0.8414462545498679,1.3195999999999999,107429.736641819
0.8516437206628524,1.3197999999999999,107429.736876659
0.582874559859932,1.32,107429.737219786
1.3442757416923279,1.3202,107429.737368565
0.6214229295050583,1.3204,107429.737690407
1.3363534412625686,1.3206,107429.737840068
1.045757118411856,1.3208,107429.738031317
0.9940654583200662,1.321,107429.738232511
0.7675185800886655,1.3212,107429.738493091
0.7943505976755674,1.3214000000000001,107429.738744869
1.5776851526687734,1.3216,107429.738871637
1.0292195550207925,1.3218,107429.739065959
0.6443631135314418,1.322,107429.739376343
1.8317703076886407,1.3222,107429.739485527
1.027231893700308,1.3224,107429.739680225
1.0833414992238242,1.3226,107429.739864839
0.7739189222082515,1.3228,107429.740123264
1.424044986570056,1.323,107429.740263709
1.1693171487398637,1.3232,107429.740434749
1.116507552340629,1.3234,107429.740613879
0.7640995535898101,1.3235999999999999,107429.740875625
1.1089055660317375,1.3237999999999999,107429.741055983
0.666362380222159,1.324,107429.74135612
1.1868379282230883,1.3242,107429.741524635
1.0418348977171321,1.3244,107429.741716604
1.333760133407936,1.3246,107429.741866556
0.8189773066476321,1.3248,107429.742110763
0.7985562283501523,1.325,107429.742361215
1.7798187103051675,1.3252,107429.742473586
1.0445172910357667,1.3254000000000001,107429.742665062
0.855362498852433,1.3256000000000001,107429.742898881
0.7925060639053113,1.3258,107429.743151245
1.1241765100775851,1.326,107429.743329153
1.121063673312387,1.3262,107429.743507555
0.9917437531681155,1.3264,107429.74370922
1.1393089659837325,1.3266,107429.743884765
0.9624871116292905,1.3268,107429.74409256
0.7782373722011702,1.327,107429.744349551
1.3081300029951386,1.3272,107429.744502441
1.0503263569498704,1.3274,107429.744692858
1.1440600445639493,1.3276,107429.744867674
1.068690092535899,1.3277999999999999,107429.745054819
0.5002075727000229,1.328,107429.745454653
1.1691940995400165,1.3282,107429.745625711
0.9283930441863122,1.3284,107429.745841137
0.8613375894495925,1.3286,107429.746073334
0.49355174075805247,1.3288,107429.74647856
0.7376426656109212,1.329,107429.746749694
0.520604206509416,1.3292,107429.747133863
0.5780814585064928,1.3294000000000001,107429.747479835
0.7292616417552633,1.3296000000000001,107429.747754085
0.587633820242732,1.3298,107429.748094433
0.5972948450940915,1.33,107429.748429276
0.4759513679272855,1.3302,107429.748849487
0.530950441255414,1.3304,107429.74922617
0.708385846606829,1.3306,107429.749508502
0.6262525075898375,1.3308,107429.749827862
0.5837865039119382,1.331,107429.750170453
0.7220712036346394,1.3312,107429.750447434
0.6428119151033975,1.3314,107429.750758567
0.6924368606131965,1.3316,107429.751047402
0.7097357988990071,1.3317999999999999,107429.751329197
0.7122760735095724,1.332,107429.751609987
0.6333884209962896,1.3322,107429.751925749
0.5530300615491449,1.3324,107429.752287393
0.7288443596381378,1.3326,107429.7525618
0.567391991058987,1.3328,107429.75291429
4.5082616055485385,1.333,107429.752958653
1.1330802636672859,1.3332,107429.753135163
0.5602068308498145,1.3334,107429.753492174
1.3048272374519547,1.3336000000000001,107429.753645451
0.8995879855129157,1.3338,107429.753867775
1.0528975777501135,1.334,107429.754057727
1.376737284811638,1.3342,107429.754202998
0.7795447437189414,1.3344,107429.754459558
0.760092124663274,1.3346,107429.754722684
1.3914398208526304,1.3348,107429.75486642
0.9721621227925998,1.335,107429.755072147
0.9349901607045954,1.3352,107429.755286053
0.9053255898246061,1.3354,107429.755506968
1.3822559533503656,1.3356,107429.755651659
1.005373739209632,1.3357999999999999,107429.75585059
1.0166579119218506,1.336,107429.756047313
1.069581652737134,1.3362,107429.756234302
1.0741196120071674,1.3364,107429.756420501
1.0629872991384963,1.3366,107429.75660865
0.7993541459657426,1.3368,107429.756858852
0.9259087702901805,1.337,107429.757074856
1.0316669788462736,1.3372,107429.757268717
0.7411140374289427,1.3374,107429.757538581
1.921857300619245,1.3376000000000001,107429.757642647
0.8345538623001441,1.3378,107429.757882296
0.8857866793141318,1.338,107429.758108084
1.0965333554597818,1.3382,107429.758290477
0.8808554660656556,1.3384,107429.758517529
0.6824284821123073,1.3386,107429.7588106
2.321774939370279,1.3388,107429.758896741
1.1641714813931037,1.339,107429.759068537
1.0149862522520354,1.3392,107429.759265584
1.0296434036355353,1.3394,107429.759459826
0.7847815261112566,1.3396,107429.759714674
1.1739638517512974,1.3397999999999999,107429.759885037
1.0031347723882529,1.34,107429.760084412
0.5405493078091675,1.3402,107429.760454406
1.070136800652683,1.3404,107429.760641298
0.8085741128884004,1.3406,107429.760888647
0.9712179343144203,1.3408,107429.761094574
1.0736295122876198,1.341,107429.761280858
0.5646415725945645,1.3412,107429.761635065
3.0163186952826617,1.3414,107429.761701371
0.6347836050927613,1.3416000000000001,107429.762016439
2.364820641544813,1.3418,107429.762101012
1.1333757154425586,1.342,107429.762277476
1.0071355442412049,1.3422,107429.762476059
0.8476228110947718,1.3424,107429.762712013
0.8318464115122081,1.3426,107429.762952442
0.7884445722628942,1.3428,107429.763206106
1.0130378273592087,1.343,107429.763403532
1.1382974279531906,1.3432,107429.763579233
0.8691910805794765,1.3434,107429.763809332
1.2391957561187998,1.3436,107429.763970727
0.9064498478399491,1.3437999999999999,107429.764191368
1.1461449655256155,1.3439999999999999,107429.764365866
0.7938681390930499,1.3442,107429.764617797
1.155755401074185,1.3444,107429.764790844
1.7590148401623218,1.3446,107429.764904544
1.063530024731942,1.3448,107429.765092597
0.7929679264531929,1.345,107429.765344814
0.8713647694345485,1.3452,107429.765574339
0.6133163373204176,1.3454,107429.765900435
0.9780046437936611,1.3456000000000001,107429.766104933
0.9713123118093498,1.3458,107429.76631084
1.1564437222860102,1.346,107429.766483784
0.8174676360408479,1.3462,107429.766728442
0.8476946955457317,1.3464,107429.766964376
0.8313692416443238,1.3466,107429.767204943
0.8400713764890988,1.3468,107429.767443018
0.7800160094736848,1.347,107429.767699423
0.8942343985000435,1.3472,107429.767923078
0.9914782536228827,1.3474,107429.768124797
0.9090454445621575,1.3476,107429.768344808
0.8426623469182496,1.3477999999999999,107429.768582151
0.8376998106444203,1.3479999999999999,107429.7688209
0.8524132022105695,1.3482,107429.769055528
0.8603408605301031,1.3484,107429.769287994
0.8649359475691828,1.3486,107429.769519225
0.9323487346748579,1.3488,107429.769733737
0.9209120762281988,1.349,107429.769950913
1.0556485034853784,1.3492,107429.77014037
0.8708791084116186,1.3494,107429.770370023
0.8640241860224632,1.3496000000000001,107429.770601498
0.97803818926624,1.3498,107429.770805989
0.8050427636652854,1.35,107429.771054423
0.6513173114814879,1.3502,107429.771361493
0.8855121117896995,1.3504,107429.771587351
0.910850512956986,1.3506,107429.771806926
0.9961200991372078,1.3508,107429.772007705
1.089099229248693,1.351,107429.772191343
0.8346200498831673,1.3512,107429.772430973
1.0338534946228142,1.3514,107429.772624424
0.8915914351817683,1.3516,107429.772848742
1.0654506204528453,1.3518,107429.773036456
1.106200779642345,1.3519999999999999,107429.773217255
0.7616088237361843,1.3522,107429.773479857
1.1845534695165192,1.3524,107429.773648697
0.5025681246518302,1.3526,107429.774046653
1.2243948043357382,1.3528,107429.774209999
0.8426729383984154,1.353,107429.774447339
1.4472408914370984,1.3532,107429.774585533
1.0258146419435161,1.3534,107429.7747805
0.8473642847176617,1.3536000000000001,107429.775016526
1.106727223659606,1.3538000000000001,107429.775197239
1.0353627859424992,1.354,107429.775390408
0.8583654039633929,1.3542,107429.775623409
0.814179782690923,1.3544,107429.775869055
1.0821046329452104,1.3546,107429.77605388
1.0172422804162855,1.3548,107429.77625049
0.9715623807106135,1.355,107429.776456344
1.1397115329666796,1.3552,107429.776631827
0.8140140447630873,1.3554,107429.776877523
0.96382293820676,1.3556,107429.77708503
1.126836788877558,1.3558,107429.777262518
0.6918093083992746,1.3559999999999999,107429.777551615
1.08618912710507,1.3562,107429.777735745
1.3207072744194317,1.3564,107429.777887179
0.7109872445102141,1.3566,107429.778168478
3.0367451048459446,1.3568,107429.778234338
0.9141227146723856,1.357,107429.778453127
0.9285654727891888,1.3572,107429.778668513
1.170946482567085,1.3574,107429.778839315
0.8277220677477656,1.3576,107429.779080942
1.0901321309226413,1.3578000000000001,107429.779264406
1.1055098589481656,1.358,107429.779445318
0.9381743160264306,1.3582,107429.779658498
0.8181096562912353,1.3584,107429.779902964
0.8319329172223765,1.3586,107429.780143368
1.1879800250492896,1.3588,107429.780311721
1.7466181378980372,1.359,107429.780426228
1.1649173572989515,1.3592,107429.780597914
1.072828997389681,1.3594,107429.780784337
0.9435564637919112,1.3596,107429.780996301
0.8664572300870288,1.3598,107429.781227126
1.0234000556826863,1.3599999999999999,107429.781422553
0.6771099593373132,1.3602,107429.781717926
0.873301411195581,1.3604,107429.781946942
1.1954358901045168,1.3606,107429.782114245
1.0753555293911743,1.3608,107429.78230023
0.8806111418147446,1.361,107429.782527345
0.8333992979720778,1.3612,107429.782767326
1.082134027004464,1.3614,107429.782952146
0.9281215785857333,1.3616,107429.783167635
1.2201669048348456,1.3618000000000001,107429.783331547
0.8458090407359781,1.362,107429.783568007
0.8288884383414534,1.3622,107429.783809294
0.704505633201992,1.3624,107429.784093181
1.0635073932432477,1.3626,107429.784281238
1.0809992985877048,1.3628,107429.784466252
0.8396939851266291,1.363,107429.784704434
0.834766348504636,1.3632,107429.784944022
1.0895442157991366,1.3634,107429.785127585
0.8525658057343853,1.3636,107429.785362171
0.8507090418728868,1.3638,107429.785597269
0.8569200874907161,1.3639999999999999,107429.785830663
0.6873277309102318,1.3642,107429.786121645
1.7760254314716954,1.3644,107429.786234256
1.0384862698510562,1.3646,107429.786426844
0.859553297006662,1.3648,107429.786659523
0.852286021478744,1.365,107429.786894186
0.9269172608899773,1.3652,107429.787109955
1.2406100832470226,1.3654,107429.787271166
1.1079903242942826,1.3656,107429.787451673
0.8138119907804623,1.3658000000000001,107429.78769743
0.8818381375312557,1.366,107429.787924229
0.9049200164313292,1.3662,107429.788145243
1.2537533841015933,1.3664,107429.788304764
0.8272325380287294,1.3666,107429.788546534
0.834285773170302,1.3668,107429.78878626
1.1440076687718392,1.367,107429.788961084
1.0876777805378495,1.3672,107429.789144962
0.9997700123887233,1.3674,107429.789345008
1.223803020636561,1.3676,107429.789508433
0.8586528423505054,1.3678,107429.789741356
0.8447551117906736,1.3679999999999999,107429.789978111
0.500243876104756,1.3682,107429.790377916
1.2959327304709527,1.3684,107429.790532245
1.0113779671426586,1.3686,107429.790729995
1.5267291663809197,1.3688,107429.790860994
0.7870173753960877,1.369,107429.791115118
1.1040208907018616,1.3692,107429.791296274
1.01008567252665,1.3694,107429.791494277
0.9488881580147268,1.3696,107429.79170505
0.9367110903930185,1.3698000000000001,107429.791918563
1.1941724347382476,1.37,107429.792086043
0.940180964815969,1.3702,107429.792298768
0.6707155544727507,1.3704,107429.792596957
0.9683823535209066,1.3706,107429.792803487
1.084939929771904,1.3708,107429.792987829
1.1474008340758006,1.371,107429.793162136
1.1095270174952436,1.3712,107429.793342393
0.8616678068010262,1.3714,107429.793574501
1.1404979299853484,1.3716,107429.793749863
0.8455444407120497,1.3718,107429.793986397
0.9382623164386452,1.3719999999999999,107429.794199557
0.8853239906719795,1.3721999999999999,107429.794425463
1.2464864393426316,1.3724,107429.794585914
0.8545365171775015,1.3726,107429.794819959
0.8101594286822605,1.3728,107429.795066824
1.0108054444465722,1.373,107429.795264686
1.1003763475248178,1.3732,107429.795446442
1.0547354904617607,1.3734,107429.795636063
0.9111700760026965,1.3736,107429.795855561
1.218821044795273,1.3738000000000001,107429.796019654
0.8165498123655057,1.374,107429.796264587
0.974079765946814,1.3742,107429.796469909
1.2284710109559003,1.3744,107429.796632713
0.8975009037570197,1.3746,107429.796855554
1.0116593708127488,1.3748,107429.797053249
0.7385306216986982,1.375,107429.797324057
1.2476216891748464,1.3752,107429.797484362
0.8829320651837068,1.3754,107429.79771088
0.9729187826217491,1.3756,107429.797916447
1.141539457681445,1.3758,107429.798091649
0.8578573343926691,1.376,107429.798324788
0.8376507464192039,1.3761999999999999,107429.798563551
1.146282904776205,1.3764,107429.798738028
0.8591434334255027,1.3766,107429.798970818
1.0963109261009087,1.3768,107429.799153248
1.0933920437142555,1.377,107429.799336165
0.8422258479878919,1.3772,107429.799573631
0.8751547784011179,1.3774,107429.799802162
0.44229489165457736,1.3776,107429.800254349
0.39171215103006046,1.3778000000000001,107429.800764928
1.1207056052748001,1.3780000000000001,107429.800943387
0.5491578688340382,1.3782,107429.801307581
0.6984118199172513,1.3784,107429.801593945
0.7063817921510479,1.3786,107429.801877078
0.6267863522981347,1.3788,107429.802196166
0.4977179670093653,1.379,107429.802598
0.8805297305143666,1.3792,107429.802825136
0.608983719096787,1.3794,107429.803153552
1.177565068136631,1.3796,107429.803323394
1.0797561501119546,1.3798,107429.803508621
0.9223858692951342,1.38,107429.80372545
0.6684670610249552,1.3801999999999999,107429.804024642
0.9249410010620176,1.3804,107429.804240872
0.9771732848571745,1.3806,107429.804445544
0.9748963932175299,1.3808,107429.804650694
0.9628994582947643,1.381,107429.8048584
1.0087255236655597,1.3812,107429.80505667
1.158459906454197,1.3814,107429.805229313
1.0345915851772916,1.3816,107429.805422626
1.043002978029798,1.3818,107429.80561438
1.1058950308383033,1.3820000000000001,107429.805795229
1.068278995744689,1.3822,107429.805982446
1.0266255655165981,1.3824,107429.806177259
0.766268846512878,1.3826,107429.806438264
1.735252463505129,1.3828,107429.806553521
1.0388531580914258,1.383,107429.806746041
1.0293201460320498,1.3832,107429.806940344
1.0144817447032886,1.3834,107429.807137489
0.9945746169077299,1.3836,107429.80733858
1.1097547529257639,1.3838,107429.8075188
0.96785739340854,1.384,107429.807725442
0.8282122270942489,1.3841999999999999,107429.807966926
1.0146876376685385,1.3844,107429.808164031
0.8414816475948244,1.3846,107429.808401707
1.0113627103077576,1.3848,107429.80859946
0.6081578172348161,1.385,107429.808928322
1.586923867971465,1.3852,107429.809054352
1.0859413570766152,1.3854,107429.809238524
1.7027509160468877,1.3856,107429.809355981
1.0574680516032402,1.3858,107429.809545112
1.0069884790536336,1.3860000000000001,107429.809743724
1.076623305343198,1.3862,107429.80992949
1.048745707461854,1.3864,107429.810120194
1.0315552440316589,1.3866,107429.810314076
1.003940507247907,1.3868,107429.810513291
1.029314904022506,1.387,107429.810707595
0.9752006202617272,1.3872,107429.810912681
1.0340620361590778,1.3874,107429.811106093
1.0574456773692427,1.3876,107429.811295228
0.7863366415639571,1.3878,107429.811549572
1.059686816922094,1.388,107429.811738307
1.0470382584170501,1.3881999999999999,107429.811929322
0.8840130165999243,1.3884,107429.812155563
1.0322954054166393,1.3886,107429.812349306
1.0372744159795277,1.3888,107429.812542119
0.3777141187253911,1.389,107429.81307162
0.6545038075324364,1.3892,107429.813377195
1.6504917103949208,1.3894,107429.813498371
1.7108200792353838,1.3896,107429.813615274
1.7567745235075178,1.3898,107429.813729119
1.3566956457786934,1.3900000000000001,107429.813876536
0.8130345952994533,1.3902,107429.814122528
0.8577763817362694,1.3904,107429.814355689
0.9709633095574903,1.3906,107429.81456167
1.064056251966358,1.3908,107429.81474963
0.5960221268480604,1.391,107429.815085188
1.3229175894416132,1.3912,107429.815236369
1.1262276394459716,1.3914,107429.815413953
1.389786422581055,1.3916,107429.81555786
1.1635618935317933,1.3918,107429.815729746
1.059389333184605,1.392,107429.815918534
0.99992501576207,1.3921999999999999,107429.816118549
0.6635061705343445,1.3924,107429.816419978
1.606683891795666,1.3926,107429.816544458
1.0636203956953758,1.3928,107429.816732495
0.9774741380377303,1.393,107429.816937104
1.0916970853672863,1.3932,107429.817120305
1.0320875757606025,1.3934,107429.817314087
0.824164523968414,1.3936,107429.817556757
1.0710709245591783,1.3938,107429.817743486
1.0589406465730746,1.3940000000000001,107429.817932354
0.9810750682470171,1.3942,107429.818136212
1.0878965479758975,1.3944,107429.818320053
1.0468190288835204,1.3946,107429.818511108
0.8261185367227024,1.3948,107429.818753204
0.8363022276633825,1.395,107429.818992352
0.8265419251127399,1.3952,107429.819234324
0.7518344482947952,1.3954,107429.81950034
0.9852848018947726,1.3956,107429.819703327
1.0586603798110517,1.3958,107429.819892245
0.9934284142927629,1.396,107429.820093568
0.7329443863652367,1.3961999999999999,107429.82036644
1.0877073059917495,1.3963999999999999,107429.820550313
0.7549847747906634,1.3966,107429.820815219
0.8427972661125335,1.3968,107429.821052524
1.624563356526463,1.397,107429.821175634
0.8265863160912326,1.3972,107429.821417593
0.8496501748459402,1.3974,107429.821652984
0.7516056011011284,1.3976,107429.821919081
1.482502832805596,1.3978,107429.822053988
1.0220820445138372,1.3980000000000001,107429.822249667
0.8124763928231781,1.3982,107429.822495828
0.8568613204654247,1.3984,107429.822729238
0.7762890326818526,1.3986,107429.822986874
1.0603105063344072,1.3988,107429.823175498
1.0399929163713781,1.399,107429.823367807
1.0075413953336554,1.3992,107429.82356631
0.755606636634143,1.3994,107429.823830998
0.9417968891821624,1.3996,107429.824043358
1.0193420852645272,1.3998,107429.824239563
0.863326711798098,1.4,107429.824471225
0.8383705394933838,1.4002,107429.824709783
0.5326104032655066,1.4003999999999999,107429.825085292
0.7216829869508885,1.4006,107429.825362422
0.6756574103353897,1.4008,107429.82565843
1.8001151468450773,1.401,107429.825769534
3.4660845800678155,1.4012,107429.825827236
1.025793587114078,1.4014,107429.826022207
1.581877984208779,1.4016,107429.826148639
0.8364770650044816,1.4018,107429.826387737
0.6743293059651095,1.4020000000000001,107429.826684328
1.2259935580611463,1.4022000000000001,107429.826847461
0.7876000272085382,1.4024,107429.827101397
1.3198705651928242,1.4026,107429.827252927
1.031869293598742,1.4028,107429.82744675
1.085458157591219,1.403,107429.827631004
1.0289494825827403,1.4032,107429.827825377
1.0423887256123237,1.4034,107429.828017244
0.7692751573445815,1.4036,107429.828277229
1.1618247505551962,1.4038,107429.828449372
1.0191861433528029,1.404,107429.828645607
0.7678192001735923,1.4042,107429.828906085
0.9664543657783727,1.4043999999999999,107429.829113027
1.1040878511023486,1.4046,107429.829294172
1.0624621284097366,1.4048,107429.829482414
1.037737364009122,1.405,107429.829675141
1.0526481530608702,1.4052,107429.829865138
0.892594162270132,1.4054,107429.830089204
1.0631850608364388,1.4056,107429.830277318
1.0511323771656338,1.4058,107429.830467589
1.037941910094526,1.4060000000000001,107429.830660278
1.048542321081643,1.4062000000000001,107429.830851019
1.0104326901577259,1.4064,107429.831048954
0.8020789870103233,1.4066,107429.831298306
1.40758835051987,1.4068,107429.831440393
1.0531526082314102,1.407,107429.831630299
1.034998436435482,1.4072,107429.831823536
1.0370862534391652,1.4074,107429.832016384
1.0683646113653038,1.4076,107429.832203586
0.9589290937701149,1.4078,107429.832412152
1.0298820442773586,1.408,107429.832606349
1.0274323957342157,1.4082,107429.832801009
0.9681620164408804,1.4083999999999999,107429.833007586
1.0519228887514762,1.4086,107429.833197714
1.0548913280348244,1.4088,107429.833387307
1.044293720117919,1.409,107429.833578824
0.8298892434327199,1.4092,107429.83381982
0.6849362244067543,1.4094,107429.834111818
1.089781621546067,1.4096,107429.834295341
0.7709387179937809,1.4098,107429.834554765
0.8360644440751716,1.41,107429.834793981
1.0225471995886675,1.4102000000000001,107429.834989571
0.9162711126597702,1.4104,107429.835207847
1.0382814307420434,1.4106,107429.835400473
0.7996609646285505,1.4108,107429.835650579
1.094145761896218,1.411,107429.83583337
0.912733556688131,1.4112,107429.836052492
1.0010511224035028,1.4114,107429.836252282
0.8405020978587268,1.4116,107429.836490235
1.0724147944741258,1.4118,107429.83667673
0.8190880524095482,1.412,107429.836920904
0.8228996408766825,1.4122,107429.837163947
0.7873860610178708,1.4123999999999999,107429.837417952
1.1671471516105245,1.4126,107429.83758931
0.8327400286407122,1.4128,107429.837829481
0.853752220955943,1.413,107429.838063741
1.0777139577016388,1.4132,107429.838249319
0.8453121351249171,1.4134,107429.838485918
0.8372825142838954,1.4136,107429.838724786
1.0583690140705075,1.4138,107429.838913756
1.0437813840961323,1.414,107429.839105367
0.7244277073577434,1.4142000000000001,107429.839381447
1.2665763984996785,1.4144,107429.839539353
0.8354742329370527,1.4146,107429.839778738
1.0402255141317034,1.4148,107429.839971004
1.0807947698066929,1.415,107429.840156053
0.8275028884970795,1.4152,107429.840397744
1.1107038797752882,1.4154,107429.84057781
0.837594592549452,1.4156,107429.840816589
0.8102545705065967,1.4158,107429.841063425
0.9020427148567374,1.416,107429.841285144
1.0466108099787979,1.4162,107429.841476237
1.0280133025813463,1.4163999999999999,107429.841670787
0.8844626672836252,1.4166,107429.841896913
1.1188372589970446,1.4168,107429.84207567
0.8342127522868484,1.417,107429.842315417
0.7328476979133617,1.4172,107429.842588325
0.9952179606347522,1.4174,107429.842789286
0.831652720091996,1.4176,107429.843029771
1.0241074941930401,1.4178,107429.843225063
1.062467795609022,1.418,107429.843413304
0.9933742034001024,1.4182000000000001,107429.843614638
1.128948462190164,1.4184,107429.843791794
0.6652740216115256,1.4186,107429.844092422
1.1672289275907866,1.4188,107429.844263768
0.8386798982201036,1.419,107429.844502238
0.9621258991086328,1.4192,107429.844710111
1.0623832045705772,1.4194,107429.844898367
1.0775223279236883,1.4196,107429.845083978
0.8373911744000115,1.4198,107429.845322815
0.7513007018241968,1.42,107429.84558902
0.7295702115657445,1.4202,107429.845863154
0.9108587830212672,1.4203999999999999,107429.846082727
0.5785446833068209,1.4205999999999999,107429.846428422
0.4211803137159512,1.4208,107429.846903278
0.5725114255180035,1.421,107429.847252616
0.8372614997133458,1.4212,107429.84749149
1.622704930302319,1.4214,107429.847614741
1.2300500496712103,1.4216,107429.847777336
0.6795001753245664,1.4218,107429.84807167
1.439180279561483,1.422,107429.848210638
1.04803124316056,1.4222000000000001,107429.848401472
1.1229709398987395,1.4224,107429.848579571
0.8645097337151668,1.4226,107429.848810916
0.8142626046043326,1.4228,107429.849056537
0.868787078741792,1.423,107429.849286743
1.062896953520988,1.4232,107429.849474908
0.8415312646919157,1.4234,107429.84971257
1.1132262185561002,1.4236,107429.849892228
1.0810752302571291,1.4238,107429.850077229
0.8068647989928254,1.424,107429.850325102
1.032226093723635,1.4242,107429.850518858
0.8468655505791581,1.4243999999999999,107429.850755023
0.8568943358565368,1.4245999999999999,107429.850988424
1.020923850060157,1.4248,107429.851184325
1.090673161490571,1.425,107429.851367698
0.8183406485112319,1.4252,107429.851612095
0.6592283557839208,1.4254,107429.85191548
0.8209102525267036,1.4256,107429.852159112
0.9109832143037707,1.4258,107429.852378655
0.8343763327690132,1.426,107429.852618355
1.2370649355318777,1.4262000000000001,107429.852780028
0.833934458417122,1.4264000000000001,107429.853019855
1.0834059745752767,1.4266,107429.853204458
1.09298580302093,1.4268,107429.853387443
0.7956018896382534,1.427,107429.853638825
0.7610958416681819,1.4272,107429.853901604
0.9103488553851404,1.4274,107429.8541213
1.1020619755171417,1.4276,107429.854302778
0.838205389279567,1.4278,107429.854541383
0.9877323304917237,1.428,107429.854743867
1.1015157696277704,1.4282,107429.854925435
1.0611655203200758,1.4284,107429.855113907
0.9382799953685376,1.4285999999999999,107429.855327063
0.7421205168410774,1.4288,107429.855596561
0.8826748531699589,1.429,107429.855823145
0.8877525928366067,1.4292,107429.856048433
1.0376349645177694,1.4294,107429.856241179
0.878148176058708,1.4296,107429.856468931
0.8913410619710815,1.4298,107429.856693312
0.9485461126876729,1.43,107429.856904161
0.937738848195869,1.4302000000000001,107429.85711744
0.7453536303753487,1.4304000000000001,107429.857385769
0.9042940706701253,1.4306,107429.857606936
1.0232376895020616,1.4308,107429.857802394
0.8941385239041393,1.431,107429.858026073
1.1708573023152453,1.4312,107429.858196888
1.1093607991977483,1.4314,107429.858377172
0.8406469695741762,1.4316,107429.858615084
0.8541678910847155,1.4318,107429.85884923
0.8169968104662039,1.432,107429.859094029
1.1856489275073756,1.4322,107429.859262713
1.0521165545797646,1.4324,107429.859452806
0.9051207310248026,1.4325999999999999,107429.859673771
1.3185914898023043,1.4328,107429.859825448
1.0175268820225074,1.433,107429.860022003
1.1551412917491477,1.4332,107429.860195142
1.014584643291018,1.4334,107429.860392267
0.8511580176734601,1.4336,107429.860627241
1.0540683788504666,1.4338,107429.860816982
0.7909358969426669,1.434,107429.861069847
0.8186890396037576,1.4342,107429.86131414
1.1717560102370637,1.4344000000000001,107429.861484824
0.8850771246004427,1.4346,107429.861710793
0.4840247665638078,1.4348,107429.862123995
0.9883278304347953,1.435,107429.862326357
1.0170250390450966,1.4352,107429.862523009
1.6011270588803683,1.4354,107429.862647921
0.4885830470842609,1.4356,107429.863057268
1.5278488079818797,1.4358,107429.863188171
0.9126294324568057,1.436,107429.863407318
1.3330933682851225,1.4362,107429.863557345
1.1173871402914046,1.4364,107429.863736334
0.8548981231719827,1.4365999999999999,107429.86397028
0.7062645820267628,1.4368,107429.86425346
0.84264808758987,1.437,107429.864490807
1.0731686010525852,1.4372,107429.864677171
0.9896433971149693,1.4374,107429.864879264
1.0321142377727615,1.4376,107429.865073041
0.7457288519881625,1.4378,107429.865341235
1.1051982707502666,1.438,107429.865522198
1.0891347871775658,1.4382,107429.86570583
1.0403553575767155,1.4384000000000001,107429.865898072
1.046747753210772,1.4386,107429.86608914
0.9007548760314529,1.4388,107429.866311176
0.8526275818064667,1.439,107429.866545745
0.8532313744205995,1.4392,107429.866780148
1.0145331913880422,1.4394,107429.866977283
1.0150378250845855,1.4396,107429.86717432
1.1679308878771426,1.4398,107429.867345563
0.7886311022086364,1.44,107429.867599167
1.0272794204257119,1.4402,107429.867793856
0.7295063547896292,1.4404,107429.868068014
0.48735793490284135,1.4405999999999999,107429.86847839
0.8719612118458548,1.4408,107429.868707758
1.1533493285573102,1.441,107429.868881166
0.9819276039496942,1.4412,107429.869084847
1.0719606943087443,1.4414,107429.869271421
1.1082849890749948,1.4416,107429.86945188
1.1304416880194466,1.4418,107429.869628802
0.8095134187235027,1.442,107429.869875864
0.8759980597870989,1.4422,107429.870104175
0.48763837064863513,1.4424000000000001,107429.870514315
1.5412120189883707,1.4426,107429.870644083
1.6500016924169438,1.4428,107429.870765295
0.7772785974673717,1.443,107429.871022603
1.401286386129778,1.4432,107429.871165329
0.7577508427009131,1.4434,107429.871429268
1.4424914303872922,1.4436,107429.871567917
1.1338575330819716,1.4438,107429.871744306
1.062625844472613,1.444,107429.871932519
0.8242562114870481,1.4442,107429.872175162
0.6164468015321083,1.4444,107429.872499602
1.0309703284869072,1.4445999999999999,107429.872693594
1.9196070903091629,1.4447999999999999,107429.872797782
1.349837343284375,1.445,107429.872945948
1.0248841550836987,1.4452,107429.873141092
0.8851476925767001,1.4454,107429.873367043
0.906955415595719,1.4456,107429.873587561
1.27061568355128,1.4458,107429.873744965
0.9476876663550311,1.446,107429.873956005
0.7841261706041096,1.4462,107429.874211066
0.7551158940422004,1.4464000000000001,107429.874475926
0.9513345051042202,1.4466,107429.874686157
1.0298820442773586,1.4468,107429.874880354
0.8743857080108748,1.447,107429.875109086
1.0292142369628428,1.4472,107429.875303409
1.1145042058337642,1.4474,107429.875482861
0.993181820442899,1.4476,107429.875684234
0.8243546932553362,1.4478,107429.875926848
1.3458588084259087,1.448,107429.876075452
0.7646896814122123,1.4482,107429.876336996
0.9140058124135415,1.4484,107429.876555813
1.352777160963153,1.4485999999999999,107429.876703657
1.0033512469492594,1.4487999999999999,107429.876902989
0.9422095865491802,1.449,107429.877115256
0.9032974318855043,1.4492,107429.877336667
0.9750628022271448,1.4494,107429.877541782
1.1888203797748218,1.4496,107429.877710016
0.8673440306913944,1.4498,107429.877940605
1.048558800282015,1.45,107429.878131343
0.6519478583462904,1.4502,107429.878438116
0.7372510543598452,1.4504000000000001,107429.878709394
0.7748874643970488,1.4506000000000001,107429.878967496
0.9490682188855301,1.4508,107429.879178229
0.888000896484467,1.451,107429.879403454
1.09341605196936,1.4512,107429.879586367
0.6852717919210252,1.4514,107429.879878222
1.9731650024705647,1.4516,107429.879979582
1.0569986353045837,1.4518,107429.880168797
1.0037036205976162,1.452,107429.880368059
1.1149018217149782,1.4522,107429.880547447
0.9650366976674769,1.4524,107429.880754693
0.7804025342378943,1.4526,107429.881010971
1.0736352992475344,1.4527999999999999,107429.881197254
0.8434405731765903,1.453,107429.881434378
1.1069539002379587,1.4532,107429.881615054
1.011777040981514,1.4534,107429.881812726
0.8985412353871355,1.4536,107429.882035309
0.9994253367594904,1.4538,107429.882235424
0.8388135450620358,1.454,107429.882473856
0.8287544870425617,1.4542,107429.882715182
0.8700456490811368,1.4544000000000001,107429.882945055
0.9622184503991296,1.4546000000000001,107429.883152908
0.8795693908800225,1.4548,107429.883380292
0.8489973117885747,1.455,107429.883615864
0.8352648888101964,1.4552,107429.883855309
0.8286823811944155,1.4554,107429.884096656
1.0271000089601772,1.4556,107429.884291379
0.6071258291201872,1.4558,107429.8846208
1.062687959701558,1.456,107429.884809002
0.942991486747348,1.4562,107429.885021093
1.3036448977809494,1.4564,107429.885174509
0.8765778855139035,1.4566,107429.885402669
0.8805219456068858,1.4567999999999999,107429.885629807
0.8413648669957392,1.457,107429.885867516
0.9584143969665289,1.4572,107429.886076194
0.8720220684172308,1.4574,107429.886305546
0.7746893438932431,1.4576,107429.886563714
0.8080155082778119,1.4578,107429.886811234
1.150013504829105,1.458,107429.886985145
1.0292142369628428,1.4582,107429.887179468
1.2721675633675975,1.4584,107429.88733668
0.616680580548064,1.4586000000000001,107429.887660997
1.5904572931884637,1.4588,107429.887786747
0.7987029200123785,1.459,107429.888037153
0.8742633983570725,1.4592,107429.888265917
0.9071899673952022,1.4594,107429.888486378
0.5406895956311478,1.4596,107429.888856276
0.9565487582726707,1.4598,107429.889065361
2.597874759556484,1.46,107429.889142347
1.167140411797047,1.4602,107429.889313706
0.6425186467959882,1.4604,107429.889624981
0.8387221221294945,1.4606,107429.889863439
0.958648707062826,1.4607999999999999,107429.890072066
1.0345755420696023,1.461,107429.890265382
1.1200967661440746,1.4612,107429.890443938
0.8756605634494616,1.4614,107429.890672337
0.845987928157602,1.4616,107429.890908747
1.1118090362189668,1.4618,107429.891088634
1.073612235648001,1.462,107429.891274921
0.8416587605744589,1.4622,107429.891512547
0.8855513089976143,1.4624,107429.891738395
0.8401349499786874,1.4626000000000001,107429.891976452
1.0884234660943282,1.4628,107429.892160204
0.8944583993106738,1.463,107429.892383803
0.8487055041230201,1.4632,107429.892619456
0.48217519880839255,1.4634,107429.893034243
1.300322391127776,1.4636,107429.893188051
0.8998794246148155,1.4638,107429.893410303
1.1498283942678549,1.464,107429.893584242
1.1012973152947905,1.4642,107429.893765846
1.0063703602340155,1.4644,107429.89396458
1.0430682824227908,1.4646,107429.894156322
1.0530527919672,1.4647999999999999,107429.894346246
0.8624332743154663,1.465,107429.894578148
0.9326922346807314,1.4652,107429.894792581
0.506828251627189,1.4654,107429.895187192
2.1449562862256344,1.4656,107429.895280434
1.2585818783340665,1.4658,107429.895439343
1.1382003318394742,1.466,107429.895615059
0.8461131318754364,1.4662,107429.895851434
1.060158706226157,1.4664,107429.896040085
1.1115928636564636,1.4666000000000001,107429.896220007
1.1044780680357311,1.4668,107429.896401088
0.653861870019153,1.467,107429.896706963
0.9172965406697028,1.4672,107429.896924995
1.0666154991958792,1.4674,107429.897112504
1.1845323364706344,1.4676,107429.897281347
0.838240561332608,1.4678,107429.897519942
0.8707843142064174,1.468,107429.89774962
1.101964777685371,1.4682,107429.897931114
1.0178738307635962,1.4684,107429.898127602
0.8641847248652617,1.4686,107429.898359034
0.8710991237222738,1.4687999999999999,107429.898588629
0.8122751013740217,1.4689999999999999,107429.898834851
1.0400092066345998,1.4692,107429.899027157
1.1331829348472966,1.4694,107429.899203651
0.8453978762291232,1.4696,107429.899440226
1.1234882144582758,1.4698,107429.899618243
0.8202671598491975,1.47,107429.899862066
0.9696922542206513,1.4702,107429.900068317
0.6694291878023504,1.4704,107429.900367079
0.9307736781385133,1.4706000000000001,107429.900581954
1.073427846354823,1.4708,107429.900768273
0.4586861394565491,1.471,107429.901204301
2.378488797914045,1.4712,107429.901288388
2.519875587015664,1.4714,107429.901367757
0.7613160402489366,1.4716,107429.90163046
0.9759429610961552,1.4718,107429.90183539
0.9122298233456209,1.472,107429.902054633
1.0553699764304916,1.4722,107429.90224414
1.148844288217543,1.4724,107429.902418228
0.8500546037572704,1.4726,107429.902653507
1.0832827522084931,1.4727999999999999,107429.902838131
0.6267902683866903,1.4729999999999999,107429.903157217
1.2977911742553574,1.4732,107429.903311325
0.9898687021932043,1.4734,107429.903513372
1.0305613053074976,1.4736,107429.903707441
1.1690710762347907,1.4738,107429.903878517
0.8800764045325616,1.474,107429.90410577
0.8517270562850912,1.4742,107429.904340587
0.8988683255263927,1.4744,107429.904563089
0.7397270377411536,1.4746000000000001,107429.904833459
1.309046140341643,1.4748,107429.904986242
1.1884812381881444,1.475,107429.905154524
0.9431337839831474,1.4752,107429.905366583
0.8735607952284865,1.4754,107429.905595531
0.8879930362827444,1.4756,107429.905820758
1.0641127673288946,1.4758,107429.906008708
0.8546131926940764,1.476,107429.906242732
1.1222400411010878,1.4762,107429.906420947
1.0088017853225333,1.4764,107429.906619202
0.9353574439610516,1.4766,107429.906833024
0.807669637754617,1.4768,107429.90708065
0.9506832982541497,1.4769999999999999,107429.907291025
0.8858572462929257,1.4772,107429.907516795
0.7885938163077948,1.4774,107429.907770411
1.233517074136833,1.4776,107429.907932549
1.1140634352419343,1.4778,107429.908112072
1.0890813648548998,1.478,107429.908295713
0.8579750963839412,1.4782,107429.90852882
0.9888018166924519,1.4784,107429.908731085
1.1871832082102969,1.4786000000000001,107429.908899551
1.0396469278894134,1.4788000000000001,107429.909091924
1.2019519753561663,1.479,107429.90925832
0.8304130301399499,1.4792,107429.909499164
0.9814794578083439,1.4794,107429.909702938
0.777200095386345,1.4796,107429.909960272
0.9606331942812594,1.4798,107429.910168468
1.2929752776050054,1.48,107429.91032315
0.9189107473192485,1.4802,107429.910540799
1.0334048050680595,1.4804,107429.910734334
1.1741981446433198,1.4806,107429.910904663
0.8588962428814143,1.4808,107429.91113752
0.788046924423264,1.4809999999999999,107429.911391312
2.0394425838102794,1.4812,107429.911489378
0.6982898955096776,1.4814,107429.911775792
1.482349013363082,1.4816,107429.911910713
1.0844927907744253,1.4818,107429.912095131
0.6421391088915072,1.482,107429.91240659
2.0390477270762624,1.4822,107429.912504675
0.7413090691850126,1.4824,107429.912774468
1.002722367248148,1.4826,107429.912973925
1.658567494003425,1.4828000000000001,107429.913094511
0.9853284556334624,1.483,107429.913297489
1.4243289283054146,1.4832,107429.913437906
1.0597654223451425,1.4834,107429.913626627
0.8535555103904274,1.4836,107429.913860941
1.052365727378577,1.4838,107429.914050989
1.0316989628432776,1.484,107429.914244844
0.8831737632676911,1.4842,107429.9144713
0.8525367190744501,1.4844,107429.914705894
0.977273479181121,1.4846,107429.914910545
0.9939271447589894,1.4848,107429.915111767
1.1585739676123243,1.4849999999999999,107429.915284393
1.1144482658386201,1.4852,107429.915463854
1.023782516903154,1.4854,107429.915659208
0.8940385406920399,1.4856,107429.915882912
0.8467041830116289,1.4858,107429.916119122
0.857199180590084,1.486,107429.91635244
0.8449193212215722,1.4862,107429.916589149
0.791912984971083,1.4864,107429.916841702
1.2009342741421158,1.4866,107429.917008239
0.8596752353922273,1.4868000000000001,107429.917240885
1.0228085929970334,1.487,107429.917436425
1.189506244453226,1.4872,107429.917604562
0.8855395551765436,1.4874,107429.917830413
0.8357395799585208,1.4876,107429.918069722
1.0895560490797436,1.4878,107429.918253283
0.807669637754617,1.488,107429.918500909
0.8936510335843746,1.4882,107429.91872471
0.8977184522911973,1.4884,107429.918947497
0.7066688289470747,1.4886,107429.919230515
1.074390823206525,1.4888,107429.919416667
0.758690832522608,1.4889999999999999,107429.919680279
1.2197427433641146,1.4892,107429.919844248
0.8675660419288371,1.4894,107429.920074778
0.8884624251484414,1.4896,107429.920299886
0.8569861298755712,1.4898,107429.920533262
0.828953730302005,1.49,107429.92077453
1.065598156587871,1.4902,107429.920962218
0.6960007780034575,1.4904,107429.921249574
0.9395714599440004,1.4906,107429.921462437
0.6659275067275832,1.4908000000000001,107429.92176277
0.9687481433852964,1.491,107429.921969222
1.1811605306151842,1.4912,107429.922138547
1.0290924761789175,1.4914,107429.922332893
0.8586896977193372,1.4916,107429.922565806
1.0737966882994245,1.4918,107429.922752061
0.8616715343285987,1.492,107429.922984168
1.0805437625677643,1.4922,107429.92316926
0.9833760210687975,1.4924,107429.923372641
1.3310174009962066,1.4926,107429.923522902
0.7758523459550195,1.4928,107429.923780683
1.2748029482452856,1.4929999999999999,107429.92393757
1.1114198243430407,1.4932,107429.92411752
1.0439285300911414,1.4934,107429.924309104
0.8845877906130829,1.4936,107429.924535198
0.7944894561242681,1.4938,107429.924786932
0.9183031592233468,1.494,107429.925004725
0.8719459990289812,1.4942,107429.925234097
0.5277295437373392,1.4944,107429.925613079
1.5773367832710232,1.4946,107429.925739875
1.1371066477655234,1.4948000000000001,107429.92591576
1.1037284000537162,1.495,107429.926096964
1.3226550719693329,1.4952,107429.926248175
1.107769383871007,1.4954,107429.926428718
0.9188305163425913,1.4956,107429.926646386
0.8414391969042397,1.4958,107429.926884074
1.0439175878513383,1.496,107429.92707566
1.2130990403697868,1.4962,107429.927240527
0.5874992069383606,1.4964,107429.927580953
1.0287377617297122,1.4966,107429.927775366
1.851269032386475,1.4968,107429.9278834
0.8469121514948129,1.4969999999999999,107429.928119552
1.1511453788748212,1.4971999999999999,107429.928293292
1.0244537532244558,1.4974,107429.928488518
0.8609334112170685,1.4976,107429.928720824
1.1121367824723907,1.4978,107429.928900658
0.9851391761380105,1.498,107429.929103675
0.906363529405303,1.4982,107429.929324337
0.6551641835258554,1.4984,107429.929629604
1.5900526717286143,1.4986,107429.929755386
1.1104571821299178,1.4988000000000001,107429.929935492
1.0662912802868896,1.499,107429.930123058
1.009942865280465,1.4992,107429.930321089
1.1250619650111977,1.4994,107429.930498857
0.7974036462115459,1.4996,107429.930749671
0.9241204431265555,1.4998,107429.930966093
0.9757573392290867,1.5,107429.931171062
0.7058707304394272,1.5002,107429.9314544
0.5722673462864416,1.5004,107429.931803887
2.0122748156996826,1.5006,107429.931903277
1.3587972009591227,1.5008,107429.932050466
1.4366473666785469,1.501,107429.932189679
0.8793953769837165,1.5011999999999999,107429.932417108
1.1814186249346803,1.5013999999999998,107429.932586396
0.8698488466132752,1.5016,107429.932816321
1.1113271693340652,1.5018,107429.932996286
0.7923208482969865,1.502,107429.933248709
1.0303967362923343,1.5022,107429.933442809
0.8649994749291415,1.5024,107429.933674023
0.9275620957889106,1.5026000000000002,107429.933889642
0.8797937633002917,1.5028000000000001,107429.934116968
0.8502171984460953,1.5030000000000001,107429.934352202
0.8741946663414163,1.5032,107429.934580984
0.8547008842650997,1.5034,107429.934814984
0.8912020008103156,1.5036,107429.9350394
0.8660258052449457,1.5038,107429.93527034
0.7914523501458437,1.504,107429.93552304
1.1927124702056946,1.5042,107429.935690725
0.8084434126594171,1.5044,107429.935938114
1.0919116605595856,1.5046,107429.936121279
0.8813795071290375,1.5048,107429.936348196
0.874420143322172,1.505,107429.936576919
0.7347457881140645,1.5051999999999999,107429.936849122
1.833768787426965,1.5053999999999998,107429.936958187
0.8762744121150288,1.5056,107429.937186426
1.1472561135383585,1.5058,107429.937360755
0.5446519242776872,1.506,107429.937727962
1.670104196047044,1.5062,107429.937847715
1.3840734816489015,1.5064,107429.937992216
1.0097542494244045,1.5066000000000002,107429.938190284
1.204398449237425,1.5068000000000001,107429.938356342
0.831552436677652,1.5070000000000001,107429.938596856
1.0505028944233867,1.5072,107429.938787241
1.308266974469513,1.5074,107429.938940115
1.1644899824798578,1.5076,107429.939111864
0.8799331176079829,1.5078,107429.939339154
0.561014545514896,1.508,107429.939695651
1.4709668959502922,1.5082,107429.939831616
1.0671561366913254,1.5084,107429.94001903
1.1129350490239707,1.5086,107429.940198735
0.9485550814338037,1.5088,107429.940409582
1.014522931588973,1.509,107429.940606719
1.1073583691798876,1.5091999999999999,107429.940787329
0.7440808656610067,1.5093999999999999,107429.941056117
1.4864362039104195,1.5096,107429.941190667
1.1285344645914268,1.5098,107429.941367888
0.7242938975138721,1.51,107429.941644019
1.1305566221763106,1.5102,107429.941820923
0.695390958118237,1.5104,107429.942108531
1.468094638905012,1.5106000000000002,107429.942244762
1.268713561103967,1.5108000000000001,107429.942402402
1.0852401982535496,1.5110000000000001,107429.942586693
0.9799790374726107,1.5112,107429.942790779
1.175019007188453,1.5114,107429.942960989
1.089977723426395,1.5116,107429.943144479
0.7801224460543257,1.5118,107429.943400849
1.2655665080520704,1.512,107429.943558881
0.7663657524684724,1.5122,107429.943819853
0.976467157494715,1.5124,107429.944024673
1.5841332068843106,1.5126,107429.944150925
1.2403177586896217,1.5128,107429.944312174
0.9595777816673368,1.513,107429.944520599
0.9853721838870552,1.5131999999999999,107429.944723568
1.8374078644968876,1.5133999999999999,107429.944832417
0.9352655324533954,1.5135999999999998,107429.94504626
1.074263933057914,1.5138,107429.945232434
1.2278827408794335,1.514,107429.945395316
0.706336885440653,1.5142,107429.945678467
1.4688601570356934,1.5144,107429.945814627
1.192605869498082,1.5146,107429.945982327
1.031752170642009,1.5148000000000001,107429.946176172
0.8667088471882725,1.5150000000000001,107429.94640693
0.9084260893974014,1.5152,107429.946627091
1.0529308917059905,1.5154,107429.946817037
0.8511797356243409,1.5156,107429.947052005
0.9489241254126624,1.5158,107429.94726277
1.1460464305100235,1.516,107429.947437283
1.0867497945287525,1.5162,107429.947621318
0.41888238096699315,1.5164,107429.948098779
1.5110077541100335,1.5166,107429.948231141
1.4958190806104483,1.5168,107429.948364847
1.2737717561574586,1.517,107429.948521861
1.022756379733232,1.5171999999999999,107429.948717411
0.7899518183886991,1.5173999999999999,107429.948970591
1.1804632655482372,1.5175999999999998,107429.949140016
0.8685494025810689,1.5178,107429.949370285
1.0937269496880568,1.518,107429.949553146
1.0441410770535857,1.5182,107429.949744691
0.49571330770968774,1.5184,107429.95014815
1.1725735606706489,1.5186,107429.950318715
1.813335259693085,1.5188000000000001,107429.950429009
1.3274483076642263,1.5190000000000001,107429.950579674
1.0562394413445642,1.5192,107429.950769025
1.1085614802762622,1.5194,107429.950949439
0.8141631431627391,1.5196,107429.95119509
0.904981508592648,1.5198,107429.951416089
0.7974481550137809,1.52,107429.951666889
0.7560750574802675,1.5202,107429.951931413
0.9410790177014783,1.5204,107429.952143935
0.7984351010171867,1.5206,107429.952394425
1.1587485207547306,1.5208,107429.952567025
1.134738916598324,1.521,107429.952743277
1.1305118917857688,1.5211999999999999,107429.952920188
1.016699350909639,1.5213999999999999,107429.953116903
1.0990278796643658,1.5215999999999998,107429.953298882
1.1212144831939115,1.5218,107429.95347726
0.8477054661936623,1.522,107429.953713191
0.9460783122009572,1.5222,107429.95392459
1.1473547609030617,1.5224,107429.954098904
0.6783408924464897,1.5226,107429.954393741
0.8210585036843815,1.5228000000000002,107429.954637329
1.9872814389042925,1.5230000000000001,107429.954737969
0.8071318100913437,1.5232,107429.95498576
0.8412126939128756,1.5234,107429.955223512
1.487442288358044,1.5236,107429.955357971
1.1209443528286065,1.5238,107429.955536392
0.9951040383400697,1.524,107429.955737376
0.6193484573693581,1.5242,107429.956060296
1.2568577500537248,1.5244,107429.956219423
0.9210308136340194,1.5246,107429.956436571
1.0046414104733705,1.5248,107429.956635647
1.3298580413335572,1.525,107429.956786039
0.8300959514152498,1.5252,107429.957026975
1.1003763475248178,1.5253999999999999,107429.957208731
1.1029735529259186,1.5255999999999998,107429.957390059
0.732463892528105,1.5258,107429.95766311
1.0610586910430868,1.526,107429.957851601
0.5212473375071295,1.5262,107429.958235296
1.737076081730973,1.5264,107429.958350432
0.9493790960382246,1.5266,107429.958561096
0.9815951190135112,1.5268000000000002,107429.958764846
1.766222680584406,1.5270000000000001,107429.958878082
1.0135358169131012,1.5272000000000001,107429.959075411
1.0056517375464944,1.5274,107429.959274287
0.8693724623415703,1.5276,107429.959504338
1.1642933769888917,1.5278,107429.959676116
0.2322478482471556,1.528,107429.960537265
0.6833074653548936,1.5282,107429.960829959
14.791806055386271,1.5284,107429.96084348
1.8185456746623592,1.5286,107429.960953458
1.7507613904746704,1.5288,107429.961067694
1.8624055252505285,1.529,107429.961175082
2.42836332775919,1.5292,107429.961257442
2.244391932734109,1.5293999999999999,107429.961346553
1.266167303136016,1.5295999999999998,107429.96150451
1.0499624708296864,1.5298,107429.961694993
0.7427461641980051,1.53,107429.961964264
0.9577168249493325,1.5302,107429.962173094
1.016508052818179,1.5304,107429.962369846
0.7708168745346607,1.5306,107429.962629311
0.7238849483566383,1.5308000000000002,107429.962905598
1.6761649272987789,1.5310000000000001,107429.963024918
1.097978059860111,1.5312000000000001,107429.963207071
0.7442331292939184,1.5314,107429.963475804
1.9909216161641476,1.5316,107429.96357626
0.7813354540824057,1.5318,107429.963832232
1.0549914121785107,1.532,107429.964021807
1.0582458799741448,1.5322,107429.964210799
1.035352022533729,1.5324,107429.96440397
1.0926693324162882,1.5326,107429.964587008
1.1159966843991493,1.5328,107429.96476622
0.8093430454766328,1.533,107429.965013334
0.9907268120079027,1.5332,107429.965215206
1.087648170613799,1.5333999999999999,107429.965399089
0.8644013159074693,1.5335999999999999,107429.965630463
1.0566412412133928,1.5338,107429.965819742
0.9856684231213645,1.534,107429.96602265
0.942462665137838,1.5342,107429.96623486
1.3289919665380874,1.5344,107429.96638535
1.0096165791116707,1.5346,107429.966583445
1.1215225394138324,1.5348000000000002,107429.966761774
0.8134214704775583,1.5350000000000001,107429.967007649
1.0661321392726764,1.5352000000000001,107429.967195243
1.0588566162246118,1.5354,107429.967384126
1.1112901475986714,1.5356,107429.967564097
0.9536252047613131,1.5358,107429.967773823
0.9245519344767589,1.536,107429.967990144
0.8974042688925792,1.5362,107429.968213009
0.6147225997166675,1.5364,107429.968538359
1.5003187925745975,1.5366,107429.968671664
1.8161015792035873,1.5368,107429.96878179
1.293903801436079,1.537,107429.968936361
0.829579474560163,1.5372,107429.969177447
0.8540986200086359,1.5373999999999999,107429.969411612
1.093236624469285,1.5375999999999999,107429.969594555
0.7306363206736666,1.5377999999999998,107429.969868289
0.9457606114139632,1.538,107429.970079759
1.0036835369304888,1.5382,107429.970279025
1.2458807931381113,1.5384,107429.970439554
1.0367314038244009,1.5386,107429.970632468
1.2214785039119325,1.5388,107429.970796204
0.8617680831259988,1.5390000000000001,107429.971028285
1.0429486035202278,1.5392000000000001,107429.971220049
1.0793482793945777,1.5394,107429.971405346
0.6357683257752076,1.5396,107429.971719926
1.7941082398544765,1.5398,107429.971831402
0.7912487673171751,1.54,107429.972084167
0.7612754733275429,1.5402,107429.972346884
0.5601111259806242,1.5404,107429.972703956
0.6648737263499623,1.5406,107429.973004765
0.7552099994432859,1.5408,107429.973269592
1.7027798175442772,1.541,107429.973387047
1.0231591535436413,1.5412,107429.97358252
0.9438770930807998,1.5413999999999999,107429.973794412
0.9863635030666914,1.5415999999999999,107429.973997177
1.1160278579693097,1.5417999999999998,107429.974176384
0.7143852337783572,1.542,107429.974456345
0.8998793656953531,1.5422,107429.974678597
0.8364876033892908,1.5424,107429.974917692
1.5697847202952742,1.5426,107429.975045098
1.053663120789205,1.5428,107429.975234912
0.8343832724315364,1.5430000000000001,107429.97547461
0.8534898896756861,1.5432000000000001,107429.975708942
0.7376317786039368,1.5434,107429.97598008
1.2831534733072811,1.5436,107429.976135946
0.8363406499822305,1.5438,107429.976375083
1.0629872991384963,1.544,107429.976563232
0.8451978233775532,1.5442,107429.976799863
0.8719764251916369,1.5444,107429.977029227
1.066609787662674,1.5446,107429.977216737
1.3679889878435263,1.5448,107429.977362937
0.8813601205747844,1.545,107429.977589859
0.8369041075716459,1.5452,107429.977828835
1.0747372994234727,1.5453999999999999,107429.978014927
0.9776700110385992,1.5455999999999999,107429.978219495
0.7809601636936837,1.5457999999999998,107429.97847559
0.4540449838058174,1.546,107429.978916075
1.5087962754051145,1.5462,107429.979048631
0.9190922709193879,1.5464,107429.979266237
0.8090484223758506,1.5466,107429.979513441
2.0179596468424044,1.5468,107429.979612551
2.180739931964608,1.5470000000000002,107429.979704263
0.722485929169161,1.5472000000000001,107429.979981085
2.1432781344353513,1.5474,107429.9800744
1.0821222691891357,1.5476,107429.980259222
0.8004546590990872,1.5478,107429.98050908
1.2460514670317409,1.548,107429.980669587
1.003708751590379,1.5482,107429.980868848
0.9471221708832889,1.5484,107429.981080014
1.1693034200597543,1.5486,107429.981251056
0.806282536786832,1.5488,107429.981499108
0.8616975738989971,1.549,107429.981731208
0.8408413241417505,1.5492,107429.981969065
0.8854807907510934,1.5493999999999999,107429.982194931
1.1958145950524959,1.5495999999999999,107429.982362181
0.67331907519031,1.5497999999999998,107429.982659217
0.6626927308126233,1.55,107429.982961016
1.0326524227468439,1.5502,107429.983154692
0.9904864113150448,1.5504,107429.983356613
0.7896679656029004,1.5506,107429.983609884
0.9054075354537857,1.5508,107429.983830779
0.8857003699498693,1.5510000000000002,107429.984056589
1.2941885413909946,1.5512000000000001,107429.984211126
1.0793365820375072,1.5514000000000001,107429.984396425
1.123557649042233,1.5516,107429.984574431
0.7319465269793362,1.5518,107429.984847675
0.951719291304318,1.552,107429.985057821
1.0728347757230947,1.5522,107429.985244243
0.8678333178547385,1.5524,107429.985474702
1.0607660038576925,1.5526,107429.985663245
0.8566667523006568,1.5528,107429.985896708
1.1052472420235255,1.553,107429.986077663
0.8432520515280063,1.5532,107429.98631484
0.8338301840209089,1.5534,107429.986554697
1.1012063402853245,1.5535999999999999,107429.986736316
0.8529184939195574,1.5537999999999998,107429.986970805
1.04735071345319,1.554,107429.987161763
0.8034193368325259,1.5542,107429.987410699
0.8990703635328479,1.5544,107429.987633151
1.0181588613423225,1.5546,107429.987829584
0.8970540613771677,1.5548,107429.988052536
1.0995112759334913,1.5550000000000002,107429.988234435
0.7830424522997083,1.5552000000000001,107429.988489849
1.1641781869598078,1.5554000000000001,107429.988661644
0.8048613991178131,1.5556,107429.988910134
1.4342674767666503,1.5558,107429.989049578
1.033100536706617,1.556,107429.98924317
0.8163765132437656,1.5562,107429.989488155
0.8944703910863685,1.5564,107429.989711751
1.2802867911942433,1.5566,107429.989867966
1.1026452573857486,1.5568,107429.990049348
1.1366348494037075,1.557,107429.990225306
0.8467185277827312,1.5572,107429.990461512
0.8106980005559131,1.5574,107429.990708213
0.47613378044884636,1.5575999999999999,107429.991128263
1.4761129032194076,1.5577999999999999,107429.991263754
1.3133269246887413,1.558,107429.991416039
1.117231091646365,1.5582,107429.991595053
0.9197727926538669,1.5584,107429.991812498
0.9628160838585629,1.5586,107429.992020222
1.2131946646920755,1.5588,107429.992185076
0.8396164753270824,1.5590000000000002,107429.99242328
0.9168717934225213,1.5592000000000001,107429.992641413
1.0207779619607646,1.5594000000000001,107429.992837342
1.0384216163792073,1.5596,107429.993029942
1.1860355800610305,1.5598,107429.993198571
1.1297456086146789,1.56,107429.993375602
0.8218513758729463,1.5602,107429.993618955
0.7241156121335856,1.5604,107429.993895154
0.5736148653189906,1.5606,107429.99424382
0.5170764382115658,1.5608,107429.99463061
0.752907189250091,1.561,107429.994896247
0.6036624081525302,1.5612,107429.995227558
0.6315463743566733,1.5614,107429.995544241
0.6346425851833603,1.5615999999999999,107429.995859379
0.6161372592118909,1.5617999999999999,107429.996183982
0.6670001699647082,1.562,107429.996483832
0.5516115454491395,1.5622,107429.996846406
0.6081448735305887,1.5624,107429.997175275
0.6665400250632639,1.5626,107429.997475332
0.6372207019485724,1.5628,107429.997789195
0.7176097600264452,1.563,107429.998067898
0.6215021178087282,1.5632000000000001,107429.998389699
0.6862640903138452,1.5634000000000001,107429.998681132
0.6709202874922394,1.5636,107429.99897923
0.6365716901574163,1.5638,107429.999293413
0.6867777902245894,1.564,107429.999584628
0.676993090775716,1.5642,107429.999880052
0.6397932232141915,1.5644,107430.000192653
0.593852420379615,1.5646,107430.000529437
0.7020598670580718,1.5648,107430.000814313
0.40713048220145776,1.565,107430.001305556
1.585854145677284,1.5652,107430.001431671
0.8868118032296796,1.5654,107430.001657198
0.8757947606249061,1.5655999999999999,107430.001885562
1.201410457105761,1.5657999999999999,107430.002052033
0.8704925019330975,1.5659999999999998,107430.002281788
0.8384830118176579,1.5662,107430.002520314
0.8160667177146779,1.5664,107430.002765392
0.6324090743846232,1.5666,107430.003081643
1.6012040982467457,1.5668,107430.003206549
0.6568424708857752,1.567,107430.003511036
0.9557762592530678,1.5672000000000001,107430.00372029
1.0918818196716502,1.5674000000000001,107430.00390346
1.0689928233820072,1.5676,107430.004090552
0.764225104218405,1.5678,107430.004352255
1.0186203760459105,1.568,107430.004548599
1.0296434036355353,1.5682,107430.004742841
1.0331966061817928,1.5684,107430.004936415
0.8031225335201897,1.5686,107430.005185443
0.66676003903557,1.5688,107430.005485401
1.671262594416414,1.569,107430.005605071
1.3982590755730486,1.5692,107430.005748106
0.9403711187551541,1.5694,107430.005960788
1.5389350908199748,1.5695999999999999,107430.006090748
1.0658821092527,1.5697999999999999,107430.006278386
0.8277015303379844,1.5699999999999998,107430.006520019
0.7926411239357092,1.5702,107430.00677234
0.6204513008245414,1.5704,107430.007094686
0.6723661027648031,1.5706,107430.007392143
0.9833228313501565,1.5708,107430.007595535
1.0605916475918573,1.571,107430.007784109
1.0459102343760638,1.5712000000000002,107430.00797533
1.0265464319881659,1.5714000000000001,107430.008170158
0.9868453849224247,1.5716,107430.008372824
1.0277334108624776,1.5718,107430.008567427
0.8493218071213114,1.572,107430.008802909
0.9728762215248724,1.5722,107430.009008485
1.0050099768473368,1.5724,107430.009207488
0.9291262298441137,1.5726,107430.009422744
1.0634111995908564,1.5728,107430.009610818
1.2685928256946726,1.573,107430.009768473
0.9962888499393361,1.5732,107430.009969218
0.9935024522361953,1.5734,107430.010170526
0.9610625687123003,1.5735999999999999,107430.010378629
0.8240626289487951,1.5737999999999999,107430.010621329
0.8343519182347401,1.5739999999999998,107430.010861036
0.8870595808078283,1.5742,107430.0110865
1.0232587157229907,1.5744,107430.011281954
0.7843967408477306,1.5746,107430.011536927
1.001076204971512,1.5748,107430.011736712
0.9028937325400338,1.575,107430.011958222
1.0506133106789606,1.5752000000000002,107430.012148587
0.5873784114309601,1.5754000000000001,107430.012489083
0.572249356691248,1.5756000000000001,107430.012838581
0.6538362075117279,1.5758,107430.013144468
0.5927172908127812,1.576,107430.013481897
0.7718252952054024,1.5762,107430.013741023
0.5970594747790837,1.5764,107430.014075998
0.6184903817892475,1.5766,107430.014399366
0.6817050984578084,1.5768,107430.014692748
0.5179119753660771,1.577,107430.015078914
0.8392430284837056,1.5772,107430.015317224
0.4760431255682925,1.5774,107430.015737354
0.9851731422150612,1.5776,107430.015940364
0.498577799885312,1.5777999999999999,107430.016341505
2.064473739525613,1.5779999999999998,107430.016438382
1.1293437395690618,1.5782,107430.016615476
1.079913529822819,1.5784,107430.016800676
0.9445234197202574,1.5786,107430.017012423
1.006365275681565,1.5788,107430.017211158
1.035743548969323,1.579,107430.017404256
0.3643989521014755,1.5792000000000002,107430.017953105
0.747199846557477,1.5794000000000001,107430.018220771
0.5669207454189467,1.5796000000000001,107430.018573554
0.740071945793328,1.5798,107430.018843798
0.6989390045056831,1.58,107430.019129946
0.6682839033619539,1.5802,107430.01942922
0.3885464254799086,1.5804,107430.019943959
0.6780856361580317,1.5806,107430.020238907
0.5992635136258704,1.5808,107430.02057265
0.6625917101450866,1.581,107430.020874495
0.6312035705892024,1.5812,107430.02119135
0.6143657062599035,1.5814,107430.021516889
0.5667215530003519,1.5816,107430.021869796
0.613705881502891,1.5817999999999999,107430.022195685
0.7097433490462924,1.5819999999999999,107430.022477477
0.6487987594562523,1.5822,107430.022785739
0.560962612773404,1.5824,107430.023142269
0.5959031497041809,1.5826,107430.023477894
0.7072310836602228,1.5828,107430.023760687
0.5446385858056009,1.583,107430.024127903
0.7418122522373952,1.5832000000000002,107430.024397513
0.6013120702678794,1.5834000000000001,107430.024730119
0.6370664307747002,1.5836000000000001,107430.025044058
0.6597437534213181,1.5838,107430.025347206
0.7068386619828213,1.584,107430.025630156
0.6284328116669589,1.5842,107430.025948408
0.6034347636215321,1.5844,107430.026279844
0.7031285389635111,1.5846,107430.026564287
0.7014516672796327,1.5848,107430.02684941
0.6294316083596924,1.585,107430.027167157
0.64664230857948,1.5852,107430.027476447
0.6415746701552626,1.5854,107430.02778818
0.5202318057324609,1.5856,107430.028172624
0.7112072212092512,1.5857999999999999,107430.028453836
1.7293108783590252,1.5859999999999999,107430.028569489
0.9799070013272583,1.5862,107430.02877359
1.1007337063660347,1.5864,107430.028955287
1.0018734496191726,1.5866,107430.029154913
1.029839600901033,1.5868,107430.029349118
0.8148498351581618,1.587,107430.029594562
0.8014875771228456,1.5872000000000002,107430.029844098
0.98760067022829,1.5874000000000001,107430.030046609
0.6041693606872605,1.5876000000000001,107430.030377642
1.6726743785686824,1.5878,107430.030497211
0.8591138962292331,1.588,107430.030730009
0.8057466015044129,1.5882,107430.030978226
0.8075848297935312,1.5884,107430.031225878
0.9195655894115395,1.5886,107430.031443372
0.9244878784616419,1.5888,107430.031659708
0.8387572863748435,1.589,107430.031898156
1.0033965162951322,1.5892,107430.032097479
0.5470010509552029,1.5894,107430.032463109
0.6967791386062377,1.5896,107430.032750144
2.0077097205938164,1.5897999999999999,107430.03284976
2.3902002690036603,1.5899999999999999,107430.032933435
1.0266412863230894,1.5901999999999998,107430.033128245
0.7342575168857406,1.5904,107430.033400629
0.896736364169504,1.5906,107430.03362366
0.9316451890129893,1.5908,107430.033838334
1.0933143720544751,1.591,107430.034021264
0.6022264296248973,1.5912,107430.034353365
1.0447465168425416,1.5914000000000001,107430.034544799
1.7182573291469854,1.5916000000000001,107430.034661196
0.717854475582968,1.5918,107430.034939804
1.115262344029121,1.592,107430.035119134
0.7108533163493311,1.5922,107430.035400486
1.2422668747610726,1.5924,107430.035561482
1.0211062688332715,1.5926,107430.035757348
0.8365820534251848,1.5928,107430.035996416
0.8536174299769996,1.593,107430.036230713
1.1514701041683288,1.5932,107430.036404404
0.8377840654377785,1.5934,107430.036643129
0.9673658876204579,1.5936,107430.036849876
0.9238814655355095,1.5937999999999999,107430.037066354
1.134764587578253,1.5939999999999999,107430.037242602
0.8267674588249939,1.5941999999999998,107430.037484508
0.811958480580034,1.5944,107430.037730826
0.7818547419105086,1.5946,107430.037986628
1.0539573160292903,1.5948,107430.038176389
0.7295569281256999,1.595,107430.038450528
1.277702110669376,1.5952,107430.038607059
0.8326880122072208,1.5954000000000002,107430.038847245
0.9529890306409723,1.5956000000000001,107430.039057111
1.0712143439684605,1.5958,107430.039243815
0.8431596585765393,1.596,107430.039481018
1.0124890821550452,1.5962,107430.039678551
0.9789525275778374,1.5964,107430.039882851
0.7174372963014315,1.5966,107430.040161621
1.65427340533022,1.5968,107430.04028252
0.8577800756716132,1.597,107430.04051568
1.0797969541384873,1.5972,107430.0407009
1.0421606121859475,1.5974,107430.040892809
1.0813617068523234,1.5976,107430.041077761
1.0479543687424862,1.5977999999999999,107430.041268609
0.983680706377339,1.5979999999999999,107430.041471927
0.8270170018876088,1.5981999999999998,107430.04171376
0.9590900289964869,1.5984,107430.041922291
0.9276437963246482,1.5986,107430.042137891
0.5806408435781405,1.5988,107430.042482338
1.3654766589240537,1.599,107430.042628807
1.5727227726817539,1.5992,107430.042755975
0.9136591721678141,1.5994000000000002,107430.042974875
0.879167270983529,1.5996000000000001,107430.043202363
1.14092084794694,1.5998,107430.04337766
1.2392417906096862,1.6,107430.043539049
1.1138772582200527,1.6002,107430.043718602
0.7165068848942259,1.6004,107430.043997734
0.7530318940363894,1.6006,107430.044263327
0.9533797198828138,1.6008,107430.044473107
1.3413007190221475,1.601,107430.044622216
0.9022990186306397,1.6012,107430.044843872
1.1046916595304161,1.6014,107430.045024918
1.0100040952508198,1.6016,107430.045222937
0.9518642349802857,1.6018,107430.045433051
0.9000252149902808,1.6019999999999999,107430.045655267
0.9821397236738055,1.6021999999999998,107430.045858904
0.9824147807097375,1.6024,107430.046062484
0.9046540042137087,1.6026,107430.046283563
1.005399038865032,1.6028,107430.046482489
1.097405662413481,1.603,107430.046664737
1.0027173926463344,1.6032,107430.046864195
1.034447059391272,1.6034000000000002,107430.047057535
0.9745401812413546,1.6036000000000001,107430.04726276
1.0874351816125911,1.6038000000000001,107430.047446679
0.7900672969087051,1.604,107430.047699822
0.8603371445064099,1.6042,107430.047932289
0.7978903666369267,1.6044,107430.04818295
0.7238823557493038,1.6046,107430.048459238
0.7283320928805624,1.6048,107430.048733838
1.7330573686453798,1.605,107430.048849241
1.1358021417602016,1.6052,107430.049025328
1.0802052489853928,1.6054,107430.049210478
1.02047585448415,1.6056,107430.049406465
1.0753440025524346,1.6058,107430.049592452
0.8205868654112352,1.6059999999999999,107430.04983618
0.8814494301542841,1.6061999999999999,107430.050063079
1.0545297744432138,1.6064,107430.050252737
0.978866280406478,1.6066,107430.050457055
0.8913767879279844,1.6068,107430.050681427
1.2405332661311157,1.607,107430.050842648
0.8910432259225072,1.6072,107430.051067104
0.9809451066399616,1.6074000000000002,107430.051270989
1.0332660482759712,1.6076000000000001,107430.05146455
1.043672399127428,1.6078000000000001,107430.051656181
0.8028775379978524,1.608,107430.051905285
1.0218888676389173,1.6082,107430.052101001
0.647471302264767,1.6084,107430.052409895
2.0631104880633178,1.6086,107430.052506836
0.524913725899472,1.6088,107430.052887851
0.9831101300026042,1.609,107430.053091287
1.2730258683714655,1.6092,107430.053248393
1.2348346920031164,1.6094,107430.053410358
1.1914691190680191,1.6096,107430.053578218
0.9952179606347522,1.6098,107430.053779179
0.8091564037056211,1.6099999999999999,107430.05402635
0.9675390668483834,1.6101999999999999,107430.05423306
0.7076189500198476,1.6104,107430.054515698
0.5324034027436759,1.6106,107430.054891353
0.6719346280069163,1.6108,107430.055189001
2.698690827935057,1.611,107430.055263111
2.172213277944184,1.6112,107430.055355183
1.0052321875993562,1.6114000000000002,107430.055554142
0.9379323679825563,1.6116000000000001,107430.055767377
1.0361727890991204,1.6118000000000001,107430.055960395
1.0210593115760127,1.612,107430.05615627
0.9543624184993347,1.6122,107430.056365834
1.045243345835318,1.6124,107430.056557177
0.7469961410267322,1.6126,107430.056824916
1.5569048698504715,1.6128,107430.056953376
0.9696405344435242,1.613,107430.057159638
1.0696846272056468,1.6132,107430.057346609
0.9967356620215428,1.6134,107430.057547264
1.0190616055160902,1.6136,107430.057743523
0.8083910588114553,1.6138,107430.057990928
1.012417333270559,1.6139999999999999,107430.058188475
0.8489504811269833,1.6141999999999999,107430.05842406
1.1178242721316485,1.6143999999999998,107430.058602979
0.7659929611718614,1.6146,107430.058864078
1.6782466666754365,1.6148,107430.05898325
1.008064529764717,1.615,107430.05918165
0.8245688437552825,1.6152,107430.059424201
0.9574188051050989,1.6154,107430.059633096
1.079482223729401,1.6156000000000001,107430.05981837
0.933916121217751,1.6158000000000001,107430.060032522
1.006785772186063,1.616,107430.060231174
0.8696710630948178,1.6162,107430.060461146
0.6534004703244386,1.6164,107430.060767237
1.3516709202268595,1.6166,107430.060915202
1.0663141131439333,1.6168,107430.061102764
1.039673903252439,1.617,107430.061295132
0.8178320245203002,1.6172,107430.061539681
1.0050806796338336,1.6174,107430.06173867
0.9889925063817261,1.6176,107430.061940896
0.9475394842515509,1.6178,107430.062151969
1.1073339231960497,1.6179999999999999,107430.062332583
1.0104888532318823,1.6181999999999999,107430.062530507
0.825303834533397,1.6183999999999998,107430.062772842
0.9990059544096661,1.6186,107430.062973041
0.9574142031638438,1.6188,107430.063181937
1.0940560516310576,1.619,107430.063364743
0.8189102587641753,1.6192,107430.06360897
0.8102315949574305,1.6194,107430.063855813
0.9231053157551813,1.6196000000000002,107430.064072473
1.1176431071982316,1.6198000000000001,107430.064251421
0.8257331845671604,1.62,107430.06449363
0.6736728398030397,1.6202,107430.06479051
0.921226019283188,1.6204,107430.065007612
0.8322583054911715,1.6206,107430.065247922
0.9478134092066931,1.6208,107430.065458934
1.1268304141910948,1.621,107430.065636423
1.0400145581352427,1.6212,107430.065828728
0.9989610803571958,1.6214,107430.066028936
0.9899323707107786,1.6216,107430.06623097
0.8941304965030791,1.6218,107430.066454651
1.0013567924804474,1.6219999999999999,107430.06665438
0.5518337549287989,1.6221999999999999,107430.067016808
0.9316885768713659,1.6223999999999998,107430.067231472
1.433383440312667,1.6226,107430.067371002
0.988073959106661,1.6228,107430.067573416
1.028008073874019,1.623,107430.067767967
1.1452327073417763,1.6232,107430.067942604
1.0505525989411142,1.6234,107430.06813298
0.9600660306935492,1.6236000000000002,107430.068341299
1.1702202683283813,1.6238000000000001,107430.068512207
1.0618867707632536,1.624,107430.068700551
0.5745046227700307,1.6242,107430.069048677
1.376301492753582,1.6244,107430.069193994
0.9255702477541239,1.6246,107430.069410077
1.3304507340039995,1.6248,107430.069560402
0.918995170838751,1.625,107430.069778031
1.0490702328404446,1.6252,107430.069968676
1.0008407408199242,1.6254,107430.070168508
1.0083796034595143,1.6256,107430.070366846
1.0825381228342368,1.6258,107430.070551597
0.8388241424018876,1.626,107430.070790026
0.5376777646955871,1.6261999999999999,107430.071161996
0.6724655855238001,1.6263999999999998,107430.071459409
1.6313612292863078,1.6266,107430.071582006
4.24124137093323,1.6268,107430.071629162
1.2869184591991574,1.627,107430.071784572
0.8998632220533175,1.6272,107430.072006828
1.0560220219762813,1.6274,107430.072196218
0.8383775457563246,1.6276000000000002,107430.072434774
0.8327365472215317,1.6278000000000001,107430.072674946
0.836564587471637,1.6280000000000001,107430.072914019
1.0585650609406225,1.6282,107430.073102954
1.0176200767662245,1.6284,107430.073299491
0.766850607347543,1.6286,107430.073560298
1.049554752726827,1.6288,107430.073750855
1.0281348850228007,1.629,107430.073945382
0.9669636538220181,1.6292,107430.074152215
1.0257094529874975,1.6294,107430.074347202
0.8565273563421171,1.6296,107430.074580703
1.4083416954803185,1.6298,107430.074722714
0.8188532718155092,1.63,107430.074966958
1.091155038734829,1.6301999999999999,107430.07515025
0.6838401893112579,1.6303999999999998,107430.075442716
0.8249361754321851,1.6306,107430.075685159
1.000285105783902,1.6308,107430.075885102
0.9719636387217087,1.631,107430.076090871
0.8081298189060709,1.6312,107430.076338356
1.0124993008587881,1.6314,107430.076535887
0.7775293740893913,1.6316000000000002,107430.076793112
1.1475655208373556,1.6318000000000001,107430.076967394
0.5203590454473135,1.6320000000000001,107430.077351744
1.1140322810169843,1.6322,107430.077531272
1.2882033220225853,1.6324,107430.077686527
0.5657644587056923,1.6326,107430.078040031
3.4785636306110073,1.6328,107430.078097526
0.9046294122377392,1.633,107430.078318611
0.9144487764196627,1.6332,107430.078537322
1.0911669936618693,1.6334,107430.078720612
1.1542812576855515,1.6336,107430.07889388
0.8299891761919371,1.6338,107430.079134847
1.2713345226468349,1.634,107430.079292162
0.8175311410831613,1.6341999999999999,107430.079536801
0.8553515327518604,1.6343999999999999,107430.079770623
0.963182337412248,1.6346,107430.079978268
1.1117905089868518,1.6348,107430.080158158
1.0067198436582712,1.635,107430.080356823
0.8559445312829423,1.6352,107430.080590483
0.805007163189062,1.6354,107430.080838928
1.0487621930570212,1.6356000000000002,107430.081029629
0.7221493979589712,1.6358000000000001,107430.08130658
1.2404408966295732,1.6360000000000001,107430.081467813
0.8881270803729778,1.6362,107430.081693006
0.8258013047807126,1.6364,107430.081935195
1.0934937380774927,1.6366,107430.082118095
0.8524930928056259,1.6368,107430.082352701
0.848518288795157,1.637,107430.082588406
0.8450335576422527,1.6372,107430.082825083
0.7550988015736154,1.6374,107430.083089949
1.1142433511090297,1.6376,107430.083269443
0.87159260264381,1.6378,107430.083498908
0.8275679623505786,1.638,107430.08374058
1.11671947078262,1.6381999999999999,107430.083919676
1.0537352605855226,1.6383999999999999,107430.084109477
1.127363920027627,1.6385999999999998,107430.084286882
0.8567989293930182,1.6388,107430.084520309
0.8016610180669945,1.639,107430.084769791
1.1064028357100422,1.6392,107430.084950557
0.7668299845750441,1.6394,107430.085211371
1.0340619583584116,1.6396,107430.085404783
0.8520936310236451,1.6398000000000001,107430.085639499
0.8542919701287979,1.6400000000000001,107430.085873611
1.0033410655716912,1.6402,107430.086072945
0.7768981904136617,1.6404,107430.086330379
0.9698191826105302,1.6406,107430.086536603
1.0280820496508531,1.6408,107430.08673114
0.7586994601621504,1.641,107430.086994749
1.468364103138672,1.6412,107430.087130955
0.9370841357278583,1.6414,107430.087344383
1.254492653823337,1.6416,107430.08750381
0.8608259963412416,1.6418,107430.087736145
0.8331077092205544,1.642,107430.08797621
1.0967437098706558,1.6421999999999999,107430.088158568
0.7097710587303608,1.6423999999999999,107430.088440349
1.0486522455435554,1.6425999999999998,107430.08863107
0.8606740867315937,1.6428,107430.088863446
0.9563063573564333,1.643,107430.089072584
0.8219594592919137,1.6432,107430.089315905
1.4269406184271605,1.6434,107430.089456065
1.0159762706821556,1.6436,107430.08965292
0.8468690989576755,1.6438000000000001,107430.089889084
1.0607097615598668,1.6440000000000001,107430.090077637
0.8744392257691825,1.6442,107430.090306355
0.8429819651270283,1.6444,107430.090543608
1.0903104542401283,1.6446,107430.090727042
0.8608926421743321,1.6448,107430.090959359
1.0344685488155219,1.645,107430.091152695
0.7406858395244531,1.6452,107430.091422715
1.074431222721148,1.6454,107430.09160886
1.298608581634289,1.6456,107430.091762871
0.8131767435832853,1.6458,107430.09200882
1.062022078481934,1.646,107430.09219714
1.0476853970721671,1.6461999999999999,107430.092388037
0.842115878036777,1.6463999999999999,107430.092625534
0.7391939179107978,1.6465999999999998,107430.092896099
1.0831184993157361,1.6468,107430.093080751
0.6454486342297996,1.647,107430.093390613
0.5784743828766274,1.6472,107430.09373635
1.5136722014801243,1.6474,107430.093868479
1.3481085627221492,1.6476,107430.094016835
0.8799215124530422,1.6478000000000002,107430.094244128
1.2432245012612335,1.6480000000000001,107430.094405
0.8563183207658329,1.6482,107430.094638558
0.9800847003290829,1.6484,107430.094842622
0.9172460350495891,1.6486,107430.095060666
1.0643619678516318,1.6488,107430.095248572
0.8101167367536438,1.649,107430.09549545
0.9171198871260309,1.6492,107430.095713524
0.777200051436654,1.6494,107430.095970858
1.1082051871717893,1.6496,107430.09615133
1.1352928805507738,1.6498,107430.096327496
0.8680630908813198,1.65,107430.096557894
0.8613561051616071,1.6502,107430.096790086
0.8683042860593195,1.6503999999999999,107430.09702042
0.8043014153740183,1.6505999999999998,107430.097269083
0.8559261941885971,1.6508,107430.097502748
0.6308411878355638,1.651,107430.097819785
1.0350091924937832,1.6512,107430.09801302
1.5952397964287768,1.6514,107430.098138393
1.0526814512346419,1.6516,107430.098328384
0.8985371820454995,1.6518000000000002,107430.098550968
0.9273384164063558,1.6520000000000001,107430.098766639
1.0861065531428924,1.6522000000000001,107430.098950783
0.8525802969202031,1.6524,107430.099185365
0.8776818847160464,1.6526,107430.099413238
1.0776210070578665,1.6528,107430.099598832
0.8912179507601242,1.653,107430.099823244
1.0919116605595856,1.6532,107430.100006409
0.9792736651967584,1.6534,107430.100210642
1.1899379647644848,1.6536,107430.100378718
0.8518395509312688,1.6538,107430.100613504
0.8935352419704244,1.654,107430.100837334
1.0528587813448678,1.6542,107430.101027293
1.0064614487471486,1.6543999999999999,107430.101226009
1.0569540087845732,1.6545999999999998,107430.101415232
0.8699547806932464,1.6548,107430.101645129
0.8622957284790821,1.655,107430.101877068
0.8354986624076712,1.6552,107430.102116446
1.0787602503959817,1.6554,107430.102301844
0.9321358904416269,1.6556,107430.102516405
1.1889192082600881,1.6558000000000002,107430.102684625
1.1498217567943225,1.6560000000000001,107430.102858565
0.833875361331459,1.6562000000000001,107430.103098409
1.2584869168372699,1.6564,107430.10325733
1.1363959492929459,1.6566,107430.103433325
1.104240249542078,1.6568,107430.103614445
0.5232752998889625,1.657,107430.103996653
1.392718828680345,1.6572,107430.104140257
0.9170820066792215,1.6574,107430.10435834
1.6654036710650615,1.6576,107430.104478431
1.490013219544613,1.6578,107430.104612658
0.8486947080480006,1.658,107430.104848314
1.1355507378077727,1.6582,107430.10502444
1.0864192330551012,1.6583999999999999,107430.105208531
0.8795345488203298,1.6585999999999999,107430.105435924
0.9852022376829783,1.6588,107430.105638928
0.5678704496502404,1.659,107430.105991121
1.1129474859697006,1.6592,107430.106170824
1.2248897775466374,1.6594,107430.106334104
0.6437305324221533,1.6596,107430.106644793
2.4413765580616036,1.6598000000000002,107430.106726714
0.7718223044865818,1.6600000000000001,107430.106985841
4.123117065196231,1.6602000000000001,107430.107034348
0.9377300188399259,1.6604,107430.107247629
0.6868249807902669,1.6606,107430.107538824
1.06198260674969,1.6608,107430.107727151
1.0586603798110517,1.661,107430.107916069
1.0781205939465615,1.6612,107430.108101577
1.0418348977171321,1.6614,107430.108293546
1.0633546764517978,1.6616,107430.10848163
0.8017510405924839,1.6618,107430.108731084
1.0276066218923512,1.662,107430.108925711
0.8767507860419298,1.6622,107430.109153826
1.0845574888261467,1.6623999999999999,107430.109338233
1.1111605011125019,1.6625999999999999,107430.109518225
0.8479390892777635,1.6627999999999998,107430.109754091
1.054268496494112,1.663,107430.109943796
0.941677189395478,1.6632,107430.110156183
1.1376499310276669,1.6634,107430.110331984
1.1468350896491992,1.6636,107430.110506377
1.0800068763893869,1.6638,107430.110691561
1.1053876918851302,1.6640000000000001,107430.110872493
0.8264496787109408,1.6642000000000001,107430.111114492
1.0844046563793002,1.6644,107430.111298925
1.0143685354417622,1.6646,107430.111496092
1.0860357486748815,1.6648,107430.111680248
0.7574036215123492,1.665,107430.111944308
1.3777520764376023,1.6652,107430.112089472
1.0394740199625674,1.6654,107430.112281877
0.8495310636389459,1.6656,107430.112517301
1.2184051631551691,1.6658,107430.11268145
0.8392993523531483,1.666,107430.112919744
1.0613683421158542,1.6662,107430.11310818
0.8468619500499524,1.6663999999999999,107430.113344346
1.0684217514412988,1.6665999999999999,107430.113531538
0.8716305772160277,1.6667999999999998,107430.113760993
0.7880003414396244,1.667,107430.1140148
1.5495107456072137,1.6672,107430.114143873
0.837840193640979,1.6674,107430.114382582
0.6512367003862618,1.6676,107430.11468969
1.28061472837404,1.6678,107430.114845865
1.0805204012055116,1.6680000000000001,107430.115030961
0.8597823632545892,1.6682000000000001,107430.115263578
0.8502099929013659,1.6684,107430.115498814
1.1165387544582672,1.6686,107430.115677939
0.8466325185992909,1.6688,107430.115914169
0.8263131361761363,1.669,107430.116156208
1.0818705598768816,1.6692,107430.116341073
1.10161271166859,1.6694,107430.116522625
0.9852799281736995,1.6696,107430.116725613
1.1303394199908665,1.6698,107430.116902551
0.8280236163964918,1.67,107430.11714409
1.0836936879249464,1.6702,107430.117328644
1.0110610172465404,1.6703999999999999,107430.117526456
0.708855367141987,1.6705999999999999,107430.117808601
0.6525519894606394,1.6707999999999998,107430.11811509
1.0682447865514033,1.671,107430.118302313
1.045757118411856,1.6712,107430.118493562
0.8976177255248065,1.6714,107430.118716374
0.9668000655886047,1.6716,107430.118923242
0.03437762831388262,1.6718,107430.124740979
0.35065572398198386,1.6720000000000002,107430.125311339
31.426757643977872,1.6722000000000001,107430.125317703
35.423323660915194,1.6724,107430.125323349
38.12432482260427,1.6726,107430.125328595
36.57635704586846,1.6728,107430.125334063
38.2629409770668,1.673,107430.12533929
40.29817873128523,1.6732,107430.125344253
41.16072495177859,1.6734,107430.125349112
40.66698429763845,1.6736,107430.12535403
39.84858162207486,1.6738,107430.125359049
37.95785868764479,1.674,107430.125364318
19.942157070637457,1.6742,107430.125374347
38.29215079376156,1.6743999999999999,107430.12537957
40.23341455954405,1.6745999999999999,107430.125384541
40.36327028148922,1.6747999999999998,107430.125389496
39.96793975454236,1.675,107430.1253945
42.900069754341814,1.6752,107430.125399162
42.176265687942625,1.6754,107430.125403904
40.016116471539505,1.6756,107430.125408902
0.8540657666220483,1.6758,107430.125643076
34.95893450545791,1.6760000000000002,107430.125648797
38.02275558407726,1.6762000000000001,107430.125654057
36.48305199404992,1.6764000000000001,107430.125659539
38.47631982620152,1.6766,107430.125664737
40.600910299187284,1.6768,107430.125669663
41.69276634460039,1.677,107430.12567446
40.68347619980311,1.6772,107430.125679376
1.7904460460788667,1.6774,107430.12579108
35.86162314532231,1.6776,107430.125796657
41.605931394488884,1.6778,107430.125801464
2.1880163082322173,1.678,107430.125892871
37.60104220901919,1.6782,107430.12589819
4.222437692056014,1.6784,107430.125945556
1.1069110179960977,1.6785999999999999,107430.126126239
0.7605343495707041,1.6787999999999998,107430.126389212
0.9661649432151453,1.679,107430.126596216
1.0464793208125784,1.6792,107430.126787333
1.1131085605129414,1.6794,107430.12696701
1.0200074339395429,1.6796,107430.127163087
0.8251301686491787,1.6798,107430.127405473
1.1264242459758953,1.6800000000000002,107430.127583026
0.8552929806632545,1.6802000000000001,107430.127816864
0.8493506748198414,1.6804000000000001,107430.128052338
0.9290010632626886,1.6806,107430.128267623
0.5935651736283553,1.6808,107430.12860457
1.240148539886183,1.681,107430.128765841
1.3196878149464124,1.6812,107430.128917392
0.889248528623357,1.6814,107430.129142301
1.1646731329114088,1.6816,107430.129314023
0.8357709877137255,1.6818,107430.129553323
1.3295485166723002,1.682,107430.12970375
1.0910003413528624,1.6822,107430.129887068
1.0811921671812794,1.6824,107430.130072049
0.9589796102384194,1.6825999999999999,107430.130280604
1.1944078057020273,1.6827999999999999,107430.130448051
0.8426197253613698,1.683,107430.130685406
0.7713906272517976,1.6832,107430.130944678
1.0641581652112313,1.6834,107430.13113262
1.1164077898302864,1.6836,107430.131311766
1.082754998046511,1.6838,107430.13149648
0.8527439122539281,1.6840000000000002,107430.131731017
0.9370446520584006,1.6842000000000001,107430.131944454
1.1794191631499489,1.6844000000000001,107430.132114029
0.8797511884923832,1.6846,107430.132341366
0.845254949394617,1.6848,107430.132577981
1.4016006298275088,1.685,107430.132720675
1.0924067019787453,1.6852,107430.132903757
1.040950973759223,1.6854,107430.133095889
0.8703182579519405,1.6856,107430.13332569
1.0818763508560605,1.6858,107430.133510554
0.7930906040898077,1.686,107430.133762732
1.0819056473479087,1.6862,107430.133947591
1.097303414384771,1.6864,107430.134129856
0.9925410339619657,1.6865999999999999,107430.134331359
0.5370006941598927,1.6867999999999999,107430.134703798
1.185395933986273,1.687,107430.134872518
1.3837096494345802,1.6872,107430.135017057
1.4097014277231719,1.6874,107430.135158931
1.159272495907088,1.6876,107430.135331453
1.0354110680438768,1.6878,107430.135524613
1.0550526380545804,1.688,107430.135714177
1.0781962063124808,1.6882000000000001,107430.135899672
1.0263199107129592,1.6884000000000001,107430.136094543
0.8744928057211052,1.6886,107430.136323247
0.780152912452002,1.6888,107430.136579607
1.1827110955907436,1.689,107430.13674871
0.9962342542069715,1.6892,107430.136949466
1.0492079005711055,1.6894,107430.137140086
1.041634103772412,1.6896,107430.137332092
1.0109587577469046,1.6898,107430.137529924
0.8493759225429564,1.69,107430.137765391
1.0568702121506617,1.6902,107430.137954629
0.8807584877111971,1.6904,107430.138181706
0.6545895006835039,1.6905999999999999,107430.138487241
0.6949994724354803,1.6907999999999999,107430.138775011
1.0217739992667085,1.6909999999999998,107430.138970749
0.9157383294586778,1.6912,107430.139189152
0.999455280158559,1.6914,107430.139389261
1.1209192119054603,1.6916,107430.139567686
1.035491418193934,1.6918,107430.139760831
1.098508821043325,1.692,107430.139942896
1.0070442598892804,1.6922000000000001,107430.140141497
0.8651042855277844,1.6924000000000001,107430.140372683
0.9878299449874641,1.6926,107430.140575147
0.8445696350446027,1.6928,107430.140811954
0.8054350960348889,1.693,107430.141060267
1.095860308895464,1.6932,107430.141242772
0.8186052660709826,1.6934,107430.14148709
1.039317438138513,1.6936,107430.141679524
1.0637165448730188,1.6938,107430.141867544
0.8490297763878281,1.694,107430.142103107
1.0782775817996346,1.6942,107430.142288588
0.837373674645223,1.6944,107430.14252743
0.8422506738974997,1.6945999999999999,107430.142764889
1.4274599253152023,1.6947999999999999,107430.142904998
1.0733241499693351,1.6949999999999998,107430.143091335
0.8445981805981309,1.6952,107430.143328134
0.8393204693463092,1.6954,107430.143566422
0.9769346244358974,1.6956,107430.143771144
0.9197220139923069,1.6958,107430.143988601
1.0430682824227908,1.696,107430.144180343
0.844776556141942,1.6962000000000002,107430.144417092
0.809641221891188,1.6964000000000001,107430.144664115
0.2923848348804167,1.6966,107430.145348145
1.9103291224690255,1.6968,107430.145452839
3.3101620260538724,1.697,107430.145513259
2.343457076879667,1.6972,107430.145598603
2.2129036494347645,1.6974,107430.145688982
0.9981882532595507,1.6976,107430.145889345
1.142759213063148,1.6978,107430.14606436
0.8569274072210953,1.698,107430.146297752
1.055637395256223,1.6982,107430.146487211
1.0757488519947636,1.6984,107430.146673128
1.0808824033771922,1.6985999999999999,107430.146858162
1.040285038090851,1.6987999999999999,107430.147050417
1.1176555587034256,1.6989999999999998,107430.147229363
1.0293414229730282,1.6992,107430.147423662
0.991645363676187,1.6994,107430.147625347
1.1331123989607081,1.6996,107430.147801852
1.078626485159158,1.6998,107430.147987273
1.016632117667963,1.7,107430.148184001
1.0752687896878048,1.7002000000000002,107430.148370001
0.870909460161196,1.7004000000000001,107430.148599646
0.4119922723042197,1.7006000000000001,107430.149085092
1.395371456232932,1.7008,107430.149228423
0.8457482487357209,1.701,107430.1494649
0.9748679032724563,1.7012,107430.149670056
0.8926299887510155,1.7014,107430.149894113
1.120241015625418,1.7016,107430.150072646
0.8418181589839652,1.7018,107430.150310227
0.8371248287364098,1.702,107430.15054914
0.5877218960914181,1.7022,107430.150889437
1.2741938138456235,1.7024,107430.151046399
1.1078061713913072,1.7026,107430.151226936
0.8520754057261023,1.7027999999999999,107430.151461657
0.821483446821033,1.7029999999999998,107430.151705119
0.8669681027373695,1.7032,107430.151935808
0.8352299660234618,1.7034,107430.152175263
0.8329481089011878,1.7036,107430.152415374
1.073848621601077,1.7038,107430.15260162
0.987303268570407,1.704,107430.152804192
1.213010711027365,1.7042000000000002,107430.152969071
0.9885183373344862,1.7044000000000001,107430.153171394
0.8079110606357908,1.7046000000000001,107430.153418946
1.1934527837687872,1.7048,107430.153586527
0.8554502910257631,1.705,107430.153820322
1.0463862623906992,1.7052,107430.154011456
0.8431632276930732,1.7054,107430.154248658
1.1341340174056311,1.7056,107430.154425004
0.8419386757925464,1.7058,107430.154662551
1.066478935809684,1.706,107430.154850084
0.9342170860795759,1.7062,107430.155064167
0.8488280011614955,1.7064,107430.155299786
0.8714065363848911,1.7066,107430.1555293
0.8249872278590468,1.7067999999999999,107430.155771728
1.1547076705719692,1.7069999999999999,107430.155944932
0.9558858750382347,1.7072,107430.156154162
1.1010184375687981,1.7074,107430.156335812
0.9354143566777949,1.7076,107430.156549621
0.6954344485651361,1.7078,107430.156837211
1.0468409556791163,1.708,107430.157028262
1.1122171516304653,1.7082000000000002,107430.157208083
0.8752888205838169,1.7084000000000001,107430.157436579
1.0231173386358436,1.7086000000000001,107430.15763206
0.862559712330536,1.7088,107430.157863928
0.85000408165856,1.709,107430.158099221
0.8615008034445305,1.7092,107430.158331374
0.8294487537925503,1.7094,107430.158572498
0.6991980043808307,1.7096,107430.15885854
1.5824413243235527,1.7098,107430.158984927
1.0899479017112714,1.71,107430.159168422
0.862887237860752,1.7102,107430.159400202
0.9728383466575936,1.7104,107430.159605786
0.7737333185535381,1.7106,107430.159864273
0.7229298780135166,1.7107999999999999,107430.160140925
0.7639506882972684,1.7109999999999999,107430.160402722
0.9064129034513692,1.7112,107430.160623372
1.0084558868142353,1.7114,107430.160821695
0.5099309038066678,1.7116,107430.161213905
0.9464991383857485,1.7118,107430.16142521
1.6774863178002117,1.712,107430.161544436
1.1019648660404735,1.7122000000000002,107430.16172593
0.7767140961230847,1.7124000000000001,107430.161983425
0.6479390557007656,1.7126000000000001,107430.162292096
1.727533484376159,1.7128,107430.162407868
0.7968794456820817,1.713,107430.162658847
1.373635820745006,1.7132,107430.162804446
0.6275493976182386,1.7134,107430.163123146
0.5582787201411016,1.7136,107430.16348139
1.838573188277734,1.7138,107430.16359017
0.8732290021229516,1.714,107430.163819205
2.4949167947260875,1.7142,107430.163899368
0.5835633423130967,1.7144,107430.16424209
2.805481783968192,1.7146,107430.164313379
0.8182168064344387,1.7147999999999999,107430.164557813
3.1862351338879193,1.7149999999999999,107430.164620583
0.8452835412925744,1.7151999999999998,107430.16485719
0.7943915981128054,1.7154,107430.165108955
1.5896988197805757,1.7156,107430.165234765
0.873248032616322,1.7158,107430.165463795
1.0973936580159083,1.716,107430.165646045
0.8617384192170188,1.7162,107430.165878134
0.8026229424141537,1.7164000000000001,107430.166127317
1.2010497159368632,1.7166000000000001,107430.166293838
1.0442991951524276,1.7168,107430.166485354
0.8994747121399504,1.717,107430.166707706
1.10200727753688,1.7172,107430.166889193
0.8208462214476786,1.7174,107430.167132844
1.0055203330942049,1.7176,107430.167331746
0.8634720729744054,1.7178,107430.167563369
0.8579015114323854,1.718,107430.167796496
0.9694055389279513,1.7182,107430.168002808
1.0837523940629477,1.7184,107430.168187352
0.8929767498243619,1.7186,107430.168411322
0.8627457561799712,1.7187999999999999,107430.16864314
0.9924327400160597,1.7189999999999999,107430.168844665
1.1230717871088196,1.7191999999999998,107430.169022748
0.8320713738638086,1.7194,107430.169263112
1.0956022559819938,1.7196,107430.16944566
0.8710004729065702,1.7198,107430.169675281
1.1129040479924486,1.72,107430.169854991
1.0246847226872537,1.7202,107430.170050173
0.6966990310372426,1.7204000000000002,107430.170337241
0.9559726415572962,1.7206000000000001,107430.170546452
0.7741196573254439,1.7208,107430.17080481
0.8120211325145088,1.721,107430.171051109
1.1280061459074,1.7212,107430.171228413
1.0444464078185804,1.7214,107430.171419902
0.8805685442810044,1.7216,107430.171647028
0.8725774726130857,1.7218,107430.171876234
1.0930156173587922,1.722,107430.172059214
0.8564467078582504,1.7222,107430.172292737
0.8510095008156284,1.7224,107430.172527752
0.934060009136683,1.7226,107430.172741871
1.2135480593236048,1.7227999999999999,107430.172906677
0.9437880363379348,1.7229999999999999,107430.173118589
0.9327052735572978,1.7231999999999998,107430.173333019
1.5568322105434211,1.7234,107430.173461485
0.8316561421304445,1.7236,107430.173701969
1.088388040785917,1.7238,107430.173885727
1.1289102571279008,1.724,107430.174062889
0.8705909825621709,1.7242,107430.174292618
0.8631032331333276,1.7244000000000002,107430.17452434
1.030481641159364,1.7246000000000001,107430.174718424
0.8565787102794582,1.7248,107430.174951911
1.0933622088374702,1.725,107430.175134833
0.9133838095504818,1.7252,107430.175353799
0.907371022782652,1.7254,107430.175574216
1.1489366776917571,1.7256,107430.17574829
0.8675133621491574,1.7258,107430.175978834
1.0756447067138528,1.726,107430.176164769
0.8735684575315622,1.7262,107430.176393715
0.8510565589224297,1.7264,107430.176628717
0.8729888897088846,1.7266,107430.176857815
1.0245271419536612,1.7268,107430.177053027
0.9302931621644837,1.7269999999999999,107430.177268013
1.0527478926267475,1.7271999999999998,107430.177457992
1.2336008860752061,1.7274,107430.177620119
0.8928092802981583,1.7276,107430.177844131
0.9372686286080573,1.7278,107430.178057517
0.8817992117639536,1.728,107430.178284326
1.0948345820282208,1.7282,107430.178467002
1.076663872929331,1.7284000000000002,107430.178652761
0.8560031193030102,1.7286000000000001,107430.178886405
1.1352219879899212,1.7288000000000001,107430.179062582
1.110555794193511,1.729,107430.179242672
0.8254605185965459,1.7292,107430.179484961
1.129050478667034,1.7294,107430.179662101
0.8677241196626486,1.7296,107430.179892589
1.102700018718001,1.7298,107430.180073962
1.1008245151255982,1.73,107430.180255644
0.8680178611444096,1.7302,107430.180486054
0.855849282896863,1.7304,107430.18071974
0.9556803577541623,1.7306,107430.180929015
0.8082538582858905,1.7308,107430.181176462
1.1617776099640507,1.7309999999999999,107430.181348612
0.9800462621296079,1.7311999999999999,107430.181552684
1.1829629442655079,1.7314,107430.181721751
0.8119156468039904,1.7316,107430.181968082
1.7955417533523592,1.7318,107430.182079469
1.0582738291446463,1.732,107430.182268456
1.1627974855834506,1.7322,107430.182440455
0.9867918192449667,1.7324000000000002,107430.182643132
1.0859767090987658,1.7326000000000001,107430.182827298
0.76325682050458,1.7328000000000001,107430.183089333
2.1202837208051473,1.733,107430.18318366
0.8170535393031656,1.7332,107430.183428442
0.5484290324355102,1.7334,107430.18379312
1.2897567299086283,1.7336,107430.183948188
1.308241321265117,1.7338,107430.184101065
1.0669910218200305,1.734,107430.184288508
0.715617260107376,1.7342,107430.184567987
0.9119178664674078,1.7344,107430.184787305
1.2613998917007339,1.7346,107430.184945859
1.0738601164033292,1.7348,107430.185132103
0.8594793873585332,1.7349999999999999,107430.185364802
0.9025392875636892,1.7351999999999999,107430.185586399
1.289249677728628,1.7354,107430.185741528
0.912525331979661,1.7356,107430.1859607
0.9911489913805646,1.7358,107430.186162486
1.1451277457215885,1.736,107430.186337139
1.0803453505531575,1.7362,107430.186522265
0.8178286666371768,1.7364000000000002,107430.186766815
1.119175359779141,1.7366000000000001,107430.186945518
1.0849281965464135,1.7368000000000001,107430.187129862
0.8566117572852434,1.737,107430.18736334
0.7954658188269097,1.7372,107430.187614765
0.884967532841147,1.7374,107430.187840762
0.8634981672324508,1.7376,107430.188072378
1.215406575979627,1.7378,107430.188236932
0.8549894899814791,1.738,107430.188470853
0.8775509187855997,1.7382,107430.18869876
1.0395064112483623,1.7384,107430.188891159
0.8260912762797772,1.7386,107430.189133263
1.0957163293828158,1.7388,107430.189315792
0.8333090008485027,1.7389999999999999,107430.189555799
0.6966796426873266,1.7391999999999999,107430.189842875
1.0293943878703167,1.7393999999999998,107430.190037164
1.17104246128124,1.7396,107430.190207952
0.7102751953464675,1.7398,107430.190489533
2.297925990168615,1.74,107430.190576568
1.0629364932525747,1.7402,107430.190764726
1.0645092026218919,1.7404,107430.190952606
0.8660708276158556,1.7406000000000001,107430.191183534
0.951841557840639,1.7408000000000001,107430.191393653
1.048745707461854,1.741,107430.191584357
0.9590762419918015,1.7412,107430.191792891
0.6442800767947238,1.7414,107430.192103315
1.0309756647082045,1.7416,107430.192297306
1.5422934728528344,1.7418,107430.192426983
1.1997817039926817,1.742,107430.19259368
0.8828384852677446,1.7422,107430.192820222
0.9449294801953461,1.7424,107430.193031878
1.0426278539119238,1.7426,107430.193223701
0.865647256839603,1.7428,107430.193454742
1.1646663229472525,1.7429999999999999,107430.193626465
0.7577853107513256,1.7431999999999999,107430.193890392
0.700937845413595,1.7433999999999998,107430.194175724
1.660550349917225,1.7436,107430.194296166
0.5982184995429969,1.7438,107430.194630492
3.179599545820564,1.744,107430.194693393
0.8677015492541799,1.7442,107430.194923887
1.0042479446845796,1.7444,107430.195123041
0.8295244476618383,1.7446000000000002,107430.195364143
0.928850066697301,1.7448000000000001,107430.195579463
1.1024568633354168,1.745,107430.195760876
1.0072319384070112,1.7452,107430.19595944
0.9930634127695088,1.7454,107430.196160837
0.9260845828921069,1.7456,107430.1963768
1.365803004391838,1.7458,107430.196523234
0.8170001615227376,1.746,107430.196768032
1.150728047602064,1.7462,107430.196941835
1.0975804130874434,1.7464,107430.197124054
1.0526094556509824,1.7466,107430.197314058
0.8328231877094677,1.7468,107430.197554205
0.8762322330957734,1.7469999999999999,107430.197782455
0.9609332189115731,1.7471999999999999,107430.197990586
1.0730995571477482,1.7473999999999998,107430.198176962
1.1853467590181992,1.7476,107430.198345689
0.8277905663800448,1.7478,107430.198587296
0.8663522006451729,1.748,107430.198818149
1.1068314138283215,1.7482,107430.198998845
1.087092337047896,1.7484,107430.199182822
1.0497695971313319,1.7486000000000002,107430.19937334
0.8672688299668453,1.7488000000000001,107430.199603949
1.125220116901181,1.749,107430.199781692
1.0943074517139122,1.7492,107430.199964456
0.5678059564223162,1.7494,107430.200316689
0.7127533172892685,1.7496,107430.200597291
1.5527347893419137,1.7498,107430.200726096
1.363642531564337,1.75,107430.200872762
1.1822986375589206,1.7502,107430.201041924
1.0061323256510344,1.7504,107430.201240705
0.6561895173785071,1.7506,107430.201545495
0.7033115380762884,1.7508,107430.201829864
0.8991633574009537,1.751,107430.202052293
0.9854934988912746,1.7511999999999999,107430.202255237
1.0573227580146802,1.7513999999999998,107430.202444394
0.876140067917548,1.7516,107430.202672668
0.8498378900362047,1.7518,107430.202908007
1.0939123716667603,1.752,107430.203090837
1.0724953832716357,1.7522,107430.203277318
0.851415225134787,1.7524,107430.203512221
0.8594646607010884,1.7526000000000002,107430.203744924
0.872333953306071,1.7528000000000001,107430.203974194
0.9832986305257658,1.7530000000000001,107430.204177591
1.1285025884320778,1.7532,107430.204354817
0.8409156130228183,1.7534,107430.204592653
0.8718851530732464,1.7536,107430.204822041
0.871600230458239,1.7538,107430.205051504
1.045532936949676,1.754,107430.205242794
0.8626081106616191,1.7542,107430.205474649
0.8447836698826849,1.7544,107430.205711396
0.8780710902602166,1.7546,107430.205939168
1.0579491231593698,1.7548,107430.206128213
0.58740773323205,1.755,107430.206468692
1.1583794521607713,1.7551999999999999,107430.206641347
1.5019412987387144,1.7553999999999998,107430.206774508
1.7526486118358426,1.7556,107430.206888621
0.8966237492543944,1.7558,107430.20711168
0.8022205608056171,1.756,107430.207360988
0.8893355309267095,1.7562,107430.207585875
1.1369580224190643,1.7564,107430.207761783
0.789456003415971,1.7566000000000002,107430.208015122
0.9351606582861612,1.7568000000000001,107430.208228989
0.9752624157938143,1.7570000000000001,107430.208434062
1.1852765307421786,1.7572,107430.208602799
0.8552637076249348,1.7574,107430.208836645
0.9363164623317431,1.7576,107430.209050248
1.009672651495834,1.7578,107430.209248332
0.9116518367694648,1.758,107430.209467714
0.867968908692467,1.7582,107430.209698137
1.038394627505842,1.7584,107430.209890742
1.0987682451319525,1.7586,107430.210072764
0.722298093557786,1.7588,107430.210349658
2.3286137792836317,1.759,107430.210435546
0.8613932469488269,1.7591999999999999,107430.210667728
0.8559921367703544,1.7593999999999999,107430.210901375
1.1103585875761,1.7596,107430.211081497
0.8659433036693295,1.7598,107430.211312459
1.0861890412616269,1.76,107430.211496589
0.8655386080578761,1.7602,107430.211727659
0.6866858644657687,1.7604,107430.212018913
1.649280372023766,1.7606000000000002,107430.212140178
0.8664085081155488,1.7608000000000001,107430.212371016
0.9785596926455087,1.7610000000000001,107430.212575398
1.0282089559745677,1.7612,107430.212769911
1.0404203308339652,1.7614,107430.212962141
1.0245062163117395,1.7616,107430.213157357
1.1662282823711412,1.7618,107430.21332885
1.0778591617901732,1.762,107430.213514403
1.0251731258782912,1.7622,107430.213709492
0.9922210223230845,1.7624,107430.21391106
1.1323104959406547,1.7626,107430.21408769
0.8431845395685018,1.7628,107430.214324886
1.0398685133753187,1.763,107430.214517218
0.8860927792880738,1.7631999999999999,107430.214742928
1.0339390479261545,1.7633999999999999,107430.214936363
1.119062636816178,1.7635999999999998,107430.215115084
0.8472566249890421,1.7638,107430.21535114
0.8135769497403144,1.764,107430.215596968
1.143170688161596,1.7642,107430.21577192
0.8498812449617369,1.7644,107430.216007247
1.0239240016123712,1.7646,107430.216202574
0.8560361219109448,1.7648000000000001,107430.216436209
1.1194259467055434,1.7650000000000001,107430.216614872
1.073675641962264,1.7652,107430.216801148
0.8216555317583871,1.7654,107430.217044559
1.123513470754297,1.7656,107430.217222572
1.0746043619072438,1.7658,107430.217408687
0.816676547228703,1.766,107430.217653582
1.0978936838119189,1.7662,107430.217835749
1.0802811540513946,1.7664,107430.218020886
0.8724747204618011,1.7666,107430.218250119
0.7171697371268245,1.7668,107430.218528993
1.4646864277075178,1.767,107430.218665541
1.0964010940161115,1.7671999999999999,107430.218847956
1.064667941933207,1.7673999999999999,107430.219035808
1.1344749663859282,1.7675999999999998,107430.219212101
0.8640690005098539,1.7678,107430.219443564
0.8413931448097044,1.768,107430.219681265
1.0125454740698632,1.7682,107430.219878787
1.1097855787497122,1.7684,107430.220059002
0.7370038456620733,1.7686,107430.220330371
0.46462139566087995,1.7688000000000001,107430.220760829
1.2679173189837734,1.7690000000000001,107430.220918568
1.6157829890988469,1.7692,107430.221042347
1.9341983833894223,1.7694,107430.221145749
1.3882334148022815,1.7696,107430.221289817
0.8853788558271235,1.7698,107430.221515709
0.8301510541650801,1.77,107430.221756629
1.1251885198130953,1.7702,107430.221934377
0.9307390734808306,1.7704,107430.22214926
1.0551806198449083,1.7706,107430.222338801
0.606097337451032,1.7708,107430.222668781
2.5279337234883115,1.771,107430.222747897
0.9710246378322873,1.7711999999999999,107430.222953865
1.0442228672416334,1.7713999999999999,107430.223145395
1.137009660618438,1.7715999999999998,107430.223321295
0.853748561631049,1.7718,107430.223555556
1.091500537749059,1.772,107430.22373879
0.8233027202561798,1.7722,107430.223981714
0.8105402735074384,1.7724,107430.224228463
1.4401751514451988,1.7726,107430.224367335
1.151178547042615,1.7728000000000002,107430.22454107
0.7191424928177287,1.7730000000000001,107430.224819179
1.3856845264316986,1.7732,107430.224963512
1.446068854107806,1.7734,107430.225101818
0.8623663356322511,1.7736,107430.225333738
1.045472810935139,1.7738,107430.225525039
0.879952497774075,1.774,107430.225752324
1.0028480654785448,1.7742,107430.225951756
0.8003361243520358,1.7744,107430.226201651
0.8047253468690967,1.7746,107430.226450183
0.6294395356620004,1.7748,107430.226767926
1.2784944001908163,1.775,107430.22692436
1.15302354263128,1.7752,107430.227097817
1.429878694218517,1.7753999999999999,107430.227237689
0.8449014534701583,1.7755999999999998,107430.227474403
1.1317210424078097,1.7758,107430.227651125
0.8277665855836995,1.776,107430.227892739
1.0948465305032657,1.7762,107430.228075413
0.8397116333021811,1.7764,107430.22831359
1.1252264733811166,1.7766,107430.228491332
0.5420024899499158,1.7768000000000002,107430.228860334
1.2412260837915705,1.7770000000000001,107430.229021465
0.8792290813629259,1.7772000000000001,107430.229248937
2.0821187821449207,1.7774,107430.229344993
1.121289949089466,1.7776,107430.229523359
0.8807352341440329,1.7778,107430.229750442
1.0940320152629524,1.778,107430.229933252
0.8426942771645578,1.7782,107430.230170586
1.04632062154221,1.7784,107430.230361732
1.1666637675732816,1.7786,107430.230533161
0.963340044466394,1.7788,107430.230740772
0.5318540737955657,1.779,107430.231116815
1.2180490423741863,1.7792,107430.231281012
1.2336769577566087,1.7793999999999999,107430.231443129
0.6515655349926868,1.7795999999999998,107430.231750082
1.4522641500109994,1.7798,107430.231887798
2.326311581070898,1.78,107430.231973771
1.1024568633354168,1.7802,107430.232155184
0.8092742777182959,1.7804,107430.232402319
0.4888684596342709,1.7806,107430.232811427
0.5269384111203617,1.7808000000000002,107430.233190978
1.469043692432506,1.7810000000000001,107430.233327121
1.1326374680545828,1.7812000000000001,107430.2335037
1.0990701532767106,1.7814,107430.233685672
1.481119446360414,1.7816,107430.233820705
1.0119614211214454,1.7818,107430.234018341
0.9989510604885671,1.782,107430.234218551
1.099064176768233,1.7822,107430.234400524
0.932170599044795,1.7824,107430.234615077
1.180386721063449,1.7826,107430.234784513
1.05690930475605,1.7828,107430.234973744
1.0301684355605762,1.783,107430.235167887
0.9048627623488956,1.7832,107430.235388915
1.0805261777383564,1.7833999999999999,107430.23557401
0.8283185455810391,1.7835999999999999,107430.235815463
0.8442238162987018,1.7838,107430.236052367
1.0932905422010248,1.784,107430.236235301
0.8489504811269833,1.7842,107430.236470886
0.8457231641731665,1.7844,107430.23670737
0.6633565201240504,1.7846,107430.237008867
1.2203381906798043,1.7848000000000002,107430.237172756
0.8484246859140173,1.7850000000000001,107430.237408487
0.9941345576287053,1.7852000000000001,107430.237609667
1.0700165780025748,1.7854,107430.23779658
0.8514116385585416,1.7856,107430.238031484
0.9044984958714164,1.7858,107430.238252601
1.0682448695795903,1.786,107430.238439824
0.9409196249847066,1.7862,107430.238652382
1.114206134827953,1.7864,107430.238831882
0.9811568720873727,1.7866,107430.239035723
1.1078736810607364,1.7868,107430.239216249
1.2094091895381864,1.787,107430.239381619
0.8107341061634716,1.7872,107430.239628309
1.4501054876632462,1.7873999999999999,107430.23976623
1.046107186401484,1.7875999999999999,107430.239957415
1.0192900741274031,1.7877999999999998,107430.24015363
1.0450904250551194,1.788,107430.240345001
0.8445268203334461,1.7882,107430.24058182
1.2394799507990608,1.7884,107430.240743178
0.972582871654774,1.7886,107430.240948816
0.5532442401195895,1.7888,107430.24131032
1.2588195753808906,1.7890000000000001,107430.241469199
1.7001596815390727,1.7892000000000001,107430.241586835
1.3754780880787543,1.7894,107430.241732239
1.0732780504922823,1.7896,107430.241918584
0.9905452333718618,1.7898,107430.242120493
1.117636836107238,1.79,107430.242299442
0.7293760039516564,1.7902,107430.242573649
0.8990056732634034,1.7904,107430.242796117
0.8704470186834975,1.7906,107430.243025884
0.6029199440100731,1.7908,107430.243357603
1.3021257238485693,1.791,107430.243511198
1.2288559962038295,1.7912,107430.243673951
1.0746448615100694,1.7913999999999999,107430.243860059
0.9818841808779948,1.7915999999999999,107430.244063749
0.9188854355749022,1.7917999999999998,107430.244281404
0.8573902466134727,1.792,107430.24451467
0.7705228880340812,1.7922,107430.244774234
1.0669910218200305,1.7924,107430.244961677
0.8858063181853211,1.7926,107430.24518746
1.0316350742681941,1.7928,107430.245381327
1.0819934611650228,1.7930000000000001,107430.245566171
0.8173039591196531,1.7932000000000001,107430.245810878
0.8396340689492714,1.7934,107430.246049077
1.0333674318509882,1.7936,107430.246242619
0.8637331408268716,1.7938,107430.246474172
0.8790436200703154,1.794,107430.246701692
0.8497837157347017,1.7942,107430.246937046
0.42851695237066667,1.7944,107430.247403772
1.1674672832044983,1.7946,107430.247575083
1.9965262948464253,1.7948,107430.247675257
1.0805086784280182,1.795,107430.247860355
0.9352174834196317,1.7952,107430.248074209
0.8161166782110975,1.7953999999999999,107430.248319272
1.2154803126948164,1.7955999999999999,107430.248483816
1.4022787557536551,1.7957999999999998,107430.248626441
0.8475725253680897,1.796,107430.248862409
0.820991114614941,1.7962,107430.249106017
0.6530292251903421,1.7964,107430.249412282
1.7994997587204504,1.7966,107430.249523424
1.0179774940526292,1.7968,107430.249719892
1.1308060054955866,1.7970000000000002,107430.249896757
0.9279924217335324,1.7972000000000001,107430.250112276
0.8213552157797073,1.7974,107430.250355776
1.3037215678773695,1.7976,107430.250509183
1.1235260534055374,1.7978,107430.250687194
1.0292725073781805,1.798,107430.250881506
0.8626676144867302,1.7982,107430.251113345
0.6711432031558467,1.7984,107430.251411344
1.5863446984760388,1.7986,107430.25153742
1.0435689835328728,1.7988,107430.25172907
0.8511833729623287,1.799,107430.251964037
2.7123794793033422,1.7992,107430.252037773
1.0849634826328727,1.7993999999999999,107430.252222111
0.9510042496733483,1.7995999999999999,107430.252432415
1.1189437418905464,1.7997999999999998,107430.252611155
0.8473499180580832,1.8,107430.252847185
0.896177779655598,1.8002,107430.253070355
0.7728990721990454,1.8004,107430.253329121
0.9038976243436588,1.8006,107430.253550385
0.9976654673295816,1.8008,107430.253750853
1.1813766845502316,1.8010000000000002,107430.253920147
1.0664221688385165,1.8012000000000001,107430.25410769
1.0026519958535594,1.8014000000000001,107430.254307161
0.8890034371006835,1.8016,107430.254532132
0.8402655677101829,1.8018,107430.254770152
0.8205363561268626,1.802,107430.255013895
0.8039231648093342,1.8022,107430.255262675
1.4725263476652701,1.8024,107430.255398496
0.8602483464753263,1.8026,107430.255630987
0.8272632598296036,1.8028,107430.255872748
1.0356738515227315,1.803,107430.256065859
0.8832205295326855,1.8032,107430.256292303
0.8190712604692357,1.8034,107430.256536482
1.0652066064082373,1.8035999999999999,107430.256724239
0.9954508583075646,1.8037999999999998,107430.256925153
0.9935962542649631,1.804,107430.257126442
0.5391053562901427,1.8042,107430.257497427
0.7527541183230964,1.8044,107430.257763118
1.8403326961211166,1.8046,107430.257871794
2.753493601183644,1.8048,107430.257944429
0.9775983139440158,1.8050000000000002,107430.258149012
1.1596623881176298,1.8052000000000001,107430.258321476
1.092812512225932,1.8054000000000001,107430.25850449
1.0314116426577578,1.8056,107430.258698399
1.0437596645482847,1.8058,107430.258890014
1.026477966793251,1.806,107430.259084855
0.6901763637601865,1.8062,107430.259374636
1.7308226995395963,1.8064,107430.259490188
1.0609685091432797,1.8066,107430.259678695
0.9098849750192493,1.8068,107430.259898503
1.275233735607674,1.807,107430.260055337
0.7331915776429325,1.8072,107430.260328117
1.079103704838274,1.8074,107430.260513456
1.3152097013911994,1.8075999999999999,107430.260665523
0.9161536602962808,1.8077999999999999,107430.260883827
1.1086289926123436,1.808,107430.26106423
0.7526776474174803,1.8082,107430.261329948
0.7759155945542825,1.8084,107430.261587708
1.06198260674969,1.8086,107430.261776035
1.5459654142944945,1.8088,107430.261905404
1.0172163812173047,1.8090000000000002,107430.262102019
1.1055281774442933,1.8092000000000001,107430.262282928
0.8589884663294448,1.8094000000000001,107430.26251576
0.6645489654903577,1.8096,107430.262816716
2.0772963484707008,1.8098,107430.262912995
1.687592740299735,1.81,107430.263031507
1.092961900572035,1.8102,107430.263214496
0.8213079983541737,1.8104,107430.26345801
0.7223163146871132,1.8106,107430.263734897
1.0856997035709544,1.8108,107430.26391911
1.079668783877752,1.811,107430.264104352
1.0504146584096052,1.8112,107430.264294753
1.0315765360484843,1.8114,107430.264488631
0.9630061257716658,1.8115999999999999,107430.264696314
1.0009559075855532,1.8117999999999999,107430.264896123
1.0599002716951142,1.812,107430.26508482
0.7368219351586659,1.8122,107430.265356256
0.9056248168391151,1.8124,107430.265577098
1.1120316811045645,1.8126,107430.265756949
1.0382706065648517,1.8128,107430.265949577
1.018495900952482,1.813,107430.266145945
1.0461509812888523,1.8132000000000001,107430.266337122
0.7923836127086342,1.8134000000000001,107430.266589525
1.0615879687427383,1.8136,107430.266777922
0.842843420356178,1.8138,107430.267015214
1.0778301685579932,1.814,107430.267200772
0.7209285270924888,1.8142,107430.267478192
0.9046867558944791,1.8144,107430.267699263
1.1292544741584107,1.8146,107430.267876371
0.9733923020540962,1.8148,107430.268081838
0.8509009128865904,1.815,107430.268316883
1.0467861005487813,1.8152,107430.268507944
0.811777247383114,1.8154,107430.268754317
1.0355880108977544,1.8155999999999999,107430.268947444
1.0289759827060108,1.8157999999999999,107430.269141812
1.0488556745743656,1.8159999999999998,107430.269332496
0.8922795577296574,1.8162,107430.269556641
1.0534910107419102,1.8164,107430.269746486
1.1548343847160814,1.8166,107430.269919671
0.7950863559330031,1.8168,107430.270171216
0.8914364531921591,1.817,107430.270395573
0.9366935343741505,1.8172000000000001,107430.27060909
0.7359949492710915,1.8174000000000001,107430.270880831
1.0485917602367594,1.8176,107430.271071563
0.8118958862721849,1.8178,107430.2713179
0.8675584845611405,1.818,107430.271548432
1.0707785280779984,1.8182,107430.271735212
0.743403225011949,1.8184,107430.272004245
1.3634007969763784,1.8186,107430.272150937
0.8479606432703153,1.8188,107430.272386797
0.848691144355379,1.819,107430.272622454
0.8328440305400175,1.8192,107430.272862595
0.7160194924661863,1.8194,107430.273141917
1.823569543449819,1.8195999999999999,107430.273251592
0.8296448754369333,1.8197999999999999,107430.273492659
0.831248312780999,1.8199999999999998,107430.273733261
0.9215443164148747,1.8202,107430.273950288
0.8025843217601915,1.8204,107430.274199483
1.1809930631766916,1.8206,107430.274368832
0.9844845336258028,1.8208,107430.274571984
0.9682369743659343,1.821,107430.274778545
1.1666298001158273,1.8212000000000002,107430.274949979
0.823709650397707,1.8214000000000001,107430.275192783
0.8604148645561521,1.8216,107430.275425229
0.7231782361261475,1.8218,107430.275701786
1.2236382778049064,1.822,107430.275865233
1.141343984895221,1.8222,107430.276040465
0.8381702712937356,1.8224,107430.27627908
0.8717901950384387,1.8226,107430.276508493
0.9448447066190496,1.8228,107430.276720168
0.801410464422095,1.823,107430.276969728
0.9727626746193418,1.8232,107430.277175328
0.8225747340151958,1.8234,107430.277418467
1.055904868515909,1.8235999999999999,107430.277607878
0.634852100469181,1.8237999999999999,107430.277922912
1.1827531307783026,1.8239999999999998,107430.278092009
1.0239711464439452,1.8242,107430.278287327
1.374655530565013,1.8244,107430.278432818
0.8853827913231108,1.8246,107430.278658709
1.0882813478288555,1.8248,107430.278842485
0.8242528006426202,1.825,107430.279085129
1.18966182126924,1.8252000000000002,107430.279253244
0.933536906280949,1.8254000000000001,107430.279467483
1.335407650008452,1.8256000000000001,107430.27961725
0.6760799454487523,1.8258,107430.279913073
1.3000097375858233,1.826,107430.280066918
0.9642736385265673,1.8262,107430.280274328
1.012637758516805,1.8264,107430.280471832
1.1921935146051312,1.8266,107430.28063959
0.7586735359528094,1.8268,107430.280903208
1.1062374630522396,1.827,107430.281084001
0.8582512328056346,1.8272,107430.281317033
0.8435437446310515,1.8274,107430.281554128
1.0237353131856524,1.8276,107430.281749491
1.0462385024180356,1.8277999999999999,107430.281940652
1.203058170826325,1.8279999999999998,107430.282106895
1.0653995788301496,1.8282,107430.282294618
0.8366975609446333,1.8284,107430.282533653
1.3597671427733213,1.8286,107430.282680737
0.8625820701687041,1.8288,107430.282912599
0.8412657293802165,1.829,107430.283150336
1.0435581280664337,1.8292000000000002,107430.283341988
1.0759514752835364,1.8294000000000001,107430.28352787
0.8893157352558906,1.8296000000000001,107430.283752762
0.6121768145797222,1.8298,107430.284079465
1.170562625296123,1.83,107430.284250323
0.9294068938522881,1.8302,107430.284465514
1.3536471926920701,1.8304,107430.284613263
0.7828891476690036,1.8306,107430.284868727
1.0063349168144429,1.8308,107430.285067468
0.983753298447319,1.831,107430.285270771
0.8667351374475872,1.8312,107430.285501522
0.854890838068017,1.8314,107430.28573547
0.7253314625999429,1.8316,107430.286011206
1.3147947532936353,1.8317999999999999,107430.286163321
0.8392394924784167,1.8319999999999999,107430.286401632
0.8429535287180302,1.8322,107430.286638893
1.0854286683921055,1.8324,107430.286823152
0.8031160571842672,1.8326,107430.287072182
1.1658273375867314,1.8328,107430.287243734
1.0933502057603453,1.833,107430.287426658
0.8513862696697183,1.8332000000000002,107430.287661569
0.8228793420746061,1.8334000000000001,107430.287904618
0.6725786249713592,1.8336000000000001,107430.288201981
0.985857906064506,1.8338,107430.28840485
1.7609972962384772,1.834,107430.288518422
1.0465889725202424,1.8342,107430.288709519
0.9019246793446642,1.8344,107430.288931267
1.1139764786742872,1.8346,107430.289110804
1.0620672160751778,1.8348,107430.289299116
0.8804754646762256,1.835,107430.289526266
1.0700337391119297,1.8352,107430.289713176
0.8775393763803272,1.8354,107430.289941086
1.0656663211752695,1.8356,107430.290128762
0.8010124718077765,1.8357999999999999,107430.290378446
1.0174648118914653,1.8359999999999999,107430.290575013
1.002958717704432,1.8362,107430.290774423
1.000750593941589,1.8364,107430.290974273
0.8581775468971929,1.8366,107430.291207325
1.0522937749732932,1.8368,107430.291397386
0.9689922479464799,1.837,107430.291603786
0.9264449015357468,1.8372000000000002,107430.291819665
0.996815182225751,1.8374000000000001,107430.292020304
1.0751069578581685,1.8376000000000001,107430.292206332
0.5382421047869679,1.8378,107430.292577912
1.2021542505099385,1.838,107430.29274428
1.574146164340838,1.8382,107430.292871333
0.9926543701391407,1.8384,107430.293072813
1.1702133933405876,1.8386,107430.293243722
0.8127570323591699,1.8388,107430.293489798
0.9208400094093686,1.839,107430.293706991
0.872238786781654,1.8392,107430.293936286
0.8313105075568229,1.8394,107430.29417687
0.5711886631817888,1.8396,107430.294527017
1.5961310885128421,1.8397999999999999,107430.29465232
1.0521830052316712,1.8399999999999999,107430.294842401
0.9111866278895696,1.8401999999999998,107430.295061895
0.7206947493240418,1.8404,107430.295339405
0.6578709273259371,1.8406,107430.295643416
0.9164558724669986,1.8408,107430.295861648
0.8543248409207861,1.841,107430.296095751
1.2719651749866372,1.8412,107430.296252988
0.5401755626084416,1.8414000000000001,107430.296623238
1.3068222504915583,1.8416000000000001,107430.296776281
1.5119214713623224,1.8418,107430.296908563
0.9423561061663351,1.842,107430.297120797
1.0541795459383472,1.8422,107430.297310518
1.0353681677308064,1.8424,107430.297503686
1.004137081185546,1.8426,107430.297702862
1.0321781081946648,1.8428,107430.297896627
0.9971630514900705,1.843,107430.298097196
0.8772468833817312,1.8432,107430.298325182
0.5610318356640369,1.8434,107430.298681668
1.2280788048727942,1.8436,107430.298844524
0.7596446615210346,1.8437999999999999,107430.299107805
1.8763486320528613,1.8439999999999999,107430.299214395
1.544938371417353,1.8441999999999998,107430.29934385
1.1567045609142266,1.8444,107430.299516755
1.067252926208534,1.8446,107430.299704152
1.1222966744275755,1.8448,107430.299882358
0.8504015862237907,1.845,107430.300117541
0.8552527440572883,1.8452,107430.30035139
0.3966672009058115,1.8454000000000002,107430.300855591
1.4132778534464217,1.8456000000000001,107430.300997106
0.7860399155754725,1.8458,107430.301251546
1.7303731456731826,1.846,107430.301367128
1.9467185626351957,1.8462,107430.301469865
0.7628783238218056,1.8464,107430.30173203
1.0529585608311516,1.8466,107430.301921971
1.2593506256390938,1.8468,107430.302080783
1.0060767194386486,1.847,107430.302279575
1.1718590159650368,1.8472,107430.302450244
0.514922443419955,1.8474,107430.302838652
1.5898503462379505,1.8476,107430.30296445
1.2496407707496808,1.8477999999999999,107430.303124496
1.2412414411983568,1.8479999999999999,107430.303285625
0.8631777131644701,1.8481999999999998,107430.303517327
1.0261989103731732,1.8484,107430.303712221
0.8714331124150608,1.8486,107430.303941728
0.8354707286187246,1.8488,107430.304181114
1.119181648147464,1.849,107430.304359816
1.0788825306831917,1.8492,107430.304545193
1.0433512042404947,1.8494000000000002,107430.304736883
1.1270399851475013,1.8496000000000001,107430.304914339
1.0352877587211633,1.8498,107430.305107522
0.859449880802229,1.85,107430.305340229
0.8415347685087311,1.8502,107430.30557789
0.926629476736797,1.8504,107430.305793726
1.0132122846436413,1.8506,107430.305991118
0.9888067253181693,1.8508,107430.306193382
0.8578941215015837,1.851,107430.306426511
1.212466564921135,1.8512,107430.306591464
1.0601699915918936,1.8514,107430.306780113
1.103764919667924,1.8516,107430.306961311
1.0215078196928709,1.8518,107430.3071571
0.8823750184786225,1.8519999999999999,107430.307383761
0.8554685544879226,1.8521999999999998,107430.307617551
0.9942335136369775,1.8524,107430.307818711
1.0106113787441666,1.8526,107430.308016611
1.168401714530227,1.8528,107430.308187785
1.0258356976372898,1.853,107430.308382748
0.8492496989353826,1.8532,107430.30861825
1.0888679004950446,1.8534000000000002,107430.308801927
0.8409333125871241,1.8536000000000001,107430.309039758
1.0955241826767395,1.8538000000000001,107430.309222319
0.8633267660282153,1.854,107430.309453981
0.8499353791386576,1.8542,107430.309689293
0.8360050955822224,1.8544,107430.309928526
1.1114939774503851,1.8546,107430.310108464
0.854222625834619,1.8548,107430.310342595
0.8722958620593274,1.855,107430.310571875
1.0610980122016767,1.8552,107430.310760359
0.660724555911188,1.8554,107430.311063057
2.409725826236561,1.8556,107430.311146054
1.0066640987550923,1.8558,107430.31134473
0.9767008003264472,1.8559999999999999,107430.311549501
1.0361244359338657,1.8561999999999999,107430.311742528
0.8673403086612607,1.8564,107430.311973118
1.0349717031429813,1.8566,107430.31216636
0.8481188789342109,1.8568,107430.312402176
0.84539428816899,1.857,107430.312638752
1.0609178960472005,1.8572,107430.312827268
0.942991486748395,1.8574000000000002,107430.313039359
1.138135484633231,1.8576000000000001,107430.313215085
0.8138517477693213,1.8578000000000001,107430.31346083
1.1568918922589493,1.858,107430.313633707
0.8773045599757185,1.8582,107430.313861678
0.7487103440862566,1.8584,107430.314128804
1.5386036223060362,1.8586,107430.314258792
1.0852461110558935,1.8588,107430.314443082
0.8704205027640359,1.859,107430.314672856
1.0277281081514464,1.8592,107430.31486746
1.0183247502068662,1.8594,107430.315063861
1.0686842756652957,1.8596,107430.315251007
1.0815078956184658,1.8598,107430.315435934
0.9031016789709613,1.8599999999999999,107430.315657393
0.8347315180901367,1.8601999999999999,107430.315896991
0.683982818245348,1.8604,107430.316189396
0.7263324659554687,1.8606,107430.316464752
0.9708219547574372,1.8608,107430.316670763
0.9666552290825396,1.861,107430.316877662
0.4757362570382169,1.8612,107430.317298063
1.282725579959775,1.8614000000000002,107430.317453981
0.9925706379422611,1.8616000000000001,107430.317655478
1.338401393490424,1.8618000000000001,107430.31780491
0.7757891514565708,1.862,107430.318062712
1.337873221646269,1.8622,107430.318212203
1.0013217013213618,1.8624,107430.318411939
1.0476744557961701,1.8626,107430.318602838
0.8688437031709488,1.8628,107430.318833029
0.8245790347503246,1.863,107430.319075577
1.138355787859231,1.8632,107430.319251269
0.7068011848471701,1.8634,107430.319534234
1.2922985927527002,1.8636,107430.319688997
1.2970588840526307,1.8638,107430.319843192
1.0175062413569602,1.8639999999999999,107430.320039751
1.074731416537015,1.8641999999999999,107430.320225844
0.8689531833491576,1.8643999999999998,107430.320456006
0.8626453063593363,1.8646,107430.320687851
0.8702083784532693,1.8648,107430.320917681
1.0788417957356762,1.865,107430.321103065
0.48767046720167545,1.8652,107430.321513178
2.678954269566853,1.8654,107430.321587834
0.9820770535644613,1.8656000000000001,107430.321791484
0.8658196353184835,1.8658000000000001,107430.322022479
1.4498321295118495,1.866,107430.322160426
0.9051780773735888,1.8662,107430.322381377
0.7996641284545044,1.8664,107430.322631482
1.0118999536085167,1.8666,107430.32282913
1.8529672437547473,1.8668,107430.322937065
0.7638718832591281,1.867,107430.323198889
1.1777592178054903,1.8672,107430.323368703
0.8549200855871149,1.8674,107430.323602643
0.9336109108317682,1.8676,107430.323816865
1.2553982441644396,1.8678,107430.323976177
0.8646591926006205,1.8679999999999999,107430.324207482
0.8652352664118002,1.8681999999999999,107430.324438633
1.0684959263825646,1.8683999999999998,107430.324625812
1.042611560606108,1.8686,107430.324817638
0.8481008756040843,1.8688,107430.325053459
1.064373342882498,1.869,107430.325241363
0.8845526067725996,1.8692,107430.325467466
1.105436502122495,1.8694,107430.32564839
0.8396729006345948,1.8696000000000002,107430.325886578
1.1079227110970773,1.8698000000000001,107430.326067096
0.8903807726559861,1.87,107430.326291719
1.0641750565191275,1.8702,107430.326479658
1.0017330278936731,1.8704,107430.326679312
0.7585756765139389,1.8706,107430.326942964
0.6261211566053956,1.8708,107430.327262391
1.223892819797729,1.871,107430.327425804
0.9653581258816132,1.8712,107430.327632981
1.1159220199055637,1.8714,107430.327812205
1.1050578690181663,1.8716,107430.327993191
0.7918627957739237,1.8718,107430.32824576
1.5483232094333172,1.8719999999999999,107430.328374932
0.848446264600976,1.8721999999999999,107430.328610657
0.768813852672154,1.8723999999999998,107430.328870798
1.6029236490085677,1.8726,107430.32899557
1.007764874815093,1.8728,107430.329194029
1.1107778476041021,1.873,107430.329374083
0.9579736964515173,1.8732,107430.329582857
0.9377256042248249,1.8734,107430.329796139
0.9457606764947262,1.8736000000000002,107430.330007609
1.1343076492234576,1.8738000000000001,107430.330183928
0.8635131409492048,1.874,107430.33041554
1.1154551404254187,1.8742,107430.330594839
0.801580739706397,1.8744,107430.330844346
1.1704941378780447,1.8746,107430.331015214
1.1165574402822032,1.8748,107430.331194336
0.46371435690684537,1.875,107430.331625636
1.4903685227952523,1.8752,107430.331759831
1.73196146598328,1.8754,107430.331875307
1.119532541687997,1.8756,107430.332053953
1.0656777241030926,1.8758,107430.332241627
0.9533433478059747,1.876,107430.332451415
0.8536647769540611,1.8761999999999999,107430.332685699
1.0505691413907967,1.8763999999999998,107430.332876072
1.0425952678083625,1.8766,107430.333067901
0.8247184689017735,1.8768,107430.333310408
0.5714416116106014,1.877,107430.3336604
1.5317102713187838,1.8772,107430.333790973
1.237983889260713,1.8774,107430.333952526
1.2678127570214979,1.8776000000000002,107430.334110278
0.8886637191220943,1.8778000000000001,107430.334335335
0.939417007965385,1.8780000000000001,107430.334548233
1.1018191014108174,1.8782,107430.334729751
0.8418465188424918,1.8784,107430.334967324
1.0748643014309152,1.8786,107430.335153394
0.8244940515395783,1.8788,107430.335395967
0.4879917519107766,1.879,107430.33580581
1.0494004877793608,1.8792,107430.335996395
2.0540420650212217,1.8794,107430.336093764
1.5436505037229717,1.8796,107430.336223327
0.8344320052765893,1.8798,107430.336463011
1.0654847335200752,1.88,107430.336650719
1.1709601500924776,1.8801999999999999,107430.336821519
1.0594230592151765,1.8803999999999998,107430.337010301
0.6877460646060755,1.8806,107430.337301106
0.5115259596264524,1.8808,107430.337692093
0.8608259963412416,1.881,107430.337924428
1.9990003972430466,1.8812,107430.338024478
1.7383745754203406,1.8814,107430.338139528
0.8524023116015446,1.8816000000000002,107430.338374159
1.1326310275687397,1.8818000000000001,107430.338550739
0.8646928660532791,1.8820000000000001,107430.338782035
0.6925735358399953,1.8822,107430.339070813
1.3655419155406774,1.8824,107430.339217275
1.0678741060700205,1.8826,107430.339404563
0.5311534804942596,1.8828,107430.339781102
1.3385716333823146,1.883,107430.339930515
0.9125544147047263,1.8832,107430.34014968
1.05891820997994,1.8834,107430.340338552
1.428081841765632,1.8836,107430.3404786
1.1100689160001198,1.8838,107430.340658769
0.8550589588419789,1.884,107430.340892671
1.0992755913209105,1.8841999999999999,107430.341074609
1.05719978591222,1.8843999999999999,107430.341263788
0.6965874127162709,1.8846,107430.341550902
0.6443838685071108,1.8848,107430.341861276
1.468148586570257,1.885,107430.341997502
1.7776669763377952,1.8852,107430.342110009
0.8644835782846969,1.8854,107430.342341361
1.090494719519492,1.8856000000000002,107430.342524764
0.833305565194439,1.8858000000000001,107430.342764772
1.1335169550651196,1.8860000000000001,107430.342941214
1.081379148720466,1.8862,107430.343126163
0.8270785650702569,1.8864,107430.343367978
1.1264242459746447,1.8866,107430.343545531
0.5459096185883675,1.8868,107430.343911892
1.2376161216934656,1.887,107430.344073493
1.6193151634041514,1.8872,107430.344197002
0.7677160083355963,1.8874,107430.344457515
3.2533556633647174,1.8876,107430.34451899
0.7321233468475941,1.8878,107430.344792168
2.5364938145175673,1.888,107430.344871017
0.8356732147000614,1.8881999999999999,107430.345110345
1.0910361101407504,1.8883999999999999,107430.345293657
1.0975140643775865,1.8885999999999998,107430.345475887
0.8228319492568978,1.8888,107430.34571895
0.9082446127545957,1.889,107430.345939155
0.8411702188710782,1.8892,107430.346176919
0.8770737311799908,1.8894,107430.34640495
1.0065425284445992,1.8896,107430.34660365
1.0107800206462618,1.8898000000000001,107430.346801517
0.9131960995385007,1.8900000000000001,107430.347020528
1.0677714798737439,1.8902,107430.347207834
0.9646736370107387,1.8904,107430.347415158
0.7111743209058066,1.8906,107430.347696383
1.4208682670370305,1.8908,107430.347837142
0.9345139876403388,1.891,107430.348051157
1.0389178653128042,1.8912,107430.348243665
1.1022320245911317,1.8914,107430.348425115
1.0508175013518357,1.8916,107430.348615443
0.8534789715374945,1.8918,107430.348849778
0.8942384712985254,1.892,107430.349073432
1.2739421279943857,1.8921999999999999,107430.349230425
1.0986234127191636,1.8923999999999999,107430.349412471
0.7612580587095108,1.8925999999999998,107430.349675194
0.5165662854122527,1.8928,107430.350062366
1.652291597929677,1.893,107430.35018341
1.2645501986454273,1.8932,107430.350341569
1.0813558363013136,1.8934,107430.350526522
1.3804908903077417,1.8936,107430.350671398
1.0321995034540152,1.8938000000000001,107430.350865159
1.0654165095699057,1.8940000000000001,107430.351052879
0.8520936310226991,1.8942,107430.351287595
0.841655204183377,1.8944,107430.351525222
0.6007485262643707,1.8946,107430.35185814
3.146534366648333,1.8948,107430.351921702
1.2947664477710739,1.895,107430.35207617
0.858262273384374,1.8952,107430.352309199
0.8340492359324113,1.8954,107430.352548993
0.8615305050001612,1.8956,107430.352781138
1.1095331083356639,1.8958,107430.352961394
1.1052594188577065,1.896,107430.353142347
0.8547337333770458,1.8961999999999999,107430.353376338
0.8212607863571247,1.8963999999999999,107430.353619866
0.911606122877169,1.8965999999999998,107430.353839259
1.4263198433707218,1.8968,107430.35397948
0.9974813366147376,1.897,107430.354179985
1.1404264805326527,1.8972,107430.354355358
0.8526711689419412,1.8974,107430.354589915
0.8319952144897141,1.8976,107430.354830301
1.1140013091247278,1.8978000000000002,107430.355009834
1.0859296021811111,1.8980000000000001,107430.355194008
1.0968279967795984,1.8982,107430.355376352
1.0540684596907381,1.8984,107430.355566093
0.7354536549739572,1.8986,107430.355838034
1.146230325261885,1.8988,107430.356012519
1.1434713311066493,1.899,107430.356187425
0.8566998061002855,1.8992,107430.356420879
0.8342788857726375,1.8994,107430.356660607
0.8432165094017753,1.8996,107430.356897794
1.052504180848803,1.8998,107430.357087817
0.9208993649939449,1.9,107430.357304996
1.0196174244625684,1.9002,107430.357501148
0.9481233993103072,1.9003999999999999,107430.357712091
0.8344877358815571,1.9005999999999998,107430.357951759
0.9318969833208389,1.9008,107430.358166375
0.7344597493967533,1.901,107430.358438684
0.7088277289081781,1.9012,107430.35872084
1.0261040611526906,1.9014,107430.358915752
1.0511323771656338,1.9016,107430.359106023
1.062529892362656,1.9018000000000002,107430.359294253
0.8811232552468543,1.9020000000000001,107430.359521236
0.9970984495087009,1.9022000000000001,107430.359721818
1.0585594352991043,1.9024,107430.359910754
1.1068619883189483,1.9026,107430.360091445
0.8288712921582164,1.9028,107430.360332737
0.89252640127345,1.903,107430.36055682
0.8508321179930936,1.9032,107430.360791884
0.8052048209778595,1.9034,107430.361040268
1.1004308837189023,1.9036,107430.361222015
1.0783938296319746,1.9038,107430.361407476
0.8740494526750503,1.904,107430.361636296
1.0992393681691708,1.9042,107430.36181824
0.6629233534954032,1.9043999999999999,107430.362119934
1.7006801593432739,1.9045999999999998,107430.362237534
1.1035943973218798,1.9048,107430.36241876
0.8579088479388987,1.905,107430.362651885
1.1074810614943926,1.9052,107430.362832475
0.8992967351235228,1.9054,107430.363054871
0.9580838836710065,1.9056,107430.363263621
0.8991471217922986,1.9058000000000002,107430.363486054
1.2137027007297096,1.9060000000000001,107430.363650839
1.1259042649026563,1.9062000000000001,107430.363828474
0.8844821905669801,1.9064,107430.364054595
0.7490440458146865,1.9066,107430.364321602
1.7546631059737625,1.9068,107430.364435584
0.8938706727083926,1.907,107430.36465933
1.0507016603948347,1.9072,107430.364849679
1.0129453953268757,1.9074,107430.365047123
0.876251394715973,1.9076,107430.365275368
0.8740647945654484,1.9078,107430.365504184
1.0346076287836965,1.908,107430.365697494
0.845415712980071,1.9082,107430.365934064
1.0183092076182976,1.9083999999999999,107430.366130468
1.079727054737526,1.9085999999999999,107430.3663157
0.9443539036636075,1.9088,107430.366527485
1.1512117171192688,1.909,107430.366701215
1.0483498887682297,1.9092,107430.366891991
0.9548909490251851,1.9094,107430.367101439
1.1124584188545077,1.9096,107430.367281221
1.0353252709737257,1.9098000000000002,107430.367474397
0.8549419959488532,1.9100000000000001,107430.367708331
0.8476803176801462,1.9102000000000001,107430.367944269
0.8255218502592921,1.9104,107430.36818654
0.8131866549278213,1.9106,107430.368432486
0.9658662589157244,1.9108,107430.368639554
0.6190110694649966,1.911,107430.36896265
0.7843782971190135,1.9112,107430.369217629
0.6406724644857822,1.9114,107430.369529801
0.5706443413044847,1.9116,107430.369880282
0.7494201326947484,1.9118,107430.370147155
1.023677668022952,1.912,107430.370342529
1.3218858163571234,1.9122,107430.370493828
1.172827915564834,1.9123999999999999,107430.370664356
0.744487994969169,1.9125999999999999,107430.370932997
0.8336876521025076,1.9127999999999998,107430.371172895
2.337404323212851,1.913,107430.37125846
1.6052008889870264,1.9132,107430.371383055
1.120247315974787,1.9134,107430.371561587
1.1176681013760081,1.9136,107430.371740531
0.8433587476369936,1.9138,107430.371977678
1.0998499416191416,1.9140000000000001,107430.372159521
0.9517283201575354,1.9142000000000001,107430.372369665
0.6503134434921382,1.9144,107430.372677209
2.1769893369158186,1.9146,107430.372769079
0.6434778476100678,1.9148,107430.37307989
1.715192441115124,1.915,107430.373196495
0.8750667397676284,1.9152,107430.373425049
0.8439494795123309,1.9154,107430.37366203
0.8488604003854047,1.9156,107430.37389764
0.8427049211177359,1.9158,107430.374134971
1.0917328998564537,1.916,107430.374318166
0.8627643866428245,1.9162,107430.374549979
0.6117985222798022,1.9163999999999999,107430.374876884
0.9293766642182314,1.9165999999999999,107430.375092082
1.37912960316593,1.9167999999999998,107430.375237101
1.2244847994622476,1.917,107430.375400435
0.8502208801584307,1.9172,107430.375635668
1.0121918603658386,1.9174,107430.375833259
0.7794870028569395,1.9176,107430.376089838
1.2142479571870515,1.9178,107430.376254549
0.8523296265568279,1.9180000000000001,107430.3764892
0.855099177215769,1.9182000000000001,107430.376723091
1.486126962661477,1.9184,107430.376857669
0.7591775116916097,1.9186,107430.377121112
1.5998848208256775,1.9188,107430.377246121
1.1310618283558214,1.919,107430.377422946
0.8291804822555284,1.9192,107430.377664148
0.8089895139703315,1.9194,107430.37791137
1.1731581811674656,1.9196,107430.37808185
0.7873333769393824,1.9198,107430.378335872
1.269736459054474,1.92,107430.378493385
0.8592541354232395,1.9202,107430.378726145
0.50962166077629,1.9203999999999999,107430.379118593
1.8416885329357744,1.9205999999999999,107430.379227189
0.9003574563711444,1.9207999999999998,107430.379449323
0.8783371327719669,1.921,107430.379677026
1.1659359304843147,1.9212,107430.379848562
0.930444628320183,1.9214,107430.380063513
1.2635516669786484,1.9216,107430.380221797
0.8690777485377034,1.9218,107430.380451926
1.0417480327960411,1.9220000000000002,107430.380643911
0.7918095565526505,1.9222000000000001,107430.380896497
1.2057344185843204,1.9224,107430.381062371
1.8828491938097967,1.9226,107430.381168593
0.8457946747144843,1.9228,107430.381405057
0.8507814507678904,1.923,107430.381640135
1.066319821510985,1.9232,107430.381827696
1.0349609478638584,1.9234,107430.38202094
1.0222387979021696,1.9236,107430.382216589
1.1459348225595536,1.9238,107430.382391119
1.0745004380982484,1.924,107430.382577252
1.0488611975484123,1.9242,107430.382767935
1.056155839132231,1.9243999999999999,107430.382957301
1.1031257324254806,1.9245999999999999,107430.383138604
1.0407613963027917,1.9247999999999998,107430.383330771
1.0523934473930394,1.925,107430.383520814
0.8553917254160753,1.9252,107430.383754625
0.8531076562028479,1.9254,107430.383989062
1.0446373302440761,1.9256,107430.384180516
0.8502136219560733,1.9258,107430.384415751
1.049306909125829,1.9260000000000002,107430.384606353
0.41841968304523947,1.9262000000000001,107430.385084342
1.1552412998546007,1.9264000000000001,107430.385257466
1.2711890672466806,1.9266,107430.385414799
1.262921320541914,1.9268,107430.385573162
1.4454105024636514,1.927,107430.385711531
0.8564576486879495,1.9272,107430.385945051
1.0368926832192902,1.9274,107430.386137935
1.0415093078554518,1.9276,107430.386329964
0.8446730829203446,1.9278,107430.386566742
1.0382383706784328,1.928,107430.386759376
0.49571945827659736,1.9282,107430.38716283
1.2813859050391543,1.9284,107430.387318911
1.0989433421947632,1.9285999999999999,107430.387500904
2.0575497556414235,1.9287999999999998,107430.387598107
0.8892603811111314,1.929,107430.387823013
1.0107902048798862,1.9292,107430.388020878
0.6978318531896874,1.9294,107430.38830748
2.343923879741751,1.9296,107430.388392807
1.0709561666083927,1.9298,107430.388579556
0.8518105665980212,1.9300000000000002,107430.38881435
1.0546242060963855,1.9302000000000001,107430.389003991
1.0325618846680662,1.9304000000000001,107430.389197684
1.0895678826173902,1.9306,107430.389381243
0.6136512979957188,1.9308,107430.389707161
1.2237280527901004,1.931,107430.389870596
0.9496225247423314,1.9312,107430.390081206
1.1360345007971882,1.9314,107430.390257257
1.0049140074847425,1.9316,107430.390456279
1.0695129863629431,1.9318,107430.39064328
1.1772877792587868,1.932,107430.390813162
0.7450176751801459,1.9322,107430.391081612
1.3553257931781633,1.9324,107430.391229178
0.8617755399477128,1.9325999999999999,107430.391461257
0.8598193156525897,1.9327999999999999,107430.391693864
1.0552920216746335,1.933,107430.391883385
1.0704575265013847,1.9332,107430.392070221
0.8340040397802134,1.9334,107430.392310028
1.0383568925088815,1.9336,107430.39250264
1.0642939700208536,1.9338,107430.392690558
1.0500120439998235,1.9340000000000002,107430.392881032
1.0320077529721123,1.9342000000000001,107430.393074829
1.1838872737780397,1.9344000000000001,107430.393243764
1.0169008782822002,1.9346,107430.39344044
0.885782740226797,1.9348,107430.393666229
0.8523805312173715,1.935,107430.393900866
1.0977550440645685,1.9352,107430.394083056
1.051369984932989,1.9354,107430.394273284
0.8637890540676413,1.9356,107430.394504822
0.8617532779320627,1.9358,107430.394736907
0.9864121373252386,1.936,107430.394939662
0.4606978669566057,1.9362,107430.395373786
1.2789441099958456,1.9364,107430.395530165
0.7388307230558971,1.9365999999999999,107430.395800863
3.7346882044742378,1.9367999999999999,107430.395854415
0.9451661471707068,1.937,107430.396066018
1.2746078767729776,1.9372,107430.396222929
0.8666938170913074,1.9374,107430.396453691
0.5574384755530902,1.9376,107430.396812475
3.4268284882715467,1.9378,107430.396870838
0.9041591471155556,1.938,107430.397092038
0.9848480537289255,1.9382000000000001,107430.397295115
1.1413310947659545,1.9384000000000001,107430.397470349
0.8434191965977305,1.9386,107430.397707479
1.0826084719640543,1.9388,107430.397892218
0.8600929805639338,1.939,107430.398124751
1.0047171292707737,1.9392,107430.398323812
0.8660595306530624,1.9394,107430.398554743
0.7772816306207004,1.9396,107430.39881205
1.6746070598187364,1.9398,107430.398931481
0.8721969953649894,1.94,107430.399160787
1.450799671498461,1.9402,107430.399298642
0.8482951321226943,1.9404,107430.399534409
0.8044114288629798,1.9405999999999999,107430.399783038
0.6933875152669003,1.9407999999999999,107430.400071477
0.8828852160309181,1.9409999999999998,107430.400298007
0.9215528436004657,1.9412,107430.400515032
1.070698197078094,1.9414,107430.400701826
0.8343728376546931,1.9416,107430.400941527
1.0296646168012582,1.9418,107430.401135765
0.9601075453821567,1.942,107430.401344075
0.6927702516227725,1.9422000000000001,107430.401632771
1.166622868223111,1.9424000000000001,107430.401804206
1.084128366634945,1.9426,107430.401988686
0.8275816660361298,1.9428,107430.402230354
1.1096931064149604,1.943,107430.402410584
0.8567952439022687,1.9432,107430.402644012
0.85564063138582,1.9434,107430.402877755
1.0660525865777564,1.9436,107430.403065363
0.77594266670437,1.9438,107430.403323114
1.1242144873610374,1.944,107430.403501016
0.8430814559557427,1.9442,107430.403738241
1.1366671866395008,1.9444,107430.403914194
1.0738543270196108,1.9445999999999999,107430.404100439
0.7998688067354359,1.9447999999999999,107430.40435048
0.9286775951444661,1.9449999999999998,107430.40456584
0.8555271306198159,1.9452,107430.404799614
0.8460738064166966,1.9454,107430.405036
1.0662912802868896,1.9456,107430.405223566
1.026630856856248,1.9458,107430.405418378
1.1514833208078814,1.946,107430.405592067
0.8293902907380131,1.9462000000000002,107430.405833208
0.8461990876568626,1.9464000000000001,107430.406069559
1.0431335949939593,1.9466,107430.406261289
1.1073032334160047,1.9468,107430.406441908
0.8659620179260346,1.947,107430.406672865
0.8635205737478502,1.9472,107430.406904475
0.7854873560490009,1.9474,107430.407159094
1.1819213288115284,1.9476,107430.40732831
0.41381393162896596,1.9478,107430.407811619
1.256320875716294,1.948,107430.407970814
1.175654539973627,1.9482,107430.408140932
1.56960006724281,1.9484,107430.408268353
1.2846370804566634,1.9485999999999999,107430.408424039
1.3487631693779838,1.9487999999999999,107430.408572323
1.1729517308593358,1.9489999999999998,107430.408742833
0.8555344265724234,1.9492,107430.408976605
1.1586479045206233,1.9494,107430.40914922
0.8270956371635776,1.9496,107430.40939103
0.5039611282258437,1.9498,107430.409787886
1.643804094375751,1.95,107430.409909555
1.3564565015427288,1.9502000000000002,107430.410056998
1.2999167822954305,1.9504000000000001,107430.410210854
1.021627868115229,1.9506000000000001,107430.41040662
1.0230388211500658,1.9508,107430.410602116
0.7947009135717716,1.951,107430.410853783
1.0114291739339887,1.9512,107430.411051523
1.0814025472321334,1.9514,107430.411236468
0.9690626882146433,1.9516,107430.411442853
1.02971769211405,1.9518,107430.411637081
0.8595348049642569,1.952,107430.411869765
1.6480844466480145,1.9522,107430.411991118
1.0622082342167272,1.9524,107430.412179405
0.7168484583232684,1.9526,107430.412458404
1.1924635924227043,1.9527999999999999,107430.412626124
1.0969122090992438,1.9529999999999998,107430.412808454
0.8379419994624879,1.9532,107430.413047134
1.0302481285156238,1.9534,107430.413241262
1.0409672152058176,1.9536,107430.413433391
0.7362929930130109,1.9538,107430.413705022
0.5996354319351006,1.954,107430.414038558
1.5044040436216728,1.9542000000000002,107430.414171501
1.1801708278680165,1.9544000000000001,107430.414340968
1.0414333872112376,1.9546000000000001,107430.414533011
1.0067908609884386,1.9548,107430.414731662
0.9660482041761299,1.955,107430.414938691
1.2040431898765764,1.9552,107430.415104798
0.836326654689114,1.9554,107430.415343939
1.2770169892867351,1.9556,107430.415500554
1.2009992336579527,1.9558,107430.415667082
1.055108282018104,1.956,107430.415856636
0.9788854528778153,1.9562,107430.41606095
1.01319689772424,1.9564,107430.416258345
1.0830305027965226,1.9566,107430.416443012
0.9312157598896684,1.9567999999999999,107430.416657785
1.0295267854061134,1.9569999999999999,107430.416852049
0.8487775723401727,1.9572,107430.417087682
1.207671137960035,1.9574,107430.41725329
0.794249606813313,1.9576,107430.4175051
0.8816593223705299,1.9578,107430.417731945
0.4485461481001552,1.958,107430.41817783
3.880255309195729,1.9582000000000002,107430.418229373
1.0140290592070493,1.9584000000000001,107430.418426606
1.062868677429775,1.9586000000000001,107430.418614776
1.0065729735587647,1.9588,107430.41881347
0.8809408337195803,1.959,107430.4190405
0.8819547656688849,1.9592,107430.419267269
0.8680065681515384,1.9594,107430.419497682
0.7098693062600882,1.9596,107430.419779424
0.974430943465948,1.9598,107430.419984672
1.1864647843018814,1.96,107430.42015324
1.2585423477175044,1.9602,107430.420312154
1.0263094877746588,1.9604,107430.420507027
1.111685473054201,1.9606,107430.420686934
0.5867287865319141,1.9607999999999999,107430.421027807
1.0601249333424008,1.9609999999999999,107430.421216464
1.137908860225721,1.9612,107430.421392225
1.0590808356074632,1.9614,107430.421581068
0.939483213800671,1.9616,107430.421793951
1.1773293289667268,1.9618,107430.421963827
0.7268735977179087,1.962,107430.422238978
1.526391407009942,1.9622000000000002,107430.422370006
0.8471991236500658,1.9624000000000001,107430.422606078
1.1169440868842253,1.9626000000000001,107430.422785138
0.7955987578746287,1.9628,107430.423036521
0.9621490015841897,1.963,107430.423244389
0.8930764376452576,1.9632,107430.423468334
1.0776733109473817,1.9634,107430.423653919
0.5865790655489806,1.9636,107430.423994879
1.1048380964323028,1.9638,107430.424175901
1.633226349759855,1.964,107430.424298358
0.9301114678594765,1.9642,107430.424513386
1.1406084813482857,1.9644,107430.424688731
1.116214664008096,1.9646,107430.424867908
0.9735344753607617,1.9647999999999999,107430.425073345
1.047323338258713,1.9649999999999999,107430.425264308
1.0402796050660494,1.9651999999999998,107430.425456564
0.8861909359601433,1.9654,107430.425682249
1.0669511798733533,1.9656,107430.425869699
1.0413791762281333,1.9658,107430.426061752
1.1405044602493732,1.966,107430.426237113
1.061238773067563,1.9662,107430.426425572
1.141155211510025,1.9664000000000001,107430.426600833
0.8489504811269833,1.9666000000000001,107430.426836418
0.973510753940272,1.9668,107430.42704186
1.0966776372926925,1.967,107430.427224229
0.8954355014863656,1.9672,107430.427447584
1.0918401839490237,1.9674,107430.427630761
0.8659132970743126,1.9676,107430.427861731
0.8753042060138446,1.9678,107430.428090223
1.0166734041418872,1.968,107430.428286943
0.8510022818352593,1.9682,107430.42852196
0.8360854494594838,1.9684,107430.42876117
0.856916400958532,1.9686,107430.428994565
1.0684387783726323,1.9687999999999999,107430.429181754
1.0780276577065513,1.9689999999999999,107430.429367278
0.8764817908117484,1.9691999999999998,107430.429595463
0.7232671752772591,1.9694,107430.429871986
1.425232273170336,1.9696,107430.430012314
1.3839297931418513,1.9698,107430.43015683
0.8408484232043927,1.97,107430.430394685
0.7751186893851462,1.9702,107430.43065271
0.9938480846522731,1.9704000000000002,107430.430853948
0.797467218515311,1.9706000000000001,107430.431104742
1.1756960750492695,1.9708,107430.431274854
0.7716376616617345,1.971,107430.431534043
0.9686074327795127,1.9712,107430.431740525
1.1105928567583279,1.9714,107430.431920609
1.0428670128194923,1.9716,107430.432112388
1.1205675400810173,1.9718,107430.432290869
1.1044659084119242,1.972,107430.432471952
0.8461632445779779,1.9722,107430.432708313
0.8497115290978637,1.9724,107430.432943687
0.933240625148221,1.9726,107430.433157994
0.9243767654408035,1.9727999999999999,107430.433374356
1.0689699588064254,1.9729999999999999,107430.433561452
1.0481356250237641,1.9731999999999998,107430.433752267
0.8791363409364373,1.9734,107430.433979763
0.6981070532358167,1.9736,107430.434266252
0.8197662113938402,1.9738,107430.434510224
1.887237697804928,1.974,107430.434616199
1.013227672030397,1.9742,107430.434813588
0.9413536683356286,1.9744000000000002,107430.435026048
1.3836617286961874,1.9746000000000001,107430.435170592
0.8068615305640163,1.9748,107430.435418466
1.9597852186806264,1.975,107430.435520518
1.084410560080423,1.9752,107430.43570495
0.770172756556282,1.9754,107430.435964632
1.1746532568969728,1.9756,107430.436134895
0.856923720625931,1.9758,107430.436368288
0.8434228196702677,1.976,107430.436605417
0.8731412950312829,1.9762,107430.436834475
0.7748484088199036,1.9764,107430.43709259
1.1791966427644003,1.9766,107430.437262197
0.8795074763631197,1.9768,107430.437489597
1.0842694022271309,1.9769999999999999,107430.437674053
0.8457625090882,1.9771999999999998,107430.437910526
0.8544050902648642,1.9774,107430.438144607
0.5777625046430064,1.9776,107430.43849077
1.5615119089706255,1.9778,107430.438618851
1.3444202561381202,1.978,107430.438767614
0.7716198130614651,1.9782,107430.439026809
1.0178687046917592,1.9784000000000002,107430.439223298
1.1264368939084484,1.9786000000000001,107430.439400849
0.9253518890241541,1.9788000000000001,107430.439616983
1.027976395196394,1.979,107430.43981154
1.092902105570065,1.9792,107430.439994539
0.6337858551698135,1.9794,107430.440310103
1.1991989237141287,1.9796,107430.440476881
1.378188787751042,1.9798,107430.440621999
0.9639855204119026,1.98,107430.440829471
1.0534632328796538,1.9802,107430.441019321
1.130288385869321,1.9804,107430.441196267
0.8537376368729066,1.9806,107430.441430531
1.0439939504403308,1.9808,107430.441622103
0.7461349922439962,1.9809999999999999,107430.441890151
1.0810753152929735,1.9811999999999999,107430.442075152
0.7401157445160524,1.9814,107430.44234538
1.0498136190215765,1.9816,107430.44253589
1.1918169960085,1.9818,107430.442703701
1.179141000496273,1.982,107430.442873316
0.8537012053589095,1.9822,107430.44310759
1.126836788878809,1.9824000000000002,107430.443285078
1.0653881818527358,1.9826000000000001,107430.443472803
1.072380319892181,1.9828000000000001,107430.443659304
1.0062437775310502,1.983,107430.443858063
1.0214974183432044,1.9832,107430.444053854
0.7834197024714439,1.9834,107430.444309145
1.1159904317706386,1.9836,107430.444488358
0.9347672716604744,1.9838,107430.444702315
1.039982135174227,1.984,107430.444894626
1.1922219544173303,1.9842,107430.44506238
1.0628404028429717,1.9844,107430.445250555
0.8324765826139047,1.9846,107430.445490802
0.8727640947298203,1.9848,107430.445719959
1.1008911765270084,1.9849999999999999,107430.44590163
1.0206111971345504,1.9851999999999999,107430.446097591
0.8536465904287964,1.9854,107430.44633188
0.5865257463760608,1.9856,107430.446672871
0.8503401322825073,1.9858,107430.446908071
1.7871823754178482,1.986,107430.447019979
1.9079052968788612,1.9862,107430.447124806
0.7060850490240034,1.9864000000000002,107430.447408058
0.9201832900163093,1.9866000000000001,107430.447625406
1.615208762056982,1.9868000000000001,107430.447749229
1.0299085924584164,1.987,107430.447943421
1.0984001347115615,1.9872,107430.448125504
1.0948045811674245,1.9874,107430.448308185
0.7246691864297115,1.9876,107430.448584173
0.8336981203190403,1.9878,107430.448824068
1.2199361079515414,1.988,107430.448988011
1.0084457495638635,1.9882,107430.449186336
0.8128891792588946,1.9884,107430.449432372
1.874642598821995,1.9886,107430.449539059
0.8369041075716459,1.9888,107430.449778035
0.8031515844569634,1.9889999999999999,107430.450027054
1.227950648516239,1.9891999999999999,107430.450189927
1.1014064874969687,1.9893999999999998,107430.450371513
0.6083335670613965,1.9896,107430.45070028
1.1059683595363208,1.9898,107430.450881117
1.3257148533087357,1.99,107430.451031979
1.6738642745877463,1.9902,107430.451151463
0.8850653833635089,1.9904,107430.451377435
0.8437964219550664,1.9906000000000001,107430.451614459
0.9135465175591828,1.9908000000000001,107430.451833386
0.9925312141454747,1.991,107430.452034891
0.9954656388414244,1.9912,107430.452235802
0.7918847869845096,1.9914,107430.452488364
0.9229732743477346,1.9916,107430.452705055
1.2833427811137348,1.9918,107430.452860898
0.9002439891486818,1.992,107430.45308306
1.1001886398573015,1.9922,107430.453264847
0.8381632684956389,1.9924,107430.453503464
1.110611344095492,1.9926,107430.453683545
1.0937448797721776,1.9928,107430.453866403
0.9480604825804277,1.9929999999999999,107430.45407736
0.8732823783756307,1.9931999999999999,107430.454306381
1.108967125071085,1.9933999999999998,107430.454486729
0.46427948984179024,1.9936,107430.454917504
0.8340422512126284,1.9938,107430.4551573
3.450298614070589,1.994,107430.455215266
1.1055098589481656,1.9942,107430.455396178
1.1569587971037496,1.9944,107430.455569045
0.8872445454905276,1.9946000000000002,107430.455794462
0.789533962150364,1.9948000000000001,107430.456047776
0.6920846220485461,1.995,107430.456336758
1.228637057742134,1.9952,107430.45649954
0.6363245931650832,1.9954,107430.456813845
1.532989911591237,1.9956,107430.456944309
1.0091021314139752,1.9958,107430.457142505
0.947530469375759,1.996,107430.45735358
2.6561834518353367,1.9962,107430.457428876
0.8492136494337608,1.9964,107430.457664388
0.8379139020570008,1.9966,107430.457903076
1.005727682316312,1.9968,107430.458101937
1.1242523752465035,1.9969999999999999,107430.458279833
0.8444804296559457,1.9971999999999999,107430.458516665
0.4624822810698405,1.9973999999999998,107430.458949114
0.9971979241244247,1.9976,107430.459149676
1.4035284699910264,1.9978,107430.459292174
1.293736330047461,1.998,107430.459446765
0.5965501631670217,1.9982,107430.459782026
2.5351430699625657,1.9984,107430.459860917
1.0991003883757848,1.9986000000000002,107430.460042884
1.0320609926257454,1.9988000000000001,107430.460236671
1.0507292124821286,1.999,107430.460427015
0.8526421279885189,1.9992,107430.46066158
0.8388910090877593,1.9994,107430.46089999
1.1183492820180765,1.9996,107430.461078825
1.0743619322776683,1.9998,107430.461264982
1.0398469563626753,2.0,107430.461457318
1.1128979200860079,2.0002,107430.461637029
1.1087211982345906,2.0004,107430.461817417
0.7323807558030047,2.0006,107430.462090499
1.3911591232552163,2.0008,107430.462234264
0.8304751501621256,2.001,107430.46247509
1.067851289325142,2.0012,107430.462662382
1.0196797575184324,2.0014,107430.462858522
0.7290755654170731,2.0016,107430.463132842
1.7524796612116946,2.0018,107430.463246966
0.8458841579904095,2.002,107430.463483405
0.8568319399772314,2.0022,107430.463716823
1.0364842634939293,2.0024,107430.463909783
0.6914840080878931,2.0026,107430.464199016
1.4629935442361977,2.0028,107430.464335722
1.1110925902881559,2.003,107430.464515725
0.8566264397294754,2.0032,107430.464749199
1.075390279677816,2.0034,107430.464935178
0.8642033631875919,2.0036,107430.465166605
0.8426836334802575,2.0038,107430.465403942
1.0623492898111924,2.004,107430.465592204
0.8475509911006768,2.0042,107430.465828178
0.8931761477260186,2.0044,107430.466052098
0.8552417807707208,2.0046,107430.46628595
0.8387080470206407,2.0048,107430.466524412
0.733368999641556,2.005,107430.466797126
2.445915099760868,2.0052,107430.466878895
1.0480806341301003,2.0054,107430.46706972
0.8843492443755009,2.0056,107430.467295875
0.8558566376408719,2.0058,107430.467529559
1.1343076492234576,2.006,107430.467705878
1.0654450039852943,2.0062,107430.467893593
0.9346187168070454,2.0064,107430.468107584
1.4309632387490894,2.0066,107430.46824735
0.8344633148274517,2.0068,107430.468487025
0.6797727030898727,2.007,107430.468781241
1.7425244948901686,2.0072,107430.468896017
0.8339518653200252,2.0074,107430.469135839
0.8870989151349874,2.0076,107430.469361293
0.8233942654441361,2.0078,107430.46960419
1.0602880116569684,2.008,107430.469792818
1.1682924632320404,2.0082,107430.469964008
0.8666412978278304,2.0084,107430.470194784
1.0011813612759919,2.0086,107430.470394548
1.1219944212679063,2.0088,107430.470572802
0.9474093078019714,2.009,107430.470783904
1.1826202161618438,2.0092,107430.47095302
0.8532714740245638,2.0094,107430.471187412
0.8692175216460771,2.0096,107430.471417504
1.0446591657377222,2.0098,107430.471608954
0.8628723400158831,2.01,107430.471840738
0.8195780552505605,2.0102,107430.472084766
1.234506936492424,2.0104,107430.472246774
0.7651168282948463,2.0106,107430.472508172
0.7748333817719785,2.0108,107430.472766292
0.9242571638174564,2.011,107430.472982682
0.9825450618154865,2.0112,107430.473186235
1.1278216658783577,2.0114,107430.473363568
0.7442359100242304,2.0116,107430.4736323
1.3000604013568335,2.0118,107430.473786139
1.1522529170143951,2.012,107430.473959712
0.8371809196340696,2.0122,107430.474198609
1.1154115970089218,2.0124,107430.474377915
0.6787230480822193,2.0126,107430.474672586
1.437762812646853,2.0128,107430.474811691
1.1400559387502678,2.013,107430.474987121
1.112718348325958,2.0132,107430.475166861
1.067532040162819,2.0134,107430.475354209
0.8599635518340962,2.0136,107430.475586777
0.8512304503007749,2.0138,107430.475821731
1.152027299097238,2.014,107430.475995338
1.0224687695850871,2.0142,107430.476190943
1.1642933769888917,2.0144,107430.476362721
0.8546424212183316,2.0146,107430.476596737
0.6788359547726293,2.0148,107430.476891359
1.3239947208582379,2.015,107430.477042417
1.0594959899111598,2.0152,107430.477231186
0.8161300052741548,2.0154,107430.477476245
0.9046621621378682,2.0156,107430.477697322
0.829104901160791,2.0158,107430.477938546
0.9031955086972322,2.016,107430.478159982
0.760146985759662,2.0162,107430.478423089
0.9720865559135788,2.0164,107430.478628832
1.2473338623045545,2.0166,107430.478789174
0.5871094301965822,2.0168,107430.479129826
2.113516791268096,2.017,107430.479224455
1.2969580277631236,2.0172,107430.479378662
0.8532605085008518,2.0174,107430.479613057
1.0001400342933693,2.0176,107430.479813029
1.120931736515297,2.0178,107430.479991452
1.1283943711869797,2.018,107430.480168695
0.790126570526721,2.0182,107430.480421819
1.1986023885542443,2.0184,107430.48058868
1.027395530047772,2.0186,107430.480783347
0.8362287516299853,2.0188,107430.481022516
1.650437403730575,2.019,107430.481143696
0.7872682983819111,2.0192,107430.481397739
1.1911497306024579,2.0194,107430.481565644
1.0933143720544751,2.0196,107430.481748574
0.8546972168024956,2.0198,107430.481982575
1.0661322219739628,2.02,107430.482170169
0.8655573048263933,2.0202,107430.482401234
1.047060114628852,2.0204,107430.482592245
1.0727081691125508,2.0206,107430.482778689
0.7005400911228186,2.0208,107430.483064183
0.9120592919500855,2.021,107430.483283467
0.7458094618783399,2.0212,107430.483551632
1.0493399962450143,2.0214,107430.483742228
0.8748447159300472,2.0216,107430.48397084
1.0619487996154027,2.0218,107430.484159173
1.1325027931435008,2.022,107430.484335773
1.1032899988399476,2.0222,107430.484517049
1.0954702190437826,2.0224,107430.484699619
0.8516473091946627,2.0226,107430.484934458
0.8210719926350576,2.0228,107430.485178042
1.450042454704923,2.023,107430.485315969
1.0463260381936643,2.0232,107430.485507114
0.7097484070018002,2.0234,107430.485788904
1.385127877099853,2.0236,107430.485933295
1.023656700823958,2.0238,107430.486128673
1.092185943466112,2.024,107430.486311792
0.8147801284615517,2.0242,107430.486557257
1.1148893410525909,2.0244,107430.486736647
0.8495310636389459,2.0246,107430.486972071
0.9385925612147769,2.0248,107430.487185156
1.2394799507990608,2.025,107430.487346514
1.1052227114058892,2.0252,107430.487527473
0.8459270583744884,2.0254,107430.4877639
0.854248217134749,2.0256,107430.487998024
1.0881865654965184,2.0258,107430.488181816
1.0318533348057342,2.026,107430.488375642
0.8583322751211335,2.0262000000000002,107430.488608652
1.0631172955277017,2.0264,107430.488796778
1.1449506904535498,2.0266,107430.488971458
1.0309332084761362,2.0268,107430.489165457
0.8486046815746903,2.027,107430.489401138
1.5667350956347772,2.0272,107430.489528792
0.84936148759026,2.0274,107430.489764263
0.8282293460209639,2.0276,107430.490005742
0.8718281868308593,2.0278,107430.490235145
0.7938870776680064,2.028,107430.49048707
1.1481056110829864,2.0282,107430.49066127
1.1091701035705548,2.0284,107430.490841585
1.0309756647082045,2.0286,107430.491035576
0.9364259982560763,2.0288,107430.491249154
1.1121367824723907,2.029,107430.491428988
0.8585827883199671,2.0292,107430.49166193
0.8476013265455528,2.0294,107430.49189789
0.7814972602579965,2.0296,107430.492153809
1.014013647470313,2.0298,107430.492351045
0.854386872181003,2.03,107430.492585131
0.8678144678350229,2.0302,107430.492815595
1.0476853970744935,2.0304,107430.493006492
0.27956583459800993,2.0306,107430.493721887
0.46575750905668667,2.0308,107430.494151295
0.9658196295057393,2.031,107430.494358373
0.9303537427086921,2.0312,107430.494573345
0.8460308390683375,2.0314,107430.494809743
0.8181431620473025,2.0316,107430.495054199
1.0336451149215815,2.0318,107430.495247689
1.1513309137551153,2.032,107430.495421401
0.8539053573897291,2.0322,107430.495655619
0.870556903317249,2.0324,107430.495885357
0.951909526571595,2.0326,107430.496095461
1.0341475461681837,2.0328,107430.496288857
0.8673440854273843,2.033,107430.496519446
1.079220130875164,2.0332,107430.496704765
1.0862244952600597,2.0334,107430.496888889
0.8569531074107296,2.0336,107430.497122274
0.801519688421923,2.0338,107430.4973718
1.0600744006973286,2.034,107430.497560466
1.2194899245087476,2.0342,107430.497724469
0.9820577558701159,2.0344,107430.497928123
1.1078982401904018,2.0346,107430.498108645
1.061898010903891,2.0348,107430.498296987
1.0593725934583929,2.035,107430.498485778
0.876174585694434,2.0352,107430.498714043
0.9587176514697522,2.0354,107430.498922655
1.1786823036964018,2.0356,107430.499092336
0.8522207014937531,2.0358,107430.499327017
1.1276054206858825,2.036,107430.499504384
0.8454193012220712,2.0362,107430.499740953
1.099662413486016,2.0364,107430.499922827
0.9468531462024649,2.0366,107430.500134053
1.23714143505705,2.0368,107430.500295716
0.8777242594703003,2.037,107430.500523578
1.0437323974905948,2.0372,107430.500715198
1.1547343500292035,2.0374,107430.500888398
1.0724551292015108,2.0376,107430.501074886
0.849928178369923,2.0378,107430.5013102
1.0340993818303719,2.038,107430.501503605
1.0840637197691683,2.0382,107430.501688096
0.99344823326413,2.0384,107430.501889415
0.8625411448374434,2.0386,107430.502121288
0.8427510652474497,2.0388,107430.502358606
0.8596160898790058,2.039,107430.502591268
0.8534279885900632,2.0392,107430.502825617
0.7946472920498174,2.0394,107430.503077301
1.1609345380653675,2.0396,107430.503249576
1.110740862458256,2.0398,107430.503429636
0.7685508728296122,2.04,107430.503689866
0.5945038062417789,2.0402,107430.504026281
0.7829198305520776,2.0404,107430.504281735
1.5123445455211018,2.0406,107430.50441398
1.688077145516267,2.0408,107430.504532458
1.2243873871458377,2.041,107430.504695805
0.733988046712761,2.0412,107430.504968289
1.078655521248984,2.0414,107430.505153705
1.1199274573524307,2.0416,107430.505332288
1.0973575587822917,2.0418,107430.505514544
1.0087356665415146,2.042,107430.505712812
0.9335629682419407,2.0422,107430.505927045
1.0148111835959812,2.0424,107430.506124126
0.8529984792628362,2.0426,107430.506358593
0.8444983314946933,2.0428,107430.50659542
1.1279233862381208,2.043,107430.506772737
0.848338329777895,2.0432,107430.507008492
0.8690853323975389,2.0434,107430.507238619
1.082057861343156,2.0436,107430.507423452
0.8408696182205356,2.0438,107430.507661301
0.5110580297052691,2.044,107430.508052646
1.2832357793955325,2.0442,107430.508208502
1.627617331651049,2.0444,107430.508331381
0.7245090481926322,2.0446,107430.50860743
1.0517791148472475,2.0448,107430.508797584
1.41708298579086,2.045,107430.508938719
1.0464958149136905,2.0452,107430.509129833
1.1669563855389098,2.0454,107430.509301219
1.0967318074673997,2.0456,107430.509483579
0.8594683154441883,2.0458,107430.509716281
0.9206788870926849,2.046,107430.509933512
1.2240501090599623,2.0462,107430.510096904
0.8334027849368457,2.0464,107430.510336884
1.593701693413533,2.0466,107430.510462378
1.0598947135882242,2.0468,107430.510651076
0.766083904506919,2.047,107430.510912144
1.1635010191038169,2.0472,107430.511084039
0.8435721690998516,2.0474,107430.511321126
1.354307057093039,2.0476,107430.511468803
1.1039721167162593,2.0478,107430.511649967
1.0817418117643534,2.048,107430.511834854
1.0343614998445123,2.0482,107430.51202821
1.077087105082895,2.0484,107430.512213896
0.7844275420176747,2.0486,107430.512468859
1.1110863924913859,2.0488,107430.512648863
1.1193069745716901,2.049,107430.512827545
1.0471861646025893,2.0492,107430.513018533
1.0334796373257793,2.0494,107430.513212054
1.1411226184113439,2.0496,107430.51338732
1.105375423321515,2.0498,107430.513568254
1.0269101482791008,2.05,107430.513763013
1.0769769618266187,2.0502,107430.513948718
0.6090078434815984,2.0504,107430.514277121
1.1240374964907505,2.0506,107430.514455051
1.039355164384337,2.0508,107430.514647478
0.9439706402014831,2.051,107430.514859349
0.9895748494583028,2.0512,107430.515061456
0.8518250321202266,2.0514,107430.515296246
0.855431975100571,2.0516,107430.515530046
0.8235536302458417,2.0518,107430.515772896
0.889739117311642,2.052,107430.515997681
0.6137247084885233,2.0522,107430.51632356
0.8700191576080751,2.0524,107430.51655344
1.011920441949788,2.0526,107430.516751084
0.7446182768662063,2.0528,107430.517019678
1.4064894208245,2.053,107430.517161876
0.9343218757387641,2.0532,107430.517375935
1.1477761665101924,2.0534,107430.517550185
0.7897397038107924,2.0536,107430.517803433
0.8609779056501908,2.0538,107430.518035727
1.135892539251443,2.054,107430.5182118
0.8561826650220545,2.0542,107430.518445395
0.8490297763878281,2.0544,107430.518680958
0.8772776246243826,2.0546,107430.518908936
0.8538798396775266,2.0548,107430.519143161
0.8763934850002867,2.055,107430.519371369
0.8632000488379047,2.0552,107430.519603065
0.8023911336971922,2.0554,107430.51985232
0.8549602377135068,2.0556,107430.520086249
1.3846387693544875,2.0558,107430.520230691
1.132022125929565,2.056,107430.520407366
1.1011275544846362,2.0562,107430.520588998
0.8655160966941042,2.0564,107430.520820074
0.7691568091881409,2.0566,107430.521080099
1.1479343453394744,2.0568,107430.521254325
1.0690042144628633,2.057,107430.521441415
0.8868353787806686,2.0572,107430.521666936
0.8532714210503418,2.0574,107430.521901328
0.9471266744160066,2.0576,107430.522112493
0.9771206945343804,2.0578,107430.522317176
1.0676061745453442,2.058,107430.522504511
0.8656209780154585,2.0582,107430.522735559
0.8620652671421288,2.0584,107430.52296756
0.8615453565479076,2.0586,107430.523199701
1.1131890701883433,2.0588,107430.523379365
1.072432032596321,2.059,107430.523565857
0.8614971313944498,2.0592,107430.523798011
0.76951191986615,2.0594,107430.524057916
1.1277644735893984,2.0596,107430.524235258
1.2808852926238923,2.0598,107430.5243914
1.0093567693697316,2.06,107430.524589546
0.8530312505883711,2.0602,107430.524824004
1.03545389390197,2.0604,107430.525017156
1.203412954439693,2.0606,107430.52518335
0.8661045565297582,2.0608,107430.525414269
0.6604452487824263,2.061,107430.525717095
0.8677806056123359,2.0612,107430.525947568
0.8790049968334401,2.0614,107430.526175098
1.1793426528082398,2.0616,107430.526344684
1.051270425864026,2.0618,107430.52653493
1.0484543341183694,2.062,107430.526725687
0.8676977693733744,2.0622,107430.526956182
1.047509805212947,2.0624,107430.527147111
0.8570890074273093,2.0626,107430.527380459
0.8314487067860552,2.0628,107430.527621003
1.1322399753447996,2.063,107430.527797644
0.8530458105473169,2.0632,107430.528032098
1.0273638123140991,2.0634,107430.528226771
1.0667007655870342,2.0636,107430.528414265
1.0384701841937414,2.0638,107430.528606856
1.0694271865959608,2.064,107430.528793872
1.0726563460584368,2.0642,107430.528980325
1.0857351256313874,2.0644,107430.529164532
1.0222544606788275,2.0646,107430.529360178
0.8301235269452445,2.0648,107430.529601106
1.6088292607813963,2.065,107430.52972542
1.0933024569979,2.0652,107430.529908352
0.8152218057358911,2.0654,107430.530153684
0.9338550124151538,2.0656,107430.53036785
1.3537203903124027,2.0658,107430.530515591
0.9962541130732735,2.066,107430.530716343
1.061131765187177,2.0662,107430.530904821
1.1160402735097807,2.0664,107430.531084026
0.8768545479155792,2.0666,107430.531312114
1.3204110009595231,2.0668,107430.531463582
0.8646891123398183,2.067,107430.531694879
0.8539782583829867,2.0672,107430.531929077
0.9494061156476145,2.0674,107430.532139735
0.9741177375403542,2.0676,107430.532345049
0.4253635780529071,2.0678,107430.532815235
1.3828006965165498,2.068,107430.532959869
1.6638935316976293,2.0682,107430.533080069
1.6823404377421565,2.0684,107430.533198951
1.1110987881540708,2.0686,107430.533378953
0.8571403752798239,2.0688,107430.533612287
0.9788615396930156,2.069,107430.533816606
1.1034543141786117,2.0692,107430.533997855
1.0778301685579932,2.0694,107430.534183413
0.8488099677135086,2.0696,107430.534419037
0.4722483224284334,2.0698,107430.534842543
1.8118402429865121,2.07,107430.534952928
1.531898068616547,2.0702,107430.535083485
1.41241934942903,2.0704,107430.535225086
0.8916828304137583,2.0705999999999998,107430.535449381
1.0240707904181148,2.0708,107430.53564468
0.6659008884058808,2.071,107430.535945025
0.6516462275208307,2.0712,107430.53625194
1.0355021845011994,2.0714,107430.536445083
1.1031804529446279,2.0716,107430.536626377
0.5450928065722609,2.0718,107430.536993287
1.4259639411393716,2.072,107430.537133543
1.5896734456004593,2.0722,107430.537259355
1.0533911303238457,2.0724,107430.537449218
1.2298232023696904,2.0726,107430.537611843
1.062022078481934,2.0728,107430.537800163
0.8360400323638577,2.073,107430.538039386
1.105937745401801,2.0732,107430.538220228
0.8463852808635219,2.0734,107430.538456527
0.7626339875661795,2.0736,107430.538718776
0.9503490261647715,2.0738,107430.538929225
1.0405665306463703,2.074,107430.539121428
0.8526057370181653,2.0742,107430.539356003
0.8483994947094683,2.0744,107430.539591741
0.8435579825153725,2.0746,107430.539828832
1.046955946860067,2.0748,107430.540019862
1.139127379612323,2.075,107430.540195435
0.8545219062871621,2.0752,107430.540429484
1.020173925776919,2.0754,107430.540625529
0.555966358407125,2.0756,107430.540985263
0.8186287189815432,2.0758,107430.541229574
2.447830543294371,2.076,107430.541311279
0.7954784799669447,2.0762,107430.5415627
1.7861290824937597,2.0764,107430.541674674
0.8509805202486788,2.0766,107430.541909697
1.1095208371519945,2.0768,107430.542089955
1.0246479011331366,2.077,107430.542285144
0.8342127016526683,2.0772,107430.542524891
0.8847052041968771,2.0774,107430.542750955
0.5241200138413311,2.0776,107430.543132547
1.5721044669540971,2.0778,107430.543259765
1.567729992862632,2.078,107430.543387338
0.9465349248977278,2.0782,107430.543598635
0.858262273384374,2.0784,107430.543831664
0.84177211695592,2.0786,107430.544069258
1.1198019919516882,2.0788,107430.544247861
1.05516960246954,2.079,107430.544437404
0.8721589160778292,2.0792,107430.54466672
0.9313241686830707,2.0794,107430.544881468
1.141689378145743,2.0796,107430.545056647
0.9995601688820446,2.0798,107430.545256735
1.1233178789202602,2.08,107430.545434779
0.838483011816727,2.0802,107430.545673305
0.7617277310964516,2.0804,107430.545935866
1.2423363827812246,2.0806,107430.546096853
0.8048386812724656,2.0808,107430.54634535
0.7140153992016768,2.081,107430.546625456
1.058733205535504,2.0812,107430.546814361
0.676557956988056,2.0814,107430.547109975
1.5604518881450948,2.0816,107430.547238143
1.0246321649275585,2.0818,107430.547433335
1.1338639875239762,2.082,107430.547609723
1.1180617025399966,2.0822,107430.547788604
0.839010637959299,2.0824,107430.54802698
1.079237673222264,2.0826000000000002,107430.548212296
1.058509051784506,2.0828,107430.548401241
0.8642668916728085,2.083,107430.548632651
0.8607963433412622,2.0832,107430.548864994
1.0659389840834248,2.0834,107430.549052622
0.5752945423411463,2.0836,107430.54940027
0.9862127461073746,2.0838,107430.549603066
1.6307760717858388,2.084,107430.549725707
0.9796573673017822,2.0842,107430.54992986
1.1121243636388305,2.0844,107430.550109696
0.8546095791244902,2.0846,107430.550343721
0.963289067573973,2.0848,107430.550551343
1.081964159916094,2.085,107430.550736192
1.0779172374739783,2.0852,107430.550921735
1.0962027616638519,2.0854,107430.551104183
0.547008561847601,2.0856,107430.551469808
1.2925907714484317,2.0858,107430.551624536
1.550159308414177,2.086,107430.551753555
1.1144917340718858,2.0862,107430.551933009
1.0935475071556526,2.0864,107430.5521159
1.1016916552232345,2.0866,107430.552297439
0.8552564162908299,2.0868,107430.552531287
1.0539684697531588,2.087,107430.552721046
0.859014290296445,2.0872,107430.552953871
0.4628922345126943,2.0874,107430.553385937
1.5498469308363685,2.0876,107430.553514982
1.6225074266756567,2.0878,107430.553638248
1.2198469967206143,2.088,107430.553802203
1.0286530669870868,2.0882,107430.553996632
1.2187022696905165,2.0884,107430.554160741
0.9876592209978701,2.0886,107430.55436324
1.1597160114678498,2.0888,107430.554535696
1.123210653714435,2.089,107430.554713757
1.0766464141540668,2.0892,107430.554899519
1.0302162344094457,2.0894,107430.555093653
1.0363177975363502,2.0896,107430.555286644
1.1183242573651568,2.0898,107430.555465483
1.0369195158429054,2.09,107430.555658362
1.0504698142172577,2.0902,107430.555848753
1.0088272578038995,2.0904,107430.556047003
1.0305082202624987,2.0906,107430.556241082
0.8029709771004887,2.0908,107430.556490157
0.7219252558575056,2.091,107430.556767194
1.009270121719791,2.0912,107430.556965357
1.0500726932719568,2.0914,107430.55715582
0.4826662479780817,2.0916,107430.557570185
1.4276332599115769,2.0918,107430.557710277
1.404642442722722,2.092,107430.557852662
1.738480341981127,2.0922,107430.557967705
1.068524419607268,2.0924,107430.558154879
0.8328440810081857,2.0926,107430.55839502
1.1091393119279938,2.0928,107430.55857534
1.0121200790642713,2.093,107430.558772945
0.7550389425505967,2.0932,107430.559037832
1.085322640528477,2.0934,107430.559222109
0.5998638314096788,2.0936,107430.559555518
0.9292989309261048,2.0938,107430.559770734
1.4094036310056481,2.094,107430.559912638
1.2053202302753145,2.0942,107430.560078569
0.8785069095822277,2.0944,107430.560306228
1.1081191426780765,2.0946,107430.560486714
0.8841107698897653,2.0948,107430.56071293
2.0202837425451103,2.095,107430.560811926
1.1004126456501373,2.0952,107430.560993676
1.0221081920764807,2.0954,107430.56118935
0.9765386887621942,2.0956,107430.561394155
1.068513038749246,2.0958,107430.561581331
1.0855582956666974,2.096,107430.561765568
0.7924966502691237,2.0962,107430.562017935
1.0966174350413178,2.0964,107430.562200314
0.8956560771254438,2.0966,107430.562423614
1.2636793454707624,2.0968,107430.562581882
1.0401876459519475,2.097,107430.562774155
1.0480422718074167,2.0972,107430.562964987
1.0922574653551704,2.0974,107430.563148094
0.4631720438494381,2.0976,107430.563579899
0.983753298447319,2.0978,107430.563783202
3.175863472693232,2.098,107430.563846177
1.3010922429924219,2.0982,107430.563999894
1.0669682427960065,2.0984,107430.564187341
1.1130589802813984,2.0986,107430.564367026
0.9888996427010525,2.0987999999999998,107430.564569271
0.9030282786686725,2.099,107430.564790748
1.0492409013462118,2.0992,107430.564981362
1.0360010347424422,2.0994,107430.565174412
0.8092349666825986,2.0996,107430.565421559
1.3518994703215268,2.0998,107430.565569499
1.14931301575948,2.1,107430.565743516
1.0704288467192855,2.1002,107430.565930357
1.0368012436880536,2.1004,107430.566123258
1.033907002666821,2.1006,107430.566316699
0.8045084747218273,2.1008,107430.566565298
0.6756710954759182,2.101,107430.5668613
0.9045885079657566,2.1012,107430.567082395
1.0758935269996994,2.1014,107430.567268287
0.5795119441423852,2.1016,107430.567613405
1.0498081662008147,2.1018,107430.567803916
1.743876730322774,2.102,107430.567918603
0.8574270471631192,2.1022,107430.568151859
1.4363792085869131,2.1024,107430.568291098
1.121629442539923,2.1026,107430.56846941
0.8178152840408834,2.1028000000000002,107430.568713964
1.1031196231898384,2.103,107430.568895268
1.041493128411722,2.1032,107430.5690873
0.8352893060396233,2.1034,107430.569326738
0.572332857032441,2.1036,107430.569676185
0.6987753973259581,2.1038,107430.5699624
3.0794339003797533,2.104,107430.570027347
0.869777008917528,2.1042,107430.570257291
2.243862814955578,2.1044,107430.570346423
0.8380403552185535,2.1046,107430.570585075
1.0488336632991264,2.1048,107430.570775763
0.7859750506606344,2.105,107430.571030224
1.1523658557365548,2.1052,107430.57120378
0.6908128652007701,2.1054,107430.571493294
1.0542573364180787,2.1056,107430.571683001
0.9978297435098091,2.1058,107430.571883436
0.9887284776687302,2.106,107430.572085716
1.116009189866365,2.1062,107430.572264926
0.8247524686923515,2.1064,107430.572507423
1.0777371978681034,2.1066,107430.572692997
0.8542080256760632,2.1068,107430.572927132
0.999795030799654,2.107,107430.573127173
0.8532605614737188,2.1072,107430.573361568
0.944353903662559,2.1074,107430.573573353
1.1328877703239244,2.1076,107430.573749893
1.0854463274293433,2.1078,107430.573934149
1.0106318149375584,2.108,107430.574132045
1.0644753168800387,2.1082,107430.574319931
0.8396552027891186,2.1084,107430.574558124
0.9423561061663351,2.1086,107430.574770358
1.1027790297074185,2.1088,107430.574951718
1.0547744253011557,2.109,107430.575141332
0.8237673153203479,2.1092,107430.575384119
1.0839755696040403,2.1094,107430.575568625
1.0449648790741595,2.1096,107430.575760019
1.0274482948779986,2.1098,107430.575954676
0.9537707295914817,2.11,107430.57616437
1.113858571723101,2.1102,107430.576343926
0.8246096587220677,2.1104,107430.576586465
0.8457911353348422,2.1106,107430.57682293
0.9164264794324891,2.1108,107430.577041169
0.5195277563797335,2.111,107430.577426134
1.0969543201084964,2.1112,107430.577608457
1.1405108959450552,2.1114,107430.577783817
0.9827961698687507,2.1116,107430.577987318
1.0280292197089966,2.1118,107430.578181865
1.0385025129472634,2.112,107430.57837445
1.0208143542563608,2.1122,107430.578570372
0.8080024449078813,2.1124,107430.578817896
0.9454208817711702,2.1126,107430.579029442
1.1513574373991526,2.1128,107430.57920315
0.8434156770713571,2.113,107430.579440281
0.4039767483274323,2.1132,107430.579935359
1.137048415863608,2.1134,107430.580111253
1.2184869340305837,2.1136,107430.580275391
1.7815148470896025,2.1138,107430.580387655
1.757175894492762,2.114,107430.580501474
1.481305898700979,2.1142,107430.58063649
0.8002849084412992,2.1144,107430.580886401
0.8454657951116699,2.1146,107430.581122957
1.186788633545348,2.1148,107430.581291479
1.056981889759349,2.115,107430.581480697
0.8974042688925792,2.1152,107430.581703562
1.241295363278411,2.1154,107430.581864684
0.9835888374983852,2.1156,107430.582068021
1.0733529851098853,2.1158,107430.582254353
1.056607692060974,2.116,107430.582443638
0.8346688103922455,2.1162,107430.582683254
0.8327850878950328,2.1164,107430.582923412
1.0256620714157345,2.1166,107430.583118408
0.9410259237497872,2.1168,107430.583330942
1.1112037132466603,2.117,107430.583510927
0.9716237159996968,2.1172,107430.583716768
0.8520681686506759,2.1174,107430.583951491
0.9192866556271043,2.1176,107430.584169051
1.0892475177068253,2.1178,107430.584352664
0.9787800484307877,2.118,107430.584557
1.1034847909748713,2.1182,107430.584738244
1.0578428590482534,2.1184,107430.584927308
0.8301820934205083,2.1186,107430.585168219
1.065115800621768,2.1188,107430.585355992
1.0880386518856593,2.1189999999999998,107430.585539809
0.5177805845581239,2.1192,107430.585926073
1.2343774350780232,2.1194,107430.586088098
1.3548207744183056,2.1196,107430.586235719
1.557705276290612,2.1198,107430.586364113
1.022505358611555,2.12,107430.586559711
1.0938644867312595,2.1202,107430.586742549
0.8262516868851677,2.1204,107430.586984606
1.074685196098582,2.1206,107430.587170707
0.8079959371321279,2.1208,107430.587418233
0.6614959793116562,2.121,107430.587720578
0.9173428270672449,2.1212,107430.587938599
1.1360602304307494,2.1214,107430.588114646
0.8434263392562528,2.1216,107430.588351774
0.9959464978451903,2.1218,107430.588552588
1.025704171141543,2.122,107430.588747576
1.1085982310043414,2.1222,107430.588927984
0.9756668750337898,2.1224,107430.589132972
0.8284660889742516,2.1226,107430.589374382
1.0522550230514423,2.1228,107430.58956445
0.8337015592126727,2.123,107430.589804344
1.0518509968857876,2.1232,107430.589994485
0.922513470128129,2.1234,107430.590211284
1.112730780428912,2.1236,107430.590391022
0.8625485609122755,2.1238,107430.590622893
0.9797293667487333,2.124,107430.590827031
0.8762744679829981,2.1242,107430.59105527
0.8345189989435146,2.1244,107430.591294929
0.9661089131043287,2.1246,107430.591501945
0.43206716467308737,2.1248,107430.591964836
1.0730189613043093,2.125,107430.592151226
0.9203484297472274,2.1252,107430.592368535
2.1256469433769194,2.1254,107430.592462624
1.215842461851899,2.1256,107430.592627119
0.9979541455456108,2.1258,107430.592827529
0.8974405411533548,2.126,107430.593050385
1.1054731348596996,2.1262,107430.593231303
1.045412771353653,2.1264,107430.593422615
0.6108455487313252,2.1266,107430.59375003
1.5474247349799337,2.1268,107430.593879277
1.182102988513842,2.127,107430.594048467
1.0905303686319852,2.1272,107430.594231864
0.8395600576015941,2.1274,107430.594470084
0.8233400560023161,2.1276,107430.594712997
0.8005571875717027,2.1278,107430.594962823
1.1190939819089138,2.128,107430.595141539
0.8548250650498893,2.1282,107430.595375505
0.8382651017223592,2.1284,107430.595614093
0.9498209809615205,2.1286,107430.595824659
0.9247913213217085,2.1288,107430.596040924
1.1344814278592994,2.129,107430.596217216
1.0157234618015887,2.1292,107430.59641412
1.1405239568448544,2.1294,107430.596589478
0.9808633381050742,2.1296,107430.59679338
0.7298976870021772,2.1298,107430.597067391
1.8221740472125505,2.13,107430.59717715
1.0667236159845286,2.1302,107430.59736464
0.8210079363230431,2.1304,107430.597608243
1.0500451756037814,2.1306,107430.597798711
0.9662442114506636,2.1308,107430.598005698
0.638771511225691,2.1310000000000002,107430.598318799
0.7070410926624681,2.1312,107430.598601668
0.9712037964293917,2.1314,107430.598807598
1.0975622693804776,2.1316,107430.59898982
1.0247266658140997,2.1318,107430.599184994
0.8981417751634518,2.132,107430.599407676
1.1631085418717597,2.1322,107430.599579629
0.6528032945917698,2.1324,107430.599886
1.369534671263686,2.1326,107430.600032035
1.05891820997994,2.1328,107430.600220907
1.05766384619789,2.133,107430.600410003
1.0880918858158644,2.1332,107430.600593811
0.8391620153204703,2.1334,107430.600832144
0.9231180879595366,2.1336,107430.601048801
1.0126890183413118,2.1338,107430.601246295
0.8286995195627688,2.134,107430.601487637
1.0093160008720314,2.1342,107430.601685791
0.6736365518446031,2.1344,107430.601982687
0.933650169079225,2.1346,107430.6021969
1.1125883684086681,2.1348,107430.602376661
1.069541617088461,2.135,107430.602563657
0.8410641272359679,2.1352,107430.602801451
0.8242120209934881,2.1354,107430.603044107
1.0662913630128676,2.1356,107430.603231673
0.7794110596798122,2.1358,107430.603488277
0.9871766151132896,2.136,107430.603690875
1.0780101546755938,2.1362,107430.603876402
0.8333750416462391,2.1364,107430.60411639
1.3454603872945132,2.1366,107430.604265038
1.0223015279298182,2.1368,107430.604460675
0.8047220957501571,2.137,107430.604709208
0.8763281613296778,2.1372,107430.604937433
1.0355826268237447,2.1374,107430.605130561
0.7954626881344345,2.1376,107430.605381987
1.180756051072769,2.1378,107430.60555137
1.011275717932753,2.138,107430.60574914
0.8800338023658828,2.1382,107430.605976404
1.4548840500450988,2.1384,107430.606113872
0.8864501443587368,2.1386,107430.606339491
0.8448372085268528,2.1388,107430.606576223
1.0232168165020432,2.1390000000000002,107430.606771685
1.107572987002033,2.1391999999999998,107430.60695226
0.8963746344414361,2.1394,107430.607175381
1.200840572713616,2.1396,107430.607341931
1.063309429361063,2.1398,107430.607530023
0.9447643644045551,2.14,107430.607741716
0.7411387355086018,2.1402,107430.608011571
1.0371454186596052,2.1404,107430.608204408
0.8753233270665348,2.1406,107430.608432895
0.872398572083813,2.1408,107430.608662148
0.638577766610152,2.141,107430.608975344
0.6731332493770745,2.1412,107430.609272462
0.8765893467304949,2.1414,107430.609500619
0.9589060787600049,2.1416,107430.60970919
1.0369517481188875,2.1418,107430.609902063
0.8666112428404866,2.142,107430.610132847
1.144400413565885,2.1422,107430.610307611
1.166031188449559,2.1424,107430.610479133
1.0370270167211684,2.1426,107430.610671992
0.7142627544059957,2.1428,107430.610952001
2.034484560832571,2.143,107430.611050306
1.0532690710078434,2.1432,107430.611240191
0.8242935843272724,2.1434,107430.611482823
1.047131432848337,2.1436,107430.611673821
1.0334314574749182,2.1438,107430.611867351
0.7534035305972192,2.144,107430.612132813
1.6162791201699842,2.1442,107430.612256554
1.0440484340064666,2.1444,107430.612448116
0.7410288856379748,2.1446,107430.612718011
1.077087189492496,2.1448,107430.612903697
0.865197847035865,2.145,107430.613134858
0.8457661002746598,2.1452,107430.61337133
0.8381316295746173,2.1454,107430.613609956
0.9990608543618916,2.1456,107430.613810144
1.0760266994444834,2.1458,107430.613996013
0.8669342518464747,2.146,107430.614226711
1.2710759713390243,2.1462,107430.614384058
1.087246100091835,2.1464,107430.614568009
0.585721853438461,2.1466,107430.614909468
1.7070672360575596,2.1468,107430.615026628
0.98060845899664,2.147,107430.615230583
1.235063503020329,2.1471999999999998,107430.615392518
0.9624546244237329,2.1474,107430.61560032
0.9664076795680556,2.1476,107430.615807272
1.0855288010264017,2.1478,107430.615991514
0.9015181846600951,2.148,107430.616213362
1.0689298858006848,2.1482,107430.616400465
1.195150122068026,2.1484,107430.616567808
0.8342127522868484,2.1486,107430.616807555
1.0510715250440872,2.1488,107430.616997837
0.9492349081584396,2.149,107430.617208533
1.1239049507391168,2.1492,107430.617386484
0.8318187214017612,2.1494,107430.617626921
1.0003400736124952,2.1496,107430.617826853
1.0841930212114612,2.1498,107430.618011322
0.786695413199886,2.15,107430.61826555
1.004409331138862,2.1502,107430.618464672
1.042443120824089,2.1504,107430.618656529
0.8340526777214171,2.1506,107430.618896322
0.9271019618365182,2.1508,107430.619112048
0.7594081404596656,2.151,107430.619375411
0.6883567824458972,2.1512000000000002,107430.619665958
0.9825933904933714,2.1514,107430.619869501
1.0293095849791618,2.1516,107430.620063806
0.8451870643822635,2.1518,107430.62030044
1.202262670255738,2.152,107430.620466793
0.745681554397541,2.1522,107430.620735004
0.8926141041635132,2.1524,107430.620959065
1.3512418165333606,2.1526,107430.621107077
0.8872326894025101,2.1528,107430.621332497
0.9412828149171784,2.153,107430.621544973
0.8604407743599272,2.1532,107430.621777412
0.7700778626813911,2.1534,107430.622037126
1.0099531068675414,2.1536,107430.622235155
0.5252887064055014,2.1538,107430.622615898
1.2536905977869681,2.154,107430.622775427
1.243688224895589,2.1542,107430.622936239
0.7527796395655801,2.1544,107430.623201921
1.511236038327728,2.1546,107430.623334263
1.0362963093499602,2.1548,107430.623527258
0.9349420127595309,2.155,107430.623741175
0.9140016183483821,2.1552,107430.623959993
1.3641820425892266,2.1554,107430.624106601
0.8136927912864163,2.1556,107430.624352394
0.5806138858770928,2.1558,107430.624696857
1.4043070321637687,2.156,107430.624839276
1.176615928473679,2.1562,107430.625009255
1.0735142892915341,2.1564,107430.625195559
1.0179360262033486,2.1566,107430.625392035
1.1769759475288144,2.1568,107430.625561962
0.8599894344636937,2.157,107430.625794523
0.8088946213806111,2.1572,107430.626041774
0.7823042694534202,2.1574,107430.626297429
0.8736218752921012,2.1576,107430.626526361
1.2220830367641804,2.1578,107430.626690016
0.8091138650521837,2.158,107430.6269372
1.0757315070803604,2.1582,107430.62712312
1.061802190184442,2.1584,107430.627311479
0.8507488520744518,2.1586,107430.627546566
0.969612350855778,2.1588,107430.627752834
0.8476910879627125,2.159,107430.627988769
1.1056993869153515,2.1592000000000002,107430.62816965
0.80731751892755,2.1593999999999998,107430.628417384
0.9717228441540962,2.1596,107430.628623204
0.8366555406296627,2.1598,107430.628862251
1.5007353973041029,2.16,107430.628995519
1.039268791043716,2.1602,107430.629187962
0.8399090971879201,2.1604,107430.629426083
0.7569019974180373,2.1606,107430.629690318
0.869799687429083,2.1608,107430.629920256
0.7092424922466514,2.161,107430.630202247
1.424887106301025,2.1612,107430.630342609
0.9579232191370936,2.1614,107430.630551394
0.8863951463561804,2.1616,107430.630777027
0.9274717724069571,2.1618,107430.630992667
1.477224763995692,2.162,107430.631128056
0.8319779395349185,2.1622,107430.631368447
0.7887150536400037,2.1624,107430.631622024
1.0973154168080625,2.1626,107430.631804287
0.8091564037056211,2.1628,107430.632051458
1.0985630844662273,2.163,107430.632233514
1.015542886006474,2.1632,107430.632430453
0.9266938923657483,2.1634,107430.632646274
0.7946314413147137,2.1636,107430.632897963
1.1424067151150177,2.1638,107430.633073032
1.0398902286420428,2.164,107430.63326536
0.8268665416289315,2.1642,107430.633507237
0.8559848330090348,2.1644,107430.633740886
0.8478599976063372,2.1646,107430.633976774
1.038885510694539,2.1648,107430.634169288
1.0274429951087305,2.165,107430.634363946
0.7635015560794878,2.1652,107430.634625897
0.8762667581363229,2.1654,107430.634854138
0.9184676247519612,2.1656,107430.635071892
1.0791736082879724,2.1658,107430.635257219
1.1033508473844378,2.166,107430.635438485
0.8566668056973069,2.1662,107430.635671948
1.054557527663623,2.1664,107430.635861601
1.0130326752107666,2.1666,107430.636059028
1.0090867949883662,2.1668,107430.636257227
1.1528440375011417,2.167,107430.636430711
0.7579892168373324,2.1672,107430.636694567
1.1441386172448815,2.1673999999999998,107430.636869371
0.9930733148770151,2.1676,107430.637070766
1.1238543121776468,2.1678,107430.637248725
1.1293947812260425,2.168,107430.637425811
0.9605963337984792,2.1682,107430.637634015
1.0957643765913867,2.1684,107430.637816536
1.116127461946982,2.1686,107430.637995727
0.9630061257716658,2.1688,107430.63820341
0.8893355309267095,2.169,107430.638428297
1.0223694371099639,2.1692,107430.638623921
0.7464608474501622,2.1694,107430.638891852
1.0833648973383725,2.1696,107430.639076462
1.0611205412619513,2.1698,107430.639264942
1.161568371563948,2.17,107430.639437123
0.8505245733915029,2.1702,107430.639672272
0.8032225076067391,2.1704,107430.639921269
1.0430682824227908,2.1706,107430.640113011
0.6754132636369987,2.1708,107430.640409126
0.889027186831643,2.171,107430.640634091
0.9452555292056875,2.1712,107430.640845674
1.0262409775549148,2.1714,107430.64104056
1.0577197659422022,2.1716,107430.641229646
1.1088072468010002,2.1718,107430.64141002
1.0381143870575582,2.172,107430.641602677
0.8458519335008158,2.1722,107430.641839125
0.8392993523531483,2.1724,107430.642077419
1.0681992053730025,2.1726,107430.64226465
0.8489324424744745,2.1728,107430.64250024
1.0795230918454217,2.173,107430.642685507
0.8281196574049691,2.1732,107430.642927018
0.905911940865758,2.1734,107430.64314779
1.2763975584437384,2.1736,107430.643304481
0.6627893394653301,2.1738,107430.643606236
1.3386612026846758,2.174,107430.643755639
0.8202604530110535,2.1742,107430.643999464
0.9766340338233515,2.1744,107430.644204249
0.9404329546528101,2.1746,107430.644416917
1.4573117384892795,2.1748,107430.644554156
0.7873798810991461,2.175,107430.644808163
1.1937589960117243,2.1752,107430.644975701
0.6098416315304052,2.1754,107430.645303655
0.8855160484723864,2.1756,107430.645529512
2.156334051572687,2.1758,107430.645622262
0.9742363660592354,2.176,107430.645827551
0.7112830801523643,2.1762,107430.646108733
1.4782731077872464,2.1764,107430.646244026
1.0708701351413874,2.1766,107430.64643079
0.787014265784282,2.1768,107430.646684915
1.095938430118321,2.177,107430.646867407
0.7655707632626222,2.1772,107430.64712865
1.1577222741934534,2.1774,107430.647301403
1.4309939306402546,2.1776,107430.647441166
0.7070985667201755,2.1778,107430.647724012
1.3706327673677703,2.178,107430.64786993
0.6689768877140946,2.1782,107430.648168894
2.8182113422794357,2.1784,107430.648239861
0.8369041075716459,2.1786,107430.648478837
1.0752572647073286,2.1788,107430.648664839
0.9968797475053871,2.179,107430.648865465
0.9578222804649938,2.1792,107430.649074272
0.5038417990408531,2.1794000000000002,107430.649471222
1.196916709603404,2.1796,107430.649638318
0.9848966092324503,2.1798,107430.649841385
1.7690505628978574,2.18,107430.64995444
1.2308676578998758,2.1802,107430.650116927
1.5099240964252172,2.1804,107430.650249384
0.6091562207826275,2.1806,107430.650577707
1.3404016405219537,2.1808,107430.650726916
0.8873390045727932,2.181,107430.650952309
0.9552923625725284,2.1812,107430.651161669
0.48835277741914346,2.1814,107430.651571209
0.6403955267956587,2.1816,107430.651883516
1.9496977757045275,2.1818,107430.651986096
3.0091928096731237,2.182,107430.652052559
1.1707476910649384,2.1822,107430.65222339
0.7747283834365647,2.1824,107430.652481545
0.8043111115453809,2.1826,107430.652730205
1.7856185605963166,2.1828,107430.652842211
0.935987817028685,2.183,107430.653055889
0.6772635774394258,2.1832,107430.653351195
1.2118641332657285,2.1834,107430.65351623
1.1796973558174229,2.1836,107430.653685765
1.2536355934517918,2.1838,107430.653845301
0.9850178777518205,2.184,107430.654048343
0.8657071807063798,2.1842,107430.654279368
1.0850694403306334,2.1844,107430.654463688
0.834916198062443,2.1846,107430.654703233
1.0110099220962143,2.1848,107430.654901055
1.0972130104075954,2.185,107430.655083335
0.5830920988000101,2.1852,107430.655426334
1.3835564261771278,2.1854,107430.655570889
0.8548907848925321,2.1856,107430.655804837
0.8761324162855595,2.1858,107430.656033113
1.6607847179572974,2.186,107430.656153538
0.8167699253324028,2.1862,107430.656398405
0.8591655608013034,2.1864,107430.656631189
1.0293943878703167,2.1866,107430.656825478
0.9884548505711913,2.1868,107430.657027814
1.0596194968078554,2.187,107430.657216561
1.1396141009743996,2.1872,107430.657392059
1.0316989628455684,2.1874000000000002,107430.657585914
0.9560868915390305,2.1875999999999998,107430.6577951
1.0130942804207206,2.1878,107430.657992515
1.0309915963642031,2.188,107430.658186503
1.0332713306069783,2.1882,107430.658380063
0.9022014070483241,2.1884,107430.658601743
1.0642656195525362,2.1886,107430.658789666
1.0085169366093032,2.1888,107430.658987977
1.0036130305655573,2.189,107430.659187257
0.5960914314760049,2.1892,107430.659522776
1.6625657062242518,2.1894,107430.659643072
0.9920782086960739,2.1896,107430.659844669
0.9216717463075503,2.1898,107430.660061666
1.2346746190952622,2.19,107430.660223652
0.719535740278209,2.1902,107430.660501609
1.5681847025291034,2.1904,107430.660629145
1.2655824736854622,2.1906,107430.660787175
0.8759559073681357,2.1908,107430.661015497
0.8786728197587867,2.191,107430.661243113
0.8731146147119591,2.1912,107430.661472178
0.8784220129732163,2.1914,107430.661699859
1.0945948827004113,2.1916,107430.661882575
1.036903400456326,2.1918,107430.662075457
0.9208230432628315,2.192,107430.662292654
1.0637335868232316,2.1922,107430.662480671
1.0486742492047507,2.1924,107430.662671388
1.0169008782822002,2.1926,107430.662868064
0.8467866590406707,2.1928,107430.663104251
0.8586528423505054,2.193,107430.663337174
1.2155616914371221,2.1932,107430.663501707
0.9415043075793104,2.1934,107430.663714133
1.194158219974628,2.1936,107430.663881615
0.986348920802948,2.1938,107430.664084383
1.0158110709466721,2.194,107430.66428127
1.0582010666013821,2.1942,107430.66447027
1.0581562570238687,2.1944,107430.664659278
0.993324880216747,2.1946,107430.664860622
0.9693773689991184,2.1948,107430.66506694
1.0551973893798985,2.195,107430.665256478
0.9129460001480285,2.1952,107430.665475549
1.0839168392856666,2.1954,107430.665660065
0.8009258822182719,2.1955999999999998,107430.665909776
1.269615528893396,2.1958,107430.666067304
1.054891247068286,2.196,107430.666256897
0.9313198141763274,2.1962,107430.666471646
0.8687343054878705,2.1964,107430.666701866
1.0180966386701653,2.1966,107430.666898311
0.988073959106661,2.1968,107430.667100725
1.0924842447213934,2.197,107430.667283794
0.9225432549283165,2.1972,107430.667500586
1.096328941006978,2.1974,107430.667683013
0.816399838619528,2.1976,107430.667927991
0.9842713294630937,2.1978,107430.668131187
1.0632473237162112,2.198,107430.66831929
1.029097715923176,2.1982,107430.668513635
1.0309810009847418,2.1984,107430.668707625
0.8298169901008362,2.1986,107430.668948642
1.026130338299956,2.1988,107430.669143549
1.030046526110798,2.199,107430.669337715
0.9858821623118773,2.1992,107430.669540579
1.0470874760633087,2.1994,107430.669731585
1.0305082202647868,2.1996,107430.669925664
0.9884987856705197,2.1998,107430.670127991
0.8431454341369197,2.2,107430.670365198
1.01354605675654,2.2002,107430.670562525
0.7712805867747204,2.2004,107430.670821834
1.0152800176167263,2.2006,107430.671018824
0.8723948065453269,2.2008,107430.671248078
0.6044012543883513,2.201,107430.671578984
1.1368222241171828,2.2012,107430.671754913
1.0550749111346323,2.2014,107430.671944473
1.0117412157092633,2.2016,107430.672142152
1.0499735401596153,2.2018,107430.672332633
0.8312655574492392,2.202,107430.67257323
0.9300594783248601,2.2022,107430.67278827
1.0638807301353932,2.2024,107430.672976261
1.0060868827641076,2.2026,107430.673175051
1.0455438335417098,2.2028,107430.673366339
0.6989610070566147,2.203,107430.673652478
1.6370095794135529,2.2032,107430.673774652
0.9133796211916908,2.2034,107430.673993619
1.1392765727009289,2.2036,107430.674169169
1.0011362915855693,2.2038,107430.674368942
1.0677030457190357,2.204,107430.67455626
1.0390797471955433,2.2042,107430.674748738
1.0293943878703167,2.2044,107430.674943027
0.910100312915483,2.2046,107430.675162783
0.8581186608575774,2.2048,107430.675395851
1.0854933924271322,2.205,107430.675580099
0.9392449549675281,2.2052,107430.675793036
1.0894848805234456,2.2054,107430.675976609
1.061272535008862,2.2056,107430.676165062
1.0359956463729239,2.2058,107430.676358113
1.0378881403611284,2.206,107430.676550812
0.7377351587478421,2.2062,107430.676821912
0.6649002304478578,2.2064,107430.677122709
3.1522377634717644,2.2066,107430.677186156
0.7214851150932636,2.2068,107430.677463362
0.8237944719756393,2.207,107430.677706141
1.1835019185292988,2.2072,107430.677875131
0.8081493965380958,2.2074,107430.67812261
0.835694149617815,2.2076000000000002,107430.678361932
0.8112800511893328,2.2078,107430.678608456
0.7003536775904882,2.208,107430.678894026
1.806244304970914,2.2082,107430.679004753
0.6539666250463267,2.2084,107430.679310579
1.1717079604111176,2.2086,107430.67948127
0.5349080918307846,2.2088,107430.679855166
2.890925287648307,2.209,107430.679924348
1.0400199883918906,2.2092,107430.680116652
0.8313484725638994,2.2094,107430.680357225
0.8276021974979828,2.2096,107430.680598887
0.7891818869203813,2.2098,107430.680852314
1.1666706009162038,2.21,107430.681023742
1.0636656692556943,2.2102,107430.681211771
0.6489840162480734,2.2104,107430.681519945
1.4757098549370125,2.2106,107430.681655473
0.8105829622820966,2.2108,107430.681902209
0.958736042778375,2.211,107430.682110817
0.6817561936761118,2.2112,107430.682404177
1.0643789480595913,2.2114,107430.68259208
1.033447542828808,2.2116,107430.682785607
0.7745303442622555,2.2118,107430.683043828
1.0443755342224792,2.212,107430.68323533
0.8318533091537902,2.2122,107430.683475757
0.7887337471461547,2.2124,107430.683729328
0.9448045013291905,2.2126,107430.683941012
1.1599380923226676,2.2128,107430.684113435
1.0363177193958764,2.213,107430.684306426
0.8443699739405983,2.2132,107430.684543289
0.8218648908890994,2.2134,107430.684786638
0.9058053076613487,2.2136,107430.685007436
1.1324386868191163,2.2138,107430.685184046
1.0257883044016003,2.214,107430.685379018
0.8488964199014661,2.2142,107430.685614618
0.9968599359926394,2.2144,107430.685815248
0.8309892261522286,2.2146,107430.686055925
1.0625863278486085,2.2148,107430.686244145
1.0606197208087538,2.215,107430.686432714
0.8063475800616421,2.2152,107430.686680746
1.0860239917357943,2.2154,107430.686864904
0.8017445863586532,2.2156000000000002,107430.68711436
0.9819710308600871,2.2157999999999998,107430.687318032
1.054035073715836,2.216,107430.687507779
1.0253045162082368,2.2162,107430.687702843
0.8110530271969493,2.2164,107430.687949436
0.9522811858318054,2.2166,107430.688159458
1.4859723902842015,2.2168,107430.68829405
1.0354432846161359,2.217,107430.688487204
0.7993253690902229,2.2172,107430.688737415
1.0921560875847263,2.2174,107430.688920539
1.0116491690559666,2.2176,107430.689118236
1.0058439765740261,2.2178,107430.689317074
0.9728146591487061,2.218,107430.689522663
1.0032706805487435,2.2182,107430.689722011
0.8267708407782368,2.2184,107430.689963916
0.502813230981129,2.2186,107430.690361678
1.3354612402062096,2.2188,107430.690511439
1.755109457933239,2.219,107430.690625392
0.9238216628283694,2.2192,107430.690841884
1.3826860659211955,2.2194,107430.69098653
1.2168780560259107,2.2196,107430.691150885
1.0976406334601494,2.2198,107430.691333094
0.8441276329715968,2.22,107430.691570025
0.964194625626241,2.2202,107430.691777452
1.0843811277743087,2.2204,107430.691961889
0.8072295134847817,2.2206,107430.69220965
1.0253413084763625,2.2208,107430.692404707
0.7311277980692252,2.221,107430.692678257
0.6483423343029524,2.2212,107430.692986736
0.9189234037143593,2.2214,107430.693204382
1.0460415009469157,2.2216,107430.693395579
0.8581039272163548,2.2218,107430.693628651
1.1984229376268156,2.222,107430.693795537
0.7415784208531933,2.2222,107430.694065232
0.4998837880349477,2.2224,107430.694465325
1.7422360125611416,2.2226,107430.69458012
0.8737783902861911,2.2228,107430.694809011
1.6491851803070245,2.223,107430.694930283
0.9178438270691653,2.2232,107430.695148185
1.4437096885273981,2.2234,107430.695286717
0.7016903927468476,2.2236,107430.695571743
1.0260514342954394,2.2237999999999998,107430.695766665
0.9104565610890932,2.224,107430.695986335
0.7923836127086342,2.2242,107430.696238738
1.329690010482465,2.2244,107430.696389149
1.062140511285637,2.2246,107430.696577448
0.8001664705455097,2.2248,107430.696827396
1.0038346239395701,2.225,107430.697026632
1.0255148261068698,2.2252,107430.697221656
0.7741975383214075,2.2254,107430.697479988
0.8201191453628984,2.2256,107430.697723855
1.2692288477669647,2.2258,107430.697881431
0.9362682414766506,2.226,107430.698095045
0.6739929638795812,2.2262,107430.698391784
1.1941082115980803,2.2264,107430.698559273
1.0626145889186087,2.2266,107430.698747488
1.2496407707496808,2.2268,107430.698907534
0.9811664681235182,2.227,107430.699111373
1.0451942219117303,2.2272,107430.699302725
0.8036259422064639,2.2274,107430.699551597
1.0533744988844205,2.2276,107430.699741463
1.0756678577234506,2.2278000000000002,107430.699927394
0.9919011453859636,2.228,107430.700129027
0.6063160021483481,2.2282,107430.700458888
1.567373493235973,2.2284,107430.70058649
0.7849293416691108,2.2286,107430.70084129
1.1321374749582271,2.2288,107430.701017947
1.063235890487609,2.229,107430.701206052
1.0532968386291959,2.2292,107430.701395932
0.7957633470254897,2.2294,107430.701647263
1.0712946689354284,2.2296,107430.701833953
1.0083542275593795,2.2298,107430.702032296
0.9849984643108048,2.23,107430.702235342
0.966146265788727,2.2302,107430.70244235
1.0161775114743008,2.2304,107430.702639166
0.8383810745010399,2.2306,107430.702877721
0.7744224171301969,2.2308,107430.703135978
0.7293068018299291,2.231,107430.703410211
0.8727602706135293,2.2312,107430.703639369
1.066200454907266,2.2314,107430.703826951
0.9915814746292733,2.2316,107430.704028649
0.9250394239942467,2.2318,107430.704244856
1.0007154723941611,2.232,107430.704444713
1.0689585684555956,2.2322,107430.704631811
0.8386412094976649,2.2324,107430.704870292
1.1546810893570245,2.2326,107430.7050435
1.065785568204242,2.2328,107430.705231155
0.90396706356708,2.233,107430.705452402
0.992777556699666,2.2332,107430.705653857
1.1112346196202552,2.2334,107430.705833837
0.9713453311036759,2.2336,107430.706039737
0.6807908065197751,2.2338,107430.706333513
1.0544240342996136,2.234,107430.70652319
1.3450532507934188,2.2342,107430.706671883
1.17710074104627,2.2344,107430.706841792
1.2278751716727547,2.2346,107430.707004675
1.0655244660202936,2.2348,107430.707192376
1.0501829388595776,2.235,107430.707382819
1.0485862400998855,2.2352,107430.707573552
1.0365648584791212,2.2354,107430.707766497
1.0402688179241322,2.2356,107430.707958755
0.9942630748130067,2.2358000000000002,107430.708159909
1.0847869895264826,2.2359999999999998,107430.708344277
0.8195746830134223,2.2362,107430.708588306
1.2993173188101708,2.2364,107430.708742233
0.8234993504766276,2.2366,107430.708985099
1.0170715506994852,2.2368,107430.709181742
0.9461185608478844,2.237,107430.709393132
1.01829879585832,2.2372,107430.709589538
0.8634273746254507,2.2374,107430.709821173
1.260104484507857,2.2376,107430.70997989
1.0428996950495644,2.2378,107430.710171663
0.8231197895278223,2.238,107430.710414641
0.9906041338143455,2.2382,107430.710616538
1.0750723099734982,2.2384,107430.710802572
0.6142807757033694,2.2386,107430.711128156
1.5913305341879875,2.2388,107430.711253837
0.6945529656610827,2.239,107430.711541792
1.2724669666391957,2.2392,107430.711698967
0.8565164137313942,2.2394,107430.711932471
0.9980587194134128,2.2396,107430.71213286
1.07389468619662,2.2398,107430.712319098
1.0262568398462637,2.24,107430.712513981
1.0163375694511985,2.2402,107430.712710766
0.9474991146219645,2.2404,107430.712921848
1.0222910343708174,2.2406,107430.713117487
0.9255916903537167,2.2408,107430.713333565
0.6033655687061646,2.241,107430.713665039
0.9222795312845308,2.2412,107430.713881893
0.976815268512065,2.2414,107430.71408664
0.9964228370484263,2.2416,107430.714287358
1.027189745243829,2.2418,107430.714482064
1.0696788827559887,2.242,107430.714669036
0.9317753647130027,2.2422,107430.71488368
0.9069760043627096,2.2424,107430.715104193
1.0797795632719178,2.2426,107430.715289416
1.033068465750745,2.2428,107430.715483014
1.0269998513886487,2.243,107430.715677756
0.9661089131043287,2.2432,107430.715884772
1.0143839579681733,2.2434,107430.716081936
1.0140239717858435,2.2436,107430.71627917
0.9985520991258307,2.2438,107430.71647946
0.9907660211667185,2.2439999999999998,107430.716681324
0.762511878123055,2.2442,107430.716943615
1.129165222859303,2.2444,107430.717120737
1.011153031289663,2.2446,107430.717318531
0.8038488267951388,2.2448,107430.717567334
0.989594372459869,2.245,107430.717769437
0.9580516930261954,2.2452,107430.717978194
1.0855170550606723,2.2454,107430.718162438
0.8272940835080093,2.2456,107430.71840419
0.8368971259147306,2.2458,107430.718643168
0.8182871024311948,2.246,107430.718887581
1.1516159863680682,2.2462,107430.71906125
0.9819999374955201,2.2464,107430.719264916
1.066342490122523,2.2466,107430.719452473
0.7514982973162102,2.2468,107430.719718608
1.0802810691404394,2.247,107430.719903745
1.005257553656578,2.2472,107430.720102699
0.7552441952221366,2.2474,107430.720367514
1.0417209496952342,2.2476,107430.720559504
0.8304889001146092,2.2478,107430.720800326
0.9652276850834319,2.248,107430.721007531
1.0736352992475344,2.2482,107430.721193814
0.7949662788746332,2.2484,107430.721445397
1.0514307107469052,2.2486,107430.721635614
1.0418619867421208,2.2488,107430.721827578
0.9403047877229691,2.249,107430.722040275
1.0230754509894806,2.2492,107430.722235764
0.8275576475120989,2.2494,107430.722477439
1.015842079346303,2.2496,107430.72267432
1.0563510668695522,2.2498,107430.722863651
0.44407930879997753,2.25,107430.723314021
1.3792722965769608,2.2502,107430.723459025
1.6533434623684646,2.2504,107430.723579992
0.8305371791009588,2.2506,107430.7238208
0.6509315034869662,2.2508,107430.724128052
1.4587146175906027,2.251,107430.724265159
0.9630200259940652,2.2512,107430.724472839
1.054718816544791,2.2514,107430.724662463
0.9894916359600936,2.2516,107430.724864587
0.9726727648298698,2.2518000000000002,107430.725070206
1.0850046811841332,2.252,107430.725254537
0.9602457970746378,2.2522,107430.725462817
1.0613571131853996,2.2524,107430.725651255
1.0363338165823335,2.2526,107430.725844243
0.859180330921881,2.2528,107430.726077023
1.0521166351209286,2.253,107430.726267116
0.9517781466914645,2.2532,107430.726477249
0.9095250208438918,2.2534,107430.726697144
0.8258251718403301,2.2536,107430.726939326
0.4693381403249251,2.2538,107430.727365458
1.117312198802318,2.254,107430.727544459
1.472971069487434,2.2542,107430.727680239
0.9152731473967584,2.2544,107430.727898753
1.2873243154877596,2.2546,107430.728054114
0.8130643196629831,2.2548,107430.728300097
0.9930832171775864,2.255,107430.72850149
0.8524167972290343,2.2552,107430.728736117
0.8264531077614595,2.2554,107430.728978115
0.9015262861260834,2.2556,107430.729199961
1.1313240994280849,2.2558,107430.729376745
1.1352799391871407,2.2560000000000002,107430.729552913
0.8173474119385589,2.2561999999999998,107430.729797607
0.893914683260735,2.2564,107430.730021342
1.0801585565374248,2.2566,107430.7302065
1.064633881146672,2.2568,107430.730394358
1.0093160008720314,2.257,107430.730592512
1.0767333762702176,2.2572,107430.730778259
0.7076364744894432,2.2574,107430.73106089
1.389545024391886,2.2576,107430.731204822
0.5609122691758848,2.2578,107430.731561384
1.3174709682266494,2.258,107430.73171319
0.8381948586867042,2.2582,107430.731951798
1.5988360593321698,2.2584,107430.732076889
1.0693128637822038,2.2586,107430.732263925
0.8966880971707322,2.2588,107430.732486968
1.0512649578992475,2.259,107430.732677215
0.8379455245417046,2.2592,107430.732915894
1.002109400002004,2.2594,107430.733115473
0.7488421080871415,2.2596,107430.733382552
1.187733118138474,2.2598,107430.73355094
1.0369410298824089,2.26,107430.733743815
0.8424919381985408,2.2602,107430.733981206
0.9999099570152203,2.2604,107430.734181224
0.7792167602727101,2.2606,107430.734437892
0.8310375633289117,2.2608,107430.734678555
0.6727596330181079,2.261,107430.734975838
0.7482845699976156,2.2612,107430.735243116
0.8855356182868162,2.2614,107430.735468968
1.2494377621074284,2.2616,107430.73562904
0.9918322846175114,2.2618,107430.735830687
1.044620974072277,2.262,107430.736022144
0.9892566761441273,2.2622,107430.736224316
0.8791015894051645,2.2624,107430.736451821
0.7696185256383635,2.2626,107430.73671169
1.064226063283564,2.2628,107430.73689962
1.04090761315647,2.263,107430.73709176
0.7870390532277858,2.2632,107430.737345877
1.015733745896903,2.2634,107430.737542779
0.8332812132821141,2.2636,107430.737782794
1.047636043344784,2.2638,107430.7379737
0.9807575073033954,2.2640000000000002,107430.738177624
0.8251744576521776,2.2641999999999998,107430.738419997
1.0288647529788013,2.2644,107430.738614386
1.0921144309430608,2.2646,107430.738797517
1.044997613472975,2.2648,107430.738988905
1.0319544413271533,2.265,107430.739182712
0.48898918637572986,2.2652,107430.739591719
0.9540209852339755,2.2654,107430.739801358
1.2634956778170414,2.2656,107430.739959649
0.7630908271663561,2.2658,107430.740221741
2.6763730093201517,2.266,107430.740296469
1.6586223370242088,2.2662,107430.740417051
0.7936728447537466,2.2664,107430.740669044
1.0182521718925948,2.2666,107430.740865459
1.065144196403924,2.2668,107430.741053227
0.8713495774232066,2.267,107430.741282756
0.9266552793996494,2.2672,107430.741498586
1.0640391996758995,2.2674,107430.741686549
0.8179323357703558,2.2676,107430.741931068
1.0259093610835435,2.2678,107430.742126017
0.8580928907111041,2.268,107430.742359092
1.0778998225678214,2.2682,107430.742544638
0.7745993146681781,2.2684,107430.742802836
0.8821959855411243,2.2686,107430.743029543
0.9276222585410698,2.2688,107430.743245148
1.2088901731273811,2.269,107430.743410589
1.0446973601958676,2.2692,107430.743602032
0.9410037600862031,2.2694,107430.743814571
0.9013515751211486,2.2696,107430.74403646
0.9082116029672581,2.2698,107430.744256673
0.9462931415394102,2.27,107430.744468024
0.7150825208702245,2.2702,107430.744747712
0.9865679124955898,2.2704,107430.744950435
1.0835938081097558,2.2706,107430.745135006
0.7932069564040168,2.2708,107430.745387147
0.6801309948604036,2.271,107430.745681208
1.072213584575117,2.2712,107430.745867738
0.9942878183621476,2.2714,107430.746068887
0.936711154233248,2.2716,107430.7462824
1.0014220204206314,2.2718,107430.746482116
1.2417192799734202,2.2720000000000002,107430.746643183
0.8195176035539077,2.2721999999999998,107430.746887229
1.0983097254795335,2.2724,107430.747069327
0.9951436667933645,2.2726,107430.747270303
0.8525512621563288,2.2728,107430.747504893
1.083441247120884,2.273,107430.74768949
0.829300860213016,2.2732,107430.747930657
0.8579272700850072,2.2734,107430.748163777
1.0266782512869796,2.2736,107430.74835858
0.8563293116701356,2.2738,107430.748592135
0.8576439564344558,2.274,107430.748825332
0.8884940149153892,2.2742,107430.749050432
1.0167716328022678,2.2744,107430.749247133
1.0850812622785875,2.2746,107430.749431451
0.9306524155501994,2.2748,107430.749646354
1.2461835426535486,2.275,107430.749806844
0.8374087259091435,2.2752,107430.750045676
1.0511986231517159,2.2754,107430.750235935
0.7988433044022731,2.2756,107430.750486297
0.8906384558502014,2.2758,107430.750710855
0.9808825888873439,2.276,107430.750914753
1.0943254008386658,2.2762000000000002,107430.751097514
0.8450013979252776,2.2763999999999998,107430.7513342
0.9756050282393811,2.2766,107430.751539201
1.0677713969179432,2.2768,107430.751726507
1.009978637525099,2.277,107430.751924531
1.1015399593955115,2.2772,107430.752106095
0.8532714210503418,2.2774,107430.752340487
0.751857069219708,2.2776,107430.752606495
1.0806838669904617,2.2778,107430.752791563
0.8506258526870232,2.278,107430.753026684
0.9070377164121083,2.2782,107430.753247182
1.2602314672582593,2.2784,107430.753405883
0.9669637218535878,2.2786,107430.753612716
0.9406939646944468,2.2788,107430.753825325
1.1478947486086752,2.279,107430.753999557
1.01829879585832,2.2792,107430.754195963
1.0471698083040257,2.2794,107430.754386954
1.0712315435195794,2.2796,107430.754573655
1.0471532929502585,2.2798,107430.754764649
0.9284749539021243,2.2800000000000002,107430.754980056
1.0317414821688784,2.2802,107430.755173903
1.0354700422786756,2.2804,107430.755367052
1.0168285027839803,2.2806,107430.755563742
0.36842726273129045,2.2808,107430.75610659
1.1835650058221514,2.281,107430.756275571
1.4398225588723126,2.2812,107430.756414477
1.6057550759957049,2.2814,107430.756539029
0.8768583520499837,2.2816,107430.756767116
1.3534456401611745,2.2818,107430.756914887
1.584723187568417,2.282,107430.757041092
1.0510605129295794,2.2822,107430.757231376
0.9892665024785465,2.2824,107430.757433546
0.9884108482942833,2.2826,107430.757635891
1.0047726587462593,2.2828,107430.757834941
0.9793312327524438,2.283,107430.758039162
1.0040967332415598,2.2832,107430.758238346
1.0771277076283297,2.2834,107430.758424025
0.8353137246966653,2.2836,107430.758663456
0.9710670370747433,2.2838,107430.758869415
1.1057237607797412,2.284,107430.759050292
0.9150721701576476,2.2842000000000002,107430.759268854
0.7649383170376207,2.2843999999999998,107430.759530313
1.365784274324094,2.2846,107430.759676749
0.9577076153803611,2.2848,107430.759885581
0.8772468833817312,2.285,107430.760113567
1.3185914898008404,2.2852,107430.760265244
1.0623097937529993,2.2854,107430.760453513
1.0093923518410193,2.2856,107430.760651652
1.0392958253774989,2.2858,107430.76084409
0.9922357070981119,2.286,107430.761045655
1.0579995348275704,2.2862,107430.761234691
1.023604324701508,2.2864,107430.761430079
1.0255937241303867,2.2866,107430.761625088
1.0521165545797646,2.2868,107430.761815181
0.3807413378178587,2.287,107430.762340472
1.1080394539863834,2.2872,107430.762520971
1.0643789480595913,2.2874,107430.762708874
0.9591406293569812,2.2876,107430.762917394
1.9981814065941195,2.2878,107430.763017485
2.3427707988030515,2.288,107430.763102854
1.155775422581377,2.2882,107430.763275898
0.9499788732620801,2.2884,107430.763486429
0.784562952591263,2.2886,107430.763741348
1.4410674368074416,2.2888,107430.763880134
0.40338521392327326,2.289,107430.764375938
2.9091334122566987,2.2892,107430.764444687
0.6905099747999363,2.2894,107430.764734328
2.0686587011058144,2.2896,107430.764831009
1.56125594673315,2.2898,107430.764959111
1.5073519994444433,2.29,107430.765091794
0.971434995646638,2.2902,107430.765297675
1.0181484526565503,2.2904,107430.76549411
1.0070798270862489,2.2906,107430.765692704
0.883407814477707,2.2908,107430.7659191
0.4013171193597123,2.291,107430.766417459
1.1355507378077727,2.2912,107430.766593585
1.0029636946999114,2.2914,107430.766792994
1.0214035120970417,2.2916,107430.766988803
1.3645358122587843,2.2918,107430.767135373
1.0702856375512455,2.292,107430.767322239
1.116800594420424,2.2922000000000002,107430.767501322
0.969311599954494,2.2923999999999998,107430.767707654
1.0134125065839505,2.2926,107430.767905007
1.057339514364701,2.2928,107430.768094161
1.0382437039715682,2.293,107430.768286794
0.9912866042577242,2.2932,107430.768488552
1.0256673528281133,2.2934,107430.768683547
0.8612485308217959,2.2936,107430.768915768
1.115872188727907,2.2938,107430.769095
1.0345273378564004,2.294,107430.769288325
1.0415310127767734,2.2942,107430.76948035
0.880409587492457,2.2944,107430.769707517
1.0161104223528314,2.2946,107430.769904346
0.9613628616486244,2.2948,107430.770112384
0.8189638864326365,2.295,107430.770356595
1.0567194766860248,2.2952,107430.77054586
0.8196720980812457,2.2954,107430.77078986
0.9954557610701468,2.2956,107430.770990773
0.9924475027232931,2.2958,107430.771192295
0.9019979003449122,2.296,107430.771414025
1.0114138411241385,2.2962,107430.771611768
1.033725268963464,2.2964,107430.771805243
1.0313850169299543,2.2965999999999998,107430.771999157
0.9275922074931721,2.2968,107430.772214769
1.1142433511090297,2.297,107430.772394263
1.0125710613620589,2.2972,107430.77259178
0.8195344138023483,2.2974,107430.772835821
1.2231593374027143,2.2976,107430.772999332
0.9326400195322858,2.2978,107430.773213777
0.819652007077215,2.298,107430.773457783
1.0112194673589339,2.2982,107430.773655564
0.9745448801896638,2.2984,107430.773860788
0.8791595101487588,2.2986,107430.774088278
0.8241169830012277,2.2988,107430.774330962
1.689917182754609,2.299,107430.774449311
1.0099581535230742,2.2992,107430.774647339
1.022871392977655,2.2994,107430.774842867
1.0148214492237995,2.2996,107430.775039946
1.0198774733143499,2.2998,107430.775236048
1.019887766017568,2.3,107430.775432148
0.8127966863397018,2.3002000000000002,107430.775678212
0.9701626373976099,2.3004,107430.775884363
0.7177514190884479,2.3006,107430.776163011
1.060636581822437,2.3008,107430.776351577
0.688375744787682,2.301,107430.776642116
0.6767685722511095,2.3012,107430.776937638
0.9566677407356726,2.3014,107430.777146697
1.0100092166393293,2.3016,107430.777344715
0.7385524094460888,2.3018,107430.777615515
1.0529585608311516,2.302,107430.777805456
0.7902608206699447,2.3022,107430.778058537
1.4234977884760314,2.3024,107430.778199036
0.7769705699916511,2.3026,107430.778456446
0.9592648102777301,2.3028,107430.778664939
1.0950743863623387,2.303,107430.778847575
1.0191134422040962,2.3032,107430.779043824
0.9840582880834307,2.3034,107430.779247064
0.7749474970876371,2.3036,107430.779505146
1.5183146829680325,2.3038,107430.779636871
0.9778133672173539,2.304,107430.779841409
0.7985945087027932,2.3042,107430.780091849
0.9926937320222947,2.3044000000000002,107430.780293321
0.9770205315325021,2.3045999999999998,107430.780498025
0.9012824780229738,2.3048,107430.780719931
1.9707151205499929,2.305,107430.780821417
0.9752434541818342,2.3052,107430.781026494
0.8657521699526836,2.3054,107430.781257507
1.1469994225900926,2.3056,107430.781431875
1.0117821803658644,2.3058,107430.781629546
1.1070825669011921,2.306,107430.781810201
0.9337242550240533,2.3062,107430.782024397
0.6725944897334837,2.3064,107430.782321753
2.322880350841178,2.3066,107430.782407853
0.4310883617174588,2.3068,107430.782871795
1.2376544600924075,2.307,107430.783033391
1.3272808851746971,2.3072,107430.783184075
1.1614603943720871,2.3074,107430.783356272
0.5791025050924029,2.3076,107430.783701634
1.1518283148607087,2.3078,107430.783875271
2.354686090096295,2.308,107430.783960208
1.5402625669189434,2.3082,107430.784090056
0.7820748350254795,2.3084,107430.784345786
0.9800750555542208,2.3086,107430.784549852
0.6133802780136256,2.3088,107430.784875914
1.4317622526507165,2.309,107430.785015602
0.987542126400354,2.3092,107430.785218125
1.4990594101922512,2.3094,107430.785351542
0.7607570867740447,2.3096,107430.785614438
1.088808725112719,2.3098,107430.785798125
1.0459321231151912,2.31,107430.785989342
1.0329350781530227,2.3102,107430.786182965
0.8113721992391135,2.3104,107430.786429461
0.7913239367812623,2.3106,107430.786682202
0.9202214271011885,2.3108,107430.786899541
0.7317724419129098,2.311,107430.78717285
0.9231266442948127,2.3112,107430.787389505
1.0109843392742224,2.3114,107430.787587332
0.9915962120215713,2.3116,107430.787789027
1.0116338295753877,2.3118,107430.787986727
0.9088430458428636,2.312,107430.788206787
0.821092202366506,2.3122,107430.788450365
0.996611491301446,2.3124000000000002,107430.788651045
0.46420945689977827,2.3125999999999998,107430.789081885
1.020163551575992,2.3128,107430.789277932
2.066713264388005,2.313,107430.789374704
0.9850712510097692,2.3132,107430.789577735
1.1238480630889218,2.3134,107430.789755695
1.3342941295561008,2.3136,107430.789905587
1.0047726587462593,2.3138,107430.790104637
1.0390744053097292,2.314,107430.790297116
1.0112399281530402,2.3142,107430.790494893
0.948559598603741,2.3144,107430.790705739
0.9144696459635803,2.3146,107430.790924445
1.1171561710870146,2.3148,107430.791103471
1.0416720773443229,2.315,107430.79129547
1.0194563318443515,2.3152,107430.791491653
0.9783156191796655,2.3154,107430.791696086
0.9619130448341038,2.3156,107430.791904005
0.9499879347847731,2.3158,107430.792114534
0.960167442852066,2.316,107430.792322831
1.0711110747835502,2.3162,107430.792509553
1.0381520260131039,2.3164,107430.792702203
0.810481147662133,2.3166,107430.79294897
0.9608824964173566,2.3168,107430.793157112
1.1012609587836877,2.317,107430.793338722
1.025819848361899,2.3172,107430.793533688
0.9744594078765824,2.3174,107430.79373893
1.0640335980765563,2.3176,107430.793926894
0.9675577981639977,2.3178,107430.7941336
0.9878835524257195,2.318,107430.794336053
0.9531071291276851,2.3182,107430.794545893
0.8566301237671972,2.3184,107430.794779366
0.43733244230195445,2.3186,107430.795236684
0.7494229523213359,2.3188,107430.795503556
1.6644335605353895,2.319,107430.795623717
1.3934951898700814,2.3192,107430.795767241
0.913717605605424,2.3194,107430.795986127
1.4477752344697943,2.3196,107430.79612427
0.9488295939883128,2.3198,107430.796335056
1.168142424979679,2.32,107430.796506268
1.6064256753284831,2.3202,107430.796630768
0.857754325858819,2.3204000000000002,107430.796863935
0.4383965214823736,2.3205999999999998,107430.797320143
1.4683209633930827,2.3208,107430.797456353
0.8655048687033781,2.321,107430.797687432
1.3827051233315646,2.3212,107430.797832076
0.9309166623564811,2.3214,107430.798046918
1.5360982881492073,2.3216,107430.798177118
1.2439900222260356,2.3218,107430.798337891
0.941677189395478,2.322,107430.798550278
0.9478313845332027,2.3222,107430.798761286
0.926762566410015,2.3224,107430.798977091
1.2596680393094288,2.3226,107430.799135863
0.8009451123589025,2.3228,107430.799385568
1.0385617613971185,2.323,107430.799578142
1.0194874875723785,2.3232,107430.799774319
0.7843137508982804,2.3234,107430.800029319
1.0446264525387934,2.3236,107430.800220775
0.7143520387956032,2.3238,107430.800500749
1.0403445688625683,2.324,107430.800692993
0.7092349527516341,2.3242,107430.800974987
1.1213716466557868,2.3244,107430.80115334
1.0511489378817034,2.3246,107430.801343608
0.9297049589671192,2.3247999999999998,107430.80155873
1.0304816411616522,2.325,107430.801752814
1.0415961329690109,2.3252,107430.801944827
1.0158007852855055,2.3254,107430.802141716
0.8100183332401243,2.3256,107430.802388624
1.0089697497053591,2.3258,107430.802586846
0.9348721211989912,2.326,107430.802800779
0.782953548819154,2.3262,107430.803056222
1.1447345016309498,2.3264,107430.803230935
0.7583484402119577,2.3266,107430.803494666
1.1281206779182311,2.3268,107430.803671952
0.5090716619085964,2.327,107430.804064824
1.1204920800400138,2.3272,107430.804243317
0.6874647691480072,2.3274,107430.804534241
1.8691415955168664,2.3276,107430.804641242
0.9694149064757526,2.3278,107430.804847552
0.8912179507601242,2.328,107430.805071964
1.0690670776403033,2.3282,107430.805259043
0.8259309279491772,2.3284000000000002,107430.805501194
0.8120640254001174,2.3286,107430.80574748
0.8155775154787634,2.3288,107430.805992705
0.9668748807805131,2.329,107430.806199557
1.039117613313636,2.3292,107430.806392028
1.0303170975841178,2.3294,107430.806586143
0.5792299532270985,2.3296,107430.806931429
1.2671220756766843,2.3298,107430.807089267
0.6006980084986691,2.33,107430.807422213
1.030593143503876,2.3302,107430.807616276
1.065586837979442,2.3304,107430.807803966
0.8059641417817178,2.3306,107430.808052116
0.9618899536882914,2.3308,107430.80826004
0.6311019524956468,2.331,107430.808576946
0.9812483572638303,2.3312,107430.808780768
0.9465797759320677,2.3314,107430.808992055
1.0701940471247533,2.3316,107430.809178937
0.9927972062773294,2.3318,107430.809380388
1.096130722176398,2.332,107430.809562848
1.0396577021376525,2.3322,107430.809755219
0.7602394898301975,2.3324,107430.810018294
0.8934673961051184,2.3326000000000002,107430.810242141
1.1056076831927182,2.3327999999999998,107430.810423037
0.8685682296524149,2.333,107430.810653301
0.8301028701942413,2.3332,107430.810894235
0.8170134688881283,2.3334,107430.811139029
0.5164929063119487,2.3336,107430.811526256
1.2255727681077648,2.3338,107430.811689445
1.228712628283035,2.334,107430.811852217
1.1087703927652572,2.3342,107430.812032597
0.9730323659761242,2.3344,107430.81223814
0.8513428137948125,2.3346,107430.812473063
1.1648969190766365,2.3348,107430.812644752
1.0237143436252132,2.335,107430.812840119
1.036489656947402,2.3352,107430.813033078
1.0381735912278562,2.3354,107430.813225724
0.7573147272882227,2.3356,107430.813489815
0.8125754425462093,2.3358,107430.813735946
1.5140045214704072,2.336,107430.813868046
1.3505299914666065,2.3362,107430.814016136
1.081917400456267,2.3364,107430.814200993
1.116488868186412,2.3366,107430.814380126
0.8624332743164238,2.3368,107430.814612028
1.2755671390834915,2.337,107430.814768821
0.7909922053638638,2.3372,107430.815021668
0.5001863101632374,2.3374,107430.815421519
0.7434640282002687,2.3376,107430.81569053
1.589155658334307,2.3378,107430.815816383
3.1634053422917385,2.338,107430.815879606
0.8878511176032803,2.3382,107430.816104869
1.4873537549365268,2.3384,107430.816239336
1.141142136147205,2.3386,107430.816414599
1.0131712041045016,2.3388,107430.816611999
1.0570657041018359,2.339,107430.816801202
0.8319502406674397,2.3392,107430.817041601
0.8253617228859635,2.3394,107430.817283919
0.8799331176079829,2.3396,107430.817511209
0.9201832900163093,2.3398,107430.817728557
1.2071098244854297,2.34,107430.817894242
1.055047130674346,2.3402,107430.818083807
0.8245654303229698,2.3404,107430.818326359
0.9586257055116937,2.3406000000000002,107430.818534991
0.7601759118844081,2.3407999999999998,107430.818798088
0.9512982889117813,2.341,107430.819008327
0.984135727785762,2.3412,107430.819211551
0.9011891044200165,2.3414,107430.81943348
1.1878883341198618,2.3416,107430.819601846
1.015821431896244,2.3418,107430.819798731
1.0079730769396085,2.342,107430.819997149
1.0238191237518375,2.3422,107430.820192496
0.8339831388489638,2.3424,107430.820432309
0.6543475041717584,2.3426,107430.820737957
0.6519988583860167,2.3428,107430.821044706
1.3654114085441078,2.343,107430.821191182
2.9207312822177,2.3432,107430.821259658
0.9304229602838574,2.3434,107430.821474614
1.5213868444640741,2.3436,107430.821606073
1.080286928027653,2.3438,107430.821791209
0.985629545703969,2.344,107430.821994125
0.9922357787322262,2.3442,107430.82219569
0.6558559688095015,2.3444,107430.822500635
1.1001462801619788,2.3446,107430.822682429
0.9886649639134543,2.3448,107430.822884722
1.0447246776936714,2.3449999999999998,107430.82307616
0.7450010368098039,2.3452,107430.823344616
0.8656022784960805,2.3454,107430.823575669
0.991389785361358,2.3456,107430.823777406
0.8158236897556592,2.3458,107430.824022557
1.071329157258699,2.346,107430.824209241
0.8234857816522859,2.3462,107430.824452111
0.774761399812311,2.3464,107430.824710255
1.0977068221272102,2.3466,107430.824892453
1.0307791116841236,2.3468,107430.825086481
1.0186255851878443,2.347,107430.825282824
0.9149130597776477,2.3472,107430.825501424
1.2270690920153913,2.3474,107430.825664414
0.9866798177498968,2.3476,107430.825867114
0.9664030587619924,2.3478,107430.826074067
1.0727944124344007,2.348,107430.826260496
0.8792136701365604,2.3482,107430.826487972
1.2079628196336663,2.3484,107430.82665354
1.034447137251046,2.3486000000000002,107430.82684688
0.8613523803606633,2.3487999999999998,107430.827079073
1.092597669724305,2.349,107430.827262123
1.018552963986385,2.3492,107430.82745848
1.028997091338973,2.3494,107430.827652844
1.0020592786444105,2.3496,107430.827852433
0.963850718640091,2.3498,107430.828059934
1.0626259266308182,2.35,107430.828248147
1.0194511142022762,2.3502,107430.828444331
1.0017179146411246,2.3504,107430.828643988
0.9350119783809819,2.3506,107430.828857889
0.5889056237358233,2.3508,107430.829197502
0.9124920103026926,2.351,107430.829416682
0.9369787894582597,2.3512,107430.829630134
0.9425115261861984,2.3514,107430.829842333
0.9738900213846794,2.3516,107430.830047695
0.9701249735178349,2.3518,107430.830253854
0.9530980740946807,2.352,107430.830463696
0.8150324430450522,2.3522,107430.830709085
0.8322617829127245,2.3524,107430.830949394
1.0474549597948062,2.3526,107430.831140333
0.8128990835965193,2.3528000000000002,107430.831386366
1.0545297744397015,2.3529999999999998,107430.831576024
0.4458414007451163,2.3532,107430.832024614
0.616186622542088,2.3534,107430.832349191
1.5604641129917332,2.3536,107430.832477358
1.624325853214673,2.3538,107430.832600486
2.01168780592312,2.354,107430.832699905
1.1539016594597766,2.3542,107430.83287323
0.810688101964299,2.3544,107430.833119934
1.1372230353626172,2.3546,107430.833295801
0.8253855645426511,2.3548,107430.833538112
0.8832166699932232,2.355,107430.833764557
0.6053085642564547,2.3552,107430.834094967
0.998911128226416,2.3554,107430.834295185
0.8159868227098085,2.3556,107430.834540287
1.7397355702302049,2.3558,107430.834655247
1.139997404395799,2.356,107430.834830686
0.8263745449207484,2.3562,107430.835072707
0.8092710373915323,2.3564,107430.835319843
0.8611039172631276,2.3566,107430.835552103
0.835809412061525,2.3568,107430.835791392
0.8013334132824009,2.357,107430.836040976
1.1056504645109553,2.3572,107430.836221865
1.1135981093318341,2.3574,107430.836401463
0.9808441580771488,2.3576,107430.836605369
1.0854286683921055,2.3578,107430.836789628
1.0348163967845219,2.358,107430.836982899
0.8180360311902709,2.3582,107430.837227387
0.803458084861375,2.3584,107430.837476311
0.875403778430361,2.3586,107430.837704777
0.7079971757785072,2.3588,107430.837987264
1.3059604709435824,2.359,107430.838140408
0.7488196682164486,2.3592,107430.838407495
1.2492504891918637,2.3594,107430.838567591
1.1417545361245018,2.3596,107430.83874276
1.054001770681126,2.3598,107430.838932513
1.1052960398590357,2.36,107430.83911346
1.0448064799171208,2.3602,107430.839304883
0.8440314715594716,2.3604,107430.839541841
0.8260298103349525,2.3606,107430.839783963
0.7413695302801919,2.3608000000000002,107430.840053734
0.8782484527282538,2.3609999999999998,107430.84028146
0.9714868383686364,2.3612,107430.84048733
0.6363063867841012,2.3614,107430.840801644
1.548215246724294,2.3616,107430.840930825
1.0842870235635798,2.3618,107430.841115278
1.0770001702179826,2.362,107430.841300979
1.0484708105531775,2.3622,107430.841491733
1.0675434001328603,2.3624,107430.841679079
0.9750295297148248,2.3626,107430.841884201
0.4799800402775079,2.3628,107430.842300885
1.2215381051597745,2.363,107430.842464613
1.1334976972929856,2.3632,107430.842641058
0.9280742607676569,2.3634,107430.842856558
0.6898145450390737,2.3636,107430.843146491
1.4414102086262603,2.3638,107430.843285244
1.0042278392283934,2.364,107430.843484402
1.1816419847883488,2.3642,107430.843653658
1.2077585852173132,2.3644,107430.843819254
0.9844603461022255,2.3646,107430.844022411
0.545031891675137,2.3648,107430.844389362
1.5252622199447314,2.365,107430.844520487
0.9146996390887785,2.3652,107430.844739138
1.1343848880028629,2.3654,107430.844915445
1.019492705586786,2.3656,107430.845111621
1.0645999874668801,2.3658,107430.845299485
0.9709067215456245,2.366,107430.845505478
0.9704074554181074,2.3662,107430.845711577
0.9449652130793481,2.3664,107430.845923225
1.0467313308857997,2.3666,107430.846114296
0.9008846518145738,2.3668,107430.8463363
1.1875074498168428,2.367,107430.84650472
1.0581506357265977,2.3672,107430.846693729
1.010591017686175,2.3674,107430.846891633
1.0015223596231908,2.3676,107430.847091329
1.0048685276420632,2.3678,107430.84729036
1.0123609556275872,2.368,107430.847487918
1.0366991852449734,2.3682,107430.847680838
1.0170197710029418,2.3684,107430.847877491
0.9622648000938808,2.3686,107430.848085334
0.5374133846289532,2.3688000000000002,107430.848457487
0.8197124297100763,2.3689999999999998,107430.848701475
1.7310921515368352,2.3692,107430.848817009
1.405639429386074,2.3694,107430.848959293
1.064288365738736,2.3696,107430.849147212
0.9751625642002982,2.3698,107430.849352306
0.9513707240563981,2.37,107430.849562529
1.0361083452512447,2.3702,107430.849755559
0.7951432568861345,2.3704,107430.850007086
1.0361191243911405,2.3706,107430.850200114
0.5867236267855415,2.3708,107430.85054099
0.7776684416811553,2.371,107430.850798169
1.270680411568835,2.3712,107430.850955565
1.078457802011757,2.3714,107430.851141015
1.053912865127226,2.3716,107430.851330784
0.9073175311531989,2.3718,107430.851551214
1.3020494880339648,2.372,107430.851704818
0.9822169318935917,2.3722,107430.851908439
0.9723559412432247,2.3724,107430.852114125
0.853227719558258,2.3726,107430.852348529
0.5788343443932423,2.3728,107430.852694051
1.7407198492752354,2.373,107430.852808946
0.9338288706949691,2.3731999999999998,107430.853023118
0.9428181220591763,2.3734,107430.853235248
0.9387599509004102,2.3736,107430.853448295
0.9329751208721433,2.3738,107430.853662663
1.2059016760790846,2.374,107430.853828514
0.8134181487138133,2.3742,107430.85407439
0.8607814636965275,2.3744,107430.854306737
0.8528239177727578,2.3746,107430.854541252
1.0059451302815348,2.3748,107430.85474007
0.8403608728812727,2.375,107430.854978063
0.825791083551328,2.3752,107430.855220255
0.7462965267189922,2.3754,107430.855488245
0.8943703918456595,2.3756,107430.855711866
0.8419598742293556,2.3758,107430.855949407
0.7155430443599189,2.376,107430.856228915
1.3856076917134994,2.3762,107430.856373256
0.46660833612455627,2.3764,107430.856801881
1.5187643355967064,2.3766,107430.856933567
1.1795513591702882,2.3768000000000002,107430.857103123
0.8487486911680473,2.377,107430.857338764
1.0898945724541167,2.3772,107430.857522268
0.9206619268828153,2.3774,107430.857739503
0.9566403062273544,2.3776,107430.857948568
1.1249226402880628,2.3778,107430.858126358
0.8620206602535508,2.378,107430.858358371
0.8346861972738814,2.3782,107430.858597982
0.5899739865678799,2.3784,107430.85893698
1.178238003591363,2.3786,107430.859106725
1.0216904472329726,2.3788,107430.859302479
0.9499698775693833,2.379,107430.859513012
1.1363313075217112,2.3792,107430.859689017
0.7476607460920359,2.3794,107430.859956518
1.19291889506248,2.3796,107430.860124174
1.0067198436582712,2.3798,107430.860322839
1.2276717156537809,2.38,107430.860485749
0.6955699160480845,2.3802,107430.860773283
1.4039816777359935,2.3804,107430.860915735
0.8641025736796077,2.3806,107430.861147189
0.8984524226922992,2.3808,107430.861369794
0.6473225162155197,2.3810000000000002,107430.861678759
0.865018202853598,2.3811999999999998,107430.861909968
1.022656991375061,2.3814,107430.862105537
1.2207478031833379,2.3816,107430.862269371
1.3482176637868848,2.3818,107430.862417715
0.9179154256580344,2.382,107430.8626356
0.6348480829949392,2.3822,107430.862950636
0.9275190288077353,2.3824,107430.863166265
1.3120087659347166,2.3826,107430.863318703
1.2314665160413074,2.3828,107430.863481111
0.9227943658354596,2.383,107430.863697844
1.213224222403638,2.3832,107430.863862694
0.8863322671898427,2.3834,107430.864088343
0.7805061065923957,2.3836,107430.864344587
0.9462796548392849,2.3838,107430.864555941
0.7724841211936143,2.384,107430.864814846
1.1270844412121832,2.3842,107430.864992295
1.051309105297967,2.3844,107430.865182534
0.9526395328591739,2.3846,107430.865392477
0.813414875118115,2.3848,107430.865638354
1.1735022595639144,2.385,107430.865808784
1.162554149157155,2.3852,107430.865980819
0.9935123630990396,2.3854,107430.866182125
1.0857527088684478,2.3856,107430.866366329
0.7900079867747659,2.3858,107430.866619491
0.9164600890860459,2.386,107430.866837722
0.9596882712127697,2.3862,107430.867046123
1.0797970389733558,2.3864,107430.867231343
1.0950143599987894,2.3866,107430.867413989
0.7283135669835781,2.3868,107430.867688596
1.116813027157476,2.387,107430.867867677
0.947808964503821,2.3872,107430.86807869
0.8057887868218342,2.3874,107430.868326894
1.0454837062739302,2.3876,107430.868518193
1.1054365910339663,2.3878,107430.868699117
0.7231049928769347,2.388,107430.868975702
1.660178266042511,2.3882,107430.869096171
0.7594311774731065,2.3884,107430.869359526
0.8644947797929654,2.3886,107430.869590875
0.8519919491106049,2.3888,107430.869825619
0.8021883465046381,2.3890000000000002,107430.870074937
1.2786742461535483,2.3891999999999998,107430.870231349
1.0247739610014024,2.3894,107430.870426514
0.8428256402953253,2.3896,107430.870663811
0.9959316308597741,2.3898,107430.870864628
0.9756668750337898,2.39,107430.871069616
1.1583995646864536,2.3902,107430.871242268
1.0158936640984175,2.3904,107430.871439139
1.088476823891558,2.3906,107430.871622882
0.6517927423292239,2.3908,107430.871929728
0.8264121597997983,2.391,107430.872171738
1.0674352000154157,2.3912,107430.872359103
0.8591988077149493,2.3914,107430.872591878
1.3642284880948208,2.3916,107430.872738481
0.9581021838816265,2.3918,107430.872947227
0.9101541331800915,2.392,107430.87316697
1.0173406190397876,2.3922,107430.873363561
1.0636826272540632,2.3924,107430.873551587
0.9408267459693328,2.3926,107430.873764166
0.9595040914461337,2.3928,107430.873972607
0.6734619026452292,2.393,107430.87426958
0.9675999633084345,2.3932,107430.874476277
1.0107696879451695,2.3934,107430.874674146
0.9969146003257758,2.3936,107430.874874765
0.7401622987943614,2.3938,107430.875144976
1.3780178557339962,2.394,107430.875290112
1.0930754247826904,2.3942,107430.875473082
1.0118384935623264,2.3944,107430.875670742
0.8011440024290101,2.3946,107430.875920385
1.0826553764637787,2.3948,107430.876105116
1.0379796933253023,2.395,107430.876297798
1.0352019820833136,2.3952,107430.876490997
0.8210787618032307,2.3954,107430.876734579
0.7171234483464207,2.3956,107430.877013471
1.3353898740647498,2.3958,107430.87716324
1.0426170180151306,2.396,107430.877355065
1.0930454333232427,2.3962,107430.87753804
1.0198982102964262,2.3964,107430.877734138
0.9618390628323134,2.3966,107430.877942073
0.9606470932304819,2.3968,107430.878150266
1.1438244864550977,2.3970000000000002,107430.878325118
0.9109832746842269,2.3971999999999998,107430.878544661
0.9855323655788587,2.3974,107430.878747597
0.8281230504298173,2.3976,107430.878989107
0.49372354364719584,2.3978,107430.879394192
1.1695154546890563,2.398,107430.879565203
1.269091842375311,2.3982,107430.879722796
0.909235542171444,2.3984,107430.879942761
0.9927529599669528,2.3986,107430.880144221
1.5500631519301824,2.3988,107430.880273248
0.7723558424662215,2.399,107430.880532196
0.9703273656427004,2.3992,107430.880738312
0.8111254006348171,2.3994,107430.880984883
1.044582785199226,2.3996,107430.881176347
0.9879421367429352,2.3998,107430.881378788
0.5816523736920863,2.4,107430.881722636
1.596500420640929,2.4002,107430.88184791
1.2038475543899898,2.4004,107430.882014044
1.0239239253297558,2.4006,107430.882209371
0.5992545253216826,2.4008,107430.882543119
0.8857043083036498,2.401,107430.882768928
0.8023267271188618,2.4012000000000002,107430.883018203
0.9811617051018348,2.4013999999999998,107430.883222043
0.6598700120706145,2.4016,107430.883525133
1.115766380186365,2.4018,107430.883704382
1.099487087224092,2.402,107430.883886285
1.035571858843676,2.4022,107430.884079415
1.229007090559169,2.4024,107430.884242148
0.8775932808943402,2.4026,107430.884470044
1.012709464027576,2.4028,107430.884667534
0.83264296345597,2.403,107430.884907733
0.9954556889703471,2.4032,107430.885108646
1.0488172554949802,2.4034,107430.885299337
0.8187861954597939,2.4036,107430.885543601
1.0396307276153172,2.4038,107430.885735977
0.952762102018173,2.404,107430.885945893
1.0831947290005282,2.4042,107430.886130532
0.8078947713279164,2.4044,107430.886378089
0.9081826763627329,2.4046,107430.886598309
0.8545365703089236,2.4048,107430.886832354
1.3581788551790257,2.4050000000000002,107430.88697961
1.012094589086981,2.4052,107430.88717722
0.8312137250511668,2.4054,107430.887417832
0.7891725520893443,2.4056,107430.887671262
1.0656038572919242,2.4058,107430.887858949
0.8227710166165503,2.406,107430.88810203
1.1066047874063878,2.4062,107430.888282763
0.8205565884884232,2.4064,107430.8885265
0.8139544110516761,2.4066,107430.888772214
1.001386924689832,2.4068,107430.888971937
0.9499067155473203,2.407,107430.889182484
0.8875673589709362,2.4072,107430.889407819
0.7552413731231533,2.4074,107430.889672635
0.9876543237583757,2.4076,107430.889875135
1.0534577420802842,2.4078,107430.890064986
1.6577012953903498,2.408,107430.890185635
1.0291930423503346,2.4082,107430.890379962
0.8607000121489938,2.4084,107430.890612331
0.7362062637680692,2.4086,107430.890883994
1.0084660242684154,2.4088,107430.891082315
1.403962029320647,2.409,107430.891224769
1.0213931128737166,2.4092000000000002,107430.89142058
0.6784283536228083,2.4093999999999998,107430.891715379
1.2243048224409554,2.4096,107430.891878737
1.143321037425206,2.4098,107430.892053666
0.9532434380749778,2.41,107430.892263476
0.8503979555642949,2.4102,107430.89249866
0.9272524530951662,2.4104,107430.892714351
1.1338768030831459,2.4106,107430.892890737
0.6385757193857661,2.4108,107430.893203934
0.8606778056655929,2.411,107430.893436309
0.4807391850505795,2.4112,107430.893852335
1.1692896917020115,2.4114,107430.894023379
1.247676280298501,2.4116,107430.894183677
0.9041345820361014,2.4118,107430.894404883
1.7801829503180218,2.412,107430.894517231
0.9123089056868586,2.4122,107430.894736455
1.0508285887188507,2.4124,107430.894926781
0.9907463804897663,2.4126,107430.895128649
1.0470436825012777,2.4128,107430.895319663
0.9812194948607657,2.413,107430.895523491
0.5834186499273177,2.4132,107430.895866298
0.6922139762928509,2.4134,107430.896155226
1.601640172573671,2.4136,107430.896280098
3.0750780627394283,2.4138,107430.896345137
1.10419145617309,2.414,107430.896526265
1.0488282206535329,2.4142,107430.896716954
1.0554256538730773,2.4144,107430.896906451
1.0043589060617282,2.4146,107430.897105583
1.0620446467989617,2.4148,107430.897293899
0.823170617376584,2.415,107430.897536862
0.7225799026096661,2.4152,107430.897813648
1.7244501575904598,2.4154,107430.897929627
1.0098256213313537,2.4156,107430.898127681
0.9205898992084692,2.4158,107430.898344933
1.0262462649286022,2.416,107430.898539818
1.0841048500177546,2.4162,107430.898724302
0.8237673153203479,2.4164,107430.898967089
1.0208404369977917,2.4166,107430.899163006
0.9782582405893343,2.4168,107430.899367451
0.8560764322617505,2.417,107430.899601075
0.5358281402064031,2.4172000000000002,107430.899974329
1.110463372905309,2.4173999999999998,107430.900154434
1.4115223110063124,2.4176,107430.900296125
1.0523490477254713,2.4178,107430.900486176
0.9369524725602194,2.418,107430.900699634
0.9740939876878293,2.4182,107430.900904953
1.0385455949242728,2.4184,107430.90109753
1.0907028497922726,2.4186,107430.901280898
1.0318160737206432,2.4188,107430.901474731
1.1171374652181012,2.419,107430.90165376
0.4557116565721816,2.4192,107430.902092634
1.657866263455156,2.4194,107430.902213271
1.2849835890525452,2.4196,107430.902368915
1.1011760774404518,2.4198,107430.902550539
0.9915667376750315,2.42,107430.90275224
0.8617123771779963,2.4202,107430.902984336
0.9731744341503052,2.4204,107430.903189849
1.1028459280408807,2.4206,107430.903371198
0.3823609238403931,2.4208,107430.903894264
0.4331995569630389,2.421,107430.904355945
0.6501421888065555,2.4212,107430.90466357
0.4369846389137022,2.4214,107430.905121252
0.7419828556153192,2.4215999999999998,107430.9053908
0.5770989951174217,2.4218,107430.905737361
0.4676677891663267,2.422,107430.906165015
0.841896127407498,2.4222,107430.906402574
0.7268551075022069,2.4224,107430.906677732
0.8817408861241635,2.4226,107430.906904556
1.0470162435932986,2.4228,107430.907095575
1.1103092520146107,2.423,107430.907275705
0.9987116599383057,2.4232,107430.907475963
1.0414442774344483,2.4234,107430.907668004
0.7442026635228316,2.4236,107430.907936748
1.066695135929264,2.4238,107430.908124243
1.0009859427699181,2.424,107430.908324046
0.8218716731374297,2.4242,107430.908567393
0.8234247521423188,2.4244,107430.908810281
0.7529865533130475,2.4246,107430.90907589
1.082813602523902,2.4248,107430.909260594
1.0474878503896774,2.425,107430.909451527
0.8351288688413564,2.4252000000000002,107430.909691011
0.7522473092705756,2.4254,107430.909956881
1.0749914175414534,2.4256,107430.910142929
0.8155841943515906,2.4258,107430.910388152
1.3265150750550807,2.426,107430.910538923
0.8011600673459025,2.4262,107430.910788561
1.014512597110646,2.4264,107430.9109857
1.0818471411080945,2.4266,107430.911170569
0.819497471260933,2.4268,107430.911414621
0.9898001233225509,2.427,107430.911616682
0.827907099923587,2.4272,107430.911858255
0.8120837941192659,2.4274,107430.912104535
1.3247051436038428,2.4276,107430.912255512
1.0022198892721248,2.4278,107430.912455069
1.0232848473395013,2.428,107430.912650518
1.0795230918454217,2.4282,107430.912835785
0.6341274619375743,2.4284,107430.913151179
2.5849481571756905,2.4286,107430.91322855
1.1181367446091215,2.4288,107430.913407419
0.9876786684862269,2.429,107430.913609914
1.0693757632664205,2.4292,107430.913796939
0.7429475580780326,2.4294000000000002,107430.914066137
1.1756477015474434,2.4295999999999998,107430.914236256
0.8356452692400977,2.4298,107430.914475592
0.9983776491876233,2.43,107430.914675917
1.0832475753598145,2.4302,107430.914860547
0.977478865322065,2.4304,107430.915065155
0.9156377276261136,2.4306,107430.915283582
0.5643850352069255,2.4308,107430.91563795
0.546953203793573,2.431,107430.916003612
1.0161001306285982,2.4312,107430.916200443
0.5613042445811404,2.4314,107430.916556756
1.4372152432559162,2.4316,107430.916695914
1.0953981884984296,2.4318,107430.916878496
0.966426367102107,2.432,107430.917085444
0.8558529602530668,2.4322,107430.917319129
0.8172304789568676,2.4324,107430.917563858
0.8319225436442448,2.4326,107430.917804265
0.7934335339753947,2.4328,107430.918056334
1.1055526326935483,2.433,107430.918237239
0.8502642215691656,2.4332,107430.91847246
0.823706293441997,2.4334,107430.918715265
0.8458519335026939,2.4336,107430.918951713
0.9461274837462945,2.4338,107430.919163101
1.026752035791851,2.434,107430.91935789
1.145140912578481,2.4342,107430.919532541
0.8174709909608507,2.4344,107430.919777198
1.0610586091270484,2.4346,107430.919965689
0.9991207719108902,2.4348,107430.920165865
0.5611168362501908,2.435,107430.920522297
1.3841981008825122,2.4352,107430.920666785
1.094091846875847,2.4354,107430.920849585
0.9205009285247746,2.4356,107430.921066858
0.8968972331709426,2.4358,107430.921289849
1.0750086545111823,2.436,107430.921475894
1.1086229116930026,2.4362,107430.921656298
0.8365960572674866,2.4364,107430.921895362
1.043906725130027,2.4366,107430.92208695
0.6972722691478509,2.4368,107430.922373782
1.396433494216196,2.437,107430.922517004
1.0249735045760962,2.4372,107430.922712131
1.072932598119278,2.4374000000000002,107430.922898536
1.0517292942025407,2.4375999999999998,107430.923088699
0.8401984303641737,2.4378,107430.923326738
1.046517728171079,2.438,107430.923517848
0.843252103265454,2.4382,107430.923755025
1.0837758953913692,2.4384,107430.923939565
1.0541350762895028,2.4386,107430.924129294
0.8081852754859313,2.4388,107430.924376762
0.9779377685016744,2.439,107430.924581274
0.8975049477556254,2.4392,107430.924804114
0.8207181892515366,2.4394,107430.925047803
1.0880031654925648,2.4396,107430.925231626
0.8145212601919489,2.4398,107430.925477169
1.150800986460861,2.44,107430.925650961
1.0332659705950358,2.4402,107430.925844522
0.9344746567168893,2.4404,107430.926058546
1.0473452063739555,2.4406,107430.926249505
0.44009824240825507,2.4408,107430.926703949
1.416771693213658,2.441,107430.926845115
1.0580611103612552,2.4412,107430.92703414
1.115504934361197,2.4414,107430.927213431
1.0888738528949857,2.4416,107430.927397107
0.8001536597352373,2.4418,107430.927647059
0.827578227614196,2.442,107430.927888728
1.0538074102607216,2.4422,107430.928078516
0.907070581056157,2.4424,107430.928299006
0.8753271736766076,2.4426,107430.928527492
1.1330160919516241,2.4428,107430.928704012
0.8510891812017891,2.443,107430.928939005
1.0119357901235144,2.4432,107430.929136646
1.1030283468725117,2.4434,107430.929317965
1.0667292459429198,2.4436,107430.929505454
1.0072724648936773,2.4438,107430.92970401
0.8825151917631686,2.444,107430.929930635
1.0115826020598115,2.4442,107430.930128345
0.8481117089117316,2.4444,107430.930364163
1.0875652886143998,2.4446,107430.93054806
0.6555335146779281,2.4448,107430.930853155
1.2068913588588894,2.445,107430.93101887
1.0839873677282015,2.4452,107430.931203374
1.0479159357653294,2.4454000000000002,107430.931394229
1.0173406190375287,2.4455999999999998,107430.93159082
0.8499606616378802,2.4458,107430.931826125
1.0120843040242578,2.446,107430.932023737
1.0850341473518608,2.4462,107430.932208063
0.6315084762278479,2.4464,107430.932524765
1.1587351368111631,2.4466,107430.932697367
1.1309594480966785,2.4468,107430.932874208
0.9404285145515031,2.447,107430.933086877
1.0322314429523671,2.4472,107430.933280632
0.8546862677535613,2.4474,107430.933514636
0.813533945039189,2.4476,107430.933760477
0.8485722494756264,2.4478,107430.933996167
1.004182421471554,2.448,107430.934195334
1.1142434414428335,2.4482,107430.934374828
0.7964446303755706,2.4484,107430.934625944
0.896571517237605,2.4486,107430.934849016
1.0324978891777026,2.4488,107430.935042721
1.0777952604093226,2.449,107430.935228285
1.0623944552232951,2.4492,107430.935416539
1.0803686194230664,2.4494,107430.935601661
1.0565184275796615,2.4496,107430.935790962
1.063614798502351,2.4497999999999998,107430.935979
0.9864997902113701,2.45,107430.936181737
1.062574990981379,2.4502,107430.936369959
1.049516202273986,2.4504,107430.936560523
0.9936653601958431,2.4506,107430.936761798
0.6335891057247861,2.4508,107430.93707746
0.6347050412699262,2.451,107430.937392567
1.1505427069568255,2.4512,107430.937566398
0.8376788261776679,2.4514,107430.937805153
2.0379671163551794,2.4516,107430.93790329
0.9421474522167737,2.4518,107430.938115571
1.0720698974925578,2.452,107430.938302126
0.8435615032276408,2.4522,107430.938539216
1.0277862104049704,2.4524,107430.938733809
0.574392447985659,2.4526,107430.939082003
0.9231649637420227,2.4528,107430.939298649
1.3558678377096005,2.453,107430.939446156
1.2887013344591258,2.4532,107430.939601351
0.7870204399668448,2.4534000000000002,107430.939855474
3.47717224281796,2.4536,107430.939912992
0.8019535599318103,2.4538,107430.940162383
1.7315418609729725,2.454,107430.940277887
0.9186152643150066,2.4542,107430.940495606
1.0911669936618693,2.4544,107430.940678896
1.0487072164179543,2.4546,107430.940869607
0.5221495975762138,2.4548,107430.941252639
1.3142244699098238,2.455,107430.94140482
1.3754779504220176,2.4552,107430.941550224
1.2011579365339535,2.4554,107430.94171673
0.7162579731964306,2.4556,107430.941995959
1.3887249255083942,2.4558,107430.942139976
1.0018986464495885,2.456,107430.942339597
1.004192473189741,2.4562,107430.942538762
1.0458500649589002,2.4564,107430.942729994
0.9931423480811581,2.4566,107430.942931375
1.1431315144560565,2.4568,107430.943106333
1.0044244523088774,2.457,107430.943305452
0.99316208386983,2.4572,107430.943506829
0.9023438630694898,2.4574,107430.943728474
1.2655504262912556,2.4576000000000002,107430.943886508
1.0228713929753839,2.4577999999999998,107430.944082036
0.9771254878717928,2.458,107430.944286718
0.7678751824135626,2.4582,107430.944547177
1.098008234900653,2.4584,107430.944729325
1.0993782951762399,2.4586,107430.944911246
0.9868307175513378,2.4588,107430.945113915
1.0106267615473654,2.459,107430.945311812
1.0585314710409637,2.4592,107430.945500753
0.6717292755570639,2.4594,107430.945798492
0.9188052090179765,2.4596,107430.946016166
1.19338148810165,2.4598,107430.946183757
0.8516364381471392,2.46,107430.946418599
0.8306855140071051,2.4602,107430.946659364
0.8170869100300135,2.4604,107430.946904136
0.7935909505921482,2.4606,107430.947156155
0.7534801490787224,2.4608,107430.94742159
0.8411171439693043,2.461,107430.947659369
0.989721789650004,2.4612,107430.947861446
0.9783778101310773,2.4614,107430.948065866
1.126151507468061,2.4616,107430.948243462
0.8235434645827178,2.4618,107430.948486315
1.0519228887503083,2.462,107430.948676443
0.8441026962910534,2.4622,107430.948913381
0.7044957384807476,2.4624,107430.949197272
0.7952950479254258,2.4626,107430.949448751
1.241110523088045,2.4628,107430.949609897
0.8793527844612423,2.463,107430.949837337
0.4992324332684171,2.4632,107430.950237952
1.3282682104743682,2.4634,107430.950388524
1.9397325349280106,2.4636,107430.950491631
0.8568062470527416,2.4638,107430.950725056
0.9331927205795404,2.464,107430.950939374
0.8187996586322025,2.4642,107430.951183634
0.8782638301373752,2.4644,107430.951411356
1.1145352056974143,2.4646,107430.951590803
1.0438413157117303,2.4648,107430.951782403
1.124638020517148,2.465,107430.951960238
1.0776036017197637,2.4652,107430.952145835
0.8464211427559795,2.4654,107430.952382124
0.8326117399166827,2.4656000000000002,107430.952622332
0.9225900723455996,2.4657999999999998,107430.952839113
1.0621066940996606,2.466,107430.953027418
1.0360546872181422,2.4662,107430.953220458
1.107560759139278,2.4664,107430.953401035
0.7641667212310076,2.4666,107430.953662758
0.9616309106798369,2.4668,107430.953870738
0.9628531148961731,2.467,107430.954078454
1.0214035120970417,2.4672,107430.954274263
1.0403012587633966,2.4674,107430.954466515
0.8818925714742339,2.4676,107430.9546933
0.8383810745010399,2.4678,107430.954931855
1.0133662542632627,2.468,107430.955129217
0.611366546625394,2.4682,107430.955456353
2.502377011748459,2.4684,107430.955536277
0.889007462389503,2.4686,107430.955761247
1.053396620428852,2.4688,107430.955951109
0.8718776308903881,2.469,107430.956180499
0.8489432445987234,2.4692,107430.956416086
1.0312680812593877,2.4694,107430.956610022
1.0673155835783803,2.4696,107430.956797408
1.0338642268991949,2.4698,107430.956990857
0.8636249719695492,2.4699999999999998,107430.957222439
1.3292922323080636,2.4702,107430.957372895
1.0255673979311264,2.4704,107430.957567909
0.8141234521939613,2.4706,107430.957813572
0.8045472807832551,2.4708,107430.958062159
0.8481512240462137,2.471,107430.958297966
1.01244806023806,2.4712,107430.958495507
0.9954755889114073,2.4714,107430.958696416
1.0583578485138705,2.4716,107430.958885388
0.9380246763792603,2.4718,107430.959098602
0.9158767312226839,2.472,107430.959316972
1.2437424723278754,2.4722,107430.959477777
1.0262514757292356,2.4724,107430.959672661
0.8826437325169986,2.4726,107430.959899253
1.0729498528897174,2.4728,107430.960085655
0.9069184299843932,2.473,107430.960306182
1.0719894562356416,2.4732,107430.960492751
0.849296562615211,2.4734,107430.96072824
1.0865313162172519,2.4736000000000002,107430.960912312
0.8542664293031011,2.4737999999999998,107430.961146431
0.7573806656078285,2.474,107430.961410499
1.2048556250589861,2.4742,107430.961576494
1.424704395138562,2.4744,107430.961716874
1.0313211672326184,2.4746,107430.9619108
1.0182625826991607,2.4748,107430.962107213
0.8806964621158256,2.475,107430.962334306
1.0177080887674566,2.4752,107430.962530826
1.0683532339112456,2.4754,107430.96271803
1.0406044264183558,2.4756,107430.962910226
0.9973718896167445,2.4758,107430.963110753
1.1402053751833112,2.476,107430.96328616
0.4629843905698715,2.4762,107430.96371814
0.7298497794369359,2.4764,107430.963992169
1.7448504173185448,2.4766,107430.964106792
1.0638750478529506,2.4768,107430.964294784
1.695892617393827,2.477,107430.964412716
1.3965309747115098,2.4772,107430.964555928
0.8769122288777796,2.4774,107430.964784001
1.7265790230858196,2.4776,107430.964899837
1.1046611160368376,2.4778000000000002,107430.965080888
0.9513752022253911,2.4779999999999998,107430.96529111
0.4754060533456075,2.4782,107430.965711803
1.7688315387739844,2.4784,107430.965824872
1.0583354366112376,2.4786,107430.966013848
1.2012444430614178,2.4788,107430.966180342
1.3860302483637565,2.479,107430.966324639
1.0404365557259296,2.4792,107430.966516866
0.6928758644351878,2.4794,107430.966805518
1.7785680589828705,2.4796,107430.966917968
1.0335116560983695,2.4798,107430.967111483
1.1315801567871644,2.48,107430.967288227
0.8098116729961272,2.4802,107430.967535198
0.9731649938046281,2.4804,107430.967740713
1.0218470805202513,2.4806,107430.967936437
0.8228826922933243,2.4808,107430.968179485
0.8100642614536784,2.481,107430.968426379
0.7117285854984966,2.4812,107430.968707385
1.0974297596246805,2.4814,107430.968889629
0.9990559160238904,2.4816,107430.969089818
0.9588508873797537,2.4818,107430.969298401
1.1327144795398596,2.482,107430.969474968
0.5662931131079595,2.4822,107430.969828142
1.0104225131259608,2.4824,107430.970026079
1.7231574677765578,2.4826,107430.970142145
1.1447345016309498,2.4828,107430.970316858
0.7696096478784217,2.483,107430.97057673
0.9262990423406595,2.4832,107430.970792643
1.0749798144252287,2.4834,107430.970978693
0.9636046708258532,2.4836,107430.971186247
1.0982192433702807,2.4838,107430.97136836
0.9578727471418659,2.484,107430.971577156
1.1651684998908058,2.4842,107430.971748805
1.0872756021137866,2.4844,107430.971932751
0.7804908592999759,2.4846,107430.972189
1.0677314966718972,2.4848,107430.972376313
0.7927604995535777,2.485,107430.972628596
0.8321233132829777,2.4852,107430.972868945
0.9423871860695742,2.4854,107430.973081172
1.0411948064406455,2.4856,107430.973273259
0.9534160947372199,2.4858000000000002,107430.973483031
0.7278841462282916,2.4859999999999998,107430.9737578
1.0768378168536747,2.4862,107430.973943529
1.100751778759901,2.4864,107430.974125223
1.2373863639775293,2.4866,107430.974286854
1.045145102605338,2.4868,107430.974478215
0.817096916921852,2.487,107430.974722984
1.1050700416799255,2.4872,107430.974903968
1.0109792823580188,2.4874,107430.975101796
0.8387713631364189,2.4876,107430.97534024
0.9712226699116252,2.4878,107430.975546166
1.0706523228906404,2.488,107430.975732968
1.0636827095757624,2.4882,107430.975920994
0.9894964801978955,2.4884,107430.976123117
0.8107702628155938,2.4886,107430.976369796
1.1137470074262374,2.4888,107430.97654937
1.0919533884895674,2.489,107430.976732528
0.8290120818210807,2.4892,107430.976973779
1.016425434908895,2.4894,107430.977170547
1.0534688044845801,2.4896,107430.977360396
1.0287748778207118,2.4898,107430.977554802
0.5222750185463005,2.49,107430.977937742
1.3012701253597823,2.4902,107430.978091438
1.3437427928434678,2.4904,107430.978240276
0.18492218472261066,2.4906,107430.979321812
5.845901371440227,2.4908,107430.979356024
2.1311966436496226,2.491,107430.979449868
29.24401050102556,2.4912,107430.979456707
1.5766777649686567,2.4914,107430.979583556
0.9255188892879657,2.4916,107430.979799651
2.4739922548905526,2.4918,107430.979880492
0.9489151496864625,2.492,107430.980091259
0.966216224949454,2.4922,107430.980298252
0.8586307413760953,2.4924,107430.980531181
1.0122635772947262,2.4926,107430.980728758
0.9470414409029987,2.4928,107430.980939942
1.0017330278936731,2.493,107430.981139596
1.0338108010431224,2.4932,107430.981333055
1.155728577229475,2.4934,107430.981506106
0.6760388419932362,2.4936,107430.981801947
1.1607795210066465,2.4938000000000002,107430.981974245
0.926058874396512,2.4939999999999998,107430.982190214
1.1354410708477998,2.4942,107430.982366357
0.9862078632018307,2.4944,107430.982569154
1.086206810894055,2.4946,107430.982753281
0.9057971291072905,2.4948,107430.982974081
1.1910788130475156,2.495,107430.983141996
1.1646731329114088,2.4952,107430.983313718
0.8156074744726676,2.4954,107430.983558934
0.9044576034374973,2.4956,107430.983780061
0.9374443062305794,2.4958,107430.983993407
1.016875071699227,2.496,107430.984190088
1.049356500528117,2.4962,107430.984380681
0.8412798904661944,2.4964,107430.984618414
0.9961449352050394,2.4966,107430.984819188
0.7909045825511497,2.4968,107430.985072063
1.0744601173767874,2.497,107430.985258203
0.9916060848886268,2.4972,107430.985459896
0.8337363037234269,2.4974,107430.98569978
1.0096013012084004,2.4976,107430.985897878
0.661146074814486,2.4978,107430.986200383
2.437003467796698,2.498,107430.986282451
0.8167365804901972,2.4981999999999998,107430.986527328
0.8951349233537493,2.4984,107430.986750758
1.1789672280984829,2.4986,107430.986920398
1.0208196616829397,2.4988,107430.987116319
1.0707325635903038,2.499,107430.987303107
1.0639882931906544,2.4992,107430.987491079
0.6497789059944445,2.4994,107430.987798876
1.0865667925613633,2.4996,107430.987982942
1.0682219539624611,2.4998,107430.988170169
0.8948145639730543,2.5,107430.988393679
0.9651857264347933,2.5002,107430.988600893
1.0821456998709735,2.5004,107430.988785711
0.9387291739016882,2.5006,107430.988998765
0.9178985671081852,2.5008,107430.989216654
0.5995563296141198,2.501,107430.989550234
0.8753271179283941,2.5012,107430.98977872
0.7361222753827668,2.5014,107430.990050414
1.5871126198237564,2.5016,107430.990176429
1.0581338536605291,2.5018000000000002,107430.990365441
0.9799838588903743,2.502,107430.990569526
0.8896361420819421,2.5022,107430.990794337
0.8066858322824916,2.5023999999999997,107430.991042265
1.0059957147673744,2.5026,107430.991241073
1.0019337780589328,2.5028,107430.991440687
1.1223658701487347,2.503,107430.991618882
0.8101955340931383,2.5032,107430.991865736
1.0513754539903832,2.5034,107430.992055963
0.5350053941675048,2.5036,107430.992429791
1.0846281006677716,2.5038,107430.992614186
1.6445070542038733,2.504,107430.992735803
0.8331979122121643,2.5042,107430.992975842
1.2328252029278104,2.5044,107430.993138071
0.7598553249212598,2.5046,107430.993401279
1.4671361609863798,2.5048,107430.993537599
1.0691585584327128,2.505,107430.993724662
1.278159464924605,2.5052,107430.993881137
0.8467041830116289,2.5054,107430.994117347
0.5404806471231064,2.5056000000000003,107430.994487388
1.4573329085398905,2.5058,107430.994624625
0.9372247194921793,2.5060000000000002,107430.994838021
1.7170180909381842,2.5061999999999998,107430.994954502
1.0089137553656946,2.5064,107430.995152735
0.9832503731356615,2.5066,107430.995356142
0.9950149939127616,2.5068,107430.995557144
1.079925239688693,2.507,107430.995742342
1.0448010789871895,2.5072,107430.995933766
1.0389070278618395,2.5074,107430.996126276
0.8151420760753556,2.5076,107430.996371632
1.0839932668865917,2.5078,107430.996556135
0.9380598889457009,2.508,107430.996769341
0.9537707295914817,2.5082,107430.996979035
1.1227881030282332,2.5084,107430.997157163
0.9818890912104673,2.5086,107430.997360852
1.101813006639106,2.5088,107430.997542371
1.0537573972851653,2.509,107430.997732168
1.0358668888249118,2.5092,107430.997925243
1.0458938383187164,2.5094,107430.998116467
0.5302508134457602,2.5096,107430.998493647
1.5292155775591028,2.5098000000000003,107430.998624433
2.3762849909363624,2.51,107430.998708598
0.8704205027659686,2.5102,107430.998938372
1.0619881867725651,2.5103999999999997,107430.999126698
1.0387560338648083,2.5106,107430.999319236
0.6819398412343486,2.5108,107430.999612517
0.8243751143585349,2.511,107430.999855125
0.9253347562123254,2.5112,107431.000071263
1.0564793638813126,2.5114,107431.000260571
0.9003655369887696,2.5116,107431.000482703
1.091816331580288,2.5118,107431.000665884
1.171749117191362,2.512,107431.000836569
1.029791914153669,2.5122,107431.001030783
1.0193367931911645,2.5124,107431.001226989
0.8529803211149356,2.5126,107431.001461461
0.8150423996775913,2.5128,107431.001706847
0.9425914856811957,2.513,107431.001919028
1.1864718515695911,2.5132,107431.002087595
0.8166298661830598,2.5134,107431.002332504
0.48287367631907785,2.5136,107431.002746691
1.4969835015998683,2.5138,107431.002880293
1.2270239574349615,2.5140000000000002,107431.003043289
1.057753385749987,2.5141999999999998,107431.003232369
0.8960452670096364,2.5144,107431.003455572
2.2126343198179215,2.5145999999999997,107431.003545962
1.0480807140568646,2.5148,107431.003736787
0.8436824679617975,2.515,107431.003973843
1.0035878207146869,2.5152,107431.004173128
0.8145080338873532,2.5154,107431.004418675
1.0837171867073068,2.5156,107431.004603225
1.058828473118925,2.5158,107431.004792113
0.8625337288901349,2.516,107431.005023988
1.117318375417645,2.5162,107431.005202988
1.0422801103016255,2.5164,107431.005394875
0.745178685775344,2.5166,107431.005663267
1.2391650311167208,2.5168,107431.005824666
0.7495437258092376,2.517,107431.006091495
1.5153237339164853,2.5172,107431.00622348
0.6953691797525049,2.5174,107431.006511097
1.1893223024117696,2.5176,107431.00667926
1.141454795149827,2.5178000000000003,107431.006854475
0.9438859737481754,2.518,107431.007066365
1.0628291427455987,2.5182,107431.007254542
0.8456838229167397,2.5183999999999997,107431.007491037
0.8199207996787706,2.5186,107431.007734963
0.8286754860741776,2.5188,107431.007976312
1.0442991951524276,2.519,107431.008167828
0.6788013546693699,2.5192,107431.008462465
1.4846928607052243,2.5194,107431.008597173
1.0488171754581694,2.5196,107431.008787864
0.7893220718850507,2.5198,107431.009041246
1.0663140304144254,2.52,107431.009228808
1.0751127607562148,2.5202,107431.009414835
0.8311170153334206,2.5204,107431.009655475
0.798683797386748,2.5206,107431.009905887
0.9274974968173371,2.5208,107431.010121521
0.9728147280060718,2.521,107431.01032711
0.514191684337719,2.5212,107431.01071607
1.6630356472661085,2.5214,107431.010836332
0.894022605934321,2.5216,107431.01106004
1.094672736411844,2.5218,107431.011242743
0.9895454239100449,2.5220000000000002,107431.011444856
1.0377857894728553,2.5221999999999998,107431.011637574
1.0612781895269334,2.5224,107431.011826026
1.0185996909913768,2.5225999999999997,107431.012022374
0.9872398668673489,2.5228,107431.012224959
1.1357506131809627,2.523,107431.012401054
1.017951557402083,2.5232,107431.012597527
0.9791394369719061,2.5234,107431.012801788
1.0325832182611212,2.5236,107431.012995477
1.0563677924349444,2.5238,107431.013184805
0.9976057241982773,2.524,107431.013385285
0.9524308548366577,2.5242,107431.013595274
1.0784286919455253,2.5244,107431.013780729
0.7886715143324802,2.5246,107431.01403432
1.057675078510385,2.5248,107431.014223414
1.0880978297332824,2.525,107431.014407221
0.7975308472354986,2.5252,107431.014657995
0.8530639714836175,2.5254,107431.014892444
0.8286926741236201,2.5256,107431.015133788
1.3845236943561094,2.5258000000000003,107431.015278242
0.9936160080947332,2.526,107431.015479527
0.8076044284858896,2.5262000000000002,107431.015727173
0.8502533858003367,2.5263999999999998,107431.015962397
1.0137155300520193,2.5266,107431.016159691
1.0438031838212987,2.5268,107431.016351298
1.0439394725603377,2.527,107431.01654288
0.37056113496963006,2.5272,107431.017082602
1.1743636904214365,2.5274,107431.017252907
1.5508684373300041,2.5276,107431.017381867
0.5884395220809924,2.5278,107431.017721749
1.6254348606157099,2.528,107431.017844793
3.731273338540021,2.5282,107431.017898394
1.1263163346449059,2.5284,107431.018075964
1.1845885908355107,2.5286,107431.018244799
0.9889631154531474,2.5288,107431.018447031
1.1057298988936894,2.529,107431.018627907
0.5045956163362051,2.5292,107431.019024264
1.7003477236580478,2.5294,107431.019141887
1.4422418202941345,2.5296,107431.01928056
1.0869092197079468,2.5298,107431.019464568
1.0075820944633738,2.5300000000000002,107431.019663063
0.9490277188889972,2.5302,107431.019873805
1.0971287518994948,2.5304,107431.020056099
0.9531026346351265,2.5305999999999997,107431.02026594
0.8911940838390866,2.5308,107431.020490358
0.6203589392015394,2.531,107431.020812752
1.0139828254022107,2.5312,107431.021009994
1.0176718422554047,2.5314,107431.021206521
1.072000994884283,2.5316,107431.021393088
0.9434051024435975,2.5318,107431.021605086
1.1133998208532598,2.532,107431.021784716
0.8021336630291881,2.5322,107431.022034051
0.9873715018734975,2.5324,107431.022236609
0.8270922525526219,2.5326,107431.02247842
1.0620897863106438,2.5328,107431.022666728
0.8884229123840843,2.533,107431.022891846
1.287415599091991,2.5332,107431.023047196
1.063309429361063,2.5334,107431.023235288
1.0185892732927169,2.5336,107431.023431638
0.800384177269033,2.5338000000000003,107431.023681518
1.0995475170043925,2.534,107431.023863411
1.0479159357653294,2.5342000000000002,107431.024054266
0.8305509812963238,2.5343999999999998,107431.02429507
0.7973273635755186,2.5346,107431.024545908
1.4515474081273,2.5348,107431.024683692
1.0853874376344443,2.535,107431.024867958
0.7001403626656115,2.5352,107431.025153615
0.7258369090138491,2.5354,107431.025429159
0.868372149783868,2.5356,107431.025659475
0.9570431255661065,2.5358,107431.025868452
0.9700026203255269,2.536,107431.026074637
1.0364949722897994,2.5362,107431.026267595
0.8475150856674751,2.5364,107431.026503579
1.0546020329633543,2.5366,107431.026693224
0.8077349050274526,2.5368,107431.02694083
0.5464913804165042,2.537,107431.027306801
0.545803866412791,2.5372,107431.027673233
1.680629877483116,2.5374,107431.027792236
1.220062705095841,2.5376,107431.027956162
1.6670973141744847,2.5378,107431.028076131
2.2187953849913757,2.5380000000000003,107431.02816627
1.1632505947416143,2.5382,107431.028338202
0.8267845180790712,2.5384,107431.028580103
1.020236402627364,2.5385999999999997,107431.028776136
0.9275706095036356,2.5388,107431.028991753
1.0560944851529754,2.539,107431.02918113
0.6554991545407535,2.5392,107431.029486241
0.9463602549902903,2.5394,107431.029697577
0.8061395730793602,2.5396,107431.029945673
3.0305786361539244,2.5398,107431.030011667
1.0785275371661651,2.54,107431.030197105
0.7930465803701755,2.5402,107431.030449297
0.8018056719081467,2.5404,107431.030698734
1.1165387544582672,2.5406,107431.030877859
0.6588591777590806,2.5408,107431.031181414
0.9060269011876325,2.541,107431.031402158
0.6142845645390758,2.5412,107431.03172774
1.0283199670072045,2.5414,107431.031922232
1.0079171931638058,2.5416,107431.032120661
1.0689013709478798,2.5418,107431.032307769
0.9732786346574589,2.542,107431.03251326
0.9372949632716565,2.5422000000000002,107431.03272664
1.0136795673691208,2.5423999999999998,107431.032923941
1.0098765968449201,2.5426,107431.033121985
1.0057984861218268,2.5427999999999997,107431.033320832
0.7840892199935262,2.543,107431.033575905
1.5996289711491365,2.5432,107431.033700934
0.7789982284909485,2.5434,107431.033957674
1.0504587344198208,2.5436,107431.034148067
1.075598491865332,2.5438,107431.03433401
1.058789238416168,2.544,107431.034522905
0.8378051062487781,2.5442,107431.034761624
0.8402726056816217,2.5444,107431.034999642
0.9000575734225387,2.5446,107431.03522185
1.1621353848312008,2.5448,107431.035393947
0.7893625095209816,2.545,107431.035647316
1.358640312086177,2.5452,107431.035794522
0.8362462544442493,2.5454,107431.036033686
0.7292084397605249,2.5456,107431.036307956
1.2096506057451173,2.5458,107431.036473293
1.0658026765180497,2.5460000000000003,107431.036660945
0.8195277189394434,2.5462,107431.036904988
1.0581114512434717,2.5464,107431.037094004
0.9873715018713052,2.5465999999999998,107431.037296562
0.8628611805146459,2.5468,107431.037528349
1.0041521941592797,2.547,107431.037727522
0.6871695138802892,2.5472,107431.038018571
1.131881072126054,2.5474,107431.038195268
1.1637108558859195,2.5476,107431.038367132
1.1126255667660556,2.5478,107431.038546887
0.8883598026279134,2.548,107431.038772021
0.7793898000098267,2.5482,107431.039028632
0.8477557676975136,2.5484,107431.039264549
0.6954199863322664,2.5486,107431.039552145
1.1535555192855225,2.5488,107431.039725522
0.8724709542659284,2.549,107431.039954756
1.0193628004802022,2.5492,107431.040150957
0.9271191601519806,2.5494,107431.040366679
1.3914881409964126,2.5496,107431.04051041
1.081227210661819,2.5498,107431.040695385
1.062332374299901,2.55,107431.04088365
1.0048483973320286,2.5502000000000002,107431.041082685
0.9887626917059178,2.5504,107431.041284958
0.661697319856492,2.5506,107431.041587211
0.9539117967158482,2.5507999999999997,107431.041796874
1.010974076764073,2.551,107431.041994703
1.0116338295753877,2.5512,107431.042192403
1.0524708938886604,2.5514,107431.042382432
1.006557713912975,2.5516,107431.042581129
1.0593052316156066,2.5518,107431.042769932
1.021382637953177,2.552,107431.042965745
1.0688785102842222,2.5522,107431.043152857
0.8221216623229485,2.5524,107431.04339613
0.6204609362466788,2.5526,107431.043718471
2.6094674316653776,2.5528,107431.043795115
1.1183305361728235,2.553,107431.043973953
1.0558435436910054,2.5532,107431.044163375
1.0093363847092074,2.5534,107431.044361525
0.8525039857344979,2.5536,107431.044596128
0.6490092992727955,2.5538,107431.04490429
1.1313945059799564,2.5540000000000003,107431.045081063
1.056741738946048,2.5542,107431.045270324
1.2850827116750432,2.5544000000000002,107431.045425956
0.6363995213246383,2.5545999999999998,107431.045740224
1.5297302791655476,2.5548,107431.045870966
1.6233767257454563,2.555,107431.045994166
0.8239641675493585,2.5552,107431.046236895
0.7466363946617528,2.5554,107431.046504763
1.1374106040676548,2.5556,107431.046680601
0.689583830540833,2.5558,107431.046970631
1.185775362464755,2.556,107431.047139297
0.8350835556066643,2.5562,107431.047378794
1.0306409817738849,2.5564,107431.047572848
0.9111949040585136,2.5566,107431.04779234
1.1296754999841352,2.5568,107431.047969382
0.7837727326445817,2.557,107431.048224558
1.1684085682472596,2.5572,107431.048395731
0.7644909572946162,2.5574,107431.048657343
0.988650242402318,2.5576,107431.048859639
1.2014249500726932,2.5578,107431.049026108
1.0135870929496447,2.558,107431.049223427
0.9074575332343999,2.5582000000000003,107431.049443823
1.0281401919300381,2.5584,107431.049638349
0.4604994985773963,2.5586,107431.05007266
1.3391631167629703,2.5587999999999997,107431.050222007
1.891771947141337,2.559,107431.050327728
1.2884273377037907,2.5592,107431.050482956
0.9031628648984819,2.5594,107431.0507044
0.7443300641122235,2.5596,107431.050973098
1.112384137009351,2.5598,107431.051152892
1.105986693230599,2.56,107431.051333726
0.8399549869680998,2.5602,107431.051571834
0.9643108494285262,2.5604,107431.051779236
0.7876527469798431,2.5606,107431.052033155
0.8874650004099318,2.5608,107431.052258516
0.8645545985859849,2.561,107431.052489849
0.9050797227078083,2.5612,107431.052710824
1.0835058197649148,2.5614,107431.05289541
1.0206372694951806,2.5616,107431.053091366
1.0698047752698925,2.5618,107431.053278316
1.0017831896402267,2.5620000000000003,107431.05347796
0.7546429424077405,2.5622,107431.053742986
0.5792014421496242,2.5624000000000002,107431.054088289
1.1826412810319182,2.5625999999999998,107431.054257402
0.7316038138880798,2.5628,107431.054530774
1.4279797586866194,2.5629999999999997,107431.054670832
1.6275645198214692,2.5632,107431.054793715
1.5982483496365232,2.5634,107431.054918852
0.8787577648563709,2.5636,107431.055146446
1.0571159503042875,2.5638,107431.05533564
1.0845692996211385,2.564,107431.055520045
0.8227574717829564,2.5642,107431.05576313
0.5828813578117018,2.5644,107431.056106253
1.0852873310768665,2.5646,107431.056290536
1.2698734863382217,2.5648,107431.056448032
1.6903598876903851,2.565,107431.05656635
0.9617696687697481,2.5652,107431.0567743
1.0890458104141343,2.5654,107431.056957947
0.9436677651168389,2.5656,107431.057169886
1.16866797597465,2.5658,107431.057341021
1.0538240553733005,2.566,107431.057530806
0.8269999330421605,2.5662000000000003,107431.057772644
0.4966858631758066,2.5664,107431.058175313
1.906722934737111,2.5666,107431.058280205
1.1323489314955786,2.5667999999999997,107431.058456829
1.499891288399294,2.567,107431.058590172
0.8410818330508687,2.5672,107431.058827961
1.035850806140484,2.5674,107431.059021039
1.026514843327837,2.5676,107431.059215873
0.7867480119319674,2.5678,107431.059470084
1.0971288394771488,2.568,107431.059652378
1.0433893031131627,2.5682,107431.059844061
0.7261900473056652,2.5684,107431.060119471
1.6848916448767743,2.5686,107431.060238173
1.0488941765170532,2.5688,107431.06042885
0.7886839601095539,2.569,107431.060682437
1.229687090137581,2.5692,107431.06084508
0.9058955800539894,2.5694,107431.061065856
1.1610626226055212,2.5696,107431.061238112
0.9962739727313219,2.5698,107431.06143886
0.952730267987131,2.57,107431.061648783
1.0989735703158523,2.5702,107431.061830771
0.9801422933856225,2.5704000000000002,107431.062034823
0.8700796883065166,2.5705999999999998,107431.062264687
1.160254378864857,2.5708,107431.062437063
0.7507310095217478,2.5709999999999997,107431.06270347
0.9826609743224245,2.5712,107431.062906999
0.9744926414892328,2.5714,107431.063112234
1.0002250485068802,2.5716,107431.063312189
1.1127121323786546,2.5718,107431.06349193
1.0233739181817705,2.572,107431.063687362
0.834954543851181,2.5722,107431.063926896
0.6107280435485866,2.5724,107431.064254374
1.0411190105050865,2.5726,107431.064446475
0.7482761368599247,2.5728,107431.064713756
1.5305498525730379,2.573,107431.064844428
1.3976826143289478,2.5732,107431.064987522
0.961284257794179,2.5734,107431.065195577
0.6037772364495364,2.5736,107431.065526825
0.9538434755643752,2.5738,107431.065736503
0.6751510847348812,2.574,107431.066032733
1.768972236195245,2.5742000000000003,107431.066145793
0.6943745305670083,2.5744,107431.066433822
1.3841883424177095,2.5746,107431.066578311
0.8477593758291975,2.5747999999999998,107431.066814227
1.1774748769231247,2.575,107431.066984082
1.429715224772885,2.5752,107431.06712397
1.1061579557297219,2.5754,107431.067304776
0.8139047631319232,2.5756,107431.067550505
1.0271686339291903,2.5758,107431.067745215
0.9829748480681856,2.576,107431.067948679
1.041845717362819,2.5762,107431.068140646
0.5240389783342505,2.5764,107431.068522297
1.5383432337172938,2.5766,107431.068652307
1.5343542508878631,2.5768,107431.068782655
1.0678170245545,2.577,107431.068969953
1.2680780552271838,2.5772,107431.069127672
0.8534170720355243,2.5774,107431.069362024
0.9547724744167786,2.5776,107431.069571498
0.8277391664173405,2.5778,107431.06981312
0.8525221764887236,2.578,107431.070047718
1.16946072229372,2.5782,107431.070218737
0.991763433411642,2.5784000000000002,107431.070420398
1.0234890703632475,2.5786,107431.070615808
1.0971227964861632,2.5788,107431.070798103
1.0884531182445716,2.5789999999999997,107431.07098185
0.9766817133382526,2.5792,107431.071186625
0.8237707715224931,2.5794,107431.071429411
1.0847280856422774,2.5796,107431.071613789
0.7982629602526307,2.5798,107431.071864333
0.9599647070030801,2.58,107431.072072674
1.0637958316284517,2.5802,107431.07226068
0.8414250304546562,2.5804,107431.072498372
0.8130081434056065,2.5806,107431.072744372
0.8822115014962846,2.5808,107431.072971075
0.5972663188467112,2.581,107431.073305934
1.0284785628009019,2.5812,107431.073500396
0.9887626917081133,2.5814,107431.073702669
0.7600141556589018,2.5816,107431.073965822
1.1802752170630149,2.5818,107431.074135274
1.226098773356493,2.582,107431.074298393
1.0991245600732449,2.5822000000000003,107431.074480356
1.0369893810519055,2.5824,107431.074673222
0.8274480869138368,2.5826000000000002,107431.074914929
0.9752957734094744,2.5827999999999998,107431.075119995
1.0573339830859896,2.583,107431.07530915
0.8453156704967446,2.5832,107431.075545748
0.8236926684320789,2.5834,107431.075788557
0.7771728914782935,2.5836,107431.0760459
0.891225868157386,2.5838,107431.07627031
1.0230807057969595,2.584,107431.076465798
1.1228259865608279,2.5842,107431.07664392
1.0106675616847955,2.5844,107431.076841809
0.8432200789996285,2.5846,107431.077078995
1.022620391491478,2.5848,107431.077274571
0.9520182571670319,2.585,107431.077484651
0.920632325104549,2.5852,107431.077701893
0.9964277493900231,2.5854,107431.07790261
1.0330685434019864,2.5856,107431.078096208
0.5716114936707389,2.5858,107431.078446096
0.45978068746495915,2.586,107431.078881086
0.5187757895489997,2.5862,107431.079266609
0.4403637369117112,2.5864000000000003,107431.079720779
0.4823065880117254,2.5866,107431.080135453
0.6167794893422306,2.5868,107431.080459718
0.5491940542724845,2.5869999999999997,107431.080823888
0.6591675245116123,2.5872,107431.081127301
0.6626202688424063,2.5874,107431.081429133
0.6302527545198412,2.5876,107431.081746466
0.45261567341892084,2.5878,107431.082188342
0.8319329172223765,2.588,107431.082428746
0.4142279008364636,2.5882,107431.082911572
0.8505317842693918,2.5884,107431.083146719
0.6605870794738586,2.5886,107431.08344948
0.6102062905980625,2.5888,107431.083777238
0.38609516844171843,2.589,107431.084295245
0.6778213454293186,2.5892,107431.084590308
0.5984494166923673,2.5894,107431.084924505
0.6267431356510885,2.5896,107431.085243615
0.5522756488544286,2.5898,107431.085605753
0.6158735328842623,2.59,107431.085930495
0.6361545602223413,2.5902,107431.086244884
0.5888258706968337,2.5904,107431.086584543
0.5799740633163571,2.5906000000000002,107431.086929386
0.5375534789278906,2.5907999999999998,107431.087301442
0.5501458012447465,2.591,107431.087664982
0.6190398146959734,2.5911999999999997,107431.087988063
0.6660427805495904,2.5914,107431.088288344
0.6573498358477484,2.5916,107431.088592596
0.5998638314096788,2.5918,107431.088926005
0.5820755593191344,2.592,107431.089269603
0.6233461957155275,2.5922,107431.089590452
0.6822748493078231,2.5924,107431.089883589
0.6071719081895756,2.5926,107431.090212985
0.6717089540354569,2.5928,107431.090510733
0.6070613355344401,2.593,107431.090840189
0.4251122283547588,2.5932,107431.091310653
0.6439108845286435,2.5934,107431.091621255
1.4490337554686825,2.5936,107431.091759278
0.5737975406592337,2.5938,107431.092107833
0.6465984095175685,2.594,107431.092417144
1.0029587177033183,2.5942,107431.092616554
0.892279557730648,2.5944000000000003,107431.092840699
0.709395952136879,2.5946,107431.093122629
1.3240911517329073,2.5948,107431.093273676
0.7736764353537003,2.5949999999999998,107431.093532182
2.045701069837915,2.5952,107431.093629948
1.2600567714905297,2.5954,107431.093788671
0.6324310744134397,2.5956,107431.094104911
1.1299179921242608,2.5958,107431.094281915
1.1648359048822952,2.596,107431.094453613
0.8585385947206899,2.5962,107431.094686567
0.8480505331392267,2.5964,107431.094922402
0.9082858483505628,2.5966,107431.095142597
1.1304480106503825,2.5968,107431.095319518
1.045800883991423,2.597,107431.095510759
1.0401389173617177,2.5972,107431.095703041
0.8051368017863633,2.5974,107431.095951446
1.0276647104099315,2.5976,107431.096146062
0.772251471087238,2.5978,107431.096405045
1.0701310513454632,2.598,107431.096591938
0.956411502466723,2.5982,107431.096801053
0.8589700522659811,2.5984,107431.09703389
0.9726443358661158,2.5986000000000002,107431.097239515
0.8393099107150396,2.5987999999999998,107431.097477806
1.0803803391628517,2.599,107431.097662926
0.798189711647007,2.5991999999999997,107431.097913493
1.0223955233277415,2.5994,107431.098109112
1.043449268930711,2.5996,107431.098300784
0.7923867192114128,2.5998,107431.098553186
1.006137481505274,2.6,107431.098751966
0.9794990895305963,2.6002,107431.098956152
1.0558714472254613,2.6004,107431.099145569
0.5517682672537286,2.6006,107431.09950804
1.021382637953177,2.6008,107431.099703853
0.7875070174949182,2.601,107431.099957819
1.1482637848010362,2.6012,107431.100131995
0.8575667361405725,2.6014,107431.100365213
0.8215576938082141,2.6016,107431.100608653
0.8193464128818695,2.6018,107431.10085275
1.0591480872921057,2.602,107431.101041581
0.5477411125278395,2.6022,107431.101406717
1.0537352605878625,2.6024000000000003,107431.101596518
1.1977266503762722,2.6026,107431.101763501
1.0124788636598137,2.6028000000000002,107431.101961036
1.0602879298575287,2.6029999999999998,107431.102149664
1.0377158169155312,2.6032,107431.102342395
0.8701251331771025,2.6034,107431.102572247
0.830654437096696,2.6036,107431.102813021
0.8176214071856099,2.6038,107431.103057633
0.8310479148482912,2.604,107431.103298293
1.2314209470561555,2.6042,107431.103460707
0.83177029331313,2.6044,107431.103701158
0.8407424127189982,2.6046,107431.103939043
0.9629921584766508,2.6048,107431.104146729
1.0392202270815176,2.605,107431.104339181
0.8370897502499891,2.6052,107431.104578104
0.834738463661299,2.6054,107431.1048177
0.9619824595888338,2.6056,107431.105025604
1.0745524394964268,2.6058,107431.105211728
0.5203049117210093,2.606,107431.105596118
1.5073862209985507,2.6062,107431.105728798
1.4452641315181958,2.6064,107431.105867181
0.8245280822958365,2.6066000000000003,107431.106109744
0.8293214770656211,2.6068,107431.106350905
1.1261831586670101,2.607,107431.106528496
0.8403220289167362,2.6071999999999997,107431.1067665
0.8306441455809839,2.6074,107431.107007277
0.997466423771763,2.6076,107431.107207785
0.5361254672340738,2.6078,107431.107580832
1.6483969561991887,2.608,107431.107702162
1.1474469109489165,2.6082,107431.107876462
1.098363969231708,2.6084,107431.108058551
1.3255216602245175,2.6086,107431.108209435
0.9931472998962395,2.6088,107431.108410815
0.8613412601397312,2.609,107431.108643011
0.991129406991488,2.6092,107431.108844801
1.089686664112508,2.6094,107431.10902834
1.0465943919504892,2.6096,107431.109219436
0.8124499772382512,2.6098,107431.109465605
0.9050265008842571,2.61,107431.109686593
0.6766037201770627,2.6102,107431.109982187
0.6630398285822998,2.6104000000000003,107431.110283828
2.7315690915293223,2.6106,107431.110357046
0.9706617201359109,2.6108000000000002,107431.110563091
0.5725999404551508,2.6109999999999998,107431.110912375
1.1059072219517339,2.6112,107431.111093222
1.064906015920132,2.6114,107431.111281032
0.9613258779088993,2.6116,107431.111489078
1.1555417195606088,2.6118,107431.111662157
1.0868678763961868,2.612,107431.111846172
1.0697360802450204,2.6122,107431.112033134
1.0661720027801427,2.6124,107431.112220721
1.061706386756262,2.6126,107431.112409097
1.0765247245162504,2.6128,107431.11259488
1.0103459319665689,2.613,107431.112792832
0.8299926346771127,2.6132,107431.113033798
1.0342758766182027,2.6134,107431.11322717
0.7123344387557711,2.6136,107431.113507937
0.6648162544554486,2.6138,107431.113808772
0.9762716967771413,2.614,107431.114013633
1.0191758648061884,2.6142,107431.11420987
1.0913872537479985,2.6144,107431.114393123
1.0334421809908356,2.6146000000000003,107431.114586651
1.0151408365128471,2.6148,107431.114783668
1.1043622518353216,2.615,107431.114964768
1.0457571184095338,2.6151999999999997,107431.115156017
1.0153057433048338,2.6154,107431.115353002
0.80247480742989,2.6156,107431.115602231
0.8643565213031787,2.6158,107431.115833617
0.9367243057203039,2.616,107431.116047127
1.1230717871088196,2.6162,107431.11622521
0.830251049990959,2.6164,107431.116466101
0.8072132516480918,2.6166,107431.116713867
0.6736637922118837,2.6168,107431.117010751
1.37786589036123,2.617,107431.117155903
1.1118894479640826,2.6172,107431.117335777
0.8616381497959353,2.6174,107431.117567893
0.8981457662467982,2.6176,107431.117790574
0.8337189563922652,2.6178,107431.118030463
1.1115062923185537,2.618,107431.118210399
0.8506294852927361,2.6182,107431.118445519
0.8479030986453983,2.6184,107431.118681395
0.8367535945974972,2.6186,107431.118920414
0.8481656178927407,2.6188000000000002,107431.119156217
0.911917866465383,2.6189999999999998,107431.119375535
0.929480307887895,2.6192,107431.119590709
0.860596319843707,2.6193999999999997,107431.119823106
0.8557174519018879,2.6196,107431.120056828
1.0030844752007653,2.6198,107431.120256213
1.1386215472180679,2.62,107431.120431864
0.8508320653213269,2.6202,107431.120666928
0.8593871122089917,2.6204,107431.120899652
0.7721411415089466,2.6206,107431.121158672
1.0309278726943267,2.6208,107431.121352672
0.6441866747208653,2.621,107431.121663141
0.2771027259361293,2.6212,107431.122384895
3.777076933299756,2.6214,107431.122437846
33.123566853040735,2.6216,107431.122443884
1.6606191686013099,2.6218,107431.122564321
2.4564897108148545,2.622,107431.122645738
0.864775075109879,2.6222,107431.122877012
0.9471221708832889,2.6224,107431.123088178
1.1969310943563192,2.6226000000000003,107431.123255272
0.8554064193044473,2.6228,107431.123489079
1.0144302283636086,2.623,107431.123686234
0.853504518296799,2.6231999999999998,107431.123920562
1.0119664878700052,2.6234,107431.124118197
0.8805452443274417,2.6236,107431.124345329
1.070171047806073,2.6238,107431.124532215
0.8430815076722588,2.624,107431.12476944
1.1411616545507395,2.6242,107431.1249447
1.1061947253328719,2.6244,107431.1251255
0.9945004190839952,2.6246,107431.125326606
0.7485702274512055,2.6248,107431.125593782
1.3853005776596694,2.625,107431.125738155
1.0225052825401717,2.6252,107431.125933753
1.0722308998794812,2.6254,107431.12612028
0.9762097732808332,2.6256,107431.126325154
0.8943703336453949,2.6258,107431.126548775
1.147453521032563,2.626,107431.126723074
0.8397680714007782,2.6262,107431.126961235
1.1318490998460484,2.6264,107431.127137937
0.8584870055220852,2.6266,107431.127370905
0.787593843932427,2.6268000000000002,107431.127624843
0.6800546693682998,2.627,107431.127918937
1.2014970000137253,2.6272,107431.128085396
1.2519640971390862,2.6273999999999997,107431.128245145
1.0813440953929154,2.6276,107431.1284301
1.114324025029874,2.6278,107431.128609581
1.2325517887964177,2.628,107431.128771846
0.9767293975044947,2.6282,107431.128976611
0.9429692303996883,2.6284,107431.129188707
1.251830793450216,2.6286,107431.129348473
0.8410252182327436,2.6288,107431.129586278
0.9192105394870939,2.629,107431.129803856
1.201865366897774,2.6292,107431.129970264
1.0594510706016884,2.6294,107431.130159041
0.8277940065666588,2.6296,107431.130400647
0.9650972795269588,2.6298,107431.13060788
1.1390624267318443,2.63,107431.130783463
0.755095939075781,2.6302,107431.13104833
0.6771604013840944,2.6304,107431.131343681
0.8727488538879405,2.6306000000000003,107431.131572842
1.0557488124592804,2.6308,107431.131762281
0.5557577980351323,2.6310000000000002,107431.13212215
1.354637163839701,2.6311999999999998,107431.132269791
0.5327991196043503,2.6314,107431.132645167
2.18995683425793,2.6316,107431.132736493
2.249744372354924,2.6318,107431.132825392
1.098810498772822,2.632,107431.133007407
1.0704230942736124,2.6322,107431.133194249
0.8500365707268707,2.6324,107431.133429533
0.8041494137369405,2.6326,107431.133678243
0.9208060777414732,2.6328,107431.133895444
0.653814839178996,2.633,107431.134201341
1.2508991449604632,2.6332,107431.134361226
1.440569287801447,2.6334,107431.13450006
0.9876592209978701,2.6336,107431.134702559
0.9214169217520736,2.6338,107431.134919616
1.705495020124906,2.634,107431.135036884
1.1804563710686429,2.6342,107431.13520631
0.8437893248294688,2.6344,107431.135443336
0.8436148870679608,2.6346,107431.135680411
1.0708128163206239,2.6348000000000003,107431.135867185
0.42694355377945364,2.635,107431.136335631
1.2807787002969002,2.6352,107431.136491786
0.6601248304007075,2.6353999999999997,107431.136794759
1.7031714557033262,2.6356,107431.136912187
1.8125628212890297,2.6358,107431.137022528
1.8530184580863267,2.636,107431.13713046
1.2474972347447042,2.6362,107431.137290781
0.9287810829422883,2.6364,107431.137506117
1.2574424800495667,2.6366,107431.13766517
0.9888947331527747,2.6368,107431.137867416
0.93337999457506,2.637,107431.138081691
1.0611486424851888,2.6372,107431.138270166
0.8200754462743557,2.6374,107431.138514046
0.9547724744167786,2.6376,107431.13872352
1.2002063479207155,2.6378,107431.138890158
0.9856004249931128,2.638,107431.13909308
1.0734681734803453,2.6382,107431.139279392
0.8960252299259376,2.6384,107431.1395026
0.942209586548134,2.6386,107431.139714867
1.090548194059267,2.6388,107431.139898261
0.49182585035558535,2.6390000000000002,107431.140304909
1.2541229100150806,2.6391999999999998,107431.140464383
1.061447197212738,2.6394,107431.140652805
0.9001791298827406,2.6395999999999997,107431.140874983
1.4045535871041912,2.6398,107431.141017377
1.1294712595449625,2.64,107431.141194451
0.9275448810354896,2.6402,107431.141410074
1.1834809248958773,2.6404,107431.141579067
1.0799777675013078,2.6406,107431.141764256
0.7966857612550682,2.6408,107431.142015296
1.0788999773603931,2.641,107431.14220067
1.0116235538728597,2.6412,107431.142398372
0.9288156049237122,2.6414,107431.1426137
1.0422637488215092,2.6416,107431.14280559
1.0354003816334127,2.6418,107431.142998752
1.0184232227752175,2.642,107431.143195134
1.0078766147817324,2.6422,107431.143393571
1.0333940823300813,2.6424,107431.143587108
0.8883124905480987,2.6426,107431.143812254
1.3014648169288874,2.6428000000000003,107431.143965927
0.9109210245983005,2.643,107431.144185485
1.1129536144244716,2.6432,107431.144365187
1.0657913535597399,2.6433999999999997,107431.144552841
1.0548856604095038,2.6436,107431.144742435
1.0170457354533555,2.6438,107431.144939083
1.000305053674991,2.644,107431.145139022
1.0415310917054108,2.6442,107431.145331047
1.0695015012119906,2.6444,107431.14551805
1.034993136431003,2.6446,107431.145711288
1.0353521005286397,2.6448,107431.145904459
0.9402030897370952,2.645,107431.146117179
0.9028529850770276,2.6452,107431.146338699
1.156383590367723,2.6454,107431.146511652
0.8980772184485236,2.6456,107431.14673435
0.7026345287583123,2.6458,107431.147018993
1.6653760244125926,2.646,107431.147139086
1.229770272367779,2.6462,107431.147301718
0.824344507804791,2.6464,107431.147544335
1.0391499823907562,2.6466,107431.1477368
0.841350703047923,2.6468,107431.147974513
1.241187635895142,2.6470000000000002,107431.148135649
1.0293360265610239,2.6471999999999998,107431.148329949
0.8216218359399882,2.6474,107431.14857337
0.8605407652777654,2.6475999999999997,107431.148805782
0.9766006539969344,2.6478,107431.149010574
1.0051160347576866,2.648,107431.149209556
1.0474768334069677,2.6482,107431.149400491
1.0018735226516322,2.6484,107431.149600117
0.9127044019329031,2.6486,107431.149819246
1.2532349279159647,2.6488,107431.149978833
0.8609371323934251,2.649,107431.150211138
0.5721511129534761,2.6492,107431.150560696
1.468579682989797,2.6494,107431.150696882
1.127363920027627,2.6496,107431.150874287
0.6290752302716421,2.6498,107431.151192214
1.5933334701927035,2.65,107431.151317737
0.8393874151879397,2.6502,107431.151556006
1.079744613565973,2.6504,107431.151741235
0.8185683584946045,2.6506,107431.151985564
0.8319260182623802,2.6508000000000003,107431.15222597
0.4296990775802508,2.651,107431.152691412
1.1835510424679676,2.6512000000000002,107431.152860395
0.7508860483046733,2.6513999999999998,107431.153126747
1.5425790928242593,2.6516,107431.1532564
1.517922796427209,2.6518,107431.153388159
1.6559307081216148,2.652,107431.153508937
0.8075359083998233,2.6522,107431.153756604
1.10164317512256,2.6524,107431.153938151
0.9934284142927629,2.6526,107431.154139474
1.0363070142623356,2.6528,107431.154332467
0.49472133097747933,2.653,107431.154736735
1.5102775087042697,2.6532,107431.154869161
1.5459892384199796,2.6534,107431.154998528
0.6887930082165395,2.6536,107431.155288891
1.6614468438976948,2.6538,107431.155409268
1.452032162926189,2.654,107431.155547006
0.8276295577524704,2.6542,107431.15578866
0.8076142044577239,2.6544,107431.156036303
0.9683964093807554,2.6546,107431.15624283
1.1068558376297197,2.6548,107431.156423522
1.0526038931345414,2.6550000000000002,107431.156613527
0.998083652244788,2.6552,107431.156813911
1.1291779324243811,2.6554,107431.156991031
0.9703133221749254,2.6555999999999997,107431.15719715
1.0351537974465612,2.6558,107431.157390358
0.9490231972615726,2.656,107431.157601101
1.0603330019663437,2.6562,107431.157789721
0.7765934482112639,2.6564,107431.158047256
1.061762734795196,2.6566,107431.158235622
0.9963285728172098,2.6568,107431.158436359
0.6009272183100948,2.657,107431.158769178
1.0702627176390813,2.6572,107431.158956048
1.3439234618025164,2.6574,107431.159104866
0.8311377728505961,2.6576,107431.1593455
0.9926592453940005,2.6578,107431.159546979
1.039544308470368,2.658,107431.159739371
1.078929028176833,2.6582,107431.15992474
0.6871978597502932,2.6584,107431.160215777
1.9034202616362041,2.6586,107431.160320851
1.0348485763630175,2.6588000000000003,107431.160514116
0.5575814245741023,2.659,107431.160872808
1.2402178110520459,2.6592000000000002,107431.16103407
1.3871934691564578,2.6593999999999998,107431.161178246
1.2738447164820303,2.6596,107431.161335251
0.8224631419048453,2.6598,107431.161578423
1.082321334484528,2.66,107431.161763211
0.7815461440547954,2.6602,107431.162019114
1.0460415009469157,2.6604,107431.162210311
0.9052108670126494,2.6606,107431.162431254
0.6659740374362482,2.6608,107431.162731566
0.8328336342277891,2.661,107431.16297171
0.8910472119357724,2.6612,107431.163196165
1.0778300840319,2.6614,107431.163381723
0.7888799763241499,2.6616,107431.163635247
1.0752977294097565,2.6618,107431.163821242
1.0873110410614533,2.662,107431.164005182
1.025977750445919,2.6622,107431.164200118
0.8356034053529053,2.6624,107431.164439466
0.6352069823754365,2.6626,107431.164754324
2.55561638299403,2.6628,107431.164832583
1.028864829999379,2.6630000000000003,107431.165026972
1.084163600710168,2.6632,107431.165211446
0.8154577982678868,2.6634,107431.165456707
1.0646736326863466,2.6635999999999997,107431.165644558
1.0441301303599255,2.6638,107431.165836105
1.0394740985797493,2.664,107431.16602851
1.0290394652966066,2.6642,107431.166222866
1.0189680710179954,2.6644,107431.166419143
1.0759688272921826,2.6646,107431.166605022
1.0617796321704749,2.6648,107431.166793385
0.9157970291541038,2.665,107431.167011774
1.0926513507113567,2.6652,107431.167194815
0.6869688919882386,2.6654,107431.167485949
1.319705175311501,2.6656,107431.167637498
1.0085728869120592,2.6658,107431.167835798
1.058665924978535,2.666,107431.168024715
1.0484543341183694,2.6662,107431.168215472
0.828503844560698,2.6664,107431.168456871
0.8097854781095823,2.6666,107431.16870385
1.095590203671681,2.6668,107431.1688864
0.9464005927993328,2.667,107431.169097727
1.0565799120541974,2.6672000000000002,107431.169287017
1.0377211448368162,2.6673999999999998,107431.169479747
0.9399953880255825,2.6676,107431.169692514
0.7235078430536122,2.6677999999999997,107431.169968945
0.7416554544511135,2.668,107431.170238612
0.43265975635184983,2.6682,107431.170700869
0.40697555451799416,2.6684,107431.171192299
1.3754969473121297,2.6686,107431.171337701
0.9218969050079752,2.6688,107431.171554645
0.961515331941734,2.669,107431.17176265
1.0248999754584762,2.6692,107431.171957791
1.0807013719758167,2.6694,107431.172142856
1.0395712785083253,2.6696,107431.172335243
1.0437377873773965,2.6698,107431.172526862
0.9964774534527864,2.67,107431.172727569
0.8159601783702584,2.6702,107431.172972679
0.5442369464779628,2.6704,107431.173340166
1.127465650320928,2.6706,107431.173517555
0.8410004645117918,2.6708,107431.173755367
0.8991956538913704,2.6710000000000003,107431.173977788
0.8873941197661874,2.6712,107431.174203167
1.0730189613066918,2.6714,107431.174389557
0.6345056702990347,2.6715999999999998,107431.174704763
1.6185028107603234,2.6718,107431.174828334
0.879093829729952,2.672,107431.175055841
1.1718315393390173,2.6722,107431.175226514
0.813557108260656,2.6724,107431.175472348
0.8220946158433079,2.6726,107431.175715629
0.832303363030097,2.6728,107431.175955926
0.8948826145980326,2.673,107431.176179419
0.8264394414250564,2.6732,107431.176421421
0.8550114039008753,2.6734,107431.176655336
0.72938130689305,2.6736,107431.176929541
1.1397765598984748,2.6738,107431.177105014
1.3258027102182108,2.674,107431.177255866
1.1221455733043655,2.6742,107431.177434096
0.8214699443470487,2.6744,107431.177677562
0.8523550516963406,2.6746,107431.177912206
0.9325182701897603,2.6748,107431.178126679
1.1167133007870749,2.675,107431.178305776
1.0647586713710138,2.6752000000000002,107431.178493612
0.6882809779838036,2.6754,107431.178784191
2.1113304136249753,2.6756,107431.178878918
0.9989560703955376,2.6757999999999997,107431.179079127
1.01697845639557,2.676,107431.179275788
1.0614246542774015,2.6762,107431.179464214
0.8209843468918533,2.6764,107431.179707824
0.8267981958287693,2.6766,107431.179949721
0.9862516695470941,2.6768,107431.180152509
1.0846575463822865,2.677,107431.180336899
1.0276963698800783,2.6772,107431.180531509
1.017677041700381,2.6774,107431.180728035
0.9727011954533861,2.6776,107431.180933648
0.8355475256351013,2.6778,107431.181173012
1.332951149276486,2.678,107431.181323055
0.9884793058726997,2.6782,107431.181525386
0.8138981117348069,2.6784,107431.181771117
1.0388746739185735,2.6786,107431.181963633
0.9245776215664004,2.6788,107431.182179948
1.0605128377298065,2.6790000000000003,107431.182368536
1.0538407010093738,2.6792,107431.182558318
0.8312897414126676,2.6794000000000002,107431.182798908
0.8047965953734249,2.6795999999999998,107431.183047418
0.8193699082815596,2.6798,107431.183291508
1.5756344513076623,2.68,107431.183418441
1.0975563092598064,2.6802,107431.183600664
0.8288025146000962,2.6804,107431.183841976
0.8659508329231725,2.6806,107431.184072936
0.7185998817102852,2.6808,107431.184351255
0.669933691326115,2.681,107431.184649792
0.8948746320967804,2.6812,107431.184873287
0.821503676812738,2.6814,107431.185116743
0.976081097389296,2.6816,107431.185321644
1.1046001228859703,2.6818,107431.185502705
0.9563886746963256,2.682,107431.185711825
1.005646733836523,2.6822,107431.185910702
0.8168166223922905,2.6824,107431.186155555
1.0210593115760127,2.6826,107431.18635143
0.9692223953006521,2.6828,107431.186557781
1.015424263298213,2.683,107431.186754743
1.069478698095008,2.6832000000000003,107431.18694175
1.0463206215398866,2.6834,107431.187132896
0.4127651770586288,2.6836,107431.187617433
1.0664391320938136,2.6837999999999997,107431.187804973
2.1257146690785818,2.684,107431.187899059
1.33748849465015,2.6842,107431.188048593
1.3444836471625532,2.6844,107431.188197349
0.9929894402455158,2.6846,107431.188398761
1.00537881374773,2.6848,107431.188597691
1.0565016972415815,2.685,107431.188786995
0.8223447406930848,2.6852,107431.189030202
1.0125095943601434,2.6854,107431.189227731
0.562771526213625,2.6856,107431.189583115
0.8915318070015156,2.6858,107431.189807448
1.2702042099123156,2.686,107431.189964903
1.2399948056956909,2.6862,107431.190126194
0.995430959355231,2.6864,107431.190327112
0.700900991381539,2.6866,107431.190612459
2.087442918724051,2.6868,107431.19070827
0.8016418002938406,2.6870000000000003,107431.190957758
1.074800754647252,2.6872,107431.191143839
0.8350381965582727,2.6874000000000002,107431.191383349
0.5024241986637831,2.6875999999999998,107431.191781419
1.4885603254094117,2.6878,107431.191915777
1.200984855903262,2.6879999999999997,107431.192082307
1.5492826281224448,2.6882,107431.192211399
0.6703513517090449,2.6884,107431.19250975
1.596424018651551,2.6886,107431.19263503
0.8938427686599382,2.6888,107431.192858783
1.063750629319516,2.689,107431.193046797
1.0850811766113713,2.6892,107431.193231115
0.889648062489092,2.6894,107431.193455923
0.7165530941105855,2.6896,107431.193735037
0.10723504074575178,2.6898,107431.195600099
0.7734789770819364,2.69,107431.195858671
24.576067382994545,2.6902,107431.195866809
33.76090432748741,2.6904,107431.195872733
34.11225396547668,2.6906,107431.195878596
0.731488752061239,2.6908,107431.196152011
1.941483730230941,2.691,107431.196255025
0.4542450353746016,2.6912000000000003,107431.196695316
0.683772384010568,2.6914,107431.196987811
0.5642099011146886,2.6916,107431.197342289
0.5615910992023241,2.6917999999999997,107431.19769842
0.5890061973501635,2.692,107431.198037975
0.5359674300282441,2.6922,107431.198411132
0.661041232866605,2.6924,107431.198713685
0.6254358253405503,2.6926,107431.199033462
0.5826334463818622,2.6928,107431.199376731
0.3770483187148767,2.693,107431.199907167
1.190086544057132,2.6932,107431.200075222
0.7047936769104821,2.6934,107431.200358993
0.6615550439117959,2.6936,107431.200661311
0.6342239984730557,2.6938,107431.200976657
0.5867959216006025,2.694,107431.201317491
0.5204199692084458,2.6942,107431.201701796
0.5389121470130315,2.6944,107431.202072914
1.0151202175610698,2.6946,107431.202269935
0.6470167727193397,2.6948,107431.202579046
0.5958144129400954,2.695,107431.202914721
0.6284407138306152,2.6952,107431.203232969
0.8058959469955786,2.6954000000000002,107431.20348114
1.6453863044452308,2.6955999999999998,107431.203602692
1.074188871198897,2.6958,107431.203788879
1.0295904131074187,2.6959999999999997,107431.203983131
0.952104388901374,2.6962,107431.204193192
1.0814142894122791,2.6964,107431.204378135
0.9633818427915187,2.6966,107431.204585737
0.8578867316980942,2.6968,107431.204818868
0.8855474290610147,2.697,107431.205044717
1.164036006048772,2.6972,107431.205216533
0.7675981393868353,2.6974,107431.205477086
0.7148856856730484,2.6976,107431.205756851
0.9412030772862415,2.6978,107431.205969345
1.0923410640947355,2.698,107431.206152438
0.8535408800194263,2.6982,107431.206386756
0.7283586483098726,2.6984,107431.206661346
1.1368675493062141,2.6986,107431.206837268
0.7734789335520871,2.6988,107431.20709584
1.10356400308031,2.699,107431.207277071
0.7195590210545392,2.6992000000000003,107431.207555019
0.7443384085371223,2.6994,107431.207823714
0.816033381816104,2.6996,107431.208068802
1.8195216871013105,2.6997999999999998,107431.208178721
1.0765653690024832,2.7,107431.208364497
0.8448764710499118,2.7002,107431.208601218
1.0255726018400815,2.7004,107431.208796231
0.8120607147156806,2.7006,107431.209042518
1.072380319892181,2.7008,107431.209229019
0.5585999254109987,2.701,107431.209587057
0.4003483076372319,2.7012,107431.210086622
0.7420516798440776,2.7014,107431.210356145
1.3526950121155397,2.7016,107431.210503998
1.7160458560309078,2.7018,107431.210620545
2.1972225876966887,2.702,107431.210711569
0.8421265589829459,2.7022,107431.210949063
0.9987615195416538,2.7024,107431.211149311
1.0744139202701632,2.7026,107431.211335459
0.840053764534785,2.7028,107431.211573539
0.6778397317619448,2.703,107431.211868594
0.5844825649317268,2.7032,107431.212210777
1.419597467844902,2.7034000000000002,107431.212351662
0.8182067720918385,2.7036,107431.212596099
1.73157174810693,2.7038,107431.212711601
1.3473819374711562,2.7039999999999997,107431.212860037
2.074172663395766,2.7042,107431.212956461
1.101012351651674,2.7044,107431.213138112
1.0577421517765713,2.7046,107431.213327194
1.0314648208227861,2.7048,107431.213521093
0.9951536104278821,2.705,107431.213722067
0.9792161044086068,2.7052,107431.213926312
1.0009007991681687,2.7054,107431.214126132
0.8587966874089028,2.7056,107431.214359016
1.014389123870704,2.7058,107431.214556179
0.9564435164235481,2.706,107431.214765287
1.0173406190397876,2.7062,107431.214961878
1.0159916670306262,2.7064,107431.21515873
1.0437541951695841,2.7066,107431.215350346
0.989996118730315,2.7068,107431.215552367
0.9534479084720837,2.707,107431.215762132
1.070319977586423,2.7072000000000003,107431.215948992
0.4934847718060053,2.7074,107431.216354273
1.0865667925637759,2.7076000000000002,107431.216538339
1.2845380265655748,2.7077999999999998,107431.216694037
1.7597887196772488,2.708,107431.216807687
0.9159899613026276,2.7082,107431.21702603
1.1668884185186608,2.7084,107431.217197426
0.8947945236386334,2.7086,107431.217420941
1.0457243364137307,2.7088,107431.217612196
0.9568874067045767,2.709,107431.217821207
1.0643393009426403,2.7092,107431.218009117
1.0509997494984877,2.7094,107431.218199412
0.7729199792393421,2.7096,107431.218458171
1.099620094301981,2.7098,107431.218640052
0.8440777610837937,2.71,107431.218876997
0.9598034110990326,2.7102,107431.219085373
0.8210955871032578,2.7104,107431.21932895
0.692340972425008,2.7106,107431.219617825
1.191391037401285,2.7108,107431.219785696
0.5692766990049754,2.711,107431.220137019
0.8230419083985518,2.7112,107431.22038002
0.857761659848167,2.7114000000000003,107431.220613185
1.223226614705956,2.7116,107431.220776687
0.7660164421257745,2.7118,107431.221037778
1.040820981605861,2.7119999999999997,107431.221229934
1.0895857629781722,2.7122,107431.22141349
0.7971907019617158,2.7124,107431.221664371
1.0640561695868294,2.7126,107431.221852331
1.0095860237675054,2.7128,107431.222050432
0.47606691975112864,2.713,107431.222470541
1.4390767543670235,2.7132,107431.222609519
2.0076088351235017,2.7134,107431.22270914
0.9011038440395622,2.7136,107431.22293109
1.112161530975034,2.7138,107431.22311092
1.0698218463113,2.714,107431.223297867
1.5921792803812091,2.7142,107431.223423481
0.8356034053529053,2.7144,107431.223662829
1.0641184521510034,2.7146,107431.223850778
0.7821482269359403,2.7148,107431.224106484
1.0014722239956062,2.715,107431.22430619
1.2440286439412915,2.7152,107431.224466958
0.9920930324711177,2.7154,107431.224668552
0.9937097597248048,2.7156000000000002,107431.224869818
0.9469069650048912,2.7157999999999998,107431.225081032
1.1038136753491732,2.716,107431.225262222
1.0439611995898235,2.7161999999999997,107431.2254538
1.0276172248642348,2.7164,107431.225648425
0.8244804499162698,2.7166,107431.225891002
0.9660295991641423,2.7168,107431.226098035
0.9358957816000348,2.717,107431.226311734
1.0249104462166607,2.7172,107431.226506873
0.8078588706829044,2.7174,107431.226754441
0.9551691415747058,2.7176,107431.226963828
1.086613954778243,2.7178,107431.227147886
0.8172204687933441,2.718,107431.227392618
0.9714208514414857,2.7182,107431.227598502
0.9481009000610632,2.7184,107431.22780945
1.1348419823058165,2.7186,107431.227985686
0.8301683034809219,2.7188,107431.228226601
0.6138019468441183,2.719,107431.228552439
1.291739397787568,2.7192,107431.228707269
1.3253459047260556,2.7194000000000003,107431.228858173
0.8269656979410159,2.7196,107431.229100021
1.3578101299126153,2.7198,107431.229247317
1.0361888817811342,2.7199999999999998,107431.229440332
1.014842056044681,2.7202,107431.229637407
0.8149527504181964,2.7204,107431.22988282
0.8375454896088166,2.7206,107431.230121613
1.10893017093247,2.7208,107431.230301967
0.6212974722619345,2.721,107431.230623874
0.843632700444303,2.7212,107431.230860944
0.9555295993745131,2.7214,107431.231070252
0.6348581707639437,2.7216,107431.231385283
0.994015994579627,2.7218,107431.231586487
1.1846096237851915,2.722,107431.231755319
0.9429558382781709,2.7222,107431.231967418
1.078696326792731,2.7224,107431.232152827
0.8211629933243246,2.7226,107431.232396384
0.6736819536807037,2.7228,107431.23269326
0.9052682247839803,2.723,107431.232914189
1.544795111018774,2.7232,107431.233043656
0.8804676807282573,2.7234,107431.233270808
0.9160025984193105,2.7236000000000002,107431.233489148
0.8794339782608439,2.7237999999999998,107431.233716567
1.0515744698689182,2.724,107431.233906758
0.9199124167079674,2.7241999999999997,107431.23412417
0.8328302024942318,2.7244,107431.234364315
0.7208194068885815,2.7246,107431.234641777
0.6725786249713592,2.7248,107431.23493914
2.0945478776689512,2.725,107431.235034626
1.2606366196628787,2.7252,107431.235193276
0.8057401300156071,2.7254,107431.235441495
0.8550150740603029,2.7256,107431.235675409
0.8112175135544409,2.7258,107431.235921952
1.0593669592305168,2.726,107431.236110744
0.9822700020360593,2.7262,107431.236314354
0.8895886939560833,2.7264,107431.236539177
0.7809358020425449,2.7266,107431.23679528
1.1626217105353147,2.7268,107431.236967305
1.1222399494660327,2.727,107431.23714552
1.02542017980194,2.7272,107431.237340562
1.0769943469299945,2.7274000000000003,107431.237526264
0.8068615305622248,2.7276,107431.237774138
1.0659049245918488,2.7278000000000002,107431.237961772
1.0294950130585192,2.7279999999999998,107431.238156042
0.802072574303101,2.7282,107431.238405396
0.9736244755640985,2.7284,107431.238610814
0.4989571827001139,2.7286,107431.23901165
1.3257413242522789,2.7288,107431.239162509
2.3796208692120504,2.729,107431.239246556
0.8453013732191729,2.7292,107431.239483158
0.4977006283010755,2.7294,107431.239885006
0.46295224873250485,2.7296,107431.240317016
0.6565298344637264,2.7298,107431.240621648
0.5997343130231345,2.73,107431.240955129
0.5319516887581499,2.7302,107431.241331103
0.7133354440416411,2.7304,107431.241611476
0.7554153866599512,2.7306,107431.241876231
1.4496850146318132,2.7308,107431.242014192
0.5613467943990236,2.731,107431.242370478
1.168087821019306,2.7312,107431.242541698
0.9788422984450851,2.7314,107431.242746021
0.948029027348818,2.7316000000000003,107431.242956985
1.0239555073019944,2.7318,107431.243152306
1.0129761543589448,2.732,107431.243349744
0.897730590276595,2.7321999999999997,107431.243572528
1.057826005325576,2.7324,107431.243761595
1.0012666255636073,2.7326,107431.243961342
0.988366921011413,2.7328,107431.244163696
0.990736596152208,2.733,107431.244365566
1.0554869301629641,2.7332,107431.244555052
0.5276070392159081,2.7334,107431.244934122
0.8988400498027158,2.7336,107431.245156631
0.7182076562542565,2.7338,107431.245435102
1.629885495307816,2.734,107431.24555781
2.796108234300047,2.7342,107431.245629338
0.9807526782657505,2.7344,107431.245833263
0.6809275780245442,2.7346,107431.24612698
1.9875774519303808,2.7348,107431.246227605
0.868142267973157,2.735,107431.246457982
1.3091660943973176,2.7352,107431.246610751
0.6396029362404931,2.7354000000000003,107431.246923445
1.328003565381239,2.7356,107431.247074047
1.0565687029904647,2.7358000000000002,107431.247263339
0.9860473911277421,2.7359999999999998,107431.247466169
0.8609038047445409,2.7362,107431.247698483
1.0110354318386696,2.7364,107431.2478963
0.9699650373213182,2.7366,107431.248102493
1.0510108407117231,2.7368,107431.248292786
1.0240812442382687,2.737,107431.248488083
0.9298130791679549,2.7372,107431.24870318
0.842758144917149,2.7374,107431.248940496
0.8810145839150978,2.7376,107431.249167507
1.0424159225085954,2.7378,107431.249359369
1.0293785055382307,2.738,107431.249553661
1.031454138305851,2.7382,107431.249747562
1.0131815112721714,2.7384,107431.24994496
0.9417880477798319,2.7386,107431.250157322
1.022960391853863,2.7388,107431.250352833
0.9870742382002999,2.739,107431.250555452
0.7141148624468111,2.7392,107431.250835519
1.683841764616693,2.7394,107431.250954295
0.9437924434109239,2.7396000000000003,107431.251166206
1.073883190651892,2.7398,107431.251352446
1.067298509547052,2.74,107431.251539835
0.9425692482087494,2.7401999999999997,107431.251752021
0.8153181887239286,2.7404,107431.251997324
1.0049392840073696,2.7406,107431.252196341
0.9882790070940685,2.7408,107431.252398713
0.8933396902717847,2.741,107431.252622592
0.6004311196067323,2.7412,107431.252955686
0.4956801437655931,2.7414,107431.253359172
1.1884812381881444,2.7416,107431.253527454
1.0653030425933387,2.7418,107431.253715194
1.885618393589958,2.742,107431.25382126
0.9351912653667259,2.7422,107431.25403512
0.9866116800090798,2.7424,107431.254237834
1.0647756642366204,2.7426,107431.254425667
0.8192523959290575,2.7428,107431.254669792
0.8534790245374906,2.743,107431.254904127
1.0509224389935021,2.7432,107431.255094436
1.3509497460559305,2.7434,107431.25524248
0.8896994909110644,2.7436,107431.255467275
0.8910154403590153,2.7438000000000002,107431.255691738
0.9785357953716819,2.7439999999999998,107431.255896125
1.0290235939169001,2.7442,107431.256090484
1.025825207963161,2.7443999999999997,107431.256285449
1.010172386027043,2.7446,107431.256483435
1.0329565048044032,2.7448,107431.256677054
0.9598218440884145,2.745,107431.256885426
1.0001100498507782,2.7452,107431.257085404
0.5462480926857199,2.7454,107431.257451538
0.6852999814412375,2.7456,107431.257743381
1.5992706585124443,2.7458,107431.257868438
1.7028812969946576,2.746,107431.257985886
1.0875416226569379,2.7462,107431.258169787
0.6805730636795478,2.7464,107431.258463657
0.973752504519757,2.7466,107431.258669048
1.171591198780193,2.7468,107431.258839756
0.9047808557339828,2.747,107431.259060804
0.9926198862478478,2.7472,107431.259262291
0.9857169888582784,2.7474,107431.259465189
1.0727714686847323,2.7476000000000003,107431.259651622
0.8090810947595746,2.7478,107431.259898816
1.0133457820509175,2.748,107431.260096182
0.9735297171902948,2.7481999999999998,107431.26030162
1.0066236212087636,2.7484,107431.260500304
1.0187915506666958,2.7486,107431.260696615
0.8200956559122662,2.7488,107431.260940489
0.8907297135280532,2.749,107431.261165024
1.0563120155483248,2.7492,107431.261354362
0.9433161347408384,2.7494,107431.26156638
1.0033813528068345,2.7496,107431.261765706
1.1825013714245376,2.7498,107431.261934839
0.9603287940402205,2.75,107431.262143101
0.9922751790623785,2.7502,107431.262344658
1.0717596547571422,2.7504,107431.262531267
0.8215576938082141,2.7506,107431.262774707
0.9932952312286251,2.7508,107431.262976057
0.6468577224193249,2.751,107431.263285244
0.7889826407685708,2.7512,107431.263538735
0.9890365604637746,2.7514,107431.263740952
1.0406963804403084,2.7516,107431.263933131
0.873328158428234,2.7518000000000002,107431.26416214
1.042654984186555,2.752,107431.264353958
0.9669683480249291,2.7522,107431.26456079
1.1255177508839418,2.7523999999999997,107431.264738486
1.0383030013356622,2.7526,107431.264931108
0.8640353756277482,2.7528,107431.26516258
1.0133303910743734,2.753,107431.265359949
0.5359358295872712,2.7532,107431.265733128
0.8646742066109254,2.7534,107431.265964429
1.6016399859270998,2.7536,107431.266089301
2.838772119922199,2.7538,107431.266159754
0.8616827171048197,2.754,107431.266391858
0.9027021862188488,2.7542,107431.266613415
1.30481868988508,2.7544,107431.266766693
1.0255621940749817,2.7546,107431.266961708
1.002064246718385,2.7548,107431.267161296
0.7714829001735113,2.755,107431.267420537
1.3971846014932103,2.7552,107431.267563682
1.0205852018918757,2.7554,107431.267759648
0.8031386778865209,2.7556000000000003,107431.268008671
0.9970189564291977,2.7558,107431.268209269
0.7837389437867747,2.7560000000000002,107431.268464456
1.0127197618003654,2.7561999999999998,107431.268661944
1.0303383385209737,2.7564,107431.268856055
0.8609334112170685,2.7566,107431.269088361
1.1112901475986714,2.7568,107431.269268332
0.8033644854078396,2.757,107431.269517285
0.8705720677003197,2.7572,107431.269747019
0.7674538217385344,2.7574,107431.270007621
0.6036751882644407,2.7576,107431.270338925
0.8087833782921504,2.7578,107431.27058621
0.9538708160917293,2.758,107431.270795882
0.8912536668486379,2.7582,107431.271020285
1.0041118450007784,2.7584,107431.271219466
0.911959436287363,2.7586,107431.271438774
1.0500892206113734,2.7588,107431.271629234
0.8635317503136789,2.759,107431.271860841
0.8108360321898271,2.7592,107431.2721075
1.1148023459369376,2.7594,107431.272286904
1.0227772339542962,2.7596,107431.27248245
0.9847705724487559,2.7598000000000003,107431.272685543
1.000535239992185,2.76,107431.272885436
0.8973680581568011,2.7602,107431.27310831
1.1036796519052647,2.7603999999999997,107431.273289522
0.997610720624554,2.7606,107431.273490001
0.9727153081245339,2.7608,107431.273695611
0.8475186917525941,2.761,107431.273931594
0.6021956097834961,2.7612,107431.274263712
0.9647434507781593,2.7614,107431.274471021
0.7974227075850879,2.7616,107431.274721829
1.373617012512012,2.7618,107431.27486743
0.9743359589844601,2.762,107431.275072698
0.3723195368768727,2.7622,107431.275609871
2.042733851957219,2.7624,107431.275707779
1.515806054226487,2.7626,107431.275839722
0.9599324568946246,2.7628,107431.27604807
0.9800894528977279,2.763,107431.276252133
0.846603835371166,2.7632,107431.276488371
1.1758550014641393,2.7634,107431.27665846
0.8063020723187883,2.7636,107431.276906506
0.9931867008801148,2.7638,107431.277107878
0.8269144501168967,2.7640000000000002,107431.277349741
0.9158179602816887,2.7641999999999998,107431.277568125
0.5423773129241402,2.7644,107431.277936872
1.169529088825574,2.7645999999999997,107431.278107881
0.7455509001971301,2.7648,107431.278376139
1.5654352529954083,2.765,107431.278503899
1.0129403187733959,2.7652,107431.278701344
0.6548445307581297,2.7654,107431.27900676
1.5950363339136606,2.7656,107431.279132149
0.8389402187181224,2.7658,107431.279370545
1.6619024874190687,2.766,107431.279490889
1.2252874862638634,2.7662,107431.279654116
0.8018956801391196,2.7664,107431.279903525
1.0616388098059657,2.7666,107431.280091913
0.7468873486622379,2.7668,107431.280359691
1.1026817053569755,2.767,107431.280541067
1.0225262025970225,2.7672,107431.280736661
0.8169434400974209,2.7674,107431.280981476
0.9883522794514349,2.7676,107431.281183833
0.7565526799904221,2.7678000000000003,107431.28144819
0.8810029502136576,2.768,107431.281675204
1.215177576268933,2.7682,107431.281839789
0.9733781007925661,2.7683999999999997,107431.282045259
0.4258499370493631,2.7686,107431.282514908
0.820954040630993,2.7688,107431.282758527
1.0877427730876021,2.769,107431.282942394
0.8407140757735106,2.7692,107431.283180287
1.4155885404843984,2.7694,107431.283321571
1.9235946619279713,2.7696,107431.283425543
1.1986168138508349,2.7698,107431.283592402
0.5998746445887411,2.77,107431.283925805
0.7458345143843663,2.7702,107431.284193961
1.149035614288822,2.7704,107431.28436802
1.3617670436389504,2.7706,107431.284514888
1.2031233603181863,2.7708,107431.284681122
0.9631962427210281,2.771,107431.284888764
0.7046744640774273,2.7712,107431.285172583
0.9042000125656394,2.7714,107431.285393773
1.1480726197546416,2.7716,107431.285567978
0.7154713766946692,2.7718,107431.285847514
0.8331319499884858,2.7720000000000002,107431.286087572
1.1715981898370047,2.7721999999999998,107431.286258279
1.0101163323640976,2.7724,107431.286456276
0.8880008391082559,2.7725999999999997,107431.286681501
1.0373336809677258,2.7728,107431.286874303
1.1973825133252496,2.773,107431.287041334
0.9275835681746034,2.7732,107431.287256948
0.7410398731551834,2.7734,107431.287526839
0.9137218578105588,2.7736,107431.287745724
0.5187421504342739,2.7738,107431.288131272
1.6633123849094988,2.774,107431.288251514
0.9547313534870769,2.7742,107431.288460997
1.2519248671025258,2.7744,107431.288620751
0.8518685900381866,2.7746,107431.288855529
0.741333820252607,2.7748,107431.289125313
1.0044648265953737,2.775,107431.289324424
0.8695878655630261,2.7752,107431.289554418
0.8214463283596813,2.7754,107431.289797891
0.48239383682421566,2.7756,107431.29021249
1.2822568178469607,2.7758000000000003,107431.290368465
1.004384081265695,2.776,107431.290567592
3.3329999694995696,2.7762000000000002,107431.290627598
0.8886006326005362,2.7763999999999998,107431.290852671
0.9983577055749959,2.7766,107431.291053
0.8301717634590742,2.7768,107431.291293914
0.8153846496737301,2.777,107431.291539197
0.9071735005103541,2.7772,107431.291759662
0.95101326496456,2.7774,107431.291969964
0.6987168172921165,2.7776,107431.292256203
1.4723962013515515,2.7778,107431.292392036
1.4310042112282508,2.778,107431.292531798
1.1500333278914816,2.7782,107431.292705706
0.7485226095251473,2.7784,107431.292972899
0.7768830837563379,2.7786,107431.293230338
1.1852132608642418,2.7788,107431.293399084
1.154201285805348,2.779,107431.293572364
0.969372651379828,2.7792,107431.293778683
0.7869306760096589,2.7794,107431.294032835
0.6596349550825916,2.7796,107431.294336033
1.0653484595155192,2.7798,107431.294523765
1.0908396272758178,2.7800000000000002,107431.29470711
0.9236723451152166,2.7802,107431.294923637
1.2388043776735362,2.7804,107431.295085083
0.990721884298169,2.7805999999999997,107431.295286956
1.1543211993096365,2.7808,107431.295460218
0.8477845290357917,2.781,107431.295696127
0.6963400096081105,2.7812,107431.295983343
0.5438728715657024,2.7814,107431.296351076
1.1435367877935576,2.7816,107431.296525972
0.915633518570999,2.7818,107431.2967444
1.5190527231800972,2.782,107431.296876061
1.0419868671959647,2.7822,107431.297068002
1.0868265362294998,2.7824,107431.297252024
0.9588508873797537,2.7826,107431.297460607
0.9767008003264472,2.7828,107431.297665378
1.0377589119998423,2.783,107431.297858101
0.8943703918456595,2.7832,107431.298081722
0.7457176845223654,2.7834,107431.29834992
1.5172895318477553,2.7836,107431.298481734
0.7997665010402457,2.7838000000000003,107431.298731807
1.015408809120306,2.784,107431.298928772
0.8506005306038118,2.7842000000000002,107431.2991639
1.2923486572568195,2.7843999999999998,107431.299318657
0.8381175742793152,2.7846,107431.299557287
0.7629889446367191,2.7848,107431.299819414
1.060636581822437,2.785,107431.30000798
1.0064868031760295,2.7852,107431.300206691
0.6766449256658971,2.7854,107431.300502267
1.704492240272047,2.7856,107431.300619604
1.3122066843613338,2.7858,107431.300772019
0.8137756105138956,2.786,107431.301017787
0.86273833671385,2.7862,107431.301249607
0.8400502216944186,2.7864,107431.301487688
1.0629026253599707,2.7866,107431.301675852
1.0761945386155451,2.7868,107431.301861692
0.7719414743935216,2.787,107431.302120779
0.9343436622375298,2.7872,107431.302334833
0.9964179247552644,2.7874,107431.302535552
0.8880047979501359,2.7876,107431.302760776
1.0302481285156238,2.7878,107431.302954904
1.22476970760976,2.7880000000000003,107431.3031182
1.118912405210893,2.7882,107431.303296945
1.1293501427252586,2.7884,107431.303474038
0.632311082268557,2.7885999999999997,107431.303790338
2.5443026268179025,2.7888,107431.303868945
0.8933995605380958,2.789,107431.304092809
0.8481188789342109,2.7892,107431.304328625
0.9020467406847565,2.7894,107431.304550343
1.2877637290861874,2.7896,107431.304705651
0.5590152303605861,2.7898,107431.305063423
0.7648768453308341,2.79,107431.305324903
0.7857187973790777,2.7902,107431.305579447
0.9703320925591529,2.7904,107431.305785562
1.0551917994756774,2.7906,107431.305975101
0.8115071543956954,2.7908,107431.306221556
0.7778711268270396,2.791,107431.306478668
1.0826494918581275,2.7912,107431.3066634
0.8309926929766668,2.7914,107431.306904076
1.1625068510270034,2.7916,107431.307076118
0.9823423860379441,2.7918,107431.307279713
1.0401497805291837,2.792,107431.307471993
1.0723917832838412,2.7922000000000002,107431.307658492
0.9857073036036733,2.7923999999999998,107431.307861392
1.0649003226825189,2.7926,107431.308049203
0.8828268033479308,2.7927999999999997,107431.308275748
0.9223518236102124,2.793,107431.308492585
1.1342047741437704,2.7932,107431.30866892
0.8035194318072576,2.7934,107431.308917825
1.07506070511335,2.7936,107431.309103861
0.8064808687713775,2.7938,107431.309351852
1.056155839132231,2.794,107431.309541218
1.068992740236324,2.7942,107431.30972831
0.8325216637911308,2.7944,107431.309968544
1.0366184911850544,2.7946,107431.310161479
0.7409191482102675,2.7948,107431.310431414
1.166548009044422,2.795,107431.31060286
1.042954064459399,2.7952,107431.310794623
0.8113755043137113,2.7954,107431.311041118
1.0010360297197571,2.7956,107431.311240911
0.8245212561325727,2.7958,107431.311483476
0.8479175363828123,2.7960000000000003,107431.311719348
0.970233247936154,2.7962,107431.311925484
1.0558435436933498,2.7964,107431.312114906
1.0726103876339168,2.7965999999999998,107431.312301367
1.0540406513711762,2.7968,107431.312491113
1.0611993595383382,2.797,107431.312679579
0.9110870236062752,2.7972,107431.312899097
1.1291333110581792,2.7974,107431.313076224
1.0258514708323505,2.7976,107431.313271184
0.8527039151219657,2.7978,107431.313505732
0.8254980007287122,2.798,107431.31374801
1.0687643047421789,2.7982,107431.313935142
0.8377840654377785,2.7984,107431.314173867
0.8959890719791943,2.7986,107431.314397084
0.8541824898713276,2.7988,107431.314631226
1.2072702525605485,2.799,107431.314796889
0.8440599289077058,2.7992,107431.315033839
1.0461344980547327,2.7994,107431.315225019
1.0608953755908908,2.7996,107431.315413539
1.0658708672720467,2.7998,107431.315601179
1.0557376210248313,2.8,107431.31579062
1.0707268912978787,2.8002000000000002,107431.315977409
1.0599452291009908,2.8004,107431.316166098
1.0164150616368286,2.8006,107431.316362868
1.0465998911332857,2.8007999999999997,107431.316553963
0.9566905818321936,2.801,107431.316763017
0.6640018147716737,2.8012,107431.317064221
0.9724504712429041,2.8014,107431.317269887
1.012781328956849,2.8016,107431.317467363
0.8680706022152066,2.8018,107431.317697759
0.8533588374659723,2.802,107431.317932127
1.0013167406074832,2.8022,107431.318131864
0.9418767920105492,2.8024,107431.318344206
0.936544430506156,2.8026,107431.318557757
0.8724671327180578,2.8028,107431.318786992
1.1841396236690918,2.803,107431.318955891
1.0452542363918929,2.8032,107431.319147232
1.0880031654925648,2.8034,107431.319331055
0.8367395345392982,2.8036,107431.319570078
0.7082103062181888,2.8038,107431.31985248
1.1711452417967232,2.8040000000000003,107431.320023253
1.1312473699918193,2.8042,107431.320200049
0.8304475010904241,2.8044000000000002,107431.320440883
0.7910766602616426,2.8045999999999998,107431.320693703
1.0107697622826306,2.8048,107431.320891572
1.0611093175741613,2.805,107431.321080054
1.1227628793334807,2.8052,107431.321258186
0.7737512650652802,2.8054,107431.321516667
0.8693648734697909,2.8056,107431.32174672
1.1224226078409367,2.8058,107431.321924906
1.0313053027759151,2.806,107431.322118835
1.0330951784664828,2.8062,107431.322312428
1.0626823723202603,2.8064,107431.322500631
0.8488243839259011,2.8066,107431.322736251
0.829376477040808,2.8068,107431.322977396
0.9965271624744984,2.807,107431.323178093
1.02282427323953,2.8072,107431.32337363
1.0461618907661723,2.8074,107431.323564805
1.0682676201140597,2.8076,107431.323752024
1.0250943690086258,2.8078,107431.323947128
1.0239397160734867,2.808,107431.324142452
0.9781146843381257,2.8082000000000003,107431.324346927
1.0046060887287929,2.8084,107431.32454601
1.0734623883243053,2.8086,107431.324732323
1.0627444119792844,2.8087999999999997,107431.324920515
0.40911759762403394,2.809,107431.325409372
1.1952786955777035,2.8092,107431.325576697
2.168868008795232,2.8094,107431.325668911
1.4377422073442663,2.8096,107431.325808018
0.9730087379029425,2.8098,107431.326013566
1.4170527416115475,2.81,107431.326154704
1.1481188465092325,2.8102,107431.326328902
1.0555036283749926,2.8104,107431.326518385
1.050685033449443,2.8106,107431.326708737
0.8890351228599416,2.8108,107431.3269337
1.037985023961179,2.811,107431.327126381
0.6785365393374969,2.8112,107431.327421133
0.8215678105080116,2.8114,107431.32766457
1.061616176731279,2.8116,107431.327852962
1.0140599589059465,2.8118,107431.328050189
0.918940238490945,2.8120000000000003,107431.328267831
0.9868891770569762,2.8122,107431.328470488
0.9928613238147522,2.8124000000000002,107431.328671926
1.0126326104346726,2.8125999999999998,107431.328869431
0.9705911157630808,2.8128,107431.329075491
0.46309909891321394,2.8129999999999997,107431.329507364
1.4315367688424445,2.8132,107431.329647074
0.9250394239942467,2.8134,107431.329863281
1.2515410214450498,2.8136,107431.330023084
1.5554154761168781,2.8138,107431.330151667
1.3576534688782922,2.814,107431.33029898
0.9694525152418709,2.8142,107431.330505282
1.0391554036226671,2.8144,107431.330697746
0.9509319361131666,2.8146,107431.330908066
1.0477073601772644,2.8148,107431.331098959
0.4866594436941106,2.815,107431.331509924
1.5139701655276907,2.8152,107431.331642027
1.5071929805328366,2.8154,107431.331774724
1.0424756974187066,2.8156,107431.331966575
1.2829312876221939,2.8158,107431.332122468
1.071512742647443,2.816,107431.33230912
1.0271580402169367,2.8162000000000003,107431.332503832
1.002566568597731,2.8164,107431.33270332
1.0697990295320958,2.8166,107431.332890271
0.9551144458871474,2.8167999999999997,107431.33309967
0.775563522077743,2.817,107431.333357547
1.0675776473450125,2.8172,107431.333544887
0.7997632898638243,2.8174,107431.333794961
0.8354637708564193,2.8176,107431.334034349
1.0807889904004924,2.8178,107431.334219399
0.8232214021943046,2.818,107431.334462347
1.0112911209669446,2.8182,107431.334660114
0.8072067091697646,2.8184,107431.334907882
0.7419526138507524,2.8186,107431.335177441
1.2658787850306563,2.8188,107431.335335434
1.059524086833724,2.819,107431.335524198
0.9538480432431862,2.8192,107431.335733875
0.9682229231339331,2.8194,107431.335940439
0.8188130734653505,2.8196,107431.336184695
1.1162582701486181,2.8198,107431.336363865
1.070686769867392,2.82,107431.336550661
0.9676701331590486,2.8202,107431.336757343
0.8295450756358452,2.8204000000000002,107431.336998439
1.0743619322752826,2.8205999999999998,107431.337184596
0.9485416611123464,2.8208,107431.337395446
0.8029645501169296,2.8209999999999997,107431.337644523
0.7364610668922759,2.8212,107431.337916092
0.7735687025137115,2.8214,107431.338174634
1.3596562990631997,2.8216,107431.33832173
0.8010189142613275,2.8218,107431.338571412
1.112130483029401,2.822,107431.338751247
1.063281213579381,2.8222,107431.338939344
1.000500279223416,2.8224,107431.339139244
0.5372459138450384,2.8226,107431.339511513
1.188975777219546,2.8228,107431.339679725
1.447775081961873,2.823,107431.339817868
0.7920572915352316,2.8232,107431.340070375
1.7468010568835004,2.8234,107431.34018487
0.8245620663883401,2.8236,107431.340427423
0.9395493647396475,2.8238,107431.340640291
1.1247075973004264,2.824,107431.340818115
0.7059753712796103,2.8242000000000003,107431.341101411
0.7909108634349392,2.8244,107431.341354284
0.8530130381049736,2.8246,107431.341588747
0.9741461836531844,2.8247999999999998,107431.341794055
1.0782891716181995,2.825,107431.341979534
0.9179954968984678,2.8252,107431.3421974
1.0171283789636125,2.8254,107431.342394032
0.8106388516962255,2.8256,107431.342640751
0.8253208334385801,2.8258,107431.342883081
1.0975382539951954,2.826,107431.343065307
0.7155506813141079,2.8262,107431.343344812
1.2254526735025126,2.8264,107431.343508017
0.8733471932418329,2.8266,107431.343737021
1.131253701640963,2.8268,107431.343913816
1.0526038931322041,2.827,107431.344103821
0.8573755914588226,2.8272,107431.344337091
0.8268904703034614,2.8274,107431.344578961
0.8333194595580503,2.8276,107431.344818965
0.7940856431815371,2.8278,107431.345070827
1.6665139276589322,2.828,107431.345190838
1.02079350418622,2.8282,107431.345386764
1.0176822412007471,2.8284000000000002,107431.345583289
0.6022971583079392,2.8286,107431.345915351
0.5590246209931046,2.8288,107431.346273117
3.0989973835478084,2.8289999999999997,107431.346337654
0.8079306751656599,2.8292,107431.3465852
1.2478629682039921,2.8294,107431.346745474
0.9295278320565294,2.8296,107431.346960637
1.200696429080181,2.8298,107431.347127207
1.047904989671339,2.83,107431.347318064
1.0364734767553734,2.8302,107431.347511026
0.8301338557062767,2.8304,107431.347751951
0.8131899748011244,2.8306,107431.347997896
0.9563566644106446,2.8308,107431.348207023
0.9240009078188784,2.831,107431.348423473
0.7002678579190579,2.8312,107431.348709078
0.9274630727467845,2.8314,107431.34892472
0.9904520778824174,2.8316,107431.349126648
0.7995426648149268,2.8318,107431.349376791
1.0530306041800275,2.832,107431.349566719
1.1193319520665086,2.8322000000000003,107431.349745397
0.8489721390083844,2.8324,107431.349980976
0.8452227728283535,2.8326000000000002,107431.3502176
0.9432716571796339,2.8327999999999998,107431.350429628
0.8630883278301825,2.833,107431.350661354
0.8516581805197253,2.8332,107431.35089619
1.0232952851220254,2.8334,107431.351091637
0.8323483750399016,2.8336,107431.351331921
0.9530208819669718,2.8338,107431.35154178
0.5712310866456796,2.834,107431.351891901
1.3519176885177686,2.8342,107431.352039839
1.01058076315741,2.8344,107431.352237745
1.2419660250665503,2.8346,107431.35239878
0.5928051329447442,2.8348,107431.352736159
1.5678403367869074,2.835,107431.352863723
1.0241757198457528,2.8352,107431.353059002
1.0767855096659147,2.8354,107431.35324474
1.3459494874549762,2.8356,107431.353393334
0.8072295134847817,2.8358,107431.353641095
0.9468262717080373,2.836,107431.353852327
1.1825503105851696,2.8362,107431.354021453
1.0249944493136611,2.8364000000000003,107431.354216576
1.0419760446160777,2.8366,107431.354408519
1.040165996986266,2.8368,107431.354600796
0.9534524062173818,2.8369999999999997,107431.35481056
1.074731500580183,2.8372,107431.354996653
1.0237562836051814,2.8374,107431.355192012
1.0203404719747953,2.8376,107431.355388025
1.0638071122207,2.8378,107431.355576029
0.8725661160645246,2.838,107431.355805238
0.6605128869332354,2.8382,107431.356108033
2.6910295747652353,2.8384,107431.356182354
1.1542479104878705,2.8386,107431.356355627
0.8274583492019119,2.8388,107431.356597331
1.0066134470341435,2.839,107431.356796017
0.9041346415141006,2.8392,107431.357017223
1.099547517006834,2.8394,107431.357199116
0.9828975909456082,2.8396,107431.357402596
0.9804546298868649,2.8398,107431.357606583
1.0279341087422922,2.84,107431.357801148
0.45533089553636114,2.8402,107431.358240389
0.5933573752197363,2.8404,107431.358577454
2.9823145808668228,2.8406000000000002,107431.358644516
1.9203073838599853,2.8407999999999998,107431.358748666
0.9351431603377213,2.841,107431.358962537
0.9212216969448418,2.8411999999999997,107431.35917964
0.8449871112803137,2.8414,107431.35941633
0.7823562826180267,2.8416,107431.359671968
1.1331059530725747,2.8418,107431.359848474
1.5422460528679427,2.842,107431.359978155
0.6861745972774221,2.8422,107431.360269626
1.1659836069803184,2.8424,107431.360441155
1.1128422313238395,2.8426,107431.360620875
1.1007699399095883,2.8428,107431.360802566
1.1408752936940747,2.843,107431.36097787
0.950353560437006,2.8432,107431.361188318
0.9907169566418539,2.8434,107431.361390192
0.6764892905130901,2.8436,107431.361685836
2.266777039933198,2.8438,107431.361774067
0.9158054503098787,2.844,107431.361992454
0.7333501774934635,2.8442,107431.362265175
0.8975371838321528,2.8444000000000003,107431.362488007
1.0667918418341733,2.8446,107431.362675485
1.4316392120079657,2.8448,107431.362815185
0.819094740087291,2.8449999999999998,107431.363059357
1.5767150258884266,2.8452,107431.363186203
1.055715401049201,2.8454,107431.363375648
0.5542868427698988,2.8456,107431.363736472
4.524886686742543,2.8458,107431.363780672
0.8619352441883201,2.846,107431.364012708
0.6844439528910575,2.8462,107431.364304916
1.1656098170467566,2.8464,107431.3644765
1.3485449406414436,2.8466,107431.364624808
0.6491714945794186,2.8468,107431.364932893
0.6492895364048977,2.847,107431.365240922
1.0175941583252397,2.8472,107431.365437464
0.89682881729202,2.8474,107431.365660472
1.149861486583647,2.8476,107431.365834406
0.7928359108021938,2.8478,107431.366086665
0.4684652661479522,2.848,107431.366513591
1.45589011793271,2.8482,107431.366650964
0.9543669248790357,2.8484,107431.366860527
0.7210351459165069,2.8486000000000002,107431.367137906
1.8815207012890607,2.8487999999999998,107431.367244203
0.7969873455972553,2.849,107431.367495148
1.059715005673186,2.8491999999999997,107431.367683878
0.7309326826948883,2.8494,107431.367957501
1.1122295725351725,2.8496,107431.36813732
0.6304395132257293,2.8498,107431.368454559
1.1773085537461625,2.85,107431.368624438
0.9122214678194891,2.8502,107431.368843683
0.6554862430636511,2.8504,107431.3691488
1.2088537023624093,2.8506,107431.369314246
0.9652369720599192,2.8508,107431.369521449
0.8322687378430091,2.851,107431.369761756
0.8893710962933693,2.8512,107431.369986634
0.8075457301633604,2.8514,107431.370234298
0.741141493163343,2.8516,107431.370504152
1.4886933450544801,2.8518,107431.370638498
1.0680623191752985,2.852,107431.370825753
1.0561446390644693,2.8522,107431.371015121
0.8347036355755417,2.8524000000000003,107431.371254727
1.0877782424940805,2.8526,107431.371438588
0.8076696377564104,2.8528000000000002,107431.371686214
0.7765120572815322,2.8529999999999998,107431.371943776
1.2412800045400454,2.8532,107431.3721049
0.818880105435101,2.8534,107431.372349136
0.7846891360548213,2.8536,107431.372604014
1.1460858042548665,2.8538,107431.372778521
0.8042141132926819,2.854,107431.373027211
0.9623388476057533,2.8542,107431.373235038
0.8361169340822562,2.8544,107431.373474239
0.7592380287457797,2.8546,107431.373737661
0.9760001377089931,2.8548,107431.373942579
0.7543611615646816,2.855,107431.374207704
0.9912226899408512,2.8552,107431.374409475
1.2126209308046871,2.8554,107431.374574407
0.8434939417107423,2.8556,107431.374811516
1.2089705654415706,2.8558,107431.374976946
0.8465644121419404,2.856,107431.375213195
1.0500617020769885,2.8562,107431.37540366
1.0429051554765714,2.8564,107431.375595432
1.045538424988209,2.8566000000000003,107431.375786721
1.0686214574950688,2.8568,107431.375973878
1.0612050132766686,2.857,107431.376162343
0.993398902725888,2.8571999999999997,107431.376363672
0.8170168200831328,2.8574,107431.376608465
1.4018561013128716,2.8576,107431.376751133
1.0413846207444037,2.8578,107431.376943185
1.0156923855819422,2.858,107431.377140095
1.0787777777933572,2.8582,107431.37732549
0.7300415637753043,2.8584,107431.377599447
1.2681906182521079,2.8586,107431.377757152
0.9918322846175114,2.8588,107431.377958799
0.9635721756879779,2.859,107431.37816636
1.0145537116087329,2.8592,107431.378363491
0.9811953974559464,2.8594,107431.378567324
0.9231266442948127,2.8596,107431.378783979
1.0437487258482032,2.8598,107431.378975596
1.0418077311301848,2.86,107431.37916757
1.0690156889357267,2.8602,107431.379354658
1.0191290093550887,2.8604000000000003,107431.379550904
1.0239606948657314,2.8606,107431.379746224
1.0237196050001012,2.8608000000000002,107431.37994159
0.6979462808416232,2.8609999999999998,107431.380228145
0.7165787601721306,2.8612,107431.380507249
0.96967350858461,2.8614,107431.380713504
0.9491403148069424,2.8616,107431.380924221
1.1184493918302514,2.8618,107431.38110304
1.016471891734749,2.862,107431.381299799
1.0573562712458362,2.8622,107431.38148895
1.0650988794366532,2.8624,107431.381676726
1.0173509359084376,2.8626,107431.381873315
1.0329831340918736,2.8628,107431.382066929
1.0244852151583288,2.863,107431.382262149
1.0811395211735115,2.8632,107431.382447139
0.9132378466611538,2.8634,107431.38266614
1.1886436401414937,2.8636,107431.382834399
0.947436280716153,2.8638,107431.383045495
1.125593705013458,2.864,107431.383223179
1.010483801271267,2.8642,107431.383421104
1.0107696879451695,2.8644,107431.383618973
1.051779114849583,2.8646000000000003,107431.383809127
1.0512870713398994,2.8648,107431.38399937
1.016466704599244,2.865,107431.38419613
0.8650220138681486,2.8651999999999997,107431.384427338
1.0279710899799432,2.8654,107431.384621896
0.6978853945651095,2.8656,107431.384908476
1.3865874834706886,2.8658,107431.385052715
1.044293720117919,2.866,107431.385244232
1.0315180818900165,2.8662,107431.385438121
1.0180966386701653,2.8664,107431.385634566
1.073243520387252,2.8666,107431.385820917
1.0434927623233141,2.8668,107431.386012581
1.0216122245335895,2.867,107431.38620835
1.0807013719758167,2.8672,107431.386393415
0.8021079156875963,2.8674,107431.386642758
1.0601475028760874,2.8676,107431.386831411
0.5739490281106658,2.8678,107431.387179874
1.3932815972090449,2.868,107431.38732342
0.8761285625949977,2.8682,107431.387551697
0.9538480432431862,2.8684,107431.387761374
0.8634497774670238,2.8686,107431.387993003
0.972029836905745,2.8688000000000002,107431.388198758
0.8616715343266854,2.8689999999999998,107431.388430865
0.6365048277169677,2.8692,107431.388745081
1.0989916728331868,2.8693999999999997,107431.388927066
0.8606778056675041,2.8696,107431.389159441
1.6094375950807893,2.8698,107431.389283708
1.1597699333767255,2.87,107431.389456156
0.9039711660467374,2.8702,107431.389677402
0.9833663114051245,2.8704,107431.389880785
0.9901872693828067,2.8706,107431.390082767
1.120611395621762,2.8708,107431.390261241
0.6090189618504359,2.871,107431.390589638
1.0394470549707477,2.8712,107431.390782048
0.5990499053341601,2.8714,107431.39111591
1.7965415980451334,2.8716,107431.391227235
1.4284591416103407,2.8718,107431.391367246
1.026414799842996,2.872,107431.391562099
1.116520069259743,2.8722,107431.391741227
0.7597629563096204,2.8724,107431.392004467
1.193118037482023,2.8726000000000003,107431.392172095
1.0467258303170155,2.8728,107431.392363167
0.9429336483075642,2.873,107431.392575271
1.0880445952190723,2.8731999999999998,107431.392759087
0.8007655425370026,2.8734,107431.393008848
1.0430628202874597,2.8736,107431.393200591
0.8426268028236114,2.8738,107431.393437944
1.0280503664139198,2.874,107431.393632487
0.9900401909528976,2.8742,107431.393834499
0.9593706739566423,2.8744,107431.394042969
0.8734387162284094,2.8746,107431.394271949
1.2574741181235465,2.8748,107431.394430998
1.0401173491365034,2.875,107431.394623284
0.759794709424599,2.8752,107431.394886513
1.0478994767628569,2.8754,107431.395077371
1.0631567694143997,2.8756,107431.39526549
0.8757219375112133,2.8758,107431.395493873
0.9116642939953001,2.876,107431.395713252
1.0931530624942076,2.8762,107431.395896209
1.0129659260253954,2.8764,107431.396093649
0.8346758056103034,2.8766,107431.396333263
0.9500149233957543,2.8768000000000002,107431.396543786
1.088429499829256,2.877,107431.396727537
0.9680354532463281,2.8772,107431.396934141
0.9749534472618786,2.8773999999999997,107431.397139279
0.9464230114225811,2.8776,107431.397350601
0.9830569690428029,2.8778,107431.397554048
0.9762193421321468,2.878,107431.39775892
1.060675953558222,2.8782,107431.397947479
0.8494047414251423,2.8784,107431.398182938
1.0565687029881186,2.8786,107431.39837223
1.1691257721633905,2.8788,107431.398543298
0.9064457228315648,2.879,107431.39876394
1.2063453817701855,2.8792,107431.39892973
0.5275527640151649,2.8794,107431.399308839
0.9771111774719051,2.8796,107431.399513524
0.8903411467581843,2.8798,107431.399738157
1.4858398564223319,2.88,107431.399872761
1.3573032583820324,2.8802,107431.400020112
1.3125426560223414,2.8804,107431.400172488
0.8640988794184971,2.8806000000000003,107431.400403943
0.9703932726019523,2.8808,107431.400610045
0.8812009343999769,2.8810000000000002,107431.400837008
0.6687062108638812,2.8811999999999998,107431.401136093
0.5743363530195055,2.8814,107431.401484321
1.0782252192396324,2.8816,107431.401669811
0.6872427369029601,2.8818,107431.401960829
1.2078024197358463,2.882,107431.402126419
3.206104182196582,2.8822,107431.4021888
1.1300136802417187,2.8824,107431.402365789
0.7139797535119113,2.8826,107431.402645909
1.2775551946528263,2.8828,107431.402802458
0.9614691216774522,2.883,107431.403010473
1.3203847424460127,2.8832,107431.403161944
1.1631153336309257,2.8834,107431.403333896
0.8236350139593825,2.8836,107431.403576722
0.8220810932708158,2.8838,107431.403820007
0.8441668295679353,2.884,107431.404056927
0.9972674596201914,2.8842,107431.404257475
1.0372045906311191,2.8844,107431.404450301
0.8178219509509268,2.8846,107431.404694853
0.9634422170519918,2.8848000000000003,107431.404902442
1.098901078334315,2.885,107431.405084442
0.6168004153574332,2.8852,107431.405408696
0.9851537226513086,2.8853999999999997,107431.40561171
1.46842873907327,2.8856,107431.40574791
0.8981013967856094,2.8858,107431.405970602
1.0146207451213627,2.886,107431.40616772
1.2005594512673439,2.8862,107431.406334309
1.0241022288325934,2.8864,107431.406529602
0.702037668980103,2.8866,107431.406814487
1.4211105330485665,2.8868,107431.406955222
0.9497623017370601,2.887,107431.407165801
0.836333728615092,2.8872,107431.40740494
0.9061294644439044,2.8874,107431.407625659
0.9891539385560075,2.8876,107431.407827852
1.3720338897345634,2.8878,107431.407973621
1.0726218559448268,2.888,107431.40816008
0.8339762058416574,2.8882,107431.408399895
0.7979604099238423,2.8884,107431.408650534
1.0257725331489222,2.8886,107431.408845509
0.9759429610961552,2.8888,107431.409050439
1.3906755975785834,2.8890000000000002,107431.409194254
1.090351973371851,2.8891999999999998,107431.409377681
1.0813733630652167,2.8894,107431.409562631
0.8053604781552492,2.8895999999999997,107431.409810967
1.0404257653311055,2.8898,107431.410003196
0.9503896390143509,2.89,107431.410213636
1.0663766603254496,2.8902,107431.410401187
0.6853563332637609,2.8904,107431.410693006
1.312818353920956,2.8906,107431.41084535
0.8633863690456095,2.8908,107431.411076996
0.7947830369894106,2.891,107431.411328637
0.548862485306854,2.8912,107431.411693027
0.9974863317929044,2.8914,107431.411893531
1.4224345371058584,2.8916,107431.412034135
1.0378450345411177,2.8918,107431.412226842
0.9889582764362697,2.892,107431.412429075
1.0925081262825074,2.8922,107431.41261214
0.9424937520704461,2.8924,107431.412824343
0.8433587476369936,2.8926,107431.41306149
1.0312893614255525,2.8928000000000003,107431.413255422
0.579725268160535,2.893,107431.413600413
1.603977781660947,2.8932,107431.413725103
0.9729519801053003,2.8933999999999997,107431.413930663
1.4359459530264278,2.8936,107431.414069944
1.3438602549910637,2.8938,107431.414218769
0.7024963317082948,2.894,107431.414503468
0.6290336839117592,2.8942,107431.414821416
1.1701174508543937,2.8944,107431.414992339
1.0112757923424183,2.8946,107431.415190109
0.6684693043940512,2.8948,107431.4154893
0.6695389906982616,2.895,107431.415788013
0.6997802450898406,2.8952,107431.416073817
1.936708349595779,2.8954,107431.416177085
3.6575782749262866,2.8956,107431.416231766
0.8634385487788374,2.8958,107431.416463398
1.894657057733784,2.896,107431.416568958
1.071122511053126,2.8962,107431.416755678
1.055241948705091,2.8964,107431.416945208
0.9622879092405539,2.8966,107431.417153046
1.0015875361450206,2.8968,107431.417352729
0.574217622416325,2.8970000000000002,107431.417701029
1.220621172234029,2.8971999999999998,107431.41786488
1.1432621673192398,2.8974,107431.418039818
0.6977052433409212,2.8975999999999997,107431.418326472
1.366194960728952,2.8978,107431.418472864
1.0946247848862327,2.898,107431.418655575
0.9933396694777646,2.8982,107431.418856916
0.9649249732262514,2.8984,107431.419064186
1.0912086646945645,2.8986,107431.419247469
0.7501678719276457,2.8988,107431.419514076
1.029961538557117,2.899,107431.419708258
1.1002190245999357,2.8992,107431.41989004
1.0169628796250176,2.8994,107431.420086704
0.9861592490838448,2.8996,107431.420289511
0.8273762580093832,2.8998,107431.420531239
0.9874153407175345,2.9,107431.420733788
1.0846340068020965,2.9002,107431.420918182
1.060456622271679,2.9004,107431.42110678
1.0204185757983208,2.9006,107431.421302778
0.7626427474408077,2.9008000000000003,107431.421565024
0.9903686454255067,2.901,107431.421766969
0.910871218585109,2.9012000000000002,107431.421986539
0.9227475896303952,2.9013999999999998,107431.422203283
1.0303276793243359,2.9016,107431.422397396
1.0107084394428505,2.9018,107431.422595277
0.9833276857287178,2.902,107431.422798668
1.0414442774344483,2.9022,107431.422990709
0.9326748922739054,2.9024,107431.423205146
1.1509333984505397,2.9026,107431.423378918
1.030694080498127,2.9028,107431.423572962
0.5437486527716867,2.903,107431.423940779
1.3499557407981249,2.9032,107431.424088932
1.489569288280725,2.9034,107431.424223199
0.791514977029736,2.9036,107431.424475879
1.3528229662738083,2.9038,107431.424623718
0.7999456230260424,2.904,107431.424873735
0.9042981166189261,2.9042,107431.425094901
1.08714556440983,2.9044,107431.425278869
0.8148830261133629,2.9046,107431.425524303
0.9767103788063666,2.9048,107431.425729072
0.4661439628361659,2.9050000000000002,107431.426158124
1.020054294493043,2.9052,107431.426354192
4.242951364129439,2.9054,107431.426401329
1.1072970778194693,2.9055999999999997,107431.426581949
0.8549456123320253,2.9058,107431.426815882
1.0966175225397936,2.906,107431.426998261
1.0627670110090854,2.9062,107431.427186449
0.8085316354352563,2.9064,107431.427433811
1.011649094591345,2.9066,107431.427631508
0.984756037243786,2.9068,107431.427834604
0.6504466766057332,2.907,107431.428142085
1.5344130068838648,2.9072,107431.428272428
1.0223120217042487,2.9074,107431.428468063
1.2313526550615292,2.9076,107431.428630486
1.0279394135793212,2.9078,107431.42882505
1.0237614691504955,2.908,107431.429020408
0.8861673946588849,2.9082,107431.429246099
1.0540795349251626,2.9084,107431.429435838
0.7486514936047923,2.9086,107431.429702985
1.1391532495397023,2.9088000000000003,107431.429878554
0.984891739348822,2.909,107431.430081622
0.9735013070706741,2.9092000000000002,107431.430287066
0.8313450530550844,2.9093999999999998,107431.43052764
0.8005571875734804,2.9096,107431.430777466
1.0961186582364275,2.9098,107431.430959928
0.9758715170727328,2.91,107431.431164873
0.7699207501719498,2.9102,107431.43142464
0.8987916148590066,2.9104,107431.431647161
0.8151486994737546,2.9106,107431.431892515
0.5875699597781909,2.9108,107431.4322329
1.3744854738059202,2.911,107431.432378409
1.2203307142015458,2.9112,107431.432542299
1.0073586960292136,2.9114,107431.432740838
0.9987765437169353,2.9116,107431.432941083
1.0364788700965866,2.9118,107431.433134044
0.9150470085144152,2.912,107431.433352612
0.9889729359564979,2.9122,107431.433554842
0.9639855204119026,2.9124,107431.433762314
0.8596235095059038,2.9126,107431.433994974
1.0147441998369107,2.9128,107431.434192068
0.8080906189765513,2.9130000000000003,107431.434439565
0.9707701144031321,2.9132,107431.434645587
1.111555734319739,2.9134,107431.434825515
0.8499498336028697,2.9135999999999997,107431.435060823
0.9726017987771055,2.9138,107431.435266457
1.0433131873467014,2.914,107431.435458154
0.9361016753649378,2.9142,107431.435671806
0.7972383778998134,2.9144,107431.435922672
1.0398144651821017,2.9146,107431.436115014
0.8340840094305183,2.9148,107431.436354798
1.0351806181137717,2.915,107431.436548001
0.9626028567053102,2.9152,107431.436755771
1.0211792545972538,2.9154,107431.436951623
0.7444187584122011,2.9156,107431.437220289
1.028600178344829,2.9158,107431.437414728
1.1176306559704723,2.916,107431.437593678
0.9334148592843624,2.9162,107431.437807945
0.4579278681882207,2.9164,107431.438244695
1.10734614605305,2.9166,107431.438425307
2.2284867022180594,2.9168,107431.438515054
1.176512185536844,2.917,107431.438685048
1.2225461271152551,2.9172000000000002,107431.438848641
0.8791363409335092,2.9173999999999998,107431.439076137
1.085546463324379,2.9176,107431.439260376
1.0542740766166356,2.9177999999999997,107431.43945008
1.0613964564679728,2.918,107431.439638511
0.9977451359698344,2.9182,107431.439838963
0.9185435565121443,2.9184,107431.440056699
1.0302374711854003,2.9186,107431.440250829
1.115809860719864,2.9188,107431.440430071
0.7989166730190919,2.919,107431.44068041
1.0313850169322445,2.9192,107431.440874324
1.0384809340655914,2.9194,107431.441066913
0.8303027122360261,2.9196,107431.441307789
1.0172319657512388,2.9198,107431.441504401
0.8546643173499289,2.92,107431.441738411
0.7240578942640095,2.9202,107431.442014632
1.4245421065782533,2.9204,107431.442155028
1.050662945326237,2.9206,107431.442345384
1.0223432761783118,2.9208,107431.442541013
0.6513300283783301,2.9210000000000003,107431.442848077
0.6823120739261753,2.9212,107431.443141198
0.6571511319126669,2.9214,107431.443445542
0.8841498431283374,2.9215999999999998,107431.443671748
1.0441846281411726,2.9218,107431.443863285
0.7536391356640002,2.922,107431.444128664
1.230920792652974,2.9222,107431.444291144
0.9528528604971945,2.9224,107431.44450104
0.9599185786167349,2.9226,107431.444709391
1.0174854508761915,2.9228,107431.444905954
0.953993702316332,2.923,107431.445115599
0.9690251096876165,2.9232,107431.445321992
0.9857266743010253,2.9234,107431.445524888
0.7400308618048332,2.9236,107431.445795147
1.5101406040386995,2.9238,107431.445927585
0.5461123488965473,2.924,107431.44629381
0.8847052041968771,2.9242,107431.446519874
0.7632597452111659,2.9244,107431.446781908
1.1995369866481969,2.9246,107431.446948639
1.385876510766992,2.9248,107431.447092952
1.5767399880663469,2.925,107431.447219796
1.084404656381708,2.9252000000000002,107431.447404229
0.9728099080118534,2.9254,107431.447609819
1.0200803384125223,2.9256,107431.447805882
0.9814698556468487,2.9257999999999997,107431.448009658
0.7661778165543724,2.926,107431.448270694
1.0983278061333162,2.9262,107431.448452789
0.9505161656891817,2.9264,107431.448663201
0.9580195713233008,2.9266,107431.448871965
0.633625209181056,2.9268,107431.449187609
1.2753231941891519,2.927,107431.449344432
1.0356201604468818,2.9272,107431.449537553
1.094786616322759,2.9274,107431.449720237
0.9800942754042018,2.9276,107431.449924299
0.9647295007598066,2.9278,107431.450131611
0.49583498855351615,2.928,107431.450534971
1.496076508088877,2.9282,107431.450668654
1.8657237903040929,2.9284,107431.450775851
0.7116855392256978,2.9286,107431.451056874
1.4714212306372367,2.9288,107431.451192797
0.7663040938607559,2.9290000000000003,107431.45145379
1.9423131632384996,2.9292,107431.45155676
1.0201531775837895,2.9294000000000002,107431.451752809
1.0144044721501242,2.9295999999999998,107431.451949969
0.9677450830781403,2.9298,107431.452156635
0.8526057899097633,2.93,107431.45239121
1.1026878097430628,2.9302,107431.452572585
0.9995102295093742,2.9304,107431.452772683
1.0614021123019315,2.9306,107431.452961113
0.8958406154961066,2.9308,107431.453184367
0.6000816101135866,2.931,107431.453517655
0.8955277449039096,2.9312,107431.453740987
0.8236451818846112,2.9314,107431.45398381
0.7313898005893142,2.9316,107431.454257262
1.1051250441300349,2.9318,107431.454438237
1.238658455913462,2.932,107431.454599702
0.970986906992359,2.9322,107431.454805678
0.9905747184147747,2.9324,107431.455007581
0.964864412996458,2.9326,107431.455214864
0.8620801371309026,2.9328,107431.455446861
1.0842106400653186,2.933,107431.455631327
0.9480020860639186,2.9332000000000003,107431.455842297
0.9264792500616446,2.9334,107431.456058168
1.0300146444877838,2.9336,107431.45625234
0.4927771191331807,2.9337999999999997,107431.456658203
1.4365958593476864,2.934,107431.456797421
1.2600329740963785,2.9342,107431.456956147
0.8984120751057353,2.9344,107431.457178762
0.8438106165616215,2.9346,107431.457415782
2.2136136256813486,2.9348,107431.457506132
0.905206753273067,2.935,107431.457727076
0.9586624817772168,2.9352,107431.4579357
0.8130841852146098,2.9354,107431.458181677
1.1477629389834993,2.9356,107431.458355929
1.0718515969609599,2.9358,107431.458542522
0.9983427665141843,2.936,107431.458742854
0.8911821797479957,2.9362,107431.458967275
1.0669170556652132,2.9364,107431.459154731
0.9873715018734975,2.9366,107431.459357289
0.9911932377950461,2.9368,107431.459559066
0.9791729905804468,2.9370000000000003,107431.45976332
1.0341315168251537,2.9372,107431.459956719
0.9026126083955436,2.9374000000000002,107431.460178298
0.9705581477202987,2.9375999999999998,107431.460384365
0.9208951074280166,2.9378,107431.460601545
1.0758008900917442,2.9379999999999997,107431.460787453
0.9079848605867952,2.9382,107431.461007721
0.9722755295329516,2.9384,107431.461213424
0.7255946129046003,2.9386,107431.46148906
1.3249070391137328,2.9388,107431.461640014
1.013761814257896,2.939,107431.461837299
0.8454443157553406,2.9392,107431.462073861
1.0104225131259608,2.9394,107431.462271798
0.9710717712005281,2.9396,107431.462477756
0.9645526549260275,2.9398,107431.462685106
0.968935957752159,2.94,107431.462891518
0.976019198068746,2.9402,107431.463096432
0.9770633865597941,2.9404,107431.463301127
1.0195082843243983,2.9406,107431.4634973
0.9848918099286569,2.9408,107431.463700368
0.6447515467398932,2.941,107431.464010565
0.839281772756196,2.9412000000000003,107431.464248864
1.0074754416584861,2.9414,107431.46444738
0.47396397002296464,2.9416,107431.464869353
1.2779308062860066,2.9417999999999997,107431.465025856
1.1443873590220446,2.942,107431.465200622
1.0981529051493957,2.9422,107431.465382746
0.5052252966584844,2.9424,107431.465778609
0.5062893726310231,2.9426,107431.46617364
0.6004257160482201,2.9428,107431.466506737
0.6164468015321083,2.943,107431.466831177
0.5670010838119498,2.9432,107431.46718391
0.5429176359627559,2.9434,107431.46755229
0.589866120195085,2.9436,107431.46789135
0.581774174456562,2.9438,107431.468235126
0.64195977777478,2.944,107431.468546672
0.5682899777593858,2.9442,107431.468898605
0.6042789088126989,2.9444,107431.469229578
0.6081892503943364,2.9446,107431.469558423
1.2395952080404096,2.9448,107431.469719766
0.9765386193766438,2.945,107431.469924571
0.8699926677491747,2.9452,107431.470154458
0.5667054993418557,2.9454000000000002,107431.470507375
1.314811985158121,2.9455999999999998,107431.470659488
0.8445018600644727,2.9458,107431.470896314
0.9720487425026505,2.9459999999999997,107431.471102065
1.0316936191342343,2.9462,107431.471295921
0.7877178891153963,2.9464,107431.471549819
0.818367448543712,2.9466,107431.471794208
0.9349595667859674,2.9468,107431.472008121
1.0037540532026188,2.947,107431.472207373
0.825249323817504,2.9472,107431.472449724
0.6060881429796139,2.9474,107431.472779709
1.2715690616674507,2.9476,107431.472936995
1.013571694644341,2.9478,107431.473134317
1.0069175076109877,2.948,107431.473332943
0.8390528951787294,2.9482,107431.473571307
0.9680167034299695,2.9484,107431.473777915
0.8369916684590397,2.9486,107431.474016866
1.0568031681575096,2.9488,107431.474206116
1.0490373228704462,2.949,107431.474396767
0.8838841335884897,2.9492000000000003,107431.474623041
0.8382053892777058,2.9494,107431.474861646
1.059232245546224,2.9496,107431.475050462
1.0701023890519819,2.9497999999999998,107431.47523736
0.8724633112056022,2.95,107431.475466596
1.1499936824500947,2.9502,107431.47564051
0.7759246183944135,2.9504,107431.475898267
0.8102874359270817,2.9506,107431.476145093
0.8559445312829423,2.9508,107431.476378753
0.6161922858808975,2.951,107431.476703327
0.7058209227270925,2.9512,107431.476986685
0.7985147505109561,2.9514,107431.47723715
0.9147708088447567,2.9516,107431.477455784
1.0988588177294423,2.9518,107431.477637791
1.0353199676202787,2.952,107431.477830968
0.8310272120674055,2.9522,107431.478071634
1.1270018167301419,2.9524,107431.478249096
0.8397927526261435,2.9526,107431.47848725
0.8149926189473995,2.9528,107431.478732651
0.64288422902787,2.953,107431.479043749
1.2797542662399377,2.9532,107431.479200029
0.8488099677153933,2.9534000000000002,107431.479435653
0.8324869700119464,2.9536,107431.479675897
0.75810126770175,2.9538,107431.479939714
1.1378506403329702,2.9539999999999997,107431.480115484
0.973108148881937,2.9542,107431.480321011
1.0373605364183938,2.9544,107431.480513808
1.0803919742237207,2.9546,107431.480698926
0.7895993704757611,2.9548,107431.480952219
0.46547351189327024,2.955,107431.481381889
1.1771976305118592,2.9552,107431.481551784
3.7285615160902563,2.9554,107431.481605424
1.0886841845395914,2.9556,107431.481789132
1.49209185806026,2.9558,107431.481923172
0.594537392927559,2.956,107431.482259568
2.4344820773882976,2.9562,107431.482341721
1.0950443723579573,2.9564,107431.482524362
0.7763252079074209,2.9566,107431.482781986
0.9321532128093698,2.9568,107431.482996543
0.9707276725248488,2.957,107431.483202574
0.8794804055744153,2.9572000000000003,107431.483429981
0.8132197105254217,2.9574,107431.483675917
0.8362008198790617,2.9576000000000002,107431.483915094
1.0712946689330496,2.9577999999999998,107431.484101784
0.9713499992952997,2.958,107431.484307683
1.000125041847335,2.9582,107431.484507658
0.8130279581170573,2.9584,107431.484753652
0.8613041768117582,2.9586,107431.484985858
0.4367126833875501,2.9588,107431.485443825
1.5255181986581339,2.959,107431.485574928
1.058245798491841,2.9592,107431.48576392
1.0026721845571758,2.9594,107431.485963387
1.3065916689505088,2.9596,107431.486116457
1.6239565842580983,2.9598,107431.486239613
0.7760661361549338,2.96,107431.486497323
1.0669511798733533,2.9602,107431.486684773
0.9894622153581548,2.9604,107431.486886903
1.101042693704036,2.9606,107431.487068549
0.745634303258382,2.9608,107431.487336777
0.8541022823359308,2.961,107431.487570941
0.8028710656125722,2.9612,107431.487820047
0.6006781608089831,2.9614000000000003,107431.488153004
1.1147650923032337,2.9616,107431.488332414
0.8637182137606368,2.9618,107431.488563971
0.8396904966197355,2.9619999999999997,107431.488802154
1.0492904064037896,2.9622,107431.488992759
0.7844675244694764,2.9624,107431.489247709
0.8870045071581426,2.9626,107431.489473187
0.8399585290052213,2.9628,107431.489711294
0.772600498821218,2.963,107431.48997016
1.233752928071359,2.9632,107431.490132267
0.8745884091080375,2.9634,107431.490360946
0.8507959340260725,2.9636,107431.49059602
0.8411206958147125,2.9638,107431.490833798
1.0102540647488174,2.964,107431.491031768
0.889228794358484,2.9642,107431.491256682
0.8182502722529712,2.9644,107431.491501106
1.1280569741396458,2.9646,107431.491678402
0.838244037800464,2.9648,107431.491916996
0.999840052541361,2.965,107431.492117028
1.0033562278423316,2.9652,107431.492316359
0.847791693527291,2.9654,107431.492552266
0.8497837682786364,2.9656000000000002,107431.49278762
0.8276295577506327,2.9657999999999998,107431.493029274
1.0144148793025316,2.966,107431.493226432
0.5225479343541866,2.9661999999999997,107431.493609172
0.8921840439113821,2.9664,107431.493833341
5.641270636600931,2.9666,107431.493868794
0.990206887898021,2.9668,107431.494070772
1.1647680859248846,2.967,107431.49424248
0.9941642567450542,2.9672,107431.494443654
0.8351776888212941,2.9674,107431.494683124
0.8405374115200422,2.9676,107431.494921067
1.0757546618241542,2.9678,107431.495106983
1.070279886644667,2.968,107431.49529385
1.0810810977617726,2.9682,107431.49547885
1.0984002224947498,2.9684,107431.495660933
0.8013430380227157,2.9686,107431.495910514
1.4065687328768588,2.9688,107431.496052704
0.9774931864919204,2.969,107431.496257309
1.0897875839389022,2.9692,107431.496440831
1.0553978549419707,2.9694000000000003,107431.496630333
0.8413648669929369,2.9696,107431.496868042
0.8375209402992444,2.9698,107431.497106842
0.9969394037110865,2.9699999999999998,107431.497307456
1.15626315074088,2.9702,107431.497480427
1.073946628978111,2.9704,107431.497666656
1.0740272803129773,2.9706,107431.497852871
0.9295581343955216,2.9708,107431.498068027
0.7252025993307173,2.971,107431.498343812
0.6435731236122374,2.9712,107431.498654577
0.8992522518738427,2.9714,107431.498876984
1.1303266842685427,2.9716,107431.499053924
0.7891351696635439,2.9718,107431.499307366
0.5488218069839419,2.972,107431.499671783
1.455678247241428,2.9722,107431.499809176
0.9819614190821253,2.9724,107431.50001285
1.6095800897734773,2.9726,107431.500137106
0.9930141921910722,2.9728,107431.500338513
0.878943161745734,2.973,107431.500566059
0.9437790927029325,2.9732,107431.500777973
1.0979599907169977,2.9734,107431.500960129
1.0429866729988777,2.9736000000000002,107431.501151886
1.1012366930283326,2.9737999999999998,107431.5013335
1.008003534730145,2.974,107431.501531912
0.8593834044177526,2.9741999999999997,107431.501764637
1.068147817055678,2.9744,107431.501951877
1.0679539308641026,2.9746,107431.502139151
0.9992505089497354,2.9748,107431.502339301
1.0406639937510078,2.975,107431.502531486
1.07339900719196,2.9752,107431.50271781
0.8372194227368626,2.9754,107431.502956696
0.9486496236432072,2.9756,107431.503167522
1.138219655473797,2.9758,107431.503343235
0.5491789782563381,2.976,107431.503707415
0.9973868720129317,2.9762,107431.503907939
1.0559215799545534,2.9764,107431.504097347
1.0213722391526296,2.9766,107431.504293162
1.171248140164844,2.9768,107431.50446392
1.0804036944678166,2.977,107431.504649036
1.1275673064685057,2.9772,107431.504826409
0.8728021714567006,2.9774000000000003,107431.505055556
0.8380017254752739,2.9776,107431.505294219
0.9359264368224077,2.9778000000000002,107431.505507911
1.102602708310022,2.9779999999999998,107431.5056893
1.066444841804227,2.9782,107431.505876839
0.8408873158486799,2.9784,107431.506114683
0.8377981095511349,2.9786,107431.506353404
0.8154644267962611,2.9788,107431.506598663
1.0922874135883915,2.979,107431.506781765
1.114603538017198,2.9792,107431.506961201
0.8210147044350535,2.9794,107431.507204802
0.8572285328044277,2.9796,107431.507438112
0.857522647074676,2.9798,107431.507671342
1.3390556066169266,2.98,107431.507820701
1.0869859839270124,2.9802,107431.508004696
0.8258729597254364,2.9804,107431.508246864
1.004838332476111,2.9806,107431.508445901
1.204826473703479,2.9808,107431.5086119
0.7185869947415535,2.981,107431.508890224
0.6340591228279994,2.9812,107431.509205652
0.9657589569273064,2.9814,107431.509412743
1.01558933723786,2.9816000000000003,107431.509609673
1.016425434906638,2.9818,107431.509806441
1.083224096940862,2.982,107431.509991075
0.985061507838478,2.9821999999999997,107431.510194108
0.809670746346616,2.9824,107431.510441122
1.0820695325665324,2.9826,107431.510625953
0.8692326394027905,2.9828,107431.510856041
0.9393949200246147,2.983,107431.511068944
1.1372489129648344,2.9832,107431.511244807
0.8211393949821385,2.9834,107431.511488371
0.8074772674793214,2.9836,107431.511736056
1.1632911595206878,2.9838,107431.511907982
1.0217792407134016,2.984,107431.512103719
1.0406476829700304,2.9842,107431.512295907
0.7956968674754279,2.9844,107431.512547259
0.9070006642324816,2.9846,107431.512767766
0.8157771545755443,2.9848,107431.513012931
1.1068068128406743,2.985,107431.513193631
1.0054849495226095,2.9852,107431.51339254
0.8188365382867088,2.9854000000000003,107431.513636789
0.8455193682357147,2.9856,107431.51387333
1.0785450570045698,2.9858000000000002,107431.514058765
1.017242205123743,2.9859999999999998,107431.514255375
1.0776849722828827,2.9862,107431.514440958
0.8311930140065004,2.9864,107431.514681576
0.866791440041307,2.9866,107431.514912312
0.8482304224131096,2.9868,107431.515148097
1.0322047748845546,2.987,107431.515341857
1.0943073645836865,2.9872,107431.515524621
1.038977239708743,2.9874,107431.515717118
0.556125587385762,2.9876,107431.516076749
1.2810248563215374,2.9878,107431.516232874
1.7270411474957004,2.988,107431.516348679
1.6813363088708888,2.9882,107431.516467632
0.8535991924531473,2.9884,107431.516701934
1.0911551253637928,2.9886,107431.516885226
0.8219526755946546,2.9888,107431.517128549
1.0307047472773174,2.989,107431.517322591
1.0774816956227824,2.9892,107431.517508209
0.8611298685832436,2.9894,107431.517740462
0.42705112789955535,2.9896000000000003,107431.51820879
3.3393440722104564,2.9898,107431.518268682
1.3648802773426265,2.99,107431.518415215
0.8085937596235521,2.9901999999999997,107431.518662558
1.9105115560458064,2.9904,107431.518767242
0.8324003490486729,2.9906,107431.519007511
0.8690853323975389,2.9908,107431.519237638
0.6851943083170772,2.991,107431.519529526
0.6690820798309254,2.9912,107431.519828443
0.7993381069023108,2.9914,107431.52007865
1.2117540818057042,2.9916,107431.5202437
1.0332393267232642,2.9918,107431.520437266
0.965642383816998,2.992,107431.520644382
1.0733184501830868,2.9922,107431.52083072
1.06516689760947,2.9924,107431.521018484
1.0277809071490758,2.9926,107431.521213078
1.1043256039486118,2.9928,107431.521394184
1.0451559911147745,2.993,107431.521585543
1.0627105563281467,2.9932,107431.521773741
1.0773946125938454,2.9934,107431.521959374
0.8476156494573489,2.9936,107431.52219533
1.0856526206837203,2.9938000000000002,107431.522379551
1.0402471655749415,2.9939999999999998,107431.522571813
1.0956862801820464,2.9942,107431.522754347
0.8409474110271273,2.9943999999999997,107431.522992174
1.059080835609815,2.9946,107431.523181017
0.8115894813563879,2.9948,107431.523427447
1.087896634088238,2.995,107431.523611288
1.0098205018045598,2.9952,107431.523809343
1.023855809490933,2.9954,107431.524004683
0.9751388325602418,2.9956,107431.524209782
1.1521268652897836,2.9958,107431.524383374
1.0843046454727954,2.996,107431.524567824
0.9739184542015318,2.9962,107431.52477318
1.0733183663631525,2.9964,107431.524959518
1.0348163967845219,2.9966,107431.525152789
0.9397039244970102,2.9968,107431.525365622
1.047625023244623,2.997,107431.52555653
1.0612444272235118,2.9972,107431.525744988
1.0627162261779903,2.9974,107431.525933185
0.6884468111545564,2.9976000000000003,107431.526223694
0.9070459173824272,2.9978,107431.52644419
1.5841836029327219,2.998,107431.526570438
1.175716793396908,2.9981999999999998,107431.526740547
0.8677203395871254,2.9984,107431.526971036
1.074448525729422,2.9986,107431.527157178
1.0447519966247873,2.9988,107431.527348611
1.083382489287169,2.999,107431.527533218
0.9994802828177302,2.9992,107431.527733322
0.8774123179309923,2.9994,107431.527961265
1.0218679736523855,2.9996,107431.528156985
0.4561658835172505,2.9998,107431.528595422
1.3317352531240143,3.0,107431.528745602
1.4894361120564819,3.0002,107431.528879881
1.528970263081727,3.0004,107431.529010688
1.454175336663991,3.0006,107431.529148223
0.7924809309091646,3.0008,107431.529400595
0.9254760118278194,3.001,107431.5296167
0.717311259936159,3.0012,107431.529895519
0.8397504208528582,3.0014,107431.530133685
1.083940347746744,3.0016,107431.530318197
0.5664711307189686,3.0018,107431.53067126
1.6295534945792374,3.002,107431.530793993
0.799073113899484,3.0022,107431.531044283
1.9790418316526546,3.0024,107431.531145342
0.8084532089553631,3.0026,107431.531392728
1.11822426093214,3.0028,107431.531571583
1.1391337997760245,3.003,107431.531747155
0.9513706582012552,3.0032,107431.531957378
1.0181743993416847,3.0034,107431.532153808
1.067851289325142,3.0036,107431.5323411
0.5208414665421228,3.0038,107431.532725094
1.4618173202844957,3.004,107431.53286191
1.7393271581347556,3.0042,107431.532976897
0.9234377561795675,3.0044,107431.533193479
1.215635554497177,3.0046,107431.533358002
0.8141929983370341,3.0048,107431.533603644
1.0155119709038891,3.005,107431.533800589
0.9277556335695438,3.0052,107431.534016163
0.8791402211311946,3.0054,107431.534243658
0.985275054500842,3.0056,107431.534446647
0.8280853295407945,3.0058,107431.534688168
1.076884138262703,3.006,107431.534873889
1.055074911136975,3.0062,107431.535063449
1.1063477059973281,3.0064,107431.535244224
0.821372101499182,3.0066,107431.535487719
0.8333576082841668,3.0068,107431.535727712
1.0586324102193687,3.007,107431.535916635
0.8406292820613145,3.0072,107431.536154552
0.7455953902931077,3.0074,107431.536422794
1.148573735936549,3.0076,107431.536596923
0.8348011818259584,3.0078,107431.536836501
1.0396199539261561,3.008,107431.537028879
1.0789814591198796,3.0082,107431.537214239
0.8334375045487081,3.0084,107431.537454209
0.8240049226754156,3.0086,107431.537696926
0.8218952644382327,3.0088,107431.537940266
1.004944354160653,3.009,107431.538139282
1.1002431574464018,3.0092,107431.53832106
0.766791779755376,3.0094,107431.538581887
0.8736409229134727,3.0096,107431.538810814
0.8026809741200278,3.0098,107431.539059979
1.1063109262235749,3.01,107431.53924076
0.853114963903664,3.0102,107431.539475195
0.8590474718096954,3.0104,107431.539708011
0.8336702562274767,3.0106,107431.539947914
1.0568702121506617,3.0108,107431.540137152
0.6987778487361443,3.011,107431.540423366
0.45712821603485504,3.0112,107431.54086088
1.044331887857664,3.0114,107431.54105239
1.1764567963151633,3.0116,107431.541222392
1.959343504756546,3.0118,107431.541324467
1.234263146044193,3.012,107431.541486507
1.0200959351122667,3.0122,107431.541682567
0.8485326427139475,3.0124,107431.541918268
0.8407388640676574,3.0126,107431.542156154
0.8569861298755712,3.0128,107431.54238953
0.03762312877114681,3.013,107431.547705409
0.7683707987130186,3.0132,107431.5479657
15.98720379675541,3.0134,107431.54797821
17.533095305292353,3.0136,107431.547989617
9.787607406847165,3.0138,107431.548010051
17.146775906498565,3.014,107431.548021715
18.786412753683436,3.0142,107431.548032361
20.005990412071352,3.0144,107431.548042358
19.36859280295504,3.0146,107431.548052684
11.214535391413019,3.0148,107431.548070518
20.33553796548153,3.015,107431.548080353
20.629169464271648,3.0152,107431.548090048
14.724298005603597,3.0154,107431.548103631
20.69106538901951,3.0156,107431.548113297
20.65688825776591,3.0158,107431.548122979
20.661173635754576,3.016,107431.548132659
20.828975512731756,3.0162,107431.548142261
20.546549781659085,3.0164,107431.548151995
20.050118891222443,3.0166,107431.54816197
20.580362475889295,3.0168,107431.548171688
0.016481426423250525,3.017,107431.56030656
12.225685295795953,3.0172,107431.560322919
10.342870068359852,3.0174,107431.560342256
17.433748141305873,3.0176,107431.560353728
18.43148200918428,3.0178,107431.560364579
18.109378298620555,3.018,107431.560375623
0.02576606705218014,3.0182,107431.56813777
10.971523114453468,3.0184,107431.568155999
15.229975429729802,3.0186,107431.568169131
17.56080698962045,3.0188,107431.56818052
18.17189568427213,3.019,107431.568191526
18.387441414600207,3.0192,107431.568202403
6.4545269605345155,3.0194,107431.568233389
6.4516122333706765,3.0196,107431.568264389
25.74336855441285,3.0198,107431.568272158
33.19500850700662,3.02,107431.568278183
35.97115623964156,3.0202,107431.568283743
36.90726213700284,3.0204,107431.568289162
33.77235272325697,3.0206,107431.568295084
35.11847297665689,3.0208,107431.568300779
37.02338586398027,3.021,107431.568306181
36.33058159296033,3.0212,107431.568311686
39.65107522971339,3.0214,107431.56831673
40.34703691030022,3.0216,107431.568321687
39.54133357269627,3.0218,107431.568326745
37.785670662817196,3.022,107431.568332038
39.97607742581945,3.0222,107431.568337041
39.60388707503728,3.0224,107431.568342091
40.49408626036295,3.0226,107431.56834703
39.12362678325985,3.0228,107431.568352142
40.74148450009037,3.023,107431.568357051
41.08468503852761,3.0232,107431.568361919
39.95202275282255,3.0234,107431.568366925
40.758036894840515,3.0236,107431.568371832
39.808992275648336,3.0238,107431.568376856
39.29274618819289,3.024,107431.568381946
40.68347619980311,3.0242,107431.568386862
38.47631982620152,3.0244,107431.56839206
40.42857244987862,3.0246,107431.568397007
41.6926398679758,3.0248,107431.568401804
39.03961183695068,3.025,107431.568406927
36.94128792114568,3.0252,107431.568412341
40.67528876655771,3.0254,107431.568417258
41.15222110264625,3.0256,107431.568422118
41.0172478697325,3.0258,107431.568426994
40.81625816598209,3.026,107431.568431894
40.15266351504715,3.0262000000000002,107431.568436875
39.00150214588922,3.0264,107431.568442003
29.616442912273737,3.0266,107431.568448756
39.07779607740126,3.0268,107431.568453874
40.502200901164585,3.027,107431.568458812
39.801037740030075,3.0272,107431.568463837
40.16064188321208,3.0274,107431.568468817
39.03961183695068,3.0276,107431.56847394
40.95845220692308,3.0278,107431.568478823
38.654766062067715,3.028,107431.568483997
38.153429218793946,3.0282,107431.568489239
36.29105773289664,3.0284,107431.56849475
40.74981942687269,3.0286,107431.568499658
39.80887696981722,3.0288,107431.568504682
39.82479549127518,3.029,107431.568509704
40.758036894840515,3.0292,107431.568514611
0.15682289354178103,3.0294,107431.569789935
29.146024619074602,3.0296,107431.569796797
34.91621555337818,3.0298,107431.569802525
38.77472555669545,3.03,107431.569807683
38.789718126650314,3.0302,107431.569812839
41.73631988542164,3.0304,107431.569817631
41.30520931417469,3.0306,107431.569822473
40.2657116198356,3.0308,107431.56982744
39.84072674862086,3.031,107431.56983246
39.00150214588922,3.0312,107431.569837588
39.26187834323692,3.0314,107431.569842682
39.20800411709568,3.0316,107431.569847783
40.98361223672655,3.0318,107431.569852663
41.614623809894105,3.032,107431.569857469
41.39927028772015,3.0322,107431.5698623
41.050938758242914,3.0324,107431.569867172
41.16923231617183,3.0326,107431.56987203
39.604001196423646,3.0328,107431.56987708
39.58825865984914,3.033,107431.569882132
41.49376063375828,3.0332,107431.569886952
37.78577454609022,3.0334,107431.569892245
40.29817873128523,3.0336,107431.569897208
39.75349218807411,3.0338,107431.569902239
40.9082247088228,3.034,107431.569907128
41.35641699525314,3.0342,107431.569911964
41.51970825787187,3.0344,107431.569916781
40.36327028148922,3.0346,107431.569921736
19.37418993616856,3.0348,107431.569932059
38.73724019638917,3.035,107431.569937222
40.66686396794468,3.0352,107431.56994214
40.14457105736209,3.0354,107431.569947122
40.86638145774468,3.0356,107431.569952016
37.23704482134126,3.0358,107431.569957387
37.06442189470778,3.036,107431.569962783
39.93611842380868,3.0362,107431.569967791
40.20105167968342,3.0364,107431.569972766
40.209049290978015,3.0366,107431.56997774
39.580506069878346,3.0368,107431.569982793
38.513301669833595,3.037,107431.569987986
37.850188088001495,3.0372,107431.56999327
39.51779909485174,3.0374,107431.569998331
0.24978737010259927,3.0376,107431.570799012
24.968789406348133,3.0378,107431.570807022
36.49632444161974,3.038,107431.570812502
0.13550695493162984,3.0382,107431.572288441
19.303169579901468,3.0384,107431.572298802
33.333322048808284,3.0386,107431.572304802
39.4400054729694,3.0388,107431.572309873
40.152546209664514,3.039,107431.572314854
39.761427728479475,3.0392,107431.572319884
35.10618359672151,3.0394,107431.572325581
0.9990159753784362,3.0396,107431.572525778
31.2841896805057,3.0398,107431.572532171
36.07510984093256,3.04,107431.572537715
36.78497154174335,3.0402,107431.572543152
1.2063963144942622,3.0404,107431.572708935
34.81282731550755,3.0406,107431.57271468
36.08808707839841,3.0408,107431.572720222
37.60104220901919,3.041,107431.572725541
27.53686138137859,3.0412,107431.572732804
38.13881855118695,3.0414,107431.572738048
7.110096811243436,3.0416,107431.572766177
1.0088425122893785,3.0418,107431.572964424
0.029148561773366884,3.042,107431.579825826
0.005374470535618371,3.0422,107431.617038794
20.199966118397928,3.0424,107431.617048695
23.097353375389446,3.0426,107431.617057354
34.51843688155918,3.0428,107431.617063148
32.52561872792834,3.043,107431.617069297
36.47637098534853,3.0432,107431.61707478
38.01560396201311,3.0434,107431.617080041
35.71429218483661,3.0436,107431.617085641
38.963577246499476,3.0438,107431.617090774
37.71454108374834,3.044,107431.617096077
38.744665935214066,3.0442,107431.617101239
40.17672558128215,3.0444,107431.617106217
35.580873962385276,3.0446,107431.617111838
36.34383942162106,3.0448,107431.617117341
37.07132007487279,3.045,107431.617122736
38.299513581322955,3.0452,107431.617127958
39.047264901226164,3.0454,107431.61713308
38.73713101558484,3.0456,107431.617138243
40.00004466627615,3.0458,107431.617143243
27.05577220939395,3.0632,107431.617786359
20.472911389928942,3.0634,107431.617796128
34.82500037297922,3.0636,107431.617801871
37.50234076854867,3.0638,107431.617807204
34.90406729750074,3.064,107431.617812934
38.16063279606642,3.0642,107431.617818175
36.15330376792287,3.0644,107431.617823707
38.902918440810126,3.0646,107431.617828848
38.30687920085201,3.0648,107431.617834069
39.01678139534454,3.065,107431.617839195
37.03016900585333,3.0652,107431.617844596
39.447703115882774,3.0654,107431.617849666
39.66675329076808,3.0656,107431.617854708
35.75898755086142,3.0658,107431.617860301
35.1679866205019,3.066,107431.617865988
36.73767631144529,3.0662,107431.617871432
36.948041010913215,3.0664,107431.617876845
37.59404833111955,3.0666,107431.617882165
38.12421906946263,3.0668,107431.617887411
36.18604822174783,3.067,107431.617892938
38.09526479570063,3.0672,107431.617898188
38.50596434360471,3.0674,107431.617903382
39.23105895892606,3.0676,107431.61790848
38.812283535148445,3.0678,107431.617913633
36.67033625545226,3.068,107431.617919087
37.07822082320128,3.0682,107431.617924481
37.814364139907845,3.0684,107431.61792977
31.75107042211523,3.0686,107431.617936069
24.18673652059335,3.0688,107431.617944338
35.19266066426778,3.069,107431.617950021
36.22534356140877,3.0692,107431.617955542
37.57986286745091,3.0694,107431.617960864
38.50596434360471,3.0696,107431.617966058
38.6771746851644,3.0698,107431.617971229
38.75974457178528,3.07,107431.617976389
39.16956511647359,3.0702,107431.617981495
37.383197961094645,3.0704,107431.617986845
38.01560396201311,3.0705999999999998,107431.617992106
39.40111045017202,3.0708,107431.617997182
16.236392699708897,3.071,107431.6180095
37.50940293221424,3.0712,107431.618014832
38.70712963269202,3.0714,107431.618019999
37.65058801329858,3.0716,107431.618025311
39.37018495648303,3.0718,107431.618030391
37.264708737638855,3.072,107431.618035758
38.29215079376156,3.0722,107431.618040981
37.188580732895765,3.0724,107431.618046359
39.19257476188415,3.0726,107431.618051462
37.009627712188944,3.0728,107431.618056866
39.6904655729329,3.073,107431.618061905
39.87239618331023,3.0732,107431.618066921
37.481272439978746,3.0734,107431.618072257
38.387659511376135,3.0736,107431.618077467
40.75815776468534,3.0738,107431.618082374
39.604001196423646,3.074,107431.618087424
39.43989229475255,3.0742,107431.618092495
39.55692495293797,3.0744,107431.618097551
39.24651863603889,3.0746,107431.618102647
38.51340959255307,3.0748,107431.61810784
36.49632444161974,3.075,107431.61811332
38.639877610962536,3.0752,107431.618118496
37.06452184999996,3.0754,107431.618123892
37.43910473222143,3.0756,107431.618129234
38.68479518124766,3.0758,107431.618134404
36.866276507758734,3.076,107431.618139829
37.65069115513903,3.0762,107431.618145141
37.95062666283352,3.0764,107431.618150411
39.22333368682877,3.0766,107431.61815551
40.35521120933981,3.0768,107431.618160466
39.91211180122341,3.077,107431.618165477
38.29215079376156,3.0772,107431.6181707
41.076212576991544,3.0774,107431.618175569
38.77472555669545,3.0776,107431.618180727
38.86518493113844,3.0778,107431.618185873
39.54907082341334,3.078,107431.61819093
36.556413239561465,3.0782,107431.618196401
36.469789196428586,3.0784,107431.618201885
36.866276507758734,3.0786,107431.61820731
39.16967674860994,3.0788,107431.618212416
38.6771746851644,3.079,107431.618217587
38.40986676950687,3.0792,107431.618222794
37.96509346930916,3.0794,107431.618228062
40.42857244987862,3.0796,107431.618233009
38.804722295093434,3.0798,107431.618238163
39.16197562957255,3.08,107431.61824327
38.639877610962536,3.0802,107431.618248446
38.20444243215626,3.0804,107431.618253681
38.29215079376156,3.0806,107431.618258904
40.21716776749269,3.0808,107431.618263877
40.469404341420464,3.081,107431.618268819
40.57621781894817,3.0812,107431.618273748
38.70712963269202,3.0814,107431.618278915
38.87276975457838,3.0816,107431.61828406
39.62740997612213,3.0818,107431.618289107
39.215723351276395,3.082,107431.618294207
37.921935366663774,3.0822,107431.618299481
38.94072529126005,3.0824,107431.618304617
38.81995737011147,3.0826000000000002,107431.618309769
34.73426053218449,3.0828,107431.618315527
37.94339739329991,3.083,107431.618320798
0.02329998914127895,3.0832,107431.626904493
18.751170384274335,3.0834,107431.626915159
30.31222301002509,3.0836,107431.626921757
35.39823405972335,3.0838,107431.626927407
33.967330779169856,3.084,107431.626933295
0.3706524754158636,3.0842,107431.627472884
26.257069340279397,3.0844,107431.627480501
34.153027171043476,3.0846,107431.627486357
34.59010849054324,3.0848,107431.627492139
35.765408328840465,3.085,107431.627497731
38.33615616635097,3.0852,107431.627502948
38.60265239990025,3.0854,107431.627508129
38.88024755001793,3.0856,107431.627513273
36.900325799276395,3.0858,107431.627518693
38.23356296790428,3.086,107431.627523924
38.87276975457838,3.0862,107431.627529069
38.624892075425024,3.0864,107431.627534247
39.79308638268851,3.0866,107431.627539273
38.27754031295415,3.0868,107431.627544498
32.916356150784324,3.087,107431.627550574
36.094626595299275,3.0872,107431.627556115
33.85813016953456,3.0874,107431.627562022
38.197116149127986,3.0876,107431.627567258
37.03016900585333,3.0878,107431.627572659
35.442141365292244,3.088,107431.627578302
36.01008035045769,3.0882,107431.627583856
38.14612248595179,3.0884,107431.627589099
28.542848548130053,3.0886,107431.627596106
32.38345694903875,3.0888,107431.627602282
38.61740366564246,3.089,107431.627607461
37.8572776024969,3.0892,107431.627612744
36.56983643281329,3.0894,107431.627618213
37.785670662817196,3.0896,107431.627623506
35.50513399053074,3.0898,107431.627629139
38.88772822295674,3.09,107431.627634282
38.00120371387864,3.0902,107431.627639545
38.10973643300379,3.0904,107431.627644793
30.670122617152742,3.0906,107431.627651314
38.37297607039474,3.0908,107431.627656526
39.31590082613934,3.091,107431.627661613
38.6548747790729,3.0912,107431.627666787
37.77144405199243,3.0914,107431.627672082
38.54311131202515,3.0916,107431.627677271
38.197116149127986,3.0918,107431.627682507
36.40333032406332,3.092,107431.627688001
0.4031843518220509,3.0922,107431.628184052
18.44677031045744,3.0924,107431.628194894
30.44605077156535,3.0926,107431.628201463
35.167896632613676,3.0928,107431.62820715
37.383197961094645,3.093,107431.6282125
36.62333515562767,3.0932,107431.628217961
0.004557476443736809,3.0934,107431.672101896
13.454423427163073,3.0936,107431.672116761
20.995162623924166,3.0938,107431.672126287
21.720241268454185,3.094,107431.672135495
13.970421317145615,3.1092,107431.673223508
26.133550126824908,3.1094,107431.673231161
34.87961909054073,3.1096,107431.673236895
32.557362765308724,3.1098,107431.673243038
35.91954459189945,3.11,107431.673248606
38.03012035915961,3.1102,107431.673253865
34.84928368049801,3.1104,107431.673259604
38.454143272987565,3.1106,107431.673264805
38.395059076987614,3.1108,107431.673270014
38.89532184886914,3.111,107431.673275156
37.355256376856325,3.1112,107431.67328051
38.30687920085201,3.1114,107431.673285731
38.85760306701033,3.1116,107431.673290878
38.28479083653486,3.1118,107431.673296102
37.70740147055181,3.112,107431.673301406
38.528200724927984,3.1122,107431.673306597
37.82862310689884,3.1124,107431.673311884
39.62752423311474,3.1126,107431.673316931
38.32888617594634,3.1128,107431.673322149
38.9105180007771,3.113,107431.673327289
38.557925271564116,3.1132,107431.673332476
38.59517261024444,3.1134,107431.673337658
39.31590082613934,3.1136,107431.673342745
39.78513820171915,3.1138,107431.673347772
39.60388707503728,3.114,107431.673352822
39.300498829607385,3.1142,107431.673357911
38.35091845121406,3.1144,107431.673363126
37.07822082320128,3.1146,107431.67336852
39.54918462910411,3.1148,107431.673373577
39.88037927048587,3.115,107431.673378592
38.16783909400259,3.1152,107431.673383832
40.16874082196463,3.1154,107431.673388811
40.32265217105128,3.1156,107431.673393771
38.343535887910384,3.1158,107431.673398987
39.51007407389937,3.116,107431.673404049
39.729819408322065,3.1162,107431.673409083
40.09620170549748,3.1164,107431.673414071
40.08824891771546,3.1166,107431.67341906
38.97871624276372,3.1168,107431.673424191
40.65038552853738,3.117,107431.673429111
39.12362678325985,3.1172,107431.673434223
38.47631982620152,3.1174,107431.673439421
38.94083562274499,3.1176,107431.673444557
40.63392043803157,3.1178,107431.673449479
39.801037740030075,3.118,107431.673454504
37.19542454688972,3.1182,107431.673459881
38.85002416046247,3.1184,107431.673465029
38.483753614735285,3.1186,107431.673470226
39.82479549127518,3.1188,107431.673475248
39.131312825677234,3.1189999999999998,107431.673480359
39.5725286336634,3.1192,107431.673485413
38.58769571864933,3.1194,107431.673490596
38.59517261024444,3.1196,107431.673495778
38.454143272987565,3.1198,107431.673500979
40.03196799281868,3.12,107431.673505975
39.100698000564684,3.1202,107431.67351109
38.46899658299135,3.1204,107431.673516289
39.88037927039731,3.1206,107431.673521304
38.639877610962536,3.1208,107431.67352648
38.88024755001793,3.121,107431.673531624
37.60104220901919,3.1212,107431.673536943
40.63380030392353,3.1214,107431.673541865
38.284897482376905,3.1216,107431.673547089
40.625632850728294,3.1218,107431.673552012
39.99201360390171,3.122,107431.673557013
38.182472009397024,3.1222,107431.673562251
37.929051786350755,3.1224,107431.673567524
38.528308731164564,3.1226,107431.673572715
37.432069012358035,3.1228,107431.673578058
40.13648186114203,3.123,107431.673583041
38.37297607030954,3.1232,107431.673588253
39.46333404312311,3.1234,107431.673593321
39.604001196423646,3.1236,107431.673598371
39.88026355065443,3.1238,107431.673603386
40.404089084870066,3.124,107431.673608336
39.33142745550995,3.1242,107431.673613421
39.19257476188415,3.1244,107431.673618524
40.83299270086422,3.1246,107431.673623422
38.93322421673622,3.1248,107431.673628559
37.8572776024969,3.125,107431.673633842
39.83275952700697,3.1252,107431.673638863
39.43208456616483,3.1254,107431.673643935
38.46899658299135,3.1256,107431.673649134
40.70829943575002,3.1258,107431.673654047
39.66675329076808,3.126,107431.673659089
40.104274672015755,3.1262,107431.673664076
39.45551703139323,3.1264,107431.673669145
39.62752423311474,3.1266,107431.673674192
38.535654576139585,3.1268,107431.673679382
39.77730831757979,3.127,107431.67368441
38.92561578569508,3.1272,107431.673689548
36.900325799276395,3.1274,107431.673694968
38.88024755001793,3.1276,107431.673700112
37.73587254490775,3.1278,107431.673705412
39.737745499540246,3.128,107431.673710445
39.75349218807411,3.1282,107431.673715476
39.070131041712706,3.1284,107431.673720595
40.33069824285018,3.1286,107431.673725554
39.01678139534454,3.1288,107431.67373068
39.33142745550995,3.129,107431.673735765
1.1476509964739763,3.1292,107431.673910034
31.97444478689393,3.1294,107431.673916289
36.556413239561465,3.1296,107431.67392176
36.46301630607117,3.1298,107431.673927245
37.93627558992541,3.13,107431.673932517
36.83248741028575,3.1302,107431.673937947
38.23356296790428,3.1304,107431.673943178
36.98224157358291,3.1306,107431.673948586
37.32735653056767,3.1308,107431.673953944
35.517704323271985,3.1310000000000002,107431.673959575
2.3038290465368103,3.1312,107431.674046387
32.34672105023732,3.1314,107431.67405257
35.85516777810138,3.1316,107431.674058148
34.18216203621806,3.1318,107431.674063999
34.53639201314344,3.132,107431.67406979
0.1425944634269079,3.1322,107431.675472369
0.23076887366265844,3.1324,107431.676339037
0.4493392562783162,3.1326,107431.676784135
30.030011333877724,3.1328,107431.676790795
35.26091931334708,3.133,107431.676796467
0.33369428013198615,3.1332,107431.677395818
29.129037164387206,3.1334,107431.677402684
33.85813016953456,3.1336,107431.677408591
0.24106057052859994,3.1338,107431.678238258
32.93804979377251,3.134,107431.67824433
0.14055268168355423,3.1342,107431.679667284
29.77517953677078,3.1344,107431.679674001
34.47090704321057,3.1346,107431.679679803
0.44533808728876006,3.1348,107431.6801289
30.404359260853617,3.135,107431.680135478
36.049088791567335,3.1352,107431.680141026
2.2014064100750486,3.1354,107431.680231877
32.087314738234454,3.1356,107431.68023811
35.625235806948545,3.1358,107431.680243724
37.03016900585333,3.136,107431.680249125
35.63151626218423,3.1362,107431.680254738
36.529693485254015,3.1364,107431.680260213
34.34067929098972,3.1366,107431.680266037
1.8645584605660637,3.1368,107431.680373301
33.450389528659606,3.137,107431.68037928
0.26994305633565313,3.1372,107431.681120177
0.33873445259990864,3.1374,107431.68171061
0.25810781133441996,3.1376,107431.68248548
22.02402622135162,3.1378,107431.682494561
36.16633733365565,3.138,107431.682500091
0.39412905396458986,3.1382,107431.683007539
30.464609552178548,3.1384,107431.683014104
36.74445339321593,3.1386,107431.683019547
0.40140975065700496,3.1388,107431.683517791
26.921523371854423,3.1390000000000002,107431.68352522
36.0489942379083,3.1391999999999998,107431.683530768
0.19278780907483428,3.1394,107431.684568178
31.540781060696467,3.1396,107431.684574519
36.596517518741706,3.1398,107431.684579984
0.4542997196865588,3.14,107431.685020222
31.40205711360824,3.1402,107431.685026591
0.22698280914502084,3.1404,107431.685907715
32.610433204807336,3.1406,107431.685913848
34.952888892501974,3.1408,107431.68591957
34.977261927323106,3.141,107431.685925288
0.43654778115050485,3.1412,107431.686383428
30.275497999163996,3.1414,107431.686390034
0.2447686813665143,3.1416,107431.687207132
29.226908667763578,3.1418,107431.687213975
35.39823405972335,3.142,107431.687219625
37.08512414112769,3.1422,107431.687225018
33.34998422075238,3.1424,107431.687231015
0.11823335744385248,3.1426,107431.688922585
18.29993987923131,3.1428,107431.688933514
0.1708986880789509,3.143,107431.690103798
21.528523234862256,3.1432,107431.690113088
32.0667268945819,3.1434,107431.690119325
37.009627712188944,3.1436,107431.690124729
0.4192907217309592,3.1438,107431.690601725
32.67439316837161,3.144,107431.690607846
36.71745814941556,3.1442,107431.690613293
36.21875659724111,3.1444,107431.690618815
37.08512414112769,3.1446,107431.690624208
37.02328613043504,3.1448,107431.69062961
39.09313517498318,3.145,107431.690634726
37.13321845435175,3.1452,107431.690640112
1.3195137296812383,3.1454,107431.690791683
30.96455258809326,3.1456,107431.690798142
35.63151626218423,3.1458,107431.690803755
37.89318294462515,3.146,107431.690809033
36.98910919513219,3.1462,107431.69081444
0.1604589120975533,3.1464,107431.692060865
30.85465011493913,3.1466,107431.692067347
1.8193066047657998,3.1468,107431.692177279
0.15321760760632316,3.147,107431.693482612
29.463747453627015,3.1471999999999998,107431.6934894
33.98471701580312,3.1474,107431.693495285
36.72422777317189,3.1476,107431.693500731
38.24824633126419,3.1478,107431.69350596
37.453082046959736,3.148,107431.6935113
0.1218787614664564,3.1482,107431.695152275
0.20523134787562936,3.1484,107431.696126785
29.450741518058617,3.1486,107431.696133576
34.84318759588918,3.1488,107431.696139316
38.483753614735285,3.149,107431.696144513
35.72701108210851,3.1492,107431.696150111
36.78506999547272,3.1494,107431.696155548
0.2918932457567318,3.1496,107431.69684073
23.17767099598382,3.1498,107431.696849359
36.42986547352953,3.15,107431.696854849
35.97115623964156,3.1502,107431.696860409
35.05085357332832,3.1504,107431.696866115
36.44319587624091,3.1506,107431.696871603
37.355256376856325,3.1508,107431.696876957
0.15469447386137586,3.151,107431.698169828
32.79766746107038,3.1512000000000002,107431.698175926
36.409984600871276,3.1514,107431.698181419
34.399641952661305,3.1516,107431.698187233
0.24106289599141636,3.1518,107431.699016892
25.116171120200885,3.152,107431.699024855
32.45702634130317,3.1522,107431.699031017
0.1642987103743912,3.1524,107431.700248312
32.46223932391507,3.1526,107431.700254473
36.08154993068868,3.1528,107431.700260016
37.99395516435465,3.153,107431.70026528
33.200541462821796,3.1532,107431.700271304
35.790928105619685,3.1534,107431.700276892
36.436529455644305,3.1536,107431.700282381
0.26004353127043467,3.1538,107431.701051483
31.172081331079976,3.154,107431.701057899
36.94814033947837,3.1542,107431.701063312
38.066143605505246,3.1544,107431.701068566
0.1745197669609863,3.1546,107431.702214568
22.227156259519045,3.1548,107431.702223566
35.18031931604292,3.155,107431.702229251
36.798464614136584,3.1552,107431.702234686
35.192660664345915,3.1554,107431.702240369
34.37615298104466,3.1556,107431.702246187
0.21237126010263813,3.1558,107431.703187934
30.03453943090077,3.156,107431.703194593
35.90668826518087,3.1562,107431.703200163
0.1588320135525798,3.1564,107431.704459355
31.2841896805057,3.1566,107431.704465748
34.89183891139499,3.1568,107431.70447148
36.19910541172973,3.157,107431.704477005
36.146742973761555,3.1572,107431.704482538
37.43920671861947,3.1574,107431.70448788
0.22156760998642494,3.1576,107431.705390539
33.86388641121993,3.1578,107431.705396445
37.8429970295843,3.158,107431.70540173
39.47886396060841,3.1582,107431.705406796
37.002752470050766,3.1584,107431.705412201
0.42802721852779274,3.1586,107431.705879461
32.58391500047057,3.1588,107431.705885599
36.08808707839841,3.159,107431.705891141
36.61660267387691,3.1592000000000002,107431.705896603
36.76470130370156,3.1593999999999998,107431.705902043
36.677088513048176,3.1596,107431.705907496
1.7303432999044284,3.1598,107431.70602308
34.083153576721124,3.16,107431.706028948
35.65064834455246,3.1602,107431.706034558
35.599859472728724,3.1604,107431.706040176
0.23599293154575718,3.1606,107431.706887659
32.38872265106562,3.1608,107431.706893834
36.50301276233682,3.161,107431.706899313
0.2784266664116527,3.1612,107431.707617635
0.09889881083059664,3.1614,107431.709639904
23.846439398279667,3.1616,107431.709648291
0.3293861894633168,3.1618,107431.710255481
30.61376192450854,3.162,107431.710262014
32.82994500559787,3.1622,107431.710268106
0.9335979100397446,3.1624,107431.710482331
30.745525036180595,3.1626,107431.710488836
34.91621555337818,3.1628,107431.710494564
36.5764543860636,3.163,107431.710500032
37.20932120952464,3.1632,107431.710505407
37.29251497716414,3.1634,107431.71051077
36.72422777317189,3.1636,107431.710516216
36.46969242313679,3.1638,107431.7105217
33.26683952258063,3.164,107431.710527712
38.67728352825536,3.1642,107431.710532883
0.3212433368133827,3.1644,107431.711155464
33.10162823293302,3.1646,107431.711161506
36.14018456036247,3.1648,107431.71116704
1.9649069503105911,3.165,107431.711268826
0.37568562252143356,3.1652,107431.711801186
31.436677502152335,3.1654,107431.711807548
34.094737024473496,3.1656,107431.711813414
0.15017687162409227,3.1658,107431.713145177
0.26335055287843034,3.166,107431.713904621
32.840770624678285,3.1662,107431.713910711
0.21267975510071627,3.1664,107431.714851092
18.96991807869938,3.1666,107431.714861635
31.01255347178632,3.1668,107431.714868084
34.49469887735386,3.167,107431.714873882
34.96498221005222,3.1672,107431.714879602
35.932504071192305,3.1673999999999998,107431.714885168
0.8898063405159546,3.1676,107431.715109936
32.005121573810946,3.1678,107431.715116185
36.25161977500425,3.168,107431.715121702
38.729708164462984,3.1682,107431.715126866
1.8500360139494756,3.1684,107431.715234972
33.42248824148439,3.1686,107431.715240956
33.25017986587206,3.1688,107431.715246971
35.51761253669239,3.169,107431.715252602
0.41490075444041336,3.1692,107431.715734645
0.2499924986618276,3.1694,107431.716534669
0.38618314057790076,3.1696,107431.717052558
9.691801569851446,3.1698,107431.717073194
1.117243533972785,3.17,107431.717252206
13.46982482155432,3.1702,107431.717267054
15.609140851534278,3.1704,107431.717279867
16.80532060110107,3.1706,107431.717291768
1.30239706253387,3.1708,107431.717445331
14.426893331288339,3.171,107431.717459194
0.11263569766645959,3.1712,107431.71923483
0.06986657942374937,3.1714,107431.722097429
0.3127022739343398,3.1716,107431.722737015
11.90972607351997,3.1718,107431.722753808
14.487510274571703,3.172,107431.722767613
15.730680264619991,3.1722,107431.722780327
16.384054687680734,3.1724,107431.722792534
15.809028776238526,3.1726,107431.722805185
16.59199409328056,3.1728,107431.722817239
16.498937413280263,3.173,107431.722829361
0.2912840499574279,3.1732,107431.723515976
13.225762861342531,3.1734,107431.723531098
15.578761926955279,3.1736,107431.723543936
16.69865567410946,3.1738,107431.723555913
17.201349369022676,3.174,107431.72356754
17.180663789698382,3.1742,107431.723579181
17.00535176154525,3.1744,107431.723590942
18.03914112243909,3.1746,107431.723602029
17.424641840249006,3.1748,107431.723613507
17.64290728571161,3.175,107431.723624843
17.474866778807858,3.1752,107431.723636288
17.77304454571122,3.1754,107431.723647541
18.50481385613556,3.1756,107431.723658349
0.16352400710728632,3.1758,107431.724881411
15.324511429579617,3.176,107431.724894462
17.66002313809396,3.1762,107431.724905787
17.828492008896784,3.1764,107431.724917005
0.09188955293873396,3.1766,107431.727093531
14.297970291952218,3.1768,107431.727107519
17.26220992534199,3.177,107431.727119105
17.98075446375692,3.1772,107431.727130228
0.7873767686220685,3.1774,107431.727384236
16.289292822177604,3.1776,107431.727396514
16.999588547452376,3.1778,107431.727408279
17.16148494325265,3.178,107431.727419933
17.80784041648493,3.1782,107431.727431164
18.153773761889052,3.1784,107431.727442181
0.3279328277361152,3.1786,107431.728052062
11.938154042967334,3.1788,107431.728068815
15.54726981483007,3.179,107431.728081679
17.346044288279828,3.1792,107431.728093209
17.87949377547041,3.1794000000000002,107431.728104395
18.487713119729147,3.1796,107431.728115213
18.50994775478777,3.1798,107431.728126018
18.460397749381116,3.18,107431.728136852
18.485997324995676,3.1802,107431.728147671
18.17852942089685,3.1804,107431.728158673
0.13885995880865862,3.1806,107431.729598973
0.3670054794409673,3.1808,107431.730143924
24.20428570432029,3.181,107431.730152187
32.09758109628294,3.1812,107431.730158418
0.15392287768087265,3.1814,107431.73145777
31.665626836727444,3.1816,107431.731464086
34.87961909054073,3.1818,107431.73146982
34.52441985068398,3.182,107431.731475613
36.469789196428586,3.1822,107431.731481097
35.0569331255302,3.1824,107431.731486802
2.385183177041411,3.1826,107431.731570653
32.851524861600154,3.1828,107431.731576741
36.25161977500425,3.183,107431.731582258
0.3293053819173283,3.1832,107431.732189597
18.527089668074208,3.1834,107431.732200392
29.87751375460645,3.1836,107431.732207086
33.17850079349578,3.1838,107431.732213114
36.656839196227835,3.184,107431.73221857
38.95595694857368,3.1842,107431.732223704
2.894565602762176,3.1844,107431.732292799
0.2575563849676942,3.1846,107431.733069328
31.055860634405036,3.1848,107431.733075768
37.230084833442554,3.185,107431.73308114
0.4367594246387543,3.1852,107431.733539058
0.3887752771890249,3.1854,107431.734053494
32.72784613984804,3.1856,107431.734059605
37.96509346930916,3.1858,107431.734064873
0.2628666667380417,3.186,107431.734825715
17.42919380132608,3.1862,107431.73483719
0.21664576192326038,3.1864,107431.735760356
29.158762752703392,3.1866,107431.735767215
0.3910435367357098,3.1868,107431.736278667
15.875535211057615,3.187,107431.736291265
27.255357009817253,3.1872,107431.736298603
36.656936965348486,3.1874000000000002,107431.736304059
0.1294541953977889,3.1875999999999998,107431.737849007
17.392822555196442,3.1878,107431.737860506
22.62187139999981,3.188,107431.737869347
23.6406527154078,3.1882,107431.737877807
22.716957099927086,3.1884,107431.737886611
1.950210971353857,3.1886,107431.737989164
21.4569333512327,3.1888,107431.737998485
1.0615147497685054,3.189,107431.738186895
19.708323972666374,3.1892,107431.738197043
24.820034144418315,3.1894,107431.738205101
23.08672259304048,3.1896,107431.738213764
24.570004392741364,3.1898,107431.738221904
25.179394193523155,3.19,107431.738229847
24.431984646696105,3.1902,107431.738238033
24.597223390445393,3.1904,107431.738246164
0.37932381722664005,3.1906,107431.738773418
0.14030952213267858,3.1908,107431.740198838
0.5204917680024524,3.191,107431.74058309
0.25147236778477006,3.1912,107431.741378406
30.859430333808188,3.1914,107431.741384887
35.797453598210645,3.1916,107431.741390474
38.00109864268489,3.1918,107431.741395737
34.123857205066194,3.192,107431.741401598
36.120618520889586,3.1922,107431.741407135
0.49024174114184627,3.1924,107431.741815097
31.387355776008235,3.1926,107431.741821469
35.61886525475169,3.1928,107431.741827084
0.5323509612098375,3.193,107431.742202776
33.64173954182482,3.1932,107431.742208721
37.18163884839517,3.1934,107431.7422141
35.36071171486475,3.1936,107431.742219756
0.12634350478483233,3.1938,107431.743802742
26.50411689977859,3.194,107431.743810288
0.47352969348016194,3.1942,107431.744232648
1.3582342886207073,3.1944,107431.744379898
30.152221938186788,3.1946,107431.744386531
34.656047574760414,3.1948,107431.744392302
38.32151209182981,3.195,107431.744397521
36.29767102396575,3.1952,107431.744403031
36.27132803369186,3.1954,107431.744408545
38.41716751510391,3.1955999999999998,107431.744413751
39.79308638277686,3.1958,107431.744418777
0.5465690539502636,3.196,107431.744784696
36.529693485254015,3.1962,107431.744790171
0.2618349398031,3.1964,107431.745554011
0.5489408124425222,3.1966,107431.745918349
0.2591096493156549,3.1968,107431.746690223
32.65304532164703,3.197,107431.746696348
35.54287171004432,3.1972,107431.746701975
37.50234076854867,3.1974,107431.746707308
0.5256449027162665,3.1976,107431.747087793
35.348161329162934,3.1978,107431.747093451
0.47937835438169896,3.198,107431.747510658
29.985001597434515,3.1982,107431.747517328
36.08154993068868,3.1984,107431.747522871
0.26696994223056847,3.1986,107431.748272019
33.46725046618912,3.1988,107431.748277995
0.22574102135841823,3.199,107431.749163966
31.903044431545087,3.1992,107431.749170235
0.24872960976623124,3.1994,107431.749974321
31.796539803188015,3.1996,107431.749980611
34.51843688155918,3.1998,107431.749986405
0.14361883608396903,3.2,107431.75137898
31.903044431545087,3.2002,107431.751385249
36.33720929799299,3.2004,107431.751390753
36.683745344962986,3.2006,107431.751396205
32.77076585843533,3.2008,107431.751402308
0.2367345783007214,3.201,107431.752247136
33.65302484622548,3.2012,107431.752253079
35.217459596468196,3.2014,107431.752258758
0.35859902422433876,3.2016,107431.752816484
31.031809534041745,3.2018,107431.752822929
36.07501515088282,3.202,107431.752828473
34.96507116249695,3.2022,107431.752834193
36.46969242313679,3.2024,107431.752839677
36.58317211097074,3.2026,107431.752845144
37.921935366663774,3.2028,107431.752850418
0.2802816245526959,3.203,107431.753563986
32.73322444530882,3.2032,107431.753570096
35.55556076543987,3.2034,107431.753575721
35.676097163070615,3.2036,107431.753581327
1.0895738426740587,3.2038,107431.753764885
31.882692296732337,3.204,107431.753771158
35.2298270208435,3.2042,107431.753776835
0.46478012027218946,3.2044,107431.754207146
32.33629472554522,3.2046,107431.754213331
35.88737416788778,3.2048,107431.754218904
0.2563662104896116,3.205,107431.754999038
0.5260264855892365,3.2052,107431.755379247
33.57394029538278,3.2054,107431.755385204
0.4861436972053877,3.2056,107431.755796605
32.289269673365816,3.2058,107431.755802799
35.9906548945424,3.206,107431.755808356
33.65302484622548,3.2062,107431.755814299
0.13196538051608964,3.2064,107431.757329848
32.05124728247589,3.2066,107431.757336088
0.3586723371774899,3.2068,107431.7578937
32.35723027909851,3.207,107431.757899881
0.2245619097292562,3.2072,107431.758790504
30.580997421596628,3.2074,107431.758797044
35.42332366099385,3.2076000000000002,107431.75880269
34.716186816130836,3.2078,107431.758808451
36.529693485254015,3.208,107431.758813926
39.100698000564684,3.2082,107431.758819041
38.12432482260427,3.2084,107431.758824287
0.40779708223471434,3.2086,107431.759314727
10.254304316702905,3.2088,107431.759334231
13.57128220878495,3.209,107431.759348968
0.19766049175035114,3.2092,107431.760360804
12.987846808766568,3.2094,107431.760376203
15.589682586017824,3.2096,107431.760389032
15.621346927704673,3.2098,107431.760401835
0.6061432605277502,3.21,107431.76073179
14.28265123441173,3.2102,107431.760745793
16.160314915950774,3.2104,107431.760758169
0.4701612075188629,3.2106,107431.761183555
14.804951409786472,3.2108,107431.761197064
17.016932059528127,3.211,107431.761208817
17.19543104909754,3.2112,107431.761220448
0.506498361816841,3.2114,107431.761615316
0.33948826021436007,3.2116,107431.762204438
15.554519148737832,3.2118,107431.762217296
0.2306073628605371,3.212,107431.763084571
15.55330458997819,3.2122,107431.76309743
0.12523693253233042,3.2124,107431.764694403
10.298130562766314,3.2126,107431.764713824
13.832214033804327,3.2128,107431.764728283
0.8563000210025931,3.213,107431.764961846
12.858425586065273,3.2132,107431.7649774
15.596971535308487,3.2134,107431.764990223
0.14457907950665974,3.2136,107431.766373549
14.026229317122851,3.2138,107431.766387808
16.07587833424196,3.214,107431.766400249
17.113042752051346,3.2142,107431.766411936
16.576864998593038,3.2144,107431.766424001
17.55463877862324,3.2146,107431.766435394
17.777780382719936,3.2148,107431.766446644
18.08319245931249,3.215,107431.766457704
0.2272827980339241,3.2152,107431.767337665
15.743077239715475,3.2154,107431.767350369
0.24843578794717908,3.2156000000000002,107431.768155406
15.718320774631792,3.2157999999999998,107431.76816813
17.386771768076365,3.216,107431.768179633
18.088095046396482,3.2162,107431.76819069
18.14387599548312,3.2164,107431.768201713
18.98432972429207,3.2166,107431.768212248
18.27152423906643,3.2168,107431.768223194
1.9035109473070095,3.217,107431.768328263
16.006399985091115,3.2172,107431.768340758
17.71323688824941,3.2174,107431.768352049
18.672375498024586,3.2176,107431.76836276
0.0912773539917383,3.2178,107431.770553884
15.302211341356909,3.218,107431.770566954
17.579337658106507,3.2182,107431.770578331
17.795159052175904,3.2184,107431.77058957
0.2966307217278216,3.2186,107431.771263809
0.1388431870859668,3.2188,107431.772704283
10.670080031798141,3.219,107431.772723027
13.648139996979676,3.2192,107431.772737681
15.210288877279222,3.2194,107431.77275083
16.70565819408623,3.2196,107431.772762802
17.250293507279725,3.2198,107431.772774396
17.56543038085794,3.22,107431.772785782
17.641344709928962,3.2202,107431.772797119
18.348631114408118,3.2204,107431.772808019
18.05542172184466,3.2206,107431.772819096
0.1036789441419965,3.2208,107431.774748128
13.88695879672232,3.221,107431.77476253
16.85629159643995,3.2212,107431.774774395
0.2214812458666092,3.2214,107431.775677406
14.935396471505804,3.2216,107431.775690797
17.667855348730033,3.2218,107431.775702117
18.170238006544835,3.222,107431.775713124
18.20832065541774,3.2222,107431.775724108
18.109378298620555,3.2224,107431.775735152
18.69332773036803,3.2226,107431.775745851
0.26250198820791915,3.2228,107431.77650775
15.707201261703904,3.223,107431.776520483
17.22059589328573,3.2232,107431.776532097
18.084834291968196,3.2234,107431.776543156
17.18951680030228,3.2236,107431.776554791
17.352066756472652,3.2237999999999998,107431.776566317
16.818029283991184,3.224,107431.776578209
17.95010833254773,3.2242,107431.776589351
18.042385418951064,3.2244,107431.776600436
0.59388595916547,3.2246,107431.776937201
16.278681382654362,3.2248,107431.776949487
17.420092256211262,3.225,107431.776960968
18.104464169114802,3.2252,107431.776972015
18.05867187758073,3.2254,107431.77698309
0.4422724037488177,3.2256,107431.7774353
15.729456042334448,3.2258,107431.777448015
17.774607552711846,3.226,107431.777459267
14.178362922224203,3.2262,107431.777473373
0.09827749043198339,3.2264,107431.779508427
0.422873213596243,3.2266,107431.779981382
16.337196584185804,3.2268,107431.779993624
9.457162284185271,3.227,107431.780014772
0.3824698716330863,3.2272,107431.780537689
19.09672703060375,3.2274,107431.780548162
28.935186598423304,3.2276,107431.780555074
34.176382078222844,3.2278000000000002,107431.780560926
34.77653514166912,3.228,107431.780566677
36.77148836086441,3.2282,107431.780572116
36.53629691602619,3.2284,107431.78057759
37.16092921199651,3.2286,107431.780582972
35.05085357332832,3.2288,107431.780588678
35.599859472728724,3.229,107431.780594296
0.10981878808897574,3.2292,107431.782415478
9.778039757879611,3.2294,107431.782435932
0.42669579174896455,3.2296,107431.78290465
11.721952343554145,3.2298,107431.782921712
0.38801574838721925,3.23,107431.783437155
12.468821220381095,3.2302,107431.783453195
1.8060973790360864,3.2304,107431.783563931
13.04546712809456,3.2306,107431.783579262
16.04107328856001,3.2308,107431.78359173
16.40958285290422,3.231,107431.783603918
16.643087988644357,3.2312,107431.783615935
17.42007017664634,3.2314,107431.783627416
0.8869455481498478,3.2316,107431.783852909
15.001484821248576,3.2318,107431.783866241
0.39359154958548154,3.232,107431.784374382
9.790961206439178,3.2322,107431.784394809
13.63419461730763,3.2324,107431.784409478
0.21074526830716617,3.2326,107431.785358491
10.785159422253889,3.2328,107431.785377035
0.052932696477480494,3.233,107431.789155418
11.662480745982283,3.2332,107431.789172567
0.3430084638731268,3.2334,107431.789755643
13.196960515590359,3.2336,107431.789770798
16.032072960483493,3.2338,107431.789783273
16.431143072061925,3.234,107431.789795445
16.492126878025832,3.2342,107431.789807572
16.70007600050364,3.2344,107431.789819548
16.795421974990575,3.2346,107431.789831456
17.9243573672467,3.2348,107431.789842614
18.61158892666822,3.235,107431.78985336
18.43486897676374,3.2352,107431.789864209
18.392485770871676,3.2354,107431.789875083
18.850158133510835,3.2356,107431.789885693
18.67065062119918,3.2358000000000002,107431.789896405
18.832387660701983,3.2359999999999998,107431.789907025
13.906264896156527,3.2362,107431.789921407
18.61852241067063,3.2364,107431.789932149
18.686338430328124,3.2366,107431.789942852
19.073061242975896,3.2368,107431.789953338
18.77053089867945,3.237,107431.789963993
18.367144353969113,3.2372,107431.789974882
18.46210879508903,3.2374,107431.789985715
18.286548224350522,3.2376,107431.789996652
0.41251402974675266,3.2378,107431.790481484
0.9258402227152078,3.238,107431.790697504
15.272997289865211,3.2382,107431.790710599
16.799671615744295,3.2384,107431.790722504
17.29803639512229,3.2386,107431.790734066
0.3661467998022112,3.2388,107431.791280295
15.103463852839544,3.239,107431.791293537
1.031448874538305,3.2392,107431.791487439
0.21069664526655493,3.2394,107431.792436671
15.530369252706576,3.2396,107431.792449549
13.453514686211301,3.2398,107431.792464415
0.5129415284836802,3.24,107431.792854323
0.0941087008086637,3.2402,107431.794979525
13.30760550085302,3.2404,107431.794994554
11.46328605069814,3.2406,107431.795012001
16.170772549949863,3.2408,107431.795024369
0.49494659592875545,3.241,107431.795428453
0.6179934936263983,3.2412,107431.795752081
14.57832978757999,3.2414,107431.7957658
16.76585729540959,3.2416,107431.795777729
17.398877555224495,3.2418,107431.795789224
17.925947102399995,3.242,107431.795800381
18.173577695411065,3.2422,107431.795811386
18.71430155417914,3.2424,107431.795822073
18.367168899589846,3.2426,107431.795832962
18.791704114816337,3.2428,107431.795843605
18.387416814765817,3.243,107431.795854482
18.330130711469604,3.2432,107431.795865393
2.186078870457694,3.2434,107431.795956881
0.09948630284316115,3.2436,107431.797967208
10.186926293349606,3.2438,107431.797986841
0.4944449118266226,3.2439999999999998,107431.798391335
0.06469688392800615,3.2442,107431.801482674
12.637425552913173,3.2444,107431.8014985
15.259024972852947,3.2446,107431.801511607
16.65278763923187,3.2448,107431.801523617
16.746225670266554,3.245,107431.80153556
17.774607552711846,3.2452,107431.801546812
17.70224016342044,3.2454,107431.80155811
18.058695605646914,3.2456,107431.801569185
18.601185790229547,3.2458,107431.801579937
18.336856036703992,3.246,107431.801590844
0.12278465740777018,3.2462,107431.803219712
14.12729603427261,3.2464,107431.803233869
0.12416229200420448,3.2466,107431.804844664
14.22374769959192,3.2468,107431.804858725
15.9757007406701,3.247,107431.804871244
17.319027570527293,3.2472,107431.804882792
17.845993187201902,3.2474,107431.804893999
18.190077897640972,3.2476,107431.804904994
18.455291296376572,3.2478,107431.804915831
18.661954994838872,3.248,107431.804926548
18.160346279635636,3.2482,107431.804937561
18.0310000002604,3.2484,107431.804948653
18.316719260819976,3.2486,107431.804959572
18.58734977752689,3.2488,107431.804970332
18.65671111497026,3.249,107431.804981052
19.230784246977656,3.2492,107431.804991452
9.656704727843467,3.2494,107431.805012163
0.10064143769203354,3.2496,107431.806999416
8.277804454171179,3.2498,107431.807023577
12.8824461716971,3.25,107431.807039102
14.862153500914278,3.2502,107431.807052559
15.87049392115095,3.2504,107431.807065161
17.4368004384588,3.2506,107431.807076631
17.488630963661553,3.2508,107431.807088067
0.25426950117894676,3.251,107431.807874634
14.56876420788471,3.2512,107431.807888362
16.58512654605652,3.2514,107431.807900421
17.001018469696895,3.2516,107431.807912185
17.641344709968134,3.2518000000000002,107431.807923522
17.447447602249966,3.252,107431.807934985
18.057058515390796,3.2522,107431.807946061
18.409435372529344,3.2524,107431.807956925
0.13773042272446706,3.2526,107431.809409037
14.857735180473005,3.2528,107431.809422498
17.487095594727986,3.253,107431.809433935
18.07501153658296,3.2532,107431.809445
18.477472808839902,3.2534,107431.809455824
18.749405341927538,3.2536,107431.809466491
18.465531838235236,3.2538,107431.809477322
18.766993854252217,3.254,107431.809487979
19.23632892805145,3.2542,107431.809498376
19.56755063085114,3.2544,107431.809508597
19.40427866924727,3.2546,107431.809518904
0.10813926431566953,3.2548,107431.811368371
14.531717901511003,3.255,107431.811382134
17.548474899257002,3.2552,107431.811393531
17.83006478392491,3.2554,107431.811404748
1.0488006881355874,3.2556,107431.811595442
15.471505542045449,3.2558,107431.811608369
16.93622048212528,3.2560000000000002,107431.811620178
18.203352688892966,3.2561999999999998,107431.811631165
17.76041267329457,3.2564,107431.811642426
17.68033311318315,3.2566,107431.811653738
18.69508222987684,3.2568,107431.811664436
0.2124156985731285,3.257,107431.812605986
15.052301612569476,3.2572,107431.812619273
17.019819060507857,3.2574,107431.812631024
17.792026081359896,3.2576,107431.812642265
17.890688605661808,3.2578,107431.812653444
17.660045830119046,3.258,107431.812664769
17.74307886486612,3.2582,107431.812676041
18.175187912030687,3.2584,107431.812687045
18.1389670677029,3.2586,107431.812698071
0.3872659141522787,3.2588,107431.813214512
0.3600094306005287,3.259,107431.813770053
14.760162022791743,3.2592,107431.813783603
17.51926106905844,3.2594,107431.813795019
17.861926861192753,3.2596,107431.813806216
17.757268981518404,3.2598,107431.813817479
0.384766322029761,3.26,107431.814337275
14.985765755377104,3.2602,107431.814350621
0.26649220214879754,3.2604,107431.815101112
15.968072148721797,3.2606,107431.815113637
17.280115453774314,3.2608,107431.815125211
0.055258800423781965,3.261,107431.818744544
0.24023821777960386,3.2612,107431.819577051
14.169329464366077,3.2614,107431.819591166
16.55081411646651,3.2616,107431.81960325
16.98801083661212,3.2618,107431.819615023
0.34909558680784775,3.262,107431.820187932
14.440429462313162,3.2622,107431.820201782
17.27264487779798,3.2624,107431.820213361
17.35357850483147,3.2626,107431.820224886
17.37015927889844,3.2628,107431.8202364
17.418568897527603,3.263,107431.820247882
18.18678027386039,3.2632,107431.820258879
18.009900472001476,3.2634,107431.820269984
18.301621308019918,3.2636,107431.820280912
18.414516477524963,3.2638,107431.820291773
18.606373309762468,3.2640000000000002,107431.820302522
19.147915916781677,3.2641999999999998,107431.820312967
18.532235936184392,3.2644,107431.820323759
14.291844671919895,3.2646,107431.820337753
17.998556001941417,3.2648,107431.820348865
18.460397749381116,3.265,107431.820359699
18.62717759950787,3.2652,107431.820370436
0.2681935841494216,3.2654,107431.821116166
15.086371172340366,3.2656,107431.821129423
13.52631110673554,3.2658,107431.821144209
17.25029350724142,3.266,107431.821155803
1.035019870830772,3.2662,107431.821349036
16.002560786905473,3.2664,107431.821361534
17.985625192627836,3.2666,107431.821372654
1.529484629330126,3.2668,107431.821503417
15.87804788543144,3.267,107431.821516013
17.652265884396925,3.2672,107431.821527343
17.871496082386464,3.2674,107431.821538534
17.906702227408623,3.2676,107431.821549703
0.2716907731240525,3.2678,107431.822285834
0.047155030975929296,3.268,107431.826527163
0.12311776017876043,3.2682,107431.828151624
12.514860916074475,3.2684,107431.828167605
14.620947504184498,3.2686,107431.828181284
15.852883734866444,3.2688,107431.8281939
16.483977470124945,3.269,107431.828206033
17.780931341845,3.2692,107431.828217281
17.7194942314491,3.2694,107431.828228568
18.18016456348686,3.2696,107431.828239569
18.261521956376747,3.2698,107431.828250521
16.927626391235705,3.27,107431.828262336
17.984001323161625,3.2702,107431.828273457
18.193376717487546,3.2704,107431.82828445
18.438281925407146,3.2706,107431.828295297
18.353678705615764,3.2708,107431.828306194
18.433187698594814,3.271,107431.828317044
18.504813856094472,3.2712,107431.828327852
18.216598579930157,3.2714,107431.828338831
18.390787605390543,3.2716,107431.828349706
18.336856036703992,3.2718,107431.828360613
18.621978474580892,3.2720000000000002,107431.828371353
0.353996080492995,3.2721999999999998,107431.828936331
16.286648315483934,3.2724,107431.828948611
17.580866779146977,3.2726,107431.828959987
0.4061309619564174,3.2728,107431.829452439
15.643323306382792,3.273,107431.829465224
17.471823352213598,3.2732,107431.829476671
17.93240245293555,3.2734,107431.829487824
18.18678027386039,3.2736,107431.829498821
18.46550702900908,3.2738,107431.829509652
18.34189715060313,3.274,107431.829520556
18.438281925407146,3.2742,107431.829531403
0.610951909672601,3.2744,107431.829858761
15.996172420124426,3.2746,107431.829871264
17.967825721220063,3.2748,107431.829882395
0.05369734403662108,3.275,107431.833606974
13.920800884843072,3.2752,107431.833621341
16.753206887588448,3.2754,107431.833633279
0.13567131229479285,3.2756,107431.83510743
12.294827033079711,3.2758,107431.835123697
15.634781450617634,3.276,107431.835136489
16.32919953429705,3.2762000000000002,107431.835148737
16.829335169057455,3.2763999999999998,107431.835160621
16.825111703762424,3.2766,107431.835172508
17.42159379794459,3.2768,107431.835183988
18.027759796633262,3.277,107431.835195082
18.33350498519127,3.2772,107431.835205991
18.239855591902003,3.2774,107431.835216956
18.27317615481062,3.2776,107431.835227901
18.515084502926666,3.2778,107431.835238703
18.867936272453875,3.278,107431.835249303
18.59252958160874,3.2782,107431.83526006
18.71784425447213,3.2784,107431.835270745
19.25484330411156,3.2786,107431.835281132
19.381703367989324,3.2788,107431.835291451
19.37798690622174,3.279,107431.835301772
19.481761008112954,3.2792,107431.835312038
0.2154875206657851,3.2794,107431.836240166
0.24822272327646822,3.2796,107431.837045894
13.769368679255109,3.2798,107431.837060419
16.732199194585128,3.2800000000000002,107431.837072372
17.002469666081485,3.2802,107431.837084135
17.893879719545417,3.2804,107431.837095312
18.276529490408187,3.2806,107431.837106255
18.29492179899458,3.2808,107431.837117187
0.2579423656050921,3.281,107431.837892554
15.950244869223576,3.2812,107431.837905093
17.76987340575261,3.2814,107431.837916348
17.735202719141217,3.2816,107431.837927625
0.2580678473723321,3.2818,107431.838702615
14.311265466622745,3.282,107431.83871659
17.493238688555213,3.2822,107431.838728023
0.36679547343606833,3.2824,107431.839273286
17.43069691256999,3.2826,107431.83928476
31.264690347086397,3.2828,107431.839291157
26.56040750592026,3.283,107431.839298687
0.12053645962479327,3.2832,107431.840957936
32.5203084228299,3.2834,107431.840964086
35.25476881119031,3.2836,107431.840969759
34.72223853833645,3.2838,107431.840975519
0.11546164070458488,3.284,107431.842707696
29.45080462599937,3.2842000000000002,107431.842714487
35.96475549371572,3.2843999999999998,107431.842720048
0.09035827491346968,3.2846,107431.844933459
18.49968280447647,3.2848,107431.84494427
31.938630484145563,3.285,107431.844950532
37.09883835051026,3.2852,107431.844955923
38.2336693285369,3.2854,107431.844961154
36.529693485254015,3.2856,107431.844966629
36.90716302810349,3.2858,107431.844972048
0.22305993704121832,3.286,107431.845868668
29.837363739421455,3.2862,107431.845875371
32.73322444530882,3.2864,107431.845881481
35.66332194332978,3.2866,107431.845887089
35.64426870132004,3.2868,107431.8458927
36.650192124837965,3.287,107431.845898157
37.50940293221424,3.2872,107431.845903489
36.509606549673755,3.2874,107431.845908967
0.2587529703858225,3.2876,107431.846681905
9.870694176503552,3.2878,107431.846702167
13.938250309514354,3.288,107431.846716516
15.662933639663725,3.2882,107431.846729285
2.8048519874680697,3.2884,107431.84680059
9.636696676771686,3.2886,107431.846821344
16.28798011296256,3.2888,107431.846833623
17.140895073824,3.289,107431.846845291
17.253281898476125,3.2892,107431.846856883
17.278616477165105,3.2894,107431.846868458
0.1296041053582133,3.2896,107431.848411619
9.57624603781788,3.2898,107431.848432504
12.9374522016602,3.29,107431.848447963
14.766679896897283,3.2902,107431.848461507
15.466717548171795,3.2904,107431.848474438
2.2708433076774033,3.2906,107431.848562511
14.937636574010538,3.2908,107431.8485759
16.626497771904692,3.291,107431.848587929
17.570056207219945,3.2912,107431.848599312
1.0035525730175843,3.2914,107431.848798604
14.742730050875341,3.2916,107431.84881217
15.259024972852947,3.2918,107431.848825277
12.989540757261294,3.292,107431.848840674
16.257519156586277,3.2922000000000002,107431.848852976
17.33705122462522,3.2923999999999998,107431.848864512
17.508526104678705,3.2926,107431.848875935
9.732361799055,3.2928,107431.848896485
1.0720698974925578,3.293,107431.84908304
0.47651609121519695,3.2932,107431.849502753
0.2435261635665303,3.2934,107431.85032402
0.5103785377357315,3.2936,107431.850715886
0.1328833905934694,3.2938,107431.852220965
10.292832218366739,3.294,107431.852240396
13.910135375065899,3.2942,107431.852254774
16.19432316215713,3.2944,107431.852267124
1.1646460909148173,3.2946,107431.85243885
13.580494833363458,3.2948,107431.852453577
0.06865430011944554,3.295,107431.855366723
10.453141782613827,3.2952,107431.855385856
14.03607018415179,3.2954,107431.855400105
15.532773845428835,3.2956,107431.855412981
16.228513170651585,3.2958,107431.855425305
16.95920868005968,3.296,107431.855437098
16.32919953426079,3.2962,107431.855449346
16.913315334366636,3.2964,107431.855461171
0.3920692254827416,3.2965999999999998,107431.855971285
0.3599977659021529,3.2968,107431.856526844
20.96214818997013,3.297,107431.856536385
17.94849086988745,3.2972,107431.856547528
36.19252798516497,3.2974,107431.856553054
37.65770612626959,3.2976,107431.856558365
35.97774762297025,3.2978,107431.856563924
37.63635985716062,3.298,107431.856569238
37.32745790905569,3.2982,107431.856574596
37.65058801329858,3.2984,107431.856579908
38.72959902611249,3.2986,107431.856585072
38.09526479570063,3.2988,107431.856590322
36.25161977500425,3.299,107431.856595839
39.12362678325985,3.2992,107431.856600951
0.12153038324451178,3.2994,107431.85824663
9.919157491062288,3.2996,107431.858266793
13.609151141744078,3.2998,107431.858281489
0.13594621912375374,3.3,107431.859752659
13.445380998304644,3.3002000000000002,107431.859767534
16.73499038335641,3.3004,107431.859779485
1.2119008927722315,3.3006,107431.859944515
15.029684889494764,3.3008,107431.859957822
16.70007600050364,3.301,107431.859969798
16.830757202720676,3.3012,107431.859981681
17.784106430093576,3.3014,107431.859992927
12.33273453120041,3.3016,107431.860009144
17.435274156295137,3.3018,107431.860020615
0.025023274785364587,3.302,107431.868013174
10.157436548572624,3.3022,107431.868032864
13.626773231275672,3.3024,107431.868047541
15.470286498738737,3.3026,107431.868060469
15.929908964696956,3.3028,107431.868073024
16.22322609900503,3.303,107431.868085352
17.02563818409791,3.3032,107431.868097099
16.88474494823416,3.3034,107431.868108944
0.33728861101628443,3.3036,107431.868701908
14.445650608088833,3.3038,107431.868715753
16.08233053653245,3.304,107431.868728189
17.08963590641225,3.3042,107431.868739892
17.69599499815108,3.3044000000000002,107431.868751194
17.62733918927983,3.3045999999999998,107431.86876254
17.784106430133065,3.3048,107431.868773786
17.925970482962093,3.305,107431.868784943
18.1917391975117,3.3052,107431.868795937
18.691598980547322,3.3054,107431.868806637
18.346941037040555,3.3056,107431.868817538
18.805820417275772,3.3058,107431.868828173
18.919675217842897,3.306,107431.868838744
18.64456272605346,3.3062,107431.868849471
18.616757033755977,3.3064,107431.868860214
11.372040278377558,3.3066,107431.868877801
18.63412270522026,3.3068,107431.868888534
19.000549321342444,3.307,107431.86889906
19.504597817067058,3.3072,107431.868909314
19.120451620045586,3.3074,107431.868919774
19.065785154818414,3.3076,107431.868930264
19.11861637586296,3.3078,107431.868940725
19.2233873466495,3.308,107431.868951129
19.318065068526643,3.3082,107431.868961482
19.29758630512222,3.3084,107431.868971846
19.2882429057614,3.3086,107431.868982215
19.370476354983154,3.3088,107431.86899254
13.379712940666485,3.309,107431.869007488
17.52234338546706,3.3092,107431.869018902
19.214142503922805,3.3094,107431.869029311
19.201230747907164,3.3096,107431.869039727
19.43632990422965,3.3098,107431.869050017
19.41935810959147,3.31,107431.869060316
18.941212537897165,3.3102,107431.869070875
12.572284184083724,3.3104,107431.869086783
0.5668002454447882,3.3106,107431.869439641
15.360976014161272,3.3108,107431.869452661
0.318304081910345,3.311,107431.870080991
15.542417243346854,3.3112,107431.870093859
17.4368004384588,3.3114,107431.870105329
17.88589243031943,3.3116,107431.870116511
13.23363292873242,3.3118,107431.870131624
0.09332258287016106,3.312,107431.872274728
0.9041918034887889,3.3122,107431.87249592
15.648239101117728,3.3124000000000002,107431.872508701
17.644447486273542,3.3125999999999998,107431.872520036
17.771458834306785,3.3128,107431.87253129
0.44331645511343126,3.313,107431.872982435
16.612671062255064,3.3132,107431.872994474
11.693170492555149,3.3134,107431.873011578
17.3822419357349,3.3136,107431.873023084
18.11594258214581,3.3138,107431.873034124
18.460397749381116,3.314,107431.873044958
19.308756086292263,3.3142,107431.873055316
18.977121165365503,3.3144,107431.873065855
18.599474040109463,3.3146,107431.873076608
19.160756045914905,3.3148,107431.873087046
0.43422095864416654,3.315,107431.873547641
0.245830105441751,3.3152,107431.874361211
15.27649436819309,3.3154,107431.874374303
0.22899644869853977,3.3156,107431.875247679
14.884268459490837,3.3158,107431.875261116
0.4018468884214816,3.316,107431.875758818
15.34094956021512,3.3162,107431.875771855
16.88476569162277,3.3164,107431.8757837
17.961391792675297,3.3166,107431.875794835
0.825109710121484,3.3168,107431.876037227
15.432106017038421,3.317,107431.876050187
17.148252094199428,3.3172,107431.87606185
17.73678196677746,3.3174,107431.876073126
17.919543125354945,3.3176,107431.876084287
0.36784856351549017,3.3178,107431.876627989
15.34684233545175,3.318,107431.876641021
0.3800619421395667,3.3182,107431.877167251
0.19372449017713206,3.3184,107431.878199645
10.660413410007466,3.3186,107431.878218406
14.161299654515325,3.3188,107431.878232529
0.2687594055694101,3.319,107431.878976689
12.532892113809528,3.3192,107431.878992647
10.092855378355335,3.3194,107431.879012463
1.2061708030547391,3.3196,107431.879178277
15.126303335316386,3.3198,107431.879191499
16.702856481458262,3.32,107431.879203473
17.014046037802178,3.3202,107431.879215228
17.412500186528273,3.3204000000000002,107431.879226714
0.27347248263007656,3.3205999999999998,107431.879958049
14.43730465237807,3.3208,107431.879971902
17.19986402592825,3.321,107431.87998353
0.17832638951327082,3.3212,107431.881105069
0.20241542390173645,3.3214,107431.882093136
14.42792318541921,3.3216,107431.882106998
12.546266395849848,3.3218,107431.882122939
0.15648986893109088,3.322,107431.883400977
14.778699915265367,3.3222,107431.88341451
16.75181834571912,3.3224,107431.883426449
17.31601636264944,3.3226,107431.883437999
17.809432627375845,3.3228,107431.883449229
17.50395490914085,3.323,107431.883460655
0.18902448097742364,3.3232,107431.884518719
15.06251291534668,3.3234,107431.884531997
17.069217978452787,3.3236,107431.884543714
18.070116038268452,3.3238,107431.884554782
0.6039595398165242,3.324,107431.88488593
15.588462529898893,3.3242,107431.88489876
17.15413797703256,3.3244,107431.884910419
17.57315642482381,3.3246,107431.8849218
17.62580197389962,3.3247999999999998,107431.884933147
17.04447215832853,3.325,107431.884944881
17.64913769385561,3.3252,107431.884956213
0.3430155178815917,3.3254,107431.885539277
15.427342374439723,3.3256,107431.885552241
17.27264487779798,3.3258,107431.88556382
18.125809887502125,3.326,107431.885574854
18.719577862675497,3.3262,107431.885585538
0.7848215446574218,3.3264,107431.885840373
15.826541610853983,3.3266,107431.88585301
0.351176617918527,3.3268,107431.886422524
15.698589523074597,3.327,107431.886435264
17.222063238933494,3.3272,107431.886446877
0.40795180062636055,3.3274,107431.886937131
0.10422328373014823,3.3276,107431.888856088
12.95085004471063,3.3278,107431.888871531
15.954059003070908,3.328,107431.888884067
0.37773907499995774,3.3282,107431.889413533
14.920916960761732,3.3284000000000002,107431.889426937
0.24312473683842897,3.3286,107431.89024956
14.504312962936897,3.3288,107431.890263349
16.785576003671856,3.329,107431.890275264
17.420092256211262,3.3292,107431.890286745
17.750939082971144,3.3294,107431.890298012
11.043628730044126,3.3296,107431.890316122
17.79833922411197,3.3298,107431.890327359
18.6393286145146,3.33,107431.890338089
18.934010595630276,3.3302,107431.890348652
0.701636230148773,3.3304,107431.8906337
14.918681869710728,3.3306,107431.890647106
17.002469666119236,3.3308,107431.890658869
0.417012445573863,3.331,107431.891138471
15.25900803168898,3.3312,107431.891151578
16.82935577656177,3.3314,107431.891163462
17.921155374625265,3.3316,107431.891174622
0.22968942503102496,3.3318,107431.892045363
0.4600461364181235,3.332,107431.892480102
16.330538300178688,3.3322,107431.892492349
17.395838519214152,3.3324,107431.892503846
0.24981825778265057,3.3326000000000002,107431.893304428
16.46904463136448,3.3327999999999998,107431.893316572
17.450482542057205,3.333,107431.893328033
0.2553479413855055,3.3332,107431.894111278
15.96297192660332,3.3334,107431.894123807
17.570056207219945,3.3336,107431.89413519
0.27043874686338126,3.3338,107431.894874729
15.034206084391377,3.334,107431.894888032
16.695876591457495,3.3342,107431.894900011
16.92906508476728,3.3344,107431.894911825
0.41484308471621156,3.3346,107431.895393935
15.89825151123434,3.3348,107431.895406515
16.91904101790582,3.335,107431.895418336
0.19285622150781243,3.3352,107431.896455378
14.880948632183639,3.3354,107431.896468818
17.364124247418527,3.3356,107431.896480336
17.476400001015335,3.3358,107431.89649178
0.47920719848326443,3.336,107431.896909136
16.162937560062854,3.3362,107431.89692151
1.5088416606824295,3.3364,107431.897054062
15.575125106466135,3.3366,107431.897066903
16.854865244950496,3.3368,107431.897078769
17.39282255515782,3.337,107431.897090268
17.37015927889844,3.3372,107431.897101782
17.530031564498977,3.3374,107431.897113191
0.4803719970911299,3.3376,107431.897529535
0.061858048673079556,3.3378,107431.900762744
0.05449915003716564,3.338,107431.904432526
10.459704903175064,3.3382,107431.904451647
0.15847320680330387,3.3384,107431.90571369
11.354603009024505,3.3386,107431.905731304
5.087505218285577,3.3388,107431.905770616
6.043756597633966,3.339,107431.905803708
21.62394030588808,3.3392,107431.905812957
29.50289760673198,3.3394,107431.905819736
34.32301274435975,3.3396,107431.905825563
35.044597412938565,3.3398,107431.90583127
37.30648429635452,3.34,107431.905836631
38.04454253524762,3.3402,107431.905841888
38.528200724927984,3.3404,107431.905847079
39.13131282576412,3.3406000000000002,107431.90585219
38.08069863310743,3.3407999999999998,107431.905857442
38.76728829223775,3.341,107431.905862601
39.02431470464209,3.3412,107431.905867726
37.16092921199651,3.3414,107431.905873108
38.080698633191986,3.3416,107431.90587836
37.55162663168986,3.3418,107431.905883686
39.16197562957255,3.342,107431.905888793
39.45551703139323,3.3422,107431.905893862
37.56579078231269,3.3424,107431.905899186
38.88772822295674,3.3426,107431.905904329
34.614065212142435,3.3428,107431.905910107
37.47422086400355,3.343,107431.905915444
37.878770879642175,3.3432,107431.905920724
21.96598211126674,3.3434,107431.905929829
36.30419082878599,3.3436,107431.905935338
37.57986286745091,3.3438,107431.90594066
38.64737474009973,3.344,107431.905945835
35.05076418388144,3.3442,107431.905951541
37.743022944764945,3.3444,107431.90595684
37.65058801329858,3.3446,107431.905962152
0.1739461681771922,3.3448,107431.907111933
0.15825964999902548,3.3449999999999998,107431.908375679
28.595940583967934,3.3452,107431.908382673
35.87444721555499,3.3454,107431.908388248
36.650192124837965,3.3456,107431.908393705
35.66970840932882,3.3458,107431.908399312
37.53050290601051,3.346,107431.908404641
37.06452184999996,3.3462,107431.908410037
1.5364994451833647,3.3464,107431.908540203
33.950130048955565,3.3466,107431.908546094
38.037277444526666,3.3468,107431.908551352
36.76470130378319,3.347,107431.908556792
36.9275907067681,3.3472,107431.908562208
0.2672678400638415,3.3474,107431.909310521
34.170519118378195,3.3476,107431.909316374
35.765408328840465,3.3478,107431.909321966
24.860170150201295,3.348,107431.909330011
35.26091931334708,3.3482,107431.909335683
38.12421906946263,3.3484,107431.909340929
0.27782948965036847,3.3486000000000002,107431.910060795
0.2700837634927797,3.3487999999999998,107431.910801306
34.84318759596655,3.349,107431.910807046
34.00203693939379,3.3492,107431.910812928
37.27178275461422,3.3494,107431.910818294
0.19772106534599315,3.3496,107431.91182982
30.835682404408402,3.3498,107431.911836306
36.51629973988444,3.35,107431.911841783
0.13375716576527483,3.3502,107431.91333703
31.27927697345767,3.3504,107431.913343424
33.1950886816022,3.3506,107431.913349449
34.536305228476806,3.3508,107431.91335524
0.22405273213795499,3.351,107431.914247887
27.506550161607187,3.3512,107431.914255158
34.92233722062041,3.3514,107431.914260885
36.70392638648505,3.3516,107431.914266334
0.8939825970755467,3.3518,107431.914490052
18.40095666852117,3.352,107431.914500921
31.520888360067627,3.3522,107431.914507266
16.08752615787818,3.3524,107431.914519698
35.92592925381634,3.3526,107431.914525265
38.52085772126821,3.3528000000000002,107431.914530457
38.978716242677166,3.3529999999999998,107431.914535588
0.8367815632938079,3.3532,107431.914774599
30.802441415072977,3.3534,107431.914781092
35.72701108210851,3.3536,107431.91478669
35.95186678873536,3.3538,107431.914792253
0.4313598536880037,3.354,107431.915255903
35.63160863834183,3.3542,107431.915261516
0.09077462044340653,3.3544,107431.917464775
0.26079223659012174,3.3546,107431.918231669
29.971531510687658,3.3548,107431.918238342
0.13238974751114468,3.355,107431.919749033
32.242456833858796,3.3552,107431.919755236
35.8358156130998,3.3554,107431.919760817
37.418209246262606,3.3556,107431.919766162
36.74445339321593,3.3558,107431.919771605
37.36917114307598,3.356,107431.919776957
37.17469955505378,3.3562,107431.919782337
37.67195042964684,3.3564,107431.919787646
38.66226897036307,3.3566,107431.919792819
39.3390827695523,3.3568,107431.919797903
0.12965426383216305,3.357,107431.921340467
11.716466301858576,3.3572,107431.921357537
32.05124728247589,3.3574,107431.921363777
36.77148836086441,3.3576,107431.921369216
0.8047868403700693,3.3578,107431.921617729
30.193290700945933,3.358,107431.921624353
35.341889476549525,3.3582,107431.921630012
35.88090952741079,3.3584,107431.921635586
38.197116149127986,3.3586,107431.921640822
39.070131041712706,3.3588,107431.921645941
38.387659511376135,3.359,107431.921651151
0.23977049105486467,3.3592,107431.922485282
30.993391184492555,3.3594,107431.922491735
35.099997311291354,3.3596,107431.922497433
36.596517518741706,3.3598,107431.922502898
38.75220378671037,3.36,107431.922508059
35.37946293854235,3.3602,107431.922513712
35.39823405972335,3.3604,107431.922519362
35.810138502701896,3.3606,107431.922524947
0.16152622937544445,3.3608000000000002,107431.923763136
0.12496938228791538,3.3609999999999998,107431.925363528
20.27574776569561,3.3612,107431.925373392
10.611768271311321,3.3614,107431.925392239
1.4051358748518314,3.3616,107431.925534574
29.57266346895855,3.3618,107431.925541337
34.264141413452684,3.362,107431.925547174
35.74624588006941,3.3622,107431.925552769
35.61249698052877,3.3624,107431.925558385
37.23704482134126,3.3626,107431.925563756
0.11958403881650964,3.3628,107431.92723622
31.96418269585534,3.363,107431.927242477
33.67570069757669,3.3632,107431.927248416
34.405669937362596,3.3634,107431.927254229
37.55870737160417,3.3636,107431.927259554
32.889338276978215,3.3638,107431.927265635
38.46146086157935,3.364,107431.927270835
0.63831894134845,3.3642,107431.927584158
0.29684909152446165,3.3644,107431.928257901
34.170519118378195,3.3646,107431.928263754
33.2557312304726,3.3648,107431.928269768
35.57451926466258,3.365,107431.92827539
33.37225339018077,3.3652,107431.928281383
37.11266292188429,3.3654,107431.928286772
37.700264559996064,3.3656,107431.928292077
38.827414858714164,3.3658,107431.928297228
0.17658718898496756,3.366,107431.929429813
32.824534872031315,3.3662,107431.929435906
0.11624412890109256,3.3664,107431.931156423
18.781098707011108,3.3666,107431.931167072
31.92342256629314,3.3668,107431.931173337
4.750707079968824,3.367,107431.931215436
32.372930679847286,3.3672,107431.931221614
36.78497154174335,3.3674,107431.931227051
36.79856314010679,3.3676,107431.931232486
38.25548576040729,3.3678,107431.931237714
0.23106855253260117,3.368,107431.932103258
29.8418339214572,3.3682,107431.93210996
31.392302493995093,3.3684,107431.932116331
33.57951826119729,3.3686,107431.932122287
35.55556076551882,3.3688000000000002,107431.932127912
36.66368428861659,3.3689999999999998,107431.932133367
35.919544591979204,3.3692,107431.932138935
38.33615616635097,3.3694,107431.932144152
39.36229206676085,3.3696,107431.932149233
0.11556919297065285,3.3698,107431.933879798
0.13632112975050978,3.37,107431.935346922
18.56836510568875,3.3702,107431.935357693
28.76044017200834,3.3704,107431.935364647
0.09867343418034075,3.3706,107431.937391535
31.86236611212765,3.3708,107431.937397812
36.15330376792287,3.371,107431.937403344
33.63605856790768,3.3712,107431.93740929
33.28891712633484,3.3714,107431.937415298
35.442141365292244,3.3716,107431.937420941
35.88728046081062,3.3718,107431.937426514
38.51340959255307,3.372,107431.937431707
0.2595285918636617,3.3722,107431.938202335
30.759768823712967,3.3724,107431.938208837
34.036814094276764,3.3726,107431.938214713
36.482955150359246,3.3728,107431.938220195
33.394633461048215,3.373,107431.938226184
37.943397393215655,3.3731999999999998,107431.938231455
0.16655202410637146,3.3734,107431.939432281
31.397179046149194,3.3736,107431.939438651
35.09381320572701,3.3738,107431.93944435
36.603242616039836,3.374,107431.939449814
37.20237158045909,3.3742,107431.93945519
37.91471702285131,3.3744,107431.939460465
34.554278958532755,3.3746,107431.939466253
37.24390648629489,3.3748,107431.939471623
37.39021531965419,3.375,107431.939476972
37.53050290601051,3.3752,107431.939482301
36.60987266677806,3.3754,107431.939487764
0.260203555686673,3.3756,107431.940256393
32.71717271199072,3.3758,107431.940262506
35.54921510542369,3.376,107431.940268132
37.11957907199937,3.3762,107431.94027352
1.1079595981196213,3.3764,107431.940454032
28.30856935425422,3.3766,107431.940461097
28.220681800825446,3.3768000000000002,107431.940468184
33.43915833885134,3.377,107431.940474165
36.42330045537159,3.3772,107431.940479656
34.98946119586886,3.3774,107431.940485372
0.1938330106476889,3.3776,107431.941517188
18.528813099688154,3.3778,107431.941527982
31.49106023581468,3.378,107431.941534333
36.73767631144529,3.3782,107431.941539777
0.22374518308390975,3.3784,107431.942433651
0.09647001731776682,3.3786,107431.944506834
10.355720929278181,3.3788,107431.944526147
14.430013635541199,3.379,107431.944540007
16.347884473433876,3.3792,107431.944552241
17.07942084018179,3.3794,107431.944563951
1.3890817130910413,3.3796,107431.944707931
14.542281123139995,3.3798,107431.944721684
16.511186759232636,3.38,107431.944733797
10.388533936613502,3.3802,107431.944753049
0.9990458942527227,3.3804,107431.94495324
14.856643055405288,3.3806,107431.944966702
16.354556912599897,3.3808,107431.944978931
16.940541681431828,3.3810000000000002,107431.944990737
11.746045676234305,3.3811999999999998,107431.945007764
15.988505669691294,3.3814,107431.945020273
16.890451300956222,3.3816,107431.945032114
16.920478252388985,3.3818,107431.945043934
17.274142818429688,3.382,107431.945055512
17.60252788159506,3.3822,107431.945066874
0.06295427414130425,3.3824,107431.948243783
1.5086596391393996,3.3826,107431.948376351
0.20848622372035314,3.3828,107431.949335647
25.252537118790144,3.383,107431.949343567
32.499161379045844,3.3832,107431.949349721
35.48615772973224,3.3834,107431.949355357
37.67897332568952,3.3836,107431.949360665
37.62234842326145,3.3838,107431.949365981
38.13881855118695,3.384,107431.949371225
36.56302633493968,3.3842,107431.949376695
36.85955327082346,3.3844,107431.949382121
36.91400279112834,3.3846,107431.949387539
33.09612819356587,3.3848,107431.949393582
34.92233722062041,3.385,107431.949399309
38.189792675498225,3.3852,107431.949404546
38.10255205650689,3.3854,107431.949409795
37.39713355536278,3.3856,107431.949415143
2.411032900955419,3.3858,107431.949498095
0.2702567542718646,3.386,107431.950238132
31.610567327521657,3.3862,107431.950244459
37.188580732895765,3.3864,107431.950249837
36.023010835812784,3.3866,107431.950255389
0.44835108359780623,3.3868,107431.950701468
0.06785443581805468,3.387,107431.953648954
30.926230898110717,3.3872,107431.953655421
34.27012199896891,3.3874,107431.953661257
0.4435917607624829,3.3876,107431.954112122
29.546470578418887,3.3878,107431.954118891
0.26368595690448604,3.388,107431.954877369
34.39387428822728,3.3882,107431.954883184
36.97537650172849,3.3884,107431.954888593
36.317429399792005,3.3886,107431.9548941
34.083153576721124,3.3888,107431.954899968
36.65019212491934,3.3890000000000002,107431.954905425
36.25812304526224,3.3891999999999998,107431.954910941
37.355256376939266,3.3894,107431.954916295
38.00834991841441,3.3896,107431.954921557
39.29274618819289,3.3898,107431.954926647
38.01560396201311,3.39,107431.954931908
36.900325799276395,3.3902,107431.954937328
38.40986676950687,3.3904,107431.954942535
37.03705444089221,3.3906,107431.954947935
2.220593568534041,3.3908,107431.955038001
33.333322048808284,3.391,107431.955044001
0.270851504319182,3.3912,107431.955782413
26.4375332485645,3.3914,107431.955789978
26.072225294269884,3.3916,107431.955797649
35.63160863834183,3.3918,107431.955803262
0.0994835311027414,3.392,107431.957813645
0.10603228256422456,3.3922,107431.959699863
28.68618474844814,3.3924,107431.959706835
0.9179069656537947,3.3926,107431.959924722
31.908155045465488,3.3928,107431.95993099
35.075363471217734,3.393,107431.959936692
37.19542454697231,3.3932,107431.959942069
37.55870737160417,3.3934,107431.959947394
34.84318759588918,3.3936,107431.959953134
34.32301274435975,3.3938,107431.959958961
36.94128792114568,3.394,107431.959964375
35.90659445721295,3.3942,107431.959969945
36.81887074505869,3.3944,107431.959975377
1.1980855022529207,3.3946,107431.96014231
34.264141413452684,3.3948,107431.960148147
36.48305199404992,3.395,107431.960153629
38.79727352003389,3.3952,107431.960158784
38.07352519979746,3.3954,107431.960164037
39.494406105812956,3.3956,107431.960169101
36.3834783950234,3.3958,107431.960174598
39.215723351276395,3.396,107431.960179698
38.69971827381297,3.3962,107431.960184866
0.09327270606878411,3.3964,107431.962329116
0.2567796221099342,3.3966,107431.963107994
0.15238838341513555,3.3968,107431.96442043
11.45934822562098,3.3970000000000002,107431.964437883
14.259223691374233,3.3971999999999998,107431.964451909
16.194342243858443,3.3974,107431.964464259
16.8010681022967,3.3976,107431.964476163
17.347554987395014,3.3978,107431.964487692
17.979154993162908,3.398,107431.964498816
18.14222342560957,3.3982,107431.96450984
18.233225407310176,3.3984,107431.964520809
17.90828883224987,3.3986,107431.964531977
17.905115903676524,3.3988,107431.964543147
0.25114742844927207,3.399,107431.965339492
13.933403569142392,3.3992,107431.965353846
16.99523717612597,3.3994,107431.965365614
0.22139371865925248,3.3996,107431.966268982
14.745988486795659,3.3998,107431.966282545
16.32654205530027,3.4,107431.966294795
16.880493629479293,3.4002,107431.966306643
5.19520941918541,3.4004,107431.96634514
15.231123134548323,3.4006,107431.966358271
17.661611720694708,3.4008,107431.966369595
0.8232858043815435,3.401,107431.966612524
15.720801907956433,3.4012000000000002,107431.966625246
17.689731469231898,3.4013999999999998,107431.966636552
0.11342272946110328,3.4016,107431.968399867
14.405058732922146,3.4018,107431.968413751
16.58925039674789,3.402,107431.968425807
17.376198506877692,3.4022,107431.968437317
17.61028660139444,3.4024,107431.968448674
0.13394026106990223,3.4026,107431.969941877
1.069558762966066,3.4028,107431.97012887
14.924254647249445,3.403,107431.970142271
16.059104295233745,3.4032,107431.970154725
17.142370249078247,3.4034,107431.970166392
17.053206492773036,3.4036,107431.97017812
17.790436981192638,3.4038,107431.970189362
17.814187878895893,3.404,107431.970200589
17.653807719487396,3.4042,107431.970211918
18.520224102884086,3.4044,107431.970222717
0.41353415609921446,3.4046,107431.970706353
16.129023012196008,3.4048,107431.970718753
17.56388149814124,3.4050000000000002,107431.97073014
18.239855591861502,3.4052,107431.970741105
17.877889013195194,3.4054,107431.970752292
17.591713179163808,3.4056,107431.970763661
18.504813856094472,3.4058,107431.970774469
0.28085508738204135,3.406,107431.97148658
0.41682906000020037,3.4062,107431.971966393
15.66539731666306,3.4064,107431.97197916
17.42919380132608,3.4066,107431.971990635
0.046085572046677604,3.4068,107431.976330388
14.269409147274304,3.407,107431.976344404
16.944844195013275,3.4072,107431.976356207
17.0954816128865,3.4074,107431.976367906
0.11702037983839712,3.4076,107431.97807701
11.323105892276837,3.4078,107431.978094673
15.213757294443889,3.408,107431.978107819
15.714618510779855,3.4082,107431.978120546
17.00680369786768,3.4084,107431.978132306
17.325009450671104,3.4086,107431.97814385
18.29993987923131,3.4088,107431.978154779
17.326516487922763,3.409,107431.978166322
18.301621308060557,3.4092000000000002,107431.97817725
18.756441908586172,3.4093999999999998,107431.978187913
17.76514177997762,3.4096,107431.978199171
18.853700735275904,3.4098,107431.978209779
18.670650621157723,3.41,107431.978220491
18.63412270522026,3.4102,107431.978231224
18.39925693852787,3.4104,107431.978242094
18.515084502926666,3.4106,107431.978252896
17.77936722253289,3.4108,107431.978264145
18.17850537687684,3.411,107431.978275147
18.554602906601875,3.4112,107431.978285926
0.31312723114701213,3.4114,107431.978924644
13.175238862647747,3.4116,107431.978939824
16.486686452118775,3.4118,107431.978951955
0.19646365230652552,3.412,107431.979969955
19.333010758427644,3.4122,107431.9799803
31.852249645294517,3.4124,107431.979986579
36.159771808629806,3.4126,107431.97999211
32.78155247783218,3.4128,107431.979998211
14.894252975783093,3.413,107431.980011639
37.81426009937458,3.4132,107431.980016928
38.328886176031446,3.4134,107431.980022146
39.35462771795966,3.4136,107431.980027228
0.4002954166320484,3.4138,107431.980526859
28.839195390390678,3.414,107431.980533794
33.4113569995636,3.4142,107431.98053978
1.0399658457602141,3.4144,107431.980732094
32.367670111013865,3.4146,107431.980738273
36.79176608567452,3.4148,107431.980743709
37.3134728812782,3.415,107431.980749069
37.629352835908286,3.4152,107431.980754384
0.46126524931229157,3.4154,107431.981187974
28.785257385804734,3.4156,107431.981194922
36.80536270643184,3.4158,107431.981200356
1.5754108573271992,3.416,107431.981327307
0.4649043693901198,3.4162,107431.981757503
31.68570270266183,3.4164,107431.981763815
0.47177711448218435,3.4166,107431.982187744
0.15961539072462938,3.4168,107431.983440756
12.045292315457326,3.417,107431.98345736
1.4023377044717102,3.4172000000000002,107431.983599979
14.445635424835634,3.4173999999999998,107431.983613824
1.3936117611049976,3.4176,107431.983757336
14.68535902920157,3.4178,107431.983770955
16.608535560709694,3.418,107431.983782997
17.08379419638618,3.4182,107431.983794704
16.852054592046326,3.4184,107431.983806572
16.809534135084526,3.4186,107431.98381847
0.09545896924794427,3.4188,107431.985913611
0.07917853845685491,3.419,107431.988439548
0.09346309769923156,3.4192,107431.99057943
11.605637818588319,3.4194,107431.990596663
14.199500520912485,3.4196,107431.990610748
16.52756741696889,3.4198,107431.990622849
17.034332109041486,3.42,107431.99063459
17.664721630963992,3.4202,107431.990645912
18.209961162031313,3.4204,107431.990656895
17.98075446375692,3.4206,107431.990668018
18.30496071302319,3.4208,107431.990678944
0.23816498421275903,3.421,107431.991518698
14.90646549784057,3.4212,107431.991532115
16.026931779172063,3.4214,107431.991544594
17.219107224547898,3.4215999999999998,107431.991556209
17.725778858428715,3.4218,107431.991567492
17.89390301649247,3.422,107431.991578669
18.018022547868586,3.4222,107431.991589769
18.216574435099627,3.4224,107431.991600748
18.239855591902003,3.4226,107431.991611713
18.804070799286478,3.4228,107431.991622349
19.060338339111972,3.423,107431.991632842
0.05775184203032519,3.4232,107431.995095935
9.561143608300732,3.4234,107431.995116853
12.862565239549776,3.4236,107431.995132402
15.080676690387845,3.4238,107431.995145664
16.446007226532174,3.424,107431.995157825
16.61544259891303,3.4242,107431.995169862
17.49321642317829,3.4244,107431.995181295
17.292073123478076,3.4246,107431.995192861
17.54538338333136,3.4248,107431.99520426
17.275641018896614,3.425,107431.995215837
17.307032606109644,3.4252000000000002,107431.995227393
0.41627553249745136,3.4254,107431.995707844
14.552875122408574,3.4256,107431.995721587
17.198378939331562,3.4258,107431.995733216
17.83166097166489,3.426,107431.995744432
18.42977663541173,3.4262,107431.995755284
0.2943760960677164,3.4264,107431.996434687
13.858085975637742,3.4266,107431.996449119
16.249599901629686,3.4268,107431.996461427
17.213176680875602,3.427,107431.996473046
18.42639153859461,3.4272,107431.9964839
18.081550924737453,3.4274,107431.996494961
18.198363336054573,3.4276,107431.996505951
18.158714699896002,3.4278,107431.996516965
19.113139336456513,3.428,107431.996527429
18.104464169114802,3.4282,107431.996538476
18.42977663541173,3.4284,107431.996549328
18.65324214817726,3.4286,107431.99656005
18.73008835969905,3.4288,107431.996570728
18.689845134740185,3.429,107431.996581429
18.62717759950787,3.4292,107431.996592166
19.27339335358617,3.4294000000000002,107431.996602543
18.601185790188246,3.4295999999999998,107431.996613295
0.1266673390288757,3.4298,107431.998192234
15.068177165571942,3.43,107431.998205507
0.16439743309346108,3.4302,107431.999422071
14.04889689887302,3.4304,107431.999436307
16.923332615709718,3.4306,107431.999448125
17.202834968681298,3.4308,107431.999459751
0.1533185018031012,3.431,107432.000764225
13.709894808074461,3.4312,107432.000778813
15.517113491431862,3.4314,107432.000791702
16.62925380398104,3.4316,107432.000803729
17.79833922411197,3.4318,107432.000814966
16.82793397972954,3.432,107432.000826851
17.935608466233436,3.4322,107432.000838002
0.13384650133009987,3.4324,107432.002332251
18.14552886644832,3.4326,107432.002343273
31.44653167374086,3.4328,107432.002349633
35.29823005970872,3.433,107432.002355299
35.932504071192305,3.4332,107432.002360865
36.63670988750463,3.4334,107432.002366324
0.21987711180749886,3.4336,107432.003275923
28.376836997529573,3.4338,107432.003282971
33.244630354335904,3.434,107432.003288987
31.138111506277934,3.4342,107432.00329541
33.019636423738774,3.4344,107432.003301467
34.34660079319282,3.4346,107432.00330729
0.2699718383127937,3.4348,107432.004048108
16.104359654895482,3.435,107432.004060527
21.260767130947904,3.4352,107432.004069934
26.239824634767434,3.4354,107432.004077556
33.84095650477797,3.4356,107432.004083466
0.6063546016946331,3.4358,107432.004413306
31.857270154207807,3.436,107432.004419584
37.32735653056767,3.4362,107432.004424942
34.81291549545834,3.4364,107432.004430687
2.23037555552069,3.4366,107432.004520358
30.859430333808188,3.4368,107432.004526839
36.06195268983831,3.437,107432.004532385
35.637983750154895,3.4372,107432.004537997
0.339909442706979,3.4374000000000002,107432.005126389
27.948607332026388,3.4375999999999998,107432.005133545
0.30161818041190513,3.4378,107432.005796635
0.3470191924535902,3.438,107432.006372972
35.09390281488358,3.4382,107432.006378671
0.2018244924315237,3.4384,107432.007369631
28.473780775076314,3.4386,107432.007376655
36.456439335265685,3.4388,107432.007382141
2.3388259200515837,3.439,107432.007467654
33.06332537985221,3.4392,107432.007473703
36.683745344962986,3.4394,107432.007479155
1.3398090628087547,3.4396,107432.00762843
34.11809694637353,3.4398,107432.007634292
35.9582629473193,3.44,107432.007639854
38.15332330412541,3.4402,107432.007645096
39.84072674862086,3.4404,107432.007650116
2.218180169311587,3.4406,107432.00774028
0.16744542679651478,3.4408,107432.008934699
0.3152778936853579,3.441,107432.00956906
1.2336312250380295,3.4412,107432.009731183
30.35366205056292,3.4414,107432.009737772
34.01937452594048,3.4416,107432.009743651
35.48615772973224,3.4418,107432.009749287
1.314639183815437,3.442,107432.00990142
32.30490417564394,3.4422,107432.009907611
30.234338469657608,3.4424,107432.009914226
0.33408056427761157,3.4426,107432.010512884
0.3139264021811675,3.4428,107432.011149976
0.2846622553594899,3.443,107432.011852563
5.435964314425502,3.4432,107432.011889355
10.833062331726033,3.4434,107432.011907817
13.465285132521485,3.4436,107432.01192267
15.048906413570492,3.4438,107432.01193596
1.7032729818370884,3.444,107432.012053381
0.3316419564630349,3.4442,107432.012656441
19.54843030655382,3.4444,107432.012666672
22.333888565655027,3.4446,107432.012675627
0.33472635698118086,3.4448,107432.01327313
2.825496962978489,3.445,107432.013343914
28.36079261259796,3.4452,107432.013350966
0.22477415613995796,3.4454000000000002,107432.014240748
18.770530898637773,3.4455999999999998,107432.014251403
26.18827605981773,3.4458,107432.01425904
0.12077506252950186,3.446,107432.015915011
1.3684850690409645,3.4462,107432.016061158
31.323475572103312,3.4464,107432.016067543
34.873512389271156,3.4466,107432.016073278
0.10470650523446605,3.4468,107432.017983379
2.1764918635416763,3.447,107432.01807527
32.40964974296218,3.4472,107432.018081441
37.4671719408396,3.4474,107432.018086779
36.68384325758021,3.4476,107432.018092231
38.565282415395046,3.4478,107432.018097417
37.943502145653156,3.448,107432.018102688
38.22633183289338,3.4482,107432.01810792
0.4465800928258911,3.4484,107432.018555768
0.2904148578927513,3.4486,107432.019244438
30.679502006099533,3.4488,107432.019250957
33.7154363787974,3.449,107432.019256889
35.58723093087958,3.4492,107432.019262509
37.70740147055181,3.4494,107432.019267813
38.76717894198701,3.4496,107432.019272972
36.927590706686104,3.4497999999999998,107432.019278388
36.28454264397899,3.45,107432.0192839
38.59506422880467,3.4502,107432.019289082
37.40415614720783,3.4504,107432.019294429
2.9490262061077934,3.4506,107432.019362248
30.455293591351033,3.4508,107432.019368815
0.24446590360727957,3.451,107432.020186925
21.256262320109137,3.4512,107432.020196334
0.2563862583007593,3.4514,107432.020976407
0.17775249844392288,3.4516,107432.022101567
32.03070568115522,3.4518,107432.022107811
35.373179974258726,3.452,107432.022113465
36.08808707839841,3.4522,107432.022119007
0.11787073630259177,3.4524,107432.023815781
29.511576569206905,3.4526,107432.023822558
35.007820647737454,3.4528,107432.023828271
0.4399646292889951,3.453,107432.024282853
17.577786321859197,3.4532,107432.024294231
30.335171204386548,3.4534000000000002,107432.024300824
34.946756510403425,3.4536,107432.024306547
34.82500037305655,3.4538,107432.02431229
37.73587254490775,3.454,107432.02431759
0.3996866387292522,3.4542,107432.024817982
31.81170067331534,3.4544,107432.024824269
35.31700581048953,3.4546,107432.024829932
35.267071961895894,3.4548,107432.024835603
35.16177853641177,3.455,107432.024841291
24.122550205437243,3.4552,107432.024849582
26.157473887430054,3.4554,107432.024857228
32.09758109628294,3.4556,107432.024863459
2.4110037172610843,3.4558,107432.024946412
22.13123508046222,3.456,107432.024955449
0.0645743085173019,3.4562,107432.028052656
30.48778914640303,3.4564,107432.028059216
29.735368238037257,3.4566,107432.028065942
0.13957464513428192,3.4568,107432.029498867
0.7298790813755248,3.457,107432.029772885
31.670588682928738,3.4572,107432.0297792
36.67033625545226,3.4574,107432.029784654
37.495383556438576,3.4576000000000002,107432.029789988
36.74445339313434,3.4577999999999998,107432.029795431
36.89349110332083,3.458,107432.029800852
36.436529455644305,3.4582,107432.029806341
34.584102734486194,3.4584,107432.029812124
36.04256576349374,3.4586,107432.029817673
37.986709379556245,3.4588,107432.029822938
24.70355214620661,3.459,107432.029831034
35.73342038099252,3.4592,107432.029836631
37.09883835051026,3.4594,107432.029842022
36.3702878821198,3.4596,107432.029847521
0.23845405483673895,3.4598,107432.030686257
30.59039045600703,3.46,107432.030692795
36.596517518741706,3.4602,107432.03069826
37.55162663168986,3.4604,107432.030703586
36.596517518741706,3.4606,107432.030709051
35.54921510542369,3.4608,107432.030714677
39.062580034840785,3.461,107432.030719797
0.2899874538369328,3.4612,107432.031409482
0.33635605819215775,3.4614,107432.03200409
21.64737280606598,3.4616,107432.032013329
31.249975209988527,3.4618,107432.032019729
0.24991159377693004,3.462,107432.032820012
9.635764316831787,3.4622,107432.032840768
12.475838632729252,3.4624,107432.032856799
0.3094246073953694,3.4626,107432.03350316
12.503122936362665,3.4628,107432.033519156
15.562991128210498,3.463,107432.033532007
0.27478113452401304,3.4632,107432.034259859
14.988020993856528,3.4634,107432.034273203
16.8577181893987,3.4636,107432.034285067
17.464186134263926,3.4638,107432.034296519
0.14592873562223357,3.464,107432.035667051
10.216587769883052,3.4642,107432.035686627
14.09046440982248,3.4644,107432.035700821
0.291225519483059,3.4646,107432.036387574
10.111731174223781,3.4648,107432.036407353
14.42065676938576,3.465,107432.036421222
0.17039621385257733,3.4652,107432.037594957
12.792635008003357,3.4654,107432.037610591
15.683810139584011,3.4656000000000002,107432.037623343
16.88617636159099,3.4657999999999998,107432.037635187
17.069217978490688,3.466,107432.037646904
17.076513585521738,3.4662,107432.037658616
17.40189561973642,3.4664,107432.037670109
0.24769611656423057,3.4666,107432.03847755
14.684292097408633,3.4668,107432.03849117
17.343045563947904,3.467,107432.038502702
0.0221666823617862,3.4672,107432.047525252
9.753240115187953,3.4674,107432.047545758
13.948944836291979,3.4676,107432.047560096
16.0991720145888,3.4678,107432.047572519
15.820292980610654,3.468,107432.047585161
12.150663851056416,3.4682,107432.047601621
0.09492723114931573,3.4684,107432.049708498
12.874988147125295,3.4686,107432.049724032
16.060380370287238,3.4688,107432.049736485
16.683351780811435,3.469,107432.049748473
17.05902729936622,3.4692,107432.049760197
16.962097060364353,3.4694,107432.049771988
16.791194997786835,3.4696,107432.049783899
16.866241424743155,3.4698,107432.049795757
17.685042420707468,3.4699999999999998,107432.049807066
17.871496082426148,3.4702,107432.049818257
18.346941037040555,3.4704,107432.049829158
18.46893133251517,3.4706,107432.049839987
18.674126066526384,3.4708,107432.049850697
18.54944421047313,3.471,107432.049861479
18.812899400318507,3.4712,107432.04987211
18.563198755238478,3.4714,107432.049882884
18.482591545869273,3.4716,107432.049893705
18.628919703104057,3.4718,107432.049904441
18.837704955761055,3.472,107432.049915058
18.60292303523197,3.4722,107432.049925809
18.85191633876988,3.4724,107432.049936418
18.89288727304511,3.4726,107432.049947004
18.55803527889721,3.4728,107432.049957781
19.232614176602315,3.473,107432.04996818
18.691598980547322,3.4732,107432.04997888
19.08577463949842,3.4734,107432.049989359
13.270522537783721,3.4736000000000002,107432.05000443
16.148561490096792,3.4737999999999998,107432.050016815
19.00238824014894,3.474,107432.05002734
19.234471372969494,3.4742,107432.050037738
19.040349316595993,3.4744,107432.050048242
18.986139276767478,3.4746,107432.050058776
19.116808074073308,3.4748,107432.050069238
18.903593342977512,3.475,107432.050079818
18.81645377132644,3.4752,107432.050090447
19.46851477388571,3.4754,107432.05010072
19.316191694984113,3.4756,107432.050111074
18.84126870699505,3.4758,107432.050121689
0.360968477268425,3.476,107432.050675754
15.00150119541229,3.4762,107432.050689086
17.3822419357349,3.4764,107432.050700592
17.945256818895004,3.4766,107432.050711737
17.616493987477742,3.4768,107432.05072309
18.00018250102612,3.477,107432.050734201
18.274852668779715,3.4772,107432.050745145
0.2404857805522632,3.4774,107432.051576795
10.341259144566159,3.4776,107432.051596135
14.202537903754964,3.4778000000000002,107432.051610217
16.217961608507377,3.4779999999999998,107432.051622549
15.95913499904087,3.4782,107432.051635081
16.29860368286557,3.4784,107432.051647352
16.679181018790295,3.4786,107432.051659343
17.695972213607984,3.4788,107432.051670645
17.776193826138197,3.479,107432.051681896
17.958153091282945,3.4792,107432.051693033
18.223240838188595,3.4794,107432.051704008
0.370431426990358,3.4796,107432.052243919
14.312293782475727,3.4798,107432.052257893
17.047389657125173,3.48,107432.052269625
17.473356040391533,3.4802,107432.052281071
0.1466255234477002,3.4804,107432.05364509
14.992500798717257,3.4806,107432.05365843
16.91904101790582,3.4808,107432.053670251
17.792003048895353,3.481,107432.053681492
0.0721729324267871,3.4812,107432.056452614
14.254151197619677,3.4814,107432.056466645
0.7380618418906603,3.4816,107432.056737625
15.15151670350413,3.4818,107432.056750825
17.32201799420117,3.482,107432.056762371
17.96298810413291,3.4822,107432.056773505
18.477447967516987,3.4824,107432.056784329
18.503094885894225,3.4826,107432.056795138
0.03416491889684775,3.4828,107432.062649096
12.466491375432087,3.483,107432.062665139
16.070709023938438,3.4832,107432.062677584
17.094035756953506,3.4834,107432.062689284
16.914730779036706,3.4836,107432.062701108
3.439262631691176,3.4838,107432.06275926
16.08234935518987,3.484,107432.062771696
17.136492437515646,3.4842,107432.062783367
17.65537250396104,3.4844,107432.062794695
17.87628453892321,3.4846,107432.062805883
18.76348375889407,3.4848,107432.062816542
18.406057743283473,3.485,107432.062827408
18.777557679126595,3.4852,107432.062838059
0.08068521138476113,3.4854,107432.065316828
13.837951906305646,3.4856,107432.065331281
16.56727353595249,3.4858000000000002,107432.065343353
17.59324445396135,3.4859999999999998,107432.065354721
17.733623752745423,3.4862,107432.065365999
18.152119388600802,3.4864,107432.065377017
18.333480529463966,3.4866,107432.065387926
18.406057743283473,3.4868,107432.065398792
18.259823627677562,3.487,107432.065409745
18.081550924737453,3.4872,107432.065420806
18.65149549274506,3.4874,107432.065431529
18.540836080437522,3.4876,107432.065442316
18.809372113632364,3.4878,107432.065452949
14.153278940554012,3.488,107432.06546708
19.05669124181202,3.4882,107432.065477575
19.169949574166242,3.4884,107432.065488008
19.083972544639515,3.4886,107432.065498488
19.331134485181536,3.4888,107432.065508834
19.43256498972584,3.489,107432.065519126
0.08185265306811906,3.4892,107432.067962541
11.734332273670965,3.4894,107432.067979585
16.8534598012965,3.4896,107432.067991452
12.198092122921286,3.4898,107432.068007848
16.51664336953267,3.49,107432.068019957
17.94528024985505,3.4902,107432.068031102
18.14222342560957,3.4904,107432.068042126
18.583906554038943,3.4906,107432.068052888
19.118642971088796,3.4908,107432.068063349
19.199379964822967,3.491,107432.068073766
18.42639153859461,3.4912,107432.06808462
0.19550131807495122,3.4914,107432.069107631
12.99123514768236,3.4916,107432.069123026
16.310557258512535,3.4918,107432.069135288
16.72100305759019,3.492,107432.069147249
17.442863965436985,3.4922,107432.069158715
18.006667846505202,3.4924,107432.069169822
18.330130711469604,3.4926,107432.069180733
18.091356976886072,3.4928,107432.069191788
17.741521397644025,3.493,107432.069203061
17.253260239742914,3.4932,107432.069214653
18.523668732173643,3.4934,107432.06922545
18.34358629879357,3.4936,107432.069236353
0.07036827220373718,3.4938000000000002,107432.072078543
13.34846055178198,3.4939999999999998,107432.072093526
16.012815181565788,3.4942,107432.072106016
16.860572099857066,3.4944,107432.072117878
17.014024975548946,3.4946,107432.072129633
17.4034160633316,3.4948,107432.072141125
17.699117029861675,3.495,107432.072152425
17.46571748275017,3.4952,107432.072163876
17.85874713281828,3.4954,107432.072175075
18.43657529313558,3.4956,107432.072185923
18.42468710664051,3.4958,107432.072196778
18.70732202754735,3.496,107432.072207469
0.04272762018835266,3.4962,107432.076888282
12.955049432221111,3.4964,107432.07690372
16.346542862068436,3.4966,107432.076915955
16.813790921166998,3.4968,107432.07692785
16.604382057367328,3.497,107432.076939895
17.616493987477742,3.4972,107432.076951248
0.25451185789475694,3.4974,107432.077737066
14.59534392579775,3.4976,107432.077750769
17.347576883519533,3.4978,107432.077762298
17.769873405792065,3.498,107432.077773553
17.940431345304983,3.4981999999999998,107432.077784701
18.436575293176517,3.4984,107432.077795549
18.608111523873625,3.4986,107432.077806297
18.587374915235685,3.4988,107432.077817057
18.453581514051745,3.499,107432.077827895
18.246514824342086,3.4992,107432.077838856
18.71432703644241,3.4994,107432.077849543
18.805820417275772,3.4996,107432.077860178
18.747666204971615,3.4998,107432.077870846
18.43148200918428,3.5,107432.077881697
18.99513971042486,3.5002,107432.077892226
18.79347713041559,3.5004,107432.077902868
13.442658806014506,3.5006,107432.077917746
18.065223191063122,3.5008,107432.077928817
19.267827288069793,3.501,107432.077939197
18.494554597566093,3.5012,107432.077950011
18.719577862675497,3.5014,107432.077960695
19.459032714471473,3.5016,107432.077970973
18.71608548025564,3.5018000000000002,107432.077981659
18.426366834389313,3.502,107432.077992513
12.615119669446289,3.5022,107432.078008367
17.546929005085083,3.5023999999999997,107432.078019765
18.71608548025564,3.5026,107432.078030451
18.926840192297398,3.5028,107432.078041018
18.12086294568906,3.503,107432.078052055
18.318379359143048,3.5032,107432.078062973
0.10856661104980396,3.5034,107432.07990516
11.710975414091013,3.5036,107432.079922238
16.183854112464143,3.5038,107432.079934596
16.87050627517705,3.504,107432.079946451
0.23904258796319375,3.5042,107432.080783122
10.33485154982482,3.5044,107432.080802474
15.266007934295338,3.5046,107432.080815575
16.482613429400878,3.5048,107432.080827709
17.251787573444908,3.505,107432.080839302
17.871496082386464,3.5052,107432.080850493
0.1050046804160317,3.5054,107432.08275517
9.233615714484676,3.5056000000000003,107432.08277683
13.238884845838609,3.5058,107432.082791937
14.230831716057338,3.5060000000000002,107432.082805991
15.470286498704386,3.5061999999999998,107432.082818919
16.432518253851107,3.5064,107432.08283109
17.42007017664634,3.5066,107432.082842571
18.076651883961436,3.5068,107432.082853635
18.117590367440933,3.507,107432.082864674
0.2393830625683446,3.5072,107432.083700155
13.706134945423843,3.5074,107432.083714747
16.84777841177893,3.5076,107432.083726618
17.717940901758382,3.5078,107432.083737906
18.148811546448563,3.508,107432.083748926
0.11420616184991465,3.5082,107432.085500145
10.86601927594514,3.5084,107432.085518551
11.283495338214745,3.5086,107432.085536276
15.48227629404663,3.5088,107432.085549194
16.68195454569546,3.509,107432.085561183
17.038682401944993,3.5092,107432.085572921
17.500879058121704,3.5094,107432.085584349
18.0310000002604,3.5096,107432.085595441
0.10633993432228062,3.5098000000000003,107432.087476202
13.390467351882386,3.51,107432.087491138
16.283985373719368,3.5102,107432.08750342
17.58705343869945,3.5103999999999997,107432.087514792
17.646033267890758,3.5106,107432.087526126
0.517591634534685,3.5108,107432.087912531
9.481818107760253,3.511,107432.087933624
13.724009257783957,3.5112,107432.087948197
15.99872342997186,3.5114,107432.087960698
17.168859652745784,3.5116,107432.087972347
17.76987340575261,3.5118,107432.087983602
18.264846742627007,3.512,107432.087994552
0.03619785017792334,3.5122,107432.093519742
18.150465316814778,3.5124,107432.093530761
32.14916198959188,3.5126,107432.093536982
36.80536270643184,3.5128,107432.093542416
37.140142268577605,3.513,107432.093547801
37.629352835908286,3.5132,107432.093553116
37.348353625074694,3.5134,107432.093558471
37.09883835051026,3.5136,107432.093563862
36.023010835812784,3.5138,107432.093569414
39.03207262119234,3.5140000000000002,107432.093574538
39.71409146437572,3.5141999999999998,107432.093579574
39.76142772856776,3.5144,107432.093584604
41.14372076650512,3.5145999999999997,107432.093589465
39.91222770595582,3.5148,107432.093594476
40.24955661073687,3.515,107432.093599445
39.8962392259841,3.5152,107432.093604458
38.41716751510391,3.5154,107432.093609664
36.376930083448656,3.5156,107432.093615162
38.83487521318793,3.5158,107432.093620312
38.535654576139585,3.516,107432.093625502
34.57218444138855,3.5162,107432.093631287
37.14716906684997,3.5164,107432.093636671
32.84069215248311,3.5166,107432.093642761
40.20105167968342,3.5168,107432.093647736
41.0677436091079,3.517,107432.093652606
37.24390648629489,3.5172,107432.093657976
0.15576396741278847,3.5174,107432.09494197
18.77053089867945,3.5176,107432.094952625
32.69576894694035,3.5178000000000003,107432.094958742
38.86518493105214,3.518,107432.094963888
37.306484296437354,3.5182,107432.094969249
37.943397393215655,3.5183999999999997,107432.09497452
34.423421698214206,3.5186,107432.09498033
34.92233722062041,3.5188,107432.094986057
