%time,field.header.seq,field.header.stamp,field.header.frame_id,field.twist.linear.x,field.twist.linear.y,field.twist.linear.z,field.twist.angular.x,field.twist.angular.y,field.twist.angular.z
1784885379413703918,3136,1784885379413703918,vehicle,0.0,0.0,0.0,0.0,0.0,0.0
1784885379413703918,3137,1784885379413703918,vehicle,0.0,0.0,0.0,0.0,0.0,0.0
1784885379413703918,3138,1784885379413703918,vehicle,0.0,0.0,0.0,0.0,0.0,0.0
1784885379413703918,3139,1784885379413703918,vehicle,0.0,0.0,0.0,0.0,0.0,0.0
1784885379413703918,3140,1784885379413703918,vehicle,0.0,0.0,0.0,0.0,0.0,0.0
1784885379413703918,3141,1784885379413703918,vehicle,0.0,0.0,0.0,0.0,0.0,0.0
1784885379413703918,3142,1784885379413703918,vehicle,0.0,0.0,0.0,0.0,0.0,0.0
1784885379413703918,3143,1784885379413703918,vehicle,0.0,0.0,0.0,0.0,0.0,0.0
1784885379413703918,3144,1784885379413703918,vehicle,0.0,0.0,0.0,0.0,0.0,0.0
1784885379413703918,3145,1784885379413703918,vehicle,0.0,0.0,0.0,0.0,0.0,0.0
1784885379413703918,3146,1784885379413703918,vehicle,0.0,0.0,0.0,0.0,0.0,0.0
1784885379413703918,3147,1784885379413703918,vehicle,0.0,0.0,0.0,0.0,0.0,0.0
1784885379413703918,3148,1784885379413703918,vehicle,0.0,0.0,0.0,0.0,0.0,0.0
1784885379413703918,3149,1784885379413703918,vehicle,0.0,0.0,0.0,0.0,0.0,0.0
1784885379413703918,3150,1784885379413703918,vehicle,0.0,0.0,0.0,0.0,0.0,0.0
1784885379413703918,3151,1784885379413703918,vehicle,0.0,0.0,0.0,0.0,0.0,0.0
1784885379413703918,3152,1784885379413703918,vehicle,0.0,0.0,0.0,0.0,0.0,0.0
1784885379413703918,3153,1784885379413703918,vehicle,0.0,0.0,0.0,0.0,0.0,0.0
1784885379413703918,3154,1784885379413703918,vehicle,0.0,0.0,0.0,0.0,0.0,0.0
1784885379413703918,3155,1784885379413703918,vehicle,0.0,0.0,0.0,0.0,0.0,0.0
1784885379413703918,3156,1784885379413703918,vehicle,0.0,0.0,0.0,0.0,0.0,0.0
1784885379413703918,3157,1784885379413703918,vehicle,0.0,0.0,0.0,0.0,0.0,0.0
1784885379413703918,3158,1784885379413703918,vehicle,0.0,0.0,0.0,0.0,0.0,0.0
1784885379413703918,3159,1784885379413703918,vehicle,0.0,0.0,0.0,0.0,0.0,0.0
1784885379413703918,3160,1784885379413703918,vehicle,0.0,0.0,0.0,0.0,0.0,0.0
1784885379413703918,3161,1784885379413703918,vehicle,0.0,0.0,0.0,0.0,0.0,0.0
1784885379413703918,3162,1784885379413703918,vehicle,0.0,0.0,0.0,0.0,0.0,0.0
1784885379413703918,3163,1784885379413703918,vehicle,0.0,0.0,0.0,0.0,0.0,0.0
1784885379413703918,3164,1784885379413703918,vehicle,0.0,0.0,0.0,0.0,0.0,0.0
1784885379413703918,3165,1784885379413703918,vehicle,0.0,0.0,0.0,0.0,0.0,0.0
1784885379413703918,3166,1784885379413703918,vehicle,0.0,0.0,0.0,0.0,0.0,0.0
1784885379413703918,3167,1784885379413703918,vehicle,0.0,0.0,0.0,0.0,0.0,0.0
1784885379413703918,3168,1784885379413703918,vehicle,0.0,0.0,0.0,0.0,0.0,0.0
1784885379413703918,3169,1784885379413703918,vehicle,0.0,0.0,0.0,0.0,0.0,0.0
1784885379413703918,3170,1784885379413703918,vehicle,0.0,0.0,0.0,0.0,0.0,0.0
1784885379413703918,3171,1784885379413703918,vehicle,0.0,0.0,0.0,0.0,0.0,0.0
1784885379413703918,3172,1784885379413703918,vehicle,0.0,0.0,0.0,0.0,0.0,0.0
1784885379413703918,3173,1784885379413703918,vehicle,0.0,0.0,0.0,0.0,0.0,0.0
1784885379413703918,3174,1784885379413703918,vehicle,0.0,0.0,0.0,0.0,0.0,0.0
1784885379413703918,3175,1784885379413703918,vehicle,0.0,0.0,0.0,0.0,0.0,0.0
1784885379413703918,3176,1784885379413703918,vehicle,0.0,0.0,0.0,0.0,0.0,0.0
1784885379413703918,3177,1784885379413703918,vehicle,0.0,0.0,0.0,0.0,0.0,0.0
1784885379413703918,3178,1784885379413703918,vehicle,0.0,0.0,0.0,0.0,0.0,0.0
1784885379413703918,3179,1784885379413703918,vehicle,0.0,0.0,0.0,0.0,0.0,0.0
1784885379413703918,3180,1784885379413703918,vehicle,0.0,0.0,0.0,0.0,0.0,0.0
1784885379413703918,3181,1784885379413703918,vehicle,0.0,0.0,0.0,0.0,0.0,0.0
1784885379413703918,3182,1784885379413703918,vehicle,0.0,0.0,0.0,0.0,0.0,0.0
1784885379413703918,3183,1784885379413703918,vehicle,0.0,0.0,0.0,0.0,0.0,0.0
1784885379413703918,3184,1784885379413703918,vehicle,0.0,0.0,0.0,0.0,0.0,0.0
1784885379413703918,3185,1784885379413703918,vehicle,0.0,0.0,0.0,0.0,0.0,0.0
1784885379413703918,3186,1784885379413703918,vehicle,0.0,0.0,0.0,0.0,0.0,0.0
1784885379413703918,3187,1784885379413703918,vehicle,0.0,0.0,0.0,0.0,0.0,0.0
1784885379413703918,3188,1784885379413703918,vehicle,0.0,0.0,0.0,0.0,0.0,0.0
1784885379413703918,3189,1784885379413703918,vehicle,0.0,0.0,0.0,0.0,0.0,0.0
1784885379413703918,3190,1784885379413703918,vehicle,0.0,0.0,0.0,0.0,0.0,0.0
1784885379413703918,3191,1784885379413703918,vehicle,0.0,0.0,0.0,0.0,0.0,0.0
1784885379413703918,3192,1784885379413703918,vehicle,0.0,0.0,0.0,0.0,0.0,0.0
1784885379413703918,3193,1784885379413703918,vehicle,0.0,0.0,0.0,0.0,0.0,0.0
1784885379413703918,3194,1784885379413703918,vehicle,0.0,0.0,0.0,0.0,0.0,0.0
1784885379413703918,3195,1784885379413703918,vehicle,0.0,0.0,0.0,0.0,0.0,0.0
1784885379413703918,3196,1784885379413703918,vehicle,0.0,0.0,0.0,0.0,0.0,0.0
1784885379413703918,3197,1784885379413703918,vehicle,0.0,0.0,0.0,0.0,0.0,0.0
1784885379413703918,3198,1784885379413703918,vehicle,0.0,0.0,0.0,0.0,0.0,0.0
1784885379413703918,3199,1784885379413703918,vehicle,0.0,0.0,0.0,0.0,0.0,0.0
1784885379413703918,3200,1784885379413703918,vehicle,0.0,0.0,0.0,0.0,0.0,0.0
1784885379413703918,3201,1784885379413703918,vehicle,0.0,0.0,0.0,0.0,0.0,0.0
1784885379413703918,3202,1784885379413703918,vehicle,0.0,0.0,0.0,0.0,0.0,0.0
1784885379413703918,3203,1784885379413703918,vehicle,0.0,0.0,0.0,0.0,0.0,0.0
1784885379413703918,3204,1784885379413703918,vehicle,0.0,0.0,0.0,0.0,0.0,0.0
1784885379413703918,3205,1784885379413703918,vehicle,0.0,0.0,0.0,0.0,0.0,0.0
1784885379413703918,3206,1784885379413703918,vehicle,0.0,0.0,0.0,0.0,0.0,0.0
1784885379413703918,3207,1784885379413703918,vehicle,0.0,0.0,0.0,0.0,0.0,0.0
1784885379413703918,3208,1784885379413703918,vehicle,0.0,0.0,0.0,0.0,0.0,0.0
1784885379413703918,3209,1784885379413703918,vehicle,0.0,0.0,0.0,0.0,0.0,0.0
1784885379413703918,3210,1784885379413703918,vehicle,0.0,0.0,0.0,0.0,0.0,0.0
1784885379413703918,3211,1784885379413703918,vehicle,0.0,0.0,0.0,0.0,0.0,0.0
1784885379413703918,3212,1784885379413703918,vehicle,0.0,0.0,0.0,0.0,0.0,0.0
1784885379413703918,3213,1784885379413703918,vehicle,0.0,0.0,0.0,0.0,0.0,0.0
1784885379413703918,3214,1784885379413703918,vehicle,0.0,0.0,0.0,0.0,0.0,0.0
1784885379413703918,3215,1784885379413703918,vehicle,0.0,0.0,0.0,0.0,0.0,0.0
1784885379413703918,3216,1784885379413703918,vehicle,0.0,0.0,0.0,0.0,0.0,0.0
1784885379413703918,3217,1784885379413703918,vehicle,0.0,0.0,0.0,0.0,0.0,0.0
1784885379413703918,3218,1784885379413703918,vehicle,0.0,0.0,0.0,0.0,0.0,0.0
1784885379413703918,3219,1784885379413703918,vehicle,0.0,0.0,0.0,0.0,0.0,0.0
1784885379413703918,3220,1784885379413703918,vehicle,0.0,0.0,0.0,0.0,0.0,0.0
1784885379413703918,3221,1784885379413703918,vehicle,0.0,0.0,0.0,0.0,0.0,0.0
1784885379413703918,3222,1784885379413703918,vehicle,0.0,0.0,0.0,0.0,0.0,0.0
1784885379413703918,3223,1784885379413703918,vehicle,0.0,0.0,0.0,0.0,0.0,0.0
1784885379413703918,3224,1784885379413703918,vehicle,0.0,0.0,0.0,0.0,0.0,0.0
1784885379413703918,3225,1784885379413703918,vehicle,0.0,0.0,0.0,0.0,0.0,0.0
1784885379413703918,3226,1784885379413703918,vehicle,0.0,0.0,0.0,0.0,0.0,0.0
1784885379413703918,3227,1784885379413703918,vehicle,0.0,0.0,0.0,0.0,0.0,0.0
1784885379413703918,3228,1784885379413703918,vehicle,0.0,0.0,0.0,0.0,0.0,0.0
1784885379413703918,3229,1784885379413703918,vehicle,0.0,0.0,0.0,0.0,0.0,0.0
1784885379413703918,3230,1784885379413703918,vehicle,0.0,0.0,0.0,0.0,0.0,0.0
1784885379413703918,3231,1784885379413703918,vehicle,0.0,0.0,0.0,0.0,0.0,0.0
1784885379413703918,3232,1784885379413703918,vehicle,0.0,0.0,0.0,0.0,0.0,0.0
1784885379413703918,3233,1784885379413703918,vehicle,0.0,0.0,0.0,0.0,0.0,0.0
1784885379413703918,3234,1784885379413703918,vehicle,0.0,0.0,0.0,0.0,0.0,0.0
1784885379413703918,3235,1784885379413703918,vehicle,0.0,0.0,0.0,0.0,0.0,0.0
1784885379413703918,3236,1784885379413703918,vehicle,0.0,0.0,0.0,0.0,0.0,0.0
1784885379413703918,3237,1784885379413703918,vehicle,0.0,0.0,0.0,0.0,0.0,0.0
1784885379413703918,3238,1784885379413703918,vehicle,0.0,0.0,0.0,0.0,0.0,0.0
1784885379413703918,3239,1784885379413703918,vehicle,0.0,0.0,0.0,0.0,0.0,0.0
1784885379413703918,3240,1784885379413703918,vehicle,0.0,0.0,0.0,0.0,0.0,0.0
1784885379413703918,3241,1784885379413703918,vehicle,0.0,0.0,0.0,0.0,0.0,0.0
1784885379413703918,3242,1784885379413703918,vehicle,0.0,0.0,0.0,0.0,0.0,0.0
1784885379413703918,3243,1784885379413703918,vehicle,0.0,0.0,0.0,0.0,0.0,0.0
1784885379413703918,3244,1784885379413703918,vehicle,0.0,0.0,0.0,0.0,0.0,0.0
1784885379413703918,3245,1784885379413703918,vehicle,0.0,0.0,0.0,0.0,0.0,0.0
1784885379413703918,3246,1784885379413703918,vehicle,0.0,0.0,0.0,0.0,0.0,0.0
1784885379413703918,3247,1784885379413703918,vehicle,0.0,0.0,0.0,0.0,0.0,0.0
1784885379413703918,3248,1784885379413703918,vehicle,0.0,0.0,0.0,0.0,0.0,0.0
1784885379413703918,3249,1784885379413703918,vehicle,0.0,0.0,0.0,0.0,0.0,0.0
1784885379413703918,3250,1784885379413703918,vehicle,0.0,0.0,0.0,0.0,0.0,0.0
1784885379413703918,3251,1784885379413703918,vehicle,0.0,0.0,0.0,0.0,0.0,0.0
1784885379413703918,3252,1784885379413703918,vehicle,0.0,0.0,0.0,0.0,0.0,0.0
1784885379413703918,3253,1784885379413703918,vehicle,0.0,0.0,0.0,0.0,0.0,0.0
1784885379413703918,3254,1784885379413703918,vehicle,0.0,0.0,0.0,0.0,0.0,0.0
1784885379413703918,3255,1784885379413703918,vehicle,0.0,0.0,0.0,0.0,0.0,0.0
1784885379413703918,3256,1784885379413703918,vehicle,0.0,0.0,0.0,0.0,0.0,0.0
1784885379413703918,3257,1784885379413703918,vehicle,0.0,0.0,0.0,0.0,0.0,0.0
1784885379413703918,3258,1784885379413703918,vehicle,0.0,0.0,0.0,0.0,0.0,0.0
1784885379413703918,3259,1784885379413703918,vehicle,0.0,0.0,0.0,0.0,0.0,0.0
1784885379413703918,3260,1784885379413703918,vehicle,0.0,0.0,0.0,0.0,0.0,0.0
1784885379413703918,3261,1784885379413703918,vehicle,0.0,0.0,0.0,0.0,0.0,0.0
1784885379413703918,3262,1784885379413703918,vehicle,0.0,0.0,0.0,0.0,0.0,0.0
1784885379413703918,3263,1784885379413703918,vehicle,0.0,0.0,0.0,0.0,0.0,0.0
1784885379413703918,3264,1784885379413703918,vehicle,0.0,0.0,0.0,0.0,0.0,0.0
1784885379413703918,3265,1784885379413703918,vehicle,0.0,0.0,0.0,0.0,0.0,0.0
1784885379413703918,3266,1784885379413703918,vehicle,0.0,0.0,0.0,0.0,0.0,0.0
1784885379413703918,3267,1784885379413703918,vehicle,0.0,0.0,0.0,0.0,0.0,0.0
1784885379413703918,3268,1784885379413703918,vehicle,0.0,0.0,0.0,0.0,0.0,0.0
1784885379413703918,3269,1784885379413703918,vehicle,0.0,0.0,0.0,0.0,0.0,0.0
1784885379413703918,3270,1784885379413703918,vehicle,0.0,0.0,0.0,0.0,0.0,0.0
1784885379413703918,3271,1784885379413703918,vehicle,0.0,0.0,0.0,0.0,0.0,0.0
1784885379413703918,3272,1784885379413703918,vehicle,0.0,0.0,0.0,0.0,0.0,0.0
1784885379413703918,3273,1784885379413703918,vehicle,0.0,0.0,0.0,0.0,0.0,0.0
1784885379413703918,3274,1784885379413703918,vehicle,0.0,0.0,0.0,0.0,0.0,0.0
1784885379413703918,3275,1784885379413703918,vehicle,0.0,0.0,0.0,0.0,0.0,0.0
1784885379413703918,3276,1784885379413703918,vehicle,0.0,0.0,0.0,0.0,0.0,0.0
1784885379413703918,3277,1784885379413703918,vehicle,0.0,0.0,0.0,0.0,0.0,0.0
1784885379413703918,3278,1784885379413703918,vehicle,0.0,0.0,0.0,0.0,0.0,0.0
1784885379413703918,3279,1784885379413703918,vehicle,0.0,0.0,0.0,0.0,0.0,0.0
1784885379413703918,3280,1784885379413703918,vehicle,0.0,0.0,0.0,0.0,0.0,0.0
1784885379413703918,3281,1784885379413703918,vehicle,0.0,0.0,0.0,0.0,0.0,0.0
1784885379413703918,3282,1784885379413703918,vehicle,0.0,0.0,0.0,0.0,0.0,0.0
1784885379413703918,3283,1784885379413703918,vehicle,0.0,0.0,0.0,0.0,0.0,0.0
1784885379413703918,3284,1784885379413703918,vehicle,0.0,0.0,0.0,0.0,0.0,0.0
1784885379413703918,3285,1784885379413703918,vehicle,0.0,0.0,0.0,0.0,0.0,0.0
1784885379413703918,3286,1784885379413703918,vehicle,0.0,0.0,0.0,0.0,0.0,0.0
1784885379413703918,3287,1784885379413703918,vehicle,0.0,0.0,0.0,0.0,0.0,0.0
1784885379413703918,3288,1784885379413703918,vehicle,0.0,0.0,0.0,0.0,0.0,0.0
1784885379413703918,3289,1784885379413703918,vehicle,0.0,0.0,0.0,0.0,0.0,0.0
1784885379413703918,3290,1784885379413703918,vehicle,0.0,0.0,0.0,0.0,0.0,0.0
1784885379413703918,3291,1784885379413703918,vehicle,0.0,0.0,0.0,0.0,0.0,0.0
1784885379413703918,3292,1784885379413703918,vehicle,0.0,0.0,0.0,0.0,0.0,0.0
1784885379413703918,3293,1784885379413703918,vehicle,0.0,0.0,0.0,0.0,0.0,0.0
1784885379413703918,3294,1784885379413703918,vehicle,0.0,0.0,0.0,0.0,0.0,0.0
1784885379413703918,3295,1784885379413703918,vehicle,0.0,0.0,0.0,0.0,0.0,0.0
1784885379413703918,3296,1784885379413703918,vehicle,0.0,0.0,0.0,0.0,0.0,0.0
1784885379413703918,3297,1784885379413703918,vehicle,0.0,0.0,0.0,0.0,0.0,0.0
1784885379413703918,3298,1784885379413703918,vehicle,0.0,0.0,0.0,0.0,0.0,0.0
1784885379413703918,3299,1784885379413703918,vehicle,0.0,0.0,0.0,0.0,0.0,0.0
1784885379413703918,3300,1784885379413703918,vehicle,0.0,0.0,0.0,0.0,0.0,0.0
1784885379413703918,3301,1784885379413703918,vehicle,0.0,0.0,0.0,0.0,0.0,0.0
1784885379413703918,3302,1784885379413703918,vehicle,0.0,0.0,0.0,0.0,0.0,0.0
1784885379413703918,3303,1784885379413703918,vehicle,0.0,0.0,0.0,0.0,0.0,0.0
1784885379413703918,3304,1784885379413703918,vehicle,0.0,0.0,0.0,0.0,0.0,0.0
1784885379413703918,3305,1784885379413703918,vehicle,0.0,0.0,0.0,0.0,0.0,0.0
1784885379413703918,3306,1784885379413703918,vehicle,0.0,0.0,0.0,0.0,0.0,0.0
1784885379413703918,3307,1784885379413703918,vehicle,0.0,0.0,0.0,0.0,0.0,0.0
1784885379413703918,3308,1784885379413703918,vehicle,0.0,0.0,0.0,0.0,0.0,0.0
1784885379413703918,3309,1784885379413703918,vehicle,0.0,0.0,0.0,0.0,0.0,0.0
1784885379413703918,3310,1784885379413703918,vehicle,0.0,0.0,0.0,0.0,0.0,0.0
1784885379413703918,3311,1784885379413703918,vehicle,0.0,0.0,0.0,0.0,0.0,0.0
1784885379413703918,3312,1784885379413703918,vehicle,0.0,0.0,0.0,0.0,0.0,0.0
1784885379413703918,3313,1784885379413703918,vehicle,0.0,0.0,0.0,0.0,0.0,0.0
1784885379413703918,3314,1784885379413703918,vehicle,0.0,0.0,0.0,0.0,0.0,0.0
1784885379413703918,3315,1784885379413703918,vehicle,0.0,0.0,0.0,0.0,0.0,0.0
1784885379413703918,3316,1784885379413703918,vehicle,0.0,0.0,0.0,0.0,0.0,0.0
1784885379413703918,3317,1784885379413703918,vehicle,0.0,0.0,0.0,0.0,0.0,0.0
1784885379413703918,3318,1784885379413703918,vehicle,0.0,0.0,0.0,0.0,0.0,0.0
1784885379413703918,3319,1784885379413703918,vehicle,0.0,0.0,0.0,0.0,0.0,0.0
1784885379413703918,3320,1784885379413703918,vehicle,0.0,0.0,0.0,0.0,0.0,0.0
1784885379413703918,3321,1784885379413703918,vehicle,0.0,0.0,0.0,0.0,0.0,0.0
1784885379413703918,3322,1784885379413703918,vehicle,0.0,0.0,0.0,0.0,0.0,0.0
1784885379413703918,3323,1784885379413703918,vehicle,0.0,0.0,0.0,0.0,0.0,0.0
1784885379413703918,3324,1784885379413703918,vehicle,0.0,0.0,0.0,0.0,0.0,0.0
1784885379413703918,3325,1784885379413703918,vehicle,0.0,0.0,0.0,0.0,0.0,0.0
1784885379413703918,3326,1784885379413703918,vehicle,0.0,0.0,0.0,0.0,0.0,0.0
1784885379413703918,3327,1784885379413703918,vehicle,0.0,0.0,0.0,0.0,0.0,0.0
1784885379413703918,3328,1784885379413703918,vehicle,0.0,0.0,0.0,0.0,0.0,0.0
1784885379413703918,3329,1784885379413703918,vehicle,0.0,0.0,0.0,0.0,0.0,0.0
1784885379413703918,3330,1784885379413703918,vehicle,0.0,0.0,0.0,0.0,0.0,0.0
1784885379413703918,3331,1784885379413703918,vehicle,0.0,0.0,0.0,0.0,0.0,0.0
1784885379413703918,3332,1784885379413703918,vehicle,0.0,0.0,0.0,0.0,0.0,0.0
1784885379413703918,3333,1784885379413703918,vehicle,0.0,0.0,0.0,0.0,0.0,0.0
1784885379413703918,3334,1784885379413703918,vehicle,0.0,0.0,0.0,0.0,0.0,0.0
1784885379413703918,3335,1784885379413703918,vehicle,0.0,0.0,0.0,0.0,0.0,0.0
1784885379413703918,3336,1784885379413703918,vehicle,0.0,0.0,0.0,0.0,0.0,0.0
1784885379413703918,3337,1784885379413703918,vehicle,0.0,0.0,0.0,0.0,0.0,0.0
1784885379413703918,3338,1784885379413703918,vehicle,0.0,0.0,0.0,0.0,0.0,0.0
1784885379413703918,3339,1784885379413703918,vehicle,0.0,0.0,0.0,0.0,0.0,0.0
1784885379413703918,3340,1784885379413703918,vehicle,0.0,0.0,0.0,0.0,0.0,0.0
1784885379413703918,3341,1784885379413703918,vehicle,0.0,0.0,0.0,0.0,0.0,0.0
1784885379413703918,3342,1784885379413703918,vehicle,0.0,0.0,0.0,0.0,0.0,0.0
1784885379413703918,3343,1784885379413703918,vehicle,0.0,0.0,0.0,0.0,0.0,0.0
1784885379413703918,3344,1784885379413703918,vehicle,0.0,0.0,0.0,0.0,0.0,0.0
1784885379413703918,3345,1784885379413703918,vehicle,0.0,0.0,0.0,0.0,0.0,0.0
1784885379413703918,3346,1784885379413703918,vehicle,0.0,0.0,0.0,0.0,0.0,0.0
1784885379413703918,3347,1784885379413703918,vehicle,0.0,0.0,0.0,0.0,0.0,0.0
1784885379413703918,3348,1784885379413703918,vehicle,0.0,0.0,0.0,0.0,0.0,0.0
1784885379413703918,3349,1784885379413703918,vehicle,0.0,0.0,0.0,0.0,0.0,0.0
1784885379413703918,3350,1784885379413703918,vehicle,0.0,0.0,0.0,0.0,0.0,0.0
1784885379413703918,3351,1784885379413703918,vehicle,0.0,0.0,0.0,0.0,0.0,0.0
1784885379413703918,3352,1784885379413703918,vehicle,0.0,0.0,0.0,0.0,0.0,0.0
1784885379413703918,3353,1784885379413703918,vehicle,0.0,0.0,0.0,0.0,0.0,0.0
1784885379413703918,3354,1784885379413703918,vehicle,0.0,0.0,0.0,0.0,0.0,0.0
1784885379413703918,3355,1784885379413703918,vehicle,0.0,0.0,0.0,0.0,0.0,0.0
1784885379413703918,3356,1784885379413703918,vehicle,0.0,0.0,0.0,0.0,0.0,0.0
1784885379413703918,3357,1784885379413703918,vehicle,0.0,0.0,0.0,0.0,0.0,0.0
1784885379413703918,3358,1784885379413703918,vehicle,0.0,0.0,0.0,0.0,0.0,0.0
1784885379413703918,3359,1784885379413703918,vehicle,0.0,0.0,0.0,0.0,0.0,0.0
1784885379413703918,3360,1784885379413703918,vehicle,0.0,0.0,0.0,0.0,0.0,0.0
1784885379413703918,3361,1784885379413703918,vehicle,0.0,0.0,0.0,0.0,0.0,0.0
1784885379413703918,3362,1784885379413703918,vehicle,0.0,0.0,0.0,0.0,0.0,0.0
1784885379413703918,3363,1784885379413703918,vehicle,0.0,0.0,0.0,0.0,0.0,0.0
1784885379413703918,3364,1784885379413703918,vehicle,0.0,0.0,0.0,0.0,0.0,0.0
1784885379413703918,3365,1784885379413703918,vehicle,0.0,0.0,0.0,0.0,0.0,0.0
1784885379413703918,3366,1784885379413703918,vehicle,0.0,0.0,0.0,0.0,0.0,0.0
1784885379413703918,3367,1784885379413703918,vehicle,0.0,0.0,0.0,0.0,0.0,0.0
1784885379413703918,3368,1784885379413703918,vehicle,0.0,0.0,0.0,0.0,0.0,0.0
1784885379413703918,3369,1784885379413703918,vehicle,0.0,0.0,0.0,0.0,0.0,0.0
1784885379413703918,3370,1784885379413703918,vehicle,0.0,0.0,0.0,0.0,0.0,0.0
1784885379413703918,3371,1784885379413703918,vehicle,0.0,0.0,0.0,0.0,0.0,0.0
1784885379413703918,3372,1784885379413703918,vehicle,0.0,0.0,0.0,0.0,0.0,0.0
1784885379413703918,3373,1784885379413703918,vehicle,0.0,0.0,0.0,0.0,0.0,0.0
1784885379413703918,3374,1784885379413703918,vehicle,0.0,0.0,0.0,0.0,0.0,0.0
1784885379413703918,3375,1784885379413703918,vehicle,0.0,0.0,0.0,0.0,0.0,0.0
1784885379413703918,3376,1784885379413703918,vehicle,0.0,0.0,0.0,0.0,0.0,0.0
1784885379413703918,3377,1784885379413703918,vehicle,0.0,0.0,0.0,0.0,0.0,0.0
1784885379413703918,3378,1784885379413703918,vehicle,0.0,0.0,0.0,0.0,0.0,0.0
1784885379413703918,3379,1784885379413703918,vehicle,0.0,0.0,0.0,0.0,0.0,0.0
1784885379413703918,3380,1784885379413703918,vehicle,0.0,0.0,0.0,0.0,0.0,0.0
1784885379413703918,3381,1784885379413703918,vehicle,0.0,0.0,0.0,0.0,0.0,0.0
1784885379413703918,3382,1784885379413703918,vehicle,0.0,0.0,0.0,0.0,0.0,0.0
1784885379413703918,3383,1784885379413703918,vehicle,0.0,0.0,0.0,0.0,0.0,0.0
1784885379413703918,3384,1784885379413703918,vehicle,0.0,0.0,0.0,0.0,0.0,0.0
1784885379413703918,3385,1784885379413703918,vehicle,0.0,0.0,0.0,0.0,0.0,0.0
1784885379413703918,3386,1784885379413703918,vehicle,0.0,0.0,0.0,0.0,0.0,0.0
1784885379413703918,3387,1784885379413703918,vehicle,0.0,0.0,0.0,0.0,0.0,0.0
1784885379413703918,3388,1784885379413703918,vehicle,0.0,0.0,0.0,0.0,0.0,0.0
1784885379413703918,3389,1784885379413703918,vehicle,0.0,0.0,0.0,0.0,0.0,0.0
1784885379413703918,3390,1784885379413703918,vehicle,0.0,0.0,0.0,0.0,0.0,0.0
1784885379413703918,3391,1784885379413703918,vehicle,0.0,0.0,0.0,0.0,0.0,0.0
1784885379413703918,3392,1784885379413703918,vehicle,0.0,0.0,0.0,0.0,0.0,0.0
1784885379413703918,3393,1784885379413703918,vehicle,0.0,0.0,0.0,0.0,0.0,0.0
1784885379413703918,3394,1784885379413703918,vehicle,0.0,0.0,0.0,0.0,0.0,0.0
1784885379413703918,3395,1784885379413703918,vehicle,0.0,0.0,0.0,0.0,0.0,0.0
1784885379413703918,3396,1784885379413703918,vehicle,0.0,0.0,0.0,0.0,0.0,0.0
1784885379413703918,3397,1784885379413703918,vehicle,0.0,0.0,0.0,0.0,0.0,0.0
1784885379413703918,3398,1784885379413703918,vehicle,0.0,0.0,0.0,0.0,0.0,0.0
1784885379413703918,3399,1784885379413703918,vehicle,0.0,0.0,0.0,0.0,0.0,0.0
1784885379413703918,3400,1784885379413703918,vehicle,0.0,0.0,0.0,0.0,0.0,0.0
1784885379413703918,3401,1784885379413703918,vehicle,0.0,0.0,0.0,0.0,0.0,0.0
1784885379413703918,3402,1784885379413703918,vehicle,0.0,0.0,0.0,0.0,0.0,0.0
1784885379413703918,3403,1784885379413703918,vehicle,0.0,0.0,0.0,0.0,0.0,0.0
1784885379413703918,3404,1784885379413703918,vehicle,0.0,0.0,0.0,0.0,0.0,0.0
1784885379413703918,3405,1784885379413703918,vehicle,0.0,0.0,0.0,0.0,0.0,0.0
1784885379413703918,3406,1784885379413703918,vehicle,0.0,0.0,0.0,0.0,0.0,0.0
1784885379413703918,3407,1784885379413703918,vehicle,0.0,0.0,0.0,0.0,0.0,0.0
1784885379413703918,3408,1784885379413703918,vehicle,0.0,0.0,0.0,0.0,0.0,0.0
1784885379413703918,3409,1784885379413703918,vehicle,0.0,0.0,0.0,0.0,0.0,0.0
1784885379413703918,3410,1784885379413703918,vehicle,0.0,0.0,0.0,0.0,0.0,0.0
1784885379413703918,3411,1784885379413703918,vehicle,0.0,0.0,0.0,0.0,0.0,0.0
1784885379413703918,3412,1784885379413703918,vehicle,0.0,0.0,0.0,0.0,0.0,0.0
1784885379413703918,3413,1784885379413703918,vehicle,0.0,0.0,0.0,0.0,0.0,0.0
1784885379413703918,3414,1784885379413703918,vehicle,0.0,0.0,0.0,0.0,0.0,0.0
1784885379413703918,3415,1784885379413703918,vehicle,0.0,0.0,0.0,0.0,0.0,0.0
1784885379413703918,3416,1784885379413703918,vehicle,0.0,0.0,0.0,0.0,0.0,0.0
1784885379413703918,3417,1784885379413703918,vehicle,0.0,0.0,0.0,0.0,0.0,0.0
1784885379413703918,3418,1784885379413703918,vehicle,0.0,0.0,0.0,0.0,0.0,0.0
1784885379413703918,3419,1784885379413703918,vehicle,0.0,0.0,0.0,0.0,0.0,0.0
1784885379413703918,3420,1784885379413703918,vehicle,0.0,0.0,0.0,0.0,0.0,0.0
1784885379413703918,3421,1784885379413703918,vehicle,0.0,0.0,0.0,0.0,0.0,0.0
1784885379413703918,3422,1784885379413703918,vehicle,0.0,0.0,0.0,0.0,0.0,0.0
1784885379413703918,3423,1784885379413703918,vehicle,0.0,0.0,0.0,0.0,0.0,0.0
1784885379413703918,3424,1784885379413703918,vehicle,0.0,0.0,0.0,0.0,0.0,0.0
1784885379413703918,3425,1784885379413703918,vehicle,0.0,0.0,0.0,0.0,0.0,0.0
1784885379413703918,3426,1784885379413703918,vehicle,0.0,0.0,0.0,0.0,0.0,0.0
1784885379413703918,3427,1784885379413703918,vehicle,0.0,0.0,0.0,0.0,0.0,0.0
1784885379413703918,3428,1784885379413703918,vehicle,0.0,0.0,0.0,0.0,0.0,0.0
1784885379413703918,3429,1784885379413703918,vehicle,0.0,0.0,0.0,0.0,0.0,0.0
1784885379413703918,3430,1784885379413703918,vehicle,0.0,0.0,0.0,0.0,0.0,0.0
1784885379413703918,3431,1784885379413703918,vehicle,0.0,0.0,0.0,0.0,0.0,0.0
1784885379413703918,3432,1784885379413703918,vehicle,0.0,0.0,0.0,0.0,0.0,0.0
1784885379413703918,3433,1784885379413703918,vehicle,0.0,0.0,0.0,0.0,0.0,0.0
1784885379413703918,3434,1784885379413703918,vehicle,0.0,0.0,0.0,0.0,0.0,0.0
1784885379413703918,3435,1784885379413703918,vehicle,0.0,0.0,0.0,0.0,0.0,0.0
1784885379413703918,3436,1784885379413703918,vehicle,0.0,0.0,0.0,0.0,0.0,0.0
1784885379413703918,3437,1784885379413703918,vehicle,0.0,0.0,0.0,0.0,0.0,0.0
1784885379413703918,3438,1784885379413703918,vehicle,0.0,0.0,0.0,0.0,0.0,0.0
1784885379413703918,3439,1784885379413703918,vehicle,0.0,0.0,0.0,0.0,0.0,0.0
1784885379413703918,3440,1784885379413703918,vehicle,0.0,0.0,0.0,0.0,0.0,0.0
1784885379413703918,3441,1784885379413703918,vehicle,0.0,0.0,0.0,0.0,0.0,0.0
1784885379413703918,3442,1784885379413703918,vehicle,0.0,0.0,0.0,0.0,0.0,0.0
1784885379413703918,3443,1784885379413703918,vehicle,0.0,0.0,0.0,0.0,0.0,0.0
1784885379413703918,3444,1784885379413703918,vehicle,0.0,0.0,0.0,0.0,0.0,0.0
1784885379413703918,3445,1784885379413703918,vehicle,0.0,0.0,0.0,0.0,0.0,0.0
1784885379413703918,3446,1784885379413703918,vehicle,0.0,0.0,0.0,0.0,0.0,0.0
1784885379413703918,3447,1784885379413703918,vehicle,0.0,0.0,0.0,0.0,0.0,0.0
1784885379413703918,3448,1784885379413703918,vehicle,0.0,0.0,0.0,0.0,0.0,0.0
1784885379413703918,3449,1784885379413703918,vehicle,0.0,0.0,0.0,0.0,0.0,0.0
1784885379413703918,3450,1784885379413703918,vehicle,0.0,0.0,0.0,0.0,0.0,0.0
1784885379413703918,3451,1784885379413703918,vehicle,0.0,0.0,0.0,0.0,0.0,0.0
1784885379413703918,3452,1784885379413703918,vehicle,0.0,0.0,0.0,0.0,0.0,0.0
1784885379413703918,3453,1784885379413703918,vehicle,0.0,0.0,0.0,0.0,0.0,0.0
1784885379413703918,3454,1784885379413703918,vehicle,0.0,0.0,0.0,0.0,0.0,0.0
1784885379413703918,3455,1784885379413703918,vehicle,0.0,0.0,0.0,0.0,0.0,0.0
1784885379413703918,3456,1784885379413703918,vehicle,0.0,0.0,0.0,0.0,0.0,0.0
1784885379413703918,3457,1784885379413703918,vehicle,0.0,0.0,0.0,0.0,0.0,0.0
1784885379413703918,3458,1784885379413703918,vehicle,0.0,0.0,0.0,0.0,0.0,0.0
1784885379413703918,3459,1784885379413703918,vehicle,0.0,0.0,0.0,0.0,0.0,0.0
1784885379413703918,3460,1784885379413703918,vehicle,0.0,0.0,0.0,0.0,0.0,0.0
1784885379413703918,3461,1784885379413703918,vehicle,0.0,0.0,0.0,0.0,0.0,0.0
1784885379413703918,3462,1784885379413703918,vehicle,0.0,0.0,0.0,0.0,0.0,0.0
1784885379413703918,3463,1784885379413703918,vehicle,0.0,0.0,0.0,0.0,0.0,0.0
1784885379413703918,3464,1784885379413703918,vehicle,0.0,0.0,0.0,0.0,0.0,0.0
1784885379413703918,3465,1784885379413703918,vehicle,0.0,0.0,0.0,0.0,0.0,0.0
1784885379413703918,3466,1784885379413703918,vehicle,0.0,0.0,0.0,0.0,0.0,0.0
1784885379413703918,3467,1784885379413703918,vehicle,0.0,0.0,0.0,0.0,0.0,0.0
1784885379413703918,3468,1784885379413703918,vehicle,0.0,0.0,0.0,0.0,0.0,0.0
1784885379413703918,3469,1784885379413703918,vehicle,0.0,0.0,0.0,0.0,0.0,0.0
1784885379413703918,3470,1784885379413703918,vehicle,0.0,0.0,0.0,0.0,0.0,0.0
1784885379413703918,3471,1784885379413703918,vehicle,0.0,0.0,0.0,0.0,0.0,0.0
1784885379413703918,3472,1784885379413703918,vehicle,0.0,0.0,0.0,0.0,0.0,0.0
1784885379413703918,3473,1784885379413703918,vehicle,0.0,0.0,0.0,0.0,0.0,0.0
1784885379413703918,3474,1784885379413703918,vehicle,0.0,0.0,0.0,0.0,0.0,0.0
1784885379413703918,3475,1784885379413703918,vehicle,0.0,0.0,0.0,0.0,0.0,0.0
1784885379413703918,3476,1784885379413703918,vehicle,0.0,0.0,0.0,0.0,0.0,0.0
1784885379413703918,3477,1784885379413703918,vehicle,0.0,0.0,0.0,0.0,0.0,0.0
1784885379413703918,3478,1784885379413703918,vehicle,0.0,0.0,0.0,0.0,0.0,0.0
1784885379413703918,3479,1784885379413703918,vehicle,0.0,0.0,0.0,0.0,0.0,0.0
1784885379413703918,3480,1784885379413703918,vehicle,0.0,0.0,0.0,0.0,0.0,0.0
1784885379413703918,3481,1784885379413703918,vehicle,0.0,0.0,0.0,0.0,0.0,0.0
1784885379413703918,3482,1784885379413703918,vehicle,0.0,0.0,0.0,0.0,0.0,0.0
1784885379413703918,3483,1784885379413703918,vehicle,0.0,0.0,0.0,0.0,0.0,0.0
1784885379413703918,3484,1784885379413703918,vehicle,0.0,0.0,0.0,0.0,0.0,0.0
1784885379413703918,3485,1784885379413703918,vehicle,0.0,0.0,0.0,0.0,0.0,0.0
1784885379413703918,3486,1784885379413703918,vehicle,0.0,0.0,0.0,0.0,0.0,0.0
1784885379413703918,3487,1784885379413703918,vehicle,0.0,0.0,0.0,0.0,0.0,0.0
1784885379413703918,3488,1784885379413703918,vehicle,0.0,0.0,0.0,0.0,0.0,0.0
1784885379413703918,3489,1784885379413703918,vehicle,0.0,0.0,0.0,0.0,0.0,0.0
1784885379413703918,3490,1784885379413703918,vehicle,0.0,0.0,0.0,0.0,0.0,0.0
1784885379413703918,3491,1784885379413703918,vehicle,0.0,0.0,0.0,0.0,0.0,0.0
1784885379413703918,3492,1784885379413703918,vehicle,0.0,0.0,0.0,0.0,0.0,0.0
1784885379413703918,3493,1784885379413703918,vehicle,0.0,0.0,0.0,0.0,0.0,0.0
1784885379413703918,3494,1784885379413703918,vehicle,0.0,0.0,0.0,0.0,0.0,0.0
1784885379413703918,3495,1784885379413703918,vehicle,0.0,0.0,0.0,0.0,0.0,0.0
1784885379413703918,3496,1784885379413703918,vehicle,0.0,0.0,0.0,0.0,0.0,0.0
1784885379413703918,3497,1784885379413703918,vehicle,0.0,0.0,0.0,0.0,0.0,0.0
1784885379413703918,3498,1784885379413703918,vehicle,0.0,0.0,0.0,0.0,0.0,0.0
1784885379413703918,3499,1784885379413703918,vehicle,0.0,0.0,0.0,0.0,0.0,0.0
1784885379413703918,3500,1784885379413703918,vehicle,0.0,0.0,0.0,0.0,0.0,0.0
1784885379413703918,3501,1784885379413703918,vehicle,0.0,0.0,0.0,0.0,0.0,0.0
1784885379413703918,3502,1784885379413703918,vehicle,0.0,0.0,0.0,0.0,0.0,0.0
1784885379413703918,3503,1784885379413703918,vehicle,0.0,0.0,0.0,0.0,0.0,0.0
1784885379413703918,3504,1784885379413703918,vehicle,0.0,0.0,0.0,0.0,0.0,0.0
1784885379413703918,3505,1784885379413703918,vehicle,0.0,0.0,0.0,0.0,0.0,0.0
1784885379413703918,3506,1784885379413703918,vehicle,0.0,0.0,0.0,0.0,0.0,0.0
1784885379413703918,3507,1784885379413703918,vehicle,0.0,0.0,0.0,0.0,0.0,0.0
1784885379413703918,3508,1784885379413703918,vehicle,0.0,0.0,0.0,0.0,0.0,0.0
1784885379413703918,3509,1784885379413703918,vehicle,0.0,0.0,0.0,0.0,0.0,0.0
1784885379413703918,3510,1784885379413703918,vehicle,0.0,0.0,0.0,0.0,0.0,0.0
1784885379413703918,3511,1784885379413703918,vehicle,0.0,0.0,0.0,0.0,0.0,0.0
1784885379413703918,3512,1784885379413703918,vehicle,0.0,0.0,0.0,0.0,0.0,0.0
1784885379413703918,3513,1784885379413703918,vehicle,0.0,0.0,0.0,0.0,0.0,0.0
1784885379413703918,3514,1784885379413703918,vehicle,0.0,0.0,0.0,0.0,0.0,0.0
1784885379413703918,3515,1784885379413703918,vehicle,0.0,0.0,0.0,0.0,0.0,0.0
1784885379413703918,3516,1784885379413703918,vehicle,0.0,0.0,0.0,0.0,0.0,0.0
1784885379413703918,3517,1784885379413703918,vehicle,0.0,0.0,0.0,0.0,0.0,0.0
1784885379413703918,3518,1784885379413703918,vehicle,0.0,0.0,0.0,0.0,0.0,0.0
1784885379413703918,3519,1784885379413703918,vehicle,0.0,0.0,0.0,0.0,0.0,0.0
1784885379413703918,3520,1784885379413703918,vehicle,0.0,0.0,0.0,0.0,0.0,0.0
1784885379413703918,3521,1784885379413703918,vehicle,0.0,0.0,0.0,0.0,0.0,0.0
1784885379413703918,3522,1784885379413703918,vehicle,0.0,0.0,0.0,0.0,0.0,0.0
1784885379413703918,3523,1784885379413703918,vehicle,0.0,0.0,0.0,0.0,0.0,0.0
1784885379413703918,3524,1784885379413703918,vehicle,0.0,0.0,0.0,0.0,0.0,0.0
1784885379413703918,3525,1784885379413703918,vehicle,0.0,0.0,0.0,0.0,0.0,0.0
1784885379413703918,3526,1784885379413703918,vehicle,0.0,0.0,0.0,0.0,0.0,0.0
1784885379413703918,3527,1784885379413703918,vehicle,0.0,0.0,0.0,0.0,0.0,0.0
1784885379413703918,3528,1784885379413703918,vehicle,0.0,0.0,0.0,0.0,0.0,0.0
1784885379413703918,3529,1784885379413703918,vehicle,0.0,0.0,0.0,0.0,0.0,0.0
1784885379413703918,3530,1784885379413703918,vehicle,0.0,0.0,0.0,0.0,0.0,0.0
1784885379413703918,3531,1784885379413703918,vehicle,0.0,0.0,0.0,0.0,0.0,0.0
1784885379413703918,3532,1784885379413703918,vehicle,0.0,0.0,0.0,0.0,0.0,0.0
1784885379413703918,3533,1784885379413703918,vehicle,0.0,0.0,0.0,0.0,0.0,0.0
1784885379413703918,3534,1784885379413703918,vehicle,0.0,0.0,0.0,0.0,0.0,0.0
1784885379413703918,3535,1784885379413703918,vehicle,0.0,0.0,0.0,0.0,0.0,0.0
1784885379413703918,3536,1784885379413703918,vehicle,0.0,0.0,0.0,0.0,0.0,0.0
1784885379413703918,3537,1784885379413703918,vehicle,0.0,0.0,0.0,0.0,0.0,0.0
1784885379413703918,3538,1784885379413703918,vehicle,0.0,0.0,0.0,0.0,0.0,0.0
1784885379413703918,3539,1784885379413703918,vehicle,0.0,0.0,0.0,0.0,0.0,0.0
1784885379413703918,3540,1784885379413703918,vehicle,0.0,0.0,0.0,0.0,0.0,0.0
1784885379413703918,3541,1784885379413703918,vehicle,0.0,0.0,0.0,0.0,0.0,0.0
1784885379413703918,3542,1784885379413703918,vehicle,0.0,0.0,0.0,0.0,0.0,0.0
1784885379413703918,3543,1784885379413703918,vehicle,0.0,0.0,0.0,0.0,0.0,0.0
1784885379413703918,3544,1784885379413703918,vehicle,0.0,0.0,0.0,0.0,0.0,0.0
1784885379413703918,3545,1784885379413703918,vehicle,0.0,0.0,0.0,0.0,0.0,0.0
1784885379413703918,3546,1784885379413703918,vehicle,0.0,0.0,0.0,0.0,0.0,0.0
1784885379413703918,3547,1784885379413703918,vehicle,0.0,0.0,0.0,0.0,0.0,0.0
1784885379413703918,3548,1784885379413703918,vehicle,0.0,0.0,0.0,0.0,0.0,0.0
1784885379413703918,3549,1784885379413703918,vehicle,0.0,0.0,0.0,0.0,0.0,0.0
1784885379413703918,3550,1784885379413703918,vehicle,0.0,0.0,0.0,0.0,0.0,0.0
1784885379413703918,3551,1784885379413703918,vehicle,0.0,0.0,0.0,0.0,0.0,0.0
1784885379413703918,3552,1784885379413703918,vehicle,0.0,0.0,0.0,0.0,0.0,0.0
1784885379413703918,3553,1784885379413703918,vehicle,0.0,0.0,0.0,0.0,0.0,0.0
1784885379413703918,3554,1784885379413703918,vehicle,0.0,0.0,0.0,0.0,0.0,0.0
1784885379413703918,3555,1784885379413703918,vehicle,0.0,0.0,0.0,0.0,0.0,0.0
1784885379413703918,3556,1784885379413703918,vehicle,0.0,0.0,0.0,0.0,0.0,0.0
1784885379413703918,3557,1784885379413703918,vehicle,0.0,0.0,0.0,0.0,0.0,0.0
1784885379413703918,3558,1784885379413703918,vehicle,0.0,0.0,0.0,0.0,0.0,0.0
1784885379413703918,3559,1784885379413703918,vehicle,0.0,0.0,0.0,0.0,0.0,0.0
1784885379413703918,3560,1784885379413703918,vehicle,0.0,0.0,0.0,0.0,0.0,0.0
1784885379413703918,3561,1784885379413703918,vehicle,0.0,0.0,0.0,0.0,0.0,0.0
1784885379413703918,3562,1784885379413703918,vehicle,0.0,0.0,0.0,0.0,0.0,0.0
1784885379413703918,3563,1784885379413703918,vehicle,0.0,0.0,0.0,0.0,0.0,0.0
1784885379413703918,3564,1784885379413703918,vehicle,0.0,0.0,0.0,0.0,0.0,0.0
1784885379413703918,3565,1784885379413703918,vehicle,0.0,0.0,0.0,0.0,0.0,0.0
1784885379413703918,3566,1784885379413703918,vehicle,0.0,0.0,0.0,0.0,0.0,0.0
1784885379413703918,3567,1784885379413703918,vehicle,0.0,0.0,0.0,0.0,0.0,0.0
1784885379413703918,3568,1784885379413703918,vehicle,0.0,0.0,0.0,0.0,0.0,0.0
1784885379413703918,3569,1784885379413703918,vehicle,0.0,0.0,0.0,0.0,0.0,0.0
1784885379413703918,3570,1784885379413703918,vehicle,0.0,0.0,0.0,0.0,0.0,0.0
1784885379413703918,3571,1784885379413703918,vehicle,0.0,0.0,0.0,0.0,0.0,0.0
1784885379413703918,3572,1784885379413703918,vehicle,0.0,0.0,0.0,0.0,0.0,0.0
1784885379413703918,3573,1784885379413703918,vehicle,0.0,0.0,0.0,0.0,0.0,0.0
1784885379413703918,3574,1784885379413703918,vehicle,0.0,0.0,0.0,0.0,0.0,0.0
1784885379413703918,3575,1784885379413703918,vehicle,0.0,0.0,0.0,0.0,0.0,0.0
1784885379413703918,3576,1784885379413703918,vehicle,0.0,0.0,0.0,0.0,0.0,0.0
1784885379413703918,3577,1784885379413703918,vehicle,0.0,0.0,0.0,0.0,0.0,0.0
1784885379413703918,3578,1784885379413703918,vehicle,0.0,0.0,0.0,0.0,0.0,0.0
1784885379413703918,3579,1784885379413703918,vehicle,0.0,0.0,0.0,0.0,0.0,0.0
1784885379413703918,3580,1784885379413703918,vehicle,0.0,0.0,0.0,0.0,0.0,0.0
1784885379413703918,3581,1784885379413703918,vehicle,0.0,0.0,0.0,0.0,0.0,0.0
1784885379413703918,3582,1784885379413703918,vehicle,0.0,0.0,0.0,0.0,0.0,0.0
1784885379413703918,3583,1784885379413703918,vehicle,0.0,0.0,0.0,0.0,0.0,0.0
1784885379413703918,3584,1784885379413703918,vehicle,0.0,0.0,0.0,0.0,0.0,0.0
1784885379413703918,3585,1784885379413703918,vehicle,0.0,0.0,0.0,0.0,0.0,0.0
1784885379413703918,3586,1784885379413703918,vehicle,0.0,0.0,0.0,0.0,0.0,0.0
1784885379413703918,3587,1784885379413703918,vehicle,0.0,0.0,0.0,0.0,0.0,0.0
1784885379413703918,3588,1784885379413703918,vehicle,0.0,0.0,0.0,0.0,0.0,0.0
1784885379413703918,3589,1784885379413703918,vehicle,0.0,0.0,0.0,0.0,0.0,0.0
1784885379413703918,3590,1784885379413703918,vehicle,0.0,0.0,0.0,0.0,0.0,0.0
1784885379413703918,3591,1784885379413703918,vehicle,0.0,0.0,0.0,0.0,0.0,0.0
1784885379413703918,3592,1784885379413703918,vehicle,0.0,0.0,0.0,0.0,0.0,0.0
1784885379413703918,3593,1784885379413703918,vehicle,0.0,0.0,0.0,0.0,0.0,0.0
1784885379413703918,3594,1784885379413703918,vehicle,0.0,0.0,0.0,0.0,0.0,0.0
1784885379413703918,3595,1784885379413703918,vehicle,0.0,0.0,0.0,0.0,0.0,0.0
1784885379413703918,3596,1784885379413703918,vehicle,0.0,0.0,0.0,0.0,0.0,0.0
1784885379413703918,3597,1784885379413703918,vehicle,0.0,0.0,0.0,0.0,0.0,0.0
1784885379413703918,3598,1784885379413703918,vehicle,0.0,0.0,0.0,0.0,0.0,0.0
1784885379413703918,3599,1784885379413703918,vehicle,0.0,0.0,0.0,0.0,0.0,0.0
1784885379413703918,3600,1784885379413703918,vehicle,0.0,0.0,0.0,0.0,0.0,0.0
1784885379413703918,3601,1784885379413703918,vehicle,0.0,0.0,0.0,0.0,0.0,0.0
1784885379413703918,3602,1784885379413703918,vehicle,0.0,0.0,0.0,0.0,0.0,0.0
1784885379413703918,3603,1784885379413703918,vehicle,0.0,0.0,0.0,0.0,0.0,0.0
1784885379413703918,3604,1784885379413703918,vehicle,0.0,0.0,0.0,0.0,0.0,0.0
1784885379413703918,3605,1784885379413703918,vehicle,0.0,0.0,0.0,0.0,0.0,0.0
1784885379413703918,3606,1784885379413703918,vehicle,0.0,0.0,0.0,0.0,0.0,0.0
1784885379413703918,3607,1784885379413703918,vehicle,0.0,0.0,0.0,0.0,0.0,0.0
1784885379413703918,3608,1784885379413703918,vehicle,0.0,0.0,0.0,0.0,0.0,0.0
1784885379413703918,3609,1784885379413703918,vehicle,0.0,0.0,0.0,0.0,0.0,0.0
1784885379413703918,3610,1784885379413703918,vehicle,0.0,0.0,0.0,0.0,0.0,0.0
1784885379413703918,3611,1784885379413703918,vehicle,0.0,0.0,0.0,0.0,0.0,0.0
1784885379413703918,3612,1784885379413703918,vehicle,0.0,0.0,0.0,0.0,0.0,0.0
1784885379413703918,3613,1784885379413703918,vehicle,0.0,0.0,0.0,0.0,0.0,0.0
1784885379413703918,3614,1784885379413703918,vehicle,0.0,0.0,0.0,0.0,0.0,0.0
1784885379413703918,3615,1784885379413703918,vehicle,0.0,0.0,0.0,0.0,0.0,0.0
1784885379413703918,3616,1784885379413703918,vehicle,0.0,0.0,0.0,0.0,0.0,0.0
1784885379413703918,3617,1784885379413703918,vehicle,0.0,0.0,0.0,0.0,0.0,0.0
1784885379413703918,3618,1784885379413703918,vehicle,0.0,0.0,0.0,0.0,0.0,0.0
1784885379413703918,3619,1784885379413703918,vehicle,0.0,0.0,0.0,0.0,0.0,0.0
1784885379413703918,3620,1784885379413703918,vehicle,0.0,0.0,0.0,0.0,0.0,0.0
1784885379413703918,3621,1784885379413703918,vehicle,0.0,0.0,0.0,0.0,0.0,0.0
1784885379413703918,3622,1784885379413703918,vehicle,0.0,0.0,0.0,0.0,0.0,0.0
1784885379413703918,3623,1784885379413703918,vehicle,0.0,0.0,0.0,0.0,0.0,0.0
1784885379413703918,3624,1784885379413703918,vehicle,0.0,0.0,0.0,0.0,0.0,0.0
1784885379413703918,3625,1784885379413703918,vehicle,0.0,0.0,0.0,0.0,0.0,0.0
1784885379413703918,3626,1784885379413703918,vehicle,0.0,0.0,0.0,0.0,0.0,0.0
1784885379413703918,3627,1784885379413703918,vehicle,0.0,0.0,0.0,0.0,0.0,0.0
1784885379413703918,3628,1784885379413703918,vehicle,0.0,0.0,0.0,0.0,0.0,0.0
1784885379413703918,3629,1784885379413703918,vehicle,0.0,0.0,0.0,0.0,0.0,0.0
1784885379413703918,3630,1784885379413703918,vehicle,0.0,0.0,0.0,0.0,0.0,0.0
1784885379413703918,3631,1784885379413703918,vehicle,0.0,0.0,0.0,0.0,0.0,0.0
1784885379413703918,3632,1784885379413703918,vehicle,0.0,0.0,0.0,0.0,0.0,0.0
1784885379413703918,3633,1784885379413703918,vehicle,0.0,0.0,0.0,0.0,0.0,0.0
1784885379413703918,3634,1784885379413703918,vehicle,0.0,0.0,0.0,0.0,0.0,0.0
1784885379413703918,3635,1784885379413703918,vehicle,0.0,0.0,0.0,0.0,0.0,0.0
1784885379413703918,3636,1784885379413703918,vehicle,0.0,0.0,0.0,0.0,0.0,0.0
1784885379413703918,3637,1784885379413703918,vehicle,0.0,0.0,0.0,0.0,0.0,0.0
1784885379413703918,3638,1784885379413703918,vehicle,0.0,0.0,0.0,0.0,0.0,0.0
1784885379413703918,3639,1784885379413703918,vehicle,0.0,0.0,0.0,0.0,0.0,0.0
1784885379413703918,3640,1784885379413703918,vehicle,0.0,0.0,0.0,0.0,0.0,0.0
1784885379413703918,3641,1784885379413703918,vehicle,0.0,0.0,0.0,0.0,0.0,0.0
1784885379413703918,3642,1784885379413703918,vehicle,0.0,0.0,0.0,0.0,0.0,0.0
1784885379413703918,3643,1784885379413703918,vehicle,0.0,0.0,0.0,0.0,0.0,0.0
1784885379413703918,3644,1784885379413703918,vehicle,0.0,0.0,0.0,0.0,0.0,0.0
1784885379413703918,3645,1784885379413703918,vehicle,0.0,0.0,0.0,0.0,0.0,0.0
1784885379413703918,3646,1784885379413703918,vehicle,0.0,0.0,0.0,0.0,0.0,0.0
1784885379413703918,3647,1784885379413703918,vehicle,0.0,0.0,0.0,0.0,0.0,0.0
1784885379413703918,3648,1784885379413703918,vehicle,0.0,0.0,0.0,0.0,0.0,0.0
1784885379413703918,3649,1784885379413703918,vehicle,0.0,0.0,0.0,0.0,0.0,0.0
1784885379413703918,3650,1784885379413703918,vehicle,0.0,0.0,0.0,0.0,0.0,0.0
1784885379413703918,3651,1784885379413703918,vehicle,0.0,0.0,0.0,0.0,0.0,0.0
1784885379413703918,3652,1784885379413703918,vehicle,0.0,0.0,0.0,0.0,0.0,0.0
1784885379413703918,3653,1784885379413703918,vehicle,0.0,0.0,0.0,0.0,0.0,0.0
1784885379413703918,3654,1784885379413703918,vehicle,0.0,0.0,0.0,0.0,0.0,0.0
1784885379413703918,3655,1784885379413703918,vehicle,0.0,0.0,0.0,0.0,0.0,0.0
1784885379413703918,3656,1784885379413703918,vehicle,0.0,0.0,0.0,0.0,0.0,0.0
1784885379413703918,3657,1784885379413703918,vehicle,0.0,0.0,0.0,0.0,0.0,0.0
1784885379413703918,3658,1784885379413703918,vehicle,0.0,0.0,0.0,0.0,0.0,0.0
1784885379413703918,3659,1784885379413703918,vehicle,0.0,0.0,0.0,0.0,0.0,0.0
1784885379413703918,3660,1784885379413703918,vehicle,0.0,0.0,0.0,0.0,0.0,0.0
1784885379413703918,3661,1784885379413703918,vehicle,0.0,0.0,0.0,0.0,0.0,0.0
1784885379413703918,3662,1784885379413703918,vehicle,0.0,0.0,0.0,0.0,0.0,0.0
1784885379413703918,3663,1784885379413703918,vehicle,0.0,0.0,0.0,0.0,0.0,0.0
1784885379413703918,3664,1784885379413703918,vehicle,0.0,0.0,0.0,0.0,0.0,0.0
1784885379413703918,3665,1784885379413703918,vehicle,0.0,0.0,0.0,0.0,0.0,0.0
1784885379413703918,3666,1784885379413703918,vehicle,0.0,0.0,0.0,0.0,0.0,0.0
1784885379413703918,3667,1784885379413703918,vehicle,0.0,0.0,0.0,0.0,0.0,0.0
1784885379413703918,3668,1784885379413703918,vehicle,0.0,0.0,0.0,0.0,0.0,0.0
1784885379413703918,3669,1784885379413703918,vehicle,0.0,0.0,0.0,0.0,0.0,0.0
1784885379413703918,3670,1784885379413703918,vehicle,0.0,0.0,0.0,0.0,0.0,0.0
1784885379413703918,3671,1784885379413703918,vehicle,0.0,0.0,0.0,0.0,0.0,0.0
1784885379413703918,3672,1784885379413703918,vehicle,0.0,0.0,0.0,0.0,0.0,0.0
1784885379413703918,3673,1784885379413703918,vehicle,0.0,0.0,0.0,0.0,0.0,0.0
1784885379413703918,3674,1784885379413703918,vehicle,0.0,0.0,0.0,0.0,0.0,0.0
1784885379413703918,3675,1784885379413703918,vehicle,0.0,0.0,0.0,0.0,0.0,0.0
1784885379413703918,3676,1784885379413703918,vehicle,0.0,0.0,0.0,0.0,0.0,0.0
1784885379413703918,3677,1784885379413703918,vehicle,0.0,0.0,0.0,0.0,0.0,0.0
1784885379413703918,3678,1784885379413703918,vehicle,0.0,0.0,0.0,0.0,0.0,0.0
1784885379413703918,3679,1784885379413703918,vehicle,0.0,0.0,0.0,0.0,0.0,0.0
1784885379413703918,3680,1784885379413703918,vehicle,0.0,0.0,0.0,0.0,0.0,0.0
1784885379413703918,3681,1784885379413703918,vehicle,0.0,0.0,0.0,0.0,0.0,0.0
1784885379413703918,3682,1784885379413703918,vehicle,0.0,0.0,0.0,0.0,0.0,0.0
1784885379413703918,3683,1784885379413703918,vehicle,0.0,0.0,0.0,0.0,0.0,0.0
1784885379413703918,3684,1784885379413703918,vehicle,0.0,0.0,0.0,0.0,0.0,0.0
1784885379413703918,3685,1784885379413703918,vehicle,0.0,0.0,0.0,0.0,0.0,0.0
1784885379413703918,3686,1784885379413703918,vehicle,0.0,0.0,0.0,0.0,0.0,0.0
1784885379413703918,3687,1784885379413703918,vehicle,0.0,0.0,0.0,0.0,0.0,0.0
1784885379413703918,3688,1784885379413703918,vehicle,0.0,0.0,0.0,0.0,0.0,0.0
1784885379413703918,3689,1784885379413703918,vehicle,0.0,0.0,0.0,0.0,0.0,0.0
1784885379413703918,3690,1784885379413703918,vehicle,0.0,0.0,0.0,0.0,0.0,0.0
1784885379413703918,3691,1784885379413703918,vehicle,0.0,0.0,0.0,0.0,0.0,0.0
1784885379413703918,3692,1784885379413703918,vehicle,0.0,0.0,0.0,0.0,0.0,0.0
1784885379413703918,3693,1784885379413703918,vehicle,0.0,0.0,0.0,0.0,0.0,0.0
1784885379413703918,3694,1784885379413703918,vehicle,0.0,0.0,0.0,0.0,0.0,0.0
1784885379413703918,3695,1784885379413703918,vehicle,0.0,0.0,0.0,0.0,0.0,0.0
1784885379413703918,3696,1784885379413703918,vehicle,0.0,0.0,0.0,0.0,0.0,0.0
1784885379413703918,3697,1784885379413703918,vehicle,0.0,0.0,0.0,0.0,0.0,0.0
1784885379413703918,3698,1784885379413703918,vehicle,0.0,0.0,0.0,0.0,0.0,0.0
1784885379413703918,3699,1784885379413703918,vehicle,0.0,0.0,0.0,0.0,0.0,0.0
1784885379413703918,3700,1784885379413703918,vehicle,0.0,0.0,0.0,0.0,0.0,0.0
1784885379413703918,3701,1784885379413703918,vehicle,0.0,0.0,0.0,0.0,0.0,0.0
1784885379413703918,3702,1784885379413703918,vehicle,0.0,0.0,0.0,0.0,0.0,0.0
1784885379413703918,3703,1784885379413703918,vehicle,0.0,0.0,0.0,0.0,0.0,0.0
1784885379413703918,3704,1784885379413703918,vehicle,0.0,0.0,0.0,0.0,0.0,0.0
1784885379413703918,3705,1784885379413703918,vehicle,0.0,0.0,0.0,0.0,0.0,0.0
1784885379413703918,3706,1784885379413703918,vehicle,0.0,0.0,0.0,0.0,0.0,0.0
1784885379413703918,3707,1784885379413703918,vehicle,0.0,0.0,0.0,0.0,0.0,0.0
1784885379413703918,3708,1784885379413703918,vehicle,0.0,0.0,0.0,0.0,0.0,0.0
1784885379413703918,3709,1784885379413703918,vehicle,0.0,0.0,0.0,0.0,0.0,0.0
1784885379413703918,3710,1784885379413703918,vehicle,0.0,0.0,0.0,0.0,0.0,0.0
1784885379413703918,3711,1784885379413703918,vehicle,0.0,0.0,0.0,0.0,0.0,0.0
1784885379413703918,3712,1784885379413703918,vehicle,0.0,0.0,0.0,0.0,0.0,0.0
1784885379413703918,3713,1784885379413703918,vehicle,0.0,0.0,0.0,0.0,0.0,0.0
1784885379413703918,3714,1784885379413703918,vehicle,0.0,0.0,0.0,0.0,0.0,0.0
1784885379413703918,3715,1784885379413703918,vehicle,0.0,0.0,0.0,0.0,0.0,0.0
1784885379413703918,3716,1784885379413703918,vehicle,0.0,0.0,0.0,0.0,0.0,0.0
1784885379413703918,3717,1784885379413703918,vehicle,0.0,0.0,0.0,0.0,0.0,0.0
1784885379413703918,3718,1784885379413703918,vehicle,0.0,0.0,0.0,0.0,0.0,0.0
1784885379413703918,3719,1784885379413703918,vehicle,0.0,0.0,0.0,0.0,0.0,0.0
1784885379413703918,3720,1784885379413703918,vehicle,0.0,0.0,0.0,0.0,0.0,0.0
1784885379413703918,3721,1784885379413703918,vehicle,0.0,0.0,0.0,0.0,0.0,0.0
1784885379413703918,3722,1784885379413703918,vehicle,0.0,0.0,0.0,0.0,0.0,0.0
1784885379413703918,3723,1784885379413703918,vehicle,0.0,0.0,0.0,0.0,0.0,0.0
1784885379413703918,3724,1784885379413703918,vehicle,0.0,0.0,0.0,0.0,0.0,0.0
1784885379413703918,3725,1784885379413703918,vehicle,0.0,0.0,0.0,0.0,0.0,0.0
1784885379413703918,3726,1784885379413703918,vehicle,0.0,0.0,0.0,0.0,0.0,0.0
1784885379413703918,3727,1784885379413703918,vehicle,0.0,0.0,0.0,0.0,0.0,0.0
1784885379413703918,3728,1784885379413703918,vehicle,0.0,0.0,0.0,0.0,0.0,0.0
1784885379413703918,3729,1784885379413703918,vehicle,0.0,0.0,0.0,0.0,0.0,0.0
1784885379413703918,3730,1784885379413703918,vehicle,0.0,0.0,0.0,0.0,0.0,0.0
1784885379413703918,3731,1784885379413703918,vehicle,0.0,0.0,0.0,0.0,0.0,0.0
1784885379413703918,3732,1784885379413703918,vehicle,0.0,0.0,0.0,0.0,0.0,0.0
1784885379413703918,3733,1784885379413703918,vehicle,0.0,0.0,0.0,0.0,0.0,0.0
1784885379413703918,3734,1784885379413703918,vehicle,0.0,0.0,0.0,0.0,0.0,0.0
1784885379413703918,3735,1784885379413703918,vehicle,0.0,0.0,0.0,0.0,0.0,0.0
1784885379413703918,3736,1784885379413703918,vehicle,0.0,0.0,0.0,0.0,0.0,0.0
1784885379413703918,3737,1784885379413703918,vehicle,0.0,0.0,0.0,0.0,0.0,0.0
1784885379413703918,3738,1784885379413703918,vehicle,0.0,0.0,0.0,0.0,0.0,0.0
1784885379413703918,3739,1784885379413703918,vehicle,0.0,0.0,0.0,0.0,0.0,0.0
1784885379413703918,3740,1784885379413703918,vehicle,0.0,0.0,0.0,0.0,0.0,0.0
1784885379413703918,3741,1784885379413703918,vehicle,0.0,0.0,0.0,0.0,0.0,0.0
1784885379413703918,3742,1784885379413703918,vehicle,0.0,0.0,0.0,0.0,0.0,0.0
1784885379413703918,3743,1784885379413703918,vehicle,0.0,0.0,0.0,0.0,0.0,0.0
1784885379413703918,3744,1784885379413703918,vehicle,0.0,0.0,0.0,0.0,0.0,0.0
1784885379413703918,3745,1784885379413703918,vehicle,0.0,0.0,0.0,0.0,0.0,0.0
1784885379413703918,3746,1784885379413703918,vehicle,0.0,0.0,0.0,0.0,0.0,0.0
1784885379413703918,3747,1784885379413703918,vehicle,0.0,0.0,0.0,0.0,0.0,0.0
1784885379413703918,3748,1784885379413703918,vehicle,0.0,0.0,0.0,0.0,0.0,0.0
1784885379413703918,3749,1784885379413703918,vehicle,0.0,0.0,0.0,0.0,0.0,0.0
1784885379413703918,3750,1784885379413703918,vehicle,0.0,0.0,0.0,0.0,0.0,0.0
1784885379413703918,3751,1784885379413703918,vehicle,0.0,0.0,0.0,0.0,0.0,0.0
1784885379413703918,3752,1784885379413703918,vehicle,0.0,0.0,0.0,0.0,0.0,0.0
1784885379413703918,3753,1784885379413703918,vehicle,0.0,0.0,0.0,0.0,0.0,0.0
1784885379413703918,3754,1784885379413703918,vehicle,0.0,0.0,0.0,0.0,0.0,0.0
1784885379413703918,3755,1784885379413703918,vehicle,0.0,0.0,0.0,0.0,0.0,0.0
1784885379413703918,3756,1784885379413703918,vehicle,0.0,0.0,0.0,0.0,0.0,0.0
1784885379413703918,3757,1784885379413703918,vehicle,0.0,0.0,0.0,0.0,0.0,0.0
1784885379413703918,3758,1784885379413703918,vehicle,0.0,0.0,0.0,0.0,0.0,0.0
1784885379413703918,3759,1784885379413703918,vehicle,0.0,0.0,0.0,0.0,0.0,0.0
1784885379413703918,3760,1784885379413703918,vehicle,0.0,0.0,0.0,0.0,0.0,0.0
1784885379413703918,3761,1784885379413703918,vehicle,0.0,0.0,0.0,0.0,0.0,0.0
1784885379413703918,3762,1784885379413703918,vehicle,0.0,0.0,0.0,0.0,0.0,0.0
1784885379413703918,3763,1784885379413703918,vehicle,0.0,0.0,0.0,0.0,0.0,0.0
1784885379413703918,3764,1784885379413703918,vehicle,0.0,0.0,0.0,0.0,0.0,0.0
1784885379413703918,3765,1784885379413703918,vehicle,0.0,0.0,0.0,0.0,0.0,0.0
1784885379413703918,3766,1784885379413703918,vehicle,0.0,0.0,0.0,0.0,0.0,0.0
1784885379413703918,3767,1784885379413703918,vehicle,0.0,0.0,0.0,0.0,0.0,0.0
1784885379413703918,3768,1784885379413703918,vehicle,0.0,0.0,0.0,0.0,0.0,0.0
1784885379413703918,3769,1784885379413703918,vehicle,0.0,0.0,0.0,0.0,0.0,0.0
1784885379413703918,3770,1784885379413703918,vehicle,0.0,0.0,0.0,0.0,0.0,0.0
1784885379413703918,3771,1784885379413703918,vehicle,0.0,0.0,0.0,0.0,0.0,0.0
1784885379413703918,3772,1784885379413703918,vehicle,0.0,0.0,0.0,0.0,0.0,0.0
1784885379413703918,3773,1784885379413703918,vehicle,0.0,0.0,0.0,0.0,0.0,0.0
1784885379413703918,3774,1784885379413703918,vehicle,0.0,0.0,0.0,0.0,0.0,0.0
1784885379413703918,3775,1784885379413703918,vehicle,0.0,0.0,0.0,0.0,0.0,0.0
1784885379413703918,3776,1784885379413703918,vehicle,0.0,0.0,0.0,0.0,0.0,0.0
1784885379413703918,3777,1784885379413703918,vehicle,0.0,0.0,0.0,0.0,0.0,0.0
1784885379413703918,3778,1784885379413703918,vehicle,0.0,0.0,0.0,0.0,0.0,0.0
1784885379413703918,3779,1784885379413703918,vehicle,0.0,0.0,0.0,0.0,0.0,0.0
1784885379413703918,3780,1784885379413703918,vehicle,0.0,0.0,0.0,0.0,0.0,0.0
1784885379413703918,3781,1784885379413703918,vehicle,0.0,0.0,0.0,0.0,0.0,0.0
1784885379413703918,3782,1784885379413703918,vehicle,0.0,0.0,0.0,0.0,0.0,0.0
1784885379413703918,3783,1784885379413703918,vehicle,0.0,0.0,0.0,0.0,0.0,0.0
1784885379413703918,3784,1784885379413703918,vehicle,0.0,0.0,0.0,0.0,0.0,0.0
1784885379413703918,3785,1784885379413703918,vehicle,0.0,0.0,0.0,0.0,0.0,0.0
1784885379413703918,3786,1784885379413703918,vehicle,0.0,0.0,0.0,0.0,0.0,0.0
1784885379413703918,3787,1784885379413703918,vehicle,0.0,0.0,0.0,0.0,0.0,0.0
1784885379413703918,3788,1784885379413703918,vehicle,0.0,0.0,0.0,0.0,0.0,0.0
1784885379413703918,3789,1784885379413703918,vehicle,0.0,0.0,0.0,0.0,0.0,0.0
1784885379413703918,3790,1784885379413703918,vehicle,0.0,0.0,0.0,0.0,0.0,0.0
1784885379413703918,3791,1784885379413703918,vehicle,0.0,0.0,0.0,0.0,0.0,0.0
1784885379413703918,3792,1784885379413703918,vehicle,0.0,0.0,0.0,0.0,0.0,0.0
1784885379413703918,3793,1784885379413703918,vehicle,0.0,0.0,0.0,0.0,0.0,0.0
1784885379413703918,3794,1784885379413703918,vehicle,0.0,0.0,0.0,0.0,0.0,0.0
1784885379413703918,3795,1784885379413703918,vehicle,0.0,0.0,0.0,0.0,0.0,0.0
1784885379413703918,3796,1784885379413703918,vehicle,0.0,0.0,0.0,0.0,0.0,0.0
1784885379413703918,3797,1784885379413703918,vehicle,0.0,0.0,0.0,0.0,0.0,0.0
1784885379413703918,3798,1784885379413703918,vehicle,0.0,0.0,0.0,0.0,0.0,0.0
1784885379413703918,3799,1784885379413703918,vehicle,0.0,0.0,0.0,0.0,0.0,0.0
1784885379413703918,3800,1784885379413703918,vehicle,0.0,0.0,0.0,0.0,0.0,0.0
1784885379413703918,3801,1784885379413703918,vehicle,0.0,0.0,0.0,0.0,0.0,0.0
1784885379413703918,3802,1784885379413703918,vehicle,0.0,0.0,0.0,0.0,0.0,0.0
1784885379413703918,3803,1784885379413703918,vehicle,0.0,0.0,0.0,0.0,0.0,0.0
1784885379413703918,3804,1784885379413703918,vehicle,0.0,0.0,0.0,0.0,0.0,0.0
1784885379413703918,3805,1784885379413703918,vehicle,0.0,0.0,0.0,0.0,0.0,0.0
1784885379413703918,3806,1784885379413703918,vehicle,0.0,0.0,0.0,0.0,0.0,0.0
1784885379413703918,3807,1784885379413703918,vehicle,0.0,0.0,0.0,0.0,0.0,0.0
1784885379413703918,3808,1784885379413703918,vehicle,0.0,0.0,0.0,0.0,0.0,0.0
1784885379413703918,3809,1784885379413703918,vehicle,0.0,0.0,0.0,0.0,0.0,0.0
1784885379413703918,3810,1784885379413703918,vehicle,0.0,0.0,0.0,0.0,0.0,0.0
1784885379413703918,3811,1784885379413703918,vehicle,0.0,0.0,0.0,0.0,0.0,0.0
1784885379413703918,3812,1784885379413703918,vehicle,0.0,0.0,0.0,0.0,0.0,0.0
1784885379413703918,3813,1784885379413703918,vehicle,0.0,0.0,0.0,0.0,0.0,0.0
1784885379413703918,3814,1784885379413703918,vehicle,0.0,0.0,0.0,0.0,0.0,0.0
1784885379413703918,3815,1784885379413703918,vehicle,0.0,0.0,0.0,0.0,0.0,0.0
1784885379413703918,3816,1784885379413703918,vehicle,0.0,0.0,0.0,0.0,0.0,0.0
1784885379413703918,3817,1784885379413703918,vehicle,0.0,0.0,0.0,0.0,0.0,0.0
1784885379413703918,3818,1784885379413703918,vehicle,0.0,0.0,0.0,0.0,0.0,0.0
1784885379413703918,3819,1784885379413703918,vehicle,0.0,0.0,0.0,0.0,0.0,0.0
1784885379413703918,3820,1784885379413703918,vehicle,0.0,0.0,0.0,0.0,0.0,0.0
1784885379413703918,3821,1784885379413703918,vehicle,0.0,0.0,0.0,0.0,0.0,0.0
1784885379413703918,3822,1784885379413703918,vehicle,0.0,0.0,0.0,0.0,0.0,0.0
1784885379413703918,3823,1784885379413703918,vehicle,0.0,0.0,0.0,0.0,0.0,0.0
1784885379413703918,3824,1784885379413703918,vehicle,0.0,0.0,0.0,0.0,0.0,0.0
1784885379413703918,3825,1784885379413703918,vehicle,0.0,0.0,0.0,0.0,0.0,0.0
1784885379413703918,3826,1784885379413703918,vehicle,0.0,0.0,0.0,0.0,0.0,0.0
1784885379413703918,3827,1784885379413703918,vehicle,0.0,0.0,0.0,0.0,0.0,0.0
1784885379413703918,3828,1784885379413703918,vehicle,0.0,0.0,0.0,0.0,0.0,0.0
1784885379413703918,3829,1784885379413703918,vehicle,0.0,0.0,0.0,0.0,0.0,0.0
1784885379413703918,3830,1784885379413703918,vehicle,0.0,0.0,0.0,0.0,0.0,0.0
1784885379413703918,3831,1784885379413703918,vehicle,0.0,0.0,0.0,0.0,0.0,0.0
1784885379413703918,3832,1784885379413703918,vehicle,0.0,0.0,0.0,0.0,0.0,0.0
1784885379413703918,3833,1784885379413703918,vehicle,0.0,0.0,0.0,0.0,0.0,0.0
1784885379413703918,3834,1784885379413703918,vehicle,0.0,0.0,0.0,0.0,0.0,0.0
1784885379413703918,3835,1784885379413703918,vehicle,0.0,0.0,0.0,0.0,0.0,0.0
1784885379413703918,3836,1784885379413703918,vehicle,0.0,0.0,0.0,0.0,0.0,0.0
1784885379413703918,3837,1784885379413703918,vehicle,0.0,0.0,0.0,0.0,0.0,0.0
1784885379413703918,3838,1784885379413703918,vehicle,0.0,0.0,0.0,0.0,0.0,0.0
1784885379413703918,3839,1784885379413703918,vehicle,0.0,0.0,0.0,0.0,0.0,0.0
1784885379413703918,3840,1784885379413703918,vehicle,0.0,0.0,0.0,0.0,0.0,0.0
1784885379413703918,3841,1784885379413703918,vehicle,0.0,0.0,0.0,0.0,0.0,0.0
1784885379413703918,3842,1784885379413703918,vehicle,0.0,0.0,0.0,0.0,0.0,0.0
1784885379413703918,3843,1784885379413703918,vehicle,0.0,0.0,0.0,0.0,0.0,0.0
1784885379413703918,3844,1784885379413703918,vehicle,0.0,0.0,0.0,0.0,0.0,0.0
1784885379413703918,3845,1784885379413703918,vehicle,0.0,0.0,0.0,0.0,0.0,0.0
1784885379413703918,3846,1784885379413703918,vehicle,0.0,0.0,0.0,0.0,0.0,0.0
1784885379413703918,3847,1784885379413703918,vehicle,0.0,0.0,0.0,0.0,0.0,0.0
1784885379413703918,3848,1784885379413703918,vehicle,0.0,0.0,0.0,0.0,0.0,0.0
1784885379413703918,3849,1784885379413703918,vehicle,0.0,0.0,0.0,0.0,0.0,0.0
1784885379413703918,3850,1784885379413703918,vehicle,0.0,0.0,0.0,0.0,0.0,0.0
1784885379413703918,3851,1784885379413703918,vehicle,0.0,0.0,0.0,0.0,0.0,0.0
1784885379413703918,3852,1784885379413703918,vehicle,0.0,0.0,0.0,0.0,0.0,0.0
1784885379413703918,3853,1784885379413703918,vehicle,0.0,0.0,0.0,0.0,0.0,0.0
1784885379413703918,3854,1784885379413703918,vehicle,0.0,0.0,0.0,0.0,0.0,0.0
1784885379413703918,3855,1784885379413703918,vehicle,0.0,0.0,0.0,0.0,0.0,0.0
1784885379413703918,3856,1784885379413703918,vehicle,0.0,0.0,0.0,0.0,0.0,0.0
1784885379413703918,3857,1784885379413703918,vehicle,0.0,0.0,0.0,0.0,0.0,0.0
1784885379413703918,3858,1784885379413703918,vehicle,0.0,0.0,0.0,0.0,0.0,0.0
1784885379413703918,3859,1784885379413703918,vehicle,0.0,0.0,0.0,0.0,0.0,0.0
1784885379413703918,3860,1784885379413703918,vehicle,0.0,0.0,0.0,0.0,0.0,0.0
1784885379413703918,3861,1784885379413703918,vehicle,0.0,0.0,0.0,0.0,0.0,0.0
1784885379413703918,3862,1784885379413703918,vehicle,0.0,0.0,0.0,0.0,0.0,0.0
1784885379413703918,3863,1784885379413703918,vehicle,0.0,0.0,0.0,0.0,0.0,0.0
1784885379413703918,3864,1784885379413703918,vehicle,0.0,0.0,0.0,0.0,0.0,0.0
1784885379413703918,3865,1784885379413703918,vehicle,0.0,0.0,0.0,0.0,0.0,0.0
1784885379413703918,3866,1784885379413703918,vehicle,0.0,0.0,0.0,0.0,0.0,0.0
1784885379413703918,3867,1784885379413703918,vehicle,0.0,0.0,0.0,0.0,0.0,0.0
1784885379413703918,3868,1784885379413703918,vehicle,0.0,0.0,0.0,0.0,0.0,0.0
1784885379413703918,3869,1784885379413703918,vehicle,0.0,0.0,0.0,0.0,0.0,0.0
1784885379413703918,3870,1784885379413703918,vehicle,0.0,0.0,0.0,0.0,0.0,0.0
1784885379413703918,3871,1784885379413703918,vehicle,0.0,0.0,0.0,0.0,0.0,0.0
1784885379413703918,3872,1784885379413703918,vehicle,0.0,0.0,0.0,0.0,0.0,0.0
1784885379413703918,3873,1784885379413703918,vehicle,0.0,0.0,0.0,0.0,0.0,0.0
1784885379413703918,3874,1784885379413703918,vehicle,0.0,0.0,0.0,0.0,0.0,0.0
1784885379413703918,3875,1784885379413703918,vehicle,0.0,0.0,0.0,0.0,0.0,0.0
1784885379413703918,3876,1784885379413703918,vehicle,0.0,0.0,0.0,0.0,0.0,0.0
1784885379413703918,3877,1784885379413703918,vehicle,0.0,0.0,0.0,0.0,0.0,0.0
1784885379413703918,3878,1784885379413703918,vehicle,0.0,0.0,0.0,0.0,0.0,0.0
1784885379413703918,3879,1784885379413703918,vehicle,0.0,0.0,0.0,0.0,0.0,0.0
1784885379413703918,3880,1784885379413703918,vehicle,0.0,0.0,0.0,0.0,0.0,0.0
1784885379413703918,3881,1784885379413703918,vehicle,0.0,0.0,0.0,0.0,0.0,0.0
1784885379413703918,3882,1784885379413703918,vehicle,0.0,0.0,0.0,0.0,0.0,0.0
1784885379413703918,3883,1784885379413703918,vehicle,0.0,0.0,0.0,0.0,0.0,0.0
1784885379413703918,3884,1784885379413703918,vehicle,0.0,0.0,0.0,0.0,0.0,0.0
1784885379413703918,3885,1784885379413703918,vehicle,0.0,0.0,0.0,0.0,0.0,0.0
1784885379413703918,3886,1784885379413703918,vehicle,0.0,0.0,0.0,0.0,0.0,0.0
1784885379413703918,3887,1784885379413703918,vehicle,0.0,0.0,0.0,0.0,0.0,0.0
1784885379413703918,3888,1784885379413703918,vehicle,0.0,0.0,0.0,0.0,0.0,0.0
1784885379413703918,3889,1784885379413703918,vehicle,0.0,0.0,0.0,0.0,0.0,0.0
1784885379413703918,3890,1784885379413703918,vehicle,0.0,0.0,0.0,0.0,0.0,0.0
1784885379413703918,3891,1784885379413703918,vehicle,0.0,0.0,0.0,0.0,0.0,0.0
1784885379413703918,3892,1784885379413703918,vehicle,0.0,0.0,0.0,0.0,0.0,0.0
1784885379413703918,3893,1784885379413703918,vehicle,0.0,0.0,0.0,0.0,0.0,0.0
1784885379413703918,3894,1784885379413703918,vehicle,0.0,0.0,0.0,0.0,0.0,0.0
1784885379413703918,3895,1784885379413703918,vehicle,0.0,0.0,0.0,0.0,0.0,0.0
1784885379413703918,3896,1784885379413703918,vehicle,0.0,0.0,0.0,0.0,0.0,0.0
1784885379413703918,3897,1784885379413703918,vehicle,0.0,0.0,0.0,0.0,0.0,0.0
1784885379413703918,3898,1784885379413703918,vehicle,0.0,0.0,0.0,0.0,0.0,0.0
1784885379413703918,3899,1784885379413703918,vehicle,0.0,0.0,0.0,0.0,0.0,0.0
1784885379413703918,3900,1784885379413703918,vehicle,0.0,0.0,0.0,0.0,0.0,0.0
1784885379413703918,3901,1784885379413703918,vehicle,0.0,0.0,0.0,0.0,0.0,0.0
1784885379413703918,3902,1784885379413703918,vehicle,0.0,0.0,0.0,0.0,0.0,0.0
1784885379413703918,3903,1784885379413703918,vehicle,0.0,0.0,0.0,0.0,0.0,0.0
1784885379413703918,3904,1784885379413703918,vehicle,0.0,0.0,0.0,0.0,0.0,0.0
1784885379413703918,3905,1784885379413703918,vehicle,0.0,0.0,0.0,0.0,0.0,0.0
1784885379413703918,3906,1784885379413703918,vehicle,0.0,0.0,0.0,0.0,0.0,0.0
1784885379413703918,3907,1784885379413703918,vehicle,0.0,0.0,0.0,0.0,0.0,0.0
1784885379413703918,3908,1784885379413703918,vehicle,0.0,0.0,0.0,0.0,0.0,0.0
1784885379413703918,3909,1784885379413703918,vehicle,0.0,0.0,0.0,0.0,0.0,0.0
1784885379413703918,3910,1784885379413703918,vehicle,0.0,0.0,0.0,0.0,0.0,0.0
1784885379413703918,3911,1784885379413703918,vehicle,0.0,0.0,0.0,0.0,0.0,0.0
1784885379413703918,3912,1784885379413703918,vehicle,0.0,0.0,0.0,0.0,0.0,0.0
1784885379413703918,3913,1784885379413703918,vehicle,0.0,0.0,0.0,0.0,0.0,0.0
1784885379413703918,3914,1784885379413703918,vehicle,0.0,0.0,0.0,0.0,0.0,0.0
1784885379413703918,3915,1784885379413703918,vehicle,0.0,0.0,0.0,0.0,0.0,0.0
1784885379413703918,3916,1784885379413703918,vehicle,0.0,0.0,0.0,0.0,0.0,0.0
1784885379413703918,3917,1784885379413703918,vehicle,0.0,0.0,0.0,0.0,0.0,0.0
1784885379413703918,3918,1784885379413703918,vehicle,0.0,0.0,0.0,0.0,0.0,0.0
1784885379413703918,3919,1784885379413703918,vehicle,0.0,0.0,0.0,0.0,0.0,0.0
1784885379413703918,3920,1784885379413703918,vehicle,0.0,0.0,0.0,0.0,0.0,0.0
1784885379413703918,3921,1784885379413703918,vehicle,0.0,0.0,0.0,0.0,0.0,0.0
1784885379413703918,3922,1784885379413703918,vehicle,0.0,0.0,0.0,0.0,0.0,0.0
1784885379413703918,3923,1784885379413703918,vehicle,0.0,0.0,0.0,0.0,0.0,0.0
1784885379413703918,3924,1784885379413703918,vehicle,0.0,0.0,0.0,0.0,0.0,0.0
1784885379413703918,3925,1784885379413703918,vehicle,0.0,0.0,0.0,0.0,0.0,0.0
1784885379413703918,3926,1784885379413703918,vehicle,0.0,0.0,0.0,0.0,0.0,0.0
1784885379413703918,3927,1784885379413703918,vehicle,0.0,0.0,0.0,0.0,0.0,0.0
1784885379413703918,3928,1784885379413703918,vehicle,0.0,0.0,0.0,0.0,0.0,0.0
1784885379413703918,3929,1784885379413703918,vehicle,0.0,0.0,0.0,0.0,0.0,0.0
1784885379413703918,3930,1784885379413703918,vehicle,0.0,0.0,0.0,0.0,0.0,0.0
1784885379413703918,3931,1784885379413703918,vehicle,0.0,0.0,0.0,0.0,0.0,0.0
1784885379413703918,3932,1784885379413703918,vehicle,0.0,0.0,0.0,0.0,0.0,0.0
1784885379413703918,3933,1784885379413703918,vehicle,0.0,0.0,0.0,0.0,0.0,0.0
1784885379413703918,3934,1784885379413703918,vehicle,0.0,0.0,0.0,0.0,0.0,0.0
1784885379413703918,3935,1784885379413703918,vehicle,0.0,0.0,0.0,0.0,0.0,0.0
1784885379413703918,3936,1784885379413703918,vehicle,0.0,0.0,0.0,0.0,0.0,0.0
1784885379413703918,3937,1784885379413703918,vehicle,0.0,0.0,0.0,0.0,0.0,0.0
1784885379413703918,3938,1784885379413703918,vehicle,0.0,0.0,0.0,0.0,0.0,0.0
1784885379413703918,3939,1784885379413703918,vehicle,0.0,0.0,0.0,0.0,0.0,0.0
1784885379413703918,3940,1784885379413703918,vehicle,0.0,0.0,0.0,0.0,0.0,0.0
1784885379413703918,3941,1784885379413703918,vehicle,0.0,0.0,0.0,0.0,0.0,0.0
1784885379413703918,3942,1784885379413703918,vehicle,0.0,0.0,0.0,0.0,0.0,0.0
1784885379413703918,3943,1784885379413703918,vehicle,0.0,0.0,0.0,0.0,0.0,0.0
1784885379413703918,3944,1784885379413703918,vehicle,0.0,0.0,0.0,0.0,0.0,0.0
1784885379413703918,3945,1784885379413703918,vehicle,0.0,0.0,0.0,0.0,0.0,0.0
1784885379413703918,3946,1784885379413703918,vehicle,0.0,0.0,0.0,0.0,0.0,0.0
1784885379413703918,3947,1784885379413703918,vehicle,0.0,0.0,0.0,0.0,0.0,0.0
1784885379413703918,3948,1784885379413703918,vehicle,0.0,0.0,0.0,0.0,0.0,0.0
1784885379413703918,3949,1784885379413703918,vehicle,0.0,0.0,0.0,0.0,0.0,0.0
1784885379413703918,3950,1784885379413703918,vehicle,0.0,0.0,0.0,0.0,0.0,0.0
1784885379413703918,3951,1784885379413703918,vehicle,0.0,0.0,0.0,0.0,0.0,0.0
1784885379413703918,3952,1784885379413703918,vehicle,0.0,0.0,0.0,0.0,0.0,0.0
1784885379413703918,3953,1784885379413703918,vehicle,0.0,0.0,0.0,0.0,0.0,0.0
1784885379413703918,3954,1784885379413703918,vehicle,0.0,0.0,0.0,0.0,0.0,0.0
1784885379413703918,3955,1784885379413703918,vehicle,0.0,0.0,0.0,0.0,0.0,0.0
1784885379413703918,3956,1784885379413703918,vehicle,0.0,0.0,0.0,0.0,0.0,0.0
1784885379413703918,3957,1784885379413703918,vehicle,0.0,0.0,0.0,0.0,0.0,0.0
1784885379413703918,3958,1784885379413703918,vehicle,0.0,0.0,0.0,0.0,0.0,0.0
1784885379413703918,3959,1784885379413703918,vehicle,0.0,0.0,0.0,0.0,0.0,0.0
1784885379413703918,3960,1784885379413703918,vehicle,0.0,0.0,0.0,0.0,0.0,0.0
1784885379413703918,3961,1784885379413703918,vehicle,0.0,0.0,0.0,0.0,0.0,0.0
1784885379413703918,3962,1784885379413703918,vehicle,0.0,0.0,0.0,0.0,0.0,0.0
1784885379413703918,3963,1784885379413703918,vehicle,0.0,0.0,0.0,0.0,0.0,0.0
1784885379413703918,3964,1784885379413703918,vehicle,0.0,0.0,0.0,0.0,0.0,0.0
1784885379413703918,3965,1784885379413703918,vehicle,0.0,0.0,0.0,0.0,0.0,0.0
1784885379413703918,3966,1784885379413703918,vehicle,0.0,0.0,0.0,0.0,0.0,0.0
1784885379413703918,3967,1784885379413703918,vehicle,0.0,0.0,0.0,0.0,0.0,0.0
1784885379413703918,3968,1784885379413703918,vehicle,0.0,0.0,0.0,0.0,0.0,0.0
1784885379413703918,3969,1784885379413703918,vehicle,0.0,0.0,0.0,0.0,0.0,0.0
1784885379413703918,3970,1784885379413703918,vehicle,0.0,0.0,0.0,0.0,0.0,0.0
1784885379413703918,3971,1784885379413703918,vehicle,0.0,0.0,0.0,0.0,0.0,0.0
1784885379413703918,3972,1784885379413703918,vehicle,0.0,0.0,0.0,0.0,0.0,0.0
1784885379413703918,3973,1784885379413703918,vehicle,0.0,0.0,0.0,0.0,0.0,0.0
1784885379413703918,3974,1784885379413703918,vehicle,0.0,0.0,0.0,0.0,0.0,0.0
1784885379413703918,3975,1784885379413703918,vehicle,0.0,0.0,0.0,0.0,0.0,0.0
1784885379413703918,3976,1784885379413703918,vehicle,0.0,0.0,0.0,0.0,0.0,0.0
1784885379413703918,3977,1784885379413703918,vehicle,0.0,0.0,0.0,0.0,0.0,0.0
1784885379413703918,3978,1784885379413703918,vehicle,0.0,0.0,0.0,0.0,0.0,0.0
1784885379413703918,3979,1784885379413703918,vehicle,0.0,0.0,0.0,0.0,0.0,0.0
1784885379413703918,3980,1784885379413703918,vehicle,0.0,0.0,0.0,0.0,0.0,0.0
1784885379413703918,3981,1784885379413703918,vehicle,0.0,0.0,0.0,0.0,0.0,0.0
1784885379413703918,3982,1784885379413703918,vehicle,0.0,0.0,0.0,0.0,0.0,0.0
1784885379413703918,3983,1784885379413703918,vehicle,0.0,0.0,0.0,0.0,0.0,0.0
1784885379413703918,3984,1784885379413703918,vehicle,0.0,0.0,0.0,0.0,0.0,0.0
1784885379413703918,3985,1784885379413703918,vehicle,0.0,0.0,0.0,0.0,0.0,0.0
1784885379413703918,3986,1784885379413703918,vehicle,0.0,0.0,0.0,0.0,0.0,0.0
1784885379413703918,3987,1784885379413703918,vehicle,0.0,0.0,0.0,0.0,0.0,0.0
1784885379413703918,3988,1784885379413703918,vehicle,0.0,0.0,0.0,0.0,0.0,0.0
1784885379413703918,3989,1784885379413703918,vehicle,0.0,0.0,0.0,0.0,0.0,0.0
1784885379413703918,3990,1784885379413703918,vehicle,0.0,0.0,0.0,0.0,0.0,0.0
1784885379413703918,3991,1784885379413703918,vehicle,0.0,0.0,0.0,0.0,0.0,0.0
1784885379413703918,3992,1784885379413703918,vehicle,0.0,0.0,0.0,0.0,0.0,0.0
1784885379413703918,3993,1784885379413703918,vehicle,0.0,0.0,0.0,0.0,0.0,0.0
1784885379413703918,3994,1784885379413703918,vehicle,0.0,0.0,0.0,0.0,0.0,0.0
1784885379413703918,3995,1784885379413703918,vehicle,0.0,0.0,0.0,0.0,0.0,0.0
1784885379413703918,3996,1784885379413703918,vehicle,0.0,0.0,0.0,0.0,0.0,0.0
1784885379413703918,3997,1784885379413703918,vehicle,0.0,0.0,0.0,0.0,0.0,0.0
1784885379413703918,3998,1784885379413703918,vehicle,0.0,0.0,0.0,0.0,0.0,0.0
1784885379413703918,3999,1784885379413703918,vehicle,0.0,0.0,0.0,0.0,0.0,0.0
1784885379413703918,4000,1784885379413703918,vehicle,0.0,0.0,0.0,0.0,0.0,0.0
1784885379413703918,4001,1784885379413703918,vehicle,0.0,0.0,0.0,0.0,0.0,0.0
1784885379413703918,4002,1784885379413703918,vehicle,0.0,0.0,0.0,0.0,0.0,0.0
1784885379413703918,4003,1784885379413703918,vehicle,0.0,0.0,0.0,0.0,0.0,0.0
1784885379413703918,4004,1784885379413703918,vehicle,0.0,0.0,0.0,0.0,0.0,0.0
1784885379413703918,4005,1784885379413703918,vehicle,0.0,0.0,0.0,0.0,0.0,0.0
1784885379413703918,4006,1784885379413703918,vehicle,0.0,0.0,0.0,0.0,0.0,0.0
1784885379413703918,4007,1784885379413703918,vehicle,0.0,0.0,0.0,0.0,0.0,0.0
1784885379413703918,4008,1784885379413703918,vehicle,0.0,0.0,0.0,0.0,0.0,0.0
1784885379413703918,4009,1784885379413703918,vehicle,0.0,0.0,0.0,0.0,0.0,0.0
1784885379413703918,4010,1784885379413703918,vehicle,0.0,0.0,0.0,0.0,0.0,0.0
1784885379413703918,4011,1784885379413703918,vehicle,0.0,0.0,0.0,0.0,0.0,0.0
1784885379413703918,4012,1784885379413703918,vehicle,0.0,0.0,0.0,0.0,0.0,0.0
1784885379413703918,4013,1784885379413703918,vehicle,0.0,0.0,0.0,0.0,0.0,0.0
1784885379413703918,4014,1784885379413703918,vehicle,0.0,0.0,0.0,0.0,0.0,0.0
1784885379413703918,4015,1784885379413703918,vehicle,0.0,0.0,0.0,0.0,0.0,0.0
1784885379413703918,4016,1784885379413703918,vehicle,0.0,0.0,0.0,0.0,0.0,0.0
1784885379413703918,4017,1784885379413703918,vehicle,0.0,0.0,0.0,0.0,0.0,0.0
1784885379413703918,4018,1784885379413703918,vehicle,0.0,0.0,0.0,0.0,0.0,0.0
1784885379413703918,4019,1784885379413703918,vehicle,0.0,0.0,0.0,0.0,0.0,0.0
1784885379413703918,4020,1784885379413703918,vehicle,0.0,0.0,0.0,0.0,0.0,0.0
1784885379413703918,4021,1784885379413703918,vehicle,0.0,0.0,0.0,0.0,0.0,0.0
1784885379413703918,4022,1784885379413703918,vehicle,0.0,0.0,0.0,0.0,0.0,0.0
1784885379413703918,4023,1784885379413703918,vehicle,0.0,0.0,0.0,0.0,0.0,0.0
1784885379413703918,4024,1784885379413703918,vehicle,0.0,0.0,0.0,0.0,0.0,0.0
1784885379413703918,4025,1784885379413703918,vehicle,0.0,0.0,0.0,0.0,0.0,0.0
1784885379413703918,4026,1784885379413703918,vehicle,0.0,0.0,0.0,0.0,0.0,0.0
1784885379413703918,4027,1784885379413703918,vehicle,0.0,0.0,0.0,0.0,0.0,0.0
1784885379413703918,4028,1784885379413703918,vehicle,0.0,0.0,0.0,0.0,0.0,0.0
1784885379413703918,4029,1784885379413703918,vehicle,0.0,0.0,0.0,0.0,0.0,0.0
1784885379413703918,4030,1784885379413703918,vehicle,0.0,0.0,0.0,0.0,0.0,0.0
1784885379413703918,4031,1784885379413703918,vehicle,0.0,0.0,0.0,0.0,0.0,0.0
1784885379413703918,4032,1784885379413703918,vehicle,0.0,0.0,0.0,0.0,0.0,0.0
1784885379413703918,4033,1784885379413703918,vehicle,0.0,0.0,0.0,0.0,0.0,0.0
1784885379413703918,4034,1784885379413703918,vehicle,0.0,0.0,0.0,0.0,0.0,0.0
1784885379413703918,4035,1784885379413703918,vehicle,0.0,0.0,0.0,0.0,0.0,0.0
1784885379413703918,4036,1784885379413703918,vehicle,0.0,0.0,0.0,0.0,0.0,0.0
1784885379413703918,4037,1784885379413703918,vehicle,0.0,0.0,0.0,0.0,0.0,0.0
1784885379413703918,4038,1784885379413703918,vehicle,0.0,0.0,0.0,0.0,0.0,0.0
1784885379413703918,4039,1784885379413703918,vehicle,0.0,0.0,0.0,0.0,0.0,0.0
1784885379413703918,4040,1784885379413703918,vehicle,0.0,0.0,0.0,0.0,0.0,0.0
1784885379413703918,4041,1784885379413703918,vehicle,0.0,0.0,0.0,0.0,0.0,0.0
1784885379413703918,4042,1784885379413703918,vehicle,0.0,0.0,0.0,0.0,0.0,0.0
1784885379413703918,4043,1784885379413703918,vehicle,0.0,0.0,0.0,0.0,0.0,0.0
1784885379413703918,4044,1784885379413703918,vehicle,0.0,0.0,0.0,0.0,0.0,0.0
1784885379413703918,4045,1784885379413703918,vehicle,0.0,0.0,0.0,0.0,0.0,0.0
1784885379413703918,4046,1784885379413703918,vehicle,0.0,0.0,0.0,0.0,0.0,0.0
1784885379413703918,4047,1784885379413703918,vehicle,0.0,0.0,0.0,0.0,0.0,0.0
1784885379413703918,4048,1784885379413703918,vehicle,0.0,0.0,0.0,0.0,0.0,0.0
1784885379413703918,4049,1784885379413703918,vehicle,0.0,0.0,0.0,0.0,0.0,0.0
1784885379413703918,4050,1784885379413703918,vehicle,0.0,0.0,0.0,0.0,0.0,0.0
1784885379413703918,4051,1784885379413703918,vehicle,0.0,0.0,0.0,0.0,0.0,0.0
1784885379413703918,4052,1784885379413703918,vehicle,0.0,0.0,0.0,0.0,0.0,0.0
1784885379413703918,4053,1784885379413703918,vehicle,0.0,0.0,0.0,0.0,0.0,0.0
1784885379413703918,4054,1784885379413703918,vehicle,0.0,0.0,0.0,0.0,0.0,0.0
1784885379413703918,4055,1784885379413703918,vehicle,0.0,0.0,0.0,0.0,0.0,0.0
1784885379413703918,4056,1784885379413703918,vehicle,0.0,0.0,0.0,0.0,0.0,0.0
1784885379413703918,4057,1784885379413703918,vehicle,0.0,0.0,0.0,0.0,0.0,0.0
1784885379413703918,4058,1784885379413703918,vehicle,0.0,0.0,0.0,0.0,0.0,0.0
1784885379413703918,4059,1784885379413703918,vehicle,0.0,0.0,0.0,0.0,0.0,0.0
1784885379413703918,4060,1784885379413703918,vehicle,0.0,0.0,0.0,0.0,0.0,0.0
1784885379413703918,4061,1784885379413703918,vehicle,0.0,0.0,0.0,0.0,0.0,0.0
1784885379413703918,4062,1784885379413703918,vehicle,0.0,0.0,0.0,0.0,0.0,0.0
1784885379413703918,4063,1784885379413703918,vehicle,0.0,0.0,0.0,0.0,0.0,0.0
1784885379413703918,4064,1784885379413703918,vehicle,0.0,0.0,0.0,0.0,0.0,0.0
1784885379413703918,4065,1784885379413703918,vehicle,0.0,0.0,0.0,0.0,0.0,0.0
1784885379413703918,4066,1784885379413703918,vehicle,0.0,0.0,0.0,0.0,0.0,0.0
1784885379413703918,4067,1784885379413703918,vehicle,0.0,0.0,0.0,0.0,0.0,0.0
1784885379413703918,4068,1784885379413703918,vehicle,0.0,0.0,0.0,0.0,0.0,0.0
1784885379413703918,4069,1784885379413703918,vehicle,0.0,0.0,0.0,0.0,0.0,0.0
1784885379413703918,4070,1784885379413703918,vehicle,0.0,0.0,0.0,0.0,0.0,0.0
1784885379413703918,4071,1784885379413703918,vehicle,0.0,0.0,0.0,0.0,0.0,0.0
1784885379413703918,4072,1784885379413703918,vehicle,0.0,0.0,0.0,0.0,0.0,0.0
1784885379413703918,4073,1784885379413703918,vehicle,0.0,0.0,0.0,0.0,0.0,0.0
1784885379413703918,4074,1784885379413703918,vehicle,0.0,0.0,0.0,0.0,0.0,0.0
1784885379413703918,4075,1784885379413703918,vehicle,0.0,0.0,0.0,0.0,0.0,0.0
1784885379413703918,4076,1784885379413703918,vehicle,0.0,0.0,0.0,0.0,0.0,0.0
1784885379413703918,4077,1784885379413703918,vehicle,0.0,0.0,0.0,0.0,0.0,0.0
1784885379413703918,4078,1784885379413703918,vehicle,0.0,0.0,0.0,0.0,0.0,0.0
1784885379413703918,4079,1784885379413703918,vehicle,0.0,0.0,0.0,0.0,0.0,0.0
1784885379413703918,4080,1784885379413703918,vehicle,0.0,0.0,0.0,0.0,0.0,0.0
1784885379413703918,4081,1784885379413703918,vehicle,0.0,0.0,0.0,0.0,0.0,0.0
1784885379413703918,4082,1784885379413703918,vehicle,0.0,0.0,0.0,0.0,0.0,0.0
1784885379413703918,4083,1784885379413703918,vehicle,0.0,0.0,0.0,0.0,0.0,0.0
1784885379413703918,4084,1784885379413703918,vehicle,0.0,0.0,0.0,0.0,0.0,0.0
1784885379413703918,4085,1784885379413703918,vehicle,0.0,0.0,0.0,0.0,0.0,0.0
1784885379413703918,4086,1784885379413703918,vehicle,0.0,0.0,0.0,0.0,0.0,0.0
1784885379413703918,4087,1784885379413703918,vehicle,0.0,0.0,0.0,0.0,0.0,0.0
1784885379413703918,4088,1784885379413703918,vehicle,0.0,0.0,0.0,0.0,0.0,0.0
1784885379413703918,4089,1784885379413703918,vehicle,0.0,0.0,0.0,0.0,0.0,0.0
1784885379413703918,4090,1784885379413703918,vehicle,0.0,0.0,0.0,0.0,0.0,0.0
1784885379413703918,4091,1784885379413703918,vehicle,0.0,0.0,0.0,0.0,0.0,0.0
1784885379413703918,4092,1784885379413703918,vehicle,0.0,0.0,0.0,0.0,0.0,0.0
1784885379413703918,4093,1784885379413703918,vehicle,0.0,0.0,0.0,0.0,0.0,0.0
1784885379413703918,4094,1784885379413703918,vehicle,0.0,0.0,0.0,0.0,0.0,0.0
1784885379413703918,4095,1784885379413703918,vehicle,0.0,0.0,0.0,0.0,0.0,0.0
1784885379413703918,4096,1784885379413703918,vehicle,0.0,0.0,0.0,0.0,0.0,0.0
1784885379413703918,4097,1784885379413703918,vehicle,0.0,0.0,0.0,0.0,0.0,0.0
1784885379413703918,4098,1784885379413703918,vehicle,0.0,0.0,0.0,0.0,0.0,0.0
1784885379413703918,4099,1784885379413703918,vehicle,0.0,0.0,0.0,0.0,0.0,0.0
1784885379413703918,4100,1784885379413703918,vehicle,0.0,0.0,0.0,0.0,0.0,0.0
1784885379413703918,4101,1784885379413703918,vehicle,0.0,0.0,0.0,0.0,0.0,0.0
1784885379413703918,4102,1784885379413703918,vehicle,0.0,0.0,0.0,0.0,0.0,0.0
1784885379413703918,4103,1784885379413703918,vehicle,0.0,0.0,0.0,0.0,0.0,0.0
1784885379413703918,4104,1784885379413703918,vehicle,0.0,0.0,0.0,0.0,0.0,0.0
1784885379413703918,4105,1784885379413703918,vehicle,0.0,0.0,0.0,0.0,0.0,0.0
1784885379413703918,4106,1784885379413703918,vehicle,0.0,0.0,0.0,0.0,0.0,0.0
1784885379413703918,4107,1784885379413703918,vehicle,0.0,0.0,0.0,0.0,0.0,0.0
1784885379413703918,4108,1784885379413703918,vehicle,0.0,0.0,0.0,0.0,0.0,0.0
1784885379413703918,4109,1784885379413703918,vehicle,0.0,0.0,0.0,0.0,0.0,0.0
1784885379413703918,4110,1784885379413703918,vehicle,0.0,0.0,0.0,0.0,0.0,0.0
1784885379413703918,4111,1784885379413703918,vehicle,0.0,0.0,0.0,0.0,0.0,0.0
1784885379413703918,4112,1784885379413703918,vehicle,0.0,0.0,0.0,0.0,0.0,0.0
1784885379413703918,4113,1784885379413703918,vehicle,0.0,0.0,0.0,0.0,0.0,0.0
1784885379413703918,4114,1784885379413703918,vehicle,0.0,0.0,0.0,0.0,0.0,0.0
1784885379413703918,4115,1784885379413703918,vehicle,0.0,0.0,0.0,0.0,0.0,0.0
1784885379413703918,4116,1784885379413703918,vehicle,0.0,0.0,0.0,0.0,0.0,0.0
1784885379413703918,4117,1784885379413703918,vehicle,0.0,0.0,0.0,0.0,0.0,0.0
1784885379413703918,4118,1784885379413703918,vehicle,0.0,0.0,0.0,0.0,0.0,0.0
1784885379413703918,4119,1784885379413703918,vehicle,0.0,0.0,0.0,0.0,0.0,0.0
1784885379413703918,4120,1784885379413703918,vehicle,0.0,0.0,0.0,0.0,0.0,0.0
1784885379413703918,4121,1784885379413703918,vehicle,0.0,0.0,0.0,0.0,0.0,0.0
1784885379413703918,4122,1784885379413703918,vehicle,0.0,0.0,0.0,0.0,0.0,0.0
1784885379413703918,4123,1784885379413703918,vehicle,0.0,0.0,0.0,0.0,0.0,0.0
1784885379413703918,4124,1784885379413703918,vehicle,0.0,0.0,0.0,0.0,0.0,0.0
1784885379413703918,4125,1784885379413703918,vehicle,0.0,0.0,0.0,0.0,0.0,0.0
1784885379413703918,4126,1784885379413703918,vehicle,0.0,0.0,0.0,0.0,0.0,0.0
1784885379413703918,4127,1784885379413703918,vehicle,0.0,0.0,0.0,0.0,0.0,0.0
1784885379413703918,4128,1784885379413703918,vehicle,0.0,0.0,0.0,0.0,0.0,0.0
1784885379413703918,4129,1784885379413703918,vehicle,0.0,0.0,0.0,0.0,0.0,0.0
1784885379413703918,4130,1784885379413703918,vehicle,0.0,0.0,0.0,0.0,0.0,0.0
1784885379413703918,4131,1784885379413703918,vehicle,0.0,0.0,0.0,0.0,0.0,0.0
1784885379413703918,4132,1784885379413703918,vehicle,0.0,0.0,0.0,0.0,0.0,0.0
1784885379413703918,4133,1784885379413703918,vehicle,0.0,0.0,0.0,0.0,0.0,0.0
1784885379413703918,4134,1784885379413703918,vehicle,0.0,0.0,0.0,0.0,0.0,0.0
1784885379413703918,4135,1784885379413703918,vehicle,0.0,0.0,0.0,0.0,0.0,0.0
1784885379413703918,4136,1784885379413703918,vehicle,0.0,0.0,0.0,0.0,0.0,0.0
1784885379413703918,4137,1784885379413703918,vehicle,0.0,0.0,0.0,0.0,0.0,0.0
1784885379413703918,4138,1784885379413703918,vehicle,0.0,0.0,0.0,0.0,0.0,0.0
1784885379413703918,4139,1784885379413703918,vehicle,0.0,0.0,0.0,0.0,0.0,0.0
1784885379413703918,4140,1784885379413703918,vehicle,0.0,0.0,0.0,0.0,0.0,0.0
1784885379413703918,4141,1784885379413703918,vehicle,0.0,0.0,0.0,0.0,0.0,0.0
1784885379413703918,4142,1784885379413703918,vehicle,0.0,0.0,0.0,0.0,0.0,0.0
1784885379413703918,4143,1784885379413703918,vehicle,0.0,0.0,0.0,0.0,0.0,0.0
1784885379413703918,4144,1784885379413703918,vehicle,0.0,0.0,0.0,0.0,0.0,0.0
1784885379413703918,4145,1784885379413703918,vehicle,0.0,0.0,0.0,0.0,0.0,0.0
1784885379413703918,4146,1784885379413703918,vehicle,0.0,0.0,0.0,0.0,0.0,0.0
1784885379413703918,4147,1784885379413703918,vehicle,0.0,0.0,0.0,0.0,0.0,0.0
1784885379413703918,4148,1784885379413703918,vehicle,0.0,0.0,0.0,0.0,0.0,0.0
1784885379413703918,4149,1784885379413703918,vehicle,0.0,0.0,0.0,0.0,0.0,0.0
1784885379413703918,4150,1784885379413703918,vehicle,0.0,0.0,0.0,0.0,0.0,0.0
1784885379413703918,4151,1784885379413703918,vehicle,0.0,0.0,0.0,0.0,0.0,0.0
1784885379413703918,4152,1784885379413703918,vehicle,0.0,0.0,0.0,0.0,0.0,0.0
1784885379413703918,4153,1784885379413703918,vehicle,0.0,0.0,0.0,0.0,0.0,0.0
1784885379413703918,4154,1784885379413703918,vehicle,0.0,0.0,0.0,0.0,0.0,0.0
1784885379413703918,4155,1784885379413703918,vehicle,0.0,0.0,0.0,0.0,0.0,0.0
1784885379413703918,4156,1784885379413703918,vehicle,0.0,0.0,0.0,0.0,0.0,0.0
1784885379413703918,4157,1784885379413703918,vehicle,0.0,0.0,0.0,0.0,0.0,0.0
1784885379413703918,4158,1784885379413703918,vehicle,0.0,0.0,0.0,0.0,0.0,0.0
1784885379413703918,4159,1784885379413703918,vehicle,0.0,0.0,0.0,0.0,0.0,0.0
1784885379413703918,4160,1784885379413703918,vehicle,0.0,0.0,0.0,0.0,0.0,0.0
1784885379413703918,4161,1784885379413703918,vehicle,0.0,0.0,0.0,0.0,0.0,0.0
1784885379413703918,4162,1784885379413703918,vehicle,0.0,0.0,0.0,0.0,0.0,0.0
1784885379413703918,4163,1784885379413703918,vehicle,0.0,0.0,0.0,0.0,0.0,0.0
1784885379413703918,4164,1784885379413703918,vehicle,0.0,0.0,0.0,0.0,0.0,0.0
1784885379413703918,4165,1784885379413703918,vehicle,0.0,0.0,0.0,0.0,0.0,0.0
1784885379413703918,4166,1784885379413703918,vehicle,0.0,0.0,0.0,0.0,0.0,0.0
1784885379413703918,4167,1784885379413703918,vehicle,0.0,0.0,0.0,0.0,0.0,0.0
1784885379413703918,4168,1784885379413703918,vehicle,0.0,0.0,0.0,0.0,0.0,0.0
1784885379413703918,4169,1784885379413703918,vehicle,0.0,0.0,0.0,0.0,0.0,0.0
1784885379413703918,4170,1784885379413703918,vehicle,0.0,0.0,0.0,0.0,0.0,0.0
1784885379413703918,4171,1784885379413703918,vehicle,0.0,0.0,0.0,0.0,0.0,0.0
1784885379413703918,4172,1784885379413703918,vehicle,0.0,0.0,0.0,0.0,0.0,0.0
1784885379413703918,4173,1784885379413703918,vehicle,0.0,0.0,0.0,0.0,0.0,0.0
1784885379413703918,4174,1784885379413703918,vehicle,0.0,0.0,0.0,0.0,0.0,0.0
1784885379413703918,4175,1784885379413703918,vehicle,0.0,0.0,0.0,0.0,0.0,0.0
1784885379413703918,4176,1784885379413703918,vehicle,0.0,0.0,0.0,0.0,0.0,0.0
1784885379413703918,4177,1784885379413703918,vehicle,0.0,0.0,0.0,0.0,0.0,0.0
1784885379413703918,4178,1784885379413703918,vehicle,0.0,0.0,0.0,0.0,0.0,0.0
1784885379413703918,4179,1784885379413703918,vehicle,0.0,0.0,0.0,0.0,0.0,0.0
1784885379413703918,4180,1784885379413703918,vehicle,0.0,0.0,0.0,0.0,0.0,0.0
1784885379413703918,4181,1784885379413703918,vehicle,0.0,0.0,0.0,0.0,0.0,0.0
1784885379413703918,4182,1784885379413703918,vehicle,0.0,0.0,0.0,0.0,0.0,0.0
1784885379413703918,4183,1784885379413703918,vehicle,0.0,0.0,0.0,0.0,0.0,0.0
1784885379413703918,4184,1784885379413703918,vehicle,0.0,0.0,0.0,0.0,0.0,0.0
1784885379413703918,4185,1784885379413703918,vehicle,0.0,0.0,0.0,0.0,0.0,0.0
1784885379413703918,4186,1784885379413703918,vehicle,0.0,0.0,0.0,0.0,0.0,0.0
1784885379413703918,4187,1784885379413703918,vehicle,0.0,0.0,0.0,0.0,0.0,0.0
1784885379413703918,4188,1784885379413703918,vehicle,0.0,0.0,0.0,0.0,0.0,0.0
1784885379413703918,4189,1784885379413703918,vehicle,0.0,0.0,0.0,0.0,0.0,0.0
1784885379413703918,4190,1784885379413703918,vehicle,0.0,0.0,0.0,0.0,0.0,0.0
1784885379413703918,4191,1784885379413703918,vehicle,0.0,0.0,0.0,0.0,0.0,0.0
1784885379413703918,4192,1784885379413703918,vehicle,0.0,0.0,0.0,0.0,0.0,0.0
1784885379413703918,4193,1784885379413703918,vehicle,0.0,0.0,0.0,0.0,0.0,0.0
1784885379413703918,4194,1784885379413703918,vehicle,0.0,0.0,0.0,0.0,0.0,0.0
1784885379413703918,4195,1784885379413703918,vehicle,0.0,0.0,0.0,0.0,0.0,0.0
1784885379413703918,4196,1784885379413703918,vehicle,0.0,0.0,0.0,0.0,0.0,0.0
1784885379413703918,4197,1784885379413703918,vehicle,0.0,0.0,0.0,0.0,0.0,0.0
1784885379413703918,4198,1784885379413703918,vehicle,0.0,0.0,0.0,0.0,0.0,0.0
1784885379413703918,4199,1784885379413703918,vehicle,0.0,0.0,0.0,0.0,0.0,0.0
1784885379413703918,4200,1784885379413703918,vehicle,0.0,0.0,0.0,0.0,0.0,0.0
1784885379413703918,4201,1784885379413703918,vehicle,0.0,0.0,0.0,0.0,0.0,0.0
1784885379413703918,4202,1784885379413703918,vehicle,0.0,0.0,0.0,0.0,0.0,0.0
1784885379413703918,4203,1784885379413703918,vehicle,0.0,0.0,0.0,0.0,0.0,0.0
1784885379413703918,4204,1784885379413703918,vehicle,0.0,0.0,0.0,0.0,0.0,0.0
1784885379413703918,4205,1784885379413703918,vehicle,0.0,0.0,0.0,0.0,0.0,0.0
1784885379413703918,4206,1784885379413703918,vehicle,0.0,0.0,0.0,0.0,0.0,0.0
1784885379413703918,4207,1784885379413703918,vehicle,0.0,0.0,0.0,0.0,0.0,0.0
1784885379413703918,4208,1784885379413703918,vehicle,0.0,0.0,0.0,0.0,0.0,0.0
1784885379413703918,4209,1784885379413703918,vehicle,0.0,0.0,0.0,0.0,0.0,0.0
1784885379413703918,4210,1784885379413703918,vehicle,0.0,0.0,0.0,0.0,0.0,0.0
1784885379413703918,4211,1784885379413703918,vehicle,0.0,0.0,0.0,0.0,0.0,0.0
1784885379413703918,4212,1784885379413703918,vehicle,0.0,0.0,0.0,0.0,0.0,0.0
1784885379413703918,4213,1784885379413703918,vehicle,0.0,0.0,0.0,0.0,0.0,0.0
1784885379413703918,4214,1784885379413703918,vehicle,0.0,0.0,0.0,0.0,0.0,0.0
1784885379413703918,4215,1784885379413703918,vehicle,0.0,0.0,0.0,0.0,0.0,0.0
1784885379413703918,4216,1784885379413703918,vehicle,0.0,0.0,0.0,0.0,0.0,0.0
1784885379413703918,4217,1784885379413703918,vehicle,0.0,0.0,0.0,0.0,0.0,0.0
1784885379413703918,4218,1784885379413703918,vehicle,0.0,0.0,0.0,0.0,0.0,0.0
1784885379413703918,4219,1784885379413703918,vehicle,0.0,0.0,0.0,0.0,0.0,0.0
1784885379413703918,4220,1784885379413703918,vehicle,0.0,0.0,0.0,0.0,0.0,0.0
1784885379413703918,4221,1784885379413703918,vehicle,0.0,0.0,0.0,0.0,0.0,0.0
1784885379413703918,4222,1784885379413703918,vehicle,0.0,0.0,0.0,0.0,0.0,0.0
1784885379413703918,4223,1784885379413703918,vehicle,0.0,0.0,0.0,0.0,0.0,0.0
1784885379413703918,4224,1784885379413703918,vehicle,0.0,0.0,0.0,0.0,0.0,0.0
1784885379413703918,4225,1784885379413703918,vehicle,0.0,0.0,0.0,0.0,0.0,0.0
1784885379413703918,4226,1784885379413703918,vehicle,0.0,0.0,0.0,0.0,0.0,0.0
1784885379413703918,4227,1784885379413703918,vehicle,0.0,0.0,0.0,0.0,0.0,0.0
1784885379413703918,4228,1784885379413703918,vehicle,0.0,0.0,0.0,0.0,0.0,0.0
1784885379413703918,4229,1784885379413703918,vehicle,0.0,0.0,0.0,0.0,0.0,0.0
1784885379413703918,4230,1784885379413703918,vehicle,0.0,0.0,0.0,0.0,0.0,0.0
1784885379413703918,4231,1784885379413703918,vehicle,0.0,0.0,0.0,0.0,0.0,0.0
1784885379413703918,4232,1784885379413703918,vehicle,0.0,0.0,0.0,0.0,0.0,0.0
1784885379413703918,4233,1784885379413703918,vehicle,0.0,0.0,0.0,0.0,0.0,0.0
1784885379413703918,4234,1784885379413703918,vehicle,0.0,0.0,0.0,0.0,0.0,0.0
1784885379413703918,4235,1784885379413703918,vehicle,0.0,0.0,0.0,0.0,0.0,0.0
1784885379413703918,4236,1784885379413703918,vehicle,0.0,0.0,0.0,0.0,0.0,0.0
1784885379413703918,4237,1784885379413703918,vehicle,0.0,0.0,0.0,0.0,0.0,0.0
1784885379413703918,4238,1784885379413703918,vehicle,0.0,0.0,0.0,0.0,0.0,0.0
1784885379413703918,4239,1784885379413703918,vehicle,0.0,0.0,0.0,0.0,0.0,0.0
1784885379413703918,4240,1784885379413703918,vehicle,0.0,0.0,0.0,0.0,0.0,0.0
1784885379413703918,4241,1784885379413703918,vehicle,0.0,0.0,0.0,0.0,0.0,0.0
1784885379413703918,4242,1784885379413703918,vehicle,0.0,0.0,0.0,0.0,0.0,0.0
1784885379413703918,4243,1784885379413703918,vehicle,0.0,0.0,0.0,0.0,0.0,0.0
1784885379413703918,4244,1784885379413703918,vehicle,0.0,0.0,0.0,0.0,0.0,0.0
1784885379413703918,4245,1784885379413703918,vehicle,0.0,0.0,0.0,0.0,0.0,0.0
1784885379413703918,4246,1784885379413703918,vehicle,0.0,0.0,0.0,0.0,0.0,0.0
1784885379413703918,4247,1784885379413703918,vehicle,0.0,0.0,0.0,0.0,0.0,0.0
1784885379413703918,4248,1784885379413703918,vehicle,0.0,0.0,0.0,0.0,0.0,0.0
1784885379413703918,4249,1784885379413703918,vehicle,0.0,0.0,0.0,0.0,0.0,0.0
1784885379413703918,4250,1784885379413703918,vehicle,0.0,0.0,0.0,0.0,0.0,0.0
1784885379413703918,4251,1784885379413703918,vehicle,0.0,0.0,0.0,0.0,0.0,0.0
1784885379413703918,4252,1784885379413703918,vehicle,0.0,0.0,0.0,0.0,0.0,0.0
1784885379413703918,4253,1784885379413703918,vehicle,0.0,0.0,0.0,0.0,0.0,0.0
1784885379413703918,4254,1784885379413703918,vehicle,0.0,0.0,0.0,0.0,0.0,0.0
1784885379413703918,4255,1784885379413703918,vehicle,0.0,0.0,0.0,0.0,0.0,0.0
1784885379413703918,4256,1784885379413703918,vehicle,0.0,0.0,0.0,0.0,0.0,0.0
1784885379413703918,4257,1784885379413703918,vehicle,0.0,0.0,0.0,0.0,0.0,0.0
1784885379413703918,4258,1784885379413703918,vehicle,0.0,0.0,0.0,0.0,0.0,0.0
1784885379413703918,4259,1784885379413703918,vehicle,0.0,0.0,0.0,0.0,0.0,0.0
1784885379413703918,4260,1784885379413703918,vehicle,0.0,0.0,0.0,0.0,0.0,0.0
1784885379413703918,4261,1784885379413703918,vehicle,0.0,0.0,0.0,0.0,0.0,0.0
1784885379413703918,4262,1784885379413703918,vehicle,0.0,0.0,0.0,0.0,0.0,0.0
1784885379413703918,4263,1784885379413703918,vehicle,0.0,0.0,0.0,0.0,0.0,0.0
1784885379413703918,4264,1784885379413703918,vehicle,0.0,0.0,0.0,0.0,0.0,0.0
1784885379413703918,4265,1784885379413703918,vehicle,0.0,0.0,0.0,0.0,0.0,0.0
1784885379413703918,4266,1784885379413703918,vehicle,0.0,0.0,0.0,0.0,0.0,0.0
1784885379413703918,4267,1784885379413703918,vehicle,0.0,0.0,0.0,0.0,0.0,0.0
1784885379413703918,4268,1784885379413703918,vehicle,0.0,0.0,0.0,0.0,0.0,0.0
1784885379413703918,4269,1784885379413703918,vehicle,0.0,0.0,0.0,0.0,0.0,0.0
1784885379413703918,4270,1784885379413703918,vehicle,0.0,0.0,0.0,0.0,0.0,0.0
1784885379413703918,4271,1784885379413703918,vehicle,0.0,0.0,0.0,0.0,0.0,0.0
1784885379413703918,4272,1784885379413703918,vehicle,0.0,0.0,0.0,0.0,0.0,0.0
1784885379413703918,4273,1784885379413703918,vehicle,0.0,0.0,0.0,0.0,0.0,0.0
1784885379413703918,4274,1784885379413703918,vehicle,0.0,0.0,0.0,0.0,0.0,0.0
1784885379413703918,4275,1784885379413703918,vehicle,0.0,0.0,0.0,0.0,0.0,0.0
1784885379413703918,4276,1784885379413703918,vehicle,0.0,0.0,0.0,0.0,0.0,0.0
1784885379413703918,4277,1784885379413703918,vehicle,0.0,0.0,0.0,0.0,0.0,0.0
1784885379413703918,4278,1784885379413703918,vehicle,0.0,0.0,0.0,0.0,0.0,0.0
1784885379413703918,4279,1784885379413703918,vehicle,0.0,0.0,0.0,0.0,0.0,0.0
1784885379413703918,4280,1784885379413703918,vehicle,0.0,0.0,0.0,0.0,0.0,0.0
1784885379413703918,4281,1784885379413703918,vehicle,0.0,0.0,0.0,0.0,0.0,0.0
1784885379413703918,4282,1784885379413703918,vehicle,0.0,0.0,0.0,0.0,0.0,0.0
1784885379413703918,4283,1784885379413703918,vehicle,0.0,0.0,0.0,0.0,0.0,0.0
1784885379413703918,4284,1784885379413703918,vehicle,0.0,0.0,0.0,0.0,0.0,0.0
1784885379413703918,4285,1784885379413703918,vehicle,0.0,0.0,0.0,0.0,0.0,0.0
1784885379413703918,4286,1784885379413703918,vehicle,0.0,0.0,0.0,0.0,0.0,0.0
1784885379413703918,4287,1784885379413703918,vehicle,0.0,0.0,0.0,0.0,0.0,0.0
1784885379413703918,4288,1784885379413703918,vehicle,0.0,0.0,0.0,0.0,0.0,0.0
1784885379413703918,4289,1784885379413703918,vehicle,0.0,0.0,0.0,0.0,0.0,0.0
1784885379413703918,4290,1784885379413703918,vehicle,0.0,0.0,0.0,0.0,0.0,0.0
1784885379413703918,4291,1784885379413703918,vehicle,0.0,0.0,0.0,0.0,0.0,0.0
1784885379413703918,4292,1784885379413703918,vehicle,0.0,0.0,0.0,0.0,0.0,0.0
1784885379413703918,4293,1784885379413703918,vehicle,0.0,0.0,0.0,0.0,0.0,0.0
1784885379413703918,4294,1784885379413703918,vehicle,0.0,0.0,0.0,0.0,0.0,0.0
1784885379413703918,4295,1784885379413703918,vehicle,0.0,0.0,0.0,0.0,0.0,0.0
1784885379413703918,4296,1784885379413703918,vehicle,0.0,0.0,0.0,0.0,0.0,0.0
1784885379413703918,4297,1784885379413703918,vehicle,0.0,0.0,0.0,0.0,0.0,0.0
1784885379413703918,4298,1784885379413703918,vehicle,0.0,0.0,0.0,0.0,0.0,0.0
1784885379413703918,4299,1784885379413703918,vehicle,0.0,0.0,0.0,0.0,0.0,0.0
1784885379413703918,4300,1784885379413703918,vehicle,0.0,0.0,0.0,0.0,0.0,0.0
1784885379413703918,4301,1784885379413703918,vehicle,0.0,0.0,0.0,0.0,0.0,0.0
1784885379413703918,4302,1784885379413703918,vehicle,0.0,0.0,0.0,0.0,0.0,0.0
1784885379413703918,4303,1784885379413703918,vehicle,0.0,0.0,0.0,0.0,0.0,0.0
1784885379413703918,4304,1784885379413703918,vehicle,0.0,0.0,0.0,0.0,0.0,0.0
1784885379413703918,4305,1784885379413703918,vehicle,0.0,0.0,0.0,0.0,0.0,0.0
1784885379413703918,4306,1784885379413703918,vehicle,0.0,0.0,0.0,0.0,0.0,0.0
1784885379413703918,4307,1784885379413703918,vehicle,0.0,0.0,0.0,0.0,0.0,0.0
1784885379413703918,4308,1784885379413703918,vehicle,0.0,0.0,0.0,0.0,0.0,0.0
1784885379413703918,4309,1784885379413703918,vehicle,0.0,0.0,0.0,0.0,0.0,0.0
1784885379413703918,4310,1784885379413703918,vehicle,0.0,0.0,0.0,0.0,0.0,0.0
1784885379413703918,4311,1784885379413703918,vehicle,0.0,0.0,0.0,0.0,0.0,0.0
1784885379413703918,4312,1784885379413703918,vehicle,0.0,0.0,0.0,0.0,0.0,0.0
1784885379413703918,4313,1784885379413703918,vehicle,0.0,0.0,0.0,0.0,0.0,0.0
1784885379413703918,4314,1784885379413703918,vehicle,0.0,0.0,0.0,0.0,0.0,0.0
1784885379413703918,4315,1784885379413703918,vehicle,0.0,0.0,0.0,0.0,0.0,0.0
1784885379413703918,4316,1784885379413703918,vehicle,0.0,0.0,0.0,0.0,0.0,0.0
1784885379413703918,4317,1784885379413703918,vehicle,0.0,0.0,0.0,0.0,0.0,0.0
1784885379413703918,4318,1784885379413703918,vehicle,0.0,0.0,0.0,0.0,0.0,0.0
1784885379413703918,4319,1784885379413703918,vehicle,0.0,0.0,0.0,0.0,0.0,0.0
1784885379413703918,4320,1784885379413703918,vehicle,0.0,0.0,0.0,0.0,0.0,0.0
1784885379413703918,4321,1784885379413703918,vehicle,0.0,0.0,0.0,0.0,0.0,0.0
1784885379413703918,4322,1784885379413703918,vehicle,0.0,0.0,0.0,0.0,0.0,0.0
1784885379413703918,4323,1784885379413703918,vehicle,0.0,0.0,0.0,0.0,0.0,0.0
1784885379413703918,4324,1784885379413703918,vehicle,0.0,0.0,0.0,0.0,0.0,0.0
1784885379413703918,4325,1784885379413703918,vehicle,0.0,0.0,0.0,0.0,0.0,0.0
1784885379413703918,4326,1784885379413703918,vehicle,0.0,0.0,0.0,0.0,0.0,0.0
1784885379413703918,4327,1784885379413703918,vehicle,0.0,0.0,0.0,0.0,0.0,0.0
1784885379413703918,4328,1784885379413703918,vehicle,0.0,0.0,0.0,0.0,0.0,0.0
1784885379413703918,4329,1784885379413703918,vehicle,0.0,0.0,0.0,0.0,0.0,0.0
1784885379413703918,4330,1784885379413703918,vehicle,0.0,0.0,0.0,0.0,0.0,0.0
1784885379413703918,4331,1784885379413703918,vehicle,0.0,0.0,0.0,0.0,0.0,0.0
1784885379413703918,4332,1784885379413703918,vehicle,0.0,0.0,0.0,0.0,0.0,0.0
1784885379413703918,4333,1784885379413703918,vehicle,0.0,0.0,0.0,0.0,0.0,0.0
1784885379413703918,4334,1784885379413703918,vehicle,0.0,0.0,0.0,0.0,0.0,0.0
1784885379413703918,4335,1784885379413703918,vehicle,0.0,0.0,0.0,0.0,0.0,0.0
1784885379413703918,4336,1784885379413703918,vehicle,0.0,0.0,0.0,0.0,0.0,0.0
1784885379413703918,4337,1784885379413703918,vehicle,0.0,0.0,0.0,0.0,0.0,0.0
1784885379413703918,4338,1784885379413703918,vehicle,0.0,0.0,0.0,0.0,0.0,0.0
1784885379413703918,4339,1784885379413703918,vehicle,0.0,0.0,0.0,0.0,0.0,0.0
1784885379413703918,4340,1784885379413703918,vehicle,0.0,0.0,0.0,0.0,0.0,0.0
1784885379413703918,4341,1784885379413703918,vehicle,0.0,0.0,0.0,0.0,0.0,0.0
1784885379413703918,4342,1784885379413703918,vehicle,0.0,0.0,0.0,0.0,0.0,0.0
1784885379413703918,4343,1784885379413703918,vehicle,0.0,0.0,0.0,0.0,0.0,0.0
1784885379413703918,4344,1784885379413703918,vehicle,0.0,0.0,0.0,0.0,0.0,0.0
1784885379413703918,4345,1784885379413703918,vehicle,0.0,0.0,0.0,0.0,0.0,0.0
1784885379413703918,4346,1784885379413703918,vehicle,0.0,0.0,0.0,0.0,0.0,0.0
1784885379413703918,4347,1784885379413703918,vehicle,0.0,0.0,0.0,0.0,0.0,0.0
1784885379413703918,4348,1784885379413703918,vehicle,0.0,0.0,0.0,0.0,0.0,0.0
1784885379413703918,4349,1784885379413703918,vehicle,0.0,0.0,0.0,0.0,0.0,0.0
1784885379413703918,4350,1784885379413703918,vehicle,0.0,0.0,0.0,0.0,0.0,0.0
1784885379413703918,4351,1784885379413703918,vehicle,0.0,0.0,0.0,0.0,0.0,0.0
1784885379413703918,4352,1784885379413703918,vehicle,0.0,0.0,0.0,0.0,0.0,0.0
1784885379413703918,4353,1784885379413703918,vehicle,0.0,0.0,0.0,0.0,0.0,0.0
1784885379413703918,4354,1784885379413703918,vehicle,0.0,0.0,0.0,0.0,0.0,0.0
1784885379413703918,4355,1784885379413703918,vehicle,0.0,0.0,0.0,0.0,0.0,0.0
1784885379413703918,4356,1784885379413703918,vehicle,0.0,0.0,0.0,0.0,0.0,0.0
1784885379413703918,4357,1784885379413703918,vehicle,0.0,0.0,0.0,0.0,0.0,0.0
1784885379413703918,4358,1784885379413703918,vehicle,0.0,0.0,0.0,0.0,0.0,0.0
1784885379413703918,4359,1784885379413703918,vehicle,0.0,0.0,0.0,0.0,0.0,0.0
1784885379413703918,4360,1784885379413703918,vehicle,0.0,0.0,0.0,0.0,0.0,0.0
1784885379413703918,4361,1784885379413703918,vehicle,0.0,0.0,0.0,0.0,0.0,0.0
1784885379413703918,4362,1784885379413703918,vehicle,0.0,0.0,0.0,0.0,0.0,0.0
1784885379413703918,4363,1784885379413703918,vehicle,0.0,0.0,0.0,0.0,0.0,0.0
1784885379413703918,4364,1784885379413703918,vehicle,0.0,0.0,0.0,0.0,0.0,0.0
1784885379413703918,4365,1784885379413703918,vehicle,0.0,0.0,0.0,0.0,0.0,0.0
1784885379413703918,4366,1784885379413703918,vehicle,0.0,0.0,0.0,0.0,0.0,0.0
1784885379413703918,4367,1784885379413703918,vehicle,0.0,0.0,0.0,0.0,0.0,0.0
1784885379413703918,4368,1784885379413703918,vehicle,0.0,0.0,0.0,0.0,0.0,0.0
1784885379413703918,4369,1784885379413703918,vehicle,0.0,0.0,0.0,0.0,0.0,0.0
1784885379413703918,4370,1784885379413703918,vehicle,0.0,0.0,0.0,0.0,0.0,0.0
1784885379413703918,4371,1784885379413703918,vehicle,0.0,0.0,0.0,0.0,0.0,0.0
1784885379413703918,4372,1784885379413703918,vehicle,0.0,0.0,0.0,0.0,0.0,0.0
1784885379413703918,4373,1784885379413703918,vehicle,0.0,0.0,0.0,0.0,0.0,0.0
1784885379413703918,4374,1784885379413703918,vehicle,0.0,0.0,0.0,0.0,0.0,0.0
1784885379413703918,4375,1784885379413703918,vehicle,0.0,0.0,0.0,0.0,0.0,0.0
1784885379413703918,4376,1784885379413703918,vehicle,0.0,0.0,0.0,0.0,0.0,0.0
1784885379413703918,4377,1784885379413703918,vehicle,0.0,0.0,0.0,0.0,0.0,0.0
1784885379413703918,4378,1784885379413703918,vehicle,0.0,0.0,0.0,0.0,0.0,0.0
1784885379413703918,4379,1784885379413703918,vehicle,0.0,0.0,0.0,0.0,0.0,0.0
1784885379413703918,4380,1784885379413703918,vehicle,0.0,0.0,0.0,0.0,0.0,0.0
1784885379413703918,4381,1784885379413703918,vehicle,0.0,0.0,0.0,0.0,0.0,0.0
1784885379413703918,4382,1784885379413703918,vehicle,0.0,0.0,0.0,0.0,0.0,0.0
1784885379413703918,4383,1784885379413703918,vehicle,0.0,0.0,0.0,0.0,0.0,0.0
1784885379413703918,4384,1784885379413703918,vehicle,0.0,0.0,0.0,0.0,0.0,0.0
1784885379413703918,4385,1784885379413703918,vehicle,0.0,0.0,0.0,0.0,0.0,0.0
1784885379413703918,4386,1784885379413703918,vehicle,0.0,0.0,0.0,0.0,0.0,0.0
1784885379413703918,4387,1784885379413703918,vehicle,0.0,0.0,0.0,0.0,0.0,0.0
1784885379413703918,4388,1784885379413703918,vehicle,0.0,0.0,0.0,0.0,0.0,0.0
1784885379413703918,4389,1784885379413703918,vehicle,0.0,0.0,0.0,0.0,0.0,0.0
1784885379413703918,4390,1784885379413703918,vehicle,0.0,0.0,0.0,0.0,0.0,0.0
1784885379413703918,4391,1784885379413703918,vehicle,0.0,0.0,0.0,0.0,0.0,0.0
1784885379413703918,4392,1784885379413703918,vehicle,0.0,0.0,0.0,0.0,0.0,0.0
1784885379413703918,4393,1784885379413703918,vehicle,0.0,0.0,0.0,0.0,0.0,0.0
1784885379413703918,4394,1784885379413703918,vehicle,0.0,0.0,0.0,0.0,0.0,0.0
1784885379413703918,4395,1784885379413703918,vehicle,0.0,0.0,0.0,0.0,0.0,0.0
1784885379413703918,4396,1784885379413703918,vehicle,0.0,0.0,0.0,0.0,0.0,0.0
1784885379413703918,4397,1784885379413703918,vehicle,0.0,0.0,0.0,0.0,0.0,0.0
1784885379413703918,4398,1784885379413703918,vehicle,0.0,0.0,0.0,0.0,0.0,0.0
1784885379413703918,4399,1784885379413703918,vehicle,0.0,0.0,0.0,0.0,0.0,0.0
1784885379413703918,4400,1784885379413703918,vehicle,0.0,0.0,0.0,0.0,0.0,0.0
1784885379413703918,4401,1784885379413703918,vehicle,0.0,0.0,0.0,0.0,0.0,0.0
1784885379413703918,4402,1784885379413703918,vehicle,0.0,0.0,0.0,0.0,0.0,0.0
1784885379413703918,4403,1784885379413703918,vehicle,0.0,0.0,0.0,0.0,0.0,0.0
1784885379413703918,4404,1784885379413703918,vehicle,0.0,0.0,0.0,0.0,0.0,0.0
1784885379413703918,4405,1784885379413703918,vehicle,0.0,0.0,0.0,0.0,0.0,0.0
1784885379413703918,4406,1784885379413703918,vehicle,0.0,0.0,0.0,0.0,0.0,0.0
1784885379413703918,4407,1784885379413703918,vehicle,0.0,0.0,0.0,0.0,0.0,0.0
1784885379413703918,4408,1784885379413703918,vehicle,0.0,0.0,0.0,0.0,0.0,0.0
1784885379413703918,4409,1784885379413703918,vehicle,0.0,0.0,0.0,0.0,0.0,0.0
1784885379413703918,4410,1784885379413703918,vehicle,0.0,0.0,0.0,0.0,0.0,0.0
1784885379413703918,4411,1784885379413703918,vehicle,0.0,0.0,0.0,0.0,0.0,0.0
1784885379413703918,4412,1784885379413703918,vehicle,0.0,0.0,0.0,0.0,0.0,0.0
1784885379413703918,4413,1784885379413703918,vehicle,0.0,0.0,0.0,0.0,0.0,0.0
1784885379413703918,4414,1784885379413703918,vehicle,0.0,0.0,0.0,0.0,0.0,0.0
1784885379413703918,4415,1784885379413703918,vehicle,0.0,0.0,0.0,0.0,0.0,0.0
1784885379413703918,4416,1784885379413703918,vehicle,0.0,0.0,0.0,0.0,0.0,0.0
1784885379413703918,4417,1784885379413703918,vehicle,0.0,0.0,0.0,0.0,0.0,0.0
1784885379413703918,4418,1784885379413703918,vehicle,0.0,0.0,0.0,0.0,0.0,0.0
1784885379413703918,4419,1784885379413703918,vehicle,0.0,0.0,0.0,0.0,0.0,0.0
1784885379413703918,4420,1784885379413703918,vehicle,0.0,0.0,0.0,0.0,0.0,0.0
1784885379413703918,4421,1784885379413703918,vehicle,0.0,0.0,0.0,0.0,0.0,0.0
1784885379413703918,4422,1784885379413703918,vehicle,0.0,0.0,0.0,0.0,0.0,0.0
1784885379413703918,4423,1784885379413703918,vehicle,0.0,0.0,0.0,0.0,0.0,0.0
1784885379413703918,4424,1784885379413703918,vehicle,0.0,0.0,0.0,0.0,0.0,0.0
1784885379413703918,4425,1784885379413703918,vehicle,0.0,0.0,0.0,0.0,0.0,0.0
1784885379413703918,4426,1784885379413703918,vehicle,0.0,0.0,0.0,0.0,0.0,0.0
1784885379413703918,4427,1784885379413703918,vehicle,0.0,0.0,0.0,0.0,0.0,0.0
1784885379413703918,4428,1784885379413703918,vehicle,0.0,0.0,0.0,0.0,0.0,0.0
1784885379413703918,4429,1784885379413703918,vehicle,0.0,0.0,0.0,0.0,0.0,0.0
1784885379413703918,4430,1784885379413703918,vehicle,0.0,0.0,0.0,0.0,0.0,0.0
1784885379413703918,4431,1784885379413703918,vehicle,0.0,0.0,0.0,0.0,0.0,0.0
1784885379413703918,4432,1784885379413703918,vehicle,0.0,0.0,0.0,0.0,0.0,0.0
1784885379413703918,4433,1784885379413703918,vehicle,0.0,0.0,0.0,0.0,0.0,0.0
1784885379413703918,4434,1784885379413703918,vehicle,0.0,0.0,0.0,0.0,0.0,0.0
1784885379413703918,4435,1784885379413703918,vehicle,0.0,0.0,0.0,0.0,0.0,0.0
1784885379413703918,4436,1784885379413703918,vehicle,0.0,0.0,0.0,0.0,0.0,0.0
1784885379413703918,4437,1784885379413703918,vehicle,0.0,0.0,0.0,0.0,0.0,0.0
1784885379413703918,4438,1784885379413703918,vehicle,0.0,0.0,0.0,0.0,0.0,0.0
1784885379413703918,4439,1784885379413703918,vehicle,0.0,0.0,0.0,0.0,0.0,0.0
1784885379413703918,4440,1784885379413703918,vehicle,0.0,0.0,0.0,0.0,0.0,0.0
1784885379413703918,4441,1784885379413703918,vehicle,0.0,0.0,0.0,0.0,0.0,0.0
1784885379413703918,4442,1784885379413703918,vehicle,0.0,0.0,0.0,0.0,0.0,0.0
1784885379413703918,4443,1784885379413703918,vehicle,0.0,0.0,0.0,0.0,0.0,0.0
1784885379413703918,4444,1784885379413703918,vehicle,0.0,0.0,0.0,0.0,0.0,0.0
1784885379413703918,4445,1784885379413703918,vehicle,0.0,0.0,0.0,0.0,0.0,0.0
1784885379413703918,4446,1784885379413703918,vehicle,0.0,0.0,0.0,0.0,0.0,0.0
1784885379413703918,4447,1784885379413703918,vehicle,0.0,0.0,0.0,0.0,0.0,0.0
1784885379413703918,4448,1784885379413703918,vehicle,0.0,0.0,0.0,0.0,0.0,0.0
1784885379413703918,4449,1784885379413703918,vehicle,0.0,0.0,0.0,0.0,0.0,0.0
1784885379413703918,4450,1784885379413703918,vehicle,0.0,0.0,0.0,0.0,0.0,0.0
1784885379413703918,4451,1784885379413703918,vehicle,0.0,0.0,0.0,0.0,0.0,0.0
1784885379413703918,4452,1784885379413703918,vehicle,0.0,0.0,0.0,0.0,0.0,0.0
1784885379413703918,4453,1784885379413703918,vehicle,0.0,0.0,0.0,0.0,0.0,0.0
1784885379413703918,4454,1784885379413703918,vehicle,0.0,0.0,0.0,0.0,0.0,0.0
1784885379413703918,4455,1784885379413703918,vehicle,0.0,0.0,0.0,0.0,0.0,0.0
1784885379413703918,4456,1784885379413703918,vehicle,0.0,0.0,0.0,0.0,0.0,0.0
1784885379413703918,4457,1784885379413703918,vehicle,0.0,0.0,0.0,0.0,0.0,0.0
1784885379413703918,4458,1784885379413703918,vehicle,0.0,0.0,0.0,0.0,0.0,0.0
1784885379413703918,4459,1784885379413703918,vehicle,0.0,0.0,0.0,0.0,0.0,0.0
1784885379413703918,4460,1784885379413703918,vehicle,0.0,0.0,0.0,0.0,0.0,0.0
1784885379413703918,4461,1784885379413703918,vehicle,0.0,0.0,0.0,0.0,0.0,0.0
1784885379413703918,4462,1784885379413703918,vehicle,0.0,0.0,0.0,0.0,0.0,0.0
1784885379413703918,4463,1784885379413703918,vehicle,0.0,0.0,0.0,0.0,0.0,0.0
1784885379413703918,4464,1784885379413703918,vehicle,0.0,0.0,0.0,0.0,0.0,0.0
1784885379413703918,4465,1784885379413703918,vehicle,0.0,0.0,0.0,0.0,0.0,0.0
1784885379413703918,4466,1784885379413703918,vehicle,0.0,0.0,0.0,0.0,0.0,0.0
1784885379413703918,4467,1784885379413703918,vehicle,0.0,0.0,0.0,0.0,0.0,0.0
1784885379413703918,4468,1784885379413703918,vehicle,0.0,0.0,0.0,0.0,0.0,0.0
1784885379413703918,4469,1784885379413703918,vehicle,0.0,0.0,0.0,0.0,0.0,0.0
1784885379413703918,4470,1784885379413703918,vehicle,0.0,0.0,0.0,0.0,0.0,0.0
1784885379413703918,4471,1784885379413703918,vehicle,0.0,0.0,0.0,0.0,0.0,0.0
1784885379413703918,4472,1784885379413703918,vehicle,0.0,0.0,0.0,0.0,0.0,0.0
1784885379413703918,4473,1784885379413703918,vehicle,0.0,0.0,0.0,0.0,0.0,0.0
1784885379413703918,4474,1784885379413703918,vehicle,0.0,0.0,0.0,0.0,0.0,0.0
1784885379413703918,4475,1784885379413703918,vehicle,0.0,0.0,0.0,0.0,0.0,0.0
1784885379413703918,4476,1784885379413703918,vehicle,0.0,0.0,0.0,0.0,0.0,0.0
1784885379413703918,4477,1784885379413703918,vehicle,0.0,0.0,0.0,0.0,0.0,0.0
1784885379413703918,4478,1784885379413703918,vehicle,0.0,0.0,0.0,0.0,0.0,0.0
1784885379413703918,4479,1784885379413703918,vehicle,0.0,0.0,0.0,0.0,0.0,0.0
1784885379413703918,4480,1784885379413703918,vehicle,0.0,0.0,0.0,0.0,0.0,0.0
1784885379413703918,4481,1784885379413703918,vehicle,0.0,0.0,0.0,0.0,0.0,0.0
1784885379413703918,4482,1784885379413703918,vehicle,0.0,0.0,0.0,0.0,0.0,0.0
1784885379413703918,4483,1784885379413703918,vehicle,0.0,0.0,0.0,0.0,0.0,0.0
1784885379413703918,4484,1784885379413703918,vehicle,0.0,0.0,0.0,0.0,0.0,0.0
1784885379413703918,4485,1784885379413703918,vehicle,0.0,0.0,0.0,0.0,0.0,0.0
1784885379413703918,4486,1784885379413703918,vehicle,0.0,0.0,0.0,0.0,0.0,0.0
1784885379413703918,4487,1784885379413703918,vehicle,0.0,0.0,0.0,0.0,0.0,0.0
1784885379413703918,4488,1784885379413703918,vehicle,0.0,0.0,0.0,0.0,0.0,0.0
1784885379413703918,4489,1784885379413703918,vehicle,0.0,0.0,0.0,0.0,0.0,0.0
1784885379413703918,4490,1784885379413703918,vehicle,0.0,0.0,0.0,0.0,0.0,0.0
1784885379413703918,4491,1784885379413703918,vehicle,0.0,0.0,0.0,0.0,0.0,0.0
1784885379413703918,4492,1784885379413703918,vehicle,0.0,0.0,0.0,0.0,0.0,0.0
1784885379413703918,4493,1784885379413703918,vehicle,0.0,0.0,0.0,0.0,0.0,0.0
1784885379413703918,4494,1784885379413703918,vehicle,0.0,0.0,0.0,0.0,0.0,0.0
1784885379413703918,4495,1784885379413703918,vehicle,0.0,0.0,0.0,0.0,0.0,0.0
1784885379413703918,4496,1784885379413703918,vehicle,0.0,0.0,0.0,0.0,0.0,0.0
1784885379413703918,4497,1784885379413703918,vehicle,0.0,0.0,0.0,0.0,0.0,0.0
1784885379413703918,4498,1784885379413703918,vehicle,0.0,0.0,0.0,0.0,0.0,0.0
1784885379413703918,4499,1784885379413703918,vehicle,0.0,0.0,0.0,0.0,0.0,0.0
1784885379413703918,4500,1784885379413703918,vehicle,0.0,0.0,0.0,0.0,0.0,0.0
1784885379413703918,4501,1784885379413703918,vehicle,0.0,0.0,0.0,0.0,0.0,0.0
1784885379413703918,4502,1784885379413703918,vehicle,0.0,0.0,0.0,0.0,0.0,0.0
1784885379413703918,4503,1784885379413703918,vehicle,0.0,0.0,0.0,0.0,0.0,0.0
1784885379413703918,4504,1784885379413703918,vehicle,0.0,0.0,0.0,0.0,0.0,0.0
1784885379413703918,4505,1784885379413703918,vehicle,0.0,0.0,0.0,0.0,0.0,0.0
1784885379413703918,4506,1784885379413703918,vehicle,0.0,0.0,0.0,0.0,0.0,0.0
1784885379413703918,4507,1784885379413703918,vehicle,0.0,0.0,0.0,0.0,0.0,0.0
1784885379413703918,4508,1784885379413703918,vehicle,0.0,0.0,0.0,0.0,0.0,0.0
1784885379413703918,4509,1784885379413703918,vehicle,0.0,0.0,0.0,0.0,0.0,0.0
1784885379413703918,4510,1784885379413703918,vehicle,0.0,0.0,0.0,0.0,0.0,0.0
1784885379413703918,4511,1784885379413703918,vehicle,0.0,0.0,0.0,0.0,0.0,0.0
1784885379413703918,4512,1784885379413703918,vehicle,0.0,0.0,0.0,0.0,0.0,0.0
1784885379413703918,4513,1784885379413703918,vehicle,0.0,0.0,0.0,0.0,0.0,0.0
1784885379413703918,4514,1784885379413703918,vehicle,0.0,0.0,0.0,0.0,0.0,0.0
1784885379413703918,4515,1784885379413703918,vehicle,0.0,0.0,0.0,0.0,0.0,0.0
1784885379413703918,4516,1784885379413703918,vehicle,0.0,0.0,0.0,0.0,0.0,0.0
1784885379413703918,4517,1784885379413703918,vehicle,0.0,0.0,0.0,0.0,0.0,0.0
1784885379413703918,4518,1784885379413703918,vehicle,0.0,0.0,0.0,0.0,0.0,0.0
1784885379413703918,4519,1784885379413703918,vehicle,0.0,0.0,0.0,0.0,0.0,0.0
1784885379413703918,4520,1784885379413703918,vehicle,0.0,0.0,0.0,0.0,0.0,0.0
1784885379413703918,4521,1784885379413703918,vehicle,0.0,0.0,0.0,0.0,0.0,0.0
1784885379413703918,4522,1784885379413703918,vehicle,0.0,0.0,0.0,0.0,0.0,0.0
1784885379413703918,4523,1784885379413703918,vehicle,0.0,0.0,0.0,0.0,0.0,0.0
1784885379413703918,4524,1784885379413703918,vehicle,0.0,0.0,0.0,0.0,0.0,0.0
1784885379413703918,4525,1784885379413703918,vehicle,0.0,0.0,0.0,0.0,0.0,0.0
1784885379413703918,4526,1784885379413703918,vehicle,0.0,0.0,0.0,0.0,0.0,0.0
1784885379413703918,4527,1784885379413703918,vehicle,0.0,0.0,0.0,0.0,0.0,0.0
1784885379413703918,4528,1784885379413703918,vehicle,0.0,0.0,0.0,0.0,0.0,0.0
1784885379413703918,4529,1784885379413703918,vehicle,0.0,0.0,0.0,0.0,0.0,0.0
1784885379413703918,4530,1784885379413703918,vehicle,0.0,0.0,0.0,0.0,0.0,0.0
1784885379413703918,4531,1784885379413703918,vehicle,0.0,0.0,0.0,0.0,0.0,0.0
1784885379413703918,4532,1784885379413703918,vehicle,0.0,0.0,0.0,0.0,0.0,0.0
1784885379413703918,4533,1784885379413703918,vehicle,0.0,0.0,0.0,0.0,0.0,0.0
1784885379413703918,4534,1784885379413703918,vehicle,0.0,0.0,0.0,0.0,0.0,0.0
1784885379413703918,4535,1784885379413703918,vehicle,0.0,0.0,0.0,0.0,0.0,0.0
1784885379413703918,4536,1784885379413703918,vehicle,0.0,0.0,0.0,0.0,0.0,0.0
1784885379413703918,4537,1784885379413703918,vehicle,0.0,0.0,0.0,0.0,0.0,0.0
1784885379413703918,4538,1784885379413703918,vehicle,0.0,0.0,0.0,0.0,0.0,0.0
1784885379413703918,4539,1784885379413703918,vehicle,0.0,0.0,0.0,0.0,0.0,0.0
1784885379413703918,4540,1784885379413703918,vehicle,0.0,0.0,0.0,0.0,0.0,0.0
1784885379413703918,4541,1784885379413703918,vehicle,0.0,0.0,0.0,0.0,0.0,0.0
1784885379413703918,4542,1784885379413703918,vehicle,0.0,0.0,0.0,0.0,0.0,0.0
1784885379413703918,4543,1784885379413703918,vehicle,0.0,0.0,0.0,0.0,0.0,0.0
1784885379413703918,4544,1784885379413703918,vehicle,0.0,0.0,0.0,0.0,0.0,0.0
1784885379413703918,4545,1784885379413703918,vehicle,0.0,0.0,0.0,0.0,0.0,0.0
1784885379413703918,4546,1784885379413703918,vehicle,0.0,0.0,0.0,0.0,0.0,0.0
1784885379413703918,4547,1784885379413703918,vehicle,0.0,0.0,0.0,0.0,0.0,0.0
1784885379413703918,4548,1784885379413703918,vehicle,0.0,0.0,0.0,0.0,0.0,0.0
1784885379413703918,4549,1784885379413703918,vehicle,0.0,0.0,0.0,0.0,0.0,0.0
1784885379413703918,4550,1784885379413703918,vehicle,0.0,0.0,0.0,0.0,0.0,0.0
1784885379413703918,4551,1784885379413703918,vehicle,0.0,0.0,0.0,0.0,0.0,0.0
1784885379413703918,4552,1784885379413703918,vehicle,0.0,0.0,0.0,0.0,0.0,0.0
1784885379413703918,4553,1784885379413703918,vehicle,0.0,0.0,0.0,0.0,0.0,0.0
1784885379413703918,4554,1784885379413703918,vehicle,0.0,0.0,0.0,0.0,0.0,0.0
1784885379413703918,4555,1784885379413703918,vehicle,0.0,0.0,0.0,0.0,0.0,0.0
1784885379413703918,4556,1784885379413703918,vehicle,0.0,0.0,0.0,0.0,0.0,0.0
1784885379413703918,4557,1784885379413703918,vehicle,0.0,0.0,0.0,0.0,0.0,0.0
1784885379413703918,4558,1784885379413703918,vehicle,0.0,0.0,0.0,0.0,0.0,0.0
1784885379413703918,4559,1784885379413703918,vehicle,0.0,0.0,0.0,0.0,0.0,0.0
1784885379413703918,4560,1784885379413703918,vehicle,0.0,0.0,0.0,0.0,0.0,0.0
1784885379413703918,4561,1784885379413703918,vehicle,0.0,0.0,0.0,0.0,0.0,0.0
1784885379413703918,4562,1784885379413703918,vehicle,0.0,0.0,0.0,0.0,0.0,0.0
1784885379413703918,4563,1784885379413703918,vehicle,0.0,0.0,0.0,0.0,0.0,0.0
1784885379413703918,4564,1784885379413703918,vehicle,0.0,0.0,0.0,0.0,0.0,0.0
1784885379413703918,4565,1784885379413703918,vehicle,0.0,0.0,0.0,0.0,0.0,0.0
1784885379413703918,4566,1784885379413703918,vehicle,0.0,0.0,0.0,0.0,0.0,0.0
1784885379413703918,4567,1784885379413703918,vehicle,0.0,0.0,0.0,0.0,0.0,0.0
1784885379413703918,4568,1784885379413703918,vehicle,0.0,0.0,0.0,0.0,0.0,0.0
1784885379413703918,4569,1784885379413703918,vehicle,0.0,0.0,0.0,0.0,0.0,0.0
1784885379413703918,4570,1784885379413703918,vehicle,0.0,0.0,0.0,0.0,0.0,0.0
1784885379413703918,4571,1784885379413703918,vehicle,0.0,0.0,0.0,0.0,0.0,0.0
1784885379413703918,4572,1784885379413703918,vehicle,0.0,0.0,0.0,0.0,0.0,0.0
1784885379413703918,4573,1784885379413703918,vehicle,0.0,0.0,0.0,0.0,0.0,0.0
1784885379413703918,4574,1784885379413703918,vehicle,0.0,0.0,0.0,0.0,0.0,0.0
1784885379413703918,4575,1784885379413703918,vehicle,0.0,0.0,0.0,0.0,0.0,0.0
1784885379413703918,4576,1784885379413703918,vehicle,0.0,0.0,0.0,0.0,0.0,0.0
1784885379413703918,4577,1784885379413703918,vehicle,0.0,0.0,0.0,0.0,0.0,0.0
1784885379413703918,4578,1784885379413703918,vehicle,0.0,0.0,0.0,0.0,0.0,0.0
1784885379413703918,4579,1784885379413703918,vehicle,0.0,0.0,0.0,0.0,0.0,0.0
1784885379413703918,4580,1784885379413703918,vehicle,0.0,0.0,0.0,0.0,0.0,0.0
1784885379413703918,4581,1784885379413703918,vehicle,0.0,0.0,0.0,0.0,0.0,0.0
1784885379413703918,4582,1784885379413703918,vehicle,0.0,0.0,0.0,0.0,0.0,0.0
1784885379413703918,4583,1784885379413703918,vehicle,0.0,0.0,0.0,0.0,0.0,0.0
1784885379413703918,4584,1784885379413703918,vehicle,0.0,0.0,0.0,0.0,0.0,0.0
1784885379413703918,4585,1784885379413703918,vehicle,0.0,0.0,0.0,0.0,0.0,0.0
1784885379413703918,4586,1784885379413703918,vehicle,0.0,0.0,0.0,0.0,0.0,0.0
1784885379413703918,4587,1784885379413703918,vehicle,0.0,0.0,0.0,0.0,0.0,0.0
1784885379413703918,4588,1784885379413703918,vehicle,0.0,0.0,0.0,0.0,0.0,0.0
1784885379413703918,4589,1784885379413703918,vehicle,0.0,0.0,0.0,0.0,0.0,0.0
1784885379413703918,4590,1784885379413703918,vehicle,0.0,0.0,0.0,0.0,0.0,0.0
1784885379413703918,4591,1784885379413703918,vehicle,0.0,0.0,0.0,0.0,0.0,0.0
1784885379413703918,4592,1784885379413703918,vehicle,0.0,0.0,0.0,0.0,0.0,0.0
1784885379413703918,4593,1784885379413703918,vehicle,0.0,0.0,0.0,0.0,0.0,0.0
1784885379413703918,4594,1784885379413703918,vehicle,0.0,0.0,0.0,0.0,0.0,0.0
1784885379413703918,4595,1784885379413703918,vehicle,0.0,0.0,0.0,0.0,0.0,0.0
1784885379413703918,4596,1784885379413703918,vehicle,0.0,0.0,0.0,0.0,0.0,0.0
1784885379413703918,4597,1784885379413703918,vehicle,0.0,0.0,0.0,0.0,0.0,0.0
1784885379413703918,4598,1784885379413703918,vehicle,0.0,0.0,0.0,0.0,0.0,0.0
1784885379413703918,4599,1784885379413703918,vehicle,0.0,0.0,0.0,0.0,0.0,0.0
1784885379413703918,4600,1784885379413703918,vehicle,0.0,0.0,0.0,0.0,0.0,0.0
1784885379413703918,4601,1784885379413703918,vehicle,0.0,0.0,0.0,0.0,0.0,0.0
1784885379413703918,4602,1784885379413703918,vehicle,0.0,0.0,0.0,0.0,0.0,0.0
1784885379413703918,4603,1784885379413703918,vehicle,0.0,0.0,0.0,0.0,0.0,0.0
1784885379413703918,4604,1784885379413703918,vehicle,0.0,0.0,0.0,0.0,0.0,0.0
1784885379413703918,4605,1784885379413703918,vehicle,0.0,0.0,0.0,0.0,0.0,0.0
1784885379413703918,4606,1784885379413703918,vehicle,0.0,0.0,0.0,0.0,0.0,0.0
1784885379413703918,4607,1784885379413703918,vehicle,0.0,0.0,0.0,0.0,0.0,0.0
1784885379413703918,4608,1784885379413703918,vehicle,0.0,0.0,0.0,0.0,0.0,0.0
1784885379413703918,4609,1784885379413703918,vehicle,0.0,0.0,0.0,0.0,0.0,0.0
1784885379413703918,4610,1784885379413703918,vehicle,0.0,0.0,0.0,0.0,0.0,0.0
1784885379413703918,4611,1784885379413703918,vehicle,0.0,0.0,0.0,0.0,0.0,0.0
1784885379413703918,4612,1784885379413703918,vehicle,0.0,0.0,0.0,0.0,0.0,0.0
1784885379413703918,4613,1784885379413703918,vehicle,0.0,0.0,0.0,0.0,0.0,0.0
1784885379413703918,4614,1784885379413703918,vehicle,0.0,0.0,0.0,0.0,0.0,0.0
1784885379413703918,4615,1784885379413703918,vehicle,0.0,0.0,0.0,0.0,0.0,0.0
1784885379413703918,4616,1784885379413703918,vehicle,0.0,0.0,0.0,0.0,0.0,0.0
1784885379413703918,4617,1784885379413703918,vehicle,0.0,0.0,0.0,0.0,0.0,0.0
1784885379413703918,4618,1784885379413703918,vehicle,0.0,0.0,0.0,0.0,0.0,0.0
1784885379413703918,4619,1784885379413703918,vehicle,0.0,0.0,0.0,0.0,0.0,0.0
1784885379413703918,4620,1784885379413703918,vehicle,0.0,0.0,0.0,0.0,0.0,0.0
1784885379413703918,4621,1784885379413703918,vehicle,0.0,0.0,0.0,0.0,0.0,0.0
1784885379413703918,4622,1784885379413703918,vehicle,0.0,0.0,0.0,0.0,0.0,0.0
1784885379413703918,4623,1784885379413703918,vehicle,0.0,0.0,0.0,0.0,0.0,0.0
1784885379413703918,4624,1784885379413703918,vehicle,0.0,0.0,0.0,0.0,0.0,0.0
1784885379413703918,4625,1784885379413703918,vehicle,0.0,0.0,0.0,0.0,0.0,0.0
1784885379413703918,4626,1784885379413703918,vehicle,0.0,0.0,0.0,0.0,0.0,0.0
1784885379413703918,4627,1784885379413703918,vehicle,0.0,0.0,0.0,0.0,0.0,0.0
1784885379413703918,4628,1784885379413703918,vehicle,0.0,0.0,0.0,0.0,0.0,0.0
1784885379413703918,4629,1784885379413703918,vehicle,0.0,0.0,0.0,0.0,0.0,0.0
1784885379413703918,4630,1784885379413703918,vehicle,0.0,0.0,0.0,0.0,0.0,0.0
1784885379413703918,4631,1784885379413703918,vehicle,0.0,0.0,0.0,0.0,0.0,0.0
1784885379413703918,4632,1784885379413703918,vehicle,0.0,0.0,0.0,0.0,0.0,0.0
1784885379413703918,4633,1784885379413703918,vehicle,0.0,0.0,0.0,0.0,0.0,0.0
1784885379413703918,4634,1784885379413703918,vehicle,0.0,0.0,0.0,0.0,0.0,0.0
1784885379413703918,4635,1784885379413703918,vehicle,0.0,0.0,0.0,0.0,0.0,0.0
1784885379413703918,4636,1784885379413703918,vehicle,0.0,0.0,0.0,0.0,0.0,0.0
1784885379413703918,4637,1784885379413703918,vehicle,0.0,0.0,0.0,0.0,0.0,0.0
1784885379413703918,4638,1784885379413703918,vehicle,0.0,0.0,0.0,0.0,0.0,0.0
1784885379413703918,4639,1784885379413703918,vehicle,0.0,0.0,0.0,0.0,0.0,0.0
1784885379413703918,4640,1784885379413703918,vehicle,0.0,0.0,0.0,0.0,0.0,0.0
1784885379413703918,4641,1784885379413703918,vehicle,0.0,0.0,0.0,0.0,0.0,0.0
1784885379413703918,4642,1784885379413703918,vehicle,0.0,0.0,0.0,0.0,0.0,0.0
1784885379413703918,4643,1784885379413703918,vehicle,0.0,0.0,0.0,0.0,0.0,0.0
1784885379413703918,4644,1784885379413703918,vehicle,0.0,0.0,0.0,0.0,0.0,0.0
1784885379413703918,4645,1784885379413703918,vehicle,0.0,0.0,0.0,0.0,0.0,0.0
1784885379413703918,4646,1784885379413703918,vehicle,0.0,0.0,0.0,0.0,0.0,0.0
1784885379413703918,4647,1784885379413703918,vehicle,0.0,0.0,0.0,0.0,0.0,0.0
1784885379413703918,4648,1784885379413703918,vehicle,0.0,0.0,0.0,0.0,0.0,0.0
1784885379413703918,4649,1784885379413703918,vehicle,0.0,0.0,0.0,0.0,0.0,0.0
1784885379413703918,4650,1784885379413703918,vehicle,0.0,0.0,0.0,0.0,0.0,0.0
1784885379413703918,4651,1784885379413703918,vehicle,0.0,0.0,0.0,0.0,0.0,0.0
1784885379413703918,4652,1784885379413703918,vehicle,0.0,0.0,0.0,0.0,0.0,0.0
1784885379413703918,4653,1784885379413703918,vehicle,0.0,0.0,0.0,0.0,0.0,0.0
1784885379413703918,4654,1784885379413703918,vehicle,0.0,0.0,0.0,0.0,0.0,0.0
1784885379413703918,4655,1784885379413703918,vehicle,0.0,0.0,0.0,0.0,0.0,0.0
1784885379413703918,4656,1784885379413703918,vehicle,0.0,0.0,0.0,0.0,0.0,0.0
1784885379413703918,4657,1784885379413703918,vehicle,0.0,0.0,0.0,0.0,0.0,0.0
1784885379413703918,4658,1784885379413703918,vehicle,0.0,0.0,0.0,0.0,0.0,0.0
1784885379413703918,4659,1784885379413703918,vehicle,0.0,0.0,0.0,0.0,0.0,0.0
1784885379413703918,4660,1784885379413703918,vehicle,0.0,0.0,0.0,0.0,0.0,0.0
1784885379413703918,4661,1784885379413703918,vehicle,0.0,0.0,0.0,0.0,0.0,0.0
1784885379413703918,4662,1784885379413703918,vehicle,0.0,0.0,0.0,0.0,0.0,0.0
1784885379413703918,4663,1784885379413703918,vehicle,0.0,0.0,0.0,0.0,0.0,0.0
1784885379413703918,4664,1784885379413703918,vehicle,0.0,0.0,0.0,0.0,0.0,0.0
1784885379413703918,4665,1784885379413703918,vehicle,0.0,0.0,0.0,0.0,0.0,0.0
1784885379413703918,4666,1784885379413703918,vehicle,0.0,0.0,0.0,0.0,0.0,0.0
1784885379413703918,4667,1784885379413703918,vehicle,0.0,0.0,0.0,0.0,0.0,0.0
1784885379413703918,4668,1784885379413703918,vehicle,0.0,0.0,0.0,0.0,0.0,0.0
1784885379413703918,4669,1784885379413703918,vehicle,0.0,0.0,0.0,0.0,0.0,0.0
1784885379413703918,4670,1784885379413703918,vehicle,0.0,0.0,0.0,0.0,0.0,0.0
1784885379413703918,4671,1784885379413703918,vehicle,0.0,0.0,0.0,0.0,0.0,0.0
1784885379413703918,4672,1784885379413703918,vehicle,0.0,0.0,0.0,0.0,0.0,0.0
1784885379413703918,4673,1784885379413703918,vehicle,0.0,0.0,0.0,0.0,0.0,0.0
1784885379413703918,4674,1784885379413703918,vehicle,0.0,0.0,0.0,0.0,0.0,0.0
1784885379413703918,4675,1784885379413703918,vehicle,0.0,0.0,0.0,0.0,0.0,0.0
1784885379413703918,4676,1784885379413703918,vehicle,0.0,0.0,0.0,0.0,0.0,0.0
1784885379413703918,4677,1784885379413703918,vehicle,0.0,0.0,0.0,0.0,0.0,0.0
1784885379413703918,4678,1784885379413703918,vehicle,0.0,0.0,0.0,0.0,0.0,0.0
1784885379413703918,4679,1784885379413703918,vehicle,0.0,0.0,0.0,0.0,0.0,0.0
1784885379413703918,4680,1784885379413703918,vehicle,0.0,0.0,0.0,0.0,0.0,0.0
1784885379413703918,4681,1784885379413703918,vehicle,0.0,0.0,0.0,0.0,0.0,0.0
1784885379413703918,4682,1784885379413703918,vehicle,0.0,0.0,0.0,0.0,0.0,0.0
1784885379413703918,4683,1784885379413703918,vehicle,0.0,0.0,0.0,0.0,0.0,0.0
1784885379413703918,4684,1784885379413703918,vehicle,0.0,0.0,0.0,0.0,0.0,0.0
1784885379413703918,4685,1784885379413703918,vehicle,0.0,0.0,0.0,0.0,0.0,0.0
1784885379413703918,4686,1784885379413703918,vehicle,0.0,0.0,0.0,0.0,0.0,0.0
1784885379413703918,4687,1784885379413703918,vehicle,0.0,0.0,0.0,0.0,0.0,0.0
1784885379413703918,4688,1784885379413703918,vehicle,0.0,0.0,0.0,0.0,0.0,0.0
1784885379413703918,4689,1784885379413703918,vehicle,0.0,0.0,0.0,0.0,0.0,0.0
1784885379413703918,4690,1784885379413703918,vehicle,0.0,0.0,0.0,0.0,0.0,0.0
1784885379413703918,4691,1784885379413703918,vehicle,0.0,0.0,0.0,0.0,0.0,0.0
1784885379413703918,4692,1784885379413703918,vehicle,0.0,0.0,0.0,0.0,0.0,0.0
1784885379413703918,4693,1784885379413703918,vehicle,0.0,0.0,0.0,0.0,0.0,0.0
1784885379413703918,4694,1784885379413703918,vehicle,0.0,0.0,0.0,0.0,0.0,0.0
1784885379413703918,4695,1784885379413703918,vehicle,0.0,0.0,0.0,0.0,0.0,0.0
1784885379413703918,4696,1784885379413703918,vehicle,0.0,0.0,0.0,0.0,0.0,0.0
1784885379413703918,4697,1784885379413703918,vehicle,0.0,0.0,0.0,0.0,0.0,0.0
1784885379413703918,4698,1784885379413703918,vehicle,0.0,0.0,0.0,0.0,0.0,0.0
1784885379413703918,4699,1784885379413703918,vehicle,0.0,0.0,0.0,0.0,0.0,0.0
1784885379413703918,4700,1784885379413703918,vehicle,0.0,0.0,0.0,0.0,0.0,0.0
1784885379413703918,4701,1784885379413703918,vehicle,0.0,0.0,0.0,0.0,0.0,0.0
1784885379413703918,4702,1784885379413703918,vehicle,0.0,0.0,0.0,0.0,0.0,0.0
1784885379413703918,4703,1784885379413703918,vehicle,0.0,0.0,0.0,0.0,0.0,0.0
1784885379413703918,4704,1784885379413703918,vehicle,0.0,0.0,0.0,0.0,0.0,0.0
1784885379413703918,4705,1784885379413703918,vehicle,0.0,0.0,0.0,0.0,0.0,0.0
1784885379413703918,4706,1784885379413703918,vehicle,0.0,0.0,0.0,0.0,0.0,0.0
1784885379413703918,4707,1784885379413703918,vehicle,0.0,0.0,0.0,0.0,0.0,0.0
1784885379413703918,4708,1784885379413703918,vehicle,0.0,0.0,0.0,0.0,0.0,0.0
1784885379413703918,4709,1784885379413703918,vehicle,0.0,0.0,0.0,0.0,0.0,0.0
1784885379413703918,4710,1784885379413703918,vehicle,0.0,0.0,0.0,0.0,0.0,0.0
1784885379413703918,4711,1784885379413703918,vehicle,0.0,0.0,0.0,0.0,0.0,0.0
1784885379413703918,4712,1784885379413703918,vehicle,0.0,0.0,0.0,0.0,0.0,0.0
1784885379413703918,4713,1784885379413703918,vehicle,0.0,0.0,0.0,0.0,0.0,0.0
1784885379413703918,4714,1784885379413703918,vehicle,0.0,0.0,0.0,0.0,0.0,0.0
1784885379413703918,4715,1784885379413703918,vehicle,0.0,0.0,0.0,0.0,0.0,0.0
1784885379413703918,4716,1784885379413703918,vehicle,0.0,0.0,0.0,0.0,0.0,0.0
1784885379413703918,4717,1784885379413703918,vehicle,0.0,0.0,0.0,0.0,0.0,0.0
1784885379413703918,4718,1784885379413703918,vehicle,0.0,0.0,0.0,0.0,0.0,0.0
1784885379413703918,4719,1784885379413703918,vehicle,0.0,0.0,0.0,0.0,0.0,0.0
1784885379413703918,4720,1784885379413703918,vehicle,0.0,0.0,0.0,0.0,0.0,0.0
1784885379413703918,4721,1784885379413703918,vehicle,0.0,0.0,0.0,0.0,0.0,0.0
1784885379413703918,4722,1784885379413703918,vehicle,0.0,0.0,0.0,0.0,0.0,0.0
1784885379413703918,4723,1784885379413703918,vehicle,0.0,0.0,0.0,0.0,0.0,0.0
1784885379413703918,4724,1784885379413703918,vehicle,0.0,0.0,0.0,0.0,0.0,0.0
1784885379413703918,4725,1784885379413703918,vehicle,0.0,0.0,0.0,0.0,0.0,0.0
1784885379413703918,4726,1784885379413703918,vehicle,0.0,0.0,0.0,0.0,0.0,0.0
1784885379413703918,4727,1784885379413703918,vehicle,0.0,0.0,0.0,0.0,0.0,0.0
1784885379413703918,4728,1784885379413703918,vehicle,0.0,0.0,0.0,0.0,0.0,0.0
1784885379413703918,4729,1784885379413703918,vehicle,0.0,0.0,0.0,0.0,0.0,0.0
1784885379413703918,4730,1784885379413703918,vehicle,0.0,0.0,0.0,0.0,0.0,0.0
1784885379413703918,4731,1784885379413703918,vehicle,0.0,0.0,0.0,0.0,0.0,0.0
1784885379413703918,4732,1784885379413703918,vehicle,0.0,0.0,0.0,0.0,0.0,0.0
1784885379413703918,4733,1784885379413703918,vehicle,0.0,0.0,0.0,0.0,0.0,0.0
1784885379413703918,4734,1784885379413703918,vehicle,0.0,0.0,0.0,0.0,0.0,0.0
1784885379413703918,4735,1784885379413703918,vehicle,0.0,0.0,0.0,0.0,0.0,0.0
1784885379413703918,4736,1784885379413703918,vehicle,0.0,0.0,0.0,0.0,0.0,0.0
1784885379413703918,4737,1784885379413703918,vehicle,0.0,0.0,0.0,0.0,0.0,0.0
1784885379413703918,4738,1784885379413703918,vehicle,0.0,0.0,0.0,0.0,0.0,0.0
1784885379413703918,4739,1784885379413703918,vehicle,0.0,0.0,0.0,0.0,0.0,0.0
1784885379413703918,4740,1784885379413703918,vehicle,0.0,0.0,0.0,0.0,0.0,0.0
1784885379413703918,4741,1784885379413703918,vehicle,0.0,0.0,0.0,0.0,0.0,0.0
1784885379413703918,4742,1784885379413703918,vehicle,0.0,0.0,0.0,0.0,0.0,0.0
1784885379413703918,4743,1784885379413703918,vehicle,0.0,0.0,0.0,0.0,0.0,0.0
1784885379413703918,4744,1784885379413703918,vehicle,0.0,0.0,0.0,0.0,0.0,0.0
1784885379413703918,4745,1784885379413703918,vehicle,0.0,0.0,0.0,0.0,0.0,0.0
1784885379413703918,4746,1784885379413703918,vehicle,0.0,0.0,0.0,0.0,0.0,0.0
1784885379413703918,4747,1784885379413703918,vehicle,0.0,0.0,0.0,0.0,0.0,0.0
1784885379413703918,4748,1784885379413703918,vehicle,0.0,0.0,0.0,0.0,0.0,0.0
1784885379413703918,4749,1784885379413703918,vehicle,0.0,0.0,0.0,0.0,0.0,0.0
1784885379413703918,4750,1784885379413703918,vehicle,0.0,0.0,0.0,0.0,0.0,0.0
1784885379413703918,4751,1784885379413703918,vehicle,0.0,0.0,0.0,0.0,0.0,0.0
1784885379413703918,4752,1784885379413703918,vehicle,0.0,0.0,0.0,0.0,0.0,0.0
1784885379413703918,4753,1784885379413703918,vehicle,0.0,0.0,0.0,0.0,0.0,0.0
1784885379413703918,4754,1784885379413703918,vehicle,0.0,0.0,0.0,0.0,0.0,0.0
1784885379413703918,4755,1784885379413703918,vehicle,0.0,0.0,0.0,0.0,0.0,0.0
1784885379413703918,4756,1784885379413703918,vehicle,0.0,0.0,0.0,0.0,0.0,0.0
1784885379413703918,4757,1784885379413703918,vehicle,0.0,0.0,0.0,0.0,0.0,0.0
1784885379413703918,4758,1784885379413703918,vehicle,0.0,0.0,0.0,0.0,0.0,0.0
1784885379413703918,4759,1784885379413703918,vehicle,0.0,0.0,0.0,0.0,0.0,0.0
1784885379413703918,4760,1784885379413703918,vehicle,0.0,0.0,0.0,0.0,0.0,0.0
1784885379413703918,4761,1784885379413703918,vehicle,0.0,0.0,0.0,0.0,0.0,0.0
1784885379413703918,4762,1784885379413703918,vehicle,0.0,0.0,0.0,0.0,0.0,0.0
1784885379413703918,4763,1784885379413703918,vehicle,0.0,0.0,0.0,0.0,0.0,0.0
1784885379413703918,4764,1784885379413703918,vehicle,0.0,0.0,0.0,0.0,0.0,0.0
1784885379413703918,4765,1784885379413703918,vehicle,0.0,0.0,0.0,0.0,0.0,0.0
1784885379413703918,4766,1784885379413703918,vehicle,0.0,0.0,0.0,0.0,0.0,0.0
1784885379413703918,4767,1784885379413703918,vehicle,0.0,0.0,0.0,0.0,0.0,0.0
1784885379413703918,4768,1784885379413703918,vehicle,0.0,0.0,0.0,0.0,0.0,0.0
1784885379413703918,4769,1784885379413703918,vehicle,0.0,0.0,0.0,0.0,0.0,0.0
1784885379413703918,4770,1784885379413703918,vehicle,0.0,0.0,0.0,0.0,0.0,0.0
1784885379413703918,4771,1784885379413703918,vehicle,0.0,0.0,0.0,0.0,0.0,0.0
1784885379413703918,4772,1784885379413703918,vehicle,0.0,0.0,0.0,0.0,0.0,0.0
1784885379413703918,4773,1784885379413703918,vehicle,0.0,0.0,0.0,0.0,0.0,0.0
1784885379413703918,4774,1784885379413703918,vehicle,0.0,0.0,0.0,0.0,0.0,0.0
1784885379413703918,4775,1784885379413703918,vehicle,0.0,0.0,0.0,0.0,0.0,0.0
1784885379413703918,4776,1784885379413703918,vehicle,0.0,0.0,0.0,0.0,0.0,0.0
1784885379413703918,4777,1784885379413703918,vehicle,0.0,0.0,0.0,0.0,0.0,0.0
1784885379413703918,4778,1784885379413703918,vehicle,0.0,0.0,0.0,0.0,0.0,0.0
1784885379413703918,4779,1784885379413703918,vehicle,0.0,0.0,0.0,0.0,0.0,0.0
1784885379413703918,4780,1784885379413703918,vehicle,0.0,0.0,0.0,0.0,0.0,0.0
1784885379413703918,4781,1784885379413703918,vehicle,0.0,0.0,0.0,0.0,0.0,0.0
1784885379413703918,4782,1784885379413703918,vehicle,0.0,0.0,0.0,0.0,0.0,0.0
1784885379413703918,4783,1784885379413703918,vehicle,0.0,0.0,0.0,0.0,0.0,0.0
1784885379413703918,4784,1784885379413703918,vehicle,0.0,0.0,0.0,0.0,0.0,0.0
1784885379413703918,4785,1784885379413703918,vehicle,0.0,0.0,0.0,0.0,0.0,0.0
1784885379413703918,4786,1784885379413703918,vehicle,0.0,0.0,0.0,0.0,0.0,0.0
1784885379413703918,4787,1784885379413703918,vehicle,0.0,0.0,0.0,0.0,0.0,0.0
1784885379413703918,4788,1784885379413703918,vehicle,0.0,0.0,0.0,0.0,0.0,0.0
1784885379413703918,4789,1784885379413703918,vehicle,0.0,0.0,0.0,0.0,0.0,0.0
1784885379413703918,4790,1784885379413703918,vehicle,0.0,0.0,0.0,0.0,0.0,0.0
1784885379413703918,4791,1784885379413703918,vehicle,0.0,0.0,0.0,0.0,0.0,0.0
1784885379413703918,4792,1784885379413703918,vehicle,0.0,0.0,0.0,0.0,0.0,0.0
1784885379413703918,4793,1784885379413703918,vehicle,0.0,0.0,0.0,0.0,0.0,0.0
1784885379413703918,4794,1784885379413703918,vehicle,0.0,0.0,0.0,0.0,0.0,0.0
1784885379413703918,4795,1784885379413703918,vehicle,0.0,0.0,0.0,0.0,0.0,0.0
1784885379413703918,4796,1784885379413703918,vehicle,0.0,0.0,0.0,0.0,0.0,0.0
1784885379413703918,4797,1784885379413703918,vehicle,0.0,0.0,0.0,0.0,0.0,0.0
1784885379413703918,4798,1784885379413703918,vehicle,0.0,0.0,0.0,0.0,0.0,0.0
1784885379413703918,4799,1784885379413703918,vehicle,0.0,0.0,0.0,0.0,0.0,0.0
1784885379413703918,4800,1784885379413703918,vehicle,0.0,0.0,0.0,0.0,0.0,0.0
1784885379413703918,4801,1784885379413703918,vehicle,0.0,0.0,0.0,0.0,0.0,0.0
1784885379413703918,4802,1784885379413703918,vehicle,0.0,0.0,0.0,0.0,0.0,0.0
1784885379413703918,4803,1784885379413703918,vehicle,0.0,0.0,0.0,0.0,0.0,0.0
1784885379413703918,4804,1784885379413703918,vehicle,0.0,0.0,0.0,0.0,0.0,0.0
1784885379413703918,4805,1784885379413703918,vehicle,0.0,0.0,0.0,0.0,0.0,0.0
1784885379413703918,4806,1784885379413703918,vehicle,0.0,0.0,0.0,0.0,0.0,0.0
1784885379413703918,4807,1784885379413703918,vehicle,0.0,0.0,0.0,0.0,0.0,0.0
1784885379413703918,4808,1784885379413703918,vehicle,0.0,0.0,0.0,0.0,0.0,0.0
1784885379413703918,4809,1784885379413703918,vehicle,0.0,0.0,0.0,0.0,0.0,0.0
1784885379413703918,4810,1784885379413703918,vehicle,0.0,0.0,0.0,0.0,0.0,0.0
1784885379413703918,4811,1784885379413703918,vehicle,0.0,0.0,0.0,0.0,0.0,0.0
1784885379413703918,4812,1784885379413703918,vehicle,0.0,0.0,0.0,0.0,0.0,0.0
1784885379413703918,4813,1784885379413703918,vehicle,0.0,0.0,0.0,0.0,0.0,0.0
1784885379413703918,4814,1784885379413703918,vehicle,0.0,0.0,0.0,0.0,0.0,0.0
1784885379413703918,4815,1784885379413703918,vehicle,0.0,0.0,0.0,0.0,0.0,0.0
1784885379413703918,4816,1784885379413703918,vehicle,0.0,0.0,0.0,0.0,0.0,0.0
1784885379413703918,4817,1784885379413703918,vehicle,0.0,0.0,0.0,0.0,0.0,0.0
1784885379413703918,4818,1784885379413703918,vehicle,0.0,0.0,0.0,0.0,0.0,0.0
1784885379413703918,4819,1784885379413703918,vehicle,0.0,0.0,0.0,0.0,0.0,0.0
1784885379413703918,4820,1784885379413703918,vehicle,0.0,0.0,0.0,0.0,0.0,0.0
1784885379413703918,4821,1784885379413703918,vehicle,0.0,0.0,0.0,0.0,0.0,0.0
1784885379413703918,4822,1784885379413703918,vehicle,0.0,0.0,0.0,0.0,0.0,0.0
1784885379413703918,4823,1784885379413703918,vehicle,0.0,0.0,0.0,0.0,0.0,0.0
1784885379413703918,4824,1784885379413703918,vehicle,0.0,0.0,0.0,0.0,0.0,0.0
1784885379413703918,4825,1784885379413703918,vehicle,0.0,0.0,0.0,0.0,0.0,0.0
1784885379413703918,4826,1784885379413703918,vehicle,0.0,0.0,0.0,0.0,0.0,0.0
1784885379413703918,4827,1784885379413703918,vehicle,0.0,0.0,0.0,0.0,0.0,0.0
1784885379413703918,4828,1784885379413703918,vehicle,0.0,0.0,0.0,0.0,0.0,0.0
1784885379413703918,4829,1784885379413703918,vehicle,0.0,0.0,0.0,0.0,0.0,0.0
1784885379413703918,4830,1784885379413703918,vehicle,0.0,0.0,0.0,0.0,0.0,0.0
1784885379413703918,4831,1784885379413703918,vehicle,0.0,0.0,0.0,0.0,0.0,0.0
1784885379413703918,4832,1784885379413703918,vehicle,0.0,0.0,0.0,0.0,0.0,0.0
1784885379413703918,4833,1784885379413703918,vehicle,0.0,0.0,0.0,0.0,0.0,0.0
1784885379413703918,4834,1784885379413703918,vehicle,0.0,0.0,0.0,0.0,0.0,0.0
1784885379413703918,4835,1784885379413703918,vehicle,0.0,0.0,0.0,0.0,0.0,0.0
1784885379413703918,4836,1784885379413703918,vehicle,0.0,0.0,0.0,0.0,0.0,0.0
1784885379413703918,4837,1784885379413703918,vehicle,0.0,0.0,0.0,0.0,0.0,0.0
1784885379413703918,4838,1784885379413703918,vehicle,0.0,0.0,0.0,0.0,0.0,0.0
1784885379413703918,4839,1784885379413703918,vehicle,0.0,0.0,0.0,0.0,0.0,0.0
1784885379413703918,4840,1784885379413703918,vehicle,0.0,0.0,0.0,0.0,0.0,0.0
1784885379413703918,4841,1784885379413703918,vehicle,0.0,0.0,0.0,0.0,0.0,0.0
1784885379413703918,4842,1784885379413703918,vehicle,0.0,0.0,0.0,0.0,0.0,0.0
1784885379413703918,4843,1784885379413703918,vehicle,0.0,0.0,0.0,0.0,0.0,0.0
1784885379413703918,4844,1784885379413703918,vehicle,0.0,0.0,0.0,0.0,0.0,0.0
1784885379413703918,4845,1784885379413703918,vehicle,0.0,0.0,0.0,0.0,0.0,0.0
1784885379413703918,4846,1784885379413703918,vehicle,0.0,0.0,0.0,0.0,0.0,0.0
1784885379413703918,4847,1784885379413703918,vehicle,0.0,0.0,0.0,0.0,0.0,0.0
1784885379413703918,4848,1784885379413703918,vehicle,0.0,0.0,0.0,0.0,0.0,0.0
1784885379413703918,4849,1784885379413703918,vehicle,0.0,0.0,0.0,0.0,0.0,0.0
1784885379413703918,4850,1784885379413703918,vehicle,0.0,0.0,0.0,0.0,0.0,0.0
1784885379413703918,4851,1784885379413703918,vehicle,0.0,0.0,0.0,0.0,0.0,0.0
1784885379413703918,4852,1784885379413703918,vehicle,0.0,0.0,0.0,0.0,0.0,0.0
1784885379413703918,4853,1784885379413703918,vehicle,0.0,0.0,0.0,0.0,0.0,0.0
1784885379413703918,4854,1784885379413703918,vehicle,0.0,0.0,0.0,0.0,0.0,0.0
1784885379413703918,4855,1784885379413703918,vehicle,0.0,0.0,0.0,0.0,0.0,0.0
1784885379413703918,4856,1784885379413703918,vehicle,0.0,0.0,0.0,0.0,0.0,0.0
1784885379413703918,4857,1784885379413703918,vehicle,0.0,0.0,0.0,0.0,0.0,0.0
1784885379413703918,4858,1784885379413703918,vehicle,0.0,0.0,0.0,0.0,0.0,0.0
1784885379413703918,4859,1784885379413703918,vehicle,0.0,0.0,0.0,0.0,0.0,0.0
1784885379413703918,4860,1784885379413703918,vehicle,0.0,0.0,0.0,0.0,0.0,0.0
1784885379413703918,4861,1784885379413703918,vehicle,0.0,0.0,0.0,0.0,0.0,0.0
1784885379413703918,4862,1784885379413703918,vehicle,0.0,0.0,0.0,0.0,0.0,0.0
1784885379413703918,4863,1784885379413703918,vehicle,0.0,0.0,0.0,0.0,0.0,0.0
1784885379413703918,4864,1784885379413703918,vehicle,0.0,0.0,0.0,0.0,0.0,0.0
1784885379413703918,4865,1784885379413703918,vehicle,0.0,0.0,0.0,0.0,0.0,0.0
1784885379413703918,4866,1784885379413703918,vehicle,0.0,0.0,0.0,0.0,0.0,0.0
1784885379413703918,4867,1784885379413703918,vehicle,0.0,0.0,0.0,0.0,0.0,0.0
1784885379413703918,4868,1784885379413703918,vehicle,0.0,0.0,0.0,0.0,0.0,0.0
1784885379413703918,4869,1784885379413703918,vehicle,0.0,0.0,0.0,0.0,0.0,0.0
1784885379413703918,4870,1784885379413703918,vehicle,0.0,0.0,0.0,0.0,0.0,0.0
1784885379413703918,4871,1784885379413703918,vehicle,0.0,0.0,0.0,0.0,0.0,0.0
1784885379413703918,4872,1784885379413703918,vehicle,0.0,0.0,0.0,0.0,0.0,0.0
1784885379413703918,4873,1784885379413703918,vehicle,0.0,0.0,0.0,0.0,0.0,0.0
1784885379413703918,4874,1784885379413703918,vehicle,0.0,0.0,0.0,0.0,0.0,0.0
1784885379413703918,4875,1784885379413703918,vehicle,0.0,0.0,0.0,0.0,0.0,0.0
1784885379413703918,4876,1784885379413703918,vehicle,0.0,0.0,0.0,0.0,0.0,0.0
1784885379413703918,4877,1784885379413703918,vehicle,0.0,0.0,0.0,0.0,0.0,0.0
1784885379413703918,4878,1784885379413703918,vehicle,0.0,0.0,0.0,0.0,0.0,0.0
1784885379413703918,4879,1784885379413703918,vehicle,0.0,0.0,0.0,0.0,0.0,0.0
1784885379413703918,4880,1784885379413703918,vehicle,0.0,0.0,0.0,0.0,0.0,0.0
1784885379413703918,4881,1784885379413703918,vehicle,0.0,0.0,0.0,0.0,0.0,0.0
1784885379413703918,4882,1784885379413703918,vehicle,0.0,0.0,0.0,0.0,0.0,0.0
1784885379413703918,4883,1784885379413703918,vehicle,0.0,0.0,0.0,0.0,0.0,0.0
1784885379413703918,4884,1784885379413703918,vehicle,0.0,0.0,0.0,0.0,0.0,0.0
1784885379413703918,4885,1784885379413703918,vehicle,0.0,0.0,0.0,0.0,0.0,0.0
1784885379413703918,4886,1784885379413703918,vehicle,0.0,0.0,0.0,0.0,0.0,0.0
1784885379413703918,4887,1784885379413703918,vehicle,0.0,0.0,0.0,0.0,0.0,0.0
1784885379413703918,4888,1784885379413703918,vehicle,0.0,0.0,0.0,0.0,0.0,0.0
1784885379413703918,4889,1784885379413703918,vehicle,0.0,0.0,0.0,0.0,0.0,0.0
1784885379413703918,4890,1784885379413703918,vehicle,0.0,0.0,0.0,0.0,0.0,0.0
1784885379413703918,4891,1784885379413703918,vehicle,0.0,0.0,0.0,0.0,0.0,0.0
1784885379413703918,4892,1784885379413703918,vehicle,0.0,0.0,0.0,0.0,0.0,0.0
1784885379413703918,4893,1784885379413703918,vehicle,0.0,0.0,0.0,0.0,0.0,0.0
1784885379413703918,4894,1784885379413703918,vehicle,0.0,0.0,0.0,0.0,0.0,0.0
1784885379413703918,4895,1784885379413703918,vehicle,0.0,0.0,0.0,0.0,0.0,0.0
1784885379413703918,4896,1784885379413703918,vehicle,0.0,0.0,0.0,0.0,0.0,0.0
1784885379413703918,4897,1784885379413703918,vehicle,0.0,0.0,0.0,0.0,0.0,0.0
1784885379413703918,4898,1784885379413703918,vehicle,0.0,0.0,0.0,0.0,0.0,0.0
1784885379413703918,4899,1784885379413703918,vehicle,0.0,0.0,0.0,0.0,0.0,0.0
1784885379413703918,4900,1784885379413703918,vehicle,0.0,0.0,0.0,0.0,0.0,0.0
1784885379413703918,4901,1784885379413703918,vehicle,0.0,0.0,0.0,0.0,0.0,0.0
1784885379413703918,4902,1784885379413703918,vehicle,0.0,0.0,0.0,0.0,0.0,0.0
1784885379413703918,4903,1784885379413703918,vehicle,0.0,0.0,0.0,0.0,0.0,0.0
1784885379413703918,4904,1784885379413703918,vehicle,0.0,0.0,0.0,0.0,0.0,0.0
1784885379413703918,4905,1784885379413703918,vehicle,0.0,0.0,0.0,0.0,0.0,0.0
1784885379413703918,4906,1784885379413703918,vehicle,0.0,0.0,0.0,0.0,0.0,0.0
1784885379413703918,4907,1784885379413703918,vehicle,0.0,0.0,0.0,0.0,0.0,0.0
1784885379413703918,4908,1784885379413703918,vehicle,0.0,0.0,0.0,0.0,0.0,0.0
1784885379413703918,4909,1784885379413703918,vehicle,0.0,0.0,0.0,0.0,0.0,0.0
1784885379413703918,4910,1784885379413703918,vehicle,0.0,0.0,0.0,0.0,0.0,0.0
1784885379413703918,4911,1784885379413703918,vehicle,0.0,0.0,0.0,0.0,0.0,0.0
1784885379413703918,4912,1784885379413703918,vehicle,0.0,0.0,0.0,0.0,0.0,0.0
1784885379413703918,4913,1784885379413703918,vehicle,0.0,0.0,0.0,0.0,0.0,0.0
1784885379413703918,4914,1784885379413703918,vehicle,0.0,0.0,0.0,0.0,0.0,0.0
1784885379413703918,4915,1784885379413703918,vehicle,0.0,0.0,0.0,0.0,0.0,0.0
1784885379413703918,4916,1784885379413703918,vehicle,0.0,0.0,0.0,0.0,0.0,0.0
1784885379413703918,4917,1784885379413703918,vehicle,0.0,0.0,0.0,0.0,0.0,0.0
1784885379413703918,4918,1784885379413703918,vehicle,0.0,0.0,0.0,0.0,0.0,0.0
1784885379413703918,4919,1784885379413703918,vehicle,0.0,0.0,0.0,0.0,0.0,0.0
1784885379413703918,4920,1784885379413703918,vehicle,0.0,0.0,0.0,0.0,0.0,0.0
1784885379413703918,4921,1784885379413703918,vehicle,0.0,0.0,0.0,0.0,0.0,0.0
1784885379413703918,4922,1784885379413703918,vehicle,0.0,0.0,0.0,0.0,0.0,0.0
1784885379413703918,4923,1784885379413703918,vehicle,0.0,0.0,0.0,0.0,0.0,0.0
1784885379413703918,4924,1784885379413703918,vehicle,0.0,0.0,0.0,0.0,0.0,0.0
1784885379413703918,4925,1784885379413703918,vehicle,0.0,0.0,0.0,0.0,0.0,0.0
1784885379413703918,4926,1784885379413703918,vehicle,0.0,0.0,0.0,0.0,0.0,0.0
1784885379413703918,4927,1784885379413703918,vehicle,0.0,0.0,0.0,0.0,0.0,0.0
1784885379413703918,4928,1784885379413703918,vehicle,0.0,0.0,0.0,0.0,0.0,0.0
1784885379413703918,4929,1784885379413703918,vehicle,0.0,0.0,0.0,0.0,0.0,0.0
1784885379413703918,4930,1784885379413703918,vehicle,0.0,0.0,0.0,0.0,0.0,0.0
1784885379413703918,4931,1784885379413703918,vehicle,0.0,0.0,0.0,0.0,0.0,0.0
1784885379413703918,4932,1784885379413703918,vehicle,0.0,0.0,0.0,0.0,0.0,0.0
1784885379413703918,4933,1784885379413703918,vehicle,0.0,0.0,0.0,0.0,0.0,0.0
1784885379413703918,4934,1784885379413703918,vehicle,0.0,0.0,0.0,0.0,0.0,0.0
1784885379413703918,4935,1784885379413703918,vehicle,0.0,0.0,0.0,0.0,0.0,0.0
1784885379413703918,4936,1784885379413703918,vehicle,0.0,0.0,0.0,0.0,0.0,0.0
1784885379413703918,4937,1784885379413703918,vehicle,0.0,0.0,0.0,0.0,0.0,0.0
1784885379413703918,4938,1784885379413703918,vehicle,0.0,0.0,0.0,0.0,0.0,0.0
1784885379413703918,4939,1784885379413703918,vehicle,0.0,0.0,0.0,0.0,0.0,0.0
1784885379413703918,4940,1784885379413703918,vehicle,0.0,0.0,0.0,0.0,0.0,0.0
1784885379413703918,4941,1784885379413703918,vehicle,0.0,0.0,0.0,0.0,0.0,0.0
1784885379413703918,4942,1784885379413703918,vehicle,0.0,0.0,0.0,0.0,0.0,0.0
1784885379413703918,4943,1784885379413703918,vehicle,0.0,0.0,0.0,0.0,0.0,0.0
1784885379413703918,4944,1784885379413703918,vehicle,0.0,0.0,0.0,0.0,0.0,0.0
1784885379413703918,4945,1784885379413703918,vehicle,0.0,0.0,0.0,0.0,0.0,0.0
1784885379413703918,4946,1784885379413703918,vehicle,0.0,0.0,0.0,0.0,0.0,0.0
1784885379413703918,4947,1784885379413703918,vehicle,0.0,0.0,0.0,0.0,0.0,0.0
1784885379413703918,4948,1784885379413703918,vehicle,0.0,0.0,0.0,0.0,0.0,0.0
1784885379413703918,4949,1784885379413703918,vehicle,0.0,0.0,0.0,0.0,0.0,0.0
1784885379413703918,4950,1784885379413703918,vehicle,0.0,0.0,0.0,0.0,0.0,0.0
1784885379413703918,4951,1784885379413703918,vehicle,0.0,0.0,0.0,0.0,0.0,0.0
1784885379413703918,4952,1784885379413703918,vehicle,0.0,0.0,0.0,0.0,0.0,0.0
1784885379413703918,4953,1784885379413703918,vehicle,0.0,0.0,0.0,0.0,0.0,0.0
1784885379413703918,4954,1784885379413703918,vehicle,0.0,0.0,0.0,0.0,0.0,0.0
1784885379413703918,4955,1784885379413703918,vehicle,0.0,0.0,0.0,0.0,0.0,0.0
1784885379413703918,4956,1784885379413703918,vehicle,0.0,0.0,0.0,0.0,0.0,0.0
1784885379413703918,4957,1784885379413703918,vehicle,0.0,0.0,0.0,0.0,0.0,0.0
1784885379413703918,4958,1784885379413703918,vehicle,0.0,0.0,0.0,0.0,0.0,0.0
1784885379413703918,4959,1784885379413703918,vehicle,0.0,0.0,0.0,0.0,0.0,0.0
1784885379413703918,4960,1784885379413703918,vehicle,0.0,0.0,0.0,0.0,0.0,0.0
1784885379413703918,4961,1784885379413703918,vehicle,0.0,0.0,0.0,0.0,0.0,0.0
1784885379413703918,4962,1784885379413703918,vehicle,0.0,0.0,0.0,0.0,0.0,0.0
1784885379413703918,4963,1784885379413703918,vehicle,0.0,0.0,0.0,0.0,0.0,0.0
1784885379413703918,4964,1784885379413703918,vehicle,0.0,0.0,0.0,0.0,0.0,0.0
1784885379413703918,4965,1784885379413703918,vehicle,0.0,0.0,0.0,0.0,0.0,0.0
1784885379413703918,4966,1784885379413703918,vehicle,0.0,0.0,0.0,0.0,0.0,0.0
1784885379413703918,4967,1784885379413703918,vehicle,0.0,0.0,0.0,0.0,0.0,0.0
1784885379413703918,4968,1784885379413703918,vehicle,0.0,0.0,0.0,0.0,0.0,0.0
1784885379413703918,4969,1784885379413703918,vehicle,0.0,0.0,0.0,0.0,0.0,0.0
1784885379413703918,4970,1784885379413703918,vehicle,0.0,0.0,0.0,0.0,0.0,0.0
1784885379413703918,4971,1784885379413703918,vehicle,0.0,0.0,0.0,0.0,0.0,0.0
1784885379413703918,4972,1784885379413703918,vehicle,0.0,0.0,0.0,0.0,0.0,0.0
1784885379413703918,4973,1784885379413703918,vehicle,0.0,0.0,0.0,0.0,0.0,0.0
1784885379413703918,4974,1784885379413703918,vehicle,0.0,0.0,0.0,0.0,0.0,0.0
1784885379413703918,4975,1784885379413703918,vehicle,0.0,0.0,0.0,0.0,0.0,0.0
1784885379413703918,4976,1784885379413703918,vehicle,0.0,0.0,0.0,0.0,0.0,0.0
1784885379413703918,4977,1784885379413703918,vehicle,0.0,0.0,0.0,0.0,0.0,0.0
1784885379413703918,4978,1784885379413703918,vehicle,0.0,0.0,0.0,0.0,0.0,0.0
1784885379413703918,4979,1784885379413703918,vehicle,0.0,0.0,0.0,0.0,0.0,0.0
1784885379413703918,4980,1784885379413703918,vehicle,0.0,0.0,0.0,0.0,0.0,0.0
1784885379413703918,4981,1784885379413703918,vehicle,0.0,0.0,0.0,0.0,0.0,0.0
1784885379413703918,4982,1784885379413703918,vehicle,0.0,0.0,0.0,0.0,0.0,0.0
1784885379413703918,4983,1784885379413703918,vehicle,0.0,0.0,0.0,0.0,0.0,0.0
1784885379413703918,4984,1784885379413703918,vehicle,0.0,0.0,0.0,0.0,0.0,0.0
1784885379413703918,4985,1784885379413703918,vehicle,0.0,0.0,0.0,0.0,0.0,0.0
1784885379413703918,4986,1784885379413703918,vehicle,0.0,0.0,0.0,0.0,0.0,0.0
1784885379413703918,4987,1784885379413703918,vehicle,0.0,0.0,0.0,0.0,0.0,0.0
1784885379413703918,4988,1784885379413703918,vehicle,0.0,0.0,0.0,0.0,0.0,0.0
1784885379413703918,4989,1784885379413703918,vehicle,0.0,0.0,0.0,0.0,0.0,0.0
1784885379413703918,4990,1784885379413703918,vehicle,0.0,0.0,0.0,0.0,0.0,0.0
1784885379413703918,4991,1784885379413703918,vehicle,0.0,0.0,0.0,0.0,0.0,0.0
1784885379413703918,4992,1784885379413703918,vehicle,0.0,0.0,0.0,0.0,0.0,0.0
1784885379413703918,4993,1784885379413703918,vehicle,0.0,0.0,0.0,0.0,0.0,0.0
1784885379413703918,4994,1784885379413703918,vehicle,0.0,0.0,0.0,0.0,0.0,0.0
1784885379413703918,4995,1784885379413703918,vehicle,0.0,0.0,0.0,0.0,0.0,0.0
1784885379413703918,4996,1784885379413703918,vehicle,0.0,0.0,0.0,0.0,0.0,0.0
1784885379413703918,4997,1784885379413703918,vehicle,0.0,0.0,0.0,0.0,0.0,0.0
1784885379413703918,4998,1784885379413703918,vehicle,0.0,0.0,0.0,0.0,0.0,0.0
1784885379413703918,4999,1784885379413703918,vehicle,0.0,0.0,0.0,0.0,0.0,0.0
1784885379413703918,5000,1784885379413703918,vehicle,0.0,0.0,0.0,0.0,0.0,0.0
1784885379413703918,5001,1784885379413703918,vehicle,0.0,0.0,0.0,0.0,0.0,0.0
1784885379413703918,5002,1784885379413703918,vehicle,0.0,0.0,0.0,0.0,0.0,0.0
1784885379413703918,5003,1784885379413703918,vehicle,0.0,0.0,0.0,0.0,0.0,0.0
1784885379413703918,5004,1784885379413703918,vehicle,0.0,0.0,0.0,0.0,0.0,0.0
1784885379413703918,5005,1784885379413703918,vehicle,0.0,0.0,0.0,0.0,0.0,0.0
1784885379413703918,5006,1784885379413703918,vehicle,0.0,0.0,0.0,0.0,0.0,0.0
1784885379413703918,5007,1784885379413703918,vehicle,0.0,0.0,0.0,0.0,0.0,0.0
1784885379413703918,5008,1784885379413703918,vehicle,0.0,0.0,0.0,0.0,0.0,0.0
1784885379413703918,5009,1784885379413703918,vehicle,0.0,0.0,0.0,0.0,0.0,0.0
1784885379413703918,5010,1784885379413703918,vehicle,0.0,0.0,0.0,0.0,0.0,0.0
1784885379413703918,5011,1784885379413703918,vehicle,0.0,0.0,0.0,0.0,0.0,0.0
1784885379413703918,5012,1784885379413703918,vehicle,0.0,0.0,0.0,0.0,0.0,0.0
1784885379413703918,5013,1784885379413703918,vehicle,0.0,0.0,0.0,0.0,0.0,0.0
1784885379413703918,5014,1784885379413703918,vehicle,0.0,0.0,0.0,0.0,0.0,0.0
1784885379413703918,5015,1784885379413703918,vehicle,0.0,0.0,0.0,0.0,0.0,0.0
1784885379413703918,5016,1784885379413703918,vehicle,0.0,0.0,0.0,0.0,0.0,0.0
1784885379413703918,5017,1784885379413703918,vehicle,0.0,0.0,0.0,0.0,0.0,0.0
1784885379413703918,5018,1784885379413703918,vehicle,0.0,0.0,0.0,0.0,0.0,0.0
1784885379413703918,5019,1784885379413703918,vehicle,0.0,0.0,0.0,0.0,0.0,0.0
1784885379413703918,5020,1784885379413703918,vehicle,0.0,0.0,0.0,0.0,0.0,0.0
1784885379413703918,5021,1784885379413703918,vehicle,0.0,0.0,0.0,0.0,0.0,0.0
1784885379413703918,5022,1784885379413703918,vehicle,0.0,0.0,0.0,0.0,0.0,0.0
1784885379413703918,5023,1784885379413703918,vehicle,0.0,0.0,0.0,0.0,0.0,0.0
1784885379413703918,5024,1784885379413703918,vehicle,0.0,0.0,0.0,0.0,0.0,0.0
1784885379413703918,5025,1784885379413703918,vehicle,0.0,0.0,0.0,0.0,0.0,0.0
1784885379413703918,5026,1784885379413703918,vehicle,0.0,0.0,0.0,0.0,0.0,0.0
1784885379413703918,5027,1784885379413703918,vehicle,0.0,0.0,0.0,0.0,0.0,0.0
1784885379413703918,5028,1784885379413703918,vehicle,0.0,0.0,0.0,0.0,0.0,0.0
1784885379413703918,5029,1784885379413703918,vehicle,0.0,0.0,0.0,0.0,0.0,0.0
1784885379413703918,5030,1784885379413703918,vehicle,0.0,0.0,0.0,0.0,0.0,0.0
1784885379413703918,5031,1784885379413703918,vehicle,0.0,0.0,0.0,0.0,0.0,0.0
1784885379413703918,5032,1784885379413703918,vehicle,0.0,0.0,0.0,0.0,0.0,0.0
1784885379413703918,5033,1784885379413703918,vehicle,0.0,0.0,0.0,0.0,0.0,0.0
1784885379413703918,5034,1784885379413703918,vehicle,0.0,0.0,0.0,0.0,0.0,0.0
1784885379413703918,5035,1784885379413703918,vehicle,0.0,0.0,0.0,0.0,0.0,0.0
1784885379413703918,5036,1784885379413703918,vehicle,0.0,0.0,0.0,0.0,0.0,0.0
1784885379413703918,5037,1784885379413703918,vehicle,0.0,0.0,0.0,0.0,0.0,0.0
1784885379413703918,5038,1784885379413703918,vehicle,0.0,0.0,0.0,0.0,0.0,0.0
1784885379413703918,5039,1784885379413703918,vehicle,0.0,0.0,0.0,0.0,0.0,0.0
1784885379413703918,5040,1784885379413703918,vehicle,0.0,0.0,0.0,0.0,0.0,0.0
1784885379413703918,5041,1784885379413703918,vehicle,0.0,0.0,0.0,0.0,0.0,0.0
1784885379413703918,5042,1784885379413703918,vehicle,0.0,0.0,0.0,0.0,0.0,0.0
1784885379413703918,5043,1784885379413703918,vehicle,0.0,0.0,0.0,0.0,0.0,0.0
1784885379413703918,5044,1784885379413703918,vehicle,0.0,0.0,0.0,0.0,0.0,0.0
1784885379413703918,5045,1784885379413703918,vehicle,0.0,0.0,0.0,0.0,0.0,0.0
1784885379413703918,5046,1784885379413703918,vehicle,0.0,0.0,0.0,0.0,0.0,0.0
1784885379413703918,5047,1784885379413703918,vehicle,0.0,0.0,0.0,0.0,0.0,0.0
1784885379413703918,5048,1784885379413703918,vehicle,0.0,0.0,0.0,0.0,0.0,0.0
1784885379413703918,5049,1784885379413703918,vehicle,0.0,0.0,0.0,0.0,0.0,0.0
1784885379413703918,5050,1784885379413703918,vehicle,0.0,0.0,0.0,0.0,0.0,0.0
1784885379413703918,5051,1784885379413703918,vehicle,0.0,0.0,0.0,0.0,0.0,0.0
1784885379413703918,5052,1784885379413703918,vehicle,0.0,0.0,0.0,0.0,0.0,0.0
1784885379413703918,5053,1784885379413703918,vehicle,0.0,0.0,0.0,0.0,0.0,0.0
1784885379413703918,5054,1784885379413703918,vehicle,0.0,0.0,0.0,0.0,0.0,0.0
1784885379413703918,5055,1784885379413703918,vehicle,0.0,0.0,0.0,0.0,0.0,0.0
1784885379413703918,5056,1784885379413703918,vehicle,0.0,0.0,0.0,0.0,0.0,0.0
1784885379413703918,5057,1784885379413703918,vehicle,0.0,0.0,0.0,0.0,0.0,0.0
1784885379413703918,5058,1784885379413703918,vehicle,0.0,0.0,0.0,0.0,0.0,0.0
1784885379413703918,5059,1784885379413703918,vehicle,0.0,0.0,0.0,0.0,0.0,0.0
1784885379413703918,5060,1784885379413703918,vehicle,0.0,0.0,0.0,0.0,0.0,0.0
1784885379413703918,5061,1784885379413703918,vehicle,0.0,0.0,0.0,0.0,0.0,0.0
1784885379413703918,5062,1784885379413703918,vehicle,0.0,0.0,0.0,0.0,0.0,0.0
1784885379413703918,5063,1784885379413703918,vehicle,0.0,0.0,0.0,0.0,0.0,0.0
1784885379413703918,5064,1784885379413703918,vehicle,0.0,0.0,0.0,0.0,0.0,0.0
1784885379413703918,5065,1784885379413703918,vehicle,0.0,0.0,0.0,0.0,0.0,0.0
1784885379413703918,5066,1784885379413703918,vehicle,0.0,0.0,0.0,0.0,0.0,0.0
1784885379413703918,5067,1784885379413703918,vehicle,0.0,0.0,0.0,0.0,0.0,0.0
1784885379413703918,5068,1784885379413703918,vehicle,0.0,0.0,0.0,0.0,0.0,0.0
1784885379413703918,5069,1784885379413703918,vehicle,0.0,0.0,0.0,0.0,0.0,0.0
1784885379413703918,5070,1784885379413703918,vehicle,0.0,0.0,0.0,0.0,0.0,0.0
1784885379413703918,5071,1784885379413703918,vehicle,0.0,0.0,0.0,0.0,0.0,0.0
1784885379413703918,5072,1784885379413703918,vehicle,0.0,0.0,0.0,0.0,0.0,0.0
1784885379413703918,5073,1784885379413703918,vehicle,0.0,0.0,0.0,0.0,0.0,0.0
1784885379413703918,5074,1784885379413703918,vehicle,0.0,0.0,0.0,0.0,0.0,0.0
1784885379413703918,5075,1784885379413703918,vehicle,0.0,0.0,0.0,0.0,0.0,0.0
1784885379413703918,5076,1784885379413703918,vehicle,0.0,0.0,0.0,0.0,0.0,0.0
1784885379413703918,5077,1784885379413703918,vehicle,0.0,0.0,0.0,0.0,0.0,0.0
1784885379413703918,5078,1784885379413703918,vehicle,0.0,0.0,0.0,0.0,0.0,0.0
1784885379413703918,5079,1784885379413703918,vehicle,0.0,0.0,0.0,0.0,0.0,0.0
1784885379413703918,5080,1784885379413703918,vehicle,0.0,0.0,0.0,0.0,0.0,0.0
1784885379413703918,5081,1784885379413703918,vehicle,0.0,0.0,0.0,0.0,0.0,0.0
1784885379413703918,5082,1784885379413703918,vehicle,0.0,0.0,0.0,0.0,0.0,0.0
1784885379413703918,5083,1784885379413703918,vehicle,0.0,0.0,0.0,0.0,0.0,0.0
1784885379413703918,5084,1784885379413703918,vehicle,0.0,0.0,0.0,0.0,0.0,0.0
1784885379413703918,5085,1784885379413703918,vehicle,0.0,0.0,0.0,0.0,0.0,0.0
1784885379413703918,5086,1784885379413703918,vehicle,0.0,0.0,0.0,0.0,0.0,0.0
1784885379413703918,5087,1784885379413703918,vehicle,0.0,0.0,0.0,0.0,0.0,0.0
1784885379413703918,5088,1784885379413703918,vehicle,0.0,0.0,0.0,0.0,0.0,0.0
1784885379413703918,5089,1784885379413703918,vehicle,0.0,0.0,0.0,0.0,0.0,0.0
1784885379413703918,5090,1784885379413703918,vehicle,0.0,0.0,0.0,0.0,0.0,0.0
1784885379413703918,5091,1784885379413703918,vehicle,0.0,0.0,0.0,0.0,0.0,0.0
1784885379413703918,5092,1784885379413703918,vehicle,0.0,0.0,0.0,0.0,0.0,0.0
1784885379413703918,5093,1784885379413703918,vehicle,0.0,0.0,0.0,0.0,0.0,0.0
1784885379413703918,5094,1784885379413703918,vehicle,0.0,0.0,0.0,0.0,0.0,0.0
1784885379413703918,5095,1784885379413703918,vehicle,0.0,0.0,0.0,0.0,0.0,0.0
1784885379413703918,5096,1784885379413703918,vehicle,0.0,0.0,0.0,0.0,0.0,0.0
1784885379413703918,5097,1784885379413703918,vehicle,0.0,0.0,0.0,0.0,0.0,0.0
1784885379413703918,5098,1784885379413703918,vehicle,0.0,0.0,0.0,0.0,0.0,0.0
1784885379413703918,5099,1784885379413703918,vehicle,0.0,0.0,0.0,0.0,0.0,0.0
1784885379413703918,5100,1784885379413703918,vehicle,0.0,0.0,0.0,0.0,0.0,0.0
1784885379413703918,5101,1784885379413703918,vehicle,0.0,0.0,0.0,0.0,0.0,0.0
1784885379413703918,5102,1784885379413703918,vehicle,0.0,0.0,0.0,0.0,0.0,0.0
1784885379413703918,5103,1784885379413703918,vehicle,0.0,0.0,0.0,0.0,0.0,0.0
1784885379413703918,5104,1784885379413703918,vehicle,0.0,0.0,0.0,0.0,0.0,0.0
1784885379413703918,5105,1784885379413703918,vehicle,0.0,0.0,0.0,0.0,0.0,0.0
1784885379413703918,5106,1784885379413703918,vehicle,0.0,0.0,0.0,0.0,0.0,0.0
1784885379413703918,5107,1784885379413703918,vehicle,0.0,0.0,0.0,0.0,0.0,0.0
1784885379413703918,5108,1784885379413703918,vehicle,0.0,0.0,0.0,0.0,0.0,0.0
1784885379413703918,5109,1784885379413703918,vehicle,0.0,0.0,0.0,0.0,0.0,0.0
1784885379413703918,5110,1784885379413703918,vehicle,0.0,0.0,0.0,0.0,0.0,0.0
1784885379413703918,5111,1784885379413703918,vehicle,0.0,0.0,0.0,0.0,0.0,0.0
1784885379413703918,5112,1784885379413703918,vehicle,0.0,0.0,0.0,0.0,0.0,0.0
1784885379413703918,5113,1784885379413703918,vehicle,0.0,0.0,0.0,0.0,0.0,0.0
1784885379413703918,5114,1784885379413703918,vehicle,0.0,0.0,0.0,0.0,0.0,0.0
1784885379413703918,5115,1784885379413703918,vehicle,0.0,0.0,0.0,0.0,0.0,0.0
1784885379413703918,5116,1784885379413703918,vehicle,0.0,0.0,0.0,0.0,0.0,0.0
1784885379413703918,5117,1784885379413703918,vehicle,0.0,0.0,0.0,0.0,0.0,0.0
1784885379413703918,5118,1784885379413703918,vehicle,0.0,0.0,0.0,0.0,0.0,0.0
1784885379413703918,5119,1784885379413703918,vehicle,0.0,0.0,0.0,0.0,0.0,0.0
1784885379413703918,5120,1784885379413703918,vehicle,0.0,0.0,0.0,0.0,0.0,0.0
1784885379413703918,5121,1784885379413703918,vehicle,0.0,0.0,0.0,0.0,0.0,0.0
1784885379413703918,5122,1784885379413703918,vehicle,0.0,0.0,0.0,0.0,0.0,0.0
1784885379413703918,5123,1784885379413703918,vehicle,0.0,0.0,0.0,0.0,0.0,0.0
1784885379413703918,5124,1784885379413703918,vehicle,0.0,0.0,0.0,0.0,0.0,0.0
1784885379413703918,5125,1784885379413703918,vehicle,0.0,0.0,0.0,0.0,0.0,0.0
1784885379413703918,5126,1784885379413703918,vehicle,0.0,0.0,0.0,0.0,0.0,0.0
1784885379413703918,5127,1784885379413703918,vehicle,0.0,0.0,0.0,0.0,0.0,0.0
1784885379413703918,5128,1784885379413703918,vehicle,0.0,0.0,0.0,0.0,0.0,0.0
1784885379413703918,5129,1784885379413703918,vehicle,0.0,0.0,0.0,0.0,0.0,0.0
1784885379413703918,5130,1784885379413703918,vehicle,0.0,0.0,0.0,0.0,0.0,0.0
1784885379413703918,5131,1784885379413703918,vehicle,0.0,0.0,0.0,0.0,0.0,0.0
1784885379413703918,5132,1784885379413703918,vehicle,0.0,0.0,0.0,0.0,0.0,0.0
1784885379413703918,5133,1784885379413703918,vehicle,0.0,0.0,0.0,0.0,0.0,0.0
1784885379413703918,5134,1784885379413703918,vehicle,0.0,0.0,0.0,0.0,0.0,0.0
1784885379413703918,5135,1784885379413703918,vehicle,0.0,0.0,0.0,0.0,0.0,0.0
1784885379413703918,5136,1784885379413703918,vehicle,0.0,0.0,0.0,0.0,0.0,0.0
1784885379413703918,5137,1784885379413703918,vehicle,0.0,0.0,0.0,0.0,0.0,0.0
1784885379413703918,5138,1784885379413703918,vehicle,0.0,0.0,0.0,0.0,0.0,0.0
1784885379413703918,5139,1784885379413703918,vehicle,0.0,0.0,0.0,0.0,0.0,0.0
1784885379413703918,5140,1784885379413703918,vehicle,0.0,0.0,0.0,0.0,0.0,0.0
1784885379413703918,5141,1784885379413703918,vehicle,0.0,0.0,0.0,0.0,0.0,0.0
1784885379413703918,5142,1784885379413703918,vehicle,0.0,0.0,0.0,0.0,0.0,0.0
1784885379413703918,5143,1784885379413703918,vehicle,0.0,0.0,0.0,0.0,0.0,0.0
1784885379413703918,5144,1784885379413703918,vehicle,0.0,0.0,0.0,0.0,0.0,0.0
1784885379413703918,5145,1784885379413703918,vehicle,0.0,0.0,0.0,0.0,0.0,0.0
1784885379413703918,5146,1784885379413703918,vehicle,0.0,0.0,0.0,0.0,0.0,0.0
1784885379413703918,5147,1784885379413703918,vehicle,0.0,0.0,0.0,0.0,0.0,0.0
1784885379413703918,5148,1784885379413703918,vehicle,0.0,0.0,0.0,0.0,0.0,0.0
1784885379413703918,5149,1784885379413703918,vehicle,0.0,0.0,0.0,0.0,0.0,0.0
1784885379413703918,5150,1784885379413703918,vehicle,0.0,0.0,0.0,0.0,0.0,0.0
1784885379413703918,5151,1784885379413703918,vehicle,0.0,0.0,0.0,0.0,0.0,0.0
1784885379413703918,5152,1784885379413703918,vehicle,0.0,0.0,0.0,0.0,0.0,0.0
1784885379413703918,5153,1784885379413703918,vehicle,0.0,0.0,0.0,0.0,0.0,0.0
1784885379413703918,5154,1784885379413703918,vehicle,0.0,0.0,0.0,0.0,0.0,0.0
1784885379413703918,5155,1784885379413703918,vehicle,0.0,0.0,0.0,0.0,0.0,0.0
1784885379413703918,5156,1784885379413703918,vehicle,0.0,0.0,0.0,0.0,0.0,0.0
1784885379413703918,5157,1784885379413703918,vehicle,0.0,0.0,0.0,0.0,0.0,0.0
1784885379413703918,5158,1784885379413703918,vehicle,0.0,0.0,0.0,0.0,0.0,0.0
1784885379413703918,5159,1784885379413703918,vehicle,0.0,0.0,0.0,0.0,0.0,0.0
1784885379413703918,5160,1784885379413703918,vehicle,0.0,0.0,0.0,0.0,0.0,0.0
1784885379413703918,5161,1784885379413703918,vehicle,0.0,0.0,0.0,0.0,0.0,0.0
1784885379413703918,5162,1784885379413703918,vehicle,0.0,0.0,0.0,0.0,0.0,0.0
1784885379413703918,5163,1784885379413703918,vehicle,0.0,0.0,0.0,0.0,0.0,0.0
1784885379413703918,5164,1784885379413703918,vehicle,0.0,0.0,0.0,0.0,0.0,0.0
1784885379413703918,5165,1784885379413703918,vehicle,0.0,0.0,0.0,0.0,0.0,0.0
1784885379413703918,5166,1784885379413703918,vehicle,0.0,0.0,0.0,0.0,0.0,0.0
1784885379413703918,5167,1784885379413703918,vehicle,0.0,0.0,0.0,0.0,0.0,0.0
1784885379413703918,5168,1784885379413703918,vehicle,0.0,0.0,0.0,0.0,0.0,0.0
1784885379413703918,5169,1784885379413703918,vehicle,0.0,0.0,0.0,0.0,0.0,0.0
1784885379413703918,5170,1784885379413703918,vehicle,0.0,0.0,0.0,0.0,0.0,0.0
1784885379413703918,5171,1784885379413703918,vehicle,0.0,0.0,0.0,0.0,0.0,0.0
1784885379413703918,5172,1784885379413703918,vehicle,0.0,0.0,0.0,0.0,0.0,0.0
1784885379413703918,5173,1784885379413703918,vehicle,0.0,0.0,0.0,0.0,0.0,0.0
1784885379413703918,5174,1784885379413703918,vehicle,0.0,0.0,0.0,0.0,0.0,0.0
1784885379413703918,5175,1784885379413703918,vehicle,0.0,0.0,0.0,0.0,0.0,0.0
1784885379413703918,5176,1784885379413703918,vehicle,0.0,0.0,0.0,0.0,0.0,0.0
1784885379413703918,5177,1784885379413703918,vehicle,0.0,0.0,0.0,0.0,0.0,0.0
1784885379413703918,5178,1784885379413703918,vehicle,0.0,0.0,0.0,0.0,0.0,0.0
1784885379413703918,5179,1784885379413703918,vehicle,0.0,0.0,0.0,0.0,0.0,0.0
1784885379413703918,5180,1784885379413703918,vehicle,0.0,0.0,0.0,0.0,0.0,0.0
1784885379413703918,5181,1784885379413703918,vehicle,0.0,0.0,0.0,0.0,0.0,0.0
1784885379413703918,5182,1784885379413703918,vehicle,0.0,0.0,0.0,0.0,0.0,0.0
1784885379413703918,5183,1784885379413703918,vehicle,0.0,0.0,0.0,0.0,0.0,0.0
1784885379413703918,5184,1784885379413703918,vehicle,0.0,0.0,0.0,0.0,0.0,0.0
1784885379413703918,5185,1784885379413703918,vehicle,0.0,0.0,0.0,0.0,0.0,0.0
1784885379413703918,5186,1784885379413703918,vehicle,0.0,0.0,0.0,0.0,0.0,0.0
1784885379413703918,5187,1784885379413703918,vehicle,0.0,0.0,0.0,0.0,0.0,0.0
1784885379413703918,5188,1784885379413703918,vehicle,0.0,0.0,0.0,0.0,0.0,0.0
1784885379413703918,5189,1784885379413703918,vehicle,0.0,0.0,0.0,0.0,0.0,0.0
1784885379413703918,5190,1784885379413703918,vehicle,0.0,0.0,0.0,0.0,0.0,0.0
1784885379413703918,5191,1784885379413703918,vehicle,0.0,0.0,0.0,0.0,0.0,0.0
1784885379413703918,5192,1784885379413703918,vehicle,0.0,0.0,0.0,0.0,0.0,0.0
1784885379413703918,5193,1784885379413703918,vehicle,0.0,0.0,0.0,0.0,0.0,0.0
1784885379413703918,5194,1784885379413703918,vehicle,0.0,0.0,0.0,0.0,0.0,0.0
1784885379413703918,5195,1784885379413703918,vehicle,0.0,0.0,0.0,0.0,0.0,0.0
1784885379413703918,5196,1784885379413703918,vehicle,0.0,0.0,0.0,0.0,0.0,0.0
1784885379413703918,5197,1784885379413703918,vehicle,0.0,0.0,0.0,0.0,0.0,0.0
1784885379413703918,5198,1784885379413703918,vehicle,0.0,0.0,0.0,0.0,0.0,0.0
1784885379413703918,5199,1784885379413703918,vehicle,0.0,0.0,0.0,0.0,0.0,0.0
1784885379413703918,5200,1784885379413703918,vehicle,0.0,0.0,0.0,0.0,0.0,0.0
1784885379413703918,5201,1784885379413703918,vehicle,0.0,0.0,0.0,0.0,0.0,0.0
1784885379413703918,5202,1784885379413703918,vehicle,0.0,0.0,0.0,0.0,0.0,0.0
1784885379413703918,5203,1784885379413703918,vehicle,0.0,0.0,0.0,0.0,0.0,0.0
1784885379413703918,5204,1784885379413703918,vehicle,0.0,0.0,0.0,0.0,0.0,0.0
1784885379413703918,5205,1784885379413703918,vehicle,0.0,0.0,0.0,0.0,0.0,0.0
1784885379413703918,5206,1784885379413703918,vehicle,0.0,0.0,0.0,0.0,0.0,0.0
1784885379413703918,5207,1784885379413703918,vehicle,0.0,0.0,0.0,0.0,0.0,0.0
1784885379413703918,5208,1784885379413703918,vehicle,0.0,0.0,0.0,0.0,0.0,0.0
1784885379413703918,5209,1784885379413703918,vehicle,0.0,0.0,0.0,0.0,0.0,0.0
1784885379413703918,5210,1784885379413703918,vehicle,0.0,0.0,0.0,0.0,0.0,0.0
1784885379413703918,5211,1784885379413703918,vehicle,0.0,0.0,0.0,0.0,0.0,0.0
1784885379413703918,5212,1784885379413703918,vehicle,0.0,0.0,0.0,0.0,0.0,0.0
1784885379413703918,5213,1784885379413703918,vehicle,0.0,0.0,0.0,0.0,0.0,0.0
1784885379413703918,5214,1784885379413703918,vehicle,0.0,0.0,0.0,0.0,0.0,0.0
1784885379413703918,5215,1784885379413703918,vehicle,0.0,0.0,0.0,0.0,0.0,0.0
1784885379413703918,5216,1784885379413703918,vehicle,0.0,0.0,0.0,0.0,0.0,0.0
1784885379413703918,5217,1784885379413703918,vehicle,0.0,0.0,0.0,0.0,0.0,0.0
1784885379413703918,5218,1784885379413703918,vehicle,0.0,0.0,0.0,0.0,0.0,0.0
1784885379413703918,5219,1784885379413703918,vehicle,0.0,0.0,0.0,0.0,0.0,0.0
1784885379413703918,5220,1784885379413703918,vehicle,0.0,0.0,0.0,0.0,0.0,0.0
1784885379413703918,5221,1784885379413703918,vehicle,0.0,0.0,0.0,0.0,0.0,0.0
1784885379413703918,5222,1784885379413703918,vehicle,0.0,0.0,0.0,0.0,0.0,0.0
1784885379413703918,5223,1784885379413703918,vehicle,0.0,0.0,0.0,0.0,0.0,0.0
1784885379413703918,5224,1784885379413703918,vehicle,0.0,0.0,0.0,0.0,0.0,0.0
1784885379413703918,5225,1784885379413703918,vehicle,0.0,0.0,0.0,0.0,0.0,0.0
1784885379413703918,5226,1784885379413703918,vehicle,0.0,0.0,0.0,0.0,0.0,0.0
1784885379413703918,5227,1784885379413703918,vehicle,0.0,0.0,0.0,0.0,0.0,0.0
1784885379413703918,5228,1784885379413703918,vehicle,0.0,0.0,0.0,0.0,0.0,0.0
1784885379413703918,5229,1784885379413703918,vehicle,0.0,0.0,0.0,0.0,0.0,0.0
1784885379413703918,5230,1784885379413703918,vehicle,0.0,0.0,0.0,0.0,0.0,0.0
1784885379413703918,5231,1784885379413703918,vehicle,0.0,0.0,0.0,0.0,0.0,0.0
1784885379413703918,5232,1784885379413703918,vehicle,0.0,0.0,0.0,0.0,0.0,0.0
1784885379413703918,5233,1784885379413703918,vehicle,0.0,0.0,0.0,0.0,0.0,0.0
1784885379413703918,5234,1784885379413703918,vehicle,0.0,0.0,0.0,0.0,0.0,0.0
1784885379413703918,5235,1784885379413703918,vehicle,0.0,0.0,0.0,0.0,0.0,0.0
1784885379413703918,5236,1784885379413703918,vehicle,0.0,0.0,0.0,0.0,0.0,0.0
1784885379413703918,5237,1784885379413703918,vehicle,0.0,0.0,0.0,0.0,0.0,0.0
1784885379413703918,5238,1784885379413703918,vehicle,0.0,0.0,0.0,0.0,0.0,0.0
1784885379413703918,5239,1784885379413703918,vehicle,0.0,0.0,0.0,0.0,0.0,0.0
1784885379413703918,5240,1784885379413703918,vehicle,0.0,0.0,0.0,0.0,0.0,0.0
1784885379413703918,5241,1784885379413703918,vehicle,0.0,0.0,0.0,0.0,0.0,0.0
1784885379413703918,5242,1784885379413703918,vehicle,0.0,0.0,0.0,0.0,0.0,0.0
1784885379413703918,5243,1784885379413703918,vehicle,0.0,0.0,0.0,0.0,0.0,0.0
1784885379413703918,5244,1784885379413703918,vehicle,0.0,0.0,0.0,0.0,0.0,0.0
1784885379413703918,5245,1784885379413703918,vehicle,0.0,0.0,0.0,0.0,0.0,0.0
1784885379413703918,5246,1784885379413703918,vehicle,0.0,0.0,0.0,0.0,0.0,0.0
1784885379413703918,5247,1784885379413703918,vehicle,0.0,0.0,0.0,0.0,0.0,0.0
1784885379413703918,5248,1784885379413703918,vehicle,0.0,0.0,0.0,0.0,0.0,0.0
1784885379413703918,5249,1784885379413703918,vehicle,0.0,0.0,0.0,0.0,0.0,0.0
1784885379413703918,5250,1784885379413703918,vehicle,0.0,0.0,0.0,0.0,0.0,0.0
1784885379413703918,5251,1784885379413703918,vehicle,0.0,0.0,0.0,0.0,0.0,0.0
1784885379413703918,5252,1784885379413703918,vehicle,0.0,0.0,0.0,0.0,0.0,0.0
1784885379413703918,5253,1784885379413703918,vehicle,0.0,0.0,0.0,0.0,0.0,0.0
1784885379413703918,5254,1784885379413703918,vehicle,0.0,0.0,0.0,0.0,0.0,0.0
1784885379413703918,5255,1784885379413703918,vehicle,0.0,0.0,0.0,0.0,0.0,0.0
1784885379413703918,5256,1784885379413703918,vehicle,0.0,0.0,0.0,0.0,0.0,0.0
1784885379413703918,5257,1784885379413703918,vehicle,0.0,0.0,0.0,0.0,0.0,0.0
1784885379413703918,5258,1784885379413703918,vehicle,0.0,0.0,0.0,0.0,0.0,0.0
1784885379413703918,5259,1784885379413703918,vehicle,0.0,0.0,0.0,0.0,0.0,0.0
1784885379413703918,5260,1784885379413703918,vehicle,0.0,0.0,0.0,0.0,0.0,0.0
1784885379413703918,5261,1784885379413703918,vehicle,0.0,0.0,0.0,0.0,0.0,0.0
1784885379413703918,5262,1784885379413703918,vehicle,0.0,0.0,0.0,0.0,0.0,0.0
1784885379413703918,5263,1784885379413703918,vehicle,0.0,0.0,0.0,0.0,0.0,0.0
1784885379413703918,5264,1784885379413703918,vehicle,0.0,0.0,0.0,0.0,0.0,0.0
1784885379413703918,5265,1784885379413703918,vehicle,0.0,0.0,0.0,0.0,0.0,0.0
1784885379413703918,5266,1784885379413703918,vehicle,0.0,0.0,0.0,0.0,0.0,0.0
1784885379413703918,5267,1784885379413703918,vehicle,0.0,0.0,0.0,0.0,0.0,0.0
1784885379413703918,5268,1784885379413703918,vehicle,0.0,0.0,0.0,0.0,0.0,0.0
1784885379413703918,5269,1784885379413703918,vehicle,0.0,0.0,0.0,0.0,0.0,0.0
1784885379413703918,5270,1784885379413703918,vehicle,0.0,0.0,0.0,0.0,0.0,0.0
1784885379413703918,5271,1784885379413703918,vehicle,0.0,0.0,0.0,0.0,0.0,0.0
1784885379413703918,5272,1784885379413703918,vehicle,0.0,0.0,0.0,0.0,0.0,0.0
1784885379413703918,5273,1784885379413703918,vehicle,0.0,0.0,0.0,0.0,0.0,0.0
1784885379413703918,5274,1784885379413703918,vehicle,0.0,0.0,0.0,0.0,0.0,0.0
1784885379413703918,5275,1784885379413703918,vehicle,0.0,0.0,0.0,0.0,0.0,0.0
1784885379413703918,5276,1784885379413703918,vehicle,0.0,0.0,0.0,0.0,0.0,0.0
1784885379413703918,5277,1784885379413703918,vehicle,0.0,0.0,0.0,0.0,0.0,0.0
1784885379413703918,5278,1784885379413703918,vehicle,0.0,0.0,0.0,0.0,0.0,0.0
1784885379413703918,5279,1784885379413703918,vehicle,0.0,0.0,0.0,0.0,0.0,0.0
1784885379413703918,5280,1784885379413703918,vehicle,0.0,0.0,0.0,0.0,0.0,0.0
1784885379413703918,5281,1784885379413703918,vehicle,0.0,0.0,0.0,0.0,0.0,0.0
1784885379413703918,5282,1784885379413703918,vehicle,0.0,0.0,0.0,0.0,0.0,0.0
1784885379413703918,5283,1784885379413703918,vehicle,0.0,0.0,0.0,0.0,0.0,0.0
1784885379413703918,5284,1784885379413703918,vehicle,0.0,0.0,0.0,0.0,0.0,0.0
1784885379413703918,5285,1784885379413703918,vehicle,0.0,0.0,0.0,0.0,0.0,0.0
1784885379413703918,5286,1784885379413703918,vehicle,0.0,0.0,0.0,0.0,0.0,0.0
1784885379413703918,5287,1784885379413703918,vehicle,0.0,0.0,0.0,0.0,0.0,0.0
1784885379413703918,5288,1784885379413703918,vehicle,0.0,0.0,0.0,0.0,0.0,0.0
1784885379413703918,5289,1784885379413703918,vehicle,0.0,0.0,0.0,0.0,0.0,0.0
1784885379413703918,5290,1784885379413703918,vehicle,0.0,0.0,0.0,0.0,0.0,0.0
1784885379413703918,5291,1784885379413703918,vehicle,0.0,0.0,0.0,0.0,0.0,0.0
1784885379413703918,5292,1784885379413703918,vehicle,0.0,0.0,0.0,0.0,0.0,0.0
1784885379413703918,5293,1784885379413703918,vehicle,0.0,0.0,0.0,0.0,0.0,0.0
1784885379413703918,5294,1784885379413703918,vehicle,0.0,0.0,0.0,0.0,0.0,0.0
1784885379413703918,5295,1784885379413703918,vehicle,0.0,0.0,0.0,0.0,0.0,0.0
1784885379413703918,5296,1784885379413703918,vehicle,0.0,0.0,0.0,0.0,0.0,0.0
1784885379413703918,5297,1784885379413703918,vehicle,0.0,0.0,0.0,0.0,0.0,0.0
1784885379413703918,5298,1784885379413703918,vehicle,0.0,0.0,0.0,0.0,0.0,0.0
1784885379413703918,5299,1784885379413703918,vehicle,0.0,0.0,0.0,0.0,0.0,0.0
1784885379413703918,5300,1784885379413703918,vehicle,0.0,0.0,0.0,0.0,0.0,0.0
1784885379413703918,5301,1784885379413703918,vehicle,0.0,0.0,0.0,0.0,0.0,0.0
1784885379413703918,5302,1784885379413703918,vehicle,0.0,0.0,0.0,0.0,0.0,0.0
1784885379413703918,5303,1784885379413703918,vehicle,0.0,0.0,0.0,0.0,0.0,0.0
1784885379413703918,5304,1784885379413703918,vehicle,0.0,0.0,0.0,0.0,0.0,0.0
1784885379413703918,5305,1784885379413703918,vehicle,0.0,0.0,0.0,0.0,0.0,0.0
1784885379413703918,5306,1784885379413703918,vehicle,0.0,0.0,0.0,0.0,0.0,0.0
1784885379413703918,5307,1784885379413703918,vehicle,0.0,0.0,0.0,0.0,0.0,0.0
1784885379413703918,5308,1784885379413703918,vehicle,0.0,0.0,0.0,0.0,0.0,0.0
1784885379413703918,5309,1784885379413703918,vehicle,0.0,0.0,0.0,0.0,0.0,0.0
1784885379413703918,5310,1784885379413703918,vehicle,0.0,0.0,0.0,0.0,0.0,0.0
1784885379413703918,5311,1784885379413703918,vehicle,0.0,0.0,0.0,0.0,0.0,0.0
1784885379413703918,5312,1784885379413703918,vehicle,0.0,0.0,0.0,0.0,0.0,0.0
1784885379413703918,5313,1784885379413703918,vehicle,0.0,0.0,0.0,0.0,0.0,0.0
1784885379413703918,5314,1784885379413703918,vehicle,0.0,0.0,0.0,0.0,0.0,0.0
1784885379413703918,5315,1784885379413703918,vehicle,0.0,0.0,0.0,0.0,0.0,0.0
1784885379413703918,5316,1784885379413703918,vehicle,0.0,0.0,0.0,0.0,0.0,0.0
1784885379413703918,5317,1784885379413703918,vehicle,0.0,0.0,0.0,0.0,0.0,0.0
1784885379413703918,5318,1784885379413703918,vehicle,0.0,0.0,0.0,0.0,0.0,0.0
1784885379413703918,5319,1784885379413703918,vehicle,0.0,0.0,0.0,0.0,0.0,0.0
1784885379413703918,5320,1784885379413703918,vehicle,0.0,0.0,0.0,0.0,0.0,0.0
1784885379413703918,5321,1784885379413703918,vehicle,0.0,0.0,0.0,0.0,0.0,0.0
1784885379413703918,5322,1784885379413703918,vehicle,0.0,0.0,0.0,0.0,0.0,0.0
1784885379413703918,5323,1784885379413703918,vehicle,0.0,0.0,0.0,0.0,0.0,0.0
1784885379413703918,5324,1784885379413703918,vehicle,0.0,0.0,0.0,0.0,0.0,0.0
1784885379413703918,5325,1784885379413703918,vehicle,0.0,0.0,0.0,0.0,0.0,0.0
1784885379413703918,5326,1784885379413703918,vehicle,0.0,0.0,0.0,0.0,0.0,0.0
1784885379413703918,5327,1784885379413703918,vehicle,0.0,0.0,0.0,0.0,0.0,0.0
1784885379413703918,5328,1784885379413703918,vehicle,0.0,0.0,0.0,0.0,0.0,0.0
1784885379413703918,5329,1784885379413703918,vehicle,0.0,0.0,0.0,0.0,0.0,0.0
1784885379413703918,5330,1784885379413703918,vehicle,0.0,0.0,0.0,0.0,0.0,0.0
1784885379413703918,5331,1784885379413703918,vehicle,0.0,0.0,0.0,0.0,0.0,0.0
1784885379413703918,5332,1784885379413703918,vehicle,0.0,0.0,0.0,0.0,0.0,0.0
1784885379413703918,5333,1784885379413703918,vehicle,0.0,0.0,0.0,0.0,0.0,0.0
1784885379413703918,5334,1784885379413703918,vehicle,0.0,0.0,0.0,0.0,0.0,0.0
1784885379413703918,5335,1784885379413703918,vehicle,0.0,0.0,0.0,0.0,0.0,0.0
1784885379413703918,5336,1784885379413703918,vehicle,0.0,0.0,0.0,0.0,0.0,0.0
1784885379413703918,5337,1784885379413703918,vehicle,0.0,0.0,0.0,0.0,0.0,0.0
1784885379413703918,5338,1784885379413703918,vehicle,0.0,0.0,0.0,0.0,0.0,0.0
1784885379413703918,5339,1784885379413703918,vehicle,0.0,0.0,0.0,0.0,0.0,0.0
1784885379413703918,5340,1784885379413703918,vehicle,0.0,0.0,0.0,0.0,0.0,0.0
1784885379413703918,5341,1784885379413703918,vehicle,0.0,0.0,0.0,0.0,0.0,0.0
1784885379413703918,5342,1784885379413703918,vehicle,0.0,0.0,0.0,0.0,0.0,0.0
1784885379413703918,5343,1784885379413703918,vehicle,0.0,0.0,0.0,0.0,0.0,0.0
1784885379413703918,5344,1784885379413703918,vehicle,0.0,0.0,0.0,0.0,0.0,0.0
1784885379413703918,5345,1784885379413703918,vehicle,0.0,0.0,0.0,0.0,0.0,0.0
1784885379413703918,5346,1784885379413703918,vehicle,0.0,0.0,0.0,0.0,0.0,0.0
1784885379413703918,5347,1784885379413703918,vehicle,0.0,0.0,0.0,0.0,0.0,0.0
1784885379413703918,5348,1784885379413703918,vehicle,0.0,0.0,0.0,0.0,0.0,0.0
1784885379413703918,5349,1784885379413703918,vehicle,0.0,0.0,0.0,0.0,0.0,0.0
1784885379413703918,5350,1784885379413703918,vehicle,0.0,0.0,0.0,0.0,0.0,0.0
1784885379413703918,5351,1784885379413703918,vehicle,0.0,0.0,0.0,0.0,0.0,0.0
1784885379413703918,5352,1784885379413703918,vehicle,0.0,0.0,0.0,0.0,0.0,0.0
1784885379413703918,5353,1784885379413703918,vehicle,0.0,0.0,0.0,0.0,0.0,0.0
1784885379413703918,5354,1784885379413703918,vehicle,0.0,0.0,0.0,0.0,0.0,0.0
1784885379413703918,5355,1784885379413703918,vehicle,0.0,0.0,0.0,0.0,0.0,0.0
1784885379413703918,5356,1784885379413703918,vehicle,0.0,0.0,0.0,0.0,0.0,0.0
1784885379413703918,5357,1784885379413703918,vehicle,0.0,0.0,0.0,0.0,0.0,0.0
1784885379413703918,5358,1784885379413703918,vehicle,0.0,0.0,0.0,0.0,0.0,0.0
1784885379413703918,5359,1784885379413703918,vehicle,0.0,0.0,0.0,0.0,0.0,0.0
1784885379413703918,5360,1784885379413703918,vehicle,0.0,0.0,0.0,0.0,0.0,0.0
1784885379413703918,5361,1784885379413703918,vehicle,0.0,0.0,0.0,0.0,0.0,0.0
1784885379413703918,5362,1784885379413703918,vehicle,0.0,0.0,0.0,0.0,0.0,0.0
1784885379413703918,5363,1784885379413703918,vehicle,0.0,0.0,0.0,0.0,0.0,0.0
1784885379413703918,5364,1784885379413703918,vehicle,0.0,0.0,0.0,0.0,0.0,0.0
1784885379413703918,5365,1784885379413703918,vehicle,0.0,0.0,0.0,0.0,0.0,0.0
1784885379413703918,5366,1784885379413703918,vehicle,0.0,0.0,0.0,0.0,0.0,0.0
1784885379413703918,5367,1784885379413703918,vehicle,0.0,0.0,0.0,0.0,0.0,0.0
1784885379413703918,5368,1784885379413703918,vehicle,0.0,0.0,0.0,0.0,0.0,0.0
1784885379413703918,5369,1784885379413703918,vehicle,0.0,0.0,0.0,0.0,0.0,0.0
1784885379413703918,5370,1784885379413703918,vehicle,0.0,0.0,0.0,0.0,0.0,0.0
1784885379413703918,5371,1784885379413703918,vehicle,0.0,0.0,0.0,0.0,0.0,0.0
1784885379413703918,5372,1784885379413703918,vehicle,0.0,0.0,0.0,0.0,0.0,0.0
1784885379413703918,5373,1784885379413703918,vehicle,0.0,0.0,0.0,0.0,0.0,0.0
1784885379413703918,5374,1784885379413703918,vehicle,0.0,0.0,0.0,0.0,0.0,0.0
1784885379413703918,5375,1784885379413703918,vehicle,0.0,0.0,0.0,0.0,0.0,0.0
1784885379413703918,5376,1784885379413703918,vehicle,0.0,0.0,0.0,0.0,0.0,0.0
1784885379413703918,5377,1784885379413703918,vehicle,0.0,0.0,0.0,0.0,0.0,0.0
1784885379413703918,5378,1784885379413703918,vehicle,0.0,0.0,0.0,0.0,0.0,0.0
1784885379413703918,5379,1784885379413703918,vehicle,0.0,0.0,0.0,0.0,0.0,0.0
1784885379413703918,5380,1784885379413703918,vehicle,0.0,0.0,0.0,0.0,0.0,0.0
1784885379413703918,5381,1784885379413703918,vehicle,0.0,0.0,0.0,0.0,0.0,0.0
1784885379413703918,5382,1784885379413703918,vehicle,0.0,0.0,0.0,0.0,0.0,0.0
1784885379413703918,5383,1784885379413703918,vehicle,0.0,0.0,0.0,0.0,0.0,0.0
1784885379413703918,5384,1784885379413703918,vehicle,0.0,0.0,0.0,0.0,0.0,0.0
1784885379413703918,5385,1784885379413703918,vehicle,0.0,0.0,0.0,0.0,0.0,0.0
1784885379413703918,5386,1784885379413703918,vehicle,0.0,0.0,0.0,0.0,0.0,0.0
1784885379413703918,5387,1784885379413703918,vehicle,0.0,0.0,0.0,0.0,0.0,0.0
1784885379413703918,5388,1784885379413703918,vehicle,0.0,0.0,0.0,0.0,0.0,0.0
1784885379413703918,5389,1784885379413703918,vehicle,0.0,0.0,0.0,0.0,0.0,0.0
1784885379413703918,5390,1784885379413703918,vehicle,0.0,0.0,0.0,0.0,0.0,0.0
1784885379413703918,5391,1784885379413703918,vehicle,0.0,0.0,0.0,0.0,0.0,0.0
1784885379413703918,5392,1784885379413703918,vehicle,0.0,0.0,0.0,0.0,0.0,0.0
1784885379413703918,5393,1784885379413703918,vehicle,0.0,0.0,0.0,0.0,0.0,0.0
1784885379413703918,5394,1784885379413703918,vehicle,0.0,0.0,0.0,0.0,0.0,0.0
1784885379413703918,5395,1784885379413703918,vehicle,0.0,0.0,0.0,0.0,0.0,0.0
1784885379413703918,5396,1784885379413703918,vehicle,0.0,0.0,0.0,0.0,0.0,0.0
1784885379413703918,5397,1784885379413703918,vehicle,0.0,0.0,0.0,0.0,0.0,0.0
1784885379413703918,5398,1784885379413703918,vehicle,0.0,0.0,0.0,0.0,0.0,0.0
1784885379413703918,5399,1784885379413703918,vehicle,0.0,0.0,0.0,0.0,0.0,0.0
1784885379413703918,5400,1784885379413703918,vehicle,0.0,0.0,0.0,0.0,0.0,0.0
1784885379413703918,5401,1784885379413703918,vehicle,0.0,0.0,0.0,0.0,0.0,0.0
1784885379413703918,5402,1784885379413703918,vehicle,0.0,0.0,0.0,0.0,0.0,0.0
1784885379413703918,5403,1784885379413703918,vehicle,0.0,0.0,0.0,0.0,0.0,0.0
1784885379413703918,5404,1784885379413703918,vehicle,0.0,0.0,0.0,0.0,0.0,0.0
1784885379413703918,5405,1784885379413703918,vehicle,0.0,0.0,0.0,0.0,0.0,0.0
1784885379413703918,5406,1784885379413703918,vehicle,0.0,0.0,0.0,0.0,0.0,0.0
1784885379413703918,5407,1784885379413703918,vehicle,0.0,0.0,0.0,0.0,0.0,0.0
1784885379413703918,5408,1784885379413703918,vehicle,0.0,0.0,0.0,0.0,0.0,0.0
1784885379413703918,5409,1784885379413703918,vehicle,0.0,0.0,0.0,0.0,0.0,0.0
1784885379413703918,5410,1784885379413703918,vehicle,0.0,0.0,0.0,0.0,0.0,0.0
1784885379413703918,5411,1784885379413703918,vehicle,0.0,0.0,0.0,0.0,0.0,0.0
1784885379413703918,5412,1784885379413703918,vehicle,0.0,0.0,0.0,0.0,0.0,0.0
1784885379413703918,5413,1784885379413703918,vehicle,0.0,0.0,0.0,0.0,0.0,0.0
1784885379413703918,5414,1784885379413703918,vehicle,0.0,0.0,0.0,0.0,0.0,0.0
1784885379413703918,5415,1784885379413703918,vehicle,0.0,0.0,0.0,0.0,0.0,0.0
1784885379413703918,5416,1784885379413703918,vehicle,0.0,0.0,0.0,0.0,0.0,0.0
1784885379413703918,5417,1784885379413703918,vehicle,0.0,0.0,0.0,0.0,0.0,0.0
1784885379413703918,5418,1784885379413703918,vehicle,0.0,0.0,0.0,0.0,0.0,0.0
1784885379413703918,5419,1784885379413703918,vehicle,0.0,0.0,0.0,0.0,0.0,0.0
1784885379413703918,5420,1784885379413703918,vehicle,0.0,0.0,0.0,0.0,0.0,0.0
1784885379413703918,5421,1784885379413703918,vehicle,0.0,0.0,0.0,0.0,0.0,0.0
1784885379413703918,5422,1784885379413703918,vehicle,0.0,0.0,0.0,0.0,0.0,0.0
1784885379413703918,5423,1784885379413703918,vehicle,0.0,0.0,0.0,0.0,0.0,0.0
1784885379413703918,5424,1784885379413703918,vehicle,0.0,0.0,0.0,0.0,0.0,0.0
1784885379413703918,5425,1784885379413703918,vehicle,0.0,0.0,0.0,0.0,0.0,0.0
1784885379413703918,5426,1784885379413703918,vehicle,0.0,0.0,0.0,0.0,0.0,0.0
1784885379413703918,5427,1784885379413703918,vehicle,0.0,0.0,0.0,0.0,0.0,0.0
1784885379413703918,5428,1784885379413703918,vehicle,0.0,0.0,0.0,0.0,0.0,0.0
1784885379413703918,5429,1784885379413703918,vehicle,0.0,0.0,0.0,0.0,0.0,0.0
1784885379413703918,5430,1784885379413703918,vehicle,0.0,0.0,0.0,0.0,0.0,0.0
1784885379413703918,5431,1784885379413703918,vehicle,0.0,0.0,0.0,0.0,0.0,0.0
1784885379413703918,5432,1784885379413703918,vehicle,0.0,0.0,0.0,0.0,0.0,0.0
1784885379413703918,5433,1784885379413703918,vehicle,0.0,0.0,0.0,0.0,0.0,0.0
1784885379413703918,5434,1784885379413703918,vehicle,0.0,0.0,0.0,0.0,0.0,0.0
1784885379413703918,5435,1784885379413703918,vehicle,0.0,0.0,0.0,0.0,0.0,0.0
1784885379413703918,5436,1784885379413703918,vehicle,0.0,0.0,0.0,0.0,0.0,0.0
1784885379413703918,5437,1784885379413703918,vehicle,0.0,0.0,0.0,0.0,0.0,0.0
1784885379413703918,5438,1784885379413703918,vehicle,0.0,0.0,0.0,0.0,0.0,0.0
1784885379413703918,5439,1784885379413703918,vehicle,0.0,0.0,0.0,0.0,0.0,0.0
1784885379413703918,5440,1784885379413703918,vehicle,0.0,0.0,0.0,0.0,0.0,0.0
1784885379413703918,5441,1784885379413703918,vehicle,0.0,0.0,0.0,0.0,0.0,0.0
1784885379413703918,5442,1784885379413703918,vehicle,0.0,0.0,0.0,0.0,0.0,0.0
1784885379413703918,5443,1784885379413703918,vehicle,0.0,0.0,0.0,0.0,0.0,0.0
1784885379413703918,5444,1784885379413703918,vehicle,0.0,0.0,0.0,0.0,0.0,0.0
1784885379413703918,5445,1784885379413703918,vehicle,0.0,0.0,0.0,0.0,0.0,0.0
1784885379413703918,5446,1784885379413703918,vehicle,0.0,0.0,0.0,0.0,0.0,0.0
1784885379413703918,5447,1784885379413703918,vehicle,0.0,0.0,0.0,0.0,0.0,0.0
1784885379413703918,5448,1784885379413703918,vehicle,0.0,0.0,0.0,0.0,0.0,0.0
1784885379413703918,5449,1784885379413703918,vehicle,0.0,0.0,0.0,0.0,0.0,0.0
1784885379413703918,5450,1784885379413703918,vehicle,0.0,0.0,0.0,0.0,0.0,0.0
1784885379413703918,5451,1784885379413703918,vehicle,0.0,0.0,0.0,0.0,0.0,0.0
1784885379413703918,5452,1784885379413703918,vehicle,0.0,0.0,0.0,0.0,0.0,0.0
1784885379413703918,5453,1784885379413703918,vehicle,0.0,0.0,0.0,0.0,0.0,0.0
1784885379413703918,5454,1784885379413703918,vehicle,0.0,0.0,0.0,0.0,0.0,0.0
1784885379413703918,5455,1784885379413703918,vehicle,0.0,0.0,0.0,0.0,0.0,0.0
1784885379413703918,5456,1784885379413703918,vehicle,0.0,0.0,0.0,0.0,0.0,0.0
1784885379413703918,5457,1784885379413703918,vehicle,0.0,0.0,0.0,0.0,0.0,0.0
1784885379413703918,5458,1784885379413703918,vehicle,0.0,0.0,0.0,0.0,0.0,0.0
1784885379413703918,5459,1784885379413703918,vehicle,0.0,0.0,0.0,0.0,0.0,0.0
1784885379413703918,5460,1784885379413703918,vehicle,0.0,0.0,0.0,0.0,0.0,0.0
1784885379413703918,5461,1784885379413703918,vehicle,0.0,0.0,0.0,0.0,0.0,0.0
1784885379413703918,5462,1784885379413703918,vehicle,0.0,0.0,0.0,0.0,0.0,0.0
1784885379413703918,5463,1784885379413703918,vehicle,0.0,0.0,0.0,0.0,0.0,0.0
1784885379413703918,5464,1784885379413703918,vehicle,0.0,0.0,0.0,0.0,0.0,0.0
1784885379413703918,5465,1784885379413703918,vehicle,0.0,0.0,0.0,0.0,0.0,0.0
1784885379413703918,5466,1784885379413703918,vehicle,0.0,0.0,0.0,0.0,0.0,0.0
1784885379413703918,5467,1784885379413703918,vehicle,0.0,0.0,0.0,0.0,0.0,0.0
1784885379413703918,5468,1784885379413703918,vehicle,0.0,0.0,0.0,0.0,0.0,0.0
1784885379413703918,5469,1784885379413703918,vehicle,0.0,0.0,0.0,0.0,0.0,0.0
1784885379413703918,5470,1784885379413703918,vehicle,0.0,0.0,0.0,0.0,0.0,0.0
1784885379413703918,5471,1784885379413703918,vehicle,0.0,0.0,0.0,0.0,0.0,0.0
1784885379413703918,5472,1784885379413703918,vehicle,0.0,0.0,0.0,0.0,0.0,0.0
1784885379413703918,5473,1784885379413703918,vehicle,0.0,0.0,0.0,0.0,0.0,0.0
1784885379413703918,5474,1784885379413703918,vehicle,0.0,0.0,0.0,0.0,0.0,0.0
1784885379413703918,5475,1784885379413703918,vehicle,0.0,0.0,0.0,0.0,0.0,0.0
1784885379413703918,5476,1784885379413703918,vehicle,0.0,0.0,0.0,0.0,0.0,0.0
1784885379413703918,5477,1784885379413703918,vehicle,0.0,0.0,0.0,0.0,0.0,0.0
1784885379413703918,5478,1784885379413703918,vehicle,0.0,0.0,0.0,0.0,0.0,0.0
1784885379413703918,5479,1784885379413703918,vehicle,0.0,0.0,0.0,0.0,0.0,0.0
1784885379413703918,5480,1784885379413703918,vehicle,0.0,0.0,0.0,0.0,0.0,0.0
1784885379413703918,5481,1784885379413703918,vehicle,0.0,0.0,0.0,0.0,0.0,0.0
1784885379413703918,5482,1784885379413703918,vehicle,0.0,0.0,0.0,0.0,0.0,0.0
1784885379413703918,5483,1784885379413703918,vehicle,0.0,0.0,0.0,0.0,0.0,0.0
1784885379413703918,5484,1784885379413703918,vehicle,0.0,0.0,0.0,0.0,0.0,0.0
1784885379413703918,5485,1784885379413703918,vehicle,0.0,0.0,0.0,0.0,0.0,0.0
1784885379413703918,5486,1784885379413703918,vehicle,0.0,0.0,0.0,0.0,0.0,0.0
1784885379413703918,5487,1784885379413703918,vehicle,0.0,0.0,0.0,0.0,0.0,0.0
1784885379413703918,5488,1784885379413703918,vehicle,0.0,0.0,0.0,0.0,0.0,0.0
1784885379413703918,5489,1784885379413703918,vehicle,0.0,0.0,0.0,0.0,0.0,0.0
1784885379413703918,5490,1784885379413703918,vehicle,0.0,0.0,0.0,0.0,0.0,0.0
1784885379413703918,5491,1784885379413703918,vehicle,0.0,0.0,0.0,0.0,0.0,0.0
1784885379413703918,5492,1784885379413703918,vehicle,0.0,0.0,0.0,0.0,0.0,0.0
1784885379413703918,5493,1784885379413703918,vehicle,0.0,0.0,0.0,0.0,0.0,0.0
1784885379413703918,5494,1784885379413703918,vehicle,0.0,0.0,0.0,0.0,0.0,0.0
1784885379413703918,5495,1784885379413703918,vehicle,0.0,0.0,0.0,0.0,0.0,0.0
1784885379413703918,5496,1784885379413703918,vehicle,0.0,0.0,0.0,0.0,0.0,0.0
1784885379413703918,5497,1784885379413703918,vehicle,0.0,0.0,0.0,0.0,0.0,0.0
1784885379413703918,5498,1784885379413703918,vehicle,0.0,0.0,0.0,0.0,0.0,0.0
1784885379413703918,5499,1784885379413703918,vehicle,0.0,0.0,0.0,0.0,0.0,0.0
1784885379413703918,5500,1784885379413703918,vehicle,0.0,0.0,0.0,0.0,0.0,0.0
1784885379413703918,5501,1784885379413703918,vehicle,0.0,0.0,0.0,0.0,0.0,0.0
1784885379413703918,5502,1784885379413703918,vehicle,0.0,0.0,0.0,0.0,0.0,0.0
1784885379413703918,5503,1784885379413703918,vehicle,0.0,0.0,0.0,0.0,0.0,0.0
1784885379413703918,5504,1784885379413703918,vehicle,0.0,0.0,0.0,0.0,0.0,0.0
1784885379413703918,5505,1784885379413703918,vehicle,0.0,0.0,0.0,0.0,0.0,0.0
1784885379413703918,5506,1784885379413703918,vehicle,0.0,0.0,0.0,0.0,0.0,0.0
1784885379413703918,5507,1784885379413703918,vehicle,0.0,0.0,0.0,0.0,0.0,0.0
1784885379413703918,5508,1784885379413703918,vehicle,0.0,0.0,0.0,0.0,0.0,0.0
1784885379413703918,5509,1784885379413703918,vehicle,0.0,0.0,0.0,0.0,0.0,0.0
1784885379413703918,5510,1784885379413703918,vehicle,0.0,0.0,0.0,0.0,0.0,0.0
1784885379413703918,5511,1784885379413703918,vehicle,0.0,0.0,0.0,0.0,0.0,0.0
1784885379413703918,5512,1784885379413703918,vehicle,0.0,0.0,0.0,0.0,0.0,0.0
1784885379413703918,5513,1784885379413703918,vehicle,0.0,0.0,0.0,0.0,0.0,0.0
1784885379413703918,5514,1784885379413703918,vehicle,0.0,0.0,0.0,0.0,0.0,0.0
1784885379413703918,5515,1784885379413703918,vehicle,0.0,0.0,0.0,0.0,0.0,0.0
1784885379413703918,5516,1784885379413703918,vehicle,0.0,0.0,0.0,0.0,0.0,0.0
1784885379413703918,5517,1784885379413703918,vehicle,0.0,0.0,0.0,0.0,0.0,0.0
1784885379413703918,5518,1784885379413703918,vehicle,0.0,0.0,0.0,0.0,0.0,0.0
1784885379413703918,5519,1784885379413703918,vehicle,0.0,0.0,0.0,0.0,0.0,0.0
1784885379413703918,5520,1784885379413703918,vehicle,0.0,0.0,0.0,0.0,0.0,0.0
1784885379413703918,5521,1784885379413703918,vehicle,0.0,0.0,0.0,0.0,0.0,0.0
1784885379413703918,5522,1784885379413703918,vehicle,0.0,0.0,0.0,0.0,0.0,0.0
1784885379413703918,5523,1784885379413703918,vehicle,0.0,0.0,0.0,0.0,0.0,0.0
1784885379413703918,5524,1784885379413703918,vehicle,0.0,0.0,0.0,0.0,0.0,0.0
1784885379413703918,5525,1784885379413703918,vehicle,0.0,0.0,0.0,0.0,0.0,0.0
1784885379413703918,5526,1784885379413703918,vehicle,0.0,0.0,0.0,0.0,0.0,0.0
1784885379413703918,5527,1784885379413703918,vehicle,0.0,0.0,0.0,0.0,0.0,0.0
1784885379413703918,5528,1784885379413703918,vehicle,0.0,0.0,0.0,0.0,0.0,0.0
1784885379413703918,5529,1784885379413703918,vehicle,0.0,0.0,0.0,0.0,0.0,0.0
1784885379413703918,5530,1784885379413703918,vehicle,0.0,0.0,0.0,0.0,0.0,0.0
1784885379413703918,5531,1784885379413703918,vehicle,0.0,0.0,0.0,0.0,0.0,0.0
1784885379413703918,5532,1784885379413703918,vehicle,0.0,0.0,0.0,0.0,0.0,0.0
1784885379413703918,5533,1784885379413703918,vehicle,0.0,0.0,0.0,0.0,0.0,0.0
1784885379413703918,5534,1784885379413703918,vehicle,0.0,0.0,0.0,0.0,0.0,0.0
1784885379413703918,5535,1784885379413703918,vehicle,0.0,0.0,0.0,0.0,0.0,0.0
1784885379413703918,5536,1784885379413703918,vehicle,0.0,0.0,0.0,0.0,0.0,0.0
1784885379413703918,5537,1784885379413703918,vehicle,0.0,0.0,0.0,0.0,0.0,0.0
1784885379413703918,5538,1784885379413703918,vehicle,0.0,0.0,0.0,0.0,0.0,0.0
1784885379413703918,5539,1784885379413703918,vehicle,0.0,0.0,0.0,0.0,0.0,0.0
1784885379413703918,5540,1784885379413703918,vehicle,0.0,0.0,0.0,0.0,0.0,0.0
1784885379413703918,5541,1784885379413703918,vehicle,0.0,0.0,0.0,0.0,0.0,0.0
1784885379413703918,5542,1784885379413703918,vehicle,0.0,0.0,0.0,0.0,0.0,0.0
1784885379413703918,5543,1784885379413703918,vehicle,0.0,0.0,0.0,0.0,0.0,0.0
1784885379413703918,5544,1784885379413703918,vehicle,0.0,0.0,0.0,0.0,0.0,0.0
1784885379413703918,5545,1784885379413703918,vehicle,0.0,0.0,0.0,0.0,0.0,0.0
1784885379413703918,5546,1784885379413703918,vehicle,0.0,0.0,0.0,0.0,0.0,0.0
1784885379413703918,5547,1784885379413703918,vehicle,0.0,0.0,0.0,0.0,0.0,0.0
1784885379413703918,5548,1784885379413703918,vehicle,0.0,0.0,0.0,0.0,0.0,0.0
1784885379413703918,5549,1784885379413703918,vehicle,0.0,0.0,0.0,0.0,0.0,0.0
1784885379413703918,5550,1784885379413703918,vehicle,0.0,0.0,0.0,0.0,0.0,0.0
1784885379413703918,5551,1784885379413703918,vehicle,0.0,0.0,0.0,0.0,0.0,0.0
1784885379413703918,5552,1784885379413703918,vehicle,0.0,0.0,0.0,0.0,0.0,0.0
1784885379413703918,5553,1784885379413703918,vehicle,0.0,0.0,0.0,0.0,0.0,0.0
1784885379413703918,5554,1784885379413703918,vehicle,0.0,0.0,0.0,0.0,0.0,0.0
1784885379413703918,5555,1784885379413703918,vehicle,0.0,0.0,0.0,0.0,0.0,0.0
1784885379413703918,5556,1784885379413703918,vehicle,0.0,0.0,0.0,0.0,0.0,0.0
1784885379413703918,5557,1784885379413703918,vehicle,0.0,0.0,0.0,0.0,0.0,0.0
1784885379413703918,5558,1784885379413703918,vehicle,0.0,0.0,0.0,0.0,0.0,0.0
1784885379413703918,5559,1784885379413703918,vehicle,0.0,0.0,0.0,0.0,0.0,0.0
1784885379413703918,5560,1784885379413703918,vehicle,0.0,0.0,0.0,0.0,0.0,0.0
1784885379413703918,5561,1784885379413703918,vehicle,0.0,0.0,0.0,0.0,0.0,0.0
1784885379413703918,5562,1784885379413703918,vehicle,0.0,0.0,0.0,0.0,0.0,0.0
1784885379413703918,5563,1784885379413703918,vehicle,0.0,0.0,0.0,0.0,0.0,0.0
1784885379413703918,5564,1784885379413703918,vehicle,0.0,0.0,0.0,0.0,0.0,0.0
1784885379413703918,5565,1784885379413703918,vehicle,0.0,0.0,0.0,0.0,0.0,0.0
1784885379413703918,5566,1784885379413703918,vehicle,0.0,0.0,0.0,0.0,0.0,0.0
1784885379413703918,5567,1784885379413703918,vehicle,0.0,0.0,0.0,0.0,0.0,0.0
1784885379413703918,5568,1784885379413703918,vehicle,0.0,0.0,0.0,0.0,0.0,0.0
1784885379413703918,5569,1784885379413703918,vehicle,0.0,0.0,0.0,0.0,0.0,0.0
1784885379413703918,5570,1784885379413703918,vehicle,0.0,0.0,0.0,0.0,0.0,0.0
1784885379413703918,5571,1784885379413703918,vehicle,0.0,0.0,0.0,0.0,0.0,0.0
1784885379413703918,5572,1784885379413703918,vehicle,0.0,0.0,0.0,0.0,0.0,0.0
1784885379413703918,5573,1784885379413703918,vehicle,0.0,0.0,0.0,0.0,0.0,0.0
1784885379413703918,5574,1784885379413703918,vehicle,0.0,0.0,0.0,0.0,0.0,0.0
1784885379413703918,5575,1784885379413703918,vehicle,0.0,0.0,0.0,0.0,0.0,0.0
1784885379413703918,5576,1784885379413703918,vehicle,0.0,0.0,0.0,0.0,0.0,0.0
1784885379413703918,5577,1784885379413703918,vehicle,0.0,0.0,0.0,0.0,0.0,0.0
1784885379413703918,5578,1784885379413703918,vehicle,0.0,0.0,0.0,0.0,0.0,0.0
1784885379413703918,5579,1784885379413703918,vehicle,0.0,0.0,0.0,0.0,0.0,0.0
1784885379413703918,5580,1784885379413703918,vehicle,0.0,0.0,0.0,0.0,0.0,0.0
1784885379413703918,5581,1784885379413703918,vehicle,0.0,0.0,0.0,0.0,0.0,0.0
1784885379413703918,5582,1784885379413703918,vehicle,0.0,0.0,0.0,0.0,0.0,0.0
1784885379413703918,5583,1784885379413703918,vehicle,0.0,0.0,0.0,0.0,0.0,0.0
1784885379413703918,5584,1784885379413703918,vehicle,0.0,0.0,0.0,0.0,0.0,0.0
1784885379413703918,5585,1784885379413703918,vehicle,0.0,0.0,0.0,0.0,0.0,0.0
1784885379413703918,5586,1784885379413703918,vehicle,0.0,0.0,0.0,0.0,0.0,0.0
1784885379413703918,5587,1784885379413703918,vehicle,0.0,0.0,0.0,0.0,0.0,0.0
1784885379413703918,5588,1784885379413703918,vehicle,0.0,0.0,0.0,0.0,0.0,0.0
1784885379413703918,5589,1784885379413703918,vehicle,0.0,0.0,0.0,0.0,0.0,0.0
1784885379413703918,5590,1784885379413703918,vehicle,0.0,0.0,0.0,0.0,0.0,0.0
1784885379413703918,5591,1784885379413703918,vehicle,0.0,0.0,0.0,0.0,0.0,0.0
1784885379413703918,5592,1784885379413703918,vehicle,0.0,0.0,0.0,0.0,0.0,0.0
1784885379413703918,5593,1784885379413703918,vehicle,0.0,0.0,0.0,0.0,0.0,0.0
1784885379413703918,5594,1784885379413703918,vehicle,0.0,0.0,0.0,0.0,0.0,0.0
1784885379413703918,5595,1784885379413703918,vehicle,0.0,0.0,0.0,0.0,0.0,0.0
1784885379413703918,5596,1784885379413703918,vehicle,0.0,0.0,0.0,0.0,0.0,0.0
1784885379413703918,5597,1784885379413703918,vehicle,0.0,0.0,0.0,0.0,0.0,0.0
1784885379413703918,5598,1784885379413703918,vehicle,0.0,0.0,0.0,0.0,0.0,0.0
1784885379413703918,5599,1784885379413703918,vehicle,0.0,0.0,0.0,0.0,0.0,0.0
1784885379413703918,5600,1784885379413703918,vehicle,0.0,0.0,0.0,0.0,0.0,0.0
1784885379413703918,5601,1784885379413703918,vehicle,0.0,0.0,0.0,0.0,0.0,0.0
1784885379413703918,5602,1784885379413703918,vehicle,0.0,0.0,0.0,0.0,0.0,0.0
1784885379413703918,5603,1784885379413703918,vehicle,0.0,0.0,0.0,0.0,0.0,0.0
1784885379413703918,5604,1784885379413703918,vehicle,0.0,0.0,0.0,0.0,0.0,0.0
1784885379413703918,5605,1784885379413703918,vehicle,0.0,0.0,0.0,0.0,0.0,0.0
1784885379413703918,5606,1784885379413703918,vehicle,0.0,0.0,0.0,0.0,0.0,0.0
1784885379413703918,5607,1784885379413703918,vehicle,0.0,0.0,0.0,0.0,0.0,0.0
1784885379413703918,5608,1784885379413703918,vehicle,0.0,0.0,0.0,0.0,0.0,0.0
1784885379413703918,5609,1784885379413703918,vehicle,0.0,0.0,0.0,0.0,0.0,0.0
1784885379413703918,5610,1784885379413703918,vehicle,0.0,0.0,0.0,0.0,0.0,0.0
1784885379413703918,5611,1784885379413703918,vehicle,0.0,0.0,0.0,0.0,0.0,0.0
1784885379413703918,5612,1784885379413703918,vehicle,0.0,0.0,0.0,0.0,0.0,0.0
1784885379413703918,5613,1784885379413703918,vehicle,0.0,0.0,0.0,0.0,0.0,0.0
1784885379413703918,5614,1784885379413703918,vehicle,0.0,0.0,0.0,0.0,0.0,0.0
1784885379413703918,5615,1784885379413703918,vehicle,0.0,0.0,0.0,0.0,0.0,0.0
1784885379413703918,5616,1784885379413703918,vehicle,0.0,0.0,0.0,0.0,0.0,0.0
1784885379413703918,5617,1784885379413703918,vehicle,0.0,0.0,0.0,0.0,0.0,0.0
1784885379413703918,5618,1784885379413703918,vehicle,0.0,0.0,0.0,0.0,0.0,0.0
1784885379413703918,5619,1784885379413703918,vehicle,0.0,0.0,0.0,0.0,0.0,0.0
1784885379413703918,5620,1784885379413703918,vehicle,0.0,0.0,0.0,0.0,0.0,0.0
1784885379413703918,5621,1784885379413703918,vehicle,0.0,0.0,0.0,0.0,0.0,0.0
1784885379413703918,5622,1784885379413703918,vehicle,0.0,0.0,0.0,0.0,0.0,0.0
1784885379413703918,5623,1784885379413703918,vehicle,0.0,0.0,0.0,0.0,0.0,0.0
1784885379413703918,5624,1784885379413703918,vehicle,0.0,0.0,0.0,0.0,0.0,0.0
1784885379413703918,5625,1784885379413703918,vehicle,0.0,0.0,0.0,0.0,0.0,0.0
1784885379413703918,5626,1784885379413703918,vehicle,0.0,0.0,0.0,0.0,0.0,0.0
1784885379413703918,5627,1784885379413703918,vehicle,0.0,0.0,0.0,0.0,0.0,0.0
1784885379413703918,5628,1784885379413703918,vehicle,0.0,0.0,0.0,0.0,0.0,0.0
1784885379413703918,5629,1784885379413703918,vehicle,0.0,0.0,0.0,0.0,0.0,0.0
1784885379413703918,5630,1784885379413703918,vehicle,0.0,0.0,0.0,0.0,0.0,0.0
1784885379413703918,5631,1784885379413703918,vehicle,0.0,0.0,0.0,0.0,0.0,0.0
1784885379413703918,5632,1784885379413703918,vehicle,0.0,0.0,0.0,0.0,0.0,0.0
1784885379413703918,5633,1784885379413703918,vehicle,0.0,0.0,0.0,0.0,0.0,0.0
1784885379413703918,5634,1784885379413703918,vehicle,0.0,0.0,0.0,0.0,0.0,0.0
1784885379413703918,5635,1784885379413703918,vehicle,0.0,0.0,0.0,0.0,0.0,0.0
1784885379413703918,5636,1784885379413703918,vehicle,0.0,0.0,0.0,0.0,0.0,0.0
1784885379413703918,5637,1784885379413703918,vehicle,0.0,0.0,0.0,0.0,0.0,0.0
1784885379413703918,5638,1784885379413703918,vehicle,0.0,0.0,0.0,0.0,0.0,0.0
1784885379413703918,5639,1784885379413703918,vehicle,0.0,0.0,0.0,0.0,0.0,0.0
1784885379413703918,5640,1784885379413703918,vehicle,0.0,0.0,0.0,0.0,0.0,0.0
1784885379413703918,5641,1784885379413703918,vehicle,0.0,0.0,0.0,0.0,0.0,0.0
1784885379413703918,5642,1784885379413703918,vehicle,0.0,0.0,0.0,0.0,0.0,0.0
1784885379413703918,5643,1784885379413703918,vehicle,0.0,0.0,0.0,0.0,0.0,0.0
1784885379413703918,5644,1784885379413703918,vehicle,0.0,0.0,0.0,0.0,0.0,0.0
1784885379413703918,5645,1784885379413703918,vehicle,0.0,0.0,0.0,0.0,0.0,0.0
1784885379413703918,5646,1784885379413703918,vehicle,0.0,0.0,0.0,0.0,0.0,0.0
1784885379413703918,5647,1784885379413703918,vehicle,0.0,0.0,0.0,0.0,0.0,0.0
1784885379413703918,5648,1784885379413703918,vehicle,0.0,0.0,0.0,0.0,0.0,0.0
1784885379413703918,5649,1784885379413703918,vehicle,0.0,0.0,0.0,0.0,0.0,0.0
1784885379413703918,5650,1784885379413703918,vehicle,0.0,0.0,0.0,0.0,0.0,0.0
1784885379413703918,5651,1784885379413703918,vehicle,0.0,0.0,0.0,0.0,0.0,0.0
1784885379413703918,5652,1784885379413703918,vehicle,0.0,0.0,0.0,0.0,0.0,0.0
1784885379413703918,5653,1784885379413703918,vehicle,0.0,0.0,0.0,0.0,0.0,0.0
1784885379413703918,5654,1784885379413703918,vehicle,0.0,0.0,0.0,0.0,0.0,0.0
1784885379413703918,5655,1784885379413703918,vehicle,0.0,0.0,0.0,0.0,0.0,0.0
1784885379413703918,5656,1784885379413703918,vehicle,0.0,0.0,0.0,0.0,0.0,0.0
1784885379413703918,5657,1784885379413703918,vehicle,0.0,0.0,0.0,0.0,0.0,0.0
1784885379413703918,5658,1784885379413703918,vehicle,0.0,0.0,0.0,0.0,0.0,0.0
1784885379413703918,5659,1784885379413703918,vehicle,0.0,0.0,0.0,0.0,0.0,0.0
1784885379413703918,5660,1784885379413703918,vehicle,0.0,0.0,0.0,0.0,0.0,0.0
1784885379413703918,5661,1784885379413703918,vehicle,0.0,0.0,0.0,0.0,0.0,0.0
1784885379413703918,5662,1784885379413703918,vehicle,0.0,0.0,0.0,0.0,0.0,0.0
1784885379413703918,5663,1784885379413703918,vehicle,0.0,0.0,0.0,0.0,0.0,0.0
1784885379413703918,5664,1784885379413703918,vehicle,0.0,0.0,0.0,0.0,0.0,0.0
1784885379413703918,5665,1784885379413703918,vehicle,0.0,0.0,0.0,0.0,0.0,0.0
1784885379413703918,5666,1784885379413703918,vehicle,0.0,0.0,0.0,0.0,0.0,0.0
1784885379413703918,5667,1784885379413703918,vehicle,0.0,0.0,0.0,0.0,0.0,0.0
1784885379413703918,5668,1784885379413703918,vehicle,0.0,0.0,0.0,0.0,0.0,0.0
1784885379413703918,5669,1784885379413703918,vehicle,0.0,0.0,0.0,0.0,0.0,0.0
1784885379413703918,5670,1784885379413703918,vehicle,0.0,0.0,0.0,0.0,0.0,0.0
1784885379413703918,5671,1784885379413703918,vehicle,0.0,0.0,0.0,0.0,0.0,0.0
1784885379413703918,5672,1784885379413703918,vehicle,0.0,0.0,0.0,0.0,0.0,0.0
1784885379413703918,5673,1784885379413703918,vehicle,0.0,0.0,0.0,0.0,0.0,0.0
1784885379413703918,5674,1784885379413703918,vehicle,0.0,0.0,0.0,0.0,0.0,0.0
1784885379413703918,5675,1784885379413703918,vehicle,0.0,0.0,0.0,0.0,0.0,0.0
1784885379413703918,5676,1784885379413703918,vehicle,0.0,0.0,0.0,0.0,0.0,0.0
1784885379413703918,5677,1784885379413703918,vehicle,0.0,0.0,0.0,0.0,0.0,0.0
1784885379413703918,5678,1784885379413703918,vehicle,0.0,0.0,0.0,0.0,0.0,0.0
1784885379413703918,5679,1784885379413703918,vehicle,0.0,0.0,0.0,0.0,0.0,0.0
1784885379413703918,5680,1784885379413703918,vehicle,0.0,0.0,0.0,0.0,0.0,0.0
1784885379413703918,5681,1784885379413703918,vehicle,0.0,0.0,0.0,0.0,0.0,0.0
1784885379413703918,5682,1784885379413703918,vehicle,0.0,0.0,0.0,0.0,0.0,0.0
1784885379413703918,5683,1784885379413703918,vehicle,0.0,0.0,0.0,0.0,0.0,0.0
1784885379413703918,5684,1784885379413703918,vehicle,0.0,0.0,0.0,0.0,0.0,0.0
1784885379413703918,5685,1784885379413703918,vehicle,0.0,0.0,0.0,0.0,0.0,0.0
1784885379413703918,5686,1784885379413703918,vehicle,0.0,0.0,0.0,0.0,0.0,0.0
1784885379413703918,5687,1784885379413703918,vehicle,0.0,0.0,0.0,0.0,0.0,0.0
1784885379413703918,5688,1784885379413703918,vehicle,0.0,0.0,0.0,0.0,0.0,0.0
1784885379413703918,5689,1784885379413703918,vehicle,0.0,0.0,0.0,0.0,0.0,0.0
1784885379413703918,5690,1784885379413703918,vehicle,0.0,0.0,0.0,0.0,0.0,0.0
1784885379413703918,5691,1784885379413703918,vehicle,0.0,0.0,0.0,0.0,0.0,0.0
1784885379413703918,5692,1784885379413703918,vehicle,0.0,0.0,0.0,0.0,0.0,0.0
1784885379413703918,5693,1784885379413703918,vehicle,0.0,0.0,0.0,0.0,0.0,0.0
1784885379413703918,5694,1784885379413703918,vehicle,0.0,0.0,0.0,0.0,0.0,0.0
1784885379413703918,5695,1784885379413703918,vehicle,0.0,0.0,0.0,0.0,0.0,0.0
1784885379413703918,5696,1784885379413703918,vehicle,0.0,0.0,0.0,0.0,0.0,0.0
1784885379413703918,5697,1784885379413703918,vehicle,0.0,0.0,0.0,0.0,0.0,0.0
1784885379413703918,5698,1784885379413703918,vehicle,0.0,0.0,0.0,0.0,0.0,0.0
1784885379413703918,5699,1784885379413703918,vehicle,0.0,0.0,0.0,0.0,0.0,0.0
1784885379413703918,5700,1784885379413703918,vehicle,0.0,0.0,0.0,0.0,0.0,0.0
1784885379413703918,5701,1784885379413703918,vehicle,0.0,0.0,0.0,0.0,0.0,0.0
1784885379413703918,5702,1784885379413703918,vehicle,0.0,0.0,0.0,0.0,0.0,0.0
1784885379413703918,5703,1784885379413703918,vehicle,0.0,0.0,0.0,0.0,0.0,0.0
1784885379413703918,5704,1784885379413703918,vehicle,0.0,0.0,0.0,0.0,0.0,0.0
1784885379413703918,5705,1784885379413703918,vehicle,0.0,0.0,0.0,0.0,0.0,0.0
1784885379413703918,5706,1784885379413703918,vehicle,0.0,0.0,0.0,0.0,0.0,0.0
1784885379413703918,5707,1784885379413703918,vehicle,0.0,0.0,0.0,0.0,0.0,0.0
1784885379413703918,5708,1784885379413703918,vehicle,0.0,0.0,0.0,0.0,0.0,0.0
1784885379413703918,5709,1784885379413703918,vehicle,0.0,0.0,0.0,0.0,0.0,0.0
1784885379413703918,5710,1784885379413703918,vehicle,0.0,0.0,0.0,0.0,0.0,0.0
1784885379413703918,5711,1784885379413703918,vehicle,0.0,0.0,0.0,0.0,0.0,0.0
1784885379413703918,5712,1784885379413703918,vehicle,0.0,0.0,0.0,0.0,0.0,0.0
1784885379413703918,5713,1784885379413703918,vehicle,0.0,0.0,0.0,0.0,0.0,0.0
1784885379413703918,5714,1784885379413703918,vehicle,0.0,0.0,0.0,0.0,0.0,0.0
1784885379413703918,5715,1784885379413703918,vehicle,0.0,0.0,0.0,0.0,0.0,0.0
1784885379413703918,5716,1784885379413703918,vehicle,0.0,0.0,0.0,0.0,0.0,0.0
1784885379413703918,5717,1784885379413703918,vehicle,0.0,0.0,0.0,0.0,0.0,0.0
1784885379413703918,5718,1784885379413703918,vehicle,0.0,0.0,0.0,0.0,0.0,0.0
1784885379413703918,5719,1784885379413703918,vehicle,0.0,0.0,0.0,0.0,0.0,0.0
1784885379413703918,5720,1784885379413703918,vehicle,0.0,0.0,0.0,0.0,0.0,0.0
1784885379413703918,5721,1784885379413703918,vehicle,0.0,0.0,0.0,0.0,0.0,0.0
1784885379413703918,5722,1784885379413703918,vehicle,0.0,0.0,0.0,0.0,0.0,0.0
1784885379413703918,5723,1784885379413703918,vehicle,0.0,0.0,0.0,0.0,0.0,0.0
1784885379413703918,5724,1784885379413703918,vehicle,0.0,0.0,0.0,0.0,0.0,0.0
1784885379413703918,5725,1784885379413703918,vehicle,0.0,0.0,0.0,0.0,0.0,0.0
1784885379413703918,5726,1784885379413703918,vehicle,0.0,0.0,0.0,0.0,0.0,0.0
1784885379413703918,5727,1784885379413703918,vehicle,0.0,0.0,0.0,0.0,0.0,0.0
1784885379413703918,5728,1784885379413703918,vehicle,0.0,0.0,0.0,0.0,0.0,0.0
1784885379413703918,5729,1784885379413703918,vehicle,0.0,0.0,0.0,0.0,0.0,0.0
1784885379413703918,5730,1784885379413703918,vehicle,0.0,0.0,0.0,0.0,0.0,0.0
1784885379413703918,5731,1784885379413703918,vehicle,0.0,0.0,0.0,0.0,0.0,0.0
1784885379413703918,5732,1784885379413703918,vehicle,0.0,0.0,0.0,0.0,0.0,0.0
1784885379413703918,5733,1784885379413703918,vehicle,0.0,0.0,0.0,0.0,0.0,0.0
1784885379413703918,5734,1784885379413703918,vehicle,0.0,0.0,0.0,0.0,0.0,0.0
1784885379413703918,5735,1784885379413703918,vehicle,0.0,0.0,0.0,0.0,0.0,0.0
1784885379413703918,5736,1784885379413703918,vehicle,0.0,0.0,0.0,0.0,0.0,0.0
1784885379413703918,5737,1784885379413703918,vehicle,0.0,0.0,0.0,0.0,0.0,0.0
1784885379413703918,5738,1784885379413703918,vehicle,0.0,0.0,0.0,0.0,0.0,0.0
1784885379413703918,5739,1784885379413703918,vehicle,0.0,0.0,0.0,0.0,0.0,0.0
1784885379413703918,5740,1784885379413703918,vehicle,0.0,0.0,0.0,0.0,0.0,0.0
1784885379413703918,5741,1784885379413703918,vehicle,0.0,0.0,0.0,0.0,0.0,0.0
1784885379413703918,5742,1784885379413703918,vehicle,0.0,0.0,0.0,0.0,0.0,0.0
1784885379413703918,5743,1784885379413703918,vehicle,0.0,0.0,0.0,0.0,0.0,0.0
1784885379413703918,5744,1784885379413703918,vehicle,0.0,0.0,0.0,0.0,0.0,0.0
1784885379413703918,5745,1784885379413703918,vehicle,0.0,0.0,0.0,0.0,0.0,0.0
1784885379413703918,5746,1784885379413703918,vehicle,0.0,0.0,0.0,0.0,0.0,0.0
1784885379413703918,5747,1784885379413703918,vehicle,0.0,0.0,0.0,0.0,0.0,0.0
1784885379413703918,5748,1784885379413703918,vehicle,0.0,0.0,0.0,0.0,0.0,0.0
1784885379413703918,5749,1784885379413703918,vehicle,0.0,0.0,0.0,0.0,0.0,0.0
1784885379413703918,5750,1784885379413703918,vehicle,0.0,0.0,0.0,0.0,0.0,0.0
1784885379413703918,5751,1784885379413703918,vehicle,0.0,0.0,0.0,0.0,0.0,0.0
1784885379413703918,5752,1784885379413703918,vehicle,0.0,0.0,0.0,0.0,0.0,0.0
1784885379413703918,5753,1784885379413703918,vehicle,0.0,0.0,0.0,0.0,0.0,0.0
1784885379413703918,5754,1784885379413703918,vehicle,0.0,0.0,0.0,0.0,0.0,0.0
1784885379413703918,5755,1784885379413703918,vehicle,0.0,0.0,0.0,0.0,0.0,0.0
1784885379413703918,5756,1784885379413703918,vehicle,0.0,0.0,0.0,0.0,0.0,0.0
1784885379413703918,5757,1784885379413703918,vehicle,0.0,0.0,0.0,0.0,0.0,0.0
1784885379413703918,5758,1784885379413703918,vehicle,0.0,0.0,0.0,0.0,0.0,0.0
1784885379413703918,5759,1784885379413703918,vehicle,0.0,0.0,0.0,0.0,0.0,0.0
1784885379413703918,5760,1784885379413703918,vehicle,0.0,0.0,0.0,0.0,0.0,0.0
1784885379413703918,5761,1784885379413703918,vehicle,0.0,0.0,0.0,0.0,0.0,0.0
1784885379413703918,5762,1784885379413703918,vehicle,0.0,0.0,0.0,0.0,0.0,0.0
1784885379413703918,5763,1784885379413703918,vehicle,0.0,0.0,0.0,0.0,0.0,0.0
1784885379413703918,5764,1784885379413703918,vehicle,0.0,0.0,0.0,0.0,0.0,0.0
1784885379413703918,5765,1784885379413703918,vehicle,0.0,0.0,0.0,0.0,0.0,0.0
1784885379413703918,5766,1784885379413703918,vehicle,0.0,0.0,0.0,0.0,0.0,0.0
1784885379413703918,5767,1784885379413703918,vehicle,0.0,0.0,0.0,0.0,0.0,0.0
1784885379413703918,5768,1784885379413703918,vehicle,0.0,0.0,0.0,0.0,0.0,0.0
1784885379413703918,5769,1784885379413703918,vehicle,0.0,0.0,0.0,0.0,0.0,0.0
1784885379413703918,5770,1784885379413703918,vehicle,0.0,0.0,0.0,0.0,0.0,0.0
1784885379413703918,5771,1784885379413703918,vehicle,0.0,0.0,0.0,0.0,0.0,0.0
1784885379413703918,5772,1784885379413703918,vehicle,0.0,0.0,0.0,0.0,0.0,0.0
1784885379413703918,5773,1784885379413703918,vehicle,0.0,0.0,0.0,0.0,0.0,0.0
1784885379413703918,5774,1784885379413703918,vehicle,0.0,0.0,0.0,0.0,0.0,0.0
1784885379413703918,5775,1784885379413703918,vehicle,0.0,0.0,0.0,0.0,0.0,0.0
1784885379413703918,5776,1784885379413703918,vehicle,0.0,0.0,0.0,0.0,0.0,0.0
1784885379413703918,5777,1784885379413703918,vehicle,0.0,0.0,0.0,0.0,0.0,0.0
1784885379413703918,5778,1784885379413703918,vehicle,0.0,0.0,0.0,0.0,0.0,0.0
1784885379413703918,5779,1784885379413703918,vehicle,0.0,0.0,0.0,0.0,0.0,0.0
1784885379413703918,5780,1784885379413703918,vehicle,0.0,0.0,0.0,0.0,0.0,0.0
1784885379413703918,5781,1784885379413703918,vehicle,0.0,0.0,0.0,0.0,0.0,0.0
1784885379413703918,5782,1784885379413703918,vehicle,0.0,0.0,0.0,0.0,0.0,0.0
1784885379413703918,5783,1784885379413703918,vehicle,0.0,0.0,0.0,0.0,0.0,0.0
1784885379413703918,5784,1784885379413703918,vehicle,0.0,0.0,0.0,0.0,0.0,0.0
1784885379413703918,5785,1784885379413703918,vehicle,0.0,0.0,0.0,0.0,0.0,0.0
1784885379413703918,5786,1784885379413703918,vehicle,0.0,0.0,0.0,0.0,0.0,0.0
1784885379413703918,5787,1784885379413703918,vehicle,0.0,0.0,0.0,0.0,0.0,0.0
1784885379413703918,5788,1784885379413703918,vehicle,0.0,0.0,0.0,0.0,0.0,0.0
1784885379413703918,5789,1784885379413703918,vehicle,0.0,0.0,0.0,0.0,0.0,0.0
1784885379413703918,5790,1784885379413703918,vehicle,0.0,0.0,0.0,0.0,0.0,0.0
1784885379413703918,5791,1784885379413703918,vehicle,0.0,0.0,0.0,0.0,0.0,0.0
1784885379413703918,5792,1784885379413703918,vehicle,0.0,0.0,0.0,0.0,0.0,0.0
1784885379413703918,5793,1784885379413703918,vehicle,0.0,0.0,0.0,0.0,0.0,0.0
1784885379413703918,5794,1784885379413703918,vehicle,0.0,0.0,0.0,0.0,0.0,0.0
1784885379413703918,5795,1784885379413703918,vehicle,0.0,0.0,0.0,0.0,0.0,0.0
1784885379413703918,5796,1784885379413703918,vehicle,0.0,0.0,0.0,0.0,0.0,0.0
1784885379413703918,5797,1784885379413703918,vehicle,0.0,0.0,0.0,0.0,0.0,0.0
1784885379413703918,5798,1784885379413703918,vehicle,0.0,0.0,0.0,0.0,0.0,0.0
1784885379413703918,5799,1784885379413703918,vehicle,0.0,0.0,0.0,0.0,0.0,0.0
1784885379413703918,5800,1784885379413703918,vehicle,0.0,0.0,0.0,0.0,0.0,0.0
1784885379413703918,5801,1784885379413703918,vehicle,0.0,0.0,0.0,0.0,0.0,0.0
1784885379413703918,5802,1784885379413703918,vehicle,0.0,0.0,0.0,0.0,0.0,0.0
1784885379413703918,5803,1784885379413703918,vehicle,0.0,0.0,0.0,0.0,0.0,0.0
1784885379413703918,5804,1784885379413703918,vehicle,0.0,0.0,0.0,0.0,0.0,0.0
1784885379413703918,5805,1784885379413703918,vehicle,0.0,0.0,0.0,0.0,0.0,0.0
1784885379413703918,5806,1784885379413703918,vehicle,0.0,0.0,0.0,0.0,0.0,0.0
1784885379413703918,5807,1784885379413703918,vehicle,0.0,0.0,0.0,0.0,0.0,0.0
1784885379413703918,5808,1784885379413703918,vehicle,0.0,0.0,0.0,0.0,0.0,0.0
1784885379413703918,5809,1784885379413703918,vehicle,0.0,0.0,0.0,0.0,0.0,0.0
1784885379413703918,5810,1784885379413703918,vehicle,0.0,0.0,0.0,0.0,0.0,0.0
1784885379413703918,5811,1784885379413703918,vehicle,0.0,0.0,0.0,0.0,0.0,0.0
1784885379413703918,5812,1784885379413703918,vehicle,0.0,0.0,0.0,0.0,0.0,0.0
1784885379413703918,5813,1784885379413703918,vehicle,0.0,0.0,0.0,0.0,0.0,0.0
1784885379413703918,5814,1784885379413703918,vehicle,0.0,0.0,0.0,0.0,0.0,0.0
1784885379413703918,5815,1784885379413703918,vehicle,0.0,0.0,0.0,0.0,0.0,0.0
1784885379413703918,5816,1784885379413703918,vehicle,0.0,0.0,0.0,0.0,0.0,0.0
1784885379413703918,5817,1784885379413703918,vehicle,0.0,0.0,0.0,0.0,0.0,0.0
1784885379413703918,5818,1784885379413703918,vehicle,0.0,0.0,0.0,0.0,0.0,0.0
1784885379413703918,5819,1784885379413703918,vehicle,0.0,0.0,0.0,0.0,0.0,0.0
1784885379413703918,5820,1784885379413703918,vehicle,0.0,0.0,0.0,0.0,0.0,0.0
1784885379413703918,5821,1784885379413703918,vehicle,0.0,0.0,0.0,0.0,0.0,0.0
1784885379413703918,5822,1784885379413703918,vehicle,0.0,0.0,0.0,0.0,0.0,0.0
1784885379413703918,5823,1784885379413703918,vehicle,0.0,0.0,0.0,0.0,0.0,0.0
1784885379413703918,5824,1784885379413703918,vehicle,0.0,0.0,0.0,0.0,0.0,0.0
1784885379413703918,5825,1784885379413703918,vehicle,0.0,0.0,0.0,0.0,0.0,0.0
1784885379413703918,5826,1784885379413703918,vehicle,0.0,0.0,0.0,0.0,0.0,0.0
1784885379413703918,5827,1784885379413703918,vehicle,0.0,0.0,0.0,0.0,0.0,0.0
1784885379413703918,5828,1784885379413703918,vehicle,0.0,0.0,0.0,0.0,0.0,0.0
1784885379413703918,5829,1784885379413703918,vehicle,0.0,0.0,0.0,0.0,0.0,0.0
1784885379413703918,5830,1784885379413703918,vehicle,0.0,0.0,0.0,0.0,0.0,0.0
1784885379413703918,5831,1784885379413703918,vehicle,0.0,0.0,0.0,0.0,0.0,0.0
1784885379413703918,5832,1784885379413703918,vehicle,0.0,0.0,0.0,0.0,0.0,0.0
1784885379413703918,5833,1784885379413703918,vehicle,0.0,0.0,0.0,0.0,0.0,0.0
1784885379413703918,5834,1784885379413703918,vehicle,0.0,0.0,0.0,0.0,0.0,0.0
1784885379413703918,5835,1784885379413703918,vehicle,0.0,0.0,0.0,0.0,0.0,0.0
1784885379413703918,5836,1784885379413703918,vehicle,0.0,0.0,0.0,0.0,0.0,0.0
1784885379413703918,5837,1784885379413703918,vehicle,0.0,0.0,0.0,0.0,0.0,0.0
1784885379413703918,5838,1784885379413703918,vehicle,0.0,0.0,0.0,0.0,0.0,0.0
1784885379413703918,5839,1784885379413703918,vehicle,0.0,0.0,0.0,0.0,0.0,0.0
1784885379413703918,5840,1784885379413703918,vehicle,0.0,0.0,0.0,0.0,0.0,0.0
1784885379413703918,5841,1784885379413703918,vehicle,0.0,0.0,0.0,0.0,0.0,0.0
1784885379413703918,5842,1784885379413703918,vehicle,0.0,0.0,0.0,0.0,0.0,0.0
1784885379413703918,5843,1784885379413703918,vehicle,0.0,0.0,0.0,0.0,0.0,0.0
1784885379413703918,5844,1784885379413703918,vehicle,0.0,0.0,0.0,0.0,0.0,0.0
1784885379413703918,5845,1784885379413703918,vehicle,0.0,0.0,0.0,0.0,0.0,0.0
1784885379413703918,5846,1784885379413703918,vehicle,0.0,0.0,0.0,0.0,0.0,0.0
1784885379413703918,5847,1784885379413703918,vehicle,0.0,0.0,0.0,0.0,0.0,0.0
1784885379413703918,5848,1784885379413703918,vehicle,0.0,0.0,0.0,0.0,0.0,0.0
1784885379413703918,5849,1784885379413703918,vehicle,0.0,0.0,0.0,0.0,0.0,0.0
1784885379413703918,5850,1784885379413703918,vehicle,0.0,0.0,0.0,0.0,0.0,0.0
1784885379413703918,5851,1784885379413703918,vehicle,0.0,0.0,0.0,0.0,0.0,0.0
1784885379413703918,5852,1784885379413703918,vehicle,0.0,0.0,0.0,0.0,0.0,0.0
1784885379413703918,5853,1784885379413703918,vehicle,0.0,0.0,0.0,0.0,0.0,0.0
1784885379413703918,5854,1784885379413703918,vehicle,0.0,0.0,0.0,0.0,0.0,0.0
1784885379413703918,5855,1784885379413703918,vehicle,0.0,0.0,0.0,0.0,0.0,0.0
1784885379413703918,5856,1784885379413703918,vehicle,0.0,0.0,0.0,0.0,0.0,0.0
1784885379413703918,5857,1784885379413703918,vehicle,0.0,0.0,0.0,0.0,0.0,0.0
1784885379413703918,5858,1784885379413703918,vehicle,0.0,0.0,0.0,0.0,0.0,0.0
1784885379413703918,5859,1784885379413703918,vehicle,0.0,0.0,0.0,0.0,0.0,0.0
1784885379413703918,5860,1784885379413703918,vehicle,0.0,0.0,0.0,0.0,0.0,0.0
1784885379413703918,5861,1784885379413703918,vehicle,0.0,0.0,0.0,0.0,0.0,0.0
1784885379413703918,5862,1784885379413703918,vehicle,0.0,0.0,0.0,0.0,0.0,0.0
1784885379413703918,5863,1784885379413703918,vehicle,0.0,0.0,0.0,0.0,0.0,0.0
1784885379413703918,5864,1784885379413703918,vehicle,0.0,0.0,0.0,0.0,0.0,0.0
1784885379413703918,5865,1784885379413703918,vehicle,0.0,0.0,0.0,0.0,0.0,0.0
1784885379413703918,5866,1784885379413703918,vehicle,0.0,0.0,0.0,0.0,0.0,0.0
1784885379413703918,5867,1784885379413703918,vehicle,0.0,0.0,0.0,0.0,0.0,0.0
1784885379413703918,5868,1784885379413703918,vehicle,0.0,0.0,0.0,0.0,0.0,0.0
1784885379413703918,5869,1784885379413703918,vehicle,0.0,0.0,0.0,0.0,0.0,0.0
1784885379413703918,5870,1784885379413703918,vehicle,0.0,0.0,0.0,0.0,0.0,0.0
1784885379413703918,5871,1784885379413703918,vehicle,0.0,0.0,0.0,0.0,0.0,0.0
1784885379413703918,5872,1784885379413703918,vehicle,0.0,0.0,0.0,0.0,0.0,0.0
1784885379413703918,5873,1784885379413703918,vehicle,0.0,0.0,0.0,0.0,0.0,0.0
1784885379413703918,5874,1784885379413703918,vehicle,0.0,0.0,0.0,0.0,0.0,0.0
1784885379413703918,5875,1784885379413703918,vehicle,0.0,0.0,0.0,0.0,0.0,0.0
1784885379413703918,5876,1784885379413703918,vehicle,0.0,0.0,0.0,0.0,0.0,0.0
1784885379413703918,5877,1784885379413703918,vehicle,0.0,0.0,0.0,0.0,0.0,0.0
1784885379413703918,5878,1784885379413703918,vehicle,0.0,0.0,0.0,0.0,0.0,0.0
1784885379413703918,5879,1784885379413703918,vehicle,0.0,0.0,0.0,0.0,0.0,0.0
1784885379413703918,5880,1784885379413703918,vehicle,0.0,0.0,0.0,0.0,0.0,0.0
1784885379413703918,5881,1784885379413703918,vehicle,0.0,0.0,0.0,0.0,0.0,0.0
1784885379413703918,5882,1784885379413703918,vehicle,0.0,0.0,0.0,0.0,0.0,0.0
1784885379413703918,5883,1784885379413703918,vehicle,0.0,0.0,0.0,0.0,0.0,0.0
1784885379413703918,5884,1784885379413703918,vehicle,0.0,0.0,0.0,0.0,0.0,0.0
1784885379413703918,5885,1784885379413703918,vehicle,0.0,0.0,0.0,0.0,0.0,0.0
1784885379413703918,5886,1784885379413703918,vehicle,0.0,0.0,0.0,0.0,0.0,0.0
1784885379413703918,5887,1784885379413703918,vehicle,0.0,0.0,0.0,0.0,0.0,0.0
1784885379413703918,5888,1784885379413703918,vehicle,0.0,0.0,0.0,0.0,0.0,0.0
1784885379413703918,5889,1784885379413703918,vehicle,0.0,0.0,0.0,0.0,0.0,0.0
1784885379413703918,5890,1784885379413703918,vehicle,0.0,0.0,0.0,0.0,0.0,0.0
1784885379413703918,5891,1784885379413703918,vehicle,0.0,0.0,0.0,0.0,0.0,0.0
1784885379413703918,5892,1784885379413703918,vehicle,0.0,0.0,0.0,0.0,0.0,0.0
1784885379413703918,5893,1784885379413703918,vehicle,0.0,0.0,0.0,0.0,0.0,0.0
1784885379413703918,5894,1784885379413703918,vehicle,0.0,0.0,0.0,0.0,0.0,0.0
1784885379413703918,5895,1784885379413703918,vehicle,0.0,0.0,0.0,0.0,0.0,0.0
1784885379413703918,5896,1784885379413703918,vehicle,0.0,0.0,0.0,0.0,0.0,0.0
1784885379413703918,5897,1784885379413703918,vehicle,0.0,0.0,0.0,0.0,0.0,0.0
1784885379413703918,5898,1784885379413703918,vehicle,0.0,0.0,0.0,0.0,0.0,0.0
1784885379413703918,5899,1784885379413703918,vehicle,0.0,0.0,0.0,0.0,0.0,0.0
1784885379413703918,5900,1784885379413703918,vehicle,0.0,0.0,0.0,0.0,0.0,0.0
1784885379413703918,5901,1784885379413703918,vehicle,0.0,0.0,0.0,0.0,0.0,0.0
1784885379413703918,5902,1784885379413703918,vehicle,0.0,0.0,0.0,0.0,0.0,0.0
1784885379413703918,5903,1784885379413703918,vehicle,0.0,0.0,0.0,0.0,0.0,0.0
1784885379413703918,5904,1784885379413703918,vehicle,0.0,0.0,0.0,0.0,0.0,0.0
1784885379413703918,5905,1784885379413703918,vehicle,0.0,0.0,0.0,0.0,0.0,0.0
1784885379413703918,5906,1784885379413703918,vehicle,0.0,0.0,0.0,0.0,0.0,0.0
1784885379413703918,5907,1784885379413703918,vehicle,0.0,0.0,0.0,0.0,0.0,0.0
1784885379413703918,5908,1784885379413703918,vehicle,0.0,0.0,0.0,0.0,0.0,0.0
1784885379413703918,5909,1784885379413703918,vehicle,0.0,0.0,0.0,0.0,0.0,0.0
1784885379413703918,5910,1784885379413703918,vehicle,0.0,0.0,0.0,0.0,0.0,0.0
1784885379413703918,5911,1784885379413703918,vehicle,0.0,0.0,0.0,0.0,0.0,0.0
1784885379413703918,5912,1784885379413703918,vehicle,0.0,0.0,0.0,0.0,0.0,0.0
1784885379413703918,5913,1784885379413703918,vehicle,0.0,0.0,0.0,0.0,0.0,0.0
1784885379413703918,5914,1784885379413703918,vehicle,0.0,0.0,0.0,0.0,0.0,0.0
1784885379413703918,5915,1784885379413703918,vehicle,0.0,0.0,0.0,0.0,0.0,0.0
1784885379413703918,5916,1784885379413703918,vehicle,0.0,0.0,0.0,0.0,0.0,0.0
1784885379413703918,5917,1784885379413703918,vehicle,0.0,0.0,0.0,0.0,0.0,0.0
1784885379413703918,5918,1784885379413703918,vehicle,0.0,0.0,0.0,0.0,0.0,0.0
1784885379413703918,5919,1784885379413703918,vehicle,0.0,0.0,0.0,0.0,0.0,0.0
1784885379413703918,5920,1784885379413703918,vehicle,0.0,0.0,0.0,0.0,0.0,0.0
1784885379413703918,5921,1784885379413703918,vehicle,0.0,0.0,0.0,0.0,0.0,0.0
1784885379413703918,5922,1784885379413703918,vehicle,0.0,0.0,0.0,0.0,0.0,0.0
1784885379413703918,5923,1784885379413703918,vehicle,0.0,0.0,0.0,0.0,0.0,0.0
1784885379413703918,5924,1784885379413703918,vehicle,0.0,0.0,0.0,0.0,0.0,0.0
1784885379413703918,5925,1784885379413703918,vehicle,0.0,0.0,0.0,0.0,0.0,0.0
1784885379413703918,5926,1784885379413703918,vehicle,0.0,0.0,0.0,0.0,0.0,0.0
1784885379413703918,5927,1784885379413703918,vehicle,0.0,0.0,0.0,0.0,0.0,0.0
1784885379413703918,5928,1784885379413703918,vehicle,0.0,0.0,0.0,0.0,0.0,0.0
1784885379413703918,5929,1784885379413703918,vehicle,0.0,0.0,0.0,0.0,0.0,0.0
1784885379413703918,5930,1784885379413703918,vehicle,0.0,0.0,0.0,0.0,0.0,0.0
1784885379413703918,5931,1784885379413703918,vehicle,0.0,0.0,0.0,0.0,0.0,0.0
1784885379413703918,5932,1784885379413703918,vehicle,0.0,0.0,0.0,0.0,0.0,0.0
1784885379413703918,5933,1784885379413703918,vehicle,0.0,0.0,0.0,0.0,0.0,0.0
1784885379413703918,5934,1784885379413703918,vehicle,0.0,0.0,0.0,0.0,0.0,0.0
1784885379413703918,5935,1784885379413703918,vehicle,0.0,0.0,0.0,0.0,0.0,0.0
1784885379413703918,5936,1784885379413703918,vehicle,0.0,0.0,0.0,0.0,0.0,0.0
1784885379413703918,5937,1784885379413703918,vehicle,0.0,0.0,0.0,0.0,0.0,0.0
1784885379413703918,5938,1784885379413703918,vehicle,0.0,0.0,0.0,0.0,0.0,0.0
1784885379413703918,5939,1784885379413703918,vehicle,0.0,0.0,0.0,0.0,0.0,0.0
1784885379413703918,5940,1784885379413703918,vehicle,0.0,0.0,0.0,0.0,0.0,0.0
1784885379413703918,5941,1784885379413703918,vehicle,0.0,0.0,0.0,0.0,0.0,0.0
1784885379413703918,5942,1784885379413703918,vehicle,0.0,0.0,0.0,0.0,0.0,0.0
1784885379413703918,5943,1784885379413703918,vehicle,0.0,0.0,0.0,0.0,0.0,0.0
1784885379413703918,5944,1784885379413703918,vehicle,0.0,0.0,0.0,0.0,0.0,0.0
1784885379413703918,5945,1784885379413703918,vehicle,0.0,0.0,0.0,0.0,0.0,0.0
1784885379413703918,5946,1784885379413703918,vehicle,0.0,0.0,0.0,0.0,0.0,0.0
1784885379413703918,5947,1784885379413703918,vehicle,0.0,0.0,0.0,0.0,0.0,0.0
1784885379413703918,5948,1784885379413703918,vehicle,0.0,0.0,0.0,0.0,0.0,0.0
1784885379413703918,5949,1784885379413703918,vehicle,0.0,0.0,0.0,0.0,0.0,0.0
1784885379413703918,5950,1784885379413703918,vehicle,0.0,0.0,0.0,0.0,0.0,0.0
1784885379413703918,5951,1784885379413703918,vehicle,0.0,0.0,0.0,0.0,0.0,0.0
1784885379413703918,5952,1784885379413703918,vehicle,0.0,0.0,0.0,0.0,0.0,0.0
1784885379413703918,5953,1784885379413703918,vehicle,0.0,0.0,0.0,0.0,0.0,0.0
1784885379413703918,5954,1784885379413703918,vehicle,0.0,0.0,0.0,0.0,0.0,0.0
1784885379413703918,5955,1784885379413703918,vehicle,0.0,0.0,0.0,0.0,0.0,0.0
1784885379413703918,5956,1784885379413703918,vehicle,0.0,0.0,0.0,0.0,0.0,0.0
1784885379413703918,5957,1784885379413703918,vehicle,0.0,0.0,0.0,0.0,0.0,0.0
1784885379413703918,5958,1784885379413703918,vehicle,0.0,0.0,0.0,0.0,0.0,0.0
1784885379413703918,5959,1784885379413703918,vehicle,0.0,0.0,0.0,0.0,0.0,0.0
1784885379413703918,5960,1784885379413703918,vehicle,0.0,0.0,0.0,0.0,0.0,0.0
1784885379413703918,5961,1784885379413703918,vehicle,0.0,0.0,0.0,0.0,0.0,0.0
1784885379413703918,5962,1784885379413703918,vehicle,0.0,0.0,0.0,0.0,0.0,0.0
1784885379413703918,5963,1784885379413703918,vehicle,0.0,0.0,0.0,0.0,0.0,0.0
1784885379413703918,5964,1784885379413703918,vehicle,0.0,0.0,0.0,0.0,0.0,0.0
1784885379413703918,5965,1784885379413703918,vehicle,0.0,0.0,0.0,0.0,0.0,0.0
1784885379413703918,5966,1784885379413703918,vehicle,0.0,0.0,0.0,0.0,0.0,0.0
1784885379413703918,5967,1784885379413703918,vehicle,0.0,0.0,0.0,0.0,0.0,0.0
1784885379413703918,5968,1784885379413703918,vehicle,0.0,0.0,0.0,0.0,0.0,0.0
1784885379413703918,5969,1784885379413703918,vehicle,0.0,0.0,0.0,0.0,0.0,0.0
1784885379413703918,5970,1784885379413703918,vehicle,0.0,0.0,0.0,0.0,0.0,0.0
1784885379413703918,5971,1784885379413703918,vehicle,0.0,0.0,0.0,0.0,0.0,0.0
1784885379413703918,5972,1784885379413703918,vehicle,0.0,0.0,0.0,0.0,0.0,0.0
1784885379413703918,5973,1784885379413703918,vehicle,0.0,0.0,0.0,0.0,0.0,0.0
1784885379413703918,5974,1784885379413703918,vehicle,0.0,0.0,0.0,0.0,0.0,0.0
1784885379413703918,5975,1784885379413703918,vehicle,0.0,0.0,0.0,0.0,0.0,0.0
1784885379413703918,5976,1784885379413703918,vehicle,0.0,0.0,0.0,0.0,0.0,0.0
1784885379413703918,5977,1784885379413703918,vehicle,0.0,0.0,0.0,0.0,0.0,0.0
1784885379413703918,5978,1784885379413703918,vehicle,0.0,0.0,0.0,0.0,0.0,0.0
1784885379413703918,5979,1784885379413703918,vehicle,0.0,0.0,0.0,0.0,0.0,0.0
1784885379413703918,5980,1784885379413703918,vehicle,0.0,0.0,0.0,0.0,0.0,0.0
1784885379413703918,5981,1784885379413703918,vehicle,0.0,0.0,0.0,0.0,0.0,0.0
1784885379413703918,5982,1784885379413703918,vehicle,0.0,0.0,0.0,0.0,0.0,0.0
1784885379413703918,5983,1784885379413703918,vehicle,0.0,0.0,0.0,0.0,0.0,0.0
1784885379413703918,5984,1784885379413703918,vehicle,0.0,0.0,0.0,0.0,0.0,0.0
1784885379413703918,5985,1784885379413703918,vehicle,0.0,0.0,0.0,0.0,0.0,0.0
1784885379413703918,5986,1784885379413703918,vehicle,0.0,0.0,0.0,0.0,0.0,0.0
1784885379413703918,5987,1784885379413703918,vehicle,0.0,0.0,0.0,0.0,0.0,0.0
1784885379413703918,5988,1784885379413703918,vehicle,0.0,0.0,0.0,0.0,0.0,0.0
1784885379413703918,5989,1784885379413703918,vehicle,0.0,0.0,0.0,0.0,0.0,0.0
1784885379413703918,5990,1784885379413703918,vehicle,0.0,0.0,0.0,0.0,0.0,0.0
1784885379413703918,5991,1784885379413703918,vehicle,0.0,0.0,0.0,0.0,0.0,0.0
1784885379413703918,5992,1784885379413703918,vehicle,0.0,0.0,0.0,0.0,0.0,0.0
1784885379413703918,5993,1784885379413703918,vehicle,0.0,0.0,0.0,0.0,0.0,0.0
1784885379413703918,5994,1784885379413703918,vehicle,0.0,0.0,0.0,0.0,0.0,0.0
1784885379413703918,5995,1784885379413703918,vehicle,0.0,0.0,0.0,0.0,0.0,0.0
1784885379413703918,5996,1784885379413703918,vehicle,0.0,0.0,0.0,0.0,0.0,0.0
1784885379413703918,5997,1784885379413703918,vehicle,0.0,0.0,0.0,0.0,0.0,0.0
1784885379413703918,5998,1784885379413703918,vehicle,0.0,0.0,0.0,0.0,0.0,0.0
1784885379413703918,5999,1784885379413703918,vehicle,0.0,0.0,0.0,0.0,0.0,0.0
1784885379413703918,6000,1784885379413703918,vehicle,0.0,0.0,0.0,0.0,0.0,0.0
1784885379413703918,6001,1784885379413703918,vehicle,0.0,0.0,0.0,0.0,0.0,0.0
1784885379413703918,6002,1784885379413703918,vehicle,0.0,0.0,0.0,0.0,0.0,0.0
1784885379413703918,6003,1784885379413703918,vehicle,0.0,0.0,0.0,0.0,0.0,0.0
1784885379413703918,6004,1784885379413703918,vehicle,0.0,0.0,0.0,0.0,0.0,0.0
1784885379413703918,6005,1784885379413703918,vehicle,0.0,0.0,0.0,0.0,0.0,0.0
1784885379413703918,6006,1784885379413703918,vehicle,0.0,0.0,0.0,0.0,0.0,0.0
1784885379413703918,6007,1784885379413703918,vehicle,0.0,0.0,0.0,0.0,0.0,0.0
1784885379413703918,6008,1784885379413703918,vehicle,0.0,0.0,0.0,0.0,0.0,0.0
1784885379413703918,6009,1784885379413703918,vehicle,0.0,0.0,0.0,0.0,0.0,0.0
1784885379413703918,6010,1784885379413703918,vehicle,0.0,0.0,0.0,0.0,0.0,0.0
1784885379413703918,6011,1784885379413703918,vehicle,0.0,0.0,0.0,0.0,0.0,0.0
1784885379413703918,6012,1784885379413703918,vehicle,0.0,0.0,0.0,0.0,0.0,0.0
1784885379413703918,6013,1784885379413703918,vehicle,0.0,0.0,0.0,0.0,0.0,0.0
1784885379413703918,6014,1784885379413703918,vehicle,0.0,0.0,0.0,0.0,0.0,0.0
1784885379413703918,6015,1784885379413703918,vehicle,0.0,0.0,0.0,0.0,0.0,0.0
1784885379413703918,6016,1784885379413703918,vehicle,0.0,0.0,0.0,0.0,0.0,0.0
1784885379413703918,6017,1784885379413703918,vehicle,0.0,0.0,0.0,0.0,0.0,0.0
1784885379413703918,6018,1784885379413703918,vehicle,0.0,0.0,0.0,0.0,0.0,0.0
1784885379413703918,6019,1784885379413703918,vehicle,0.0,0.0,0.0,0.0,0.0,0.0
1784885379413703918,6020,1784885379413703918,vehicle,0.0,0.0,0.0,0.0,0.0,0.0
1784885379413703918,6021,1784885379413703918,vehicle,0.0,0.0,0.0,0.0,0.0,0.0
1784885379413703918,6022,1784885379413703918,vehicle,0.0,0.0,0.0,0.0,0.0,0.0
1784885379413703918,6023,1784885379413703918,vehicle,0.0,0.0,0.0,0.0,0.0,0.0
1784885379413703918,6024,1784885379413703918,vehicle,0.0,0.0,0.0,0.0,0.0,0.0
1784885379413703918,6025,1784885379413703918,vehicle,0.0,0.0,0.0,0.0,0.0,0.0
1784885379413703918,6026,1784885379413703918,vehicle,0.0,0.0,0.0,0.0,0.0,0.0
1784885379413703918,6027,1784885379413703918,vehicle,0.0,0.0,0.0,0.0,0.0,0.0
1784885379413703918,6028,1784885379413703918,vehicle,0.0,0.0,0.0,0.0,0.0,0.0
1784885379413703918,6029,1784885379413703918,vehicle,0.0,0.0,0.0,0.0,0.0,0.0
1784885379413703918,6030,1784885379413703918,vehicle,0.0,0.0,0.0,0.0,0.0,0.0
1784885379413703918,6031,1784885379413703918,vehicle,0.0,0.0,0.0,0.0,0.0,0.0
1784885379413703918,6032,1784885379413703918,vehicle,0.0,0.0,0.0,0.0,0.0,0.0
1784885379413703918,6033,1784885379413703918,vehicle,0.0,0.0,0.0,0.0,0.0,0.0
1784885379413703918,6034,1784885379413703918,vehicle,0.0,0.0,0.0,0.0,0.0,0.0
1784885379413703918,6035,1784885379413703918,vehicle,0.0,0.0,0.0,0.0,0.0,0.0
1784885379413703918,6036,1784885379413703918,vehicle,0.0,0.0,0.0,0.0,0.0,0.0
1784885379413703918,6037,1784885379413703918,vehicle,0.0,0.0,0.0,0.0,0.0,0.0
1784885379413703918,6038,1784885379413703918,vehicle,0.0,0.0,0.0,0.0,0.0,0.0
1784885379413703918,6039,1784885379413703918,vehicle,0.0,0.0,0.0,0.0,0.0,0.0
1784885379413703918,6040,1784885379413703918,vehicle,0.0,0.0,0.0,0.0,0.0,0.0
1784885379413703918,6041,1784885379413703918,vehicle,0.0,0.0,0.0,0.0,0.0,0.0
1784885379413703918,6042,1784885379413703918,vehicle,0.0,0.0,0.0,0.0,0.0,0.0
1784885379413703918,6043,1784885379413703918,vehicle,0.0,0.0,0.0,0.0,0.0,0.0
1784885379413703918,6044,1784885379413703918,vehicle,0.0,0.0,0.0,0.0,0.0,0.0
1784885379413703918,6045,1784885379413703918,vehicle,0.0,0.0,0.0,0.0,0.0,0.0
1784885379413703918,6046,1784885379413703918,vehicle,0.0,0.0,0.0,0.0,0.0,0.0
1784885379413703918,6047,1784885379413703918,vehicle,0.0,0.0,0.0,0.0,0.0,0.0
