rtf,sim_time,wall_time
,2.0208,107016.455991346
4.115988673517462,2.021,107016.456039937
1.2254451342260932,2.0212,107016.456203143
1.0228034171001983,2.0214,107016.456398684
1.279033970894542,2.0216,107016.456555052
1.1396660752308465,2.0218,107016.456730542
1.0240550719312882,2.022,107016.456925844
1.4135674034499581,2.0222,107016.45706733
0.7853824575514228,2.0224,107016.457321983
1.388898524263717,2.0226,107016.457465982
0.7840954378293266,2.0228,107016.457721053
0.9913307914563201,2.023,107016.457922802
1.312723557950967,2.0232,107016.458075157
1.0254622596721277,2.0234,107016.458270191
1.0142450224165418,2.0236,107016.458467382
0.819893946721669,2.0238,107016.458711316
1.1628650752507774,2.024,107016.458883305
1.1475061170205063,2.0242,107016.459057596
1.0028481386531645,2.0244,107016.459257028
0.9905157500841762,2.0246,107016.459458943
0.9924179777480119,2.0248,107016.459660471
0.984450544499594,2.025,107016.45986363
1.0356201604468818,2.0252,107016.460056751
0.9955499323231307,2.0254,107016.460257645
0.9928120515470502,2.0256,107016.460459093
0.9874300254725324,2.0258,107016.460661639
0.9845717031908122,2.026,107016.460864773
1.0498357516426726,2.0262000000000002,107016.461055279
0.9423116544831748,2.0264,107016.461267523
1.0094128128980266,2.0266,107016.461465658
0.9445099834172421,2.0268,107016.461677408
1.0056821287957938,2.027,107016.461876278
1.110728564545223,2.0272,107016.46205634
0.9966760301939506,2.0274,107016.462257007
0.9901774960853316,2.0276,107016.462458991
0.9861252149773991,2.0278,107016.462661805
0.9891587794878464,2.028,107016.462863997
1.0056618922874414,2.0282,107016.463062871
1.0205643611814346,2.0284,107016.463258841
0.9968599359926394,2.0286,107016.463459471
0.9879909268041152,2.0288,107016.463661902
0.9867041852972266,2.029,107016.463864597
1.0443264124803493,2.0292,107016.464056108
0.9940950814050644,2.0294,107016.464257296
0.9870889128112811,2.0296,107016.464459912
0.942738059442782,2.0298,107016.46467206
1.005429341290884,2.03,107016.46487098
1.069467213678086,2.0302,107016.465057989
1.00350223392871,2.0304,107016.465257291
0.9238984824662635,2.0306,107016.465473765
1.0242280781327493,2.0308,107016.465669034
0.9929697830577493,2.031,107016.46587045
1.0159194959864433,2.0312,107016.466067316
0.9970337835687876,2.0314,107016.466267911
0.9978048233600845,2.0316,107016.466468351
0.989183340827967,2.0318,107016.466670538
0.9940753085189074,2.032,107016.46687173
1.0159091330363605,2.0322,107016.467068598
0.9979442183271183,2.0324,107016.46726901
0.9508189147436364,2.0326,107016.467479355
1.0061981772474697,2.0328,107016.467678123
0.987361713148727,2.033,107016.467880683
1.070709707945693,2.0332,107016.468067475
0.9989510604885671,2.0334,107016.468267685
0.9998550364442432,2.0336,107016.468467714
0.9931275646951219,2.0338,107016.468669098
0.9890071669167737,2.034,107016.468871321
1.086590416110888,2.0342,107016.469055383
0.9851828875948232,2.0344,107016.469258391
0.9961200991372078,2.0346,107016.46945917
0.9880397216845808,2.0348,107016.469661591
0.991468454824503,2.035,107016.469863312
1.0289812212640532,2.0352,107016.470057679
0.9858627855052453,2.0354,107016.470260547
0.9893006825534579,2.0356,107016.47046271
0.9923342137766182,2.0358,107016.470664255
0.9928268255412487,2.036,107016.4708657
1.0536630400110953,2.0362,107016.471055514
0.9862079339682325,2.0364,107016.471258311
0.9906040624156296,2.0366,107016.471460208
0.9418989968191126,2.0368,107016.471672545
1.010861723316014,2.037,107016.471870396
0.9905305272026795,2.0372,107016.472072308
1.0167406428446766,2.0374,107016.472269015
0.9385309030040652,2.0376,107016.472482114
1.0153469221137497,2.0378,107016.472679091
0.9385353252047948,2.038,107016.472892189
1.2093434235201916,2.0382,107016.473057568
0.9901578074025381,2.0384,107016.473259556
0.9525533702999365,2.0386,107016.473469518
1.0041420698838583,2.0388,107016.473668693
0.9948664779126586,2.039,107016.473869725
0.7244670770956327,2.0392,107016.47414579
1.8426386597756435,2.0394,107016.47425433
1.0596756235432423,2.0396,107016.474443067
1.0009960035016545,2.0398,107016.474642868
0.9794606972509461,2.04,107016.474847062
1.0867674965797864,2.0402,107016.475031094
0.990638477789822,2.0404,107016.475232984
0.9877372285048364,2.0406,107016.475435467
0.9897364005408511,2.0408,107016.475637541
0.9892762578007399,2.041,107016.475839709
0.9600476553848672,2.0412,107016.476048032
1.0258304144910761,2.0414,107016.476242996
0.9879616663928009,2.0416,107016.476445433
0.9909476807652221,2.0418,107016.47664726
0.9886356635622536,2.042,107016.476849559
0.9601950800385343,2.0422,107016.47705785
1.0721044357511331,2.0424,107016.477244399
0.9787464520490335,2.0426,107016.477448742
0.9960010620419385,2.0428,107016.477649545
0.9938530435063847,2.043,107016.477850782
1.1115804569661247,2.0432,107016.478030706
0.9878982511105304,2.0434,107016.478233156
0.989697272831709,2.0436,107016.478435238
0.9855760412555696,2.0438,107016.478638165
0.9873081623291288,2.044,107016.478840736
1.0506961180212335,2.0442,107016.479031086
0.9881569343203153,2.0444,107016.479233483
0.9951684541940606,2.0446,107016.479434454
0.9809932780462958,2.0448,107016.479638329
0.9381126487201078,2.045,107016.479851523
0.8571404287355328,2.0452,107016.480084857
1.2764219779916286,2.0454,107016.480241545
0.9979342913061273,2.0456,107016.480441959
1.0018533660968378,2.0458,107016.480641589
0.9808297385501127,2.046,107016.480845498
1.052243905563337,2.0462,107016.481035568
0.9930091699596113,2.0464,107016.481236976
0.9866992975240857,2.0466,107016.481439672
0.9892469212081203,2.0468,107016.481641846
0.9885280779066238,2.047,107016.481844167
1.0599845495276992,2.0472,107016.482032849
0.9856829852708326,2.0474,107016.482235754
0.9961498448069124,2.0476,107016.482436527
0.9905354530068274,2.0478,107016.482638438
0.9669356256297361,2.048,107016.482845277
1.0583242717630548,2.0482,107016.483034255
0.9950397028641772,2.0484,107016.483235252
0.9869232639201464,2.0486,107016.483437902
0.9832842090893159,2.0488,107016.483641302
0.9948763439925875,2.049,107016.483842332
1.0580219325058227,2.0492,107016.484031364
0.9880983955643424,2.0494,107016.484233773
0.9861787083083381,2.0496,107016.484436576
0.9893153522266234,2.0498,107016.484638736
0.9833373242745854,2.05,107016.484842125
1.0513478680017871,2.0502,107016.485032357
0.9951734262341622,2.0504,107016.485233327
0.9862710616458555,2.0506,107016.485436111
0.9837146423645753,2.0508,107016.485639422
0.9882985500648495,2.051,107016.48584179
1.0551026930579324,2.0512,107016.486031345
0.9867090731187923,2.0514,107016.486234039
0.9805843915945132,2.0516,107016.486437999
0.5765915372129023,2.0518,107016.486784865
1.0691185544509778,2.052,107016.486971935
1.0635356210304074,2.0522,107016.487159987
1.0438903125419914,2.0524,107016.487351578
1.0238139376224455,2.0526,107016.487546926
1.0306994138601244,2.0528,107016.487740969
1.8591505964299662,2.053,107016.487848545
1.067218782696519,2.0532,107016.488035948
1.0125659139603054,2.0534,107016.488233466
0.9863489915895947,2.0536,107016.488436234
0.692146870574826,2.0538,107016.48872519
1.6366210742287242,2.054,107016.488847393
1.0711168346260236,2.0542,107016.489034114
1.0031800954238892,2.0544,107016.48923348
0.9275878252110629,2.0546,107016.489449093
1.0032203697329152,2.0548,107016.489648451
0.944568015407798,2.055,107016.489860188
1.177752253950692,2.0552,107016.490030003
0.9912128961932769,2.0554,107016.490231776
0.6903884005425742,2.0556,107016.490521468
1.5976482572491908,2.0558,107016.490646652
0.9938234348444125,2.056,107016.490847895
1.0766174861274764,2.0562,107016.491033662
0.993546909029077,2.0564,107016.491234961
0.983753298447319,2.0566,107016.491438264
0.9914045170561963,2.0568,107016.491639998
0.9890952104368249,2.057,107016.491842203
1.0108872999327434,2.0572,107016.492040049
1.025057518008265,2.0574,107016.49223516
0.9834147209087616,2.0576,107016.492438533
0.9841260031139752,2.0578,107016.492641759
0.9936900740059272,2.058,107016.492843029
1.042350699773371,2.0582,107016.493034903
0.9984524267067199,2.0584,107016.493235213
0.989471974542861,2.0586,107016.493437341
0.9735581979373136,2.0588,107016.493642773
0.9980537909774848,2.059,107016.493843163
1.0618473090880334,2.0592,107016.494031514
0.870556903317249,2.0594,107016.494261252
1.1340697262796986,2.0596,107016.494437608
0.9844457495420642,2.0598,107016.494640768
0.9872496531740912,2.06,107016.494843351
1.0588621634480284,2.0602,107016.495032233
0.985372113240543,2.0604,107016.495235202
0.9845863034863165,2.0606,107016.495438333
0.987727503511834,2.0608,107016.495640818
0.9816914540550035,2.061,107016.495844548
1.0613232639057446,2.0612,107016.496032992
0.9795998312200563,2.0614,107016.496237157
0.756426806464245,2.0616,107016.496501558
1.160301395917917,2.0618,107016.496673927
1.1537551976419769,2.062,107016.496847274
1.072449354956947,2.0622,107016.497033763
0.9925311424686963,2.0624,107016.497235268
0.9861495551407745,2.0626,107016.497438077
0.9830377031302584,2.0628,107016.497641528
0.9845814366730354,2.063,107016.49784466
1.0673098645450838,2.0632,107016.498032047
0.993324880216747,2.0634,107016.498233391
0.9815613992040384,2.0636,107016.498437148
0.9840049540844418,2.0638,107016.498640399
0.9827816928914315,2.064,107016.498843903
1.064594215035764,2.0642,107016.499031768
0.9876982587013355,2.0644,107016.499234259
0.9848772005711878,2.0646,107016.49943733
0.9828396033598786,2.0648,107016.499640822
0.9876982587013355,2.065,107016.499843313
1.062868677429775,2.0652,107016.500031483
0.9759191914577511,2.0654,107016.500236418
0.9899470591238201,2.0656,107016.500438449
0.7402910710057594,2.0658,107016.500708613
1.4332910608529175,2.066,107016.500848152
1.0655017495711088,2.0662,107016.501035857
0.9954161077571119,2.0664,107016.501236778
0.9943520566458699,2.0666,107016.501437914
0.9844990608147326,2.0668,107016.501641063
0.9885085969543064,2.067,107016.501843388
1.0664392148451025,2.0672,107016.502030928
0.9885769258604448,2.0674,107016.502233239
0.9813879996125892,2.0676,107016.502437032
0.9906924619074252,2.0678,107016.502638911
0.9817637528118407,2.068,107016.502842626
1.0629420833064376,2.0682,107016.503030783
0.9922800505932742,2.0684,107016.503232339
0.9759668705010834,2.0686,107016.503437264
0.9911833731472134,2.0688,107016.503639043
1.0238925741371205,2.069,107016.503834376
1.0204914632832252,2.0692,107016.50403036
1.0062437038600536,2.0694,107016.504229119
0.9887382935126566,2.0696,107016.504431397
0.9856392294283884,2.0698,107016.504634311
0.9166743321694838,2.07,107016.504852491
1.1173870494471507,2.0702,107016.50503148
0.9865776146676213,2.0704,107016.505234201
0.9884499454383908,2.0705999999999998,107016.505436538
0.9223603657463867,2.0708,107016.505653373
1.0085219689221476,2.071,107016.505851683
1.0965092975983108,2.0712,107016.50603408
0.9799837890165602,2.0714,107016.506238165
0.9977749787723271,2.0716,107016.506438611
0.9212429385325386,2.0718,107016.506655709
1.0069225977451683,2.072,107016.506854334
1.1325670000555812,2.0722,107016.507030924
0.9780812032197282,2.0724,107016.507235406
0.9941395193430822,2.0726,107016.507436585
0.9205898992084692,2.0728,107016.507653837
1.0212992258010272,2.073,107016.507849666
1.0784286919455253,2.0732,107016.508035121
0.9909526107191755,2.0734,107016.508236947
0.9774359043302068,2.0736,107016.508441564
0.9841696247021644,2.0738,107016.508644781
0.8775278342786847,2.074,107016.508872694
1.2623951399620073,2.0742,107016.509031123
0.9909869788625199,2.0744,107016.509232942
0.9722802754514908,2.0746,107016.509438644
0.9951139811826515,2.0748,107016.509639626
0.9843440087341491,2.075,107016.509842807
1.043721538623002,2.0752,107016.510034429
1.0011112060042717,2.0754,107016.510234207
0.9817444674269639,2.0756,107016.510437926
0.9887138253947502,2.0758,107016.510640209
0.9801855625211447,2.076,107016.510844252
1.0696502446811258,2.0762,107016.511031229
0.9807239149962267,2.0764,107016.51123516
0.9806324576116885,2.0766,107016.51143911
0.9922554785061768,2.0768,107016.511640671
0.9905844995552272,2.077,107016.511842572
1.0578876420863057,2.0772,107016.512031628
0.899118828524977,2.0774,107016.512254068
1.0374950694980156,2.0776,107016.51244684
0.9286258285213195,2.0778,107016.512662212
0.8492172175157876,2.078,107016.512897723
1.4580235130570147,2.0782,107016.513034895
0.9888360358077699,2.0784,107016.513237153
0.98748366046243,2.0786,107016.513439688
0.9888702572937834,2.0788,107016.513641939
0.9824775641632637,2.079,107016.513845506
1.0739292582157296,2.0792,107016.514031738
0.9825402854019943,2.0794,107016.514235292
0.9927085024930569,2.0796,107016.514436761
0.9800318660528172,2.0798,107016.514640836
0.9882594648961717,2.08,107016.514843212
1.0582010666013821,2.0802,107016.515032212
0.9914143861063647,2.0804,107016.515233944
0.9817781998147069,2.0806,107016.515437656
0.9841937979420201,2.0808,107016.515640868
0.9701203170955635,2.081,107016.515847028
1.0685644622172419,2.0812,107016.516034195
0.9850324206853285,2.0814,107016.516237234
0.883134776247483,2.0816,107016.5164637
1.014013647470313,2.0818,107016.516660936
1.029044781548578,2.082,107016.516855291
1.1360215425179374,2.0822,107016.517031344
0.875626086159771,2.0824,107016.517259752
1.134758216572286,2.0826000000000002,107016.517436001
0.9790771491596988,2.0828,107016.517640275
0.9904470815313713,2.083,107016.517842204
1.05164085205889,2.0832,107016.518032383
0.9970984495087009,2.0834,107016.518232965
0.9775839896925052,2.0836,107016.518437551
0.9907905909644088,2.0838,107016.51863941
0.9809210927189097,2.084,107016.5188433
1.073675641962264,2.0842,107016.519029576
0.8736294831345438,2.0844,107016.519258506
1.1316954157586565,2.0846,107016.519435232
0.9561508781397496,2.0848,107016.519644404
1.059765504061629,2.085,107016.519833125
0.9150805170589502,2.0852,107016.520051685
1.0397982596863338,2.0854,107016.52024403
0.9903441679135043,2.0856,107016.52044598
0.9758620243283237,2.0858,107016.520650927
0.9997300873474615,2.086,107016.520850981
1.105063999741299,2.0862,107016.521031966
0.9944608418437408,2.0864,107016.52123308
0.9856635456043895,2.0866,107016.521435989
0.979283224433488,2.0868,107016.52164022
0.9950793261934173,2.087,107016.521841209
1.0512041708279816,2.0872,107016.522031467
0.9853139039574367,2.0874,107016.522234448
0.9880202599754205,2.0876,107016.522436873
0.9247570978338077,2.0878,107016.522653146
1.0222388739339068,2.088,107016.522848795
0.9664683657248839,2.0882,107016.523055734
1.0140393838364172,2.0884,107016.523252965
0.5761264585071976,2.0886,107016.523600111
1.0697533156221668,2.0888,107016.52378707
1.9431056685136707,2.089,107016.523889998
0.708855367141987,2.0892,107016.524172143
1.2351702809151694,2.0894,107016.524334064
0.8953793829117711,2.0896,107016.524557433
2.086680706604065,2.0898,107016.524653279
1.0026671373050522,2.09,107016.524852747
0.9881569343203153,2.0902,107016.525055144
1.0405068956969055,2.0904,107016.525247358
0.990128418501198,2.0906,107016.525449352
0.9228795664708669,2.0908,107016.525666065
1.0271264139031473,2.091,107016.525860783
1.1834530024793362,2.0912,107016.52602978
0.9229476763251097,2.0914,107016.526246477
1.0147597087120181,2.0916,107016.526443568
0.9189571967686271,2.0918,107016.526661206
1.0197161472063532,2.092,107016.526857339
1.1486200030553062,2.0922,107016.527031461
0.8759443510558853,2.0924,107016.527259786
1.1190438670488971,2.0926,107016.52743851
0.9941346295372556,2.0928,107016.52763969
0.977478865322065,2.093,107016.527844298
0.989041471420412,2.0932,107016.528046514
1.0234785524130892,2.0934,107016.528241926
0.9679839782217784,2.0936,107016.528448541
1.0035878207146869,2.0938,107016.528647826
0.920852719005086,2.094,107016.528865016
1.2136584368976244,2.0942,107016.529029807
0.9187292339942088,2.0944,107016.529247499
1.0277597715279874,2.0946,107016.529442097
0.9259773904047829,2.0948,107016.529658085
1.0174544173913842,2.095,107016.529854654
1.136977303893787,2.0952,107016.530030559
0.868802181529234,2.0954,107016.530260761
1.1403613794228324,2.0956,107016.530436144
0.9793552386782199,2.0958,107016.53064036
0.991694520203764,2.096,107016.530842035
1.0389016877517658,2.0962,107016.531034546
1.0067553141979868,2.0964,107016.531233204
0.9837581570770025,2.0966,107016.531436506
0.9816529598375237,2.0968,107016.531640244
0.9262646447470027,2.097,107016.531856165
1.139321999369363,2.0972,107016.532031708
0.9869525337275491,2.0974,107016.532234352
0.9837000679089233,2.0976,107016.532437666
0.9928317742104267,2.0978,107016.53263911
0.9780955420450128,2.098,107016.532843589
1.059209796593678,2.0982,107016.533032409
0.9942087727872401,2.0984,107016.533233574
0.984450544499594,2.0986,107016.533436733
0.7508917096639847,2.0987999999999998,107016.533703083
1.3789488913372179,2.099,107016.533848121
1.015161456306767,2.0992,107016.534045134
1.0193835921454417,2.0994,107016.534241331
0.9770538706136289,2.0996,107016.534446028
0.984654161750056,2.0998,107016.534649145
0.9804931001266637,2.1,107016.534853124
1.1300137731506787,2.1002,107016.535030113
0.9391479140663881,2.1004,107016.535243072
1.0052675533820947,2.1006,107016.535442024
0.9199970859752985,2.1008,107016.535659416
1.0259040771785577,2.101,107016.535854366
1.133568374653014,2.1012,107016.5360308
0.9936505612352656,2.1014,107016.536232078
0.9747253402645328,2.1016,107016.536437264
0.977421584838762,2.1018,107016.536641884
0.9751436064708257,2.102,107016.536846982
1.0766637885848709,2.1022,107016.537032741
0.9932015578004123,2.1024,107016.53723411
0.9819276039496942,2.1026,107016.537437791
0.9928120515492547,2.1028000000000002,107016.537639239
0.9175237929268742,2.103,107016.537857217
1.1473152999215126,2.1032,107016.538031537
0.9899372905675693,2.1034,107016.53823357
0.9891490264824276,2.1036,107016.538435764
0.9219563969260789,2.1038,107016.538652694
1.0171335728567792,2.104,107016.538849325
1.0945410105753732,2.1042,107016.53903205
0.9933692493209916,2.1044,107016.539233385
0.9843343504434936,2.1046,107016.539436568
0.43885537533591296,2.1048,107016.539892299
3.4895488807660224,2.105,107016.539949613
2.0322929651871786,2.1052,107016.540048024
1.017516561585058,2.1054,107016.540244581
0.9769870558322418,2.1056,107016.540449292
0.9752387484945195,2.1058,107016.54065437
1.0044950727327857,2.106,107016.540853475
1.0328818259059682,2.1062,107016.541047108
1.016048449793413,2.1064,107016.541243949
0.9913504553112046,2.1066,107016.541445694
0.9271449900935912,2.1068,107016.54166141
1.0133919577791184,2.107,107016.541858767
1.161069292406215,2.1072,107016.542031022
0.9887333855663313,2.1074,107016.542233301
0.9844506150140239,2.1076,107016.54243646
0.9351999833425412,2.1078,107016.542650318
1.0086390583770801,2.108,107016.542848605
0.8101232787371369,2.1082,107016.543095481
1.4237611580204064,2.1084,107016.543235954
0.9179533136769664,2.1086,107016.54345383
1.0182625826991607,2.1088,107016.543650243
0.995109009736524,2.109,107016.543851226
1.1153183657831034,2.1092,107016.544030547
0.9875324052487982,2.1094,107016.544233072
0.973051310595436,2.1096,107016.544438611
0.9261145987403753,2.1098,107016.544654567
1.0211375254923,2.11,107016.544850427
1.112081079872489,2.1102,107016.54503027
0.9825258159621975,2.1104,107016.545233827
0.9816866158180808,2.1106,107016.545437558
0.988191108814984,2.1108,107016.545639948
0.9811905641095552,2.111,107016.545843782
1.0596139416465054,2.1112,107016.54603253
0.9845765699078676,2.1114,107016.546235663
0.9785022854224394,2.1116,107016.546440057
0.9411720754363987,2.1118,107016.546652558
0.8130973653172101,2.112,107016.546898531
1.4512735061265651,2.1122,107016.547036341
0.986032818211333,2.1124,107016.547239174
0.9900401909528976,2.1126,107016.547441186
0.9207382835897173,2.1128,107016.547658403
1.0275749679514756,2.113,107016.547853036
1.014780238097025,2.1132,107016.548050123
1.020371757521957,2.1134,107016.54824613
0.9694713207192346,2.1136,107016.548452428
0.9390773922911221,2.1138,107016.548665403
1.0009809124798876,2.114,107016.548865207
1.2000408760224075,2.1142,107016.549031868
0.9854449551737786,2.1144,107016.549234822
0.9837000679089233,2.1146,107016.549438136
0.9207043594181784,2.1148,107016.549655361
1.0191550060423067,2.115,107016.549851602
1.1016127999660221,2.1152,107016.550033154
0.9846396299834855,2.1154,107016.550236274
0.9749486752151594,2.1156,107016.550441413
0.9486495581642419,2.1158,107016.550652239
1.0039908903202814,2.116,107016.550851444
1.0990038000999287,2.1162,107016.551033427
0.9937295180692179,2.1164,107016.551234689
0.9714632852926439,2.1166,107016.551440564
0.9938530435063847,2.1168,107016.551641801
0.9830569690428029,2.117,107016.551845248
1.0725183152156021,2.1172,107016.552031725
0.9164600890860459,2.1174,107016.552249956
1.0209394725659415,2.1176,107016.552445854
0.9270847641591108,2.1178,107016.552661584
1.0255726783685484,2.118,107016.552856597
1.1524653838234928,2.1182,107016.553030138
0.9587589827449614,2.1184,107016.553238741
1.001356865437602,2.1186,107016.55343847
0.9870012260911054,2.1188,107016.553641104
1.098363969231708,2.1189999999999998,107016.553823193
1.0192796423022816,2.1192,107016.55401941
0.99447077183708,2.1194,107016.554220522
0.9794702601373154,2.1196,107016.554424714
0.9742316010274653,2.1198,107016.554630004
1.0009709249524263,2.12,107016.55482981
0.9983328315625565,2.1202,107016.555030144
0.9880544250170676,2.1204,107016.555232562
0.9581526800592357,2.1206,107016.555441297
1.0201270542292127,2.1208,107016.555637351
0.9963087109823346,2.121,107016.555838092
1.0355075677387877,2.1212,107016.556031234
0.9196713024769008,2.1214,107016.556248703
0.7815339225322759,2.1216,107016.55650461
0.9763622731710019,2.1218,107016.556709452
1.3740982258959586,2.122,107016.556855002
1.1348161204234097,2.1222,107016.557031242
0.9686214951741214,2.1224,107016.557237721
0.9993604413273364,2.1226,107016.557437849
0.9682182167444898,2.1228,107016.557644414
0.994460841845949,2.123,107016.557845528
1.059260328479444,2.1232,107016.558034339
1.0075973113133194,2.1234,107016.558232831
0.9749154104910668,2.1236,107016.558437977
0.9797390047231911,2.1238,107016.558642113
0.9841453821790197,2.124,107016.558845335
0.9968549470861743,2.1242,107016.559045966
1.0299934168949199,2.1244,107016.559240142
0.9154993980797738,2.1246,107016.559458602
1.011316644901939,2.1248,107016.559656364
1.2742424853701577,2.125,107016.55981332
0.9336283514872911,2.1252,107016.560027538
1.0077039160342858,2.1254,107016.560226009
0.9813542239608545,2.1256,107016.560429809
0.9138303631757659,2.1258,107016.560648668
1.0285155832222033,2.126,107016.560843123
1.0580555715278408,2.1262,107016.561032149
0.9980886534595492,2.1264,107016.561232532
0.9009780213967185,2.1266,107016.561454513
1.0436288907591127,2.1268,107016.561646152
0.9803056736192404,2.127,107016.56185017
1.108801074476196,2.1272,107016.562030545
0.9893839351590442,2.1274,107016.562232691
0.9116517762983251,2.1276,107016.562452073
1.020298887135145,2.1278,107016.562648094
1.0507513033917253,2.128,107016.562838434
1.0305984758213178,2.1282,107016.563032496
0.981204994245692,2.1284,107016.563236327
0.9764718750440753,2.1286,107016.563441146
0.9850712510097692,2.1288,107016.563644177
0.9882546327627807,2.129,107016.563846554
1.0718860375562658,2.1292,107016.564033141
0.9973271622421779,2.1294,107016.564233677
0.9065895224523437,2.1296,107016.564454284
1.0292990241429891,2.1298,107016.564648591
0.9150470085144152,2.13,107016.564867159
1.2242824653515345,2.1302,107016.56503052
0.9863440365488666,2.1304,107016.565233289
0.9198743668000521,2.1306,107016.56545071
1.0042025984815768,2.1308,107016.565649873
0.9824340222143723,2.1310000000000002,107016.565853449
0.9435297761082688,2.1312,107016.566065419
1.0980202527477867,2.1314,107016.566247565
1.0084202963444695,2.1316,107016.566445895
0.9971432287153381,2.1318,107016.566646468
0.9739990688825754,2.132,107016.566851807
1.0173405437349463,2.1322,107016.567048398
1.0578932605896727,2.1324,107016.567237453
0.9981384508748946,2.1326,107016.567437826
0.9856052312054635,2.1328,107016.567640747
0.9120634076829376,2.133,107016.56786003
1.1655080057796279,2.1332,107016.568031629
0.8446480620943035,2.1334,107016.568268414
1.173261433576796,2.1336,107016.568438879
0.9130543819701801,2.1338,107016.568657924
1.0199346155783053,2.134,107016.568854015
1.018729326152449,2.1342,107016.569050338
1.0314648208227861,2.1344,107016.569244237
0.8219493329444326,2.1346,107016.569487561
1.161993604184163,2.1348,107016.569659679
0.9445635361747076,2.135,107016.569871417
1.199896819544586,2.1352,107016.570038098
0.8624295401935754,2.1354,107016.570270001
1.1729104895554774,2.1356,107016.570440517
0.985542047391602,2.1358,107016.570643451
0.9874593253467943,2.136,107016.570845991
0.9325139677800188,2.1362,107016.571060465
1.1497159523465281,2.1364,107016.571234421
0.9794463183718267,2.1366,107016.571438618
0.9071159010561926,2.1368,107016.571659097
1.0338909030071068,2.137,107016.571852541
1.1212459489500017,2.1372,107016.572030914
0.9732975888676177,2.1374,107016.572236401
0.9027185504687806,2.1376,107016.572457954
1.037446592848062,2.1378,107016.572650735
0.9038526847797971,2.138,107016.57287201
1.2445550615851615,2.1382,107016.57303271
0.9936357627154924,2.1384,107016.573233991
0.9804690383867171,2.1386,107016.573437975
0.9791155113764974,2.1388,107016.573642241
0.874955713765901,2.1390000000000002,107016.573870824
1.2388656817592647,2.1391999999999998,107016.574032262
0.9800030052914436,2.1394,107016.574236343
0.9950496444211445,2.1396,107016.574437338
0.9817396286674788,2.1398,107016.574641058
0.9809836153788687,2.14,107016.574844935
1.0837700840589397,2.1402,107016.575029476
0.9098476898602241,2.1404,107016.575249293
1.0171801697201783,2.1406,107016.575445915
0.9900500328589393,2.1408,107016.575647925
0.9703085269404561,2.141,107016.575854045
1.140348416862457,2.1412,107016.57602943
0.9120925215009986,2.1414,107016.576248706
1.0213565274979886,2.1416,107016.576444524
0.9754385033433357,2.1418,107016.57664956
1.0040866100844617,2.142,107016.576848746
1.0818998560550948,2.1422,107016.577033606
0.9006939568964124,2.1424,107016.577255657
1.0323912476531576,2.1426,107016.577449382
0.9764767313925014,2.1428,107016.5776542
0.9829265521563642,2.143,107016.577857674
1.1486265306692476,2.1432,107016.578031795
0.9829893307366945,2.1434,107016.578235256
0.9794559507781501,2.1436,107016.578439451
0.874771995040703,2.1438,107016.578668082
1.2240051962905953,2.144,107016.57883148
0.9999400022116482,2.1442,107016.579031492
0.9837871690241032,2.1444,107016.579234788
0.9712085318887264,2.1446,107016.579440717
0.9850276200578555,2.1448,107016.579643757
0.9823133890319048,2.145,107016.579847358
1.0973876997263206,2.1452,107016.580029609
0.9824099353393276,2.1454,107016.58023319
0.9787992175242919,2.1456,107016.580437522
0.9838065347469088,2.1458,107016.580640814
0.9776509556922771,2.146,107016.580845386
1.0831947290005282,2.1462,107016.581030025
0.8401561090400903,2.1464,107016.581268076
1.113542350475255,2.1466,107016.581447683
0.9480874925860074,2.1468,107016.581658634
1.0316403399363736,2.147,107016.5818525
1.1113395703697413,2.1471999999999998,107016.582032463
0.9941050040974597,2.1474,107016.582233649
0.9763527015174918,2.1476,107016.582438493
0.9141645465611206,2.1478,107016.582657272
1.0284891068074677,2.148,107016.582851732
1.1191691626157265,2.1482,107016.583030436
0.8692552895351457,2.1484,107016.583260518
1.1276436299996584,2.1486,107016.583437879
0.9087810878992858,2.1488,107016.583657954
1.0153469971237392,2.149,107016.583854931
1.1364217892676023,2.1492,107016.584030922
0.9732312179035181,2.1494,107016.584236423
0.9854255955491524,2.1496,107016.584439381
0.9824485591763558,2.1498,107016.584642954
0.9847220293681027,2.15,107016.584846057
1.0711110747835502,2.1502,107016.585032779
0.9301416823658701,2.1504,107016.5852478
1.0132071307205273,2.1506,107016.585445193
0.9278977546106612,2.1508,107016.585660734
1.0216017451206503,2.151,107016.585856505
1.1558021514052643,2.1512000000000002,107016.586029545
0.9703791587176838,2.1514,107016.58623565
0.9875177884030505,2.1516,107016.586438178
0.9690814102412524,2.1518,107016.586644559
0.920272260925319,2.152,107016.586861886
0.7002139146972823,2.1522,107016.587147513
1.3163004079373295,2.1524,107016.587299454
0.9497803510619519,2.1526,107016.587510029
0.9692599207758318,2.1528,107016.587716372
1.5220815184959104,2.153,107016.587847771
1.0786614471736748,2.1532,107016.588033186
0.7267758524133798,2.1534,107016.588308374
1.0181433238171929,2.1536,107016.58850481
0.9910459318529943,2.1538,107016.588706617
1.4241869432852905,2.154,107016.588847048
1.0824033338653367,2.1542,107016.589031822
0.7468120650406582,2.1544,107016.589299627
1.4115820394535754,2.1546,107016.589441312
0.9883180938085604,2.1548,107016.589643676
0.9739374333405817,2.155,107016.589849028
1.100988096853283,2.1552,107016.590030683
0.9870158276510312,2.1554,107016.590233314
0.9653161558940211,2.1556,107016.5904405
0.9797054123147346,2.1558,107016.590644643
0.9920093949431739,2.156,107016.590846254
1.0953862279795117,2.1562,107016.591028838
0.9780524572295191,2.1564,107016.591233326
0.9779903772242698,2.1566,107016.591437827
0.9840727322351993,2.1568,107016.591641064
0.9683682980690816,2.157,107016.591847597
0.9060022345148007,2.1572,107016.592068347
1.0631342360450182,2.1574,107016.59225647
0.986353805105402,2.1576,107016.592459237
0.9828299745686865,2.1578,107016.592662731
0.9823326967752658,2.158,107016.592866328
1.220167013158487,2.1582,107016.59303024
0.9947229737810253,2.1584,107016.593231301
0.795918509184085,2.1586,107016.593482583
1.25126699005256,2.1588,107016.593642421
0.9767484863586758,2.159,107016.593847182
1.0897757456309725,2.1592000000000002,107016.594030706
0.8732594624055869,2.1593999999999998,107016.594259733
1.2817636533702885,2.1596,107016.594415768
0.9803489571835529,2.1598,107016.594619777
0.9679839100465709,2.16,107016.594826392
0.9771302812518942,2.1602,107016.595031073
0.9871863292613613,2.1604,107016.595233669
0.9660482041761299,2.1606,107016.595440698
0.9918372233772045,2.1608,107016.595642344
0.8584427681641281,2.161,107016.595875324
1.2972944396765278,2.1612,107016.596029491
0.9803921746360031,2.1614,107016.596233491
0.9659828860883198,2.1616,107016.596440534
0.9900451118814593,2.1618,107016.596642545
0.8661645983152193,2.162,107016.596873448
1.2682710159292219,2.1622,107016.597031143
0.9828589317948694,2.1624,107016.597234631
0.9767818762939038,2.1626,107016.597439385
0.9804450477694874,2.1628,107016.597643374
0.982443713473834,2.163,107016.597846948
1.0629082150576112,2.1632,107016.598035111
1.0003151007265443,2.1634,107016.598235048
0.979887858680507,2.1636,107016.598439153
0.9777177917607788,2.1638,107016.598643711
0.9817203442303516,2.164,107016.598847435
1.0929738082068043,2.1642,107016.599030422
0.9809403457682948,2.1644,107016.599234308
0.9690767638313942,2.1646,107016.59944069
0.9876689446463168,2.1648,107016.599643187
0.9833373242745854,2.165,107016.599846576
1.0834236532638335,2.1652,107016.600031176
0.983409865670834,2.1654,107016.60023455
0.9682276295691309,2.1656,107016.600441113
0.971161385243837,2.1658,107016.600647052
0.9897021190831912,2.166,107016.600849133
1.1018009056255516,2.1662,107016.601030654
0.9827430428569386,2.1664,107016.601234166
0.9712792261196447,2.1666,107016.60144008
0.9895209870689909,2.1668,107016.601642198
0.9790436021213499,2.167,107016.601846479
1.0843105480850095,2.1672,107016.602030928
0.86436402298849,2.1673999999999998,107016.602262312
1.1363829827691645,2.1676,107016.602438309
0.9657683219955752,2.1678,107016.602645398
0.9855032506078765,2.168,107016.60284834
1.0784519629480573,2.1682,107016.603033791
0.989158850678374,2.1684,107016.603235983
0.7435718254896829,2.1686,107016.603504955
1.0524321289207386,2.1688,107016.603694991
1.0007856450826556,2.169,107016.603894834
0.6314386986933652,2.1692,107016.604211571
1.4992840980858768,2.1694,107016.604344968
1.027490541370564,2.1696,107016.604539617
0.9996600625998594,2.1698,107016.604739685
0.9471401200003753,2.17,107016.604950847
0.9944806300701052,2.1702,107016.605151957
0.9931374680798235,2.1704,107016.605353339
0.9689875340749335,2.1706,107016.60555974
1.0093566952422017,2.1708,107016.605757886
0.9919650756345558,2.171,107016.605959506
0.9636604108333873,2.1712,107016.606167048
0.9945053124910864,2.1714,107016.606368153
0.9308820470673698,2.1716,107016.606583003
1.0146258385324434,2.1718,107016.60678012
0.9394125774521279,2.172,107016.606993019
0.988513502669236,2.1722,107016.607195343
1.006770506087586,2.1724,107016.607393998
0.9810269588317072,2.1726,107016.607597866
0.915880881480652,2.1728,107016.607816235
1.0026168138601512,2.173,107016.608015713
0.9934432784454985,2.1732,107016.608217033
1.0071964342745816,2.1734,107016.608415604
0.9876738420308067,2.1736,107016.6086181
0.9854741373592825,2.1738,107016.608821048
0.976038259172975,2.174,107016.609025958
0.955100706574101,2.1742,107016.60923536
0.9912570768208077,2.1744,107016.609437124
0.8238793110243904,2.1746,107016.609679878
1.0903460913046845,2.1748,107016.609863306
0.9118222158177338,2.175,107016.610082647
1.074240842441222,2.1752,107016.610268825
0.9993703967421969,2.1754,107016.610468951
0.9310770359812802,2.1756,107016.610683756
1.0243854905243237,2.1758,107016.610878995
0.9125461138212406,2.176,107016.611098162
1.244609271956757,2.1762,107016.611258855
1.0138491601082789,2.1764,107016.611456123
1.003290820935861,2.1766,107016.611655467
0.973624544536152,2.1768,107016.611860885
1.070950408493743,2.177,107016.612047635
0.9919749558482245,2.1772,107016.612249253
0.9929746614113039,2.1774,107016.612450668
0.9859696502972377,2.1776,107016.612653514
0.9849548398062731,2.1778,107016.612856569
1.0467971030064485,2.178,107016.613047628
1.008786532068667,2.1782,107016.613245886
0.9825692255601549,2.1784,107016.613449434
0.9906923904959761,2.1786,107016.613651313
0.970958645084042,2.1788,107016.613857295
1.067207346765864,2.179,107016.6140447
0.9949209958521589,2.1792,107016.614245721
0.9756525380702962,2.1794000000000002,107016.614450712
0.933340822427194,2.1796,107016.614664996
1.011153031289663,2.1798,107016.61486279
1.0975863734699027,2.18,107016.615045008
0.9880495238576156,2.1802,107016.615247427
0.9805988738722553,2.1804,107016.615451384
0.9987715356082849,2.1806,107016.61565163
0.9920093233417433,2.1808,107016.615853241
1.0265517991867805,2.181,107016.616048068
0.8769814448608066,2.1812,107016.616276123
1.0704288467192855,2.1814,107016.616462964
1.0173198353266475,2.1816,107016.616659559
1.0000300031075446,2.1818,107016.616859553
1.0690156889357267,2.182,107016.617046641
0.8775085607663654,2.1822,107016.617274559
1.1441648105369262,2.1824,107016.617449359
0.9642503662585634,2.1826,107016.617656774
0.9442291418646721,2.1828,107016.617868587
1.129107801467957,2.183,107016.618045718
0.9320229315191537,2.1832,107016.618260305
1.0257987933187394,2.1834,107016.618455275
0.9893741777153147,2.1836,107016.618657423
0.7372700772819035,2.1838,107016.618928694
1.4922700655010448,2.184,107016.619062718
1.0382922551449258,2.1842,107016.619255342
0.9301330584419886,2.1844,107016.619470365
1.0331806063065156,2.1846,107016.619663942
0.9849499693489668,2.1848,107016.619866998
1.1234818776021986,2.185,107016.620045016
0.9047972358706966,2.1852,107016.62026606
1.0559326941653655,2.1854,107016.620455466
0.9749867837491001,2.1856,107016.620660597
1.0090002677570045,2.1858,107016.620858813
0.9198743052331693,2.186,107016.621076234
1.1669564846219782,2.1862,107016.62124762
0.9959068054269571,2.1864,107016.621448442
0.9252705293907573,2.1866,107016.621664595
1.0316936191319435,2.1868,107016.621858451
1.068849998172309,2.187,107016.622045568
0.9738710440934021,2.1872,107016.622250934
0.9986817610815175,2.1874000000000002,107016.622451198
0.9323618271967056,2.1875999999999998,107016.622665707
1.0337519379031828,2.1878,107016.622859177
1.0775398151169768,2.188,107016.623044785
0.9866895221230761,2.1882,107016.623247483
0.9905844995552272,2.1884,107016.623449384
0.991994645266718,2.1886,107016.623650998
0.9855809179065573,2.1888,107016.623853924
0.9446974121732644,2.189,107016.624065632
1.0609798117563607,2.1892,107016.624254137
0.9291521717440054,2.1894,107016.624469387
1.0114137666941565,2.1896,107016.62466713
1.0075160616025174,2.1898,107016.624865638
1.1218308565255632,2.19,107016.625043918
0.9877226055951697,2.1902,107016.625246404
0.8784644592265763,2.1904,107016.625474074
1.1364992222643155,2.1906,107016.625650053
0.9881227621892699,2.1908,107016.625852457
0.9671319932147184,2.191,107016.626059254
1.0325778653858382,2.1912,107016.626252944
0.9878689961882576,2.1914,107016.6264554
0.9807575073033954,2.1916,107016.626659324
0.8334166825408661,2.1918,107016.6268993
1.2327567550945995,2.192,107016.627061538
1.019997063122186,2.1922,107016.627257617
0.9906826072247641,2.1924,107016.627459498
0.9854595813800129,2.1926,107016.627662449
0.8794146771996627,2.1928,107016.627889873
1.2558869323255537,2.193,107016.628049123
0.9616031907780604,2.1932,107016.628257109
0.9995801605681306,2.1934,107016.628457193
1.000810641470947,2.1936,107016.628657031
0.9039875168790886,2.1938,107016.628878273
1.2094091895381864,2.194,107016.629043643
0.9117598510284567,2.1942,107016.629262999
1.044075717579507,2.1944,107016.629454556
0.9277857578400307,2.1946,107016.629670123
1.0198982102964262,2.1948,107016.629866221
1.02629362385578,2.195,107016.630061097
1.036323189257512,2.1952,107016.630254087
0.9945399275073348,2.1954,107016.630455185
0.9880593262251437,2.1955999999999998,107016.630657602
0.9879616663949946,2.1958,107016.630860039
0.9836614160093178,2.196,107016.631063361
1.0238820478898316,2.1962,107016.631258696
0.9934037852990072,2.1964,107016.631460024
0.9836371985162657,2.1966,107016.631663351
0.9914389165531947,2.1968,107016.631865078
1.119181648147464,2.197,107016.63204378
0.9758810792939582,2.1972,107016.632248723
0.9900598036403766,2.1974,107016.632450731
0.8319052717070571,2.1976,107016.632691143
0.8667201064387873,2.1978,107016.632921898
1.6083634773727358,2.198,107016.633046248
0.929152108928939,2.1982,107016.633261498
1.0271158978184147,2.1984,107016.633456218
0.9926198862478478,2.1986,107016.633657705
0.9849693102896598,2.1988,107016.633860757
1.079406600436155,2.199,107016.634046044
0.9829555150738625,2.1992,107016.634249512
1.0047121348569112,2.1994,107016.634448574
0.9867869306046718,2.1996,107016.634651252
0.9250907292601807,2.1998,107016.634867447
1.1352349280348983,2.2,107016.635043622
0.9893251797267477,2.2002,107016.63524578
0.973747744219975,2.2004,107016.635451172
0.9870888419183917,2.2006,107016.635653788
1.0000750460164989,2.2008,107016.635853773
1.0476359634881518,2.201,107016.636044679
0.8777242594703003,2.2012,107016.636272541
1.0487732370931946,2.2014,107016.63646324
1.0282035714335347,2.2016,107016.636657754
0.8728745651915046,2.2018,107016.636886882
1.2628414836293818,2.202,107016.637045255
0.9838985147342134,2.2022,107016.637248528
0.9980289321087891,2.2024,107016.637448923
0.9792017327099818,2.2026,107016.637653171
0.9955102715073929,2.2028,107016.637854073
1.0531026573879796,2.203,107016.638043988
0.9922948087582297,2.2032,107016.638245541
0.9676982720848668,2.2034,107016.638452217
1.0047524588220142,2.2036,107016.638651271
0.9892860133175296,2.2038,107016.638853437
1.0456586990274392,2.204,107016.639044704
0.9934778195712635,2.2042,107016.639246017
0.9892713445122292,2.2044,107016.639448186
0.9862857123828946,2.2046,107016.639650967
0.9870401409098496,2.2048,107016.639853593
1.0238034892566101,2.205,107016.640048943
0.9987515036759107,2.2052,107016.640249193
0.5930776193309601,2.2054,107016.640586417
1.9592666931247358,2.2056,107016.640688496
0.6598634857265259,2.2058,107016.640991589
2.30680493288051,2.206,107016.641078289
0.9636789246987928,2.2062,107016.641285827
1.204173684031013,2.2064,107016.641451916
0.9988762808609797,2.2066,107016.641652141
0.9236851330185597,2.2068,107016.641868665
1.1435040585133824,2.207,107016.642043566
0.8692590829979551,2.2072,107016.642273647
1.1448721015683956,2.2074,107016.642448339
0.9255017502936999,2.2076000000000002,107016.642664438
1.0225210295578446,2.2078,107016.642860033
0.9314846196240638,2.208,107016.643074744
1.1700353692533823,2.2082,107016.643245679
0.8845956475811098,2.2084,107016.643471771
1.029113666649581,2.2086,107016.643666113
0.9754193964304152,2.2088,107016.643871153
0.9911392705651597,2.209,107016.644072941
0.996105226968514,2.2092,107016.644273723
1.0012415334526046,2.2094,107016.644473475
1.1107655488720751,2.2096,107016.644653531
0.9935666609001061,2.2098,107016.644854826
1.0542295181295633,2.21,107016.645044538
0.9144195119873092,2.2102,107016.645263256
1.039673903252439,2.2104,107016.645455624
0.9855372417954501,2.2106,107016.645658559
0.9853139039574367,2.2108,107016.64586154
0.978622053996829,2.211,107016.646065909
1.040030770373887,2.2112,107016.646258211
0.960739360219781,2.2114,107016.646466384
1.01302752311473,2.2116,107016.646663812
0.9766388223872423,2.2118,107016.646868596
1.14850779733584,2.212,107016.647042735
0.99278738139127,2.2122,107016.647244188
0.9848966092324503,2.2124,107016.647447255
0.9851828875926357,2.2126,107016.647650263
0.8986502193941026,2.2128,107016.647872819
1.1753505081307514,2.213,107016.648042981
0.8768545479136322,2.2132,107016.648271069
1.1227755369004564,2.2134,107016.648449199
0.9722046902017224,2.2136,107016.648654917
0.9982579994491879,2.2138,107016.648855266
1.0672415724196156,2.214,107016.649042665
0.9825450618154865,2.2142,107016.649246218
0.9822073152989879,2.2144,107016.649449841
0.9869573531359068,2.2146,107016.649652484
0.9961003178064352,2.2148,107016.649853267
0.878078719692093,2.215,107016.650081037
1.026151483570587,2.2152,107016.65027594
0.9358038917045559,2.2154,107016.65048966
1.0119971874767784,2.2156000000000002,107016.650687289
1.021445262942255,2.2157999999999998,107016.65088309
1.0977189210539686,2.216,107016.651065286
0.9988313458685165,2.2162,107016.65126552
0.9771541793956462,2.2164,107016.651470196
0.9625333523916823,2.2166,107016.651677981
0.913980709380416,2.2168,107016.651896804
1.220025557102361,2.217,107016.652060735
0.9785406026029411,2.2172,107016.652265121
0.9807863425317116,2.2174,107016.652469039
0.9647620740042505,2.2176,107016.652676344
0.9803297273414706,2.2178,107016.652880357
1.1144606462573685,2.218,107016.653059816
0.9840534264887009,2.2182,107016.653263057
0.9763717756503419,2.2184,107016.653467897
0.920848523565767,2.2186,107016.653685088
0.9247613911869708,2.2188,107016.65390136
1.217411396169845,2.219,107016.654065643
0.9481324254720425,2.2192,107016.654276584
1.0072116394801598,2.2194,107016.654475152
0.9652929010748086,2.2196,107016.654682343
0.9682791305111983,2.2198,107016.654888895
1.0959684931537321,2.22,107016.655071382
0.9637439991472151,2.2202,107016.655278906
0.9812386895707745,2.2204,107016.65548273
0.9757429996046654,2.2206,107016.655687702
0.9614830448266541,2.2208,107016.655895714
1.2016702282970912,2.221,107016.656062149
0.9685417681672545,2.2212,107016.656268645
0.9441622654680042,2.2214,107016.656480473
0.9724410449376386,2.2216,107016.656686141
0.9780955420450128,2.2218,107016.65689062
1.1597295159399037,2.222,107016.657063074
0.9679370759484599,2.2222,107016.657269699
0.9496496238268854,2.2224,107016.657480303
0.9671834457241205,2.2226,107016.657687089
0.9652369720599192,2.2228,107016.657894292
1.1820959731967748,2.223,107016.658063483
0.9712226699116252,2.2232,107016.658269409
0.9664123683723173,2.2234,107016.65847636
0.9623573781106343,2.2236,107016.658684183
0.9689218179180477,2.2237999999999998,107016.658890598
1.1503640696672786,2.224,107016.659064456
1.1937162785784043,2.2242,107016.659232
0.9696781607186402,2.2244,107016.659438254
0.9589474931920061,2.2246,107016.659646816
0.966734645792417,2.2248,107016.659853698
0.9617280102195915,2.225,107016.660061657
0.9675812303580702,2.2252,107016.660268358
0.9694149748526795,2.2254,107016.660474668
0.9759382486559968,2.2256,107016.660679599
0.9659082088695763,2.2258,107016.660886658
1.1442760739574376,2.226,107016.661061441
0.9498570847582153,2.2262,107016.661271999
0.9955845479812158,2.2264,107016.661472886
0.9699603139803572,2.2266,107016.66167908
0.9768153379369343,2.2268,107016.661883827
1.094091846875847,2.227,107016.662066627
0.976238341711769,2.2272,107016.662271495
0.9683917013045829,2.2274,107016.662478023
0.9253861565511925,2.2276,107016.662694149
0.9806565273755382,2.2278000000000002,107016.662898094
1.2162935143909828,2.228,107016.663062528
0.9646968620018487,2.2282,107016.663269847
0.9542212843232056,2.2284,107016.663479442
0.9555524525881344,2.2286,107016.663688745
0.9781338273761764,2.2288,107016.663893216
1.1700832819926852,2.229,107016.664064144
0.955214748227584,2.2292,107016.664273521
0.9764052092011324,2.2294,107016.664478354
0.8800609072353728,2.2296,107016.664705611
0.9763908505284753,2.2298,107016.664910447
0.9231308605183574,2.23,107016.665127101
0.897355988558264,2.2302,107016.665349978
1.099468880425808,2.2304,107016.665531884
0.9769584435647232,2.2306,107016.665736601
1.1238480630889218,2.2308,107016.665914561
0.9810558099088881,2.231,107016.666118423
0.9912816709800071,2.2312,107016.666320182
0.9567043669249862,2.2314,107016.666529233
0.9801183187532839,2.2316,107016.66673329
1.0866729777460808,2.2318,107016.666917338
0.9815228450916774,2.232,107016.667121103
0.9920733391468296,2.2322,107016.667322701
0.9792497330411584,2.2324,107016.667526939
0.9682697848985036,2.2326,107016.667733493
0.9607716645697502,2.2328,107016.667941659
0.8424280591483202,2.233,107016.668179068
1.1597968472760631,2.2332,107016.668351512
0.9582949796645583,2.2334,107016.668560216
0.9756192945516378,2.2336,107016.668765214
0.8767353497165666,2.2338,107016.668993333
1.058453130069238,2.234,107016.669182288
0.9823230779137002,2.2342,107016.669385887
0.9849111485853036,2.2344,107016.669588951
0.9712368083461483,2.2346,107016.669794874
0.9313111683923218,2.2348,107016.670009625
0.9796621855570496,2.235,107016.670213777
0.961663342302243,2.2352,107016.67042175
1.0114700388870277,2.2354,107016.670619482
0.9710057720457917,2.2356,107016.670825454
0.6826241549384366,2.2358000000000002,107016.671118441
1.3828676195185412,2.2359999999999998,107016.671263068
1.0659162499587214,2.2362,107016.6714507
0.9993254899450459,2.2364,107016.671650835
0.9697439795154479,2.2366,107016.671857075
0.9561737610813922,2.2368,107016.672066242
0.9904176754580707,2.237,107016.672268177
0.9784735843366776,2.2372,107016.672472577
0.9767055895429231,2.2374,107016.672677347
0.9561234732672955,2.2376,107016.672886525
1.1362538974035679,2.2378,107016.673062542
0.9752386792935743,2.238,107016.67326762
0.9823761595274442,2.2382,107016.673471208
0.9747348800368738,2.2384,107016.673676392
0.9690438985868157,2.2386,107016.673882781
1.1150509782081883,2.2388,107016.674062145
1.157340409735517,2.239,107016.674234955
0.9996601353099819,2.2392,107016.674435023
0.9785022854224394,2.2394,107016.674639417
0.9773356072012837,2.2396,107016.674844055
0.9090992002656467,2.2398,107016.675064053
1.025946120192101,2.24,107016.675258995
0.9732739479120612,2.2402,107016.675464487
0.9746255986113527,2.2404,107016.675669694
0.9725072393539037,2.2406,107016.675875348
1.05144728086261,2.2408,107016.676065562
0.9369700382868402,2.241,107016.676279016
1.0113371096288124,2.2412,107016.676476774
0.971647276853536,2.2414,107016.67668261
0.9717181723780987,2.2416,107016.676888431
1.1238544040765288,2.2418,107016.67706639
0.9772639591422115,2.242,107016.677271043
0.9777512480010147,2.2422,107016.677475594
0.9722424469682759,2.2424,107016.677681304
0.974136724447303,2.2426,107016.677886614
1.106714925344769,2.2428,107016.678067329
0.9810558099088881,2.243,107016.678271191
0.9764814490343698,2.2432,107016.678476008
0.9721999450232085,2.2434,107016.678681727
0.972791041647331,2.2436,107016.678887321
1.0924842447213934,2.2438,107016.67907039
0.9725592654063602,2.2439999999999998,107016.679276033
0.9813205907695617,2.2442,107016.67947984
0.9748963932175299,2.2444,107016.67968499
0.9720439988484817,2.2446,107016.679890742
1.1454294190583845,2.2448,107016.680065349
0.9389318903839557,2.245,107016.680278357
0.9963930750732863,2.2452,107016.680479081
0.952966365952444,2.2454,107016.680688952
0.9996700966967421,2.2456,107016.680889018
1.1254734183246784,2.2458,107016.681066721
0.9717511505658342,2.246,107016.681272535
0.8603519549367505,2.2462,107016.681504998
1.0805671249414062,2.2464,107016.681690086
0.9979292916404116,2.2466,107016.681890501
1.1187121287908006,2.2468,107016.682069278
0.9864170222537982,2.247,107016.682272032
0.9702003042063124,2.2472,107016.682478175
0.9658103313117606,2.2474,107016.682685255
0.9618667963348065,2.2476,107016.682893184
1.061841648506143,2.2478,107016.683081536
0.9907955193576421,2.248,107016.683283394
1.0166372312933505,2.2482,107016.683480121
0.9829990329572165,2.2484,107016.68368358
0.6533983269565891,2.2486,107016.683989672
1.4865357220908186,2.2488,107016.684124213
1.337506326509393,2.249,107016.684273745
0.9947378766989337,2.2492,107016.684474803
0.9593200493203766,2.2494,107016.684683284
0.9651950126060237,2.2496,107016.684890496
1.1877684282627852,2.2498,107016.685058879
0.9495143406634192,2.25,107016.685269513
1.0714208585650153,2.2502,107016.685456181
0.9800750555520445,2.2504,107016.685660247
0.9848869400946761,2.2506,107016.685863316
1.0093618100673067,2.2508,107016.686061461
0.980526746574675,2.251,107016.686265433
0.9837678744803479,2.2512,107016.686468733
0.8837786446355524,2.2514,107016.686695034
1.0585707681742778,2.2516,107016.686883968
1.1110369922380414,2.2518000000000002,107016.68706398
0.9845378490970764,2.252,107016.687267121
0.9656098189460077,2.2522,107016.687474244
0.9601029175572046,2.2524,107016.687682555
0.9781864571956529,2.2526,107016.687887015
1.1332022753594062,2.2528,107016.688063506
0.9843827142968916,2.253,107016.688266679
0.9633818427915187,2.2532,107016.688474281
0.986120403692418,2.2534,107016.688677096
0.9681010492183875,2.2536,107016.688883686
1.1148396020581606,2.2538,107016.689063084
0.9882643681386496,2.254,107016.689265459
0.9785645697831347,2.2542,107016.68946984
0.954508168433811,2.2544,107016.689679372
0.9947823001228712,2.2546,107016.689880421
1.1184493918302514,2.2548,107016.69005924
0.9794319399148768,2.255,107016.69026344
0.9747301101273617,2.2552,107016.690468625
0.9683401201640389,2.2554,107016.690675164
0.9117391049829062,2.2556,107016.690894525
1.1201093636687582,2.2558,107016.691073079
1.0228085929993045,2.2560000000000002,107016.691268619
0.9694337788714847,2.2561999999999998,107016.691474925
0.9764432929457334,2.2564,107016.69167975
0.9792113603061061,2.2566,107016.691883996
1.1286681972893597,2.2568,107016.692061196
0.9809691917512087,2.257,107016.692265076
0.9644968793403031,2.2572,107016.692472438
0.9794798930145595,2.2574,107016.692676628
0.974487873950231,2.2576,107016.692881864
1.118405614334652,2.2578,107016.69306069
0.9645247663268314,2.258,107016.693268046
0.9899814288613972,2.2582,107016.69347007
0.974402411635866,2.2584,107016.693675324
0.9791489935860754,2.2586,107016.693879583
1.1145476784322585,2.2588,107016.694059028
0.968499520904675,2.259,107016.694265533
0.977517102390681,2.2592,107016.694470133
0.9361718146653472,2.2594,107016.694683769
1.0090664953158142,2.2596,107016.694881972
1.1049724013835163,2.2598,107016.695062972
1.077864909904856,2.26,107016.695248524
1.0088781325709288,2.2602,107016.695446764
0.9432227172912341,2.2604,107016.695658803
0.9827237189796675,2.2606,107016.695862319
0.9843585317761351,2.2608,107016.696065497
0.9664870556060218,2.261,107016.696272432
0.9525760153476861,2.2612,107016.696482389
0.9900744958353368,2.2614,107016.696684394
0.9725355914859809,2.2616,107016.696890042
1.140042888567382,2.2618,107016.697065474
0.9739611755595738,2.262,107016.697270821
0.9685558286552557,2.2622,107016.697477314
0.9720912312302873,2.2624,107016.697683056
1.1081253074154809,2.2626,107016.697863541
0.9529391433202186,2.2628,107016.698073418
0.9945202088854578,2.263,107016.69827452
1.0649343180020432,2.2632,107016.698462325
0.9728525321715514,2.2634,107016.698667906
0.960665558640187,2.2636,107016.698876095
0.814216247339647,2.2638,107016.69912173
1.24385841112974,2.2640000000000002,107016.69928252
0.9003817576424262,2.2641999999999998,107016.699504648
0.9067622020600762,2.2644,107016.699725213
0.9631498707508405,2.2646,107016.699932865
0.95535166072847,2.2648,107016.700142212
0.9822555405557981,2.265,107016.700345825
0.9625518903880427,2.2652,107016.700553606
0.9991058100072495,2.2654,107016.700753785
0.932783641087212,2.2656,107016.700968197
1.0100550887827462,2.2658,107016.701166206
0.9709963051273494,2.266,107016.70137218
0.9656098189438637,2.2662,107016.701579303
0.9741888559430287,2.2664,107016.701784602
0.9811328477982156,2.2666,107016.701988448
0.9653394796369333,2.2668,107016.702195629
0.9813976001702953,2.267,107016.70239942
0.9864851331092876,2.2672,107016.70260216
0.9510133307702336,2.2674,107016.702812462
0.9583225091616919,2.2676,107016.70302116
1.012202147616968,2.2678,107016.703218749
0.9546630475139838,2.268,107016.703428247
0.9859745308463738,2.2682,107016.703631092
0.9787177366380752,2.2684,107016.703835441
0.9670291726580612,2.2686,107016.70404226
0.9754955516239731,2.2688,107016.704247284
0.9448848503705619,2.269,107016.70445895
1.025709376438617,2.2692,107016.704653937
0.9659129607122233,2.2694,107016.704860995
1.0066388091218756,2.2696,107016.705059676
0.9874299545306372,2.2698,107016.705262222
0.9746731513370644,2.27,107016.705467419
0.9847850375160877,2.2702,107016.705670509
0.9559270289937635,2.2704,107016.70587973
1.1064088922977517,2.2706,107016.706060495
0.9872009362964302,2.2708,107016.706263088
0.9765386193766438,2.271,107016.706467893
0.9808874192022083,2.2712,107016.70667179
0.9218246839754131,2.2714,107016.706888751
1.1471112380197563,2.2716,107016.707063102
0.9926248328542895,2.2718,107016.707264588
0.9569515005035107,2.2720000000000002,107016.707473585
1.0072978601989773,2.2721999999999998,107016.707672136
0.9531844013367573,2.2724,107016.707881959
1.1124522058109305,2.2726,107016.708061742
0.9916158864076368,2.2728,107016.708263433
0.9690016075085285,2.273,107016.708469831
0.9829990329572165,2.2732,107016.70867329
0.9740371032153027,2.2734,107016.708878621
1.1115062923185537,2.2736,107016.709058557
0.9775314246809991,2.2738,107016.709263154
0.9814120363989592,2.274,107016.709466942
0.9720912999852803,2.2742,107016.709672684
0.9746018239884696,2.2744,107016.709877896
1.0827374264700345,2.2746,107016.710062613
0.9900401909528976,2.2748,107016.710264625
0.964185358694451,2.275,107016.710472054
1.013217363923517,2.2752,107016.710669445
0.9801327173700812,2.2754,107016.710873499
1.0100959170102937,2.2756,107016.7110715
0.9955846200996828,2.2758,107016.711272387
1.0052574801299212,2.276,107016.711471341
0.987347101357656,2.2762000000000002,107016.711673904
0.9786364086823575,2.2763999999999998,107016.71187827
1.099468968382347,2.2766,107016.712060176
0.9933100196067829,2.2768,107016.712261523
0.9786794752744465,2.277,107016.71246588
0.9802960944131675,2.2772,107016.7126699
0.9830280001463744,2.2774,107016.712873353
1.0718860375562658,2.2776,107016.71305994
1.1303714000039713,2.2778,107016.713236873
0.9826899215885897,2.278,107016.713440396
0.9828299042862326,2.2782,107016.71364389
0.9721102079774675,2.2784,107016.713849628
0.9484111437224721,2.2786,107016.714060507
1.0109179340956873,2.2788,107016.714258347
0.9718975870109882,2.279,107016.71446413
0.9791538068419524,2.2792,107016.714668388
0.974373950554859,2.2794,107016.714873648
1.039085167694645,2.2796,107016.715066125
0.9863927396806548,2.2798,107016.715268884
1.0181277867685348,2.2800000000000002,107016.715465323
0.9460827406848943,2.2802,107016.715676721
0.9875519187049034,2.2804,107016.715879242
1.1104879572625719,2.2806,107016.716059343
1.1342690805829454,2.2808,107016.716235668
0.9751198757534629,2.281,107016.716440771
0.982366469598513,2.2812,107016.716644361
0.9704215701276835,2.2814,107016.716850457
0.9404418349812051,2.2816,107016.717063123
1.0005152829216903,2.2818,107016.71726302
0.977244850134869,2.282,107016.717467677
0.9643620021917572,2.2822,107016.717675068
0.9932064384316068,2.2824,107016.717876436
1.0596082231588984,2.2826,107016.718065185
0.9897511544147052,2.2828,107016.718267256
0.970167362711413,2.283,107016.718473406
0.9438770930807998,2.2832,107016.718685298
1.000209980721831,2.2834,107016.718885256
1.0900965078415121,2.2836,107016.719068726
0.9879421367429352,2.2838,107016.719271167
0.977096867493344,2.284,107016.719475855
0.9421030847961613,2.2842000000000002,107016.719688146
1.007318162601326,2.2843999999999998,107016.719886693
1.1175931221986473,2.2846,107016.720065649
0.9855955481490818,2.2848,107016.720268572
0.9775887875742915,2.285,107016.720473157
0.9767770863292656,2.2852,107016.720677912
0.9775505448974294,2.2854,107016.720882505
1.1154365820047711,2.2856,107016.721061807
0.9774740685191843,2.2858,107016.721266416
0.9732691922900748,2.286,107016.721471909
0.976710309396416,2.2862,107016.721676678
0.9914929879470706,2.2864,107016.721878394
1.1137284155495049,2.2866,107016.722057971
0.9867187780674586,2.2868,107016.722260663
0.9738804981424268,2.287,107016.722466027
0.9780525268303603,2.2872,107016.722670515
0.9631080925520349,2.2874,107016.722878176
1.1192568406339654,2.2876,107016.723056866
1.226316808047077,2.2878,107016.723219956
0.9702003042063124,2.288,107016.723426099
0.9629551167433265,2.2882,107016.723633793
0.9914978518029112,2.2884,107016.723835508
0.9545400550947217,2.2886,107016.724045033
0.9893790208009083,2.2888,107016.72424718
0.9604118053565368,2.289,107016.724455424
0.9899275222041041,2.2892,107016.724657459
1.1613457641989193,2.2894,107016.724829673
1.0232952851220254,2.2896,107016.72502512
0.99515858231966,2.2898,107016.725226093
0.9886209429258747,2.29,107016.725428395
0.982308614870588,2.2902,107016.725631997
0.9793216725806075,2.2904,107016.72583622
0.9486585943468991,2.2906,107016.726047044
1.0215912659226987,2.2908,107016.726242817
0.9727106268028608,2.291,107016.726448428
0.9865240780533175,2.2912,107016.72665116
0.98546438621883,2.2914,107016.72685411
0.9694478652727,2.2916,107016.727060413
0.9897756026232772,2.2918,107016.727262479
0.9855081265385496,2.292,107016.72746542
0.9839130246355975,2.2922000000000002,107016.72766869
0.978938163612837,2.2923999999999998,107016.727872993
1.094960446581314,2.2926,107016.728055648
0.9749724667635702,2.2928,107016.728260782
0.988215480012822,2.293,107016.728463167
0.9828782609900977,2.2932,107016.728666651
0.9855615529394852,2.2934,107016.728869581
1.0115621273965985,2.2936,107016.729067295
0.9883620878271456,2.2938,107016.72926965
0.973747744219975,2.294,107016.729475042
0.9747348800368738,2.2942,107016.729680226
0.973610267529403,2.2944,107016.729885647
1.1290440789096827,2.2946,107016.730062788
0.9804353958989958,2.2948,107016.730266779
0.9748536589243436,2.295,107016.730471938
0.9719164874680928,2.2952,107016.730677717
0.9762764817863443,2.2954,107016.730882577
1.1090163414284573,2.2956,107016.731062917
0.9786746666808005,2.2958,107016.731267275
0.9763336281298811,2.296,107016.731472123
0.9739801563637329,2.2962,107016.731677466
0.9723086143512687,2.2964,107016.731883162
1.075586875640344,2.2965999999999998,107016.732069107
0.9761240086949138,2.2968,107016.732273999
0.9929106727005488,2.297,107016.732475427
0.9749676945284974,2.2972,107016.732680562
0.9733638999497299,2.2974,107016.732886035
1.0791386130653624,2.2976,107016.733071368
1.0218679736523855,2.2978,107016.733267088
0.966982362864336,2.298,107016.733473917
0.9934235314797444,2.2982,107016.733675241
0.9830473359921366,2.2984,107016.73387869
1.1033630710461957,2.2986,107016.734059954
0.9759382486559968,2.2988,107016.734264885
0.9481504129010206,2.299,107016.734475822
0.9698286265896015,2.2992,107016.734682044
0.9932706088380717,2.2994,107016.734883399
0.7108255220991403,2.2996,107016.735164762
1.6324263519611757,2.2998,107016.735287279
1.0595802034618012,2.3,107016.735476033
0.9752053947794754,2.3002000000000002,107016.735681118
0.9803825937371713,2.3004,107016.73588512
1.131452067050324,2.3006,107016.736061884
0.9775601400515276,2.3008,107016.736266475
0.965115848644364,2.301,107016.736473704
0.9688139042770517,2.3012,107016.736680142
0.9818938612947542,2.3014,107016.73688383
0.2841793117953071,2.3016,107016.737587611
1.2757543332906178,2.3018,107016.737744381
3.776078630951851,2.302,107016.737797346
4.398019771143307,2.3022,107016.737842821
2.8485973384974543,2.3024,107016.737913031
1.238236737747362,2.3026,107016.738074551
1.0504532748954496,2.3028,107016.738264945
0.9757668299369365,2.303,107016.738469912
0.966216224949454,2.3032,107016.738676905
0.9797630306444526,2.3034,107016.738881036
1.0820695325665324,2.3036,107016.739065867
0.9797869878961799,2.3038,107016.739269993
0.9806950134588633,2.304,107016.73947393
0.9744689424441735,2.3042,107016.73967917
0.9691660100250639,2.3044000000000002,107016.739885533
1.0660355529262269,2.3045999999999998,107016.740073144
1.0271633370468891,2.3048,107016.740267855
0.9426314381911219,2.305,107016.740480027
1.0090308617345174,2.3052,107016.740678237
0.981518008514397,2.3054,107016.740882003
1.1056137310804581,2.3056,107016.741062898
0.9859550796764147,2.3058,107016.741265747
0.9725166669425231,2.306,107016.741471399
0.9493114881723332,2.3062,107016.741682078
0.9932607745800841,2.3064,107016.741883435
1.1223469894101776,2.3066,107016.742061633
0.9750628022271448,2.3068,107016.742266748
0.9731318506836251,2.307,107016.74247227
0.978909367231022,2.3072,107016.742676579
0.9670619013830334,2.3074,107016.742883391
1.0937807417041054,2.3076,107016.743066243
0.9785836607608593,2.3078,107016.74327062
0.9717086915633908,2.308,107016.743476443
0.9645154930479818,2.3082,107016.743683801
0.9908151619807317,2.3084,107016.743885655
1.1441058535086337,2.3086,107016.744060464
0.9777895063831762,2.3088,107016.744265007
0.9718456317241627,2.309,107016.744470801
0.9704968783570972,2.3092,107016.744676881
0.9582674517490457,2.3094,107016.744885591
1.139218212776357,2.3096,107016.74506115
0.9681245077329383,2.3098,107016.745267735
0.9833034846653846,2.31,107016.745471131
0.9746351364314131,2.3102,107016.745676336
0.9683307051520804,2.3104,107016.745882877
1.1213024819855957,2.3106,107016.746061241
0.9783156888179663,2.3108,107016.746265674
0.973212335191955,2.311,107016.746471179
0.9660062420615061,2.3112,107016.746678217
0.9880495238576156,2.3114,107016.746880636
1.113753144686864,2.3116,107016.747060209
0.9470952811154755,2.3118,107016.747271381
1.0003551453174293,2.312,107016.74747131
0.9758144248109868,2.3122,107016.747676267
0.9764718750462434,2.3124000000000002,107016.747881086
1.0948345820257899,2.3125999999999998,107016.748063762
0.9871425107518123,2.3128,107016.748266367
0.9695559201982868,2.313,107016.748472647
0.9434451887188582,2.3132,107016.748684636
1.0155377083459367,2.3134,107016.748881576
1.1190250979112475,2.3136,107016.749060303
0.9674173650204224,2.3138,107016.749267039
0.9749534472640434,2.314,107016.749472177
0.9568828764908146,2.3142,107016.749681189
0.9584097854494719,2.3144,107016.749889868
1.1485408136800481,2.3146,107016.750064002
0.9866992975240857,2.3148,107016.750266698
0.9809740229190571,2.315,107016.750470577
0.9485641158167014,2.3152,107016.750681422
0.9739848499130278,2.3154,107016.750886764
1.1173309105233786,2.3156,107016.751065762
0.9640459027385373,2.3158,107016.751273221
0.9796910262497384,2.316,107016.751477367
1.0861655209997672,2.3162,107016.751661501
0.9941247062556472,2.3164,107016.751862683
1.018387000768094,2.3166,107016.752059072
1.186204378356377,2.3168,107016.752227677
0.9723701126921079,2.317,107016.75243336
0.9733496995190852,2.3172,107016.752638836
0.9604256307854039,2.3174,107016.752847077
0.9668094508593398,2.3176,107016.753053943
0.9977699807027962,2.3178,107016.75325439
0.964259702091611,2.318,107016.753461803
0.9566952434119146,2.3182,107016.753670856
0.9800222223156044,2.3184,107016.753874933
1.069455812727904,2.3186,107016.754061944
0.9858821623118773,2.3188,107016.754264808
0.953570619588233,2.319,107016.754474546
0.9818890912104673,2.3192,107016.754678235
0.976038259172975,2.3194,107016.754883145
1.123557649042233,2.3196,107016.755061151
0.9800798779168356,2.3198,107016.755265216
0.9686308475752532,2.32,107016.755471693
0.9641248912649428,2.3202,107016.755679135
0.9750295297169899,2.3204000000000002,107016.755884257
1.1278407312612577,2.3205999999999998,107016.756061587
0.9857898817931818,2.3208,107016.75626447
0.9752766720898504,2.321,107016.75646954
0.9515155615724694,2.3212,107016.756679731
0.9848189791768018,2.3214,107016.756882814
1.125872629380575,2.3216,107016.757060454
0.9812194248084549,2.3218,107016.757264282
0.9621582967707236,2.322,107016.757472148
0.9768725473836182,2.3222,107016.757676883
0.956846236632472,2.3224,107016.757885903
1.1399714015624203,2.3226,107016.758061346
0.9781194874283564,2.3228,107016.75826582
0.9631591177887597,2.323,107016.75847347
0.9909919092074972,2.3232,107016.758675288
0.9528483023446241,2.3234,107016.758885185
1.1020376744517502,2.3236,107016.759066667
0.9776939355908262,2.3238,107016.75927123
0.9743169643102289,2.324,107016.759476502
0.9769393465032418,2.3242,107016.759681223
0.9665618223597527,2.3244,107016.759888142
1.1141253876632213,2.3246,107016.760067655
0.9960655940835086,2.3247999999999998,107016.760268445
0.9871181215502587,2.325,107016.760471055
0.9658009654287483,2.3252,107016.760678137
0.9610764128835348,2.3254,107016.760886237
1.1446362089731938,2.3256,107016.761060965
0.9505838795127478,2.3258,107016.761271362
0.9961250806910573,2.326,107016.76147214
0.9559635319948689,2.3262,107016.761681353
0.9895895272635277,2.3264,107016.761883457
1.065865163710775,2.3266,107016.762071098
0.9843779200000978,2.3268,107016.762274272
0.9627650275181332,2.327,107016.762482007
0.9609517625109955,2.3272,107016.762690134
0.9873763963086674,2.3274,107016.762892691
1.1803169779119556,2.3276,107016.763062137
0.9808393281883471,2.3278,107016.763266044
0.9694384287076778,2.328,107016.763472349
0.9596837144398646,2.3282,107016.763680751
0.9817251828019213,2.3284000000000002,107016.763884474
1.139756994326462,2.3286,107016.76405995
0.9741082098462935,2.3288,107016.764265266
0.9583822509378527,2.329,107016.764473951
0.9559909276993307,2.3292,107016.764683158
0.9963583309390891,2.3294,107016.764883889
0.5190922066911619,2.3296,107016.765269177
1.1814465529932745,2.3298,107016.765438461
5.737893239971546,2.33,107016.765473317
0.9790148692718477,2.3302,107016.765677604
0.9912669429357582,2.3304,107016.765879366
1.1069783294453877,2.3306,107016.766060038
0.9658336789413757,2.3308,107016.766267113
0.9743881808875313,2.331,107016.76647237
0.9691565789441998,2.3312,107016.766678735
0.8209742445562844,2.3314,107016.766922348
0.914687159648365,2.3316,107016.767141002
0.9036117161408468,2.3318,107016.767362336
1.6537809406069228,2.332,107016.767483271
0.9972476326941888,2.3322,107016.767683823
0.9807623363842396,2.3324,107016.767887746
1.1466903204407286,2.3326000000000002,107016.768062161
0.9216377533143717,2.3327999999999998,107016.768279166
1.0332713306092727,2.333,107016.768472726
0.9667533459738951,2.3332,107016.768679604
1.0539295943903346,2.3334,107016.76886937
0.9576067888594371,2.3336,107016.769078224
1.0382382922480604,2.3338,107016.769270858
0.9737193213696026,2.334,107016.769476256
0.9763908505284753,2.3342,107016.769681092
0.9564939044761588,2.3344,107016.769890189
1.1545544088494855,2.3346,107016.770063416
0.9793456082526804,2.3348,107016.770267634
0.9736339937998713,2.335,107016.77047305
0.9678434213468059,2.3352,107016.770679695
0.9712226699116252,2.3354,107016.770885621
1.1164950357021572,2.3356,107016.771064753
0.9781673120953606,2.3358,107016.771269217
0.9785502172028135,2.336,107016.771473601
0.9892370952626948,2.3362,107016.771675777
0.964841179937194,2.3364,107016.771883065
1.1551011962749456,2.3366,107016.77205621
0.9774072657690441,2.3368,107016.772260833
0.9653021893084444,2.337,107016.772468022
0.9699838626879772,2.3372,107016.772674211
0.9746683129116513,2.3374,107016.772879409
1.137973681607914,2.3376,107016.77305516
0.9277900793615216,2.3378,107016.773270726
0.9904176754580707,2.338,107016.773472661
0.9732786346574589,2.3382,107016.773678152
0.9597251960715549,2.3384,107016.773886545
1.1387381508023,2.3386,107016.774062178
0.9728430980700757,2.3388,107016.774267761
0.9665711350291651,2.339,107016.774474678
0.9623249670405031,2.3392,107016.774682508
0.9814553476333232,2.3394,107016.774886287
1.112532710620987,2.3396,107016.775066057
0.9802191878652795,2.3398,107016.775270093
0.9746018930990645,2.34,107016.775475305
0.9649994307273413,2.3402,107016.775682559
0.9674688478993142,2.3404,107016.775889284
1.1528973222555423,2.3406000000000002,107016.77606276
0.9752196494041613,2.3407999999999998,107016.776267842
0.969086125028363,2.341,107016.776474222
0.9675016063928301,2.3412,107016.77668094
0.9777847760937263,2.3414,107016.776885484
1.0794472932675392,2.3416,107016.777070764
1.0183507058784924,2.3418,107016.77726716
0.9758239166293609,2.342,107016.777472115
0.9713830898047456,2.3422,107016.777678007
0.9679464151375525,2.3424,107016.77788463
1.1349965222462735,2.3426,107016.778060842
0.9777560475247186,2.3428,107016.778265392
0.9698897431613387,2.343,107016.778471601
0.9740513237105689,2.3432,107016.778676929
0.9638693074155305,2.3434,107016.778884426
1.1141006419906696,2.3436,107016.779063943
1.0009809853822806,2.3438,107016.779263747
0.9562011688367107,2.344,107016.779472908
0.9595686032681775,2.3442,107016.779681335
0.9883424712703962,2.3444,107016.779883694
1.1286745927861908,2.3446,107016.780060893
0.967492275787308,2.3448,107016.780267613
0.9950545432302124,2.3449999999999998,107016.780468607
0.9678855432284189,2.3452,107016.780675243
0.9749534472640434,2.3454,107016.780880381
1.1305184011859417,2.3456,107016.781057291
0.972355872450791,2.3458,107016.781262977
0.9844118336026557,2.346,107016.781466144
0.9660809344400766,2.3462,107016.781673166
0.9675063058181254,2.3464,107016.781879883
1.112805018477812,2.3466,107016.782059609
0.991970015716788,2.3468,107016.782261228
0.9569744217810879,2.347,107016.78247022
0.987839671997823,2.3472,107016.782672682
0.9655492405549285,2.3474,107016.782879818
1.0287430748647939,2.3476,107016.78307423
0.6414861826071947,2.3478,107016.783386006
1.6580036619189085,2.348,107016.783506633
1.0873051917555696,2.3482,107016.783690574
0.7686572124688115,2.3484,107016.783950768
1.0907444853834845,2.3486000000000002,107016.784134129
1.1623041321789334,2.3487999999999998,107016.784306201
1.0073131422992365,2.349,107016.784504749
0.9774740685191843,2.3492,107016.784709358
0.9745734203638245,2.3494,107016.784914576
0.9501006929966169,2.3496,107016.78512508
0.8990582481011787,2.3498,107016.785347535
1.095662259472918,2.35,107016.785530073
0.9644410425276186,2.3502,107016.785737447
0.9586670957263648,2.3504,107016.78594607
0.9696029110883083,2.3506,107016.78615234
0.9949951844152977,2.3508,107016.786353346
0.9705911157609256,2.351,107016.786559406
0.9690720491375225,2.3512,107016.786765789
0.9644782663510442,2.3514,107016.786973155
0.966739337769964,2.3516,107016.787180036
0.9748013871165148,2.3518,107016.787385206
0.9112281310676452,2.352,107016.78760469
1.0535465708613572,2.3522,107016.787794525
0.9799693947750553,2.3524,107016.787998613
0.9666926240241466,2.3526,107016.788205504
0.9794174920869964,2.3528000000000002,107016.788409707
0.956471006206807,2.3529999999999998,107016.788618809
0.9966015907771452,2.3532,107016.788819491
0.9508189147436364,2.3534,107016.789029836
0.992881048433624,2.3536,107016.78923127
0.9801903160680323,2.3538,107016.789435312
0.9725734427825384,2.354,107016.789640952
0.984562110961832,2.3542,107016.789844088
0.9522267544082557,2.3544,107016.790054122
0.9889191390695747,2.3546,107016.790256363
0.9350076529298152,2.3548,107016.790470265
1.009942865280465,2.355,107016.790668296
0.9809788541344916,2.3552,107016.790872174
1.0495381620600739,2.3554,107016.791062734
0.9574692292723984,2.3556,107016.791271618
0.9904716355127781,2.3558,107016.791473542
0.98748366046243,2.356,107016.791676077
0.9847511687523756,2.3562,107016.791879174
1.066530080909035,2.3564,107016.792066698
0.9835888374983852,2.3566,107016.792270035
0.9784305358648342,2.3568,107016.792474444
0.9747063304076085,2.357,107016.792679634
0.9761145110355249,2.3572,107016.792884528
1.1277008100322885,2.3574,107016.79306188
0.9853769878736541,2.3576,107016.793264848
0.9709303848208803,2.3578,107016.793470836
0.9703744313426611,2.358,107016.793676942
0.9847996441394292,2.3582,107016.793880029
1.1043317265493835,2.3584,107016.794061134
0.9760430418941463,2.3586,107016.794266043
0.9824099353393276,2.3588,107016.794469624
0.9393067070384697,2.359,107016.794682547
1.018994059495092,2.3592,107016.794878819
1.0948705154556828,2.3594,107016.795061489
0.9809595995734739,2.3596,107016.795265371
0.9826512787718314,2.3598,107016.795468902
0.9743359589844601,2.36,107016.79567417
0.9636000092265183,2.3602,107016.795881725
1.09354159055805,2.3604,107016.796064617
0.9804402218104873,2.3606,107016.796268607
0.975742999606832,2.3608000000000002,107016.796473579
0.9800222223134283,2.3609999999999998,107016.796677656
0.9802432373456264,2.3612,107016.796881687
1.0971588802730214,2.3614,107016.797063976
0.9721527020766049,2.3616,107016.797269705
0.9973818778308554,2.3618,107016.79747023
0.9800078269450502,2.362,107016.79767431
0.9739421954951916,2.3622,107016.797879661
1.099620094301981,2.3624,107016.798061542
0.9800317961699808,2.3626,107016.798265617
0.9761621398340531,2.3628,107016.798470501
0.980036687992597,2.363,107016.798674575
0.9701579121341453,2.3632,107016.798880727
0.6178560289724935,2.3634,107016.799204427
2.3915723833231253,2.3636,107016.799288054
1.0696731383680282,2.3638,107016.799475027
0.97431703338043,2.364,107016.799680299
0.9891783572690183,2.3642,107016.799882487
1.0443373632923934,2.3644,107016.800073996
1.0122123605296396,2.3646,107016.800271583
0.9691565789441998,2.3648,107016.800477948
0.9648784346573861,2.365,107016.800685228
0.9549456191152946,2.3652,107016.800894664
1.1927695042339115,2.3654,107016.801062341
0.9809306841435877,2.3656,107016.801266229
0.9739326712325413,2.3658,107016.801471582
0.9806902550155501,2.366,107016.80167552
1.261726099908141,2.3662,107016.801834033
0.9710105055742381,2.3664,107016.802040004
0.9921028436189946,2.3666,107016.802241596
0.9816721715104114,2.3668,107016.80244533
1.1492205657528232,2.367,107016.802619361
0.9364874440088459,2.3672,107016.802832925
0.9950149218767965,2.3674,107016.803033927
1.0104735489182386,2.3676,107016.803231854
0.935453703074394,2.3678,107016.803445654
1.0128582797666816,2.368,107016.803643115
0.9748060885840846,2.3682,107016.803848284
0.9488881580147268,2.3684,107016.804059057
0.9765481946758027,2.3686,107016.80426386
0.9829169216636284,2.3688000000000002,107016.804467336
0.9733781007925661,2.3689999999999998,107016.804672806
0.9780620622414148,2.3692,107016.804877292
1.091494556597885,2.3694,107016.805060527
0.9793983685594829,2.3696,107016.805264734
0.9667065628789229,2.3698,107016.805471622
0.9748916908788474,2.37,107016.805676773
0.9794990895305963,2.3702,107016.805880959
1.0933741251964662,2.3704,107016.806063879
1.001727990092153,2.3706,107016.806263534
0.96947138910412,2.3708,107016.806469832
0.9880885924216023,2.371,107016.806672243
0.9724031351465625,2.3712,107016.806877919
1.115498777779206,2.3714,107016.807057211
0.9623018561139461,2.3716,107016.807265046
0.98103655232682,2.3718,107016.807468912
0.9867576706166102,2.372,107016.807671596
0.9882937175492349,2.3722,107016.807873965
1.0965092101171046,2.3724,107016.808056362
0.9758858604748438,2.3726,107016.808261304
0.9764432929435654,2.3728,107016.808466129
0.9818794108899431,2.373,107016.80866982
0.9789813264990245,2.3731999999999998,107016.808874114
1.0443318878599828,2.3734,107016.809065624
1.2051095972574855,2.3736,107016.809231584
0.9790148692718477,2.3738,107016.809435871
0.9748679032724563,2.374,107016.809641027
0.9756954116976496,2.3742,107016.809846009
0.9465618480464986,2.3744,107016.8100573
0.9900352700732539,2.3746,107016.810259313
0.9683260659381587,2.3748,107016.810465855
0.9896678400002596,2.375,107016.810667943
0.9737809983016438,2.3752,107016.810873328
1.0635638503160603,2.3754,107016.811061375
0.9553014593479772,2.3756,107016.811270733
0.9965817180534348,2.3758,107016.811471419
0.979216174175163,2.376,107016.811675664
0.9763908505284753,2.3762,107016.8118805
1.1108704110331422,2.3764,107016.812060539
0.9744641751370554,2.3766,107016.81226578
0.9792880390091505,2.3768000000000002,107016.81247001
0.953998205212516,2.377,107016.812679654
0.9916749142526577,2.3772,107016.812881333
1.09750810478044,2.3774,107016.813063564
0.9723227844184997,2.3776,107016.813269257
0.9841309358944863,2.3778,107016.813472482
0.9200774592225304,2.378,107016.813689855
1.0093363847092074,2.3782,107016.813888005
1.1333499203456485,2.3784,107016.814064473
0.9816770096049574,2.3786,107016.814268206
0.9712792947598211,2.3788,107016.81447412
0.985828701146342,2.379,107016.814676995
0.9723889627351228,2.3792,107016.814882674
1.1150509782081883,2.3794,107016.815062038
0.9795902658034427,2.3796,107016.815266205
0.9761335065347952,2.3798,107016.815471095
0.9811905641073765,2.38,107016.815674929
0.9701391484901943,2.3802,107016.815881085
1.0908159051756359,2.3804,107016.816064434
0.9818938612947542,2.3806,107016.816268122
0.6714225809378866,2.3808,107016.816565997
1.4383418073313714,2.3810000000000002,107016.816705046
1.0839579583868628,2.3811999999999998,107016.816889555
1.1393090604300131,2.3814,107016.8170651
0.9496586134532139,2.3816,107016.817275702
1.0033159426247311,2.3818,107016.817475041
0.9851100137868061,2.382,107016.817678064
0.9759620885263781,2.3822,107016.81788299
1.103490904255898,2.3824,107016.818064233
0.9894524563681538,2.3826,107016.818266365
0.9691377856752451,2.3828,107016.818472734
0.9746588435609221,2.383,107016.818677934
0.9834147209087616,2.3832,107016.818881307
1.1157476302520652,2.3834,107016.819060559
0.9735818527039973,2.3836,107016.819265986
0.9444119164746015,2.3838,107016.819477758
0.9629180778595317,2.384,107016.81968546
1.01286850592419,2.3842,107016.819882919
1.0993722273774476,2.3844,107016.820064841
0.9810846626830847,2.3846,107016.820268697
1.0881571001721386,2.3848,107016.820452494
0.9949753757065825,2.385,107016.820653504
0.9774549512964288,2.3852,107016.820858117
1.006041296699201,2.3854,107016.821056916
0.9836952802592731,2.3856,107016.821260231
0.9717700453278241,2.3858,107016.821466041
0.9696828813120343,2.386,107016.821672294
0.98646566179032,2.3862,107016.821875038
1.1077570623837436,2.3864,107016.822055583
0.9799454286023669,2.3866,107016.822259676
0.9720770679090888,2.3868,107016.822465421
0.9771780092319629,2.387,107016.822670092
0.9782965386587374,2.3872,107016.822874529
1.106335416115647,2.3874,107016.823055306
0.9790771491596988,2.3876,107016.82325958
0.9704874213590264,2.3878,107016.823465662
0.9423827274959661,2.388,107016.82367789
0.9975012452311679,2.3882,107016.823878391
1.1303458344414399,2.3884,107016.824055328
0.9759287546132929,2.3886,107016.824260261
0.9707889710355648,2.3888,107016.824466279
0.978009445806486,2.3890000000000002,107016.824670776
0.9821687104255293,2.3891999999999998,107016.824874407
1.0942475093999,2.3894,107016.825057181
0.9995952093830068,2.3896,107016.825257262
0.959232607177541,2.3898,107016.825465762
0.9931472998962395,2.39,107016.825667142
0.9914241838360334,2.3902,107016.825868872
1.0704345992267863,2.3904,107016.826055712
0.981758913862249,2.3906,107016.826259428
0.9818167038552448,2.3908,107016.826463132
0.9631916525743558,2.391,107016.826670775
1.0002250485068802,2.3912,107016.82687073
1.1027303653847933,2.3914,107016.827052098
0.9884939511965145,2.3916,107016.827254426
0.9713452624541656,2.3918,107016.827460326
0.9749439723721082,2.392,107016.827665466
0.9618575740945993,2.3922,107016.827873397
1.0974779572220281,2.3924,107016.828055633
0.9673752838799651,2.3926,107016.828262378
0.9894475413292941,2.3928,107016.828464511
0.9593154290839296,2.393,107016.828672993
0.9885574429849975,2.3932,107016.828875308
1.1230906922413475,2.3934,107016.829053388
0.9590348833591099,2.3936,107016.829261931
0.9872447599953716,2.3938,107016.829464515
0.9652043667401755,2.394,107016.829671725
0.9868989564166682,2.3942,107016.82987438
1.1072357932484436,2.3944,107016.83005501
0.982024004267556,2.3946,107016.830258671
0.971368947111052,2.3948,107016.830464566
0.9712462113193506,2.395,107016.830670487
0.857945693022302,2.3952,107016.830903602
1.21511107398623,2.3954,107016.831068196
1.02019997580113,2.3956,107016.831264236
0.9719495478532146,2.3958,107016.831470008
1.0141318659790985,2.396,107016.831667221
0.9610764128835348,2.3962,107016.831875321
1.1188498282066017,2.3964,107016.832054076
0.9816866859371158,2.3966,107016.832257807
0.9743881808875313,2.3968,107016.832463064
0.9740939876899922,2.3970000000000002,107016.832668383
0.9782151414371479,2.3971999999999998,107016.832872837
1.0959624629383409,2.3974,107016.833055325
0.8499570873039158,2.3976,107016.833290631
0.9989660177576928,2.3978,107016.833490838
1.0263516406665427,2.398,107016.833685703
0.9899225311439019,2.3982,107016.833887739
1.0872224480235828,2.3984,107016.834071694
0.9873081623291288,2.3986,107016.834274265
0.9806180443084112,2.3988,107016.834478218
0.9617142145646993,2.399,107016.83468618
0.9898245739504108,2.3992,107016.834888236
1.1575145913471157,2.3994,107016.83506102
0.9826561265221213,2.3996,107016.83526455
0.9691284234823415,2.3998,107016.835470921
0.9782199455183773,2.4,107016.835675374
0.9729235348199756,2.4002,107016.83588094
0.9247528045205097,2.4004,107016.836097214
1.0683133732102748,2.4006,107016.836284425
1.027369111266513,2.4008,107016.836479097
0.9733401868409897,2.401,107016.836684575
0.9775123052146812,2.4012000000000002,107016.836889176
1.1620677817017377,2.4013999999999998,107016.837061283
0.9687387887211418,2.4016,107016.837267737
0.9762908370953909,2.4018,107016.837472594
0.9125044905002929,2.402,107016.837691771
1.0300198936246414,2.4022,107016.837885942
1.1353186703848819,2.4024,107016.838062104
0.9790099876446408,2.4026,107016.838266392
0.968494880073044,2.4028,107016.838472898
0.9647108787912332,2.403,107016.838680214
0.9765386887621942,2.4032,107016.838885019
1.1428766656883582,2.4034,107016.839060016
0.9733828574810812,2.4036,107016.839265485
0.9708973937308886,2.4038,107016.83947148
0.9659455460356248,2.404,107016.839678531
0.9817155758318189,2.4042,107016.839882256
1.0818178477846523,2.4044,107016.84006713
0.9661555704521794,2.4046,107016.840274136
0.9843149639357606,2.4048,107016.840477323
0.960361070787619,2.4050000000000002,107016.840685578
0.9752720352854725,2.4052,107016.840890649
1.1587955135477839,2.4054,107016.841063242
0.9900205790424421,2.4056,107016.841265258
0.9654466884272088,2.4058,107016.841472416
0.962565777500392,2.406,107016.841680194
0.9771828031295461,2.4062,107016.841884864
1.1251378576323416,2.4064,107016.84206262
0.9837242884978454,2.4066,107016.842265929
0.9433516809584541,2.4068,107016.842477939
0.9924179777480119,2.407,107016.842679467
0.9861738257398414,2.4072,107016.842882271
1.1334462841167114,2.4074,107016.843058724
0.9727200583352309,2.4076,107016.843264333
0.9626075086617816,2.4078,107016.843472102
0.966739337769964,2.408,107016.843678983
0.9861300970645607,2.4082,107016.843881796
1.1112592381362822,2.4084,107016.844061772
0.9850761226665983,2.4086,107016.844264802
0.9450366869554849,2.4088,107016.844476434
0.9933742033989996,2.409,107016.844677768
0.9719920279094109,2.4092000000000002,107016.844883531
1.1362861190207567,2.4093999999999998,107016.845059543
0.9756383400413006,2.4096,107016.845264537
0.9738994758021613,2.4098,107016.845469897
0.969109631305306,2.41,107016.845676272
0.9603287940402205,2.4102,107016.845884534
1.142315372802787,2.4104,107016.846059617
0.9789956917307204,2.4106,107016.846263908
0.9664963668347514,2.4108,107016.846470841
0.9601951471210195,2.411,107016.846679132
0.9711000396948987,2.4112,107016.846885084
1.1471705052069607,2.4114,107016.847059426
0.9402694064215804,2.4116,107016.847272131
0.9866359733631016,2.4118,107016.84747484
0.99731225400878,2.412,107016.847675379
0.9637904283464316,2.4122,107016.847882893
1.0780915020812867,2.4124,107016.848068406
0.9680776600290543,2.4126,107016.848275001
0.9326879306655853,2.4128,107016.848489435
1.0253885839150854,2.413,107016.848684483
0.982950734668901,2.4132,107016.848887952
1.1451868081231729,2.4134,107016.849062596
0.9905256014475222,2.4136,107016.849264509
0.9506697518845446,2.4138,107016.849474887
0.9663609978680332,2.414,107016.849681849
0.9816866158180808,2.4142,107016.84988558
1.1197205229289848,2.4144,107016.850064196
0.9852944788461877,2.4146,107016.850267181
0.9648690868374389,2.4148,107016.850474463
0.9681432617236101,2.415,107016.850681044
0.9692646372979374,2.4152,107016.850887386
1.1133687939240648,2.4154,107016.851067021
1.000660390445345,2.4156,107016.851266889
0.9696828813120343,2.4158,107016.851473142
0.9718975870109882,2.416,107016.851678925
1.0333407050542796,2.4162,107016.851872472
1.090607731756581,2.4164,107016.852055856
0.9943322735336372,2.4166,107016.852256996
0.9610625687123003,2.4168,107016.852465099
0.9829024411264907,2.417,107016.852668578
0.9925410339641696,2.4172000000000002,107016.852870081
1.086791128854996,2.4173999999999998,107016.853054109
0.9929747331543598,2.4176,107016.853255524
0.9773355377024409,2.4178,107016.853460162
0.9461857146760543,2.418,107016.853671537
0.9818505113497316,2.4182,107016.853875234
1.0899479017112714,2.4184,107016.854058729
0.9775362220468307,2.4186,107016.854263325
0.9891343617414026,2.4188,107016.854465522
0.9447732617781166,2.419,107016.854677213
1.0010160526643397,2.4192,107016.85487701
1.1063782537700775,2.4194,107016.85505778
0.9850615784426466,2.4196,107016.855260813
0.9575929777465574,2.4198,107016.85546967
0.9910655844085453,2.42,107016.855671473
1.1178554569678483,2.4202,107016.855850387
1.012735134233264,2.4204,107016.856047872
1.0088628770059862,2.4206,107016.856246115
0.9737999030867925,2.4208,107016.856451496
0.9632519354859127,2.421,107016.856659126
0.946848645270587,2.4212,107016.856870353
1.0742350489540395,2.4214,107016.857056532
0.985129431623008,2.4215999999999998,107016.857259551
0.9668188363144397,2.4218,107016.857466415
0.9730134220944745,2.422,107016.857671962
0.9668281539349647,2.4222,107016.857878824
1.1230024125614533,2.4224,107016.858056918
0.9873666784196442,2.4226,107016.858259477
0.9629597721051527,2.4228,107016.85846717
0.982815426315061,2.423,107016.858670667
0.9645387781156167,2.4232,107016.85887802
1.0953261674249148,2.4234,107016.859060614
0.6607835145949692,2.4236,107016.859363285
2.2296544264344687,2.4238,107016.859452985
1.0306834139397159,2.424,107016.859647031
0.8776741500834535,2.4242,107016.859874906
0.6317298934801929,2.4244,107016.860191497
1.3506304592481682,2.4246,107016.860339576
1.0882280953589685,2.4248,107016.860523361
0.9051616834448518,2.425,107016.860744316
1.8725890399064522,2.4252000000000002,107016.86085112
1.1321822408126443,2.4254,107016.86102777
0.9935222741618269,2.4256,107016.861229074
0.6973135894535228,2.4258,107016.861515889
1.6045955653094266,2.426,107016.861640531
0.9943174547014548,2.4262,107016.861841674
1.0775049257730718,2.4264,107016.862027288
1.0004903012848716,2.4266,107016.86222719
0.8564833207077411,2.4268,107016.862460703
1.149967317820411,2.427,107016.862634621
0.8815698571625618,2.4272,107016.862861489
1.0416884202534213,2.4274,107016.863053485
1.0271949656299986,2.4276,107016.86324819
0.9971034408527567,2.4278,107016.863448771
0.6791701680730904,2.428,107016.863743248
2.088707421168093,2.4282,107016.863839001
0.4731197125293404,2.4284,107016.864261727
15.77908124635311,2.4286,107016.864274402
0.8188734212599299,2.4288,107016.86451864
0.9976703919311258,2.429,107016.864719107
1.3967163245104124,2.4292,107016.8648623
1.2245372754541135,2.4294000000000002,107016.865025627
0.642770608751894,2.4295999999999998,107016.86533678
1.28579323748709,2.4298,107016.865492326
1.3956734147270953,2.43,107016.865635626
0.9889582764362697,2.4302,107016.865837859
1.0633999273935026,2.4304,107016.866025935
0.8686097289327033,2.4306,107016.866256188
1.0514860537566,2.4308,107016.866446395
0.9958472727313787,2.431,107016.866647229
0.9807815832020812,2.4312,107016.866851148
1.144033951297152,2.4314,107016.867025968
0.9849645102773119,2.4316,107016.867229021
0.9888066541783181,2.4318,107016.867431285
0.9135215004677304,2.432,107016.867650218
1.0327751050609812,2.4322,107016.867843871
1.0838287984745598,2.4324,107016.868028402
0.9901431127326923,2.4326,107016.868230393
0.9830569690428029,2.4328,107016.86843384
0.9900401909528976,2.433,107016.868635852
0.9815372850030963,2.4332,107016.868839614
1.0762061679673132,2.4334,107016.869025452
0.9909968396037341,2.4336,107016.869227269
0.9843681905413333,2.4338,107016.869430445
0.9118388519021835,2.434,107016.869649782
1.0133611734905004,2.4342,107016.869847145
0.8548615925500139,2.4344,107016.870081101
1.2306481122962853,2.4346,107016.870243617
0.9645200958210352,2.4348,107016.870450974
1.0424919864795472,2.435,107016.870642822
0.9873959035975916,2.4352,107016.870845375
1.1064333865273228,2.4354,107016.871026136
0.9837871690241032,2.4356,107016.871229432
0.9260545689894336,2.4358,107016.871445402
1.0230073718423776,2.436,107016.871640904
0.9874007982746854,2.4362,107016.871843456
1.0923888157417165,2.4364,107016.872026541
0.9906678969762766,2.4366,107016.872228425
0.9822506967571248,2.4368,107016.872432039
0.9898490970762056,2.437,107016.87263409
0.9864851331092876,2.4372,107016.87283683
0.9502180766558184,2.4374000000000002,107016.873047308
0.9380071351033327,2.4375999999999998,107016.873260526
0.9131211099361942,2.4378,107016.873479555
1.1410444594122469,2.438,107016.873654833
0.9206619885551738,2.4382,107016.873872068
1.2496719038173099,2.4384,107016.87403211
0.9441934646254845,2.4386,107016.874243931
1.0305188059266144,2.4388,107016.874438008
0.9885330549153919,2.439,107016.874640328
0.9818938612947542,2.4392,107016.874844016
1.098430332956117,2.4394,107016.875026094
0.9771159707137748,2.4396,107016.875230778
0.9275060719379083,2.4398,107016.87544641
1.0279605565897183,2.44,107016.87564097
0.9822362358452982,2.4402,107016.875844587
1.064701922419675,2.4404,107016.876032433
0.9835356247558665,2.4406,107016.876235781
0.9897119542688593,2.4408,107016.87643786
0.987220436652884,2.441,107016.876640449
0.8958205291767974,2.4412,107016.876863708
1.0470436825012777,2.4414,107016.877054722
1.0420791447265156,2.4416,107016.877246646
0.9838404794167527,2.4418,107016.877449931
0.8672726061114591,2.442,107016.877680539
1.1474797705222097,2.4422,107016.877854834
1.0495217322065413,2.4424,107016.878045397
1.0088271837541243,2.4426,107016.878243647
1.029097792978637,2.4428,107016.878437992
0.9082321887893985,2.443,107016.8786582
1.042861631922317,2.4432,107016.87884998
1.1294649478352745,2.4434,107016.879027055
0.9900254997760458,2.4436,107016.87922907
0.9856245978890295,2.4438,107016.879431987
0.9886796858586283,2.444,107016.879634277
0.9748298731738725,2.4442,107016.879839441
1.0028933626107712,2.4444,107016.880038864
1.0477951419259761,2.4446,107016.880229741
0.9860814906128895,2.4448,107016.880432564
0.9880592551927954,2.445,107016.880634981
0.9868696897869904,2.4452,107016.880837642
1.0537352605878625,2.4454000000000002,107016.881027443
0.9909427508581208,2.4455999999999998,107016.881229271
0.8765740279054851,2.4458,107016.881457432
1.0432804791959822,2.446,107016.881649135
1.0240812442382687,2.4462,107016.881844432
1.0817945164468799,2.4464,107016.88202931
0.9892468500049151,2.4466,107016.882231484
0.8743896020134582,2.4468,107016.882460215
1.1275991298122683,2.447,107016.882637583
0.8856101398492728,2.4472,107016.882863416
1.0941517721388088,2.4474,107016.883046206
0.994925893396794,2.4476,107016.883247226
0.9060761190954943,2.4478,107016.883467958
1.1389652000719388,2.448,107016.883643556
0.8405727281488866,2.4482,107016.883881489
1.1327338040619734,2.4484,107016.884058053
1.0401984314104844,2.4486,107016.884250324
0.9847026275868065,2.4488,107016.884453431
1.0012415334526046,2.449,107016.884653183
0.9157635291331481,2.4492,107016.88487158
1.176941376946133,2.4494,107016.885041512
1.0251257938448428,2.4496,107016.88523661
0.9252362704244378,2.4497999999999998,107016.885452771
0.8773392255793955,2.45,107016.885680733
1.1783420511245635,2.4502,107016.885850463
1.1273385827922633,2.4504,107016.886027872
0.8767814925225156,2.4506,107016.886255979
1.0333354220139328,2.4508,107016.886449527
1.0477677434954837,2.451,107016.886640409
0.9975957315002967,2.4512,107016.886840891
1.074310033290927,2.4514,107016.887027057
0.9887333855663313,2.4516,107016.887229336
0.8716952023988092,2.4518,107016.887458774
1.1322527542190812,2.452,107016.887635413
0.874080025815479,2.4522,107016.887864225
1.2210757780129244,2.4524,107016.888028015
0.9928662728256403,2.4526,107016.888229452
0.9872448309106588,2.4528,107016.888432036
0.9855663587727287,2.453,107016.888634965
0.9741224324157362,2.4532,107016.888840278
1.0607997357264853,2.4534000000000002,107016.889028815
1.000610341075598,2.4536,107016.889228693
0.9808249088054972,2.4538,107016.889432603
0.9720959753476229,2.454,107016.889638344
0.8564357139402229,2.4542,107016.88987187
1.2524657512344306,2.4544,107016.890031555
0.8812669300654791,2.4546,107016.890258501
1.1177429997150714,2.4548,107016.890437433
0.995104110388939,2.455,107016.890638417
0.9841018332042444,2.4552,107016.890841648
1.0772785800757037,2.4554,107016.891027301
0.86808189687435,2.4556,107016.891257694
1.1351704182775133,2.4558,107016.891433879
0.9793408628952602,2.456,107016.891638098
0.9921372915946105,2.4562,107016.891839683
1.0604229122223687,2.4564,107016.892028287
0.8803320477892818,2.4566,107016.892255474
1.1284835006638008,2.4568,107016.892432703
0.9828444529684887,2.457,107016.892636194
0.9756097374599219,2.4572,107016.892841194
1.0721561218481077,2.4574,107016.893027734
0.676912867058551,2.4576000000000002,107016.893323193
1.2970168994895759,2.4577999999999998,107016.893477393
1.0052423338701886,2.458,107016.89367635
1.1140075394826428,2.4582,107016.893855882
1.0685301516640584,2.4584,107016.894043055
0.9309036734398701,2.4586,107016.8942579
0.825743354752025,2.4588,107016.894500106
1.337121940553706,2.459,107016.894649681
0.9366321254043354,2.4592,107016.894863212
1.2098774203849425,2.4594,107016.895028518
0.8597749946700605,2.4596,107016.895261137
1.0705721776080994,2.4598,107016.895447953
0.8708297775361771,2.46,107016.895677619
1.1257584611458011,2.4602,107016.895855277
0.8054578003590178,2.4604,107016.896103583
1.3827241812672735,2.4606,107016.896248225
1.0401282118534567,2.4608,107016.896440509
1.0001949861786967,2.461,107016.89664047
0.996686004475439,2.4612,107016.896841135
0.8855121688427933,2.4614,107016.897066993
0.93337999457506,2.4616,107016.897281268
1.07403886287528,2.4618,107016.897467481
1.02047062640092,2.462,107016.897663469
0.9256859498404578,2.4622,107016.897879525
1.225542714929361,2.4624,107016.898042718
0.98611063975839,2.4626,107016.898245535
0.994337309159685,2.4628,107016.898446674
0.8845447505691266,2.463,107016.898672779
1.0480313230763008,2.4632,107016.898863613
1.114609684721239,2.4634,107016.899043048
0.8785570579466286,2.4636,107016.899270694
1.1187246951890308,2.4638,107016.899449469
0.8446695010099351,2.464,107016.899686248
0.8876540326046441,2.4642,107016.899911561
1.4693458642632764,2.4644,107016.900047676
0.9907120290323571,2.4646,107016.900249551
1.0026218606056474,2.4648,107016.900449028
0.9855615529394852,2.465,107016.900651958
0.9196459488162336,2.4652,107016.900869433
1.1529902680637625,2.4654,107016.901042895
0.9371764050425577,2.4656000000000002,107016.901256302
1.0148781012513999,2.4657999999999998,107016.90145337
0.9844990608169186,2.466,107016.901656519
0.9143441996712013,2.4662,107016.901875255
1.1846727271158763,2.4664,107016.902044078
0.8563660212011077,2.4666,107016.902277623
1.1464274754979695,2.4668,107016.902452078
1.0063803821110195,2.467,107016.90265081
0.8207350977997447,2.4672,107016.902894494
1.442408166963636,2.4674,107016.903033151
0.9926198862478478,2.4676,107016.903234638
0.9873861143889838,2.4678,107016.903437193
0.9760049200565699,2.468,107016.90364211
0.995277418110109,2.4682,107016.903843059
1.0837288937537415,2.4684,107016.904027607
0.9175490297097806,2.4686,107016.904245579
1.0265517991867805,2.4688,107016.904440406
0.8814727779840548,2.469,107016.904667299
1.1130341016840588,2.4692,107016.904846988
1.1056138200204413,2.4694,107016.905027883
0.919967403775087,2.4696,107016.905245282
1.028071513991125,2.4698,107016.905439821
0.9836952802570889,2.4699999999999998,107016.905643136
0.9843391443180806,2.4702,107016.905846318
0.9537707295914817,2.4704,107016.906056012
1.035196679994008,2.4706,107016.906249212
1.000840667937958,2.4708,107016.906449044
0.9151600944544089,2.471,107016.906667585
1.0056972883137791,2.4712,107016.906866452
1.128999468124045,2.4714,107016.9070436
0.9322271245972338,2.4716,107016.90725814
1.012863355497883,2.4718,107016.9074556
0.9641713571719094,2.472,107016.907663032
1.0081306345387486,2.4722,107016.907861419
1.0880978297332824,2.4724,107016.908045226
1.001286612621632,2.4726,107016.908244969
0.9676186288561143,2.4728,107016.908451662
0.934068769515314,2.473,107016.908665779
1.0297389083409627,2.4732,107016.908860003
1.1068251743438875,2.4734,107016.9090407
0.9844796678207508,2.4736000000000002,107016.909243853
0.9199166651942334,2.4737999999999998,107016.909461264
1.012591576891238,2.474,107016.909658777
0.6891774965586487,2.4742,107016.909948978
2.020344920544375,2.4744,107016.910047971
0.8848187184360689,2.4746,107016.910274006
1.1340954605716453,2.4748,107016.910450358
0.9964625706115898,2.475,107016.910651068
0.9180544863340154,2.4752,107016.91086892
1.1423609471825666,2.4754,107016.911043996
0.8097821859759603,2.4756,107016.911290976
1.348708638660255,2.4758,107016.911439266
0.9964973220162031,2.476,107016.911639969
0.9282465082731671,2.4762,107016.911855429
1.1495442058648686,2.4764,107016.912029411
0.9872643330012846,2.4766,107016.912231991
0.9208908498973662,2.4768,107016.912449172
1.021586102339006,2.477,107016.912644946
0.8773777025627671,2.4772,107016.912872898
1.2898065976585933,2.4774,107016.91302796
0.9897462364078798,2.4776,107016.913230032
0.9826223337822042,2.4778000000000002,107016.913433569
0.9197601128486774,2.4779999999999998,107016.913651017
0.7539630179656209,2.4782,107016.913916282
1.435492567812081,2.4784,107016.914055607
1.0114393712542449,2.4786,107016.914253345
0.973752504519757,2.4788,107016.914458736
0.9898148078113063,2.479,107016.914660794
0.9927726085709554,2.4792,107016.91486225
1.1164016232783929,2.4794,107016.915041397
0.9850518354648802,2.4796,107016.915244432
0.983559837247552,2.4798,107016.915447775
0.9826319585031082,2.48,107016.91565131
0.9853624347641214,2.4802,107016.915854281
1.0683132901702526,2.4804,107016.916041492
0.9882937175492349,2.4806,107016.916243861
0.9817733607227008,2.4808,107016.916447574
0.8921919784811891,2.481,107016.916671741
0.9338681472774069,2.4812,107016.916885904
1.2561709132249725,2.4814,107016.917045118
0.8787655185998677,2.4816,107016.91727271
1.128496194884376,2.4818,107016.917449937
0.9255617083928428,2.482,107016.917666022
1.01506353849815,2.4822,107016.917863054
1.008654233147129,2.4824,107016.918061338
1.0275907946781462,2.4826,107016.918255968
0.9592096445410607,2.4828,107016.918464473
1.0080492248617818,2.483,107016.918662876
0.9895405791908116,2.4832,107016.91886499
1.043977535109442,2.4834,107016.919056565
1.0191446525492964,2.4836,107016.919252808
0.9880300617623047,2.4838,107016.919455231
0.9791058159142015,2.484,107016.919659499
0.9929402269994299,2.4842,107016.919860921
1.0209707190141857,2.4844,107016.920056813
1.0000150139601156,2.4846,107016.92025681
0.9962541130732735,2.4848,107016.920457562
0.9880836909231763,2.485,107016.920659974
0.9875226133334162,2.4852,107016.920862501
1.122441582791762,2.4854,107016.921040684
0.920195981490053,2.4856,107016.921258029
1.0210802483678494,2.4858000000000002,107016.9214539
0.9803584674911733,2.4859999999999998,107016.921657907
0.9823810045657766,2.4862,107016.921861494
1.0954642816224254,2.4864,107016.922044065
0.984436018742424,2.4866,107016.922247227
0.9170988964434046,2.4868,107016.922465306
1.0188849772256632,2.487,107016.922661599
0.991129406991488,2.4872,107016.922863389
1.1202913290876344,2.4874,107016.923041914
0.869697533372365,2.4876,107016.923271879
1.1184681416603492,2.4878,107016.923450695
0.9920388956119763,2.488,107016.9236523
0.983937255710408,2.4882,107016.923855565
1.07389468619662,2.4884,107016.924041803
0.9253389926303894,2.4886,107016.92425794
1.0039052347729949,2.4888,107016.924457162
0.9151809964787162,2.489,107016.924675698
1.0328497685275027,2.4892,107016.924869337
1.1207432570151556,2.4894,107016.92504779
0.9140935319009025,2.4896,107016.925266586
1.0470381786515248,2.4898,107016.925457601
0.9262518477482826,2.49,107016.925673525
1.0214451870307941,2.4902,107016.925869326
1.1209254284651398,2.4904,107016.92604775
0.9876446003978121,2.4906,107016.926250252
0.9818119345205952,2.4908,107016.926453957
0.8413082140684458,2.491,107016.926691682
1.0787312086675964,2.4912,107016.926877085
0.948978179908858,2.4914,107016.927087838
1.232164484739789,2.4916,107016.927250154
0.9150679662984564,2.4918,107016.927468717
1.0384323652455625,2.492,107016.927661315
0.9811905641073765,2.4922,107016.927865149
1.111592773750689,2.4924,107016.928045071
0.8020597023847094,2.4926,107016.928294429
1.2149339491495783,2.4928,107016.928459047
0.9917486910461734,2.493,107016.928660711
1.0016978373539414,2.4932,107016.928860372
1.0685416159621373,2.4934,107016.929047543
0.9952477245192474,2.4936,107016.929248498
0.988889823655441,2.4938000000000002,107016.929450745
0.9328401776976312,2.4939999999999998,107016.929665144
1.0049140074869738,2.4942,107016.929864166
1.1111543025580826,2.4944,107016.930044159
0.9442023512492802,2.4946,107016.930255978
1.0094025822658341,2.4948,107016.930454115
0.9823423860379441,2.495,107016.93065771
0.8949426918587716,2.4952,107016.930881188
1.172216129437944,2.4954,107016.931051805
0.8844274364812291,2.4956,107016.93127794
1.1417871653304859,2.4958,107016.931453104
0.9885965517252692,2.496,107016.931655411
0.9854692617649345,2.4962,107016.93185836
1.0658025938655153,2.4964,107016.932046012
0.9903294677139245,2.4966,107016.932247965
0.9924179060875876,2.4968,107016.932449493
0.9156712794490585,2.497,107016.932667912
1.0209550955509883,2.4972,107016.932863807
1.10413051487615,2.4974,107016.933044945
0.9857461164576736,2.4976,107016.933247837
0.938984812447115,2.4978,107016.933460833
1.0103663574279809,2.498,107016.933658781
0.9888556008129894,2.4981999999999998,107016.933861035
0.9448491235659502,2.4984,107016.934072709
1.0770813652610627,2.4986,107016.934258396
0.989912763071715,2.4988,107016.934460434
0.9813253553296273,2.499,107016.93466424
0.9872009362964302,2.4992,107016.934866833
1.1307740939195077,2.4994,107016.935043703
0.9827284971767781,2.4996,107016.935247218
0.9814842940035228,2.4998,107016.935450991
0.9105851055524506,2.5,107016.93567063
1.0355933169964797,2.5002,107016.935863756
1.1108149249918198,2.5004,107016.936043804
0.8681459968903718,2.5006,107016.93627418
1.1061457590889299,2.5008,107016.936454988
0.9320011899108263,2.501,107016.93666958
0.9781146843359538,2.5012,107016.936874055
0.9840146763640644,2.5014,107016.937077304
1.1663099296380233,2.5016,107016.937248785
0.9873861853267724,2.5018000000000002,107016.93745134
0.9191218352060295,2.502,107016.937668939
1.0207675754713124,2.5022,107016.93786487
1.0911193487695374,2.5023999999999997,107016.938048168
1.0046818022062234,2.5026,107016.938247236
0.9822893080738654,2.5028,107016.938450842
0.9809595995734739,2.503,107016.938654724
0.9821446365625195,2.5032,107016.93885836
1.0788766023290917,2.5034,107016.939043738
0.9823616949212276,2.5036,107016.939247329
0.9783108837984665,2.5038,107016.939451763
0.9779425002715253,2.504,107016.939656274
0.9567958780606779,2.5042,107016.939865305
1.1058949418518431,2.5044,107016.940046154
0.9102286965158577,2.5046,107016.940265879
1.0325832182611212,2.5048,107016.940459568
0.9747918460423204,2.505,107016.94066474
0.9992206504652065,2.5052,107016.940864896
1.091875834341098,2.5054,107016.941048067
0.9926149396929113,2.5056000000000003,107016.941249555
0.7783403706074583,2.5058,107016.941506512
1.1748879255093674,2.5060000000000002,107016.941676741
1.0328177907501512,2.5061999999999998,107016.941870386
0.9400837304172415,2.5064,107016.942083133
1.06069846469971,2.5066,107016.942271688
1.033244686458782,2.5068,107016.942465253
0.9698145291232698,2.507,107016.942671478
0.9809740229190571,2.5072,107016.942875357
0.9390200329806301,2.5074,107016.943088345
1.1824943513781951,2.5076,107016.943257479
0.5555864267552509,2.5078,107016.943617459
1.8259336023096544,2.508,107016.943726992
1.3756198891487033,2.5082,107016.943872381
1.0795754957431682,2.5084,107016.944057639
0.6649599367392285,2.5086,107016.944358409
2.28393939125813,2.5088,107016.944445977
1.0140188096017988,2.509,107016.944643212
0.987254546401316,2.5092,107016.944845794
0.560191144151782,2.5094,107016.945202815
1.832340787477712,2.5096,107016.945311965
1.2682388322322442,2.5098000000000003,107016.945469664
0.9444297630103659,2.51,107016.945681432
1.1119883145861067,2.5102,107016.94586129
1.111463146529544,2.5103999999999997,107016.946041233
0.9750389370993651,2.5106,107016.946246353
1.0194407546944206,2.5108,107016.946442539
0.8685267892188416,2.511,107016.946672814
1.0468517998156788,2.5112,107016.946863863
1.2015332383043467,2.5114,107016.947030317
0.9880836909231763,2.5116,107016.947232729
0.9755859840502463,2.5118,107016.947437734
0.9824388678191125,2.512,107016.947641309
0.9820288458306925,2.5122,107016.947844969
1.0824795481714933,2.5124,107016.94802973
0.8742672912703381,2.5126,107016.948258493
1.106096797179825,2.5128,107016.948439309
0.9178058867971901,2.513,107016.94865722
1.0208716773841544,2.5132,107016.948853131
1.1486529298518637,2.5134,107016.949027248
1.136337790158258,2.5136,107016.949203252
0.9798830382051411,2.5138,107016.949407358
0.8739386846479779,2.5140000000000002,107016.949636207
1.121315106643473,2.5141999999999998,107016.949814569
0.8550955063361793,2.5144,107016.950048461
1.1030405633870706,2.5145999999999997,107016.950229778
0.9813831643685081,2.5148,107016.950433572
0.9147205809637029,2.515,107016.950652218
1.0199606533822771,2.5152,107016.950848304
1.0343347216030088,2.5154,107016.951041665
0.9981384508748946,2.5156,107016.951242038
0.9820192329187076,2.5158,107016.9514457
0.9796958448361023,2.516,107016.951649845
0.9158138105959802,2.5162,107016.95186823
1.2491802053599625,2.5164,107016.952028335
0.8744660427437018,2.5166,107016.952257046
1.1199712628047969,2.5168,107016.952435622
0.9169601250874492,2.517,107016.952653734
0.9088884830307222,2.5172,107016.952873783
1.1655282677694794,2.5174,107016.953045379
1.0464739822535487,2.5176,107016.953236497
0.995366509516889,2.5178000000000003,107016.953437428
0.91595223517759,2.518,107016.95365578
1.023195868177138,2.5182,107016.953851246
1.1231916527500359,2.5183999999999997,107016.95402931
0.9280656124715171,2.5186,107016.954244812
1.0032454878937689,2.5188,107016.954444165
0.9806950834363154,2.519,107016.954648102
0.9788422984450851,2.5192,107016.954852425
1.1368545720156191,2.5194,107016.955028349
0.8667351374475872,2.5196,107016.9552591
1.1339282553244447,2.5198,107016.955435478
0.98107023608385,2.52,107016.955639337
0.9785262507256582,2.5202,107016.955843726
0.9913209955724519,2.5204,107016.956045477
1.0242386114961588,2.5206,107016.956240744
0.9805699797041363,2.5208,107016.956444707
0.9133963141545332,2.521,107016.95666367
0.905682286764924,2.5212,107016.956884498
1.390047164991024,2.5214,107016.957028378
0.9089463078205086,2.5216,107016.957248413
1.0697132671216318,2.5218,107016.957435379
0.9774263116169611,2.5220000000000002,107016.957639998
0.9806661835960333,2.5221999999999998,107016.957843941
0.9432360522627717,2.5224,107016.958055977
1.1268176650320392,2.5225999999999997,107016.958233468
0.9832938467850685,2.5228,107016.958436866
0.9819565781838142,2.523,107016.958640541
0.9830521173367529,2.5232,107016.958843989
1.0774875241845412,2.5234,107016.959029606
0.9213151301956419,2.5236,107016.959246687
1.0185633054586327,2.5238,107016.959443042
0.9830811579730239,2.524,107016.959646484
0.9754574725408112,2.5242,107016.959851516
1.0046818022039927,2.5244,107016.960050584
1.0125865038813278,2.5246,107016.960248098
0.9792448490714906,2.5248,107016.960452337
0.9791729905782727,2.525,107016.960656591
0.9813109917163046,2.5252,107016.9608604
0.8141863904603504,2.5254,107016.961106044
1.4074694294675678,2.5256,107016.961248143
0.9988163926341239,2.5258000000000003,107016.96144838
0.9945894434039974,2.526,107016.961649468
0.9836855642921858,2.5262000000000002,107016.961852785
1.138401046830681,2.5263999999999998,107016.96202847
0.9851052124051812,2.5266,107016.962231494
0.9129960939757069,2.5268,107016.962450553
1.0183091321699957,2.527,107016.962646957
0.8168800263228568,2.5272,107016.962891791
1.3050229949573815,2.5274,107016.963045045
0.9812243284943665,2.5276,107016.963248872
0.9889778462813126,2.5278,107016.963451101
0.9807575073012177,2.528,107016.963655025
0.980998039430689,2.5282,107016.963858899
1.0756216408832064,2.5284,107016.964044838
0.9211750182992091,2.5286,107016.964261952
1.0233738419810958,2.5288,107016.964457384
0.975281516557168,2.529,107016.964662453
0.9832213225013019,2.5292,107016.964865866
1.128980363543521,2.5294,107016.965043017
0.9838791453901171,2.5296,107016.965246294
0.9821156512295609,2.5298,107016.965449936
0.9797102310447904,2.5300000000000002,107016.965654078
0.9790196114684336,2.5302,107016.965858364
1.0877368330510693,2.5304,107016.966042232
0.9166827083249997,2.5305999999999997,107016.96626041
1.0158110709489276,2.5308,107016.966457297
0.9732833903717212,2.531,107016.966662787
0.9826078619235615,2.5312,107016.966866327
1.123784932810615,2.5314,107016.967044297
0.988137396949799,2.5316,107016.967246698
0.9597205049156015,2.5318,107016.967455092
1.0028380406565842,2.532,107016.967654526
0.976920250188344,2.5322,107016.967859251
1.090167756329667,2.5324,107016.968042709
0.9762431263940098,2.5326,107016.968247576
0.9711896589559637,2.5328,107016.968453509
0.9922801222337914,2.533,107016.968655065
0.9161242255777436,2.5332,107016.968873376
1.146631198517251,2.5334,107016.9690478
0.7930339965252848,2.5336,107016.969299996
1.149854752530365,2.5338000000000003,107016.969473931
1.0389718988745444,2.534,107016.969666429
0.9787847883571156,2.5342000000000002,107016.969870764
1.1678491127429902,2.5343999999999998,107016.970042019
0.8728669704933917,2.5346,107016.970271149
1.122378518765806,2.5348,107016.970449342
0.9126419164137738,2.535,107016.970668486
1.0184543908581527,2.5352,107016.970864862
1.1145228236208373,2.5354,107016.971044311
0.9880397216845808,2.5356,107016.971246732
0.9784880043319274,2.5358,107016.971451129
0.9176669014176597,2.536,107016.971669073
1.016296310248291,2.5362,107016.971865866
1.1298158188241776,2.5364,107016.972042886
0.9146327410933756,2.5366,107016.972261553
0.718992573415512,2.5368,107016.97253972
1.5548230139087225,2.537,107016.972668352
1.044511893094069,2.5372,107016.972859829
1.0580219325058227,2.5374,107016.973048861
1.0268521450307073,2.5376,107016.973243631
0.9787178063336347,2.5378,107016.97344798
0.9155538588270352,2.5380000000000003,107016.973666427
1.0148009181690891,2.5382,107016.97386351
0.8887861830998196,2.5384,107016.974088536
1.3261103650987913,2.5385999999999997,107016.974239353
0.975643118843948,2.5388,107016.974444346
0.9765862895732906,2.539,107016.974649141
0.9777178613139966,2.5392,107016.974853699
1.1409467993972533,2.5394,107016.975028992
0.9025189589983439,2.5396,107016.975250594
1.0775746222343414,2.5398,107016.975436196
0.9249795335412279,2.54,107016.975652417
1.0021595994479977,2.5402,107016.975851986
1.0304338949354648,2.5404,107016.976046079
1.0194511142022762,2.5406,107016.976242263
0.9782438273653045,2.5408,107016.976446711
0.9698709898890664,2.541,107016.976652924
0.9781338273761764,2.5412,107016.976857395
1.1460004660413885,2.5414,107016.977031915
0.9850857955193512,2.5416,107016.977234943
0.9744404083888222,2.5418,107016.977440189
0.9849450989398277,2.542,107016.977643246
0.9749011647567852,2.5422000000000002,107016.977848395
1.1091762800045781,2.5423999999999998,107016.978028709
0.976700800328616,2.5426,107016.97823348
0.9781433643682211,2.5427999999999997,107016.978437949
0.9786267923930415,2.543,107016.978642317
0.9765339011823502,2.5432,107016.978847123
0.9919208318744528,2.5434,107016.979048752
1.0188435109388247,2.5436,107016.979245053
0.9832454491785063,2.5438,107016.979448461
0.9787992175242919,2.544,107016.979652793
0.9742126104218921,2.5442,107016.979858087
1.160496655415276,2.5444,107016.980030427
0.9886112005235483,2.5446,107016.980232731
0.8529439542047085,2.5448,107016.980467213
1.0356952358559521,2.545,107016.98066032
0.9825016543525488,2.5452,107016.980863882
1.1818863654729777,2.5454,107016.981033103
0.8732671194253019,2.5456,107016.981262128
1.133870442039465,2.5458,107016.981438515
0.9303709989040442,2.5460000000000003,107016.981653483
0.9956738386422314,2.5462,107016.981854352
1.1446558470904211,2.5464,107016.982029077
0.9135924262696229,2.5465999999999998,107016.982247993
1.0201271299494061,2.5468,107016.982444047
0.983608125019841,2.547,107016.98264738
0.9757716099983902,2.5472,107016.982852346
1.1330032958412086,2.5474,107016.983028868
0.9711283098351434,2.5476,107016.983234814
0.9146034648854535,2.5478,107016.983453488
1.0142399328281198,2.548,107016.98365068
0.9823858496475375,2.5482,107016.983854266
1.1345457656742717,2.5484,107016.984030548
0.982352075491765,2.5486,107016.984234141
0.9810606419299465,2.5488,107016.984438002
0.9801278944852971,2.549,107016.984642057
0.9766006539947659,2.5492,107016.984846849
1.0932904552326594,2.5494,107016.985029783
0.9808489180141002,2.5496,107016.985233688
0.9748821480368457,2.5498,107016.985438841
0.981407270994966,2.55,107016.98564263
0.917448029666493,2.5502000000000002,107016.985860626
1.1931678593662454,2.5504,107016.986028247
0.9719826104897131,2.5506,107016.986234012
0.9773451286340032,2.5507999999999997,107016.986438648
0.8468333034537866,2.551,107016.986674822
1.052326889583813,2.5512,107016.986864877
1.1067456716443613,2.5514,107016.987045587
0.9210689592772024,2.5516,107016.987262726
1.0110303744113271,2.5518,107016.987460544
0.9194049742300735,2.552,107016.987678076
1.016322087463263,2.5522,107016.987874864
1.1764567963151633,2.5524,107016.988044866
0.983124616657772,2.5526,107016.988248299
0.9738094247528799,2.5528,107016.988453678
0.9141269098489668,2.553,107016.988672466
1.018003432024902,2.5532,107016.988868929
1.0195914041794876,2.5534,107016.989065086
1.0263884314746445,2.5536,107016.989259944
0.9792928536299796,2.5538,107016.989464173
0.9716190451811247,2.5540000000000003,107016.989670015
0.9184802689414086,2.5542,107016.989887766
1.2698896781621019,2.5544000000000002,107016.99004526
0.9783730741456376,2.5545999999999998,107016.990249681
0.9794558809795976,2.5548,107016.990453876
0.9165020740617527,2.555,107016.990672097
1.011265523912115,2.5552,107016.990869869
1.0482454642253756,2.5554,107016.991060664
1.0127505817574618,2.5556,107016.991258146
0.9906875345415878,2.5558,107016.991460026
0.9105767801284508,2.556,107016.991679667
1.0194563318443515,2.5562,107016.99187585
1.1875779427145234,2.5564,107016.99204426
0.9828927408125924,2.5566,107016.992247741
0.9781338273761764,2.5568,107016.992452212
0.8395777001479221,2.557,107016.992690427
1.1278026011375175,2.5572,107016.992867763
1.1264241536550044,2.5574,107016.993045316
0.9750057353814346,2.5576,107016.993250443
0.9662349050798082,2.5578,107016.993457432
0.9144738443251114,2.558,107016.993676137
1.0175631935490417,2.5582000000000003,107016.993872685
1.1661806848129153,2.5584,107016.994044185
0.8628909759481124,2.5586,107016.994275964
1.0563509856764333,2.5587999999999997,107016.994465295
0.9269043833408038,2.559,107016.994681067
1.0218679736523855,2.5592,107016.994876787
1.186605530967151,2.5594,107016.995045335
0.9826271812447249,2.5596,107016.995248871
0.9800126486482786,2.5598,107016.99545295
0.9797677800939588,2.56,107016.99565708
0.9734349772638086,2.5602,107016.995862538
0.973643443247007,2.5604,107016.996067952
1.0443264124803493,2.5606,107016.996259463
0.9825016543525488,2.5608,107016.996463025
0.9249025340327549,2.561,107016.996679264
0.7926976754239636,2.5612,107016.996931567
1.5237514624476205,2.5614,107016.997062822
0.9909084572271646,2.5616,107016.997264657
1.0549858244563977,2.5618,107016.997454233
0.9906678969784762,2.5620000000000003,107016.997656117
0.9877860693194767,2.5622,107016.99785859
1.1699943327737286,2.5624000000000002,107016.998029531
0.9763002688304154,2.5625999999999998,107016.998234386
0.979508722977088,2.5628,107016.99843857
0.9772925893059434,2.5629999999999997,107016.998643217
0.9747111000843874,2.5632,107016.998848406
1.108370969943151,2.5634,107016.999028851
0.9265178483588352,2.5636,107016.999244713
0.9983477703238202,2.5638,107016.999445044
0.9800078269450502,2.564,107016.999649124
0.9715954170093611,2.5642,107016.999854971
0.7402773943070644,2.5644,107017.00012514
1.749199636717396,2.5646,107017.000239478
1.0042378918558557,2.5648,107017.000438634
0.972025093431778,2.565,107017.00064439
0.9740133572944395,2.5652,107017.000849726
1.1023960249271805,2.5654,107017.001031149
0.8464784342640184,2.5656,107017.001267422
1.07870792561242,2.5658,107017.001452829
0.9921619294519047,2.566,107017.001654409
0.9832503731378448,2.5662000000000003,107017.001857816
1.154014824733753,2.5664,107017.002031124
0.9123795827510488,2.5666,107017.002250331
1.0205956604577706,2.5667999999999997,107017.002446295
0.978995621997752,2.567,107017.002650586
0.9255916903537167,2.5672,107017.002866664
1.1955001521524287,2.5674,107017.003033958
0.9372422315126291,2.5676,107017.00324735
1.0050706101264184,2.5678,107017.003446341
0.9750722794289034,2.568,107017.003651454
0.9754955516239731,2.5682,107017.003856478
0.9963583309390891,2.5684,107017.004057209
1.066530080909035,2.5686,107017.004244733
0.9964625706115898,2.5688,107017.004445443
0.9768248492373002,2.569,107017.004650188
0.9726444046972124,2.5692,107017.004855813
1.1406084813482857,2.5694,107017.005031158
0.9252319726628011,2.5696,107017.00524732
1.0046970050238513,2.5698,107017.005446385
0.9772782740154765,2.57,107017.005651035
0.9750722794289034,2.5702,107017.005856148
1.0762467041243415,2.5704000000000002,107017.006041979
0.9985670444477585,2.5705999999999998,107017.006242266
0.9775123052146812,2.5708,107017.006446867
0.9786411472154064,2.5709999999999997,107017.006651232
0.9757716100005569,2.5712,107017.006856198
1.149907761300497,2.5714,107017.007030125
0.979772599435378,2.5716,107017.007234254
0.9739421264781255,2.5718,107017.007439605
0.9067951065679402,2.572,107017.007660162
1.023221996581478,2.5722,107017.007855623
1.1501788462388545,2.5724,107017.008029509
0.9775553424509333,2.5726,107017.008234101
0.9724835679662497,2.5728,107017.00843976
0.9287077793179505,2.573,107017.008655113
0.9968747584006222,2.5732,107017.00885574
1.0341315168274499,2.5734,107017.009049139
1.014471411064044,2.5736,107017.009246286
0.9800078968244683,2.5738,107017.009450366
0.9286689355982708,2.574,107017.009665728
0.9958572304342347,2.5742000000000003,107017.00986656
1.197375315478038,2.5744,107017.010033592
0.8733395348217246,2.5746,107017.010262598
1.1276181876720766,2.5747999999999998,107017.010439963
0.9773690372926305,2.575,107017.010644594
0.9134463967042362,2.5752,107017.010863545
1.2035577510881479,2.5754,107017.011029719
0.9754432109585525,2.5756,107017.011234754
0.9747348800368738,2.5758,107017.011439938
0.9796093968234788,2.576,107017.011644101
0.8977224982505242,2.5762,107017.011866887
1.2201594304552201,2.5764,107017.0120308
0.9162375779463513,2.5766,107017.012249084
1.016311791450884,2.5768,107017.012445874
0.9577351778794441,2.577,107017.0126547
0.9972276618431036,2.5772,107017.012855256
1.13179792931434,2.5774,107017.013031966
0.9330229397627743,2.5776,107017.013246323
0.9911833731472134,2.5778,107017.013448102
0.9825354387945953,2.578,107017.013651657
0.8765317641355527,2.5782,107017.013879829
1.324292860117515,2.5784000000000002,107017.014030853
0.9801422933812698,2.5786,107017.014234905
0.97154823279792,2.5788,107017.014440762
0.9077787367042472,2.5789999999999997,107017.01466108
1.0187448815706732,2.5792,107017.0148574
1.0319970592063628,2.5794,107017.015051199
1.0129249401131197,2.5796,107017.015248647
0.9118679513857683,2.5798,107017.015467977
1.0169215696373857,2.58,107017.015664649
0.9755384114572185,2.5802,107017.015869664
1.2620445964262568,2.5804,107017.016028137
0.9064498478399491,2.5806,107017.016248778
1.0138697274590962,2.5808,107017.016446042
0.973198139183298,2.581,107017.01665155
0.9775266968882769,2.5812,107017.016856148
0.9587957023523941,2.5814,107017.017064743
1.127154321034307,2.5816,107017.017242181
0.9708831965921688,2.5818,107017.017448179
0.9108629482929895,2.582,107017.017667751
1.0141936797947604,2.5822000000000003,107017.017864952
1.2141742626461594,2.5824,107017.018029673
0.9705486895324287,2.5826000000000002,107017.018235742
0.9769631658601637,2.5827999999999998,107017.018440458
0.9127252525473027,2.583,107017.018659582
1.0113115102458974,2.5832,107017.018857345
1.155862222864993,2.5834,107017.019030376
0.9066923327640616,2.5836,107017.019250958
1.0218992769619801,2.5838,107017.019446672
0.9036443923946862,2.584,107017.019667998
0.8431169866974638,2.5842,107017.019905213
1.5502313461780128,2.5844,107017.020034226
0.990250978888882,2.5846,107017.020236195
0.974820400683634,2.5848,107017.020441361
0.9775553424509333,2.585,107017.020645953
0.9143191388728886,2.5852,107017.020864695
1.0026771587104328,2.5854,107017.021064161
1.136873944022138,2.5856,107017.021240082
0.9947527080653958,2.5858,107017.021441137
0.9787800484307877,2.586,107017.021645473
0.9758762981599214,2.5862,107017.021850417
1.1104078378091742,2.5864000000000003,107017.022030531
0.8699396928684384,2.5866,107017.022260432
1.1056992979616012,2.5868,107017.022441313
0.9777847760915551,2.5869999999999997,107017.022645857
0.9719211611511869,2.5872,107017.022851635
1.1208626260989016,2.5874,107017.023030069
0.9764432929435654,2.5876,107017.023234894
0.9161242866436665,2.5878,107017.023453205
1.0104735489182386,2.588,107017.023651132
0.9762621962457152,2.5882,107017.023855995
1.1507611917233054,2.5884,107017.024029793
0.9300249267524334,2.5886,107017.024244841
0.9895503399192129,2.5888,107017.024446953
0.9105560878861917,2.589,107017.024666599
1.0133765653998936,2.5892,107017.024863959
1.2033621679454665,2.5894,107017.02503016
0.8713685813314381,2.5896,107017.025259684
1.109145488021556,2.5898,107017.025440003
0.9757096806555767,2.59,107017.025644982
0.9167625646386889,2.5902,107017.025863141
1.1967161930063044,2.5904,107017.026030265
0.8703523185167349,2.5906000000000002,107017.026260057
1.1072174181165615,2.5907999999999998,107017.02644069
0.9151684429638768,2.591,107017.026659229
1.011945997659634,2.5911999999999997,107017.026856868
1.1634400525608195,2.5914,107017.027028772
0.9739042375855839,2.5916,107017.027234131
0.9755764968600157,2.5918,107017.027439138
0.974991417839321,2.592,107017.027644268
0.9128793584076728,2.5922,107017.027863355
1.2087586547918083,2.5924,107017.028028814
0.9113236571117628,2.5926,107017.028248275
1.0014069895154196,2.5928,107017.028447994
0.9169306996992723,2.593,107017.028666113
1.015424263298213,2.5932,107017.028863075
1.1944791202433063,2.5934,107017.029030512
0.8734044136744301,2.5936,107017.029259501
1.111531012768105,2.5938,107017.029439433
0.8982264172072897,2.594,107017.029662094
1.0185685140168728,2.5942,107017.029858448
1.1608605051478529,2.5944000000000003,107017.030030734
0.9766292453064179,2.5946,107017.03023552
0.9712415441295693,2.5948,107017.030441442
0.9758477509121106,2.5949999999999998,107017.030646392
0.7507451162264875,2.5952,107017.030912794
1.6082341827721618,2.5954,107017.031037154
0.9296315094450907,2.5956,107017.031252293
1.0243173132630863,2.5958,107017.031447545
0.9145909272074497,2.596,107017.031666222
1.0188175301402596,2.5962,107017.031862528
1.0971288394771488,2.5964,107017.032044822
1.0149295881475708,2.5966,107017.03224188
0.9698427929030794,2.5968,107017.032448099
0.9783299648789743,2.597,107017.032652529
0.9742173062118229,2.5972,107017.032857822
1.1631018486214875,2.5974,107017.033029776
0.9703320925591529,2.5976,107017.033235891
0.9602181569664369,2.5978,107017.033444177
0.8745883534538859,2.598,107017.033672856
1.1183805871606658,2.5982,107017.033851686
1.020913460598263,2.5984,107017.034047589
1.0109434391984684,2.5986000000000002,107017.034245424
0.9748584300409601,2.5987999999999998,107017.034450582
0.979494272881671,2.599,107017.034654769
0.9708360815254201,2.5991999999999997,107017.034860777
1.1910433058314687,2.5994,107017.035028697
0.91190122749969,2.5996,107017.035248019
0.904842269412154,2.5998,107017.035469052
1.071811391202009,2.6,107017.035655652
0.9946388922543633,2.6002,107017.03585673
1.1714128551094698,2.6004,107017.036027464
0.7135466887681521,2.6006,107017.036307754
1.3989437962313005,2.6008,107017.036450719
0.9219223829351891,2.601,107017.036667657
1.0195810418202396,2.6012,107017.036863816
1.2022337494004518,2.6014,107017.037030173
0.9146996999649323,2.6016,107017.037248824
1.0121867168186875,2.6018,107017.037446416
0.9656704049346306,2.602,107017.037653526
0.9846929622574349,2.6022,107017.037856635
1.040631451494992,2.6024000000000003,107017.038048826
1.0148678344751523,2.6026,107017.038245896
0.9777273206459967,2.6028000000000002,107017.038450452
0.9726964454247581,2.6029999999999998,107017.038656066
0.9760906637203572,2.6032,107017.038860965
1.1861551362918066,2.6034,107017.039029577
0.9747634313408182,2.6036,107017.039234755
0.9117473911910684,2.6038,107017.039454114
1.0118846065218379,2.604,107017.039651765
0.9768820597981246,2.6042,107017.039856498
1.1514038326020406,2.6044,107017.040030199
0.9793983685594829,2.6046,107017.040234406
0.9715623807106135,2.6048,107017.04044026
0.9746873212878315,2.605,107017.040645454
0.9743454911364289,2.6052,107017.04085072
1.122139251585102,2.6054,107017.041028951
0.972256683887509,2.6056,107017.041234658
0.9765815709183451,2.6058,107017.041439454
0.9741604073358641,2.606,107017.041644759
0.9099139499264454,2.6062,107017.04186456
1.2067093115926002,2.6064,107017.0420303
0.9738378528659672,2.6066000000000003,107017.042235673
0.911522990972708,2.6068,107017.042455086
1.014703069900979,2.607,107017.042652188
0.8620206602516367,2.6071999999999997,107017.042884201
1.2445628378375886,2.6074,107017.0430449
1.0142707705290466,2.6076,107017.043242086
0.9791346238573044,2.6078,107017.043446348
0.9732549946226605,2.608,107017.043651844
0.9728383466575936,2.6082,107017.043857428
1.1591918309414546,2.6084,107017.044029962
0.9740464914568645,2.6086,107017.044235291
0.9756668750337898,2.6088,107017.044440279
0.917864851866176,2.609,107017.044658176
0.9742695844598342,2.6092,107017.044863458
1.205400148465882,2.6094,107017.045029378
0.8998794246148155,2.6096,107017.04525163
1.02047062640092,2.6098,107017.045447618
0.9733781007947275,2.61,107017.045653088
0.9765339011823502,2.6102,107017.045857894
1.159541264571805,2.6104000000000003,107017.046030376
0.9278934320839805,2.6106,107017.046245918
0.9580975753706961,2.6108000000000002,107017.046454665
1.0198202617782175,2.6109999999999998,107017.046650778
0.9826126389962778,2.6112,107017.046854317
0.8557064766962957,2.6114,107017.047088042
0.9031098682653677,2.6116,107017.047309499
1.2496954250832155,2.6118,107017.047469538
0.9253261588949059,2.612,107017.047685678
0.9156167437357812,2.6122,107017.04790411
1.279115868379472,2.6124,107017.048060468
0.9236467703769015,2.6126,107017.048277001
1.0335383140171457,2.6128,107017.048470511
0.8828112090384579,2.613,107017.04869706
0.9123546900923452,2.6132,107017.048916273
1.282955838053455,2.6134,107017.049072163
1.075332475960807,2.6136,107017.049258152
0.9789045563780374,2.6138,107017.049462462
0.961663342302243,2.614,107017.049670435
0.9668748127614438,2.6142,107017.049877287
1.0990339436626053,2.6144,107017.050059265
1.0370969746803496,2.6146000000000003,107017.050252111
0.9213830093217646,2.6148,107017.050469176
0.9759573066007003,2.615,107017.050674103
0.9249624145127041,2.6151999999999997,107017.050890328
1.3028975896333348,2.6154,107017.051043832
0.8173507172657131,2.6156,107017.051288525
1.1692078256531873,2.6158,107017.051459581
0.9685886608017054,2.616,107017.051666067
0.9791346238573044,2.6162,107017.051870329
1.0179930265167936,2.6164,107017.052066794
1.0274324725404909,2.6166,107017.052261454
0.9778516304610848,2.6168,107017.052465984
0.9755193698709064,2.617,107017.052671003
0.9631684325028151,2.6172,107017.052878651
1.1809442528201004,2.6174,107017.053048007
0.955283199572405,2.6176,107017.053257369
0.9245177287040782,2.6178,107017.053473698
1.0379905114376555,2.618,107017.053666378
0.9818697307559309,2.6182,107017.053870071
1.1686543619053944,2.6184,107017.054041208
0.967731046117093,2.6186,107017.054247877
0.977001362596657,2.6188000000000002,107017.054452585
0.9712320726089106,2.6189999999999998,107017.054658509
0.9695935399089125,2.6192,107017.054864781
1.091220620794292,2.6193999999999997,107017.055048062
0.8834702793763982,2.6196,107017.055274442
1.113567161574647,2.6198,107017.055454045
0.9007791397256775,2.62,107017.055676075
1.0207518824117026,2.6202,107017.055872009
1.0326205347742712,2.6204,107017.056065691
1.0478061656054463,2.6206,107017.056256566
0.9749533781035811,2.6208,107017.056461704
0.97233234600937,2.621,107017.056667395
0.928979462408421,2.6212,107017.056882685
1.021826264212834,2.6214,107017.057078413
1.1802194729622564,2.6216,107017.057247873
0.976371845012185,2.6218,107017.057452713
0.9697486323256912,2.622,107017.057658952
0.9733307432792634,2.6222,107017.057864432
1.0961907835685052,2.6224,107017.058046882
0.8659620724896551,2.6226000000000003,107017.058277839
1.131100086097911,2.6228,107017.058454658
0.9815421217703547,2.623,107017.058658419
0.9020508257508573,2.6231999999999998,107017.058880136
1.2281240170960208,2.6234,107017.059042986
0.9704827614567468,2.6236,107017.059249069
0.9781912609929732,2.6238,107017.059453528
0.974986714583908,2.624,107017.059658659
0.9679370759484599,2.6242,107017.059865284
1.126252926767885,2.6244,107017.060042864
0.8531367818347079,2.6246,107017.060277293
1.0610248607952795,2.6248,107017.06046579
0.9993953224829437,2.625,107017.060665911
0.9685464777027181,2.6252,107017.060872406
1.1805678078936372,2.6254,107017.061041816
0.9661415795662373,2.6256,107017.061248825
0.981339859502428,2.6258,107017.061452628
0.9077251969960624,2.626,107017.061672959
1.010218347245391,2.6262,107017.061870936
1.0666666573947157,2.6264,107017.062058436
1.016813005835658,2.6266,107017.062255129
0.9678293815371762,2.6268000000000002,107017.062461777
0.9141143852309789,2.627,107017.062680568
1.0111018524572377,2.6272,107017.062878372
1.2297249388548948,2.6273999999999997,107017.06304101
0.9647666791331749,2.6276,107017.063248314
0.9565396377272355,2.6278,107017.063457401
0.9253090893323577,2.628,107017.063673545
1.0144559858782936,2.6282,107017.063870695
1.1690437301896008,2.6284,107017.064041775
0.9197939674734502,2.6286,107017.064259215
0.9199081682629858,2.6288,107017.064476628
0.8421655699577503,2.629,107017.064714111
1.1556084683268872,2.6292,107017.06488718
1.2027759049875486,2.6294,107017.065053462
0.967604663687126,2.6296,107017.065260158
0.9181302884629469,2.6298,107017.065477992
1.0389988392213019,2.63,107017.065670485
0.97542417308847,2.6302,107017.065875524
0.9377431989525966,2.6304,107017.066088802
1.2242974063412038,2.6306000000000003,107017.066252161
0.9859308198387068,2.6308,107017.066455015
0.9744784081074189,2.6310000000000002,107017.066660253
0.954330477437451,2.6311999999999998,107017.066869824
1.1530833256059778,2.6314,107017.067043272
0.9721574467939558,2.6316,107017.067249
0.9784831279574697,2.6318,107017.067453398
0.975229198856913,2.632,107017.067658478
0.930626452824889,2.6322,107017.067873387
1.1687021616051279,2.6324,107017.068044517
0.9691237082857949,2.6326,107017.068250889
0.982371384755965,2.6328,107017.068454478
0.818481295153992,2.633,107017.068698833
1.196866574154825,2.6332,107017.068865936
1.1351575734598474,2.6334,107017.069042123
0.9078446957593003,2.6336,107017.069262425
1.0235204730748904,2.6338,107017.069457829
0.9896188841802619,2.634,107017.069659927
1.0444573611473256,2.6342,107017.069851414
1.0307471846939542,2.6344,107017.070045448
0.9659828860883198,2.6346,107017.070252491
0.8226254945713728,2.6348000000000003,107017.070495615
0.7945020402722629,2.635,107017.070747345
1.554520886005496,2.6352,107017.070876002
1.0789174245994708,2.6353999999999997,107017.071061373
0.8958687028211934,2.6356,107017.07128462
1.1660652199903048,2.6358,107017.071456137
0.9142564320697101,2.636,107017.071674894
1.017951557402083,2.6362,107017.071871367
1.170028596043401,2.6364,107017.072042303
0.9147540656048512,2.6366,107017.072260941
1.0097949791411156,2.6368,107017.072459001
0.8970742030523395,2.637,107017.072681948
1.022683168362544,2.6372,107017.072877512
1.1268621035617843,2.6374,107017.073054996
1.0136231238222266,2.6376,107017.073252308
0.9477639315565304,2.6378,107017.073463331
0.9395803240099115,2.638,107017.073676192
0.7428813381910607,2.6382,107017.073945414
1.5340600247074936,2.6384,107017.074075787
1.083658398940751,2.6386,107017.074260347
0.9781242209568757,2.6388,107017.07446482
0.9741651716733948,2.6390000000000002,107017.074670124
0.9720723239741403,2.6391999999999998,107017.07487587
1.2049209038649205,2.6394,107017.075041856
0.8794919990938789,2.6395999999999997,107017.07526926
1.0323273508538138,2.6398,107017.075462997
0.970190921473691,2.64,107017.075669142
0.976972749488993,2.6402,107017.075873856
1.1855434833729355,2.6404,107017.076042555
0.9782677800098231,2.6406,107017.076246998
0.9699179428774733,2.6408,107017.076453201
0.9010876564342756,2.641,107017.076675155
0.7244880429411342,2.6412,107017.076951212
1.8971193281405765,2.6414,107017.077056635
0.9615754051988495,2.6416,107017.077264627
1.0159452540897753,2.6418,107017.077461488
0.903436255375351,2.642,107017.077682865
1.0100142638556313,2.6422,107017.077880882
1.1274275455515685,2.6424,107017.078058277
0.9531571001415867,2.6426,107017.078268106
1.0083033316468728,2.6428000000000003,107017.078466459
0.9601075453800249,2.643,107017.078674769
0.9991557089766001,2.6432,107017.078874938
1.0876422316056147,2.6433999999999997,107017.079058822
1.0163892797054492,2.6436,107017.079255597
0.9705580791841661,2.6438,107017.079461664
0.9657683898590516,2.644,107017.079668753
0.9710151705459753,2.6442,107017.079874723
1.1989257866962266,2.6444,107017.080041539
0.954704029924926,2.6446,107017.080251028
0.9935963260945574,2.6448,107017.080452317
0.9692082471053101,2.645,107017.080658671
0.9692974491568788,2.6452,107017.080865006
0.9736766902050515,2.6454,107017.081070413
0.9636325062417476,2.6456,107017.081277961
1.0442337365434207,2.6458,107017.081469489
0.9899274509028897,2.646,107017.081671524
0.7601990375531719,2.6462,107017.081934613
1.798350951331297,2.6464,107017.082045826
0.9004222823453641,2.6466,107017.082267944
1.0167716328022678,2.6468,107017.082464645
0.9162375779483858,2.6470000000000002,107017.082682929
0.9875763293431158,2.6471999999999998,107017.082885445
1.1425502147102136,2.6474,107017.083060492
1.0142913549872585,2.6475999999999997,107017.083257674
0.9543942954249905,2.6478,107017.083467231
0.8186052660709826,2.648,107017.083711549
1.2073284752748759,2.6482,107017.083877204
1.1786128628769441,2.6484,107017.084046895
0.9706570585575002,2.6486,107017.084252941
0.9629783265306463,2.6488,107017.08446063
0.9810413141312987,2.649,107017.084664495
0.8966277853522032,2.6492,107017.084887553
1.2792058724781459,2.6494,107017.0850439
0.8200687425708889,2.6496,107017.085287782
1.082965986792386,2.6498,107017.08547246
1.0097848149512245,2.65,107017.085670522
0.9889778462813126,2.6502,107017.085872751
1.1801778203535243,2.6504,107017.086042217
0.9718597883019893,2.6506,107017.086248008
0.8890587592638379,2.6508000000000003,107017.086472965
0.9901186463632183,2.651,107017.086674961
0.9823520754939462,2.6512000000000002,107017.086878554
1.2026312963874295,2.6513999999999998,107017.087044856
0.9489241909316433,2.6516,107017.087255621
0.7931220460580101,2.6518,107017.087507789
1.0599732681096075,2.652,107017.087696473
1.0375811482510076,2.6522,107017.087889229
1.108266579105507,2.6524,107017.088069691
1.008206806269246,2.6526,107017.088268063
0.9660295991641423,2.6528,107017.088475096
0.9730750096305343,2.653,107017.08868063
0.961515331941734,2.6532,107017.088888635
1.1007821064518615,2.6534,107017.089070324
0.9938431258454392,2.6536,107017.089271563
0.9234463184418744,2.6538,107017.089488143
0.9599278307574063,2.654,107017.089696492
0.9499743425623947,2.6542,107017.089907024
0.9839662782221981,2.6544,107017.090110283
0.968307304864653,2.6546,107017.090316829
0.9073133982438683,2.6548,107017.09053726
1.0237981507601188,2.6550000000000002,107017.090732611
0.9516513497341165,2.6552,107017.090942772
0.9859259397288643,2.6554,107017.091145627
0.9689687473592136,2.6555999999999997,107017.091352032
0.9377520285577827,2.6558,107017.091565308
0.9904324496504229,2.656,107017.09176724
0.9697721707558887,2.6562,107017.091973474
0.9263075953149726,2.6564,107017.092189385
0.9886112005235483,2.6566,107017.092391689
0.9828444529684887,2.6568,107017.09259518
0.9772830688968823,2.657,107017.092799829
0.9485056572401633,2.6572,107017.093010687
0.9856585974480891,2.6574,107017.093213597
0.8894898407629224,2.6576,107017.093438445
1.0384970200559365,2.6578,107017.093631031
0.9008075966237866,2.658,107017.093853054
1.0138337538394147,2.6582,107017.094050325
1.0239973907536062,2.6584,107017.094245638
0.9318839670324881,2.6586,107017.094460257
1.0226725908733072,2.6588000000000003,107017.094655823
0.9822459232029901,2.659,107017.094859438
1.035732777644777,2.6592000000000002,107017.095052538
0.9906826786326031,2.6593999999999998,107017.095254419
0.9353486593956777,2.6596,107017.095468243
1.0022450304448456,2.6598,107017.095667795
0.9772257418748107,2.66,107017.095872456
1.0517735611008632,2.6602,107017.096062611
1.0091835630471002,2.6604,107017.096260791
0.9816095610526647,2.6606,107017.096464538
0.9812627891021088,2.6608,107017.096668357
0.9782917338273482,2.661,107017.096872795
1.138731640749511,2.6612,107017.097048429
0.9642178952036801,2.6614,107017.097255851
0.9153192298152383,2.6616,107017.097474354
0.9761859213086507,2.6618,107017.097679233
1.0224949369374932,2.662,107017.097874833
1.0956922200076873,2.6622,107017.098057366
0.9889485273843103,2.6624,107017.098259601
0.8704205027640359,2.6626,107017.098489375
1.0534965826406668,2.6628,107017.098679219
0.9930683637996804,2.6630000000000003,107017.098880615
1.156296614480754,2.6632,107017.099053581
0.9346711537590642,2.6634,107017.09926756
0.999675113818502,2.6635999999999997,107017.099467625
0.9305788162539045,2.6638,107017.099682545
0.7924652578658851,2.664,107017.099934922
1.694441384530718,2.6642,107017.100052955
0.9820288458306925,2.6644,107017.100256615
0.8729888342581166,2.6646,107017.100485713
1.1231854110309256,2.6648,107017.100663778
0.9172418111952062,2.665,107017.100881823
1.162581192432886,2.6652,107017.101053854
0.9912570768208077,2.6654,107017.101255618
0.9477999444996625,2.6656,107017.101466633
0.9554565959957892,2.6658,107017.101675957
1.0029989742388061,2.666,107017.101875359
1.1263354414748556,2.6662,107017.102052926
0.9371983248678772,2.6664,107017.102266328
0.9802479914497594,2.6666,107017.102470358
0.9262947346980752,2.6668,107017.102686272
0.9963285728172098,2.667,107017.102887009
1.2130180980809036,2.6672000000000002,107017.103051887
0.9896776745024404,2.6673999999999998,107017.103253973
0.9240265021766626,2.6676,107017.103470417
0.9982730084772479,2.6677999999999997,107017.103670763
0.8526166857207643,2.668,107017.103905335
1.3786162342323818,2.6682,107017.104050408
0.9672489262778484,2.6684,107017.10425718
0.966104295154876,2.6686,107017.104464197
0.9821445663780489,2.6688,107017.104667833
0.9918372233772045,2.669,107017.104869479
1.0129864575561771,2.6692,107017.105066915
1.0216800421638377,2.6694,107017.105262671
0.9218076815252604,2.6696,107017.105479636
0.9789141781312929,2.6698,107017.105683944
1.0042530078643084,2.67,107017.105883097
1.1035396357294622,2.6702,107017.106064332
0.9939122661233725,2.6704,107017.106265557
0.7877427209014133,2.6706,107017.106519447
1.1950215762161147,2.6708,107017.106686808
1.0147854080388394,2.6710000000000003,107017.106883894
1.1330224434105198,2.6712,107017.107060413
0.9983876575586348,2.6714,107017.107260736
0.9216844788713068,2.6715999999999998,107017.10747773
1.0037489950550529,2.6718,107017.107676983
0.9806276997754104,2.672,107017.107880934
1.1855012496160278,2.6722,107017.108049639
0.9840340510448988,2.6724,107017.108252884
0.9769441380594138,2.6726,107017.108457604
0.9495008275862548,2.6728,107017.108668241
1.0005352399944065,2.673,107017.108868134
1.0195706796716197,2.6732,107017.109064295
1.0122584330186783,2.6734,107017.109261873
0.9812002308521348,2.6736,107017.109465705
0.9107011947145854,2.6738,107017.109685316
0.9999450220451932,2.674,107017.109885327
1.0833414138310966,2.6742,107017.110069941
1.0060818010757109,2.6744,107017.110268732
0.9974216155333115,2.6746,107017.110469249
0.9881472010609784,2.6748,107017.110671648
0.9236424873670892,2.675,107017.110888182
1.2488838285876631,2.6752000000000002,107017.111048325
0.9234974471368921,2.6754,107017.111264893
0.9795470492081462,2.6756,107017.111469069
0.9921077850713184,2.6757999999999997,107017.11167066
0.9762431263961775,2.676,107017.111875527
1.150337591768536,2.6762,107017.112049389
0.9345707342085812,2.6764,107017.112263391
0.995381431721846,2.6766,107017.112464319
0.9766626270917138,2.6768,107017.112669098
0.9511580594787309,2.677,107017.112879368
1.0791270049819306,2.6772,107017.113064703
1.0085423206995632,2.6774,107017.113263009
0.9298216971593194,2.6776,107017.113478104
0.9932558216333752,2.6778,107017.113679462
0.9783778101310773,2.678,107017.113883882
1.118461952326538,2.6782,107017.114062699
0.9755383422137398,2.6784,107017.114267714
1.0008857839053724,2.6786,107017.114467537
0.9744404083888222,2.6788,107017.114672783
0.9781003449515898,2.6790000000000003,107017.114877261
1.1054854055887418,2.6792,107017.115058177
1.0050301871297245,2.6794000000000002,107017.115257176
0.931445606399696,2.6795999999999998,107017.115471896
0.9984623640410314,2.6798,107017.115672204
0.9575746969827449,2.68,107017.115881065
1.0666722867518887,2.6802,107017.116068564
1.0139160257493023,2.6804,107017.116265819
0.9872448309106588,2.6806,107017.116468403
0.9255102885486479,2.6808,107017.1166845
1.0014169857467845,2.681,107017.116884217
1.1875145295114802,2.6812,107017.117052636
0.9749486752151594,2.6814,107017.117257775
0.9866554514060942,2.6816,107017.11746048
0.9547040962423582,2.6818,107017.117669969
0.999310449250216,2.682,107017.117870107
1.0928722974243503,2.6822,107017.118053111
0.9710387705017093,2.6824,107017.118259076
0.9888506917042024,2.6826,107017.118461331
0.9784831976196198,2.6828,107017.118665729
0.9747823742910884,2.683,107017.118870903
1.1070641076860834,2.6832000000000003,107017.119051561
0.9494332023800924,2.6834,107017.119262213
0.784061621142408,2.6836,107017.119517295
0.9258016184924602,2.6837999999999997,107017.119733324
1.7844077032923122,2.684,107017.119845406
0.9228412707104365,2.6842,107017.120062128
0.8238453831847397,2.6844,107017.120304892
1.016296310248291,2.6846,107017.120501685
0.97431703338043,2.6848,107017.120706957
1.249648497059702,2.685,107017.120867002
1.2323541835845555,2.6852,107017.121029293
0.985697547850586,2.6854,107017.121232195
0.7755966096733777,2.6856,107017.121490061
1.1492139352948902,2.6858,107017.121664093
0.8840404240080608,2.686,107017.121890327
1.1997672506438397,2.6862,107017.122057026
0.9913603232850693,2.6864,107017.122258769
0.9458769250313525,2.6866,107017.122470213
0.9959365383592825,2.6868,107017.122671029
0.9317363902999838,2.6870000000000003,107017.122885682
1.2048410492022268,2.6872,107017.123051679
0.9870157567686395,2.6874000000000002,107017.12325431
0.9601858898245348,2.6875999999999998,107017.123462603
0.8490478191789281,2.6878,107017.123698161
1.0856466176896,2.6879999999999997,107017.123882383
1.1450228987352669,2.6882,107017.124057052
0.9611225854057688,2.6884,107017.124265142
0.9757763901066772,2.6886,107017.124470107
0.9955350050634384,2.6888,107017.124671004
0.9434852136328944,2.689,107017.124882984
1.1043256926814713,2.6892,107017.12506409
0.9888164715745466,2.6894,107017.125266352
0.9888409447732363,2.6896,107017.125468609
0.9049855606952038,2.6898,107017.125689607
1.0161775114743008,2.69,107017.125886423
1.2105878043270817,2.6902,107017.126051632
0.9750580291076963,2.6904,107017.126256748
0.9290269981734642,2.6906,107017.126472027
0.9890267386968068,2.6908,107017.126674246
0.9592463986771517,2.691,107017.126882743
1.1645646764295452,2.6912000000000003,107017.127054481
0.977961636570349,2.6914,107017.127258988
0.977961636574692,2.6916,107017.127463495
0.9723606191493936,2.6917999999999997,107017.12766918
0.9778612315289084,2.692,107017.127873708
1.1116299055631893,2.6922,107017.128053624
0.9763431994094219,2.6924,107017.12825847
0.9872398668651567,2.6926,107017.128461055
0.9684855302973236,2.6928,107017.128667563
0.9200943979051952,2.693,107017.128884932
1.17620760934398,2.6932,107017.12905497
0.9938580024110848,2.6934,107017.129256206
0.976019198068746,2.6936,107017.12946112
0.920674693237182,2.6938,107017.129678352
0.9975410648482467,2.694,107017.129878845
1.095518157347264,2.6942,107017.130061407
1.018340368722819,2.6944,107017.130257805
0.9865046051969383,2.6946,107017.130460541
0.9156670700854731,2.6948,107017.130678961
0.8429357440104425,2.695,107017.130916227
1.7240635960520458,2.6952,107017.131032232
0.8232214515048256,2.6954000000000002,107017.13127518
1.0668203270537082,2.6955999999999998,107017.131462653
0.958157222306508,2.6958,107017.131671387
0.9477864801730833,2.6959999999999997,107017.131882405
1.146381384842344,2.6962,107017.132056867
1.080462044684528,2.6964,107017.132241973
0.987747024676794,2.6966,107017.132444454
0.9783347700859115,2.6968,107017.132648883
0.9771636278214259,2.697,107017.132853557
1.1391403144278711,2.6972,107017.133029128
0.9743550234749099,2.6974,107017.133234392
0.9767818762939038,2.6976,107017.133439146
0.9715623807106135,2.6978,107017.133645
0.979940607560565,2.698,107017.133849094
1.1095331083356639,2.6982,107017.13402935
0.9763431994094219,2.6984,107017.134234196
0.9701202486190988,2.6986,107017.134440356
0.9777656467134855,2.6988,107017.134644904
0.9737762377232682,2.699,107017.13485029
1.1177117302583397,2.6992000000000003,107017.135029227
0.9793456082505058,2.6994,107017.135233445
0.9746351364335772,2.6996,107017.13543865
0.9739374333384191,2.6997999999999998,107017.135644002
0.9785022854246122,2.7,107017.135848396
1.1142868937004438,2.7002,107017.136027883
0.8682213498164293,2.7004,107017.136258239
1.1119574562354344,2.7006,107017.136438102
0.9703414780225221,2.7008,107017.136644215
0.9793360478001779,2.701,107017.136848435
1.1065434903483446,2.7012,107017.137029178
0.7920039348787604,2.7014,107017.137281702
1.0856290378909446,2.7016,107017.137465927
0.9809162620723946,2.7018,107017.137669818
0.9724646454473665,2.702,107017.137875481
1.0400794888314322,2.7022,107017.138067774
1.0068059801975116,2.7024,107017.138266422
0.9879226788778659,2.7026,107017.138468867
0.9738093557546298,2.7028,107017.138674246
0.9766674159338339,2.703,107017.138879024
1.1651480528551335,2.7032,107017.139050676
0.9750722794310686,2.7034000000000002,107017.139255789
0.9778039062203193,2.7036,107017.139460329
0.9723558724529501,2.7038,107017.139666015
0.9802288354771345,2.7039999999999997,107017.139870049
1.1066353493801784,2.7042,107017.140050777
0.9226071036722168,2.7044,107017.140267554
1.001211482928208,2.7046,107017.140467312
0.9817058989301286,2.7048,107017.140671039
0.9486540762340525,2.705,107017.140881864
1.1684358845850038,2.7052,107017.141053033
0.9902608249862409,2.7054,107017.141255
0.9641016261761818,2.7056,107017.141462447
0.9318014547575211,2.7058,107017.141677085
1.001221548194206,2.706,107017.141876841
1.0799893938952227,2.7062,107017.142062028
0.990113724705837,2.7064,107017.142264025
0.9723464479793863,2.7066,107017.142469713
0.9251164462979401,2.7068,107017.142685902
1.0040714990847923,2.707,107017.142885091
1.2035287678954685,2.7072000000000003,107017.143051269
0.973761956265255,2.7074,107017.143256658
0.9166575191785904,2.7076000000000002,107017.143474842
1.0106778179729188,2.7077999999999998,107017.143672729
0.9750390062719666,2.708,107017.143877849
1.1399259230947638,2.7082,107017.144053299
0.963544276206058,2.7084,107017.144260866
0.9816143284213784,2.7086,107017.144464612
0.9855906713533127,2.7088,107017.144667536
0.9786412169022314,2.709,107017.144871901
1.1107037900144905,2.7092,107017.145051967
0.9339073637021668,2.7094,107017.145266121
0.9973818778308554,2.7096,107017.145466646
0.9174817142912207,2.7098,107017.145684634
1.0050553959979482,2.71,107017.145883628
1.0855288867643123,2.7102,107017.14606787
1.009188602014845,2.7104,107017.146266049
0.9246289378229725,2.7106,107017.146482352
0.9909034562706437,2.7108,107017.146684188
0.9848869400946761,2.711,107017.146887257
1.191738868741111,2.7112,107017.147055079
0.9507555740046479,2.7114000000000003,107017.147265438
0.9845669070507727,2.7116,107017.147468573
0.968907746804163,2.7118,107017.147674991
0.9860911832178378,2.7119999999999997,107017.147877812
0.8404314794390519,2.7122,107017.148115785
1.310616008251154,2.7124,107017.148268385
0.9291521717440054,2.7126,107017.148483635
0.9974266101133533,2.7128,107017.148684151
1.0420303177631727,2.713,107017.148876084
1.2940376879293334,2.7132,107017.149030639
0.9736482025270619,2.7134,107017.149236052
0.9766436109937543,2.7136,107017.149440835
0.9728099768707066,2.7138,107017.149646425
0.8647526578541731,2.714,107017.149877705
1.3223052531052846,2.7142,107017.150028956
0.9697111374188996,2.7144,107017.150235203
0.9738093557546298,2.7146,107017.150440582
0.9628809743666359,2.7148,107017.150648292
0.9830231487262613,2.715,107017.150851746
1.1118585051552465,2.7152,107017.151031625
0.975890641702579,2.7154,107017.151236566
0.9723984568313071,2.7156000000000002,107017.151442243
0.9777369192663709,2.7157999999999998,107017.151646797
0.9724079511107288,2.716,107017.151852472
1.1434255729582425,2.7161999999999997,107017.152027385
0.8658608723620387,2.7164,107017.152258369
1.1089425185304693,2.7166,107017.152438721
0.9739089304032099,2.7168,107017.152644079
0.7831068340550414,2.717,107017.152899472
0.9376025235779418,2.7172,107017.153112782
1.565937874177402,2.7174,107017.153240501
0.9693021660442266,2.7176,107017.153446835
0.8642818377120207,2.7178,107017.153678241
1.119626478813774,2.718,107017.153856872
1.1591380605339232,2.7182,107017.154029414
0.8269041515608498,2.7184,107017.15427128
1.0861772810033692,2.7186,107017.154455412
0.8920288558473564,2.7188,107017.15467962
1.020559132191296,2.719,107017.154875591
1.1217553178045396,2.7192,107017.155053883
0.9403976280525953,2.7194000000000003,107017.155266559
1.1353185765990232,2.7196,107017.155442721
0.9886356635644489,2.7198,107017.15564502
0.9726349057977782,2.7199999999999998,107017.155850647
1.1169253881194126,2.7202,107017.15602971
0.9290183321099872,2.7204,107017.156244991
1.0079324201393007,2.7206,107017.156443417
0.9729803581774749,2.7208,107017.156648971
0.9058504416086486,2.721,107017.156869758
1.124625320922305,2.7212,107017.157047595
1.0514694019766984,2.7214,107017.157237805
0.977421584838762,2.7216,107017.157442425
0.9113028704865572,2.7218,107017.157661891
1.0174285827060465,2.722,107017.157858465
1.0183195441413457,2.7222,107017.158054867
1.1113889975369968,2.7224,107017.158234822
0.982139793857584,2.7226,107017.158438459
0.9100795820593559,2.7228,107017.15865822
1.0149450277393948,2.723,107017.158855275
1.151854764892407,2.7232,107017.159028908
0.8722996821069553,2.7234,107017.159258187
1.1149329341503138,2.7236000000000002,107017.15943757
0.9738093557524675,2.7237999999999998,107017.159642949
0.9766722048250848,2.724,107017.159847726
1.0281983407882496,2.7241999999999997,107017.160042241
1.0079730769418465,2.7244,107017.160240659
0.9780237825257106,2.7246,107017.160445153
0.9097649385677928,2.7248,107017.16066499
1.0183766628732998,2.725,107017.160861381
1.042780054828197,2.7252,107017.161053176
1.018039626753379,2.7254,107017.161249632
0.9747491209140304,2.7256,107017.161454813
0.9693820866643273,2.7258,107017.16166113
0.9690156813509303,2.726,107017.161867525
1.0620785421097942,2.7262,107017.162055835
1.0459977152263606,2.7264,107017.16224704
1.015950435906854,2.7266,107017.1624439
0.9077746595520885,2.7268,107017.162664219
1.012442914086779,2.727,107017.162861761
0.9907807343294288,2.7272,107017.163063622
1.013782378067215,2.7274000000000003,107017.163260903
1.003069394346844,2.7276,107017.163460291
0.9775839896946757,2.7278000000000002,107017.163664877
0.9743217992457859,2.7279999999999998,107017.163870148
1.1618111972460032,2.7282,107017.164042293
0.9120135371867981,2.7284,107017.164261588
1.015171729024677,2.7286,107017.164458599
0.8901390345841782,2.7288,107017.164683283
1.0231120834520475,2.729,107017.164878765
1.1132572375392231,2.7292,107017.165058418
0.9988413633357084,2.7294,107017.16525865
0.9576526285966064,2.7296,107017.165467494
0.9861349084441304,2.7298,107017.165670306
0.9774167885980509,2.73,107017.165874927
1.0979901647643682,2.7302,107017.166057078
1.0176459211774873,2.7304,107017.16625361
0.9104980581015657,2.7306,107017.16647327
0.9657496599015064,2.7308,107017.166680363
1.0149090527193654,2.731,107017.166877425
1.105986693230599,2.7312,107017.167058259
1.0002400439514008,2.7314,107017.167258211
0.9622416246904935,2.7316000000000003,107017.167466059
0.9291090197925232,2.7318,107017.167681319
1.0096114617064624,2.732,107017.167879415
1.1993284745355834,2.7321999999999997,107017.168046175
0.8600152648383488,2.7324,107017.168278729
1.0596083048511438,2.7326,107017.168467478
1.0206268858663625,2.7328,107017.168663436
0.9779472320871659,2.733,107017.168867946
1.0242281544606904,2.7332,107017.169063215
1.0199813937470958,2.7334,107017.169259297
0.9570477239407748,2.7336,107017.169468273
0.9835984811645602,2.7338,107017.169671608
0.683228115727042,2.734,107017.169964336
2.562952696752217,2.7342,107017.170042371
0.8432876483924208,2.7344,107017.170279538
1.1323681502553316,2.7346,107017.170456159
0.9767293975044947,2.7348,107017.170660924
0.8192859953544321,2.735,107017.170905039
1.4357708940989184,2.7352,107017.171044337
0.9518596862834551,2.7354000000000003,107017.171254452
0.9509409500312821,2.7356,107017.17146477
1.0529696127563677,2.7358000000000002,107017.171654709
0.97741199240224,2.7359999999999998,107017.171859331
1.0258935861105165,2.7362,107017.172054283
0.9961746823580706,2.7364,107017.172255051
0.9627789882252359,2.7366,107017.172462783
0.9331317697598291,2.7368,107017.172677115
0.9870937335516452,2.737,107017.17287973
0.9686309158416188,2.7372,107017.173086207
1.0631059473277802,2.7374,107017.173274335
0.9911883054465856,2.7376,107017.173476113
0.9647993226135118,2.7378,107017.17368341
0.98646566179032,2.738,107017.173886154
1.1572467612756625,2.7382,107017.174058978
1.0129659260253954,2.7384,107017.174256418
0.9565076173354745,2.7386,107017.174465512
0.9834195058278272,2.7388,107017.174668884
0.9318709511087774,2.739,107017.174883506
1.1526115183364232,2.7392,107017.175057025
0.9839759292911179,2.7394,107017.175260282
0.9196036753132644,2.7396000000000003,107017.175477767
1.0065728998373218,2.7398,107017.175676461
0.910908587680557,2.74,107017.175896022
1.2400563395492084,2.7401999999999997,107017.176057305
0.9651810495278452,2.7404,107017.17626452
1.0027676530256313,2.7406,107017.176463968
0.9756431188417817,2.7408,107017.176668961
0.9754717345401022,2.741,107017.17687399
1.1095084766720504,2.7412,107017.17705425
0.9704545288880816,2.7414,107017.177260339
0.9309469922575485,2.7416,107017.177475174
0.9878055218058066,2.7418,107017.177677643
0.9662535859324728,2.742,107017.177884628
1.1748880259412948,2.7422,107017.178054857
0.9841841425988335,2.7424,107017.178258071
0.9801327173700812,2.7426,107017.178462125
0.9739279091710699,2.7428,107017.178667479
0.9740655446210666,2.743,107017.178872804
1.049995519088496,2.7432,107017.179063281
0.9839759292911179,2.7434,107017.179266538
0.9800943452959489,2.7436,107017.1794706
0.9230584460308926,2.7438000000000002,107017.179687271
0.9866164960869539,2.7439999999999998,107017.179889984
1.1534025632375984,2.7442,107017.180063384
0.9931620838676246,2.7443999999999997,107017.180264761
0.9173259895455146,2.7446,107017.180482786
0.9948764160084889,2.7448,107017.180683816
0.9667439617923956,2.745,107017.180890696
1.1308251719122813,2.7452,107017.181067558
0.9791346936122506,2.7454,107017.18127182
0.9058176056191757,2.7456,107017.181492615
1.0157388504887015,2.7458,107017.181689516
0.9814024355588065,2.746,107017.181893306
1.251384335997658,2.7462,107017.182053129
0.8529512061648837,2.7464,107017.182287609
0.9712226699116252,2.7466,107017.182493535
1.0305028888789782,2.7468,107017.182687615
0.997864590341193,2.747,107017.182888043
1.1292353609467185,2.7472,107017.183065154
0.9713547361783195,2.7474,107017.183271052
0.9346929565499804,2.7476000000000003,107017.183485026
0.9201409670958706,2.7478,107017.183702384
0.9918126016457982,2.748,107017.183904035
1.1559089818334003,2.7481999999999998,107017.184077059
1.0870392868535346,2.7484,107017.184261045
0.9772591644483212,2.7486,107017.184465699
0.7367540775713222,2.7488,107017.18473716
1.4529077189585802,2.749,107017.184874815
1.1318170361664979,2.7492,107017.185051522
0.9312114063966178,2.7494,107017.185266296
0.9869183739762986,2.7496,107017.185468947
0.9720818118881819,2.7498,107017.185674691
0.9184001744865691,2.75,107017.185892461
1.2710275414084475,2.7502,107017.186049814
0.930609124142028,2.7504,107017.186264727
0.9905501593222756,2.7506,107017.186466635
0.96382293820676,2.7508,107017.186674142
0.8467292736387825,2.751,107017.186910345
1.1659156543181781,2.7512,107017.187081884
0.9825450618154865,2.7514,107017.187285437
0.9546493874922117,2.7516,107017.187494938
0.9969543008038734,2.7518000000000002,107017.187695549
1.0033109621293925,2.752,107017.187894889
1.2526383483448444,2.7522,107017.188054552
0.8606481628721401,2.7523999999999997,107017.188286935
1.0901499433369157,2.7526,107017.188470396
0.9162375168653243,2.7528,107017.18868868
0.9750818259935699,2.753,107017.188893791
1.2433016520458942,2.7532,107017.189054653
0.9885623491825659,2.7534,107017.189256967
0.9675530982384674,2.7536,107017.189463674
0.9801231415438303,2.7538,107017.18966773
0.9668748127614438,2.754,107017.189874582
1.0551194601160798,2.7542,107017.190064134
1.0013769290585992,2.7544,107017.190263859
0.9787321638305355,2.7546,107017.190468205
0.9147373229778445,2.7548,107017.190686847
0.9869427533082105,2.755,107017.190889493
1.1544743991167403,2.7552,107017.191062732
0.9984823118353229,2.7554,107017.191263036
0.9044903409007542,2.7556000000000003,107017.191484155
1.0159039516383437,2.7558,107017.191681024
0.972459966540231,2.7560000000000002,107017.191886688
1.1840275115477132,2.7561999999999998,107017.192055603
0.9979192924614846,2.7564,107017.19225602
0.9786364086845305,2.7566,107017.192460386
0.9249495912227703,2.7568,107017.192676614
0.9896188841802619,2.757,107017.192878712
1.0617965300835874,2.7572,107017.193067072
1.001196458342435,2.7574,107017.193266833
0.9626260495147181,2.7576,107017.193474598
0.9852022376818845,2.7578,107017.193677602
0.9236936998689376,2.758,107017.193894124
1.2316787375984077,2.7582,107017.194056504
1.0043790901646457,2.7584,107017.194255632
0.9663142527374299,2.7586,107017.194462604
0.9247272321324226,2.7588,107017.194678884
0.9918076631291024,2.759,107017.194880536
1.0945709098202956,2.7592,107017.195063256
0.9958523237140652,2.7594,107017.195264089
0.9724882471026604,2.7596,107017.195469747
0.9471939714358611,2.7598000000000003,107017.195680897
0.9984324801020618,2.76,107017.195881211
1.1519543012652487,2.7602,107017.196054829
0.9907267405893015,2.7603999999999997,107017.196256701
0.9777417186537455,2.7606,107017.196461254
0.9746303674980483,2.7608,107017.19666646
0.9741319603901836,2.761,107017.196871771
1.032929799259454,2.7612,107017.197065395
0.9870888419183917,2.7614,107017.197268011
0.916623895040862,2.7616,107017.197486203
0.9932508687360625,2.7618,107017.197687562
0.9824582507248034,2.762,107017.197891133
1.1413635102043762,2.7622,107017.198066362
0.968701303584059,2.7624,107017.198272824
0.9981733192717321,2.7626,107017.19847319
0.9762192727919697,2.7628,107017.198678062
0.7920792479015697,2.763,107017.198930562
1.639209775031354,2.7632,107017.199052572
0.9269129474955852,2.7634,107017.199268342
0.9885965517252692,2.7636,107017.199470649
0.9715670509865564,2.7638,107017.199676502
0.972511987534784,2.7640000000000002,107017.199882155
1.1341918575700307,2.7641999999999998,107017.200058492
0.9479122492540586,2.7644,107017.200269482
0.9840873177335954,2.7645999999999997,107017.200472716
0.9929056515161435,2.7648,107017.200674145
0.9096325918861324,2.765,107017.200894014
1.2435103220284216,2.7652,107017.201054849
0.982052984191105,2.7654,107017.201258504
0.971765373100114,2.7656,107017.201464315
0.961501475122568,2.7658,107017.201672323
0.927183643880952,2.766,107017.20188803
1.2094165327899207,2.7662,107017.202053399
0.9871765442078021,2.7664,107017.202255997
0.9574967780516497,2.7666,107017.202464875
0.9797629607999505,2.7668,107017.202669006
0.9762288418295144,2.767,107017.202873876
1.1328235270378357,2.7672,107017.203050426
0.9229136511275551,2.7674,107017.203267131
0.9801278944852971,2.7676,107017.203471186
0.9625658449166733,2.7678000000000003,107017.203678964
0.9798877888160307,2.768,107017.203883069
1.1801568431481992,2.7682,107017.204052538
0.9674501200254034,2.7683999999999997,107017.204259267
0.9872107218357464,2.7686,107017.204461858
0.9092231512309791,2.7688,107017.204681826
0.999070876433203,2.769,107017.204882012
1.1847287905682393,2.7692,107017.205050827
0.974373950554859,2.7694,107017.205256087
0.9721102079774675,2.7696,107017.205461825
0.9114108625032667,2.7698,107017.205681265
1.0175838365230299,2.77,107017.205877809
1.1440208098835432,2.7702,107017.206052631
0.9813253553296273,2.7704,107017.206256437
0.9715576418000368,2.7706,107017.206462292
0.9727862907433262,2.7708,107017.206667887
0.9135632166230478,2.771,107017.20688681
1.2166856595717424,2.7712,107017.207051191
0.9790962601428481,2.7714,107017.207255461
0.9102576933188726,2.7716,107017.207475179
1.005292921225329,2.7718,107017.207674126
0.9674360916262014,2.7720000000000002,107017.207880858
1.1536620316280708,2.7721999999999998,107017.208054219
0.925570247756179,2.7724,107017.208270302
1.0020341467875986,2.7725999999999997,107017.208469896
0.9684619860435141,2.7728,107017.208676409
0.9701485302214429,2.773,107017.208882563
1.0833004268758357,2.7732,107017.209067184
0.9998449986344043,2.7734,107017.209267215
0.9695277415290527,2.7736,107017.209473501
0.9368340009529609,2.7738,107017.209686986
0.9872301516634162,2.774,107017.209889573
1.141487407223209,2.7742,107017.210064783
1.0331698882206375,2.7744,107017.210258362
0.9833615270036885,2.7746,107017.210461746
0.9245305400242897,2.7748,107017.210678072
0.9860669166863599,2.775,107017.210880898
1.1022502346188034,2.7752,107017.211062345
0.9748536589243436,2.7754,107017.211267504
0.9884744004971815,2.7756,107017.211469836
0.9258316160047086,2.7758000000000003,107017.211685858
0.9831391740643829,2.776,107017.211889288
0.466158081542367,2.7762000000000002,107017.212318327
1.3014479331324869,2.7763999999999998,107017.212472002
1.1799339430474072,2.7766,107017.212641503
2.090279237394882,2.7768,107017.212737184
1.4220504073525124,2.777,107017.212877826
0.6835012972250445,2.7772,107017.213170437
1.0816599125786803,2.7774,107017.213355338
1.3336267011485623,2.7776,107017.213505305
0.7487327774050996,2.7778,107017.213772423
1.441244092044279,2.778,107017.213911192
0.9728572837226009,2.7782,107017.214116772
0.9816624954643823,2.7784,107017.214320508
0.9730466260390992,2.7786,107017.214526048
0.9772830688968823,2.7788,107017.214730697
0.9715671196674199,2.779,107017.21493655
0.9648225536569739,2.7792,107017.215143842
0.9160193263420002,2.7794,107017.215362178
1.0237457601599933,2.7796,107017.215557539
0.9741082098441306,2.7798,107017.215762855
0.9726680839176772,2.7800000000000002,107017.215968475
0.9786363389983903,2.7802,107017.216172841
0.8651791113319751,2.7804,107017.216404007
1.035529023224987,2.7805999999999997,107017.216597145
1.2188062371739268,2.7808,107017.21676124
0.9804978566569196,2.781,107017.216965218
0.976038259172975,2.7812,107017.217170128
0.9751959149877618,2.7814,107017.217375215
0.9776604137275328,2.7816,107017.217579785
0.8690362594734454,2.7818,107017.217809925
1.110740862458256,2.782,107017.217989985
0.9569973441588554,2.7822,107017.218198972
0.9945102779048212,2.7824,107017.218400076
0.9773212906483838,2.7826,107017.218604717
0.9781529015505868,2.7828,107017.218809184
0.7853578192210983,2.783,107017.219063845
1.0732204736166826,2.7832,107017.2192502
0.9180122976911645,2.7834,107017.219468062
1.071042211899685,2.7836,107017.219654796
1.0968881346134771,2.7838000000000003,107017.21983713
1.03308453980431,2.784,107017.220030725
0.9849160186608755,2.7842000000000002,107017.220233788
0.9700449988250515,2.7843999999999998,107017.220439964
0.9752006894594367,2.7846,107017.22064505
0.9946784116809083,2.7848,107017.22084612
1.0995354657047753,2.785,107017.221028015
0.9639018901989624,2.7852,107017.221235505
0.998058791890775,2.7854,107017.221435894
0.976562488587688,2.7856,107017.221640694
0.979681389219209,2.7858,107017.221844842
1.0387560338625017,2.786,107017.22203738
1.0128325286789124,2.7862,107017.222234846
0.9745164107855118,2.7864,107017.222440076
0.97529577341164,2.7866,107017.222645142
0.983395370608038,2.7868,107017.222848519
1.1197205229289848,2.787,107017.223027135
0.8683080712262213,2.7872,107017.223257468
1.117312198802318,2.7874,107017.223436469
0.9764575837846621,2.7876,107017.223641291
0.9838161826824332,2.7878,107017.223844581
1.0959684931561655,2.7880000000000003,107017.224027068
0.9747206395736592,2.7882,107017.224232255
0.982120493698596,2.7884,107017.224435896
0.9688091921383728,2.7885999999999997,107017.224642335
0.9820240744369773,2.7888,107017.224845996
1.0919414163247825,2.789,107017.225029156
0.9814505818087126,2.7892,107017.225232936
0.9758525317685932,2.7894,107017.225437885
0.9830908620063308,2.7896,107017.225641325
0.9745211095045948,2.7898,107017.225846554
1.1118833312257617,2.79,107017.226026429
0.9735249590706624,2.7902,107017.226231868
0.9766817133360839,2.7904,107017.226436643
0.9769441380594138,2.7906,107017.226641363
0.9772400556284832,2.7908,107017.226846021
1.1028823892798827,2.791,107017.227027364
0.9758715863635169,2.7912,107017.227232309
0.9742173062118229,2.7914,107017.227437602
0.9796382344080654,2.7916,107017.227641759
0.9762812668424531,2.7918,107017.227846618
1.1050578690181663,2.792,107017.228027604
0.9812098277386078,2.7922000000000002,107017.228231434
0.9748631320587834,2.7923999999999998,107017.228436591
0.9758144248131535,2.7926,107017.228641548
0.9699180113232275,2.7927999999999997,107017.228847751
1.1101551738987643,2.793,107017.229027906
0.9775123052125108,2.7932,107017.229232507
0.9777130621651747,2.7934,107017.229437066
0.9810509779354277,2.7936,107017.229640929
0.9772782740154765,2.7938,107017.229845579
0.8658833471105735,2.794,107017.230076557
1.1999399804727564,2.7942,107017.230243232
0.9763384137461941,2.7944,107017.230448079
1.0160898391128432,2.7946,107017.230644912
0.9868648003740181,2.7948,107017.230847574
1.0984725606113455,2.795,107017.231029645
0.9775839896925052,2.7952,107017.231234231
0.9802143641294787,2.7954,107017.231438268
0.8668628947372612,2.7956,107017.231668985
1.1242523752465035,2.7958,107017.231846881
0.8609927381518475,2.7960000000000003,107017.232079171
1.0710250184253685,2.7962,107017.232265908
1.0045052041300362,2.7964,107017.232465011
0.9819854839639827,2.7965999999999998,107017.23266868
0.9316712086139166,2.7968,107017.232883348
1.1664256409193179,2.797,107017.233054812
0.9726538349454231,2.7972,107017.233260435
0.9866846344952059,2.7974,107017.233463134
0.7981451200318288,2.7976,107017.233713715
1.195707439133294,2.7978,107017.23388098
1.1452327073417763,2.798,107017.234055617
0.9925755123746803,2.7982,107017.234257113
0.9837000679089233,2.7984,107017.234460427
0.9824727181746175,2.7986,107017.234663995
0.9702520837175287,2.7988,107017.234870127
1.0829953423279854,2.799,107017.2350548
0.9116767515615825,2.7992,107017.235274176
1.0353627859424992,2.7994,107017.235467345
0.9836565583351634,2.7996,107017.235670668
0.8969092318987105,2.7998,107017.235893656
1.2568261429874197,2.8,107017.236052787
0.8458591174250215,2.8002000000000002,107017.236289233
1.0000650037865066,2.8004,107017.23648922
0.9276953908988774,2.8006,107017.236704808
1.0981287761681844,2.8007999999999997,107017.236886936
1.3176359248758696,2.801,107017.237038723
0.7708079691067912,2.8012,107017.237298191
1.4159092322742903,2.8014,107017.237439443
0.9863245707993952,2.8016,107017.237642216
0.869708925443058,2.8018,107017.237872178
1.245004440271715,2.802,107017.23803282
0.9882203828188473,2.8022,107017.238235204
0.9797246176716383,2.8024,107017.238439343
0.9833373242745854,2.8026,107017.238642732
0.9734160177022608,2.8028,107017.238848194
1.1090347763159307,2.803,107017.239028531
0.9754432109585525,2.8032,107017.239233566
0.981821543374532,2.8034,107017.239437269
0.9730087379029425,2.8036,107017.239642817
0.9742126104218921,2.8038,107017.239848111
1.1111543025605497,2.8040000000000003,107017.240028104
0.973212335189794,2.8042,107017.240233609
0.9782056030475639,2.8044000000000002,107017.240438065
0.8725851176737334,2.8045999999999998,107017.240667269
1.1183868666033585,2.8048,107017.240846098
0.8712433034038833,2.805,107017.241075655
0.9194809995470455,2.8052,107017.241293169
1.3770501332823635,2.8054,107017.241438407
0.9671039552628325,2.8056,107017.24164521
0.9785310578609654,2.8058,107017.241849598
1.12170496430851,2.806,107017.242027898
0.9774931864919204,2.8062,107017.242232503
0.9764242853856494,2.8064,107017.242437332
0.9739232161705427,2.8066,107017.242642687
0.9819613489238379,2.8068,107017.242846361
1.1053692891424456,2.807,107017.243027296
0.9670525112103718,2.8072,107017.24323411
0.9849257589499458,2.8074,107017.243437171
0.9705863863205094,2.8076,107017.243643232
0.9756668750337898,2.8078,107017.24384822
1.1087334517366918,2.808,107017.244028606
0.9792736651989328,2.8082000000000003,107017.244232839
0.9646829810396637,2.8084,107017.244440161
0.9676420639988439,2.8086,107017.244646849
0.9851100137846187,2.8087999999999997,107017.244849872
1.1161773159295572,2.809,107017.245029055
0.8081428388760876,2.8092,107017.245276536
1.241264646176235,2.8094,107017.245437662
0.9640319728855867,2.8096,107017.245645124
0.9793935528989127,2.8098,107017.245849332
1.1160278579693097,2.81,107017.246028539
0.9806325275802135,2.8102,107017.246232489
0.9687012353077716,2.8104,107017.246438951
0.8734615860946758,2.8106,107017.246667925
1.1144235058225898,2.8108,107017.24684739
0.943770149237434,2.811,107017.247059306
1.1507148482946647,2.8112,107017.247233111
0.965507253948219,2.8114,107017.247440256
0.983951766752292,2.8116,107017.247643518
0.9807623363842396,2.8118,107017.247847441
1.1085245531693368,2.8120000000000003,107017.248027861
0.9715293466562404,2.8122,107017.248233722
0.9774502242433969,2.8124000000000002,107017.248438336
0.968964102029649,2.8125999999999998,107017.248644742
0.7979826947930422,2.8128,107017.248895374
1.4922477062290815,2.8129999999999997,107017.2490294
0.9433517457102019,2.8132,107017.24924141
1.0103663574257373,2.8134,107017.249439358
0.973643443247007,2.8136,107017.249644772
0.9716190451789674,2.8138,107017.249850614
1.086543170039015,2.814,107017.250034684
0.9988363545769958,2.8142,107017.250234917
0.9635164458870691,2.8144,107017.25044249
0.981503569167962,2.8146,107017.250646259
0.982294152253357,2.8148,107017.250849864
1.1143177911301838,2.815,107017.251029346
0.9798686469231673,2.8152,107017.251233455
0.9790052455391124,2.8154,107017.251437744
0.8496032196151094,2.8156,107017.251673148
1.1480594812942302,2.8158,107017.251847355
1.1070580439203883,2.816,107017.252028014
0.8670582935368591,2.8162000000000003,107017.252258679
1.1199336629140213,2.8164,107017.252437261
0.8612077858958107,2.8166,107017.252669493
1.109237690056902,2.8167999999999997,107017.252849797
1.0676517880646126,2.817,107017.253037124
0.9955845479812158,2.8172,107017.253238011
0.9742268360423071,2.8174,107017.253443302
0.9795039062290685,2.8176,107017.253647487
0.9768057573982716,2.8178,107017.253852236
1.1278152800438597,2.818,107017.25402957
0.9791250675236323,2.8182,107017.254233834
0.9821349512004045,2.8184,107017.254437472
0.9724788888748662,2.8186,107017.254643132
0.9735439228762667,2.8188,107017.254848567
0.9587130370339552,2.819,107017.25505718
1.14225660621031,2.8192,107017.255232272
0.9746399054114475,2.8194,107017.255437476
0.9682697848985036,2.8196,107017.25564403
0.9827478212419646,2.8198,107017.255847541
0.9676233294183026,2.82,107017.256054233
1.118499453457689,2.8202,107017.256233044
0.976557700776648,2.8204000000000002,107017.256437845
0.9776700110364284,2.8205999999999998,107017.256642413
0.9691848043886836,2.8208,107017.256848772
1.1046061597507004,2.8209999999999997,107017.257029832
0.869504738958949,2.8212,107017.257259848
1.115312120753134,2.8214,107017.25743917
0.9747681324422728,2.8216,107017.257644347
0.9728714697888325,2.8218,107017.257849924
1.1076160098150554,2.822,107017.258030492
0.973160239247325,2.8222,107017.258236008
0.9725734427825384,2.8224,107017.258441648
0.9820818956496089,2.8226,107017.258645297
0.9730560640884133,2.8228,107017.258850835
1.1234692959404051,2.823,107017.259028855
0.8956681010367767,2.8232,107017.259252152
1.039295746787281,2.8234,107017.25944459
0.9887187331468886,2.8236,107017.259646872
0.9652043667401755,2.8238,107017.259854082
1.1226494325813812,2.824,107017.260032232
0.8702008851771195,2.8242000000000003,107017.260262064
1.11550493435872,2.8244,107017.260441355
0.9698568227539996,2.8246,107017.260647571
0.9816674035776541,2.8247999999999998,107017.260851306
1.1091393119304565,2.825,107017.261031626
0.9503354236076682,2.8252,107017.261242078
0.9884939511965145,2.8254,107017.261444406
0.984557244387715,2.8256,107017.261647543
0.9708879289256084,2.8258,107017.26185354
0.9510675577409791,2.826,107017.26206383
1.1673719887704557,2.8262,107017.262235155
0.9801182488581176,2.8264,107017.262439212
0.9725024912215476,2.8266,107017.262644867
0.9466962911387744,2.8268,107017.262856128
1.14150039569091,2.827,107017.263031336
0.9859356292760898,2.8272,107017.263234189
0.9678340159909654,2.8274,107017.263440836
0.6951251020870848,2.8276,107017.263728554
1.0758298584665915,2.8278,107017.263914457
1.7268473722669124,2.828,107017.264030275
0.9737240124053331,2.8282,107017.264235672
0.7840554485696158,2.8284000000000002,107017.264490756
1.050023114372711,2.8286,107017.264681228
0.988171570095288,2.8288,107017.264883622
1.0161621094905242,2.8289999999999997,107017.265080441
0.9946883460219548,2.8292,107017.265281509
1.0053585159026914,2.8294,107017.265480443
0.9861155217012348,2.8296,107017.265683259
0.9257673201916001,2.8298,107017.265899296
1.2863391082261268,2.83,107017.266054776
0.9273986127240873,2.8302,107017.266270433
0.9927381164643292,2.8304,107017.266471896
0.9309860267849163,2.8306,107017.266686722
0.9889680256804432,2.8308,107017.266888953
0.8788581808033304,2.831,107017.267116521
1.2619651020651876,2.8312,107017.267275004
1.0141112879915357,2.8314,107017.267472221
0.9756907016478171,2.8316,107017.267677204
0.9317667104688818,2.8318,107017.26789185
1.213665939014808,2.832,107017.26805664
0.9812627891042878,2.8322000000000003,107017.268260459
0.9858578353461395,2.8324,107017.268463328
0.9277083530586937,2.8326000000000002,107017.268678913
0.99443608967792,2.8327999999999998,107017.268880032
1.034174314721039,2.833,107017.269073423
0.9866116800090798,2.8332,107017.269276137
0.9311723529678557,2.8334,107017.26949092
1.0063450116713544,2.8336,107017.269689659
0.9846638968627274,2.8338,107017.269892774
1.2196832089412482,2.834,107017.270056751
0.6795971431384932,2.8342,107017.270351043
2.05748630373431,2.8344,107017.270448249
0.9810221271424413,2.8346,107017.270652118
0.9776843378100448,2.8348,107017.270856683
1.0426441477281492,2.835,107017.271048503
0.9897560011938868,2.8352,107017.271250573
0.9829796990115619,2.8354,107017.271454036
0.9718456317241627,2.8356,107017.27165983
0.9772735486711379,2.8358,107017.271864481
1.2050225331634463,2.836,107017.272030453
0.9849499693489668,2.8362,107017.272233509
0.9719022605123092,2.8364000000000003,107017.272439291
0.9040610732089136,2.8366,107017.272660515
1.016218836172801,2.8368,107017.272857323
1.1587620027013228,2.8369999999999997,107017.273029921
0.9794174920869964,2.8372,107017.273234124
0.9758620936177598,2.8374,107017.273439071
0.8433765501978235,2.8376,107017.273676213
1.3187218037302617,2.8378,107017.273827875
0.962287976615782,2.838,107017.274035713
1.0115263173418976,2.8382,107017.274233434
0.9871571164879756,2.8384,107017.274436036
0.9706853029115968,2.8386,107017.274642076
0.9778229675316396,2.8388,107017.274846612
1.0782891716158052,2.839,107017.275032091
0.979451134551306,2.8392,107017.275236287
0.9739279091710699,2.8394,107017.275441641
0.9606101645405843,2.8396,107017.275649842
0.9845863034863165,2.8398,107017.275852973
1.1277708588485627,2.84,107017.276030314
0.9715670509865564,2.8402,107017.276236167
0.9757240193006897,2.8404,107017.276441143
0.9641248912670836,2.8406000000000002,107017.276648585
0.9786698581322337,2.8407999999999998,107017.276852944
1.1174682701094396,2.841,107017.27703192
0.9739611755574112,2.8411999999999997,107017.277237267
0.9702379739399751,2.8414,107017.277443402
0.9765529130082177,2.8416,107017.277648204
0.9719118138321052,2.8418,107017.277853984
1.120699299769489,2.842,107017.278032444
0.981503569167962,2.8422,107017.278236213
0.973430220068049,2.8424,107017.278441672
0.9748869194344937,2.8426,107017.278646824
0.9739421264781255,2.8428,107017.278852175
1.1041000910984695,2.843,107017.279033318
0.9887578546523869,2.8432,107017.279235592
0.9764099261519357,2.8434,107017.279440424
0.967993318315975,2.8436,107017.279647037
0.9795950135781204,2.8438,107017.279851203
1.1199462567726532,2.844,107017.280029783
0.9744356413608884,2.8442,107017.28023503
0.9736293036336119,2.8444000000000003,107017.280440447
0.9550003618222613,2.8446,107017.280649871
0.9886209429280698,2.8448,107017.280852173
1.1212271058690673,2.8449999999999998,107017.281030549
0.9612888970167367,2.8452,107017.281238603
0.974084460456185,2.8454,107017.281443924
0.7693313951676108,2.8456,107017.28170389
1.0517901420247762,2.8458,107017.281894042
1.1535754646461334,2.846,107017.282067416
1.0310713393818076,2.8462,107017.282261389
0.9712981711765275,2.8464,107017.282467299
0.9358695255028081,2.8466,107017.282681004
0.9654000317071764,2.8468,107017.282888172
1.189767999290712,2.847,107017.283056272
0.939854036164858,2.8472,107017.283269071
0.9836856346948856,2.8474,107017.283472388
0.9790962601428481,2.8476,107017.283676658
0.921518859378295,2.8478,107017.283893691
1.232521281842519,2.848,107017.28405596
0.9873178790663228,2.8482,107017.284258529
0.966048272078946,2.8484,107017.284465558
0.9315714326150634,2.8486000000000002,107017.284680249
0.9868745083841148,2.8487999999999998,107017.284882909
1.0662970711387094,2.849,107017.285070474
1.000580328426975,2.8491999999999997,107017.285270358
0.9484696561052922,2.8494,107017.285481224
1.0005252613585296,2.8496,107017.285681119
0.9738947830756494,2.8498,107017.28588648
1.108254246555426,2.85,107017.286066944
1.0069732805839497,2.8502,107017.286265559
0.6797357214078414,2.8504,107017.286559791
1.9967452901569451,2.8506,107017.286659954
0.987951936979809,2.8508,107017.286862393
0.9875714329278027,2.851,107017.28706491
1.1875426439146908,2.8512,107017.287233325
0.9770729721528163,2.8514,107017.287438018
0.9026289101157918,2.8516,107017.287659593
0.9120800525696635,2.8518,107017.287878872
1.2966720679858423,2.852,107017.288033113
0.9505794087881186,2.8522,107017.288243511
0.9808296685556206,2.8524000000000003,107017.28844742
0.972928287062466,2.8526,107017.288652985
0.9094670622209511,2.8528000000000002,107017.288872894
1.2720622992412336,2.8529999999999998,107017.289030119
0.9756621652616336,2.8532,107017.289235108
0.9796526189226709,2.8534,107017.289439262
0.9050510548559998,2.8536,107017.289660244
0.8408165812444893,2.8538,107017.289898108
1.5285728574151736,2.854,107017.290028949
0.9746446744381523,2.8542,107017.290234152
0.9717511505658342,2.8544,107017.290439966
0.9088306655977919,2.8546,107017.290660029
1.0116645090017398,2.8548,107017.290857723
1.163297953412752,2.855,107017.291029648
0.8745578003939286,2.8552,107017.291258335
1.0182729182756773,2.8554,107017.291454746
1.008583026718663,2.8556,107017.291653044
0.910589207991282,2.8558,107017.291872682
1.2761369439071597,2.856,107017.292029405
0.9763527015174918,2.8562,107017.292234249
0.9724316188151163,2.8564,107017.292439919
0.9789908102969337,2.8566000000000003,107017.292644211
0.9059161207279504,2.8568,107017.292864982
1.1983295231816278,2.857,107017.293031881
0.8662320733796909,2.8571999999999997,107017.293262766
1.1181367446116044,2.8574,107017.293441635
0.9692082471053101,2.8576,107017.293647989
0.972994547833268,2.8578,107017.29385354
1.0476580043806591,2.858,107017.294044442
1.0168026246490462,2.8582,107017.294241137
0.88802453530186,2.8584,107017.294466356
1.077824336288654,2.8586,107017.294651915
0.9773212906483838,2.8588,107017.294856556
1.162236607704399,2.859,107017.295028638
0.9797869878961799,2.8592,107017.295232764
0.8660107988284875,2.8594,107017.295463708
1.0256936076128245,2.8596,107017.295658698
1.0156305390544829,2.8598,107017.29585562
1.1579836899652405,2.86,107017.296028334
0.7399487473482448,2.8602,107017.296298623
1.3771638312609755,2.8604000000000003,107017.296443849
0.9674922757830116,2.8606,107017.296650569
0.9219053768829396,2.8608000000000002,107017.296867511
1.2199362162328526,2.8609999999999998,107017.297031454
0.9736624116711305,2.8612,107017.297236864
0.977378559376732,2.8614,107017.297441493
0.9722046902017224,2.8616,107017.297647211
0.9714963148524841,2.8618,107017.297853079
1.1202033976228658,2.862,107017.298031618
0.9783635326737031,2.8622,107017.298236041
0.9693538497301415,2.8624,107017.298442364
0.9757382890953733,2.8626,107017.298647337
0.973160239247325,2.8628,107017.298852853
1.1162271743610221,2.863,107017.299032028
0.9842809865170588,2.8632,107017.299235222
0.9719164874680928,2.8634,107017.299441001
0.9691988835510018,2.8636,107017.299647357
0.9787369032909201,2.8638,107017.299851702
1.128343419911348,2.864,107017.300028953
0.9704262979620106,2.8642,107017.300235048
0.9751483112400312,2.8644,107017.300440145
0.9673238109603045,2.8646000000000003,107017.300646901
0.9753195126890765,2.8648,107017.300851962
1.1266018969934242,2.865,107017.301029487
0.933541218133033,2.8651999999999997,107017.301243725
1.014517764325744,2.8654,107017.301440863
0.9707936338789276,2.8656,107017.30164688
0.9706429369968194,2.8658,107017.301852929
1.1245937572296232,2.866,107017.302030771
0.8507886660021472,2.8662,107017.302265847
1.1351188532502057,2.8664,107017.30244204
0.7926756847592051,2.8666,107017.30269435
1.1122356930836108,2.8668,107017.302874168
1.2547130011311571,2.867,107017.303033567
0.9772926588008481,2.8672,107017.303238214
0.905214921169399,2.8674,107017.303459156
1.0097032120839184,2.8676,107017.303657234
0.9824582507248034,2.8678,107017.303860805
1.1806305827568284,2.868,107017.304030206
0.9781911913723852,2.8682,107017.304234665
0.9539481459711755,2.8684,107017.30444432
0.9927578361902777,2.8686,107017.304645779
0.9069390170741943,2.8688000000000002,107017.304866301
1.2095627778482494,2.8689999999999998,107017.30503165
0.9869427533104019,2.8692,107017.305234296
1.1042890472210873,2.8693999999999997,107017.305415408
1.010039797607546,2.8696,107017.30561342
0.9731933843021159,2.8698,107017.305818929
0.9563886746963256,2.87,107017.306028049
0.984339144315895,2.8702,107017.306231231
0.9753243575841724,2.8704,107017.306436291
0.9724457236648554,2.8706,107017.306641958
0.9689312444282671,2.8708,107017.306848371
1.0950083402759934,2.871,107017.307031018
0.9739421954951916,2.8712,107017.307236369
0.975281516557168,2.8714,107017.307441438
0.9712415441274127,2.8716,107017.30764736
0.7846614053606579,2.8718,107017.307902247
1.5166797247927584,2.872,107017.308034114
0.9887040811617194,2.8722,107017.308236399
0.9780715978340564,2.8724,107017.308440883
0.9763479851217332,2.8726000000000003,107017.308645728
0.9698098072458673,2.8728,107017.308851954
1.1320861851015371,2.873,107017.309028619
0.9738520675395337,2.8731999999999998,107017.309233989
0.972923534822136,2.8734,107017.309439555
0.9662535859324728,2.8736,107017.30964654
0.8631590648468563,2.8738,107017.309878247
1.3247051436038428,2.874,107017.310029224
0.9622648000938808,2.8742,107017.310237067
0.9845475113838088,2.8744,107017.310440206
0.9693256828052549,2.8746,107017.310646535
0.9715859385898781,2.8748,107017.310852384
1.1307804202693346,2.875,107017.311029253
0.8541095540064025,2.8752,107017.311263415
1.1295542465241728,2.8754,107017.311440476
0.9720534862074353,2.8756,107017.311646226
0.9602181569664369,2.8758,107017.311854512
1.1424784129203527,2.876,107017.31202957
0.972772107161069,2.8762,107017.312235168
0.9716237846885719,2.8764,107017.312441009
0.9689123915912432,2.8766,107017.312647426
0.9763766310053235,2.8768000000000002,107017.312852265
1.1376305325646296,2.877,107017.313028069
0.9647853032560771,2.8772,107017.313235369
0.9761716384159966,2.8773999999999997,107017.313440251
0.9734776562177572,2.8776,107017.3136457
0.9733354305716679,2.8778,107017.313851179
1.1262783075211025,2.878,107017.314028755
0.8661008451289419,2.8782,107017.314259675
1.1136663267893718,2.8784,107017.314439262
0.8483743050008161,2.8786,107017.314675007
1.1306397687302907,2.8788,107017.314851898
1.125106173060107,2.879,107017.315029659
0.973913761292124,2.8792,107017.315235016
0.9655258388454914,2.8794,107017.315442157
0.9703038687559765,2.8796,107017.315648278
0.9650507243341166,2.8798,107017.315855521
1.1528440375011417,2.88,107017.316029005
0.9683917013045829,2.8802,107017.316235533
0.9780860059833135,2.8804,107017.316440014
0.9666038327588925,2.8806000000000003,107017.316646924
0.7879941066930569,2.8808,107017.316900733
1.4954388818189528,2.8810000000000002,107017.317034473
0.9862905960571735,2.8811999999999998,107017.317237253
0.9768725473857872,2.8814,107017.317441988
0.9683963411474404,2.8816,107017.317648515
0.8082049033312472,2.8818,107017.317895977
1.4689248366469703,2.882,107017.318032131
0.9855664294470966,2.8822,107017.31823506
0.9739089304032099,2.8824,107017.318440418
0.9684292307199087,2.8826,107017.318646938
0.9747111000822232,2.8828,107017.318852127
1.1258219055777254,2.883,107017.319029775
0.8699320940925367,2.8832,107017.319259678
1.1004247161883833,2.8834,107017.319441426
0.9659269449775518,2.8836,107017.319648481
0.8516726936435192,2.8838,107017.319883313
1.210448560493956,2.884,107017.320048541
1.2107344394640491,2.8842,107017.32021373
0.9937937560873213,2.8844,107017.320414979
0.9724693932101737,2.8846,107017.320620641
0.9779281659351957,2.8848000000000003,107017.320825155
0.9785453402060791,2.885,107017.32102954
0.9718456317263207,2.8852,107017.321235334
0.9727058766821197,2.8853999999999997,107017.321440946
0.973008737905103,2.8856,107017.321646494
0.9705440290396051,2.8858,107017.321852564
0.9858092557319059,2.886,107017.322055443
1.050994284349073,2.8862,107017.322245739
1.0013517584624476,2.8864,107017.322445469
0.981575840252064,2.8866,107017.322649223
1.2133860656944866,2.8868,107017.322814051
0.9595824044312103,2.887,107017.323022475
0.9859210596607647,2.8872,107017.323225331
0.9706428684465561,2.8874,107017.32343138
0.9730087379029425,2.8876,107017.323636928
0.967904287959809,2.8878,107017.32384356
1.0819817915813938,2.888,107017.324028406
0.8607481480965595,2.8882,107017.324260762
1.1126936651187946,2.8884,107017.324440506
0.9699696922530693,2.8886,107017.324646698
0.970986906992359,2.8888,107017.324852674
1.1198835640785,2.8890000000000002,107017.325031264
0.8704280549488473,2.8891999999999998,107017.325261036
1.1036492529736888,2.8894,107017.325442253
0.979959822137647,2.8895999999999997,107017.325646343
0.865018257300268,2.8898,107017.325877552
1.3217721640585722,2.89,107017.326028864
0.862794175391778,2.8902,107017.326260669
1.091917646282922,2.8904,107017.326443833
0.9754574725408112,2.8906,107017.326648865
0.9703555908128488,2.8908,107017.326854975
1.1443546763154735,2.891,107017.327029746
0.9756287825742802,2.8912,107017.327234742
0.9694807579246159,2.8914,107017.327441038
0.9706711805290866,2.8916,107017.327647081
0.9666225278777133,2.8918,107017.327853987
1.1153494109555417,2.892,107017.328033303
0.9872691554552377,2.8922,107017.328235882
0.9710387705017093,2.8924,107017.328441847
0.9692787187819554,2.8926,107017.328648186
0.9748869194366583,2.8928000000000003,107017.328853338
1.1285471599561065,2.893,107017.329030557
0.9726585845578944,2.8932,107017.329236179
0.9753289948817524,2.8933999999999997,107017.329441238
0.9679464833096277,2.8936,107017.329647861
0.9759430303970853,2.8938,107017.329852791
1.1312089160747119,2.894,107017.330029593
0.9751245802936838,2.8942,107017.330234695
0.9659828860883198,2.8944,107017.330441738
0.9781673120953606,2.8946,107017.330646202
0.9653441580815413,2.8948,107017.330853382
1.138517699570235,2.895,107017.331029049
0.8579272700850072,2.8952,107017.331262169
1.1145662976717914,2.8954,107017.331441611
0.9706381385017726,2.8956,107017.331647661
0.9732312868198658,2.8958,107017.331853162
1.1379218615959281,2.896,107017.332028921
0.9560640792636641,2.8962,107017.332238112
0.9580884252638971,2.8964,107017.332446861
0.9992854550872143,2.8966,107017.332647004
0.9687435001706793,2.8968,107017.332853457
1.1391857302331456,2.8970000000000002,107017.333029021
0.9706664503062149,2.8971999999999998,107017.333235065
0.9669169183980353,2.8974,107017.333441908
0.9727437412351695,2.8975999999999997,107017.333647512
0.9657450453879739,2.8978,107017.333854606
1.1412007881186084,2.898,107017.33402986
0.9743501882074433,2.8982,107017.334235125
0.9673238109581566,2.8984,107017.334441881
0.9782725846059185,2.8986,107017.334646323
0.9639947835027202,2.8988,107017.334853793
1.139627141342328,2.899,107017.335029289
0.9741271273363733,2.8992,107017.335234601
0.9680729550517069,2.8994,107017.335441197
0.9737051105666361,2.8996,107017.335646598
0.9698662674640053,2.8998,107017.335852812
1.1339668007898296,2.9,107017.336029184
0.9716709762411407,2.9002,107017.336235015
0.9554200652809416,2.9004,107017.336444347
0.8257945567562326,2.9006,107017.336686538
0.8652839109940058,2.9008000000000003,107017.336917676
1.5373027320627786,2.901,107017.337047774
1.033570336427977,2.9012000000000002,107017.337241278
0.9698662674618517,2.9013999999999998,107017.337447492
0.9887284776709255,2.9016,107017.337649772
0.979057969178565,2.9018,107017.33785405
1.133086709263144,2.902,107017.338030559
0.9771302812518942,2.9022,107017.33823524
0.9716189764907622,2.9024,107017.338441082
0.9689265311502302,2.9026,107017.338647496
0.9681432617236101,2.9028,107017.338854077
1.1377923322112742,2.903,107017.339029856
0.9700120678775409,2.9032,107017.339236039
0.9759477428834226,2.9034,107017.339440968
0.9685886608017054,2.9036,107017.339647454
0.9745259464686273,2.9038,107017.339852682
1.1293118176757615,2.904,107017.340029781
0.978100344949418,2.9042,107017.340234259
0.966309632824748,2.9044,107017.340441232
0.9754146198191428,2.9046,107017.340646273
0.9684667630442055,2.9048,107017.340852785
1.1268366964927845,2.9050000000000002,107017.341030273
0.969734605604717,2.9052,107017.341236515
0.9697909886389506,2.9054,107017.341442745
0.9714208514393288,2.9055999999999997,107017.341648629
0.9748726053838291,2.9058,107017.341853784
1.1420218849751922,2.906,107017.342028912
0.7917280008340447,2.9062,107017.342281524
1.1634671370684169,2.9064,107017.342453424
0.9941840331698955,2.9066,107017.342654594
0.9696687880824715,2.9068,107017.34286085
1.1816070379745882,2.907,107017.343030111
0.9694478652727,2.9072,107017.343236414
0.9754812889282376,2.9074,107017.343441441
0.9759763652854043,2.9076,107017.343646364
0.9694243425828447,2.9078,107017.343852672
1.1365573979251786,2.908,107017.344028642
0.969706348132344,2.9082,107017.34423489
0.9657263841913157,2.9084,107017.344441988
0.9682229231339331,2.9086,107017.344648552
0.9773928776096961,2.9088000000000003,107017.344853178
1.141800160618209,2.909,107017.34502834
0.9640505686552118,2.9092000000000002,107017.345235798
0.9751911405628372,2.9093999999999998,107017.345440886
0.9741271963818244,2.9096,107017.345646198
0.966973042269123,2.9098,107017.345853029
1.1323617128319448,2.91,107017.346029651
0.8625336747596015,2.9102,107017.346261526
1.1054304561759911,2.9104,107017.346442451
0.8690173571604114,2.9106,107017.346672596
1.1024628767985536,2.9108,107017.346854008
1.1437590920093528,2.911,107017.34702887
0.9656704049346306,2.9112,107017.34723598
0.9784257297171234,2.9114,107017.34744039
0.9638740392183084,2.9116,107017.347647886
0.975800152789322,2.9118,107017.347852846
0.9840969711792495,2.912,107017.348056078
1.121026000040333,2.9122,107017.348234486
0.9675998951851602,2.9124,107017.348441183
0.971600156288454,2.9126,107017.348647029
0.9649715162868258,2.9128,107017.348854289
1.120015254230812,2.9130000000000003,107017.349032858
0.9643154502464776,2.9132,107017.349240259
0.9946933132657885,2.9134,107017.349441326
0.9690533274704575,2.9135999999999997,107017.349647713
0.9655864821379897,2.9138,107017.349854841
1.1388224108101523,2.914,107017.350030461
0.9725971185457642,2.9142,107017.350236096
0.9674641488378963,2.9144,107017.350442822
0.9693163169817194,2.9146,107017.350649153
0.9766340338233515,2.9148,107017.350853938
1.1388937537780202,2.915,107017.351029547
0.974430943465948,2.9152,107017.351234795
0.9682323360500841,2.9154,107017.351441357
0.9668140755525149,2.9156,107017.351648222
0.9729850420957628,2.9158,107017.351853775
1.1392247283937502,2.916,107017.352029333
0.866956782354626,2.9162,107017.352260025
1.0928424040074867,2.9164,107017.352443034
0.9809210927189097,2.9166,107017.352646924
0.7421012828665244,2.9168,107017.352916429
1.372222109897266,2.917,107017.353062178
0.7989900551157934,2.9172000000000002,107017.353312494
1.431075881457198,2.9173999999999998,107017.353452249
1.0051665358927784,2.9176,107017.353651221
1.2291429423609461,2.9177999999999997,107017.353813936
0.9740797659489769,2.918,107017.354019258
0.9776556846870301,2.9182,107017.354223829
0.9695841005055567,2.9184,107017.354430103
0.9665478197055654,2.9186,107017.354637025
0.9642224951368261,2.9188,107017.354844446
1.0874293309709802,2.919,107017.355028366
0.9746683820316762,2.9192,107017.355233564
0.9699273887800823,2.9194,107017.355439765
0.9705016069252488,2.9196,107017.355645844
0.9591819971110205,2.9198,107017.355854355
0.9192950795933724,2.92,107017.356071913
1.2373558400325912,2.9202,107017.356233548
0.9676747660899851,2.9204,107017.356440229
0.9709869755912254,2.9206,107017.356646205
0.9734065037278542,2.9208,107017.356851669
1.140491399798637,2.9210000000000003,107017.357027032
0.9719259723359623,2.9212,107017.357232809
0.9677216429473547,2.9214,107017.35743948
0.9684479282756795,2.9215999999999998,107017.357645996
0.96925520430178,2.9218,107017.35785234
1.1347067826655448,2.922,107017.358028597
0.9671647289000216,2.9222,107017.358235387
0.9605733058250986,2.9224,107017.358443596
0.9779137624336297,2.9226,107017.358648113
0.9641714248111375,2.9228,107017.358855545
1.1654128332736788,2.923,107017.359027158
0.9710293715446724,2.9232,107017.359233125
0.9678340159909654,2.9234,107017.359439772
0.9673285086564023,2.9236,107017.359646527
0.9697768922646499,2.9238,107017.35985276
1.1430465205510822,2.924,107017.360027731
0.7834135846567923,2.9242,107017.360283024
1.0939721901936146,2.9244,107017.360465844
0.9652183982813649,2.9246,107017.360673051
0.9861980975357981,2.9248,107017.36087585
1.1280252175304928,2.925,107017.361053151
0.9260160092859013,2.9252000000000002,107017.36126913
0.9897804496397089,2.9254,107017.361471195
0.9017498730742618,2.9256,107017.361692986
1.0141576083443116,2.9257999999999997,107017.361890194
1.2332205576874178,2.926,107017.362052371
0.9826947697201641,2.9262,107017.362255893
0.9756478284322216,2.9264,107017.362460885
0.9150595587000121,2.9266,107017.36267945
0.9943916252254192,2.9268,107017.362880578
1.1645307324151246,2.927,107017.363052321
0.971741737813152,2.9272,107017.363258137
0.9711001083097512,2.9274,107017.363464089
0.9753195126912422,2.9276,107017.36366915
0.9710811709783913,2.9278,107017.363875106
1.130045734739517,2.928,107017.36405209
0.9784974785698226,2.9282,107017.364256485
0.9749201822143161,2.9284,107017.36446163
0.9675110052890736,2.9286,107017.364668346
0.8376892927510792,2.9288,107017.364907098
1.3672689348371618,2.9290000000000003,107017.365053375
0.9859161796409749,2.9292,107017.365256232
0.9603980474386724,2.9294000000000002,107017.365464479
0.980574806938445,2.9295999999999998,107017.365668441
0.9655538532017482,2.9298,107017.365875576
1.0297865901792411,2.93,107017.366069791
1.0669910218200305,2.9302,107017.366257234
0.9591129859052085,2.9304,107017.36646576
0.9839130246334128,2.9306,107017.36666903
0.87507058412288,2.9308,107017.366897583
1.284537906512377,2.931,107017.367053281
0.9286172326832571,2.9312,107017.367268655
0.9976107206223389,2.9314,107017.367469134
0.9753956522882823,2.9316,107017.367674179
0.9715481641175694,2.9318,107017.367880036
1.1608403070742022,2.932,107017.368052325
0.8807468607741292,2.9322,107017.368279405
1.0921919321970037,2.9324,107017.368462523
0.9735960599093754,2.9326,107017.368667947
0.9737714771914391,2.9328,107017.368873334
1.0180292959121624,2.933,107017.369069792
1.0173819630831293,2.9332000000000003,107017.369266375
0.8559261941857463,2.9334,107017.36950004
1.5843216606949448,2.9336,107017.369626277
0.7884974051598879,2.9337999999999997,107017.369879924
1.2937363300503335,2.934,107017.370034515
0.9816914540550035,2.9342,107017.370238245
0.9808681682303406,2.9344,107017.370442146
0.9628160164093629,2.9346,107017.37064987
0.9841212113174004,2.9348,107017.370853097
1.1232421398153294,2.935,107017.371031153
0.9763050541218719,2.9352,107017.371236007
0.9665057462100356,2.9354,107017.371442938
0.9730182441034558,2.9356,107017.371648484
0.9650600079077725,2.9358,107017.371855725
1.1589701334561644,2.936,107017.372028292
0.9737667167061556,2.9362,107017.37223368
0.9669449455036462,2.9364,107017.372440517
0.9687106575264215,2.9366,107017.372646977
0.9670712236913487,2.9368,107017.372853787
1.151602766685464,2.9370000000000003,107017.373027458
0.9664076795659098,2.9372,107017.37323441
0.9744119450902922,2.9374000000000002,107017.373439662
0.9638739716186585,2.9375999999999998,107017.373647158
0.9726112970277316,2.9378,107017.37385279
1.1415069374373163,2.9379999999999997,107017.374027997
0.8540147135495775,2.9382,107017.374262185
1.120247315974787,2.9384,107017.374440717
0.9696640676262929,2.9386,107017.374646974
0.7661367725762468,2.9388,107017.374908024
1.686141604977405,2.939,107017.375026638
0.9572996357579829,2.9392,107017.375235559
0.9778086366970368,2.9394,107017.375440098
0.8808942520955038,2.9396,107017.37566714
1.0355665529648395,2.9398,107017.375860271
1.1801150936271398,2.94,107017.376029746
0.9707559895548633,2.9402,107017.376235771
0.8841029215307323,2.9404,107017.376461989
1.0305718920622555,2.9406,107017.376656056
0.727201349650187,2.9408,107017.376931083
1.506137397421935,2.941,107017.377063873
1.0106063255605864,2.9412000000000003,107017.377261774
0.9788662804043046,2.9414,107017.377466092
0.966557132107298,2.9416,107017.377673012
0.9712839623124232,2.9417999999999997,107017.377878925
1.1553548251839179,2.942,107017.378052032
0.9729897949412984,2.9422,107017.378257584
0.9646690327721487,2.9424,107017.378464909
0.9259730857512237,2.9426,107017.378680898
0.9932014860267819,2.9428,107017.378882267
1.1583392292045371,2.943,107017.379054928
0.9837823101078451,2.9432,107017.379258225
0.9685136484159098,2.9434,107017.379464727
0.9109708360645976,2.9436,107017.379684273
0.9989660177576928,2.9438,107017.37988448
1.186113063671083,2.944,107017.380053098
0.9856197914877979,2.9442,107017.380256016
0.949554882202791,2.9444,107017.380466641
0.9885623491825659,2.9446,107017.380668955
0.9612242209085825,2.9448,107017.380877023
0.562279464398487,2.945,107017.381232718
2.239090070657724,2.9452,107017.38132204
1.0363070142646367,2.9454000000000002,107017.381515033
0.9401102878130141,2.9455999999999998,107017.381727774
1.4823269504092935,2.9458,107017.381862697
1.173791601823351,2.9459999999999997,107017.382033085
0.7345568637191566,2.9462,107017.382305358
0.8619426498477751,2.9464,107017.382537392
0.9517871766614305,2.9466,107017.382747523
1.8555459628065085,2.9468,107017.382855308
1.137009660618438,2.947,107017.383031208
0.9685933707932122,2.9472,107017.383237693
0.9766292453085864,2.9474,107017.383442479
0.9710481696407,2.9476,107017.383648442
0.9677076066662836,2.9478,107017.383855116
1.1426612593146213,2.948,107017.384030146
0.9756716541159783,2.9482,107017.384235133
0.86158986024375,2.9484,107017.384467262
1.1112901475986714,2.9486,107017.384647233
0.9675858624377609,2.9488,107017.384853933
0.9247315252082755,2.949,107017.385070212
1.2154138847616327,2.9492000000000003,107017.385234765
0.9690861250240594,2.9494,107017.385441145
0.9681666540851712,2.9496,107017.385647721
0.9688748930181662,2.9497999999999998,107017.385854146
1.1477827803904197,2.95,107017.386028395
0.9645992297744577,2.9502,107017.386235735
0.9743502572823549,2.9504,107017.386441
0.960863955491084,2.9506,107017.386649146
0.8578242447543053,2.9508,107017.386882294
1.3512508502846592,2.951,107017.387030305
0.9705958452474329,2.9512,107017.387236364
0.9707512585075395,2.9514,107017.38744239
0.9645992297744577,2.9516,107017.38764973
0.9726869455131562,2.9518,107017.387855346
1.1543878071393756,2.952,107017.388028598
0.9700356190982218,2.9522,107017.388234776
0.9684901710393504,2.9524,107017.388441283
0.9687528549279781,2.9526,107017.388647734
0.814494759743461,2.9528,107017.388893285
1.4946676853624967,2.953,107017.389027094
0.9601075453821567,2.9532,107017.389235404
0.9735344753629234,2.9534000000000002,107017.389440841
0.9638043512176341,2.9536,107017.389648352
0.9738141166589875,2.9538,107017.38985373
1.1497688521337786,2.9539999999999997,107017.390027678
0.9665431295890053,2.9542,107017.390234601
0.9644178298523896,2.9544,107017.39044198
0.8655123358298126,2.9546,107017.390673057
1.1052654629334364,2.9548,107017.390854009
1.1435629535366174,2.955,107017.391028901
0.9680682501200928,2.9552,107017.391235498
0.9663049450173282,2.9554,107017.391442472
0.9599830791355397,2.9556,107017.391650809
0.9751483804281523,2.9558,107017.391855906
1.1664664274417804,2.956,107017.392027364
0.9669356256297361,2.9562,107017.392234203
0.9662909498049008,2.9564,107017.39244118
0.8599709236510003,2.9566,107017.392673746
1.1046672423560235,2.9568,107017.392854796
1.1536819806747132,2.957,107017.393028154
0.9685839508581557,2.9572000000000003,107017.393234641
0.9632565937159622,2.9574,107017.39344227
0.9707842396689168,2.9576000000000002,107017.393648289
0.9586900323914678,2.9577999999999998,107017.393856907
1.0175113637820352,2.958,107017.394053465
1.1046672423560235,2.9582,107017.394234515
0.9572950349622554,2.9584,107017.394443437
0.9767151681167785,2.9586,107017.394648205
0.958956659712956,2.9588,107017.394856765
1.1583659791118732,2.959,107017.395029422
0.9624592749454541,2.9592,107017.395237223
0.9671319932147184,2.9594,107017.39544402
0.9716897991871853,2.9596,107017.395649847
0.973212335191955,2.9598,107017.395855352
1.1574677023879343,2.96,107017.396028143
0.966482434040868,2.9602,107017.396235079
0.969363284648635,2.9604,107017.3964414
0.9698098072480207,2.9606,107017.396647626
0.9678995846675261,2.9608,107017.396854259
1.1571997965790346,2.961,107017.39702709
0.9615846893057651,2.9612,107017.39723508
0.8846856710681575,2.9614000000000003,107017.397461149
1.024448484299482,2.9616,107017.397656376
0.9671647289021692,2.9618,107017.397863166
1.2101702754565375,2.9619999999999997,107017.398028432
0.8663709325818469,2.9622,107017.39825928
1.0938106864779558,2.9624,107017.398442127
0.9722377701968999,2.9626,107017.398647838
0.9690344698845065,2.9628,107017.398854229
1.1360021995496363,2.963,107017.399030285
0.9699509358889933,2.9632,107017.399236481
0.9681432617236101,2.9634,107017.399443062
0.97141130776879,2.9636,107017.399648948
0.9637021693910522,2.9638,107017.399856481
1.149445085536919,2.964,107017.400030478
0.8792523117141102,2.9642,107017.400257944
1.0310447312229178,2.9644,107017.400451922
0.9678059373204617,2.9646,107017.400658575
0.963330793954106,2.9648,107017.400866188
1.2112917635938205,2.965,107017.401031301
0.9536024436386403,2.9652,107017.401241032
0.9672489262778484,2.9654,107017.401447804
0.5630218472586376,2.9656000000000002,107017.40180303
3.1675646988008768,2.9657999999999998,107017.40186617
1.1880223329178743,2.966,107017.402034517
0.9726963765841359,2.9661999999999997,107017.402240131
0.6657080739965057,2.9664,107017.402540563
1.7015339360056045,2.9666,107017.402658104
0.656581553921119,2.9668,107017.402962712
2.787573167699944,2.967,107017.403034459
0.9626677184740372,2.9672,107017.403242215
0.9615754724743417,2.9674,107017.403450207
0.9817685216783973,2.9676,107017.403653921
0.9692693538659456,2.9678,107017.403860262
1.165956405182309,2.968,107017.404031795
0.9906089889511722,2.9682,107017.404233691
0.9547223338858701,2.9684,107017.404443176
1.0259988128361675,2.9686,107017.404638108
0.9629319080747882,2.9688,107017.404845807
1.0074247082612084,2.969,107017.405044333
1.0105961450285987,2.9692,107017.405242236
0.901745790731513,2.9694000000000003,107017.405464028
0.9940357651040284,2.9696,107017.405665228
0.9766006539969344,2.9698,107017.40587002
1.2481666819390222,2.9699999999999998,107017.406030255
0.8820014595251687,2.9702,107017.406257012
1.022939454027102,2.9704,107017.406452527
0.9768629657227154,2.9706,107017.406657264
0.9588785157250218,2.9708,107017.406865841
1.176608978132361,2.971,107017.407035821
0.9209714411040166,2.9712,107017.407252983
1.0419596926831178,2.9714,107017.407444929
0.9621583641278033,2.9716,107017.407652795
0.9727531734118775,2.9718,107017.407858397
1.1601869943937222,2.972,107017.408030783
0.9746968603159893,2.9722,107017.408235975
0.9573042365979337,2.9724,107017.408444895
0.9692834354870095,2.9726,107017.408651233
0.9744119450881286,2.9728,107017.408856485
1.1526845994913426,2.973,107017.409029993
0.9729992318881749,2.9732,107017.409235543
0.9671554047888973,2.9734,107017.409442335
0.9626445910840392,2.9736000000000002,107017.409650096
0.9156880562805971,2.9737999999999998,107017.409868511
1.2252799490225639,2.974,107017.410031739
0.9721007195091058,2.9741999999999997,107017.410237479
0.971236808348305,2.9744,107017.410443402
0.9625611933607485,2.9746,107017.410651181
0.9684761124575688,2.9748,107017.410857691
1.1476509964739763,2.975,107017.41103196
0.9684808213545507,2.9752,107017.411238469
0.970817223067121,2.9754,107017.411444481
0.9655911629749234,2.9756,107017.411651608
0.9649622344156069,2.9758,107017.41185887
1.1707682353778706,2.976,107017.412029698
0.9647620740042505,2.9762,107017.412237003
0.9703085269404561,2.9764,107017.412443123
0.9723228532062517,2.9766,107017.412648816
0.9547405059036802,2.9768,107017.412858297
1.1591918309414546,2.977,107017.413030831
0.9748298731738725,2.9772,107017.413235995
0.9613120265519008,2.9774000000000003,107017.413444044
0.9645619966113725,2.9776,107017.413651392
0.6865114139000541,2.9778000000000002,107017.41394272
1.4022099408267765,2.9779999999999998,107017.414085352
1.2349032598341965,2.9782,107017.414247308
0.9660342163995317,2.9784,107017.41445434
0.9682744917892943,2.9786,107017.414660893
0.9509997749937387,2.9788,107017.414871198
1.2557607088083538,2.979,107017.415030464
0.9642829748102649,2.9792,107017.415237872
0.9623666773238164,2.9794,107017.415445693
0.8691872877101703,2.9796,107017.415675793
1.0869979336440987,2.9798,107017.415859786
0.653477299155403,2.98,107017.416165841
1.482700670424275,2.9802,107017.41630073
0.9873568897905116,2.9804,107017.416503291
0.9581939626347862,2.9806,107017.416712017
0.9740228141067476,2.9808,107017.416917351
1.3115871983761624,2.981,107017.417069838
0.9792592918084868,2.9812,107017.417274074
0.9664683657248839,2.9814,107017.417481013
0.9561006592462332,2.9816000000000003,107017.417690196
0.9691706572864728,2.9818,107017.417896558
1.2257680950424334,2.982,107017.418059721
0.9655958438572397,2.9821999999999997,107017.418266847
0.9470683276157141,2.9824,107017.418478025
0.9632798180406699,2.9826,107017.418685649
0.9466379973493718,2.9828,107017.418896923
1.2038330029160138,2.983,107017.419063059
1.0942176278176765,2.9832,107017.419245838
0.9534615341314624,2.9834,107017.4194556
0.928423209865199,2.9836,107017.419671019
0.9735202699526593,2.9838,107017.419876459
1.0819407370949392,2.984,107017.420061312
0.9602135951601685,2.9842,107017.420269599
0.9534297194851944,2.9844,107017.420479368
0.9503218871499715,2.9846,107017.420689823
0.935510627506052,2.9848,107017.42090361
0.8556734995014336,2.985,107017.421137344
0.8634124581238619,2.9852,107017.421368983
1.0607322741387895,2.9854000000000003,107017.421557532
0.9548681274394581,2.9856,107017.421766985
1.0549246873083937,2.9858000000000002,107017.421956572
0.9963533470498226,2.9859999999999998,107017.422157304
0.9487891143588841,2.9862,107017.422368099
0.9714066389900239,2.9864,107017.422573986
0.9680917070451105,2.9866,107017.422780578
0.9601167340943644,2.9868,107017.422988886
0.9323792212171675,2.987,107017.423203391
0.9815757701488628,2.9872,107017.423407145
0.9717040199256332,2.9874,107017.423612969
0.9705062670085086,2.9876,107017.423819047
0.9343437257565044,2.9878,107017.424033101
0.9885671843256305,2.988,107017.424235414
0.9388921867165341,2.9882,107017.424448431
0.9798974299098491,2.9884,107017.424652534
0.9817058989301286,2.9886,107017.424856261
0.9936407194521463,2.9888,107017.425057541
0.9526168187636505,2.989,107017.425267489
0.9720062574934117,2.9892,107017.425473249
0.9722991907937681,2.9894,107017.425678947
0.9731175881247741,2.9896000000000003,107017.425884472
1.0766812479200418,2.9898,107017.426070228
0.9653720940880416,2.99,107017.426277402
0.9402561551992695,2.9901999999999997,107017.42649011
0.9789717034300743,2.9904,107017.426694406
0.9361892873626076,2.9906,107017.426908038
0.9277987225252793,2.9908,107017.427123602
1.0037036938971433,2.991,107017.427322864
0.9610532946847549,2.9912,107017.427530969
0.9609055392178493,2.9914,107017.427739106
0.9391259029485858,2.9916,107017.42795207
0.9533342221567608,2.9918,107017.42816186
0.9835308387067621,2.992,107017.428365209
0.9578864995657618,2.9922,107017.428574002
0.9387864335583246,2.9924,107017.428787043
0.9934235314797444,2.9926,107017.428988367
0.94845617274445,2.9928,107017.429199236
0.9490366967470102,2.993,107017.429409976
0.9898294927357807,2.9932,107017.429612031
0.9604856350744914,2.9934,107017.429820259
0.9347148239254599,2.9936,107017.430034228
0.9794895260834547,2.9938000000000002,107017.430238416
0.9813350247283436,2.9939999999999998,107017.43044222
0.9716992109358427,2.9942,107017.430648045
0.9545446294452986,2.9943999999999997,107017.430857569
0.950118755187637,2.9946,107017.431068069
0.9949209238298033,2.9948,107017.43126909
0.9620102013614177,2.995,107017.431476988
0.9859987928308852,2.9952,107017.431679828
0.9764242853856494,2.9954,107017.431884657
1.108764220848289,2.9956,107017.432065038
0.9771159012461654,2.9958,107017.432269722
0.9223093009802219,2.996,107017.432486569
1.0122225736484056,2.9962,107017.432684154
0.9740655446210666,2.9964,107017.432889479
1.1732200703423932,2.9966,107017.43305995
0.9590761750655662,2.9968,107017.433268484
0.9777560475247186,2.997,107017.433473034
0.9682323360500841,2.9972,107017.433679596
0.9597987862055309,2.9974,107017.433887973
1.1496301688564794,2.9976000000000003,107017.434061942
0.9031139036224756,2.9978,107017.434283398
0.9987266100413775,2.998,107017.434483653
0.9956341679536918,2.9981999999999998,107017.43468453
0.9710435043540444,2.9984,107017.434890494
1.1801428587545677,2.9986,107017.435059965
0.9720534862074353,2.9988,107017.435265715
0.965348836571497,2.999,107017.435472894
0.9730276127146796,2.9992,107017.435678438
0.9671086508259072,2.9994,107017.43588524
1.1261007585341445,2.9996,107017.436062844
0.9801423632820419,2.9998,107017.436266896
0.9305051655953986,3.0,107017.436481833
1.0027978702055997,3.0002,107017.436681275
0.9717653043912181,3.0004,107017.436887086
0.9732360420714284,3.0006,107017.437092586
1.0423995567643354,3.0008,107017.437284451
0.996919589829347,3.001,107017.437485069
0.9825981674231972,3.0012,107017.437688611
0.9760096331406144,3.0014,107017.437893527
1.1863240710213787,3.0016,107017.438062115
0.8355336076680542,3.0018,107017.438301483
1.1539748074229832,3.002,107017.438474797
0.8813601205767415,3.0022,107017.438701719
1.047641473624334,3.0024,107017.438892624
1.1652975204425458,3.0026,107017.439064254
0.8560910430355639,3.0028,107017.439297874
1.0867793555579046,3.003,107017.439481904
0.8004963387205419,3.0032,107017.439731749
1.214690419701404,3.0034,107017.4398964
1.1420414334855087,3.0036,107017.440071525
0.9474676313114024,3.0038,107017.440282614
0.9621212518058977,3.004,107017.440490488
1.006547614788313,3.0042,107017.440689187
0.9565030241494833,3.0044,107017.440898282
1.1994002732355236,3.0046,107017.441065032
0.9685324174862084,3.0048,107017.44127153
0.973202825198617,3.005,107017.441477037
0.9750010319878883,3.0052,107017.441682165
0.9609563313337836,3.0054,107017.441890291
1.1622973498926858,3.0056,107017.442062364
0.9788088372068758,3.0058,107017.442266694
0.9557122563240962,3.006,107017.442475962
0.9720156753735014,3.0062,107017.44268172
0.9612750467211267,3.0064,107017.442889777
1.1617235012096154,3.0066,107017.443061935
0.9463916647488377,3.0068,107017.443273264
0.9375761716311253,3.007,107017.44348658
0.9842132501575968,3.0072,107017.443689788
0.9857752457785407,3.0074,107017.443892674
1.1859723314619857,3.0076,107017.444061312
0.9587129701584006,3.0078,107017.444269925
0.9539982052146343,3.008,107017.444479569
0.9673285086564023,3.0082,107017.444686324
0.9877713739748928,3.0084,107017.4448888
1.1586479045206233,3.0086,107017.445061415
0.9428447694971538,3.0088,107017.445273539
0.9986617327478663,3.009,107017.445473807
0.9519276576014319,3.0092,107017.445683907
0.9812820555672678,3.0094,107017.445887722
1.1504170291139995,3.0096,107017.446061572
0.7464218481683897,3.0098,107017.446329517
1.304435774765058,3.01,107017.44648284
1.1403808711292598,3.0102,107017.44665822
1.0099734422285491,3.0104,107017.446856245
1.1326118932240208,3.0106,107017.447032828
0.9517283201575354,3.0108,107017.447242972
1.0229655693395656,3.011,107017.447438482
0.856421038033228,3.0112,107017.447672012
1.1592253666485932,3.0114,107017.447844541
1.0834060599781825,3.0116,107017.448029144
0.9860231267515325,3.0118,107017.448231979
0.9854158453693016,3.012,107017.448434939
0.835031195262844,3.0122,107017.448674451
0.8765241056614033,3.0124,107017.448902625
1.5813026732546902,3.0126,107017.449029103
0.8274275630958047,3.0128,107017.449270816
1.169317049255515,3.013,107017.449441856
0.9674267622799859,3.0132,107017.44964859
0.9964377187027423,3.0134,107017.449849305
1.0974539455261751,3.0136,107017.450031545
0.9328009875385205,3.0138,107017.450245953
1.0212418546498503,3.014,107017.450441793
0.9154323830562862,3.0142,107017.450660269
1.0259251365439934,3.0144,107017.450855215
1.1538016894289156,3.0146,107017.451028555
0.9852071106343886,3.0148,107017.451231558
0.9864122081209592,3.015,107017.451434313
0.9161410190132362,3.0152,107017.45165262
1.0098817169382632,3.0154,107017.451850663
1.1155857910754639,3.0156,107017.452029941
0.9153402000709212,3.0158,107017.452248439
1.0234053138252273,3.016,107017.452443865
0.9256430569001031,3.0162,107017.452659931
0.8774469920492562,3.0164,107017.452887865
1.2557687404580617,3.0166,107017.45304713
1.0292459919795849,3.0168,107017.453241447
0.9923686778217404,3.017,107017.453442985
0.9099719655258419,3.0172,107017.453662772
1.040885934209698,3.0174,107017.453854916
0.9871474029148138,3.0176,107017.45405752
0.992723273405575,3.0178,107017.454258986
1.0305719693386373,3.018,107017.454453053
0.998791423178809,3.0182,107017.454653295
0.7397407339258419,3.0184,107017.45492366
1.6288898987196436,3.0186,107017.455046443
1.0285949436658484,3.0188,107017.455240883
0.97289040814341,3.019,107017.455446456
0.9934778195712635,3.0192,107017.455647769
0.9803681877800631,3.0194,107017.455851774
1.1166009824927337,3.0196,107017.456030889
0.9947774759933907,3.0198,107017.456231939
0.9785645001093978,3.02,107017.45643632
0.9727957925977411,3.0202,107017.456641913
0.9924967388101522,3.0204,107017.456843425
1.068775690953386,3.0206,107017.457030555
1.121937818441135,3.0208,107017.457208818
1.046775178047843,3.021,107017.457399881
0.921828888314354,3.0212,107017.457616841
1.023221996581478,3.0214,107017.457812302
0.9708502087088474,3.0216,107017.458018307
0.764967566397146,3.0218,107017.458279756
1.2948755031599561,3.022,107017.458434211
0.9885281490085912,3.0222,107017.458636532
0.9818456715448675,3.0224,107017.45884023
0.9275663526251925,3.0226,107017.459055848
1.040517766552072,3.0228,107017.45924806
0.9817203442303516,3.023,107017.459451784
0.9891294498622546,3.0232,107017.459653982
0.9685511872839823,3.0234,107017.459860476
1.181732713927664,3.0236,107017.460029719
0.9022339221530106,3.0238,107017.460251391
1.0426278539119238,3.024,107017.460443214
0.9185393820876564,3.0242,107017.460660951
1.0282775753501858,3.0244,107017.460855451
1.0409239320866552,3.0246,107017.461047588
1.043612566150649,3.0248,107017.46123923
0.9802143641294787,3.025,107017.461443267
0.9768200588511905,3.0252,107017.461648013
0.9911589268227566,3.0254,107017.461849797
1.1081928559879748,3.0256,107017.462030271
0.9877713739748928,3.0258,107017.462232747
0.9752434541818342,3.026,107017.462437824
0.9829265521585467,3.0262000000000002,107017.462641298
1.1227503137702965,3.0264,107017.462819432
0.8701781306437352,3.0266,107017.46304927
1.1018554947843842,3.0268,107017.463230782
0.9838597768086282,3.027,107017.463434063
0.9989710278169094,3.0272,107017.463634269
0.9200775208166102,3.0274,107017.463851642
1.0925140317022646,3.0276,107017.464034706
0.9976803861248842,3.0278,107017.464235171
0.9856489840293017,3.028,107017.464438083
0.9805459841469454,3.0282,107017.464642051
0.6605128869332354,3.0284,107017.464944846
1.7824198358483732,3.0286,107017.465057053
1.0574457587283783,3.0288,107017.465246188
0.9789046261002068,3.029,107017.465450498
0.9780094458043144,3.0292,107017.465654995
0.9928071030744811,3.0294,107017.465856444
1.1476642214205914,3.0296,107017.466030711
0.9879177790253544,3.0298,107017.466233157
0.9759906424621289,3.03,107017.466438077
0.9689171047317189,3.0302,107017.466644493
0.9898540161075051,3.0304,107017.466846543
0.8800647955968306,3.0306,107017.467073799
1.2487434647805584,3.0308,107017.46723396
0.9590807929977139,3.031,107017.467442493
1.0012565593912692,3.0312,107017.467642242
0.9754527647879372,3.0314,107017.467847275
1.0864486902200443,3.0316,107017.468031361
0.978401769337356,3.0318,107017.468235776
0.9657963504227666,3.032,107017.468442859
0.9937838396095932,3.0322,107017.46864411
0.9240607337355256,3.0324,107017.468860546
1.1767128388874437,3.0326,107017.469030511
0.9837387932587102,3.0328,107017.469233817
0.9675483983585967,3.033,107017.469440525
0.89321602638273,3.0332,107017.469664435
1.0331913246147744,3.0334,107017.46985801
1.1404784342796777,3.0336,107017.470033375
0.9814360743628069,3.0338,107017.470237158
0.9841551072338018,3.034,107017.470440378
0.9817011306719216,3.0342,107017.470644106
0.9857461164598624,3.0344,107017.470846998
1.0875298330915824,3.0346,107017.471030901
0.9795758133020399,3.0348,107017.471235071
0.9742458272024979,3.035,107017.471440358
0.9840582880834307,3.0352,107017.471643598
0.9782677800098231,3.0354,107017.471848041
1.0828077161981031,3.0356,107017.472032746
0.9833469630094085,3.0358,107017.472236133
0.9774502242412265,3.036,107017.472440747
0.9787178063336347,3.0362,107017.472645096
0.9802287655683812,3.0364,107017.47284913
1.1001221515651114,3.0366,107017.473030928
0.9830038841392994,3.0368,107017.473234386
0.9754907742668121,3.037,107017.473439411
0.9805892189728967,3.0372,107017.47364337
0.976948929662588,3.0374,107017.473848089
1.0757661974685087,3.0376,107017.474034003
0.9904814859986395,3.0378,107017.474235925
0.9841696247021644,3.038,107017.474439142
0.9708502087088474,3.0382,107017.474645147
0.9858383887867349,3.0384,107017.47484802
1.019238143883682,3.0386,107017.475044245
1.0159349657110828,3.0388,107017.475241108
0.9930683637974754,3.039,107017.475442504
0.9747254093926463,3.0392,107017.47564769
0.98648024750611,3.0394,107017.475850431
1.090851575289967,3.0396,107017.476033774
0.9838646364901369,3.0398,107017.476237054
0.5972734306861595,3.04,107017.476571909
1.1299435383368153,3.0402,107017.476748909
0.9613212383315274,3.0404,107017.476956956
0.7960230600090634,3.0406,107017.477208205
1.2918144310228896,3.0408,107017.477363026
0.7441805008387248,3.041,107017.477631778
1.2602394406414805,3.0412,107017.477790478
1.041541905041823,3.0414,107017.477982501
0.6563122566482439,3.0416,107017.478287234
1.0652917302533131,3.0418,107017.478474976
0.9995851767894094,3.042,107017.478675059
1.6762491526240484,3.0422,107017.478794373
1.0118794660991295,3.0424,107017.478992025
0.6905648273018816,3.0426,107017.479281643
1.659695908547751,3.0428,107017.479402147
1.0055101812118499,3.043,107017.479601051
0.9966015907749323,3.0432,107017.479801733
0.9556347066305302,3.0434,107017.480011018
0.8472673322754218,3.0436,107017.480247071
1.2383900362904463,3.0438,107017.480408571
0.9860717981962932,3.044,107017.480611396
0.9892517630501206,3.0442,107017.480813569
0.6796086695663237,3.0444,107017.481107856
1.5069887185727013,3.0446,107017.481240571
1.0393335500542649,3.0448,107017.481433002
0.9951536104278821,3.045,107017.481633976
0.9892713445122292,3.0452,107017.481836145
1.029283144753442,3.0454,107017.482030455
0.879828569577499,3.0456,107017.482257772
1.0777895130374775,3.0458,107017.482443337
1.0216956878224965,3.046,107017.48263909
0.9963037275916752,3.0462,107017.482839832
0.9877421265687194,3.0464,107017.483042314
1.0074247082612084,3.0466,107017.48324084
0.991881459678888,3.0468,107017.483442477
0.9854934988912746,3.047,107017.483645421
0.9896629940844782,3.0472,107017.48384751
0.9517283201575354,3.0474,107017.484057654
1.0329991278515631,3.0476,107017.484251265
0.9827478915126794,3.0478,107017.484454776
0.9329663809954771,3.048,107017.484669146
1.0225262025970225,3.0482,107017.48486474
1.207868124403849,3.0484,107017.485030321
0.9941197446891321,3.0486,107017.485231504
0.9185773216342036,3.0488,107017.485449232
1.0276700124667615,3.049,107017.485643847
0.9909673294242667,3.0492,107017.48584567
0.9985520991258307,3.0494,107017.48604596
1.0229708230183352,3.0496,107017.486241469
0.776026961676516,3.0498,107017.486499192
1.3588434148634208,3.05,107017.486646376
0.9924129615433068,3.0502,107017.486847905
1.0697933671215285,3.0504,107017.487034857
0.994619097731551,3.0506,107017.487235939
0.9906335509609656,3.0508,107017.48743783
0.9827961698687507,3.051,107017.487641331
0.9873910089690247,3.0512,107017.487843885
1.0583690140705075,3.0514,107017.488032855
0.9657823699385361,3.0516,107017.488239941
0.9137677233958356,3.0518,107017.488458815
1.0535576351313314,3.052,107017.488648648
0.9872837649415255,3.0522,107017.488851224
1.1079902349715376,3.0524,107017.489031731
0.8789934161458254,3.0526,107017.489259264
1.1330673726955631,3.0528,107017.489435776
0.9843198281150273,3.053,107017.489638962
0.9805988039085327,3.0532,107017.489842919
1.0589911527795521,3.0534,107017.490031778
0.9930930479198853,3.0536,107017.490233169
0.9852071106343886,3.0538,107017.490436172
0.9894719745406639,3.054,107017.4906383
0.9852799281736995,3.0542,107017.490841288
1.054529774442043,3.0544,107017.491030946
0.7952823926255862,3.0546,107017.491282429
1.3092088691954245,3.0548,107017.491435193
0.9814746917495788,3.055,107017.491638968
0.9888311268910432,3.0552,107017.491841227
1.0416178415093695,3.0554,107017.492033236
0.9799886803599323,3.0556,107017.49223732
0.9966562267774566,3.0558,107017.492437991
0.9961845744020862,3.056,107017.492638757
0.9839275349605836,3.0562,107017.492842024
1.055470232479263,3.0564,107017.493031513
0.8711181167072959,3.0566,107017.493261103
1.1430988083701756,3.0568,107017.493436066
0.9837484398656273,3.057,107017.49363937
0.988728548797333,3.0572,107017.49384165
1.0395658529363523,3.0574,107017.494034038
0.9994403082347474,3.0576,107017.49423415
0.9931670358817193,3.0578,107017.494435526
0.976247841778916,3.058,107017.494640392
0.9956143337970601,3.0582,107017.494841273
1.0513202030414692,3.0584,107017.49503151
0.9923686778239439,3.0586,107017.495233048
0.9871278345449744,3.0588,107017.495435656
0.9850664500038049,3.059,107017.495638688
0.9904765607312176,3.0592,107017.495840611
1.0370216176738747,3.0594,107017.496033471
0.9899324420127017,3.0596,107017.496235505
0.9908936688303809,3.0598,107017.496437343
0.6491230206213127,3.06,107017.496745451
1.1020983849371326,3.0602,107017.496926923
0.9869963353746651,3.0604,107017.497129558
0.9986069492062734,3.0606,107017.497329837
0.9821542519298068,3.0608,107017.497533471
1.009621696570998,3.061,107017.497731565
0.9005398659138404,3.0612,107017.497953654
1.0691928261779424,3.0614,107017.498140711
1.0077495790097366,3.0616,107017.498339173
0.9974814090082668,3.0618,107017.498539678
0.9950198923828625,3.062,107017.498740679
0.9926543701391407,3.0622,107017.498942159
0.9902950738064012,3.0624,107017.499144119
0.9939715676859728,3.0626,107017.499345332
0.9930733148748101,3.0628,107017.499546727
0.9945004190839952,3.063,107017.499747833
0.8784065738852342,3.0632,107017.499975518
1.0762583346011534,3.0634,107017.500161347
1.029977438885728,3.0636,107017.500355526
0.9951387671045112,3.0638,107017.500556503
0.9901578074003395,3.064,107017.500758491
0.9961201713332846,3.0642,107017.50095927
0.992073267536168,3.0644,107017.501160868
0.9924376847574294,3.0646,107017.501362392
0.9898294927357807,3.0648,107017.501564447
0.9974763414865999,3.065,107017.501764953
0.990506041685926,3.0652,107017.50196687
0.994282855167354,3.0654,107017.50216802
0.994371840540907,3.0656,107017.502369152
0.9960606131268284,3.0658,107017.502569943
0.9935419532283156,3.066,107017.502771243
0.9946388922543633,3.0662,107017.502972321
0.9884451114421007,3.0664,107017.503174659
0.9872934812006945,3.0666,107017.503377233
1.0031902003102648,3.0668,107017.503576597
0.9913504553112046,3.067,107017.503778342
0.9953913080180514,3.0672,107017.503979268
0.9892517630501206,3.0674,107017.504181441
0.9992406285723987,3.0676,107017.504381593
0.9904323782764534,3.0678,107017.504583525
1.000270108988241,3.068,107017.504783471
0.8613412601397312,3.0682,107017.505015667
1.1728692511516279,3.0684,107017.505186189
0.9933593413132136,3.0686,107017.505387526
0.9936209646365037,3.0688,107017.50558881
0.995277418110109,3.069,107017.505789759
0.9946092367508947,3.0692,107017.505990843
0.983680706377339,3.0694,107017.506194161
0.9855178078772389,3.0696,107017.5063971
1.0033713905712367,3.0698,107017.506596428
1.001171369748098,3.07,107017.506796194
0.9990009439990061,3.0702,107017.506996394
0.9761430738910198,3.0704,107017.507201282
1.0129351676167295,3.0705999999999998,107017.507398728
0.9822170020905862,3.0708,107017.507602349
1.009983684435785,3.071,107017.507800372
0.9875567439665986,3.0712,107017.508002892
1.0010110220716808,3.0714,107017.50820269
0.9833760210687975,3.0716,107017.508406071
0.8900598293394737,3.0718,107017.508630775
1.1449442045545772,3.072,107017.508805456
0.9810847327161546,3.0722,107017.509009312
1.0045960287307945,3.0724,107017.509208397
1.001732954881695,3.0726,107017.509408051
0.9800126486482786,3.0728,107017.50961213
1.0060767194386486,3.073,107017.509810922
0.9761573559456267,3.0732,107017.510015807
0.7537186541192807,3.0734,107017.510281158
1.4966250377124817,3.0736,107017.510414792
0.9925066296177012,3.0738,107017.510616302
0.9937097597225983,3.074,107017.510817568
0.9808153194470374,3.0742,107017.51102148
1.0146721309951758,3.0744,107017.511218588
0.9352218744529246,3.0746,107017.511432441
1.0435853067778804,3.0748,107017.511624088
0.9938382389548716,3.075,107017.511825328
0.9792592918084868,3.0752,107017.512029564
1.014512597110646,3.0754,107017.512226703
0.9991107488385167,3.0756,107017.512426881
0.9294760334631832,3.0758,107017.512642056
1.0367690207677103,3.076,107017.512834963
0.6824634190912197,3.0762,107017.513128019
1.7746701033340637,3.0764,107017.513240716
1.0137052867816874,3.0766,107017.513438012
1.0117566329270904,3.0768,107017.513635688
1.0005653227800324,3.077,107017.513835575
1.0201010836428757,3.0772,107017.514031634
0.9953319090167073,3.0774,107017.514232572
1.0039102211678745,3.0776,107017.514431793
0.9948219029543617,3.0778,107017.514632834
0.9961350439482333,3.078,107017.51483361
1.0066590112340665,3.0782,107017.515032287
0.9955251259155102,3.0784,107017.515233186
0.9993703967421969,3.0786,107017.515433312
1.000195058968876,3.0788,107017.515633273
0.9876152895277265,3.079,107017.515835781
1.0202364026296293,3.0792,107017.516031814
0.9960655218975545,3.0794,107017.516232604
0.9921372915946105,3.0796,107017.516434189
1.0002100535119718,3.0798,107017.516634147
0.9971780276125869,3.08,107017.516834713
0.9945053124888782,3.0802,107017.517035818
0.8286789336199537,3.0804,107017.517277166
1.2107270801996945,3.0806,107017.517442356
1.0349127856600904,3.0808,107017.517635609
0.6344996360370139,3.081,107017.517950818
1.5999231867116062,3.0812,107017.518075824
1.0841813041354043,3.0814,107017.518260295
1.0580722696576286,3.0816,107017.518449318
1.0109025424273737,3.0818,107017.518647161
0.9886356635622536,3.082,107017.51884946
0.951583417867907,3.0822,107017.519059636
0.6931111642580309,3.0824,107017.51934819
1.494522707341214,3.0826000000000002,107017.519482012
1.032551179415359,3.0828,107017.519675707
0.8249395424190747,3.083,107017.519918149
1.2807951714100267,3.0832,107017.520074302
1.129649873040696,3.0834,107017.520251348
1.0178065174769824,3.0836,107017.520447849
0.9221647409933587,3.0838,107017.52066473
0.9124794698654738,3.084,107017.520883913
1.289923172514224,3.0842,107017.521038961
1.010555276353274,3.0844,107017.521236872
0.9935765012162069,3.0846,107017.521438165
0.9931719161736349,3.0848,107017.52163954
0.9878592686003972,3.085,107017.521841998
0.9195401800569248,3.0852,107017.522059498
1.0545186088349512,3.0854,107017.522249158
0.9913849225679118,3.0856,107017.522450896
0.9789716336961758,3.0858,107017.522655192
0.9874593253467943,3.086,107017.522857732
0.9771923215873471,3.0862,107017.5230624
0.9865532533713645,3.0864,107017.523265126
0.9809932780462958,3.0866,107017.523469001
0.9777655771556397,3.0868,107017.523673549
0.9931374680798235,3.087,107017.523874931
1.07325500223871,3.0872,107017.52406128
0.976972749488993,3.0874,107017.524265994
0.9858383887845459,3.0876,107017.524468867
0.9908298766029997,3.0878,107017.524670718
0.9651485157602555,3.088,107017.52487794
1.0380335509437866,3.0882,107017.525070612
1.1244672441767212,3.0884,107017.525248474
0.9793216725806075,3.0886,107017.525452697
1.0709217857412727,3.0888,107017.525639452
0.9891832696339142,3.089,107017.525841639
0.6986289478986015,3.0892,107017.526127914
1.5532169994474292,3.0894,107017.526256679
1.0060868827641076,3.0896,107017.526455469
0.9780667952119684,3.0898,107017.526659954
0.9781912609929732,3.09,107017.526864413
0.9938727356807358,3.0902,107017.527065646
0.9803873491974934,3.0904,107017.527269647
0.9735581979373136,3.0906,107017.527475079
0.9808537479995258,3.0908,107017.527678983
0.974682620965813,3.091,107017.527884178
1.1072602348997072,3.0912,107017.528064804
0.9838113939024622,3.0914,107017.528268095
0.9703650452418134,3.0916,107017.528474203
0.9733734130913408,3.0918,107017.528679674
0.9662722675074897,3.092,107017.528886655
1.1362667670441509,3.0922,107017.52906267
0.9643015802625445,3.0924,107017.529270074
0.9781768497425566,3.0926,107017.529474536
0.9826078619235615,3.0928,107017.529678076
0.9714019015986189,3.093,107017.529883964
1.0839227376764353,3.0932,107017.530068479
0.9958076603724066,3.0934,107017.530269321
0.9690156813509303,3.0936,107017.530475716
0.985163467646874,3.0938,107017.530678728
0.9434273793715181,3.094,107017.530890721
1.1157227218937238,3.0942,107017.531069977
0.9887333855663313,3.0944,107017.531272256
0.9793024830180137,3.0946,107017.531476483
0.9726443358661158,3.0948,107017.531682108
0.9666132142179651,3.095,107017.531889016
1.1415720745953333,3.0952,107017.532064213
0.9712981025336831,3.0954,107017.532270123
0.9736577212267562,3.0956,107017.532475534
0.9801278944852971,3.0958,107017.532679589
0.9834002257028379,3.096,107017.532882965
1.0884945822508683,3.0962,107017.533066705
0.9793839915103127,3.0964,107017.533270915
0.975704901200855,3.0966,107017.533475895
1.1205172931603806,3.0968,107017.533654384
0.972772107161069,3.097,107017.533859982
0.8994585241489493,3.0972,107017.534082338
1.010248940876942,3.0974,107017.534280309
1.0129865322178078,3.0976,107017.534477745
0.9593568119178995,3.0978,107017.534686218
0.9995352349179127,3.098,107017.534886311
1.0827491123578574,3.0982,107017.535071026
0.9767198880628476,3.0984,107017.535275793
0.978856659594769,3.0986,107017.535480113
0.9865727281483665,3.0987999999999998,107017.535682835
0.9882790070962628,3.099,107017.535885207
1.1082235951016923,3.0992,107017.536065676
0.9829362531376556,3.0994,107017.536269148
0.9634189848959572,3.0996,107017.536476742
0.9972227416112994,3.0998,107017.536677299
0.6835363441388245,3.1,107017.536969895
0.7582190822532455,3.1002,107017.537233671
0.9530253756864128,3.1004,107017.537443529
2.2058497428680064,3.1006,107017.537534197
1.0216331080627927,3.1008,107017.537729962
1.1737020879228164,3.101,107017.537900363
1.0348859788672389,3.1012,107017.538093621
0.8812164153709374,3.1014,107017.53832058
0.9449116797306986,3.1016,107017.53853224
0.7564296374293793,3.1018,107017.53879664
2.2873611428901763,3.102,107017.538884077
1.0679025661401824,3.1022,107017.53907136
0.9913603232850693,3.1024,107017.539273103
0.997491327021101,3.1026,107017.539473606
0.9403312932807127,3.1028000000000002,107017.539686297
1.0933502057603453,3.103,107017.539869221
1.019492705586786,3.1032,107017.540065397
0.967001072630642,3.1034,107017.540272222
0.9581985720751512,3.1036,107017.540480947
0.954011912828475,3.1038,107017.540690588
1.020882141824553,3.104,107017.540886497
1.0834059745752767,3.1042,107017.5410711
0.985275054500842,3.1044,107017.541274089
0.9832213225013019,3.1046,107017.541477502
0.9689828885652371,3.1048,107017.541683904
0.9402914711752348,3.105,107017.541896604
1.1841957387066067,3.1052,107017.542065495
0.9842616725986228,3.1054,107017.542268693
0.9836904222506461,3.1056,107017.542472009
0.9641574236932748,3.1058,107017.542679444
0.9784687777660418,3.106,107017.542883845
1.1084877179205122,3.1062,107017.543064271
0.9334279183732318,3.1064,107017.543278535
1.010223470806935,3.1066,107017.543476511
0.9769870558322418,3.1068,107017.543681222
0.9729945478354284,3.107,107017.543886773
1.1302180239732784,3.1072,107017.54406373
0.9754575417728101,3.1074,107017.544268762
0.9773880816485447,3.1076,107017.544473389
0.9726207266318014,3.1078,107017.544679019
0.9728478495289704,3.108,107017.544884601
1.111537215526191,3.1082,107017.545064532
0.9825402151609659,3.1084,107017.545268086
0.9567547158640654,3.1086,107017.545477126
0.9876152895277265,3.1088,107017.545679634
0.9741698670038546,3.109,107017.545884937
1.1174869870559063,3.1092,107017.54606391
0.9763861337619751,3.1094,107017.546268747
0.9753718400822604,3.1096,107017.546473797
0.9790484143411231,3.1098,107017.546678077
0.9662349050798082,3.11,107017.546885066
1.1364927377857512,3.1102,107017.547061046
0.981412106478775,3.1104,107017.547264834
0.9734112606918105,3.1106,107017.547470297
0.976247841778916,3.1108,107017.547675163
0.9687106575285724,3.111,107017.547881623
1.114603538017198,3.1112,107017.548061059
0.934889609007774,3.1114,107017.548274988
1.005702366118584,3.1116,107017.548473854
0.9838500575896325,3.1118,107017.548677137
0.9736577212267562,3.112,107017.548882548
1.0727599134416097,3.1122,107017.549068983
0.9857704379079306,3.1124,107017.54927187
0.9649575596721679,3.1126,107017.549479133
0.9792496632698201,3.1128,107017.549683371
0.9803633625776739,3.113,107017.549887377
1.1272813470260417,3.1132,107017.550064795
0.9820385291001857,3.1134,107017.550268453
0.9571393007772907,3.1136,107017.550477409
0.9859501993220311,3.1138,107017.550680259
0.9809932080262819,3.114,107017.550884134
1.1283243375270764,3.1142,107017.551061388
0.9692270431071301,3.1144,107017.551267738
1.0041572563735492,3.1146,107017.55146691
1.03505198511352,3.1148,107017.551660137
0.9848432548994249,3.115,107017.551863215
0.8960292606371353,3.1152,107017.552086422
1.0156511787450675,3.1154,107017.55228334
1.0321461719956189,3.1156,107017.552477111
0.9877811708241607,3.1158,107017.552679585
0.9810077023822728,3.116,107017.552883457
1.1165948138064365,3.1162,107017.553062573
0.9745971244910157,3.1164,107017.553267786
0.9818167739928648,3.1166,107017.55347149
0.9629783265306463,3.1168,107017.553679179
0.9849693102896598,3.117,107017.553882231
1.1199588509120422,3.1172,107017.554060809
0.9876835659671493,3.1174,107017.554263303
0.9669169183958882,3.1176,107017.554470146
1.2534548335761087,3.1178,107017.554629705
0.965348836571497,3.118,107017.554836884
0.9589888442874305,3.1182,107017.555045437
0.9941642567450542,3.1184,107017.555246611
0.9699696922530693,3.1186,107017.555452803
0.9621490689399679,3.1188,107017.555660671
0.9743122675595345,3.1189999999999998,107017.555865944
1.0053079954799566,3.1192,107017.556064888
0.9780142478632095,3.1194,107017.556269384
0.9716803876230057,3.1196,107017.556475213
0.9732028941109437,3.1198,107017.55668072
0.9537024948210719,3.12,107017.556890429
1.1398024593182203,3.1202,107017.557065898
0.9751055548589727,3.1204,107017.557271004
0.9797677800939588,3.1206,107017.557475134
0.9735250280286171,3.1208,107017.557680573
1.173550456666805,3.121,107017.557850996
0.9333059632483862,3.1212,107017.558065288
0.978789667736584,3.1214,107017.558269622
0.9724646454473665,3.1216,107017.558475285
0.9797293667487333,3.1218,107017.558679423
1.129854178087591,3.122,107017.558856437
0.9755193006301308,3.1222,107017.559061456
0.9343305775129096,3.1224,107017.559275513
1.0282406489874727,3.1226,107017.55947002
0.9703320925591529,3.1228,107017.559676135
0.9700591029968663,3.123,107017.559882308
1.0796979609310773,3.1232,107017.560067545
0.9726349057999379,3.1234,107017.560273172
0.9860668459401944,3.1236,107017.560475998
0.9625473063806703,3.1238,107017.56068378
0.9681010492183875,3.124,107017.56089037
1.121673564325946,3.1242,107017.561068675
1.0088781325686889,3.1244,107017.561266915
0.959679090699825,3.1246,107017.561475318
0.9677871963960698,3.1248,107017.561681975
0.9911195436141341,3.125,107017.561883767
0.9167373710993999,3.1252,107017.562101932
1.123608077155321,3.1254,107017.56227993
1.005217115619169,3.1256,107017.562478892
0.9719400625230442,3.1258,107017.562684666
0.8937908601383856,3.126,107017.562908432
1.1785156392632958,3.1262,107017.563078137
1.030577224159788,3.1264,107017.563272203
0.9782773196163597,3.1266,107017.563476644
0.9753338398710544,3.1268,107017.563681702
0.9644503820532891,3.127,107017.563889074
1.1558822480759683,3.1272,107017.564062102
0.979882968343528,3.1274,107017.564266208
0.9652649696535833,3.1276,107017.564473405
0.9751436064708257,3.1278,107017.564678503
0.9710434357450343,3.128,107017.564884467
1.1339668943499723,3.1282,107017.565060839
1.1492932175210755,3.1284,107017.565234859
0.9900744958353368,3.1286,107017.565436864
0.9582077242838407,3.1288,107017.565645587
0.9990209859387661,3.129,107017.565845783
0.9545035944305629,3.1292,107017.566055316
1.1384011411264945,3.1294,107017.566231001
0.9780189803731847,3.1296,107017.566435496
0.9689406028118728,3.1298,107017.566641907
0.9680823650521356,3.13,107017.566848501
0.9410347508483679,3.1302,107017.567061033
0.9808537479973479,3.1304,107017.567264937
0.9327226803927486,3.1306,107017.567479363
0.9872594396770469,3.1308,107017.567681944
0.9867723358185436,3.1310000000000002,107017.567884625
1.1039537610778545,3.1312,107017.568065792
0.9913848510565995,3.1314,107017.56826753
0.944974179208903,3.1316,107017.568479176
0.9890463112514796,3.1318,107017.568681391
0.9794175618800774,3.132,107017.568885594
1.1342755397112516,3.1322,107017.569061918
0.9722330246954647,3.1324,107017.56926763
0.9681291450157408,3.1326,107017.569474214
0.9580287868929794,3.1328,107017.569682976
0.9492934566631174,3.133,107017.569893659
0.6604343632227562,3.1332,107017.57019649
2.09251013714975,3.1334,107017.570292069
1.2063671944269418,3.1336,107017.570457856
0.9912472823937077,3.1338,107017.570659622
0.9655631464558059,3.134,107017.570866755
1.0202780581162414,3.1342,107017.57106278
0.9762240572872929,3.1344,107017.571267651
0.9585338440344264,3.1346,107017.571476303
0.9889337974295359,3.1348,107017.571678541
0.9788615396930156,3.135,107017.57188286
1.134294823925798,3.1352,107017.572059181
0.9776700110385992,3.1354,107017.572263749
0.9721101392197997,3.1356,107017.572469487
0.959136010848598,3.1358,107017.572678008
0.9573867258266012,3.136,107017.57288691
0.5409250395217345,3.1362,107017.573256647
2.3201048895263594,3.1364,107017.57334285
1.8461935196285133,3.1366,107017.573451181
1.0095554702727565,3.1368,107017.573649288
0.9790483445984697,3.137,107017.573853568
0.971175521894118,3.1372,107017.574059504
1.0185736471408786,3.1374,107017.574255857
0.9903637926465135,3.1376,107017.574457803
0.988371825320237,3.1378,107017.574660156
0.968368229839728,3.138,107017.574866689
1.0031549073179327,3.1382,107017.57506606
0.9715576418000368,3.1384,107017.575271915
1.0131609718338874,3.1386,107017.575469317
0.9794895260812799,3.1388,107017.575673505
0.9499021198881122,3.1390000000000002,107017.575884053
1.1532629052618835,3.1391999999999998,107017.576057474
0.9988113841258421,3.1394,107017.576257712
0.9769870558322418,3.1396,107017.576462423
1.0054091149544175,3.1398,107017.576661347
0.9855178078772389,3.14,107017.576864286
0.9638693750123859,3.1402,107017.577071783
1.0274007525258364,3.1404,107017.577266449
1.0002251212992144,3.1406,107017.577466404
0.9892566049395178,3.1408,107017.577668576
0.9870012260911054,3.141,107017.57787121
0.9704404132197307,3.1412,107017.578077302
1.0432913288879113,3.1414,107017.578269003
1.0243435753215753,3.1416,107017.57846425
0.9947972048184978,3.1418,107017.578665296
0.9966512399097529,3.142,107017.578865968
0.8183339244149074,3.1422,107017.579110367
1.2463700101357646,3.1424,107017.579270833
1.0202623801066388,3.1426,107017.579466861
0.984523320765605,3.1428,107017.579670005
0.9298519557517597,3.143,107017.579885093
1.1452523659323328,3.1432,107017.580059727
0.987220436652884,3.1434,107017.580262316
0.8977949798741554,3.1436,107017.580485084
1.0171233356688336,3.1438,107017.580681717
0.9876640473103941,3.144,107017.580884215
1.1155235855978904,3.1442,107017.581063503
0.9824678722337759,3.1444,107017.581267072
0.9698239730117106,3.1446,107017.581473295
0.9805507411903143,3.1448,107017.581677262
0.9829700674751786,3.145,107017.581880727
1.1052960398590357,3.1452,107017.582061674
0.9887919995872199,3.1454,107017.582263941
0.9595870272396244,3.1456,107017.582472364
1.1678491127455835,3.1458,107017.582643619
0.995336810607666,3.146,107017.582844556
0.949825510196361,3.1462,107017.583055121
1.014512597110646,3.1464,107017.58325226
0.9749486752151594,3.1466,107017.583457399
0.9861008760177126,3.1468,107017.583660218
0.9153234359813484,3.147,107017.58387872
1.0805962656087544,3.1471999999999998,107017.584063803
0.8760019681658437,3.1474,107017.584292113
1.064798267241336,3.1476,107017.584479942
0.9894035218540405,3.1478,107017.584682084
0.9786603108707449,3.148,107017.584886445
1.1350351403740033,3.1482,107017.585062651
0.9859696502972377,3.1484,107017.585265497
0.9734396655601936,3.1486,107017.585470954
0.8419741102750959,3.1488,107017.585708491
1.1364088221516149,3.149,107017.585884484
1.116115044466567,3.1492,107017.586063677
0.9522131640175753,3.1494,107017.586273714
0.8047318020671698,3.1496,107017.586522244
1.0822686636816239,3.1498,107017.586707041
1.1898246490534645,3.15,107017.586875133
0.9718881026949654,3.1502,107017.587080918
1.0707154634723064,3.1504,107017.587267709
0.8192188480898052,3.1506,107017.587511844
1.1364540204102285,3.1508,107017.58768783
1.2121653276975524,3.151,107017.587852824
1.1096131016101383,3.1512000000000002,107017.588033067
0.951547248599184,3.1514,107017.588243251
0.9927676604915686,3.1516,107017.588444708
0.9954954175425595,3.1518,107017.588645613
0.9874153407175345,3.152,107017.588848162
0.9314022411697215,3.1522,107017.589062892
1.182900022945413,3.1524,107017.589231968
0.9075851123210165,3.1526,107017.589452333
1.0232848473395013,3.1528,107017.589647782
0.925086495115022,3.153,107017.589863978
1.208371601995946,3.1532,107017.59002949
0.9885769969672441,3.1534,107017.590231801
0.9810606419299465,3.1536,107017.590435662
0.9904569315288455,3.1538,107017.590637589
0.9851489208436052,3.154,107017.590840604
1.0662912802868896,3.1542,107017.59102817
0.8714141609429051,3.1544,107017.591257682
1.0437106007220283,3.1546,107017.591449306
1.016792318898098,3.1548,107017.591646003
0.9968449694230481,3.155,107017.591846636
1.087766447800425,3.1552,107017.592030499
0.8759597037131059,3.1554,107017.59225882
0.8151487478201239,3.1556,107017.592504174
1.4001091192069444,3.1558,107017.59264702
1.0035828375219935,3.156,107017.592846306
1.0831243890197655,3.1562,107017.593030957
0.9564938379098394,3.1564,107017.593240054
1.0187241914592318,3.1566,107017.593436378
0.9922111372071171,3.1568,107017.593637948
0.9852313348673319,3.157,107017.593840946
0.9747016299000857,3.1572,107017.594046137
1.030067678689772,3.1574,107017.594240299
0.9877324014770741,3.1576,107017.594442783
0.9782438273653045,3.1578,107017.594647231
0.9894573714558443,3.158,107017.594849362
1.0904351941589618,3.1582,107017.595032775
0.9329750575391147,3.1584,107017.595247143
1.0286108788102815,3.1586,107017.59544158
0.9057232303301557,3.1588,107017.595662398
1.050282292047527,3.159,107017.595852823
1.0021144416427952,3.1592000000000002,107017.596052401
1.0341208568105638,3.1593999999999998,107017.596245802
0.758702308165596,3.1596,107017.59650941
1.2389271036025962,3.1598,107017.59667084
1.0085423206995632,3.16,107017.596869146
1.0285737745516224,3.1602,107017.59706359
0.9878591975968105,3.1604,107017.597266048
0.9831053480936514,3.1606,107017.597469485
0.990113724705837,3.1608,107017.597671482
0.9870840212258067,3.161,107017.597874099
1.0374197329392623,3.1612,107017.598066885
1.006552627467194,3.1614,107017.598265583
0.9915814746292733,3.1616,107017.598467281
0.9481908380499577,3.1618,107017.598678209
1.0047928594827344,3.162,107017.598877255
1.1351511042821876,3.1622,107017.599053443
0.9940604973449317,3.1624,107017.599254638
0.9773308118043237,3.1626,107017.599459277
0.9099346732372487,3.1628,107017.599679073
0.9370666296126959,3.163,107017.599892505
1.1178179990074644,3.1632,107017.600071425
1.0048281943624062,3.1634,107017.600270464
0.8704659281118166,3.1636,107017.600500226
1.0832710547989641,3.1638,107017.600684852
0.8222366051227984,3.164,107017.600928091
1.5736011453117327,3.1642,107017.601055188
0.9422228928861484,3.1644,107017.601267452
1.0054040401104318,3.1646,107017.601466377
0.9922849938132239,3.1648,107017.601667932
0.9837194302026987,3.165,107017.601871242
1.0698677326398927,3.1652,107017.602058181
0.999085837290573,3.1654,107017.602258364
0.9953665816015607,3.1656,107017.602459295
0.9839759292911179,3.1658,107017.602662552
0.8287956674592761,3.166,107017.602903866
1.190051199017619,3.1662,107017.603071926
1.0042479446845796,3.1664,107017.60327108
1.0079832786151453,3.1666,107017.603469496
0.9030568185151768,3.1668,107017.603690966
1.0507733952302358,3.167,107017.603881302
1.0995414473399308,3.1672,107017.604063196
1.0129300911657648,3.1673999999999998,107017.604260643
0.9818263829437088,3.1676,107017.604464345
0.872908826138184,3.1678,107017.604693464
1.0931351518083505,3.168,107017.604876424
1.0645715382338146,3.1682,107017.605064293
1.031837376506353,3.1684,107017.605258122
0.983937255710408,3.1686,107017.605461387
0.8592098189724454,3.1688,107017.605694159
1.0816248410445193,3.169,107017.605879066
1.1238607451356908,3.1692,107017.606057024
0.991704395028545,3.1694,107017.606258697
0.9920979022136921,3.1696,107017.60646029
0.9830521876509913,3.1698,107017.606663738
0.9629551167433265,3.17,107017.606871432
1.0301260457855304,3.1702,107017.607065583
1.0129453953268757,3.1704,107017.607263027
0.9873959035975916,3.1706,107017.60746558
0.9284749539000627,3.1708,107017.607680987
1.0179930265167936,3.171,107017.607877452
1.1054060063315607,3.1712,107017.608058381
1.011142765354457,3.1714,107017.608256177
0.9828927408125924,3.1716,107017.608459658
0.9910016985885823,3.1718,107017.608661474
0.9889876670772239,3.172,107017.608863701
1.049229847457315,3.1722,107017.609054317
0.93753664648818,3.1724,107017.609267642
1.0134227439336474,3.1726,107017.609464993
0.9841115573983632,3.1728,107017.609668222
0.9883571125397747,3.173,107017.609870578
1.092162075988207,3.1732,107017.610053701
0.9189402999308173,3.1734,107017.610271343
1.0346504660929938,3.1736,107017.610464645
0.9656051379239097,3.1738,107017.610671769
0.99295500480865,3.174,107017.610873188
1.087021489970955,3.1742,107017.611057177
0.9774645445718397,3.1744,107017.611261788
1.007236957904187,3.1746,107017.611460351
0.992639601276985,3.1748,107017.611661834
0.989697272831709,3.175,107017.611863916
1.0625863278486085,3.1752,107017.612052136
0.979067524202506,3.1754,107017.612256412
0.9929500549131428,3.1756,107017.612457832
0.9883327343556888,3.1758,107017.612660193
0.9327270480279695,3.176,107017.612874618
1.092293316622312,3.1762,107017.613057719
1.0117771154649724,3.1764,107017.613255391
0.9863927396806548,3.1766,107017.61345815
0.9876299092599838,3.1768,107017.613660655
0.9796238503158774,3.177,107017.613864815
1.0615879687427383,3.1772,107017.614053212
0.9378355981056236,3.1774,107017.614266469
1.0074298035246594,3.1776,107017.614464994
0.9421385396479913,3.1778,107017.614677277
0.9835694803450625,3.178,107017.614880618
1.161406413303823,3.1782,107017.615052823
0.986626340869684,3.1784,107017.615255534
0.9899666681215546,3.1786,107017.615457561
0.9846396299834855,3.1788,107017.615660681
0.9379411371393456,3.179,107017.615873914
1.1021773097300998,3.1792,107017.616055373
0.9783443806435684,3.1794000000000002,107017.6162598
0.9908740230922474,3.1796,107017.616461642
0.894318363832517,3.1798,107017.616685276
1.0562841699039942,3.18,107017.616874619
1.0455219610500917,3.1802,107017.617065911
0.8918896378882643,3.1804,107017.617290154
1.1619057823850298,3.1806,107017.617462285
0.9827575186955945,3.1808,107017.617665794
0.998263002409133,3.181,107017.617866142
1.0660639977734176,3.1812,107017.618053748
0.9419610338237101,3.1814,107017.618266071
0.9699838626879772,3.1816,107017.61847226
1.005869226285595,3.1818,107017.618671093
0.9891539385560075,3.182,107017.618873286
0.5990445266073199,3.1822,107017.619207151
1.5019864366880122,3.1824,107017.619340308
1.1070457382521275,3.1826,107017.619520969
1.004787864315941,3.1828,107017.619720016
0.9097235685660371,3.183,107017.619939863
1.0264253015762281,3.1832,107017.620134714
0.9870450320604267,3.1834,107017.620337339
0.9823134592426869,3.1836,107017.62054094
0.9706570585575002,3.1838,107017.620746986
0.9730939559104145,3.184,107017.620952516
0.9475170127063997,3.1842,107017.621163594
0.9876543237583757,3.1844,107017.621366094
0.9733591434486557,3.1846,107017.621571568
0.9651671546283773,3.1848,107017.621778786
0.9751625642002982,3.185,107017.62198388
0.9634097328675569,3.1852,107017.622191476
0.974255288529523,3.1854,107017.622396761
1.125454432890255,3.1856,107017.622574467
1.295378688822343,3.1858,107017.622728862
0.9845717737225999,3.186,107017.622931996
0.9574325444972661,3.1862,107017.623140888
0.9761477883094394,3.1864,107017.623345775
0.9549001045019454,3.1866,107017.623555221
0.9742505233126504,3.1868,107017.623760507
0.9643945506239763,3.187,107017.623967891
0.9656471330445143,3.1872,107017.624175006
0.9674828772549551,3.1874000000000002,107017.624381728
0.9641528243788269,3.1875999999999998,107017.624589164
0.9766865023675451,3.1878,107017.624793938
0.943560868700383,3.188,107017.625005901
0.9870109367876935,3.1882,107017.625208533
0.9589521098850328,3.1884,107017.625417094
0.9777751069679803,3.1886,107017.62562164
0.9655492405549285,3.1888,107017.625828776
0.9518234300904458,3.189,107017.626038899
0.9964575856816485,3.1892,107017.62623961
0.9761145110355249,3.1894,107017.626444504
0.9713217162445809,3.1896,107017.626650409
0.970360318004302,3.1898,107017.626856518
0.9351912653667259,3.19,107017.627070378
0.9839614175365458,3.1902,107017.627273638
0.959669910362523,3.1904,107017.627482043
0.9773451286361734,3.1906,107017.627686679
0.9729424752016699,3.1908,107017.627892241
1.1129412674620904,3.191,107017.628071945
0.9890316495559065,3.1912,107017.628274163
0.9724221240735236,3.1914,107017.628479835
0.9762478417810837,3.1916,107017.628684701
1.0023002869892925,3.1918,107017.628884242
1.1250492558401042,3.192,107017.629062012
1.0011813612759919,3.1922,107017.629261776
0.9626723710574443,3.1924,107017.629469531
0.9790819617092609,3.1926,107017.629673804
0.9804209883879068,3.1928,107017.629877798
1.0756505154183738,3.193,107017.630063732
0.9719542218521134,3.1932,107017.630269503
0.9577535315129713,3.1934,107017.630478325
0.9829023708336724,3.1936,107017.630681804
0.9778612315267371,3.1938,107017.630886332
1.123797521543036,3.194,107017.6310643
0.9568599595962031,3.1942,107017.631273317
0.9986369161472468,3.1944,107017.63147359
0.9444475453246526,3.1946,107017.631685354
1.0053232172547142,3.1948,107017.631884295
1.140868759182759,3.195,107017.6320596
0.9802960244926434,3.1952,107017.63226362
0.9883474464103627,3.1954,107017.632465978
0.9573317092003724,3.1955999999999998,107017.632674892
1.0044446390486383,3.1958,107017.632874007
1.0712545049462097,3.196,107017.633060704
0.9454208817711702,3.1962,107017.63327225
1.0169473785805223,3.1964,107017.633468917
0.977354719758146,3.1966,107017.633673551
0.9805699797041363,3.1968,107017.633877514
0.403728837480001,3.197,107017.634372896
3.568751928877454,3.1972,107017.634428938
2.668873011476103,3.1974,107017.634503876
0.9957630731811363,3.1976,107017.634704727
0.9720959753476229,3.1978,107017.634910468
1.43983296670586,3.198,107017.635049373
1.0075769976570934,3.1982,107017.635247869
1.0470765472722006,3.1984,107017.635438877
0.927415822047528,3.1986,107017.63565453
0.5663732737031837,3.1988,107017.636007654
1.4039915738614583,3.199,107017.636150105
1.2366977136663504,3.1992,107017.636311826
0.9941741808162624,3.1994,107017.636512998
1.5180150065528961,3.1996,107017.636644749
1.0090867949883662,3.1998,107017.636842948
0.6342582132286987,3.2,107017.637158277
2.5209552973110987,3.2002,107017.637237612
0.9933988309259385,3.2004,107017.637438941
1.0016577581949213,3.2006,107017.63763861
0.9899568991783083,3.2008,107017.637840639
1.0492133471579406,3.201,107017.638031258
1.0090002677570045,3.2012,107017.638229474
0.9906777513662819,3.2014,107017.638431356
0.991930639616707,3.2016,107017.638632983
0.9901725025041589,3.2018,107017.638834968
0.9613582217142627,3.202,107017.639043007
1.0552474581194313,3.2022,107017.639232536
1.0060261268086035,3.2024,107017.639431338
1.257924932245389,3.2026,107017.63959033
0.9970089754848458,3.2028,107017.63979093
0.9663376247374251,3.203,107017.639997897
0.99831782073336,3.2032,107017.640198234
0.9956688616028208,3.2034,107017.640399104
0.9724929950959266,3.2036,107017.640604761
1.0072319384092476,3.2038,107017.640803325
0.9855226839519622,3.204,107017.641006263
0.9284706259961248,3.2042,107017.641221671
1.0313797538701601,3.2044,107017.641415586
0.9239027057432503,3.2046,107017.641632059
1.0314223242944722,3.2048,107017.641825966
0.9237533618351113,3.205,107017.642042474
1.0304338949354648,3.2052,107017.642236567
0.9316191708674344,3.2054,107017.642451247
1.0209603285994817,3.2056,107017.642647141
0.8832790510949386,3.2058,107017.64287357
1.267250476785276,3.206,107017.643031392
1.0141113628190686,3.2062,107017.643228609
0.9178522246130845,3.2064,107017.643446509
1.0698906356376159,3.2066,107017.643633444
0.9945251024850933,3.2068,107017.643834545
0.9001669845524619,3.207,107017.644056726
1.1556685196574445,3.2072,107017.644229786
0.9199251622865352,3.2074,107017.644447195
1.0310978715610932,3.2076000000000002,107017.644641163
0.9984125342987891,3.2078,107017.644841481
1.0756388980720675,3.208,107017.645027417
0.9920930324711177,3.2082,107017.645229011
0.9831681495158401,3.2084,107017.645432435
0.9955301015202511,3.2086,107017.645633333
0.8812824133573324,3.2088,107017.645860275
1.197597654070838,3.209,107017.646027276
0.9892273407128512,3.2092,107017.646229454
0.9925459797825342,3.2094,107017.646430956
0.9244963358346284,3.2096,107017.64664729
0.7905419623546669,3.2098,107017.646900281
1.5611584087147568,3.21,107017.647028391
0.9950842973429574,3.2102,107017.647229379
0.9925509256523928,3.2104,107017.64743088
0.9358913842383283,3.2106,107017.64764458
1.0152800176167263,3.2108,107017.64784157
0.9680354532441786,3.211,107017.648048174
1.0276277512148768,3.2112,107017.648242797
0.9967158562352968,3.2114,107017.648443456
0.9862127461073746,3.2116,107017.648646252
0.991910952741117,3.2118,107017.648847883
1.1072480139391927,3.212,107017.649028511
0.998123518377224,3.2122,107017.649228887
0.9802816909958321,3.2124,107017.64943291
1.0027374376666687,3.2126,107017.649632364
0.9907218843003688,3.2128,107017.649834237
1.04141176526916,3.213,107017.650026284
0.986032818211333,3.2132,107017.650229117
0.991571673790527,3.2134,107017.650430817
0.9928711501621762,3.2136,107017.650632253
0.9252876598242941,3.2138,107017.650848402
1.0995717083740244,3.214,107017.651030291
1.0041521941592797,3.2142,107017.651229464
0.9919158922820854,3.2144,107017.651431094
0.9895454239078476,3.2146,107017.651633207
0.9887382935126566,3.2148,107017.651835485
1.0486741691897645,3.215,107017.652026202
0.9904765607312176,3.2152,107017.652228125
0.9924918651513974,3.2154,107017.652429638
0.9807046004650107,3.2156000000000002,107017.652633573
0.9965916904451239,3.2157999999999998,107017.652834257
0.9572583635360493,3.216,107017.653043187
1.0265780992712827,3.2162,107017.653238009
0.9861884735903752,3.2164,107017.65344081
0.9964973220162031,3.2166,107017.653641513
0.9230371206394314,3.2168,107017.653858189
1.1728417271316938,3.217,107017.654028715
0.8796815346308747,3.2172,107017.65425607
1.1362345465219406,3.2174,107017.65443209
0.9912374881601598,3.2176,107017.654633858
0.9776938660410123,3.2178,107017.654838421
0.9875958445351406,3.218,107017.655040933
1.0296221913438623,3.2182,107017.655235179
0.920399277604185,3.2184,107017.655452476
1.0371776649815536,3.2186,107017.655645307
0.991915820694152,3.2188,107017.655846937
0.9160025984172766,3.219,107017.656065277
1.1470323522670074,3.2192,107017.65623964
0.9778420991548606,3.2194,107017.656444172
0.7610205320516717,3.2196,107017.656706977
1.3890046415614095,3.2198,107017.656850965
0.9285524866667175,3.22,107017.657066354
1.1838733028161899,3.2202,107017.657235291
0.9847123636578535,3.2204,107017.657438396
0.8333576082841668,3.2206,107017.657678389
1.1628718641668754,3.2208,107017.657850377
1.1292863000192834,3.221,107017.65802748
0.9868550925527262,3.2212,107017.658230144
0.9956291913108732,3.2214,107017.658431022
0.9885672554310285,3.2216,107017.658633335
0.9941494429204206,3.2218,107017.658834512
1.0383892142088815,3.222,107017.659027118
0.9921274797653963,3.2222,107017.659228705
0.9824196261257623,3.2224,107017.659432284
0.8788118191625331,3.2226,107017.659659864
1.143647929098488,3.2228,107017.659834743
1.0216122245335895,3.223,107017.660030512
0.9648551331855258,3.2232,107017.660237797
1.0305293918082101,3.2234,107017.660431872
0.9405214436757209,3.2236,107017.66064452
1.0018183131506775,3.2237999999999998,107017.660844157
1.0904649560287132,3.224,107017.661027565
0.981046216037136,3.2242,107017.661231429
0.9332057734533722,3.2244,107017.661445744
1.0341475461681837,3.2246,107017.66163914
0.9837775216576209,3.2248,107017.661842438
1.0799427201058898,3.225,107017.662027633
0.9906728241467734,3.2252,107017.662229516
0.985697547850586,3.2254,107017.662432418
0.9288975264399533,3.2256,107017.662647727
1.03764577544556,3.2258,107017.662840471
1.0698047752698925,3.226,107017.663027421
0.8958566735213404,3.2262,107017.663250671
1.1005277230119814,3.2264,107017.663432402
0.9943124912107856,3.2266,107017.663633546
0.990206887898021,3.2268,107017.663835524
1.0357327776424772,3.227,107017.664028624
0.9307000596588757,3.2272,107017.664243516
1.0272213754555966,3.2274,107017.664438216
0.9952080877781438,3.2276,107017.664639179
0.9337329456719412,3.2278000000000002,107017.664853373
1.1424719550008995,3.228,107017.665028432
0.9882595359573094,3.2282,107017.665230808
0.9875079967775326,3.2284,107017.665433338
0.9954854670761887,3.2286,107017.665634245
0.9876152895277265,3.2288,107017.665836753
1.0457790007437449,3.229,107017.666027998
0.9981384508748946,3.2292,107017.666228371
0.9210901938196875,3.2294,107017.666445505
1.0306834912328233,3.2296,107017.666639551
0.9879177790253544,3.2298,107017.666841997
1.071397890006612,3.23,107017.667028669
0.9935370692991228,3.2302,107017.66722997
0.9928859976433577,3.2304,107017.667431403
0.9859987928308852,3.2306,107017.667634243
0.9815806072932399,3.2308,107017.667837996
0.8314383452798144,3.231,107017.668078543
1.2562026021614716,3.2312,107017.668237753
0.9231053157541564,3.2314,107017.668454413
1.03437216482094,3.2316,107017.668647767
0.9942730008549834,3.2318,107017.668848919
1.1199524625475563,3.232,107017.669027498
0.8813718202299771,3.2322,107017.669254417
1.1274338345107866,3.2324,107017.669431811
0.9880153591549073,3.2326,107017.669634237
0.8651604308963887,3.2328,107017.669865408
1.2132756305500334,3.233,107017.670030251
0.8353241830197118,3.2332,107017.670269679
1.1563233674168483,3.2334,107017.670442641
0.9836178394594131,3.2336,107017.670645972
1.034586211459205,3.2338,107017.670839286
0.9706146265618291,3.234,107017.671045341
1.0378450345411177,3.2342,107017.671238048
0.992950054910938,3.2344,107017.671439468
0.9253090893323577,3.2346,107017.671655612
1.0299085152814877,3.2348,107017.671849804
1.0961607083369214,3.235,107017.672032259
0.8985613851548531,3.2352,107017.672254837
1.1273893508798434,3.2354,107017.672432238
0.9243681859155378,3.2356,107017.672648602
1.0327431319112472,3.2358000000000002,107017.672842261
0.9690626882124915,3.2359999999999998,107017.673048646
1.0375220116325796,3.2362,107017.673241413
0.9271148448783184,3.2364,107017.673457136
1.030603808193939,3.2366,107017.673651197
0.9883229265625665,3.2368,107017.67385356
1.1337033031319605,3.237,107017.674029973
0.9940802696418771,3.2372,107017.674231164
0.9882106483095521,3.2374,107017.67443355
0.9114606671087713,3.2376,107017.674652978
1.0494226029817517,3.2378,107017.674843559
0.983733934820294,3.238,107017.675046866
1.0293997077901513,3.2382,107017.675241154
0.9920782086960739,3.2384,107017.675442751
0.9845523778617075,3.2386,107017.675645889
0.8812203139498537,3.2388,107017.675872847
1.1456459659599922,3.239,107017.676047421
1.0333781540359075,3.2392,107017.676240961
0.9914487147677199,3.2394,107017.676442686
0.9691612944606119,3.2396,107017.67664905
0.953497915227152,3.2398,107017.676858804
0.9977252176191458,3.24,107017.67705926
1.0642090055500104,3.2402,107017.677247193
0.9922899370824249,3.2404,107017.677448747
0.9873568897905116,3.2406,107017.677651308
0.9880348916998317,3.2408,107017.67785373
1.1463222947704224,3.241,107017.678028201
0.928466298132534,3.2412,107017.67824361
1.0311883078080386,3.2414,107017.678437561
0.9860231267515325,3.2416,107017.678640396
0.981758913862249,3.2418,107017.678844112
1.004192473189741,3.242,107017.679043277
1.032263461958803,3.2422,107017.679237026
0.9911195436141341,3.2424,107017.679438818
0.9813397894329297,3.2426,107017.679642621
1.0472794451631031,3.2428,107017.679833592
1.0304603943159365,3.243,107017.68002768
0.9915077942382373,3.2432,107017.680229393
0.9894181233493935,3.2434,107017.680431532
0.7440282587374987,3.2436,107017.680700339
1.3122670738950708,3.2438,107017.680852747
1.1464536780638204,3.2439999999999998,107017.681027198
0.9928219486423833,3.2442,107017.681228644
0.9759668011967676,3.2444,107017.681433569
0.7756718112993785,3.2446,107017.68169141
1.3359340063792196,3.2448,107017.681841118
0.8517125940893328,3.245,107017.682075939
1.5717585574749486,3.2452,107017.682203185
1.0003551453174293,3.2454,107017.682403114
0.9388921867165341,3.2456,107017.682616131
1.0306781580356077,3.2458,107017.682810178
0.8528020629229558,3.246,107017.683044699
1.126614641265386,3.2462,107017.683222222
0.9249795335412279,3.2464,107017.683438443
1.0255200294823201,3.2466,107017.683633466
0.9859259397266751,3.2468,107017.683836321
1.0406422461566578,3.247,107017.68402851
0.9924228506811396,3.2472,107017.684230037
0.9205094364119634,3.2474,107017.684447308
1.0240550719312882,3.2476,107017.68464261
0.988137396949799,3.2478,107017.684845011
0.9574416820804762,3.248,107017.685053901
1.1334784401751963,3.2482,107017.685230349
0.9963285005909212,3.2484,107017.685431086
0.9224624503242057,3.2486,107017.685647897
1.0247897015604217,3.2488,107017.685843059
0.9971630514900705,3.249,107017.686043628
1.0100245068908378,3.2492,107017.686241643
0.9851343038575058,3.2494,107017.686444661
0.9798446158218083,3.2496,107017.686648775
0.9981683172106681,3.2498,107017.686849142
1.0374251361327786,3.25,107017.687041927
1.0247844291826356,3.2502,107017.68723709
0.9879518659629004,3.2504,107017.687439529
0.7941865923477763,3.2506,107017.687691359
1.2628972987812714,3.2508,107017.687849725
1.129146112668714,3.251,107017.68802685
0.877416182923163,3.2512,107017.688254792
1.1311960676479564,3.2514,107017.688431596
0.9323357690111377,3.2516,107017.688646111
1.0149244167410785,3.2518000000000002,107017.68884317
1.0247266658118241,3.252,107017.689038344
1.0090257502651798,3.2522,107017.689236555
0.9895503399192129,3.2524,107017.689438667
0.9861446728587576,3.2526,107017.689641477
0.988547701831955,3.2528,107017.689843794
1.0818003066120028,3.253,107017.690028671
0.9888506917042024,3.2532,107017.690230926
0.925497450061274,3.2534,107017.690447026
1.0267098500052805,3.2536,107017.690641823
0.9851391761380105,3.2538,107017.69084484
1.100588267242426,3.254,107017.691026561
0.991311199882179,3.2542,107017.691228314
0.9860960649702265,3.2544,107017.691431134
0.9845620404314287,3.2546,107017.69163427
0.9236040662004495,3.2548,107017.691850813
1.1334013247799657,3.255,107017.692027273
0.9879080504767416,3.2552,107017.692229721
0.9835017714972867,3.2554,107017.692433076
0.9887138253947502,3.2556,107017.692635359
0.8808554660656556,3.2558,107017.692862411
1.20858337694775,3.2560000000000002,107017.693027894
0.9791442501316532,3.2561999999999998,107017.693232154
0.9243425104637663,3.2564,107017.693448524
1.0361245140451945,3.2566,107017.693641551
1.0590864667922533,3.2568,107017.693830393
1.0122635027396274,3.257,107017.69402797
0.9919798960288663,3.2572,107017.694229587
0.9833905155611777,3.2574,107017.694432965
0.9831004959100581,3.2576,107017.694636403
0.9936653601958431,3.2578,107017.694837678
1.0436616207601008,3.258,107017.695029311
0.9929253778963394,3.2582,107017.695230736
0.9897168719349967,3.2584,107017.695432814
0.9855809179065573,3.2586,107017.69563574
0.9842955781916486,3.2588,107017.695838931
1.0583130256577786,3.259,107017.696027911
0.8819547656688849,3.2592,107017.69625468
1.1254037467614701,3.2594,107017.696432394
0.9884255626746326,3.2596,107017.696634736
0.9923883828732336,3.2598,107017.69683627
1.0434056999505916,3.26,107017.69702795
0.9265951170700901,3.2602,107017.697243794
1.0282670356803663,3.2604,107017.697438296
0.9233098995441719,3.2606,107017.697654908
1.0238086752801498,3.2608,107017.697850257
0.9511489756176589,3.261,107017.698060529
1.18460952168169,3.2612,107017.698229361
0.9847996441394292,3.2614,107017.698432448
0.9923981998636515,3.2616,107017.69863398
0.9898344115700372,3.2618,107017.698836034
1.0498026332494126,3.262,107017.699026546
0.9869281539124514,3.2622,107017.699229195
0.9877324014770741,3.2624,107017.699431679
0.9848868695177261,3.2626,107017.699634748
0.8825657987993114,3.2628,107017.69986136
1.1966732636741673,3.263,107017.70002849
0.8749557137639582,3.2632,107017.700257073
1.133330668248687,3.2634,107017.700433544
0.9248768911247607,3.2636,107017.700649789
1.0237038210422258,3.2638,107017.700845158
0.8668140177980148,3.2640000000000002,107017.701075888
1.237034427438609,3.2641999999999998,107017.701237565
0.9907610930713384,3.2644,107017.70143943
0.9910016985885823,3.2646,107017.701641246
0.9887481095514835,3.2648,107017.701843522
0.916266897779495,3.265,107017.702061799
1.1903345335963296,3.2652,107017.702229819
0.9847171612129456,3.2654,107017.702432923
0.9931423480811581,3.2656,107017.702634304
0.9844506150140239,3.2658,107017.702837463
0.6778075730481302,3.266,107017.703132532
1.6489269712228003,3.2662,107017.703253823
1.0350413061138757,3.2664,107017.703447052
1.0011663375942341,3.2666,107017.703646819
0.9912718760668829,3.2668,107017.70384858
1.0013417635332424,3.267,107017.704048312
1.0281454988966268,3.2672,107017.704242837
0.9882546327627807,3.2674,107017.704445214
0.8715014661169829,3.2676,107017.704674703
1.1406670784739517,3.2678,107017.704850039
1.0641354245899757,3.268,107017.705037985
1.0181381196088053,3.2682,107017.705234422
0.9982829422404582,3.2684,107017.705434766
0.9894964801978955,3.2686,107017.705636889
0.9874982762978912,3.2688,107017.705839421
1.0541851251228085,3.269,107017.706029141
0.993561704902299,3.2692,107017.706230437
0.9847414319139679,3.2694,107017.706433536
0.9903245439582348,3.2696,107017.70663549
0.9219648698924515,3.2698,107017.706852418
1.134783982117974,3.27,107017.707028663
0.9871814367103341,3.2702,107017.70723126
0.9866360441909556,3.2704,107017.707433969
0.9243468621331595,3.2706,107017.707650338
1.0214869412854204,3.2708,107017.707846131
1.1049113738563698,3.271,107017.708027141
0.8794262127186248,3.2712,107017.708254562
1.1221582169565805,3.2714,107017.70843279
0.9207678921824098,3.2716,107017.70865
1.0280767433415356,3.2718,107017.708844538
1.0855288867667228,3.2720000000000002,107017.70902878
0.9853041559855008,3.2721999999999998,107017.709231763
0.9919405191466045,3.2724,107017.709433388
0.9865143061238418,3.2726,107017.709636122
0.8790899499437156,3.2728,107017.70986363
1.214225965886253,3.273,107017.710028344
0.9897118829986947,3.2732,107017.710230423
0.9820964221948112,3.2734,107017.710434069
0.9251806517294686,3.2736,107017.710650243
0.8069168605809474,3.2738,107017.7108981
1.5566625809850685,3.274,107017.71102658
0.9160277515865307,3.2742,107017.711244914
1.0299403131553835,3.2744,107017.7114391
0.9232886245594284,3.2746,107017.711655717
1.0255831628764787,3.2748,107017.711850728
1.12979668660583,3.275,107017.712027751
0.9874007273369897,3.2752,107017.712230303
0.9871912218608845,3.2754,107017.712432898
0.9896580769537371,3.2756,107017.712634988
0.8771237160511471,3.2758,107017.712863006
1.2104778779342564,3.276,107017.71302823
0.9208315571075354,3.2762000000000002,107017.713245425
1.0289759056665058,3.2763999999999998,107017.713439793
0.8810805516737743,3.2766,107017.713666787
1.121774270200333,3.2768,107017.713845076
1.0946787524452832,3.277,107017.714027778
0.8790977095504349,3.2772,107017.714255284
1.0397874038600499,3.2774,107017.714447631
1.0235152899706643,3.2776,107017.714643036
0.9256473584836783,3.2778,107017.714859101
1.1866056334150212,3.278,107017.715027649
0.8750246212181262,3.2782,107017.715256214
1.1305311412289178,3.2784,107017.715433122
0.7273679156013131,3.2786,107017.715708086
1.4709776014768203,3.2788,107017.71584405
0.8095232409683186,3.279,107017.716091109
1.4198998817497142,3.2792,107017.716231964
0.9900451118814593,3.2794,107017.716433975
0.9884841402034525,3.2796,107017.716636305
0.9194176442431693,3.2798,107017.716853834
1.1316889859843735,3.2800000000000002,107017.717030561
0.9874836604602373,3.2802,107017.717233096
0.9228795664708669,3.2804,107017.717449809
1.0047726587462593,3.2806,107017.717648859
0.9385926253127661,3.2808,107017.717861944
1.205116888389621,3.281,107017.718027903
0.9816962923396169,3.2812,107017.718231632
0.9256216742591358,3.2814,107017.718447703
1.0263515640217789,3.2816,107017.718642568
0.9744831755516367,3.2818,107017.718847805
1.1061946362994035,3.282,107017.719028605
0.93277490479763,3.2822,107017.719243019
0.917873311094136,3.2824,107017.719460914
0.9901774247481031,3.2826,107017.719662898
1.048289438334727,3.2828,107017.719853685
1.142315372802787,3.283,107017.720028768
0.9892860133153331,3.2832,107017.720230934
0.9880885924216023,3.2834,107017.720433345
0.9187165829471218,3.2836,107017.72065104
1.031672322281641,3.2838,107017.7208449
1.0969482790374243,3.284,107017.721027224
0.9177596149459603,3.2842000000000002,107017.721245146
1.0307790343743852,3.2843999999999998,107017.721439174
0.9205432845661146,3.2846,107017.721656437
0.8291633239879902,3.2848,107017.721897644
1.1940156760230014,3.285,107017.722065146
1.165473907923679,3.2852,107017.72223675
0.9843100998045679,3.2854,107017.722439938
0.9088389591227314,3.2856,107017.722659999
1.0413737317687923,3.2858,107017.722852053
0.9550277687138113,3.286,107017.723061471
1.1957931623322013,3.2862,107017.723228724
0.9824196261257623,3.2864,107017.723432303
0.9823858496475375,3.2866,107017.723635889
0.7553497485683192,3.2868,107017.723900667
1.6054971579655222,3.287,107017.724025239
0.8672387861617625,3.2872,107017.724255856
1.130805912455052,3.2874,107017.724432721
0.9854401505244395,3.2876,107017.724635676
0.9853915414130716,3.2878,107017.724838641
1.0625976649577522,3.288,107017.725026859
0.988230188576844,3.2882,107017.725229241
0.9805075097594202,3.2884,107017.725433217
0.921782148114731,3.2886,107017.725650188
1.0289759827060108,3.2888,107017.725844556
0.9799934319973919,3.289,107017.726048639
1.039106771694958,3.2892,107017.726241112
0.9891490264824276,3.2894,107017.726443306
0.9848335868070337,3.2896,107017.726646386
0.9132670355068147,3.2898,107017.72686538
1.2030871313601428,3.29,107017.727031619
0.9991656603106398,3.2902,107017.727231786
0.9258487672185662,3.2904,107017.727447804
1.021575699395084,3.2906,107017.72764358
0.9845184545749501,3.2908,107017.727846725
0.8361168832166561,3.291,107017.728085926
1.326647087970913,3.2912,107017.728236682
0.9751293540647209,3.2914,107017.728441783
0.9220030929466888,3.2916,107017.728658702
1.0268891251806715,3.2918,107017.728853465
1.1461383705096024,3.292,107017.729027964
0.9913750541065236,3.2922000000000002,107017.729229704
1.1623986992916595,3.2923999999999998,107017.729401762
1.0241914420365381,3.2926,107017.729597038
0.9754099124798904,3.2928,107017.72980208
0.9571621643951409,3.293,107017.730011031
1.0143993809635616,3.2932,107017.730208192
0.9811135871916363,3.2934,107017.730412042
0.880239074548023,3.2936,107017.730639253
1.1200528595954875,3.2938,107017.730817816
0.9613535818246892,3.294,107017.731025856
1.0022701728789551,3.2942,107017.731225403
0.9880153591549073,3.2944,107017.731427829
0.919202117070115,3.2946,107017.731645409
1.0249420126436692,3.2948,107017.731840542
0.983777451239583,3.295,107017.73204384
1.0240026550360681,3.2952,107017.732239152
0.9902559019130865,3.2954,107017.73244112
0.9856732299969159,3.2956,107017.732644027
0.984130865425845,3.2958,107017.732847252
1.0126274624093812,3.296,107017.733044758
1.0319012126657292,3.2962,107017.733238575
0.9182567758685443,3.2964,107017.733456379
0.9102576933168515,3.2965999999999998,107017.733676097
1.1230844516442848,3.2968,107017.733854178
1.0262831248168474,3.297,107017.734049056
1.0259251365439934,3.2972,107017.734244002
0.9904422279814805,3.2974,107017.734445932
0.8450228028285907,3.2976,107017.734682612
1.1369709080150512,3.2978,107017.734858518
1.178501794793569,3.298,107017.735028225
0.9868307175513378,3.2982,107017.735230894
0.9810847327161546,3.2984,107017.73543475
0.9835501239536273,3.2986,107017.735638095
0.9922701643011258,3.2988,107017.735839653
0.9161242866436665,3.299,107017.736057964
1.1387964615507011,3.2992,107017.736233588
0.9965420472452179,3.2994,107017.736434282
0.9724504712429041,3.2996,107017.736639948
0.8479929763137967,3.2998,107017.736875799
1.1496896004495807,3.3,107017.737049759
0.8356662535666272,3.3002000000000002,107017.737289089
1.3278537065040275,3.3004,107017.737439708
1.0030140529752944,3.3006,107017.737639107
0.9939814160219602,3.3008,107017.737840318
1.0612218929024444,3.301,107017.73802878
0.982337611594766,3.3012,107017.738232376
0.9232373949459143,3.3014,107017.738449005
1.0242018983200984,3.3016,107017.738644279
0.9866895929586186,3.3018,107017.738846977
1.0964851533151048,3.302,107017.739029378
0.9841018332042444,3.3022,107017.739232609
0.9885623491825659,3.3024,107017.739434923
0.9845135884323992,3.3026,107017.739638069
0.9848772005711878,3.3028,107017.73984114
1.06707643111136,3.303,107017.740028568
0.9910508627845948,3.3032,107017.740230374
0.9823471605275329,3.3034,107017.740433968
0.9214721506118602,3.3036,107017.740651012
1.0247161988106586,3.3038,107017.740846188
1.0990400077277627,3.304,107017.741028165
0.9191725476166295,3.3042,107017.741245752
1.020470626403186,3.3044000000000002,107017.74144174
0.9888213803435697,3.3045999999999998,107017.741644001
0.9852896050315679,3.3048,107017.741846987
1.109563921847361,3.305,107017.742027238
1.1128421412170901,3.3052,107017.742206958
0.9952725171040946,3.3054,107017.742407908
0.9184169900951666,3.3056,107017.742625674
1.027300536294615,3.3058,107017.742820359
0.9733401868409897,3.306,107017.743025837
0.938689487376189,3.3062,107017.7432389
0.8530130381030796,3.3064,107017.743473363
1.159736366154653,3.3066,107017.743645816
0.7714144402989481,3.3068,107017.74390508
1.5546054629458355,3.307,107017.74403373
1.0083745725673134,3.3072,107017.744232069
0.9764814490343698,3.3074,107017.744436886
0.9935025240533308,3.3076,107017.744638194
0.8420875000274787,3.3078,107017.744875699
1.302024078079455,3.308,107017.745029306
0.8352334683223558,3.3082,107017.74526876
1.1281842962838164,3.3084,107017.745446036
0.9985470932699785,3.3086,107017.745646327
0.7832663393798805,3.3088,107017.745901668
1.5255762798608508,3.309,107017.746032766
0.8939985885589612,3.3092,107017.74625648
1.123532298913735,3.3094,107017.74643449
0.8749863503380912,3.3096,107017.746663065
1.1217427747836513,3.3098,107017.746841359
0.79376415352491,3.31,107017.747093323
1.3422999746069062,3.3102,107017.747242321
0.855121096758304,3.3104,107017.747476206
1.1274910857630267,3.3106,107017.747653591
0.9925163772730857,3.3108,107017.747855099
1.150800986460861,3.311,107017.748028891
0.9885183373344862,3.3112,107017.748231214
0.8287957174379963,3.3114,107017.748472528
1.1451211624066864,3.3116,107017.748647182
0.9950149939127616,3.3118,107017.748848184
1.091089637792515,3.312,107017.749031487
0.7701430646446271,3.3122,107017.749291179
1.2827009186285079,3.3124000000000002,107017.7494471
1.0034316797685174,3.3125999999999998,107017.749646416
0.9866409313396347,3.3128,107017.749849124
1.1134059542881554,3.313,107017.750028753
0.9847559666855957,3.3132,107017.750231849
0.9829990329572165,3.3134,107017.750435308
0.984256808994108,3.3136,107017.750638507
0.6283854315884266,3.3138,107017.750956783
2.6017613413254215,3.314,107017.751033654
0.7970350434341295,3.3142,107017.751284584
1.2401024380053225,3.3144,107017.751445861
0.7407133034608931,3.3146,107017.751715871
1.2359029063541473,3.3148,107017.751877696
1.195550173188077,3.315,107017.752044983
0.9900941098820116,3.3152,107017.752246984
0.9855615529394852,3.3154,107017.752449914
0.7722037430590741,3.3156,107017.752708913
1.2215307225402563,3.3158,107017.752872642
1.0987018405713043,3.316,107017.753054675
1.0072624252415616,3.3162,107017.753253233
0.765787670891689,3.3164,107017.753514402
1.2768537418332395,3.3166,107017.753671037
1.0132328261624906,3.3168,107017.753868425
1.0554925231945547,3.317,107017.75405791
0.9975062406087336,3.3172,107017.75425841
0.9923145108762287,3.3174,107017.754459959
0.8194538383958715,3.3176,107017.754704024
1.2252950236006142,3.3178,107017.75486725
1.2234511436736828,3.318,107017.755030722
0.9899078434587175,3.3182,107017.755232761
0.9838501280180649,3.3184,107017.755436044
0.9231649637420227,3.3186,107017.75565269
1.0235729168466896,3.3188,107017.755848084
1.0246898412455627,3.319,107017.756043265
1.0285843974891158,3.3192,107017.756237707
0.97542417308847,3.3194,107017.756442746
0.9908544495679064,3.3196,107017.756644592
0.9864753619513245,3.3198,107017.756847334
1.0126429066490332,3.32,107017.757044837
1.0118538392502512,3.3202,107017.757242494
0.9189951708407916,3.3204000000000002,107017.757460123
1.023625289752659,3.3205999999999998,107017.757655507
1.0025313926035178,3.3208,107017.757855002
1.0627670110090854,3.321,107017.75804319
1.013073744516725,3.3212,107017.758240609
0.9257373268496978,3.3214,107017.758456653
1.0219201722286533,3.3216,107017.758652363
0.9173302141731725,3.3218,107017.758870387
1.120303839670004,3.322,107017.75904891
0.9364523493930379,3.3222,107017.759262482
0.9898098891718832,3.3224,107017.759464541
1.0192745020578085,3.3226,107017.759660759
0.9899176827336116,3.3228,107017.759862796
1.1062069230535219,3.323,107017.760043594
0.9819950962174243,3.3232,107017.760247261
0.9890414002467791,3.3234,107017.760449477
0.9851198285258073,3.3236,107017.760652498
0.9846686939455659,3.3238,107017.760855612
1.0666438922180492,3.324,107017.761043116
0.9866554514060942,3.3242,107017.761245821
0.984562110961832,3.3244,107017.761448957
0.8589995258859643,3.3246,107017.761681786
1.1412398296038877,3.3247999999999998,107017.761857034
0.9614459845843585,3.325,107017.762065054
0.9911834446294624,3.3252,107017.762266833
0.9493745710598176,3.3254,107017.762477498
0.9939073785528345,3.3256,107017.762678724
0.9352962100479021,3.3258,107017.76289256
1.2768212396890126,3.326,107017.763049199
0.8740838615059088,3.3262,107017.76327801
1.128343419911348,3.3264,107017.763455261
0.9333015901897798,3.3266,107017.763669554
1.0285208940625505,3.3268,107017.763864008
1.110759354723304,3.327,107017.764044065
0.8517851211391254,3.3272,107017.764278866
1.145272025192717,3.3274,107017.764453497
0.8531840755057818,3.3276,107017.764687913
1.1709944699568267,3.3278,107017.764858708
0.9958176172808775,3.328,107017.765059548
1.0051716083371727,3.3282,107017.765258519
0.9993354446657777,3.3284000000000002,107017.765458652
0.9908985268035599,3.3286,107017.765660489
0.985420720437297,3.3288,107017.765863448
1.0192277131192147,3.329,107017.766059675
0.9854061660337778,3.3292,107017.766262637
1.0069783712820306,3.3294,107017.766461251
0.9791346238573044,3.3296,107017.766665513
0.9913701199462017,3.3298,107017.766867254
1.1129474859697006,3.33,107017.767046957
0.7990315823473886,3.3302,107017.76729726
1.2803195892809387,3.3304,107017.767453471
0.890852689878263,3.3306,107017.767677975
1.0280715139888421,3.3308,107017.767872514
1.1731443621464204,3.331,107017.768042996
0.9854983747254517,3.3312,107017.768245939
0.9749534472640434,3.3314,107017.768451077
0.9854790130018746,3.3316,107017.768654024
0.9836710610987545,3.3318,107017.768857344
1.0008356391079276,3.332,107017.769057177
1.0147030698987258,3.3322,107017.769254279
0.8788389050058637,3.3324,107017.769481852
0.916724713705039,3.3326000000000002,107017.76970002
1.0841107504525092,3.3327999999999998,107017.769884503
1.1522861490384997,3.333,107017.770058071
0.9516558305495817,3.3332,107017.770268231
1.0124326965211716,3.3334,107017.770465775
0.9829024411264907,3.3336,107017.770669254
0.9852798575404152,3.3338,107017.770872242
1.004101794896655,3.334,107017.771071425
1.0147081641363853,3.3342,107017.771268526
0.9790531568648637,3.3344,107017.771472805
0.9792113603061061,3.3346,107017.771677051
0.9333843683684391,3.3348,107017.771891325
1.2227629000020273,3.335,107017.772054889
1.0051968978204517,3.3352,107017.772253855
0.9753575810038358,3.3354,107017.772458908
0.9850712510097692,3.3356,107017.772661939
0.9826850735048517,3.3358,107017.772865463
1.0600575575528315,3.336,107017.773054132
0.9152187200410578,3.3362,107017.773272659
0.9905795732632643,3.3364,107017.773474561
1.0175735149302128,3.3366,107017.773671107
0.9477550431226314,3.3368,107017.773882132
1.1788073582359273,3.337,107017.774051795
0.916682708327035,3.3372,107017.774269973
1.0236829290185847,3.3374,107017.774465346
0.9841260031139752,3.3376,107017.774668572
0.9218374207671542,3.3378,107017.77488553
1.1843219659617283,3.338,107017.775054403
0.9820095500297439,3.3382,107017.775258067
0.9936703172277953,3.3384,107017.775459341
0.9842713999518521,3.3386,107017.775662537
0.9843681905413333,3.3388,107017.775865713
0.9862273243449303,3.339,107017.776068506
1.0026872534672813,3.3392,107017.77626797
0.98708395033362,3.3394,107017.776470587
0.9765339011823502,3.3396,107017.776675393
0.9881960113791872,3.3398,107017.776877782
1.1446559424201768,3.34,107017.777052507
0.9847850375160877,3.3402,107017.777255597
0.9827430428569386,3.3404,107017.777459109
0.9334627866649781,3.3406000000000002,107017.777673365
0.9911441309468267,3.3407999999999998,107017.777875152
1.0663993313560882,3.341,107017.778062699
0.9705628083487177,3.3412,107017.778268765
1.0124993008587881,3.3414,107017.778466296
0.976019198068746,3.3416,107017.77867121
0.9818456715448675,3.3418,107017.778874908
1.1303458344414399,3.342,107017.779051845
0.9215485799869214,3.3422,107017.779268871
1.0124378425685832,3.3424,107017.779466414
0.9749723976004094,3.3426,107017.779671548
0.9389274644453653,3.3428,107017.779884557
1.1985306853485473,3.343,107017.780051428
0.9818697307559309,3.3432,107017.780255121
0.9799790374726107,3.3434,107017.780459207
0.9422628787555732,3.3436,107017.780671462
1.0154861597358065,3.3438,107017.780868412
1.077702295741239,3.344,107017.781053992
0.9891832696339142,3.3442,107017.781256179
0.9232417362181063,3.3444,107017.781472807
0.9941147831721419,3.3446,107017.781673991
0.9869914447088844,3.3448,107017.781876627
1.14099245408126,3.3449999999999998,107017.782051913
0.9852459547351883,3.3452,107017.782254908
0.9804690383867171,3.3454,107017.782458892
0.9328097243166891,3.3456,107017.782673298
0.9832068329960321,3.3458,107017.782876714
1.064084508897219,3.346,107017.783064669
0.9735059960038412,3.3462,107017.783270112
1.0002000813613716,3.3464,107017.783470072
0.9373301210708073,3.3466,107017.783683444
1.0029536675660884,3.3468,107017.783882855
1.1321630283679254,3.347,107017.784059508
1.016094947284386,3.3472,107017.78425634
0.9807671655148169,3.3474,107017.784460262
0.9900353413900008,3.3476,107017.784662275
0.972511918718109,3.3478,107017.784867928
1.0222178896036798,3.348,107017.785063581
1.0291295408102306,3.3482,107017.78525792
0.9680401578570036,3.3484,107017.785464523
1.0016125726093754,3.3486000000000002,107017.785664201
0.9808922495624682,3.3487999999999998,107017.785868097
0.9102162182128211,3.349,107017.786087825
1.0406856634537842,3.3492,107017.786280006
0.846557268378282,3.3494,107017.786516257
1.2055745041505084,3.3496,107017.786682153
0.9819710308622674,3.3498,107017.786885825
1.1652499000363707,3.35,107017.787057462
0.9524626028552395,3.3502,107017.787267444
0.9948170064334609,3.3504,107017.787468486
0.9681432617236101,3.3506,107017.787675067
0.9668047582011953,3.3508,107017.787881934
1.1520869788031218,3.351,107017.788055532
0.97568114315706,3.3512,107017.788260517
0.9651298776120105,3.3514,107017.788467743
0.9709303162300098,3.3516,107017.788673731
0.9735155119232112,3.3518,107017.788879172
1.1143985661900127,3.352,107017.789058641
1.1147278411642252,3.3522,107017.789238057
0.9906678969762766,3.3524,107017.789439941
0.9754384341140392,3.3526,107017.789644977
0.9664170572242232,3.3528000000000002,107017.789851927
0.9721762885902933,3.3529999999999998,107017.790057651
0.9045721353875871,3.3532,107017.79027875
0.993236082119113,3.3534,107017.790480112
0.9890952104368249,3.3536,107017.790682317
0.9648831086320688,3.3538,107017.790889596
1.1702339189058917,3.354,107017.791060502
0.9706617201337556,3.3542,107017.791266547
0.9556392250334387,3.3544,107017.791475831
0.9713075753379345,3.3546,107017.791681739
0.9524490057316111,3.3548,107017.791891724
1.190192797910365,3.355,107017.792059764
0.9630385827416122,3.3552,107017.79226744
0.9676280300261605,3.3554,107017.792474131
0.9542257893701663,3.3556,107017.792683725
0.9741793959062526,3.3558,107017.792889026
1.1817745779812916,3.356,107017.793058263
0.9553243016500105,3.3562,107017.793267616
0.968424522324595,3.3564,107017.793474137
0.9682697848985036,3.3566,107017.793680691
0.9658429775849137,3.3568,107017.793887764
1.1728485329535487,3.357,107017.794058289
0.9644131603821675,3.3572,107017.794265669
0.9577534647712114,3.3574,107017.794474491
0.9723181068742003,3.3576,107017.794680185
0.9568187918858369,3.3578,107017.794889211
0.48918295030670933,3.358,107017.795298056
1.3910042458337857,3.3582,107017.795441837
1.2417425028185156,3.3584,107017.795602901
2.3300515614632045,3.3586,107017.795688736
1.016022686457069,3.3588,107017.795885582
1.1517022595037307,3.359,107017.796059238
0.9808777586200526,3.3592,107017.796263137
0.9704309573220707,3.3594,107017.796469231
0.9479616770054285,3.3596,107017.79668021
0.8976821575624769,3.3598,107017.796903006
1.1353121993709383,3.36,107017.797079169
0.9829458840113943,3.3602,107017.797282639
0.9731839435887824,3.3604,107017.79748815
0.9677637542251784,3.3606,107017.797694812
0.9579920592301365,3.3608000000000002,107017.797903582
1.240710206125924,3.3609999999999998,107017.79806478
0.938345976969999,3.3612,107017.798277921
0.9753338398710544,3.3614,107017.798482979
0.9652509367583395,3.3616,107017.798690179
0.9670197831209778,3.3618,107017.798897
1.1821309489381155,3.362,107017.799066186
0.6665733217903569,3.3622,107017.799366228
1.7286981482134096,3.3624,107017.799481922
1.079569729369389,3.3626,107017.799667181
1.0162549792509445,3.3628,107017.799863982
0.9707795083440763,3.363,107017.800070002
1.1536886627903267,3.3632,107017.800243359
1.0848222664305955,3.3634,107017.800427721
0.9915273935839296,3.3636,107017.80062943
0.8757756189703776,3.3638,107017.800857799
0.7923647457958478,3.364,107017.801110208
1.4559326845497698,3.3642,107017.801247577
0.9872593687596609,3.3644,107017.801450158
0.8431596585765393,3.3646,107017.801687361
1.0505967668370984,3.3648,107017.801877729
1.297934323988085,3.365,107017.80203182
0.9238131556994937,3.3652,107017.802248314
1.023310980290726,3.3654,107017.802443758
0.9680354532441786,3.3656,107017.802650362
0.6747251383419695,3.3658,107017.802946779
1.8865255761363797,3.366,107017.803052794
0.9272996871485693,3.3662,107017.803268474
1.1258535382492882,3.3664,107017.803446117
0.9924967388101522,3.3666,107017.803647629
0.9753148062699145,3.3668,107017.803852691
1.1390234396796128,3.367,107017.80402828
0.9828928111040334,3.3672,107017.804231761
0.9848141100630214,3.3674,107017.804434845
0.8645508460728898,3.3676,107017.804666179
1.0676973225326936,3.3678,107017.804853498
1.1471310568983912,3.368,107017.805027846
0.9733212309716861,3.3682,107017.805233328
0.9820047788213514,3.3684,107017.805436993
0.872954567030768,3.3686,107017.8056661
1.1128793565484836,3.3688000000000002,107017.805845814
1.088654606026092,3.3689999999999998,107017.806029527
0.9846880943918566,3.3692,107017.806232637
0.9817251827997414,3.3694,107017.80643636
0.906117217755819,3.3696,107017.806657082
1.0209237742227772,3.3698,107017.806852983
1.0932905422010248,3.37,107017.807035917
0.9938826539326521,3.3702,107017.807237148
0.9794223079808123,3.3704,107017.80744135
0.9775887875742915,3.3706,107017.807645935
0.9801038506664127,3.3708,107017.807849995
0.9865825012352823,3.371,107017.808052715
1.0984484175835314,3.3712,107017.80823479
0.9950249349759926,3.3714,107017.80843579
0.9092479334496422,3.3716,107017.808655752
1.0174544173913842,3.3718,107017.808852321
1.1412073264339877,3.372,107017.809027574
0.9809018404252743,3.3722,107017.809231468
0.9812290921218988,3.3724,107017.809435294
0.971703951225413,3.3726,107017.809641118
0.9790867045580157,3.3728,107017.80984539
0.8584317229431119,3.373,107017.810078373
1.2868356800350071,3.3731999999999998,107017.810233793
0.9740607812622988,3.3734,107017.810439119
0.9041305375505155,3.3736,107017.810660326
1.021304386485098,3.3738,107017.810856154
1.0073232567893133,3.374,107017.8110547
0.9826754477412368,3.3742,107017.811258226
1.1015156813458924,3.3744,107017.811439794
0.9799645734974383,3.3746,107017.811643883
0.8721855933692122,3.3748,107017.811873192
1.1272622080907504,3.375,107017.812050613
1.026825830902858,3.3752,107017.812245388
0.9685229987345462,3.3754,107017.812451888
0.9484472058686091,3.3756,107017.812662759
1.0076175519163417,3.3758,107017.812861247
1.1908164811848858,3.376,107017.813029199
0.7529780138606473,3.3762,107017.813294811
1.3449355800111622,3.3764,107017.813443517
0.7723558424662215,3.3766,107017.813702465
1.2623951399648103,3.3768000000000002,107017.813860894
1.1953286980800555,3.377,107017.814028212
1.093697009501247,3.3772,107017.814211078
1.0848929127550866,3.3774,107017.814395428
0.9731791888463134,3.3776,107017.81460094
0.9783443109990105,3.3778,107017.814805367
0.9611133774307467,3.378,107017.815013459
1.1042219737024197,3.3782,107017.815194582
0.9763050541218719,3.3784,107017.815399436
0.9756716541159783,3.3786,107017.815604423
0.9773451286361734,3.3788,107017.815809059
0.9542029995693061,3.379,107017.816018658
0.9989761105370313,3.3792,107017.816218863
0.9747491209140304,3.3794,107017.816424044
0.9715717899889231,3.3796,107017.816629896
0.9833808759725385,3.3798,107017.816833276
0.9997900124697173,3.38,107017.817033318
0.8867213465465854,3.3802,107017.817258868
1.0600463563404494,3.3804,107017.817447539
0.989393692797433,3.3806,107017.817649683
0.982776843902149,3.3808,107017.817853188
1.132701596889745,3.3810000000000002,107017.818029757
0.7529128398784751,3.3811999999999998,107017.818295392
1.4966700196688814,3.3814,107017.818429022
1.100988096853283,3.3816,107017.818610677
0.9807671655148169,3.3818,107017.818814599
0.9600337737758244,3.382,107017.819022925
0.9979492181424023,3.3822,107017.819223336
0.7644383161159211,3.3824,107017.819484966
1.0436724783809532,3.3826,107017.819676597
0.9444208721074734,3.3828,107017.819888367
1.272831340339252,3.383,107017.820045497
0.9131211099341667,3.3832,107017.820264526
1.016632117667963,3.3834,107017.820461254
0.9130085273147,3.3836,107017.82068031
1.0282511881163727,3.3838,107017.820874815
1.1768790945496046,3.384,107017.821044756
0.9142355722562571,3.3842,107017.821263518
1.0161465577217623,3.3844,107017.82146034
0.981103922154014,3.3846,107017.821664192
0.9763098394580705,3.3848,107017.821869045
1.135698995430767,3.385,107017.822045148
0.9253432913904247,3.3852,107017.822261284
0.9962491302287793,3.3854,107017.822462037
0.9769345549940712,3.3856,107017.822666759
0.9812772914254736,3.3858,107017.822870575
1.1532628084931007,3.386,107017.823043996
0.9813928349064958,3.3862,107017.823247788
0.9777034640088699,3.3864,107017.823452349
0.9803440622430838,3.3866,107017.823656359
0.9746446053214899,3.3868,107017.823861562
1.098430420744132,3.387,107017.82404364
0.978444815277872,3.3872,107017.824248046
0.977096867493344,3.3874,107017.824452734
0.9773164953919138,3.3876,107017.824657376
0.8992967351235228,3.3878,107017.824879772
1.222747996444759,3.388,107017.825043338
0.9833615270036885,3.3882,107017.825246722
0.9693068829774822,3.3884,107017.825453055
0.9791442501338273,3.3886,107017.825657315
0.9810509779354277,3.3888,107017.825861178
0.9439171546524986,3.3890000000000002,107017.826073061
1.0629986448031483,3.3891999999999998,107017.826261208
0.978392227305723,3.3894,107017.826465625
0.8189002074077479,3.3896,107017.826709855
1.065365471214138,3.3898,107017.826897584
0.9692082471053101,3.39,107017.827103938
0.9860328889526159,3.3902,107017.827306771
0.983825901232153,3.3904,107017.827510059
0.9758477509142774,3.3906,107017.827715009
0.914620202612709,3.3908,107017.827933679
1.0173457397951529,3.391,107017.828130269
0.9851100843957408,3.3912,107017.828333292
0.9126585824226148,3.3914,107017.828552432
1.0208508249723292,3.3916,107017.828748347
0.9832261758776731,3.3918,107017.828951759
0.9740987513735391,3.392,107017.829157077
0.9800222223156044,3.3922,107017.829361154
0.8644050671226265,3.3924,107017.829592527
1.1384400855889556,3.3926,107017.829768206
0.9826657519072174,3.3928,107017.829971734
0.9081744548218085,3.393,107017.830191956
1.028404529955092,3.3932,107017.830386432
0.9756907016478171,3.3934,107017.830591415
0.9903245439582348,3.3936,107017.830793369
0.9867381885375305,3.3938,107017.830996057
0.9107675791573975,3.394,107017.831215652
1.0251468212671913,3.3942,107017.831410746
0.918800970791646,3.3944,107017.831628421
1.0193264360065926,3.3946,107017.831824629
0.8000191942736308,3.3948,107017.832074623
1.1229142385039705,3.395,107017.832252731
1.0612274649364106,3.3952,107017.832441192
0.99089859824693,3.3954,107017.832643029
0.9718173198057429,3.3956,107017.832848829
1.0258725280380536,3.3958,107017.833043785
0.8260400871218376,3.396,107017.833285904
1.1141378512247007,3.3962,107017.833465415
0.8777011097919267,3.3964,107017.833693283
0.9851974353990418,3.3966,107017.833896288
1.146848104402564,3.3968,107017.834070679
1.1183618402684126,3.3970000000000002,107017.834249512
0.9764290025185985,3.3971999999999998,107017.83445434
0.9250009487812497,3.3974,107017.834670556
1.0287536242956634,3.3976,107017.834864966
0.7213133959056381,3.3978,107017.835142238
1.4760582101474926,3.398,107017.835277734
1.127885343082248,3.3982,107017.835455057
1.042812652485082,3.3984,107017.835646846
0.9930091699574064,3.3986,107017.835848254
1.1009094304615474,3.3988,107017.836029922
0.773610590215141,3.399,107017.83628845
1.253714041850002,3.3992,107017.836447976
0.9415708724640274,3.3994,107017.836660387
0.8886637191220943,3.3996,107017.836885444
1.2830465031534009,3.3998,107017.837041323
1.037306748613202,3.4,107017.83723413
0.9285654727891888,3.4002,107017.837449516
1.030242722595926,3.4004,107017.837643645
0.9172334860309019,3.4006,107017.837861692
1.1894849343193583,3.4008,107017.838029832
0.9172797048450201,3.401,107017.838247868
1.0280873560172297,3.4012000000000002,107017.838442404
0.9173302141711356,3.4013999999999998,107017.838660428
1.0205279109327932,3.4016,107017.838856405
1.168012773724143,3.4018,107017.839027636
0.9854012911119759,3.402,107017.839230599
0.9866359733631016,3.4022,107017.839433308
0.8778629589022034,3.4024,107017.839661134
1.039441630695351,3.4026,107017.839853545
1.1475127277863078,3.4028,107017.840027835
0.9864754327561207,3.403,107017.840230577
0.9845766404403525,3.4032,107017.84043371
0.9873178790663228,3.4034,107017.840636279
0.9284275373271031,3.4036,107017.840851697
1.0332553284173005,3.4038,107017.84104526
1.0278759897662204,3.404,107017.841239836
0.985148850229103,3.4042,107017.841442851
0.91821039719506,3.4044,107017.841660666
1.0244064875893362,3.4046,107017.841855901
0.9165861166822535,3.4048,107017.842074102
1.1661127091835812,3.4050000000000002,107017.842245612
0.9860182457212888,3.4052,107017.842448448
0.9855421180646716,3.4054,107017.842651382
0.916791979236377,3.4056,107017.842869534
1.2533763033104823,3.4058,107017.843029103
0.991566666137487,3.406,107017.843230804
0.9206450289678828,3.4062,107017.843448043
0.9377520285557005,3.4064,107017.843661319
0.9404860460683249,3.4066,107017.843873975
1.2936275882112664,3.4068,107017.844028579
0.9853041559876886,3.407,107017.844231562
0.9898148078113063,3.4072,107017.84443362
0.9896679112640812,3.4074,107017.844635708
0.7336837582830178,3.4076,107017.844908305
1.6828218319876802,3.4078,107017.845027153
0.8718472116217463,3.408,107017.845256551
1.128496194884376,3.4082,107017.845433778
0.921370285085861,3.4084,107017.845650846
1.0264515951793516,3.4086,107017.845845692
1.0971468812738565,3.4088,107017.846027983
0.988161836545434,3.409,107017.846230379
0.7556808369574841,3.4092000000000002,107017.846495041
1.3373185301340684,3.4093999999999998,107017.846644594
0.9261831869535622,3.4096,107017.846860534
1.1912704234094122,3.4098,107017.847028422
0.9820336874415688,3.41,107017.847232081
0.9958125666502474,3.4102,107017.847432922
0.9183875325001999,3.4104,107017.847650695
1.0243067782808706,3.4106,107017.847845949
1.0949844365227643,3.4108,107017.8480286
0.9755383422137398,3.411,107017.848233615
0.999795030797434,3.4112,107017.848433656
0.9796142844301858,3.4114,107017.848637818
0.9891930233146227,3.4116,107017.848840003
1.0674238423480091,3.4118,107017.84902737
0.9769298329730465,3.412,107017.849232093
0.9896482428388379,3.4122,107017.849434185
0.9846444973720873,3.4124,107017.849637304
0.9232672265113048,3.4126,107017.849853926
1.1105681780198822,3.4128,107017.850034014
0.991886398928322,3.413,107017.85023565
0.9810268888068853,3.4132,107017.850439518
0.9838985147363981,3.4134,107017.850642791
0.9852459547330006,3.4136,107017.850845786
1.056429178174893,3.4138,107017.851035103
0.9879079794661423,3.414,107017.851237551
1.001171369748098,3.4142,107017.851437317
0.9830377031302584,3.4144,107017.851640768
0.9544489086566194,3.4146,107017.851850313
1.0278178773618238,3.4148,107017.8520449
1.0440211518593263,3.415,107017.852236467
0.9793696148832313,3.4152,107017.85244068
0.9229434617747125,3.4154,107017.852657378
1.0227196966343892,3.4156,107017.852852935
0.8429286613565653,3.4158,107017.853090203
1.3771069799233313,3.416,107017.853235435
0.7736046246417738,3.4162,107017.853493965
1.0930455202526308,3.4164,107017.85367694
1.0536019753039831,3.4166,107017.853866765
1.2061416938730876,3.4168,107017.854032583
1.0025363653577344,3.417,107017.854232077
0.9870743090932833,3.4172000000000002,107017.854434696
0.7597485086791573,3.4173999999999998,107017.854697941
1.341174804226314,3.4176,107017.854847064
0.864636781352396,3.4178,107017.855078375
1.1945005058847664,3.418,107017.855245809
1.0205279109305272,3.4182,107017.855441786
0.9179154256580344,3.4184,107017.855659671
1.0217269805774114,3.4186,107017.855855418
1.1330739115576056,3.4188,107017.856031929
0.8773815112397798,3.419,107017.85625988
1.1013034043626408,3.4192,107017.856441483
1.0055001030966249,3.4194,107017.856640389
0.9099760624417885,3.4196,107017.856860175
1.1832709276451943,3.4198,107017.857029198
0.8076794153070217,3.42,107017.857276821
1.272094677292695,3.4202,107017.857434042
0.9804353958989958,3.4204,107017.857638033
0.7453147871166763,3.4206,107017.857906376
1.5518672848888806,3.4208,107017.858035253
1.0128582051239554,3.421,107017.858232714
0.9896679112640812,3.4212,107017.858434802
0.9808489180162782,3.4214,107017.858638707
0.9210011264101073,3.4215999999999998,107017.858855862
1.1559624530736987,3.4218,107017.859028878
0.869141940749698,3.422,107017.85925899
1.1413440796766616,3.4222,107017.859434222
0.9712840309554257,3.4224,107017.859640135
0.9868404248930731,3.4226,107017.859842802
0.9393375861190276,3.4228,107017.860055718
1.0352288832261731,3.423,107017.860248912
0.9168297745670582,3.4232,107017.860467055
1.0293466652515404,3.4234,107017.860661353
1.1081682837950348,3.4236,107017.860841831
1.0526870145731693,3.4238,107017.861031821
0.9894426263392645,3.424,107017.861233955
0.9818938612947542,3.4242,107017.861437643
0.9767914563641167,3.4244,107017.861642395
0.9804258141575655,3.4246,107017.861846388
1.0921978341989491,3.4248,107017.862029505
0.8673215347845021,3.425,107017.8622601
1.1309338559303224,3.4252000000000002,107017.862436945
0.9973818778286407,3.4254,107017.86263747
1.0184025457315058,3.4256,107017.862833856
1.0254359402215303,3.4258,107017.863028895
0.9820818956496089,3.426,107017.863232544
0.9901970428732133,3.4262,107017.863434524
0.9849111485853036,3.4264,107017.863637588
0.9851003404584369,3.4266,107017.863840613
0.967918398110917,3.4268,107017.864047242
1.0242595262076866,3.427,107017.864242505
0.9840825263159223,3.4272,107017.86444574
0.977870763205944,3.4274,107017.864650266
0.9921667998708734,3.4276,107017.864851845
1.1255810760075609,3.4278,107017.865029531
0.9757382890953733,3.428,107017.865234504
1.000420170004191,3.4282,107017.86543442
0.9861446728587576,3.4284,107017.86563723
0.9719920966482132,3.4286,107017.865842993
0.907885895048839,3.4288,107017.866063285
1.138757587054926,3.429,107017.866238915
0.9732738789896715,3.4292,107017.866444407
0.9832310293041423,3.4294000000000002,107017.866647818
1.0332766129897006,3.4295999999999998,107017.866841377
1.0440920566832204,3.4298,107017.867032931
0.9961200991372078,3.43,107017.86723371
0.9123754641621703,3.4302,107017.867452918
1.037457399850969,3.4304,107017.867645697
0.9766674159338339,3.4306,107017.867850475
1.119150298143656,3.4308,107017.868029182
0.9818746409438761,3.431,107017.868232874
0.964385212179588,3.4312,107017.86844026
1.0005102573609832,3.4314,107017.868640158
0.8757487774181568,3.4316,107017.868868534
1.0659276582334494,3.4318,107017.869056164
1.0380497014790195,3.432,107017.869248833
0.9859501993220311,3.4322,107017.869451683
0.7288975085186825,3.4324,107017.86972607
1.4923925672983598,3.4326,107017.869860083
1.0746216704925975,3.4328,107017.870046195
1.0135306596980362,3.433,107017.870243525
0.9833034846653846,3.4332,107017.870446921
0.9855372417954501,3.4334,107017.870649856
0.9671460808597,3.4336,107017.87085665
1.143745956909516,3.4338,107017.871031514
0.9863830411444489,3.434,107017.871234275
0.9823326967752658,3.4342,107017.871437872
0.9780812032197282,3.4344,107017.871642354
1.005545566559333,3.4346,107017.871841251
1.0605466353314177,3.4348,107017.872029833
0.9866408605088882,3.435,107017.872232541
0.9879177790253544,3.4352,107017.872434987
0.983613052610136,3.4354,107017.872638319
0.9824388678191125,3.4356,107017.872841894
0.9424226623107048,3.4358,107017.873054113
1.0329031727217157,3.436,107017.873247742
0.9857801244010689,3.4362,107017.873450627
0.9869183739762986,3.4364,107017.873653278
0.9786746666808005,3.4366,107017.873857636
1.1748810959985767,3.4368,107017.874027866
0.9832261758776731,3.437,107017.874231278
0.9607578291767742,3.4372,107017.874439447
0.9287465635290397,3.4374000000000002,107017.874654791
1.0332980538128018,3.4375999999999998,107017.874848346
1.1200214607679022,3.4378,107017.875026914
0.9812435233934896,3.438,107017.875230737
0.8704735362185355,3.4382,107017.875460497
1.131714612338557,3.4384,107017.87563722
0.9810028708826857,3.4386,107017.875841093
1.0719090270494127,3.4388,107017.876027676
0.8745310334382443,3.439,107017.87625637
1.035346718907364,3.4392,107017.876449542
1.0229446313008619,3.4394,107017.876645056
0.7471077673216948,3.4396,107017.876912755
1.5393734204275968,3.4398,107017.877042678
0.9868063437540288,3.44,107017.877245352
0.9130669382148121,3.4402,107017.877464394
1.03297249773949,3.4404,107017.87765801
0.9793982987669625,3.4406,107017.877862217
1.1931466249986857,3.4408,107017.878029841
0.9955102715073929,3.441,107017.878230743
0.9811472061969289,3.4412,107017.878434586
0.9806613554620154,3.4414,107017.87863853
0.9179744048051492,3.4416,107017.878856401
1.1689138787976159,3.4418,107017.8790275
0.9842229060719143,3.442,107017.879230706
0.9790915172015155,3.4422,107017.879434977
0.9860571538114862,3.4424,107017.879637805
0.9813687289870415,3.4426,107017.879841602
0.978909367231022,3.4428,107017.880045911
1.0471862443906639,3.443,107017.880236899
0.9796526189226709,3.4432,107017.880441053
0.9814794578083439,3.4434,107017.880644827
0.9169516826830972,3.4436,107017.880862941
1.2127239702399017,3.4438,107017.881027859
0.9180881541810995,3.444,107017.881245703
1.0177184884513164,3.4442,107017.881442221
0.9223900787546516,3.4444,107017.881659049
1.026404298324656,3.4446,107017.881853904
1.0448119603295687,3.4448,107017.882045326
1.0184906931368432,3.445,107017.882241695
0.9852022376818845,3.4452,107017.882444699
0.9791826176113864,3.4454000000000002,107017.882648951
1.024684646288973,3.4455999999999998,107017.882844133
1.0641297395888858,3.4458,107017.88303208
0.9562880591454812,3.446,107017.883241222
0.974426245616306,3.4462,107017.883446471
0.9961101361789816,3.4464,107017.883647252
0.9884988567660785,3.4466,107017.883849579
0.9045926160879761,3.4468,107017.884070673
1.0555315139457315,3.447,107017.884260151
0.9955151748552339,3.4472,107017.884461052
0.9816625655799718,3.4474,107017.884664788
1.0891466115663817,3.4476,107017.884848418
1.0378396269728363,3.4478,107017.885041126
0.5489679570347215,3.448,107017.885405446
1.1371389177669948,3.4482,107017.885581326
0.9669029054512793,3.4484,107017.885788172
1.92895666806668,3.4486,107017.885891855
0.769286955409982,3.4488,107017.886151836
0.7527739909346834,3.449,107017.88641752
2.142130330420896,3.4492,107017.886510885
1.3934174865491695,3.4494,107017.886654417
0.916342527179724,3.4496,107017.886872676
1.2562734487882745,3.4497999999999998,107017.887031877
0.9158557974086098,3.45,107017.887250252
1.0259092845048217,3.4502,107017.887445201
0.9698380707526031,3.4504,107017.887651421
1.0026519958535594,3.4506,107017.887850892
1.0180085594549588,3.4508,107017.888047354
1.0303117681779734,3.451,107017.88824147
0.9826899215885897,3.4512,107017.888444993
0.9842761932111128,3.4514,107017.888648188
0.9727295588958109,3.4516,107017.888853795
1.1303905516920734,3.4518,107017.889030725
1.0018283175955884,3.452,107017.88923036
0.9868210104005786,3.4522,107017.889433031
0.9781194874283564,3.4524,107017.889637505
0.9148544733421788,3.4526,107017.889856119
1.1576151083397088,3.4528,107017.890028888
0.8756720564827104,3.453,107017.890257284
1.119175359779141,3.4532,107017.890435987
0.9155455032863367,3.4534000000000002,107017.890654436
1.0214870172030879,3.4536,107017.890850229
1.1188498282090862,3.4538,107017.891028984
0.9838161826824332,3.454,107017.891232274
0.982043370806544,3.4542,107017.891435931
0.9852265323008222,3.4544,107017.89163893
0.9770347698212879,3.4546,107017.891843631
1.0880505386222477,3.4548,107017.892027446
0.9635256999652125,3.455,107017.892235017
0.9997850669206754,3.4552,107017.89243506
0.9838501280180649,3.4554,107017.892638343
0.9084920825077908,3.4556,107017.892858488
1.176636779990318,3.4558,107017.893028464
0.9094215671654023,3.456,107017.893248384
0.6397093353124795,3.4562,107017.893561026
1.2339889830088628,3.4564,107017.893723102
1.0010310718359967,3.4566,107017.893922896
0.9497758222577821,3.4568,107017.894133472
1.0752399356414621,3.457,107017.894319477
0.9401588409361086,3.4572,107017.894532207
0.9258359193389281,3.4574,107017.894748228
1.5223133299161884,3.4576000000000002,107017.894879607
1.2370267449818058,3.4577999999999998,107017.895041285
0.7711497219137409,3.458,107017.895300638
1.4447945159621352,3.4582,107017.895439066
0.9759953554082823,3.4584,107017.895643985
0.9888898236532452,3.4586,107017.895846232
1.0899004496506794,3.4588,107017.896029735
0.9925360881906867,3.459,107017.896231239
0.9811953974559464,3.4592,107017.896435072
0.9753053243531199,3.4594,107017.896640136
0.983942045715745,3.4596,107017.8968434
1.0604060580013883,3.4598,107017.897032007
0.9962292715611263,3.46,107017.897232764
0.9831536615777123,3.4602,107017.897436191
0.9776365603574949,3.4604,107017.897640766
0.912188168330163,3.4606,107017.897860019
1.1882341229131814,3.4608,107017.898028336
0.9820240744347968,3.461,107017.898231997
0.9794127460307605,3.4612,107017.898436201
0.9069060422744225,3.4614,107017.898656731
1.028901878231746,3.4616,107017.898851113
0.9903686454299049,3.4618,107017.899053058
1.049945947478658,3.462,107017.899243544
0.9831488089171995,3.4622,107017.899446972
0.9037669196824617,3.4624,107017.899668268
1.0308215552247493,3.4626,107017.899862288
1.2050806449368636,3.4628,107017.900028252
0.9819420557752541,3.463,107017.90023193
0.8942664582457205,3.4632,107017.900455577
1.0414713461497387,3.4634,107017.900647613
0.9828879610181898,3.4636,107017.900851095
0.7699948119747031,3.4638,107017.901110837
1.6072391034520104,3.464,107017.901235274
0.8383564761822042,3.4642,107017.901473836
1.1298924470667984,3.4644,107017.901650844
0.9891979358251863,3.4646,107017.901853028
1.0347200258620608,3.4648,107017.902046317
1.032268734043781,3.465,107017.902240065
0.9791538068419524,3.4652,107017.902444323
0.981710737357127,3.4654,107017.902648049
0.9786986404309016,3.4656000000000002,107017.902852402
1.1306077735279279,3.4657999999999998,107017.903029298
0.9035178593214482,3.466,107017.903250655
1.0515854927533843,3.4662,107017.903440844
0.9800990979581341,3.4664,107017.903644905
0.9118970527267142,3.4666,107017.903864228
1.2262040067126336,3.4668,107017.904027333
0.9770300468314375,3.467,107017.904232035
0.9173428270672449,3.4672,107017.904450056
1.0287165867365722,3.4674,107017.904644473
0.9045599307568374,3.4676,107017.904865575
1.2279053393560315,3.4678,107017.905028454
0.9198701187044729,3.468,107017.905245876
1.0208612889852349,3.4682,107017.905441789
0.9793456082526804,3.4684,107017.905646007
0.9797293667487333,3.4686,107017.905850145
1.1225423349432828,3.4688,107017.906028312
0.8764318790748501,3.469,107017.90625651
1.0966596109253222,3.4692,107017.906438882
0.9889729359564979,3.4694,107017.906641112
0.9811328477982156,3.4696,107017.906844958
0.9701720195874736,3.4698,107017.907051107
1.0291771662283522,3.4699999999999998,107017.907245437
0.980454629889042,3.4702,107017.907449424
0.9145658528826369,3.4704,107017.907668107
1.0251310697334972,3.4706,107017.907863204
1.1040879397957797,3.4708,107017.908044349
1.0249787024597428,3.471,107017.908239475
0.9828589317948694,3.4712,107017.908442963
0.9160487543200709,3.4714,107017.908661292
1.0256567900577462,3.4716,107017.908856289
1.0065323559113857,3.4718,107017.909054991
1.131234520694036,3.472,107017.909231789
0.9129210159351554,3.4722,107017.909450866
1.02256287181637,3.4724,107017.909646453
0.978765689528978,3.4726,107017.909850792
0.7642688760640213,3.4728,107017.91011248
0.9696170708084404,3.473,107017.910318747
1.0588117511125148,3.4732,107017.910507638
0.9493655868102445,3.4734,107017.910718305
1.5187295954770381,3.4736000000000002,107017.910849994
1.1027303653823448,3.4737999999999998,107017.911031362
0.7534829993406976,3.474,107017.911296796
1.426563972155477,3.4742,107017.911436993
0.981046216037136,3.4744,107017.911640857
0.9836613456079005,3.4746,107017.911844179
0.9695747980870848,3.4748,107017.912050455
1.0330791817324056,3.475,107017.912244051
0.9185182036068077,3.4752,107017.912461793
1.0180344990103634,3.4754,107017.91265825
0.9839662782221981,3.4756,107017.912861509
1.0966415851505498,3.4758,107017.913043884
1.0241913657117947,3.476,107017.91323916
0.9813638939306698,3.4762,107017.913442958
0.9837823805265785,3.4764,107017.913646255
0.9128585007538902,3.4766,107017.913865347
1.1756614790435707,3.4768,107017.914035464
1.0104990316000604,3.477,107017.914233386
0.9796526189226709,3.4772,107017.91443754
0.9870548145070072,3.4774,107017.914640163
0.9759620192227413,3.4776,107017.914845089
1.096401094018546,3.4778000000000002,107017.915027504
0.9821783964534949,3.4779999999999998,107017.915231133
0.9801710924511491,3.4782,107017.915435179
0.981046216037136,3.4784,107017.915639043
0.9101665495086617,3.4786,107017.915858783
1.1849254119982273,3.4788,107017.91602757
0.9117391049829062,3.479,107017.916246931
1.0234838113622824,3.4792,107017.916442342
0.9813735640910569,3.4794,107017.916646138
0.4543378953978363,3.4796,107017.917086339
2.7571757725373827,3.4798,107017.917158877
0.6214229295050583,3.48,107017.917480719
1.2034780770051876,3.4802,107017.917646904
1.399462586308672,3.4804,107017.917789816
0.9626213973790421,3.4806,107017.917997582
0.9634422170498526,3.4808,107017.918205171
0.978138561043491,3.481,107017.918409641
0.8014297645722946,3.4812,107017.918659195
0.9661602568103946,3.4814,107017.9188662
1.1718932886171993,3.4816,107017.919036864
0.8201460620127092,3.4818,107017.919280723
0.9833760210709811,3.482,107017.919484104
1.2195270398904339,3.4822,107017.919648102
0.9766865023653764,3.4824,107017.919852876
0.9114441052645375,3.4826,107017.920072308
1.0088933885927736,3.4828,107017.920270545
0.9894867205319832,3.483,107017.92047267
0.9799693947750553,3.4832,107017.920676758
0.9711095086362199,3.4834,107017.920882708
1.1348805899176757,3.4836,107017.921058938
0.9832068329960321,3.4838,107017.921262354
0.9530072028171678,3.484,107017.921472216
0.9857849323661669,3.4842,107017.9216751
0.9775792613913131,3.4844,107017.921879687
1.1216043624081518,3.4846,107017.922058003
0.9793647297176813,3.4848,107017.922262217
0.9733307432792634,3.485,107017.922467697
0.9721527020766049,3.4852,107017.922673426
0.9703227072773406,3.4854,107017.922879543
1.1351188532502057,3.4856,107017.923055736
0.9748251023367754,3.4858000000000002,107017.923260901
0.9681854779080616,3.4859999999999998,107017.923467473
0.9616262681598251,3.4862,107017.923675454
0.984746300309103,3.4864,107017.923878552
1.1257014779120345,3.4866,107017.924056219
0.9490412185051801,3.4868,107017.924266958
0.9954904422845091,3.487,107017.924467864
0.9747395808629367,3.4872,107017.924673047
0.9655632142904504,3.4874,107017.92488018
1.131074580649794,3.4876,107017.925057003
0.9775362220468307,3.4878,107017.925261599
0.9670384943353858,3.488,107017.925468416
0.9772686843938151,3.4882,107017.925673068
0.9610210385915736,3.4884,107017.92588118
1.0494335808015787,3.4886,107017.926071759
1.0357166210722677,3.4888,107017.926264862
0.9491087878791646,3.489,107017.926475586
1.0099990481361456,3.4892,107017.926673606
0.9771063842770616,3.4894,107017.926878292
0.6595718646881897,3.4896,107017.927181519
1.370858340719988,3.4898,107017.927327413
1.05632873987945,3.49,107017.927516748
0.9121424006357494,3.4902,107017.927736012
1.6186076461419852,3.4904,107017.927859575
0.5806206066711335,3.4906,107017.928204034
3.7625809101218377,3.4908,107017.928257189
0.6965680305781952,3.491,107017.928544311
0.9973718896167445,3.4912,107017.928744838
1.8115615448844662,3.4914,107017.92885524
1.1390493992843167,3.4916,107017.929030825
0.9414910860240246,3.4918,107017.929243254
1.0286266604785805,3.492,107017.929437688
0.9862127461073746,3.4922,107017.929640484
0.9769154588664912,3.4924,107017.92984521
1.1000374456749116,3.4926,107017.930027022
0.9944114106972456,3.4928,107017.930228146
0.9846298953506464,3.493,107017.930431268
0.9887432015077072,3.4932,107017.930633545
0.9912914660867034,3.4934,107017.930835302
0.8832674142791243,3.4936,107017.931061734
1.1556150756136543,3.4938000000000002,107017.931234802
1.005217115616937,3.4939999999999998,107017.931433764
0.9258616154568468,3.4942,107017.931649779
1.0309915963642031,3.4944,107017.931843767
1.0908753855237643,3.4946,107017.932027106
0.8809679944915035,3.4948,107017.932254129
1.1235765705358673,3.495,107017.932432132
0.9882448265196833,3.4952,107017.932634511
0.9179406839898001,3.4954,107017.93285239
1.1413309999866705,3.4956,107017.933027624
1.1588291240325475,3.4958,107017.933200212
0.9190247288808586,3.496,107017.933417834
1.0131096642212103,3.4962,107017.933615246
0.9904324496504229,3.4964,107017.933817178
0.9608039710922256,3.4966,107017.934025337
1.0027424856265785,3.4968,107017.93422479
0.9905600113700842,3.497,107017.934426696
0.9887919995872199,3.4972,107017.934628963
0.9148377879340395,3.4974,107017.934847581
1.1062864374156975,3.4976,107017.935028366
0.8797511884923832,3.4978,107017.935255703
1.3393605681049672,3.498,107017.935405028
1.0051867524656823,3.4981999999999998,107017.935603996
0.98180225572136,3.4984,107017.935807703
0.970972775832547,3.4986,107017.936013682
0.9933446232607382,3.4988,107017.936215022
0.760225024072417,3.499,107017.936478102
1.1678013827980362,3.4992,107017.936649364
0.8352613862477934,3.4994,107017.93688881
0.9799357865661992,3.4996,107017.937092905
1.1900440890446609,3.4998,107017.937260966
0.9954062309687755,3.5,107017.937461889
0.9811231823811155,3.5002,107017.937665737
0.8818925714742339,3.5004,107017.937892522
1.3371933618505953,3.5006,107017.938042089
0.9173554403081658,3.5008,107017.938260107
1.0198826196399904,3.501,107017.938456208
0.9256430569001031,3.5012,107017.938672274
1.0323646488730498,3.5014,107017.938866004
1.1318875040857452,3.5016,107017.9390427
0.9884597557548699,3.5018000000000002,107017.939245035
0.9877275035096408,3.502,107017.93944752
0.9844214934160942,3.5022,107017.939650685
0.8740112670454142,3.5023999999999997,107017.939879515
1.2363767540715107,3.5026,107017.940041278
0.9879324077145922,3.5028,107017.940243721
0.9873178790663228,3.503,107017.94044629
0.9116892094683258,3.5032,107017.940665663
1.030768443365689,3.5034,107017.940859693
1.0927887042442719,3.5036,107017.941042711
0.8956961775430422,3.5038,107017.941266001
1.0538462766101075,3.504,107017.941455782
0.9906482601894677,3.5042,107017.94165767
0.8774200479493844,3.5044,107017.941885611
1.2652542686268762,3.5046,107017.942043682
0.9206619268828153,3.5048,107017.942260917
1.031571271031615,3.505,107017.942454796
0.9851973647775846,3.5052,107017.942657801
0.986086301518163,3.5054,107017.942860623
0.9800559063421241,3.5056000000000003,107017.943064693
1.0372906211857331,3.5058,107017.943257503
0.8595828106663759,3.5060000000000002,107017.943490174
1.078248481459184,3.5061999999999998,107017.94367566
0.9736055775917277,3.5064,107017.943881082
1.2442066951574866,3.5066,107017.944041827
0.921107169812231,3.5068,107017.944258957
1.0230963943839209,3.507,107017.944454442
0.9259130743437253,3.5072,107017.944670445
1.02777030080147,3.5074,107017.944865041
0.8140174196078227,3.5076,107017.945110736
1.6536030565899527,3.5078,107017.945231684
0.928483547104279,3.508,107017.945447089
1.0297017998040738,3.5082,107017.94564132
0.9827430428569386,3.5084,107017.945844832
0.974373950554859,3.5086,107017.946050092
1.022374684667349,3.5088,107017.946245715
0.9895209158263273,3.509,107017.946447833
0.9843149639357606,3.5092,107017.94665102
1.0152748426362603,3.5094,107017.946848011
1.0633545941808658,3.5096,107017.947036095
1.0026419749533841,3.5098000000000003,107017.947235568
0.9805171630454628,3.51,107017.947439542
0.9857315524449903,3.5102,107017.947642437
0.9436321302848397,3.5103999999999997,107017.947854384
1.02818772582796,3.5106,107017.948048901
0.8885966684482153,3.5108,107017.948273975
1.1262021686930364,3.511,107017.948451563
0.8801306211902465,3.5112,107017.948678802
1.1182617461255147,3.5114,107017.948857651
1.0721733516553702,3.5116,107017.949044188
0.9885672554310285,3.5118,107017.949246501
0.9874007273369897,3.512,107017.949449053
0.8248579502170962,3.5122,107017.949691519
1.1405044602493732,3.5124,107017.94986688
1.1208688420309514,3.5126,107017.950045313
1.157581568236684,3.5128,107017.950218087
1.016399652451272,3.513,107017.95041486
0.8158636435474148,3.5132,107017.950659999
0.9449205798791908,3.5134,107017.950871657
1.1020862776542837,3.5136,107017.951053131
0.9974266101133533,3.5138,107017.951253647
1.017076744014546,3.5140000000000002,107017.951450289
1.006152581094434,3.5141999999999998,107017.951649066
1.0111683561950795,3.5144,107017.951846857
0.8383986675293891,3.5145999999999997,107017.952085407
1.0818471411104968,3.5148,107017.952270276
1.0617176230784504,3.515,107017.95245865
0.9296618185442759,3.5152,107017.952673782
1.020137503409588,3.5154,107017.952869834
1.061745837957725,3.5156,107017.953058203
0.9197854728066263,3.5158,107017.953275645
1.0238558857633995,3.516,107017.953470985
1.046112600843312,3.5162,107017.953662169
1.0340620361590778,3.5164,107017.953855581
1.1547477387304943,3.5166,107017.954028779
0.9907218843003688,3.5168,107017.954230652
0.9894279528914162,3.517,107017.954432789
0.8661870888359953,3.5172,107017.954663686
1.1440992819355875,3.5174,107017.954838496
1.0332393267232642,3.5176,107017.955032062
1.006648910078849,3.5178000000000003,107017.955230741
0.9922751790601751,3.518,107017.955432298
0.8687832893994549,3.5182,107017.955662505
1.0977973074980485,3.5183999999999997,107017.955844688
1.013433056222146,3.5186,107017.956042037
1.0217426276737118,3.5188,107017.956237781
0.984993664014303,3.519,107017.956440828
0.9841551072338018,3.5192,107017.956644048
0.9903245439582348,3.5194,107017.956846002
1.1014064874969687,3.5196,107017.957027588
0.989393692797433,3.5198,107017.957229732
0.9849111485853036,3.52,107017.957432796
0.9214211841464259,3.5202,107017.957649852
1.0199398381707738,3.5204,107017.957845942
1.0908159051756359,3.5206,107017.958029291
0.9932705370544611,3.5208,107017.958230646
0.9863586894562295,3.521,107017.958433412
0.9852022376818845,3.5212,107017.958636416
0.9854498305276159,3.5214,107017.958839369
1.0608729379780186,3.5216,107017.959027893
0.9857655593812786,3.5218,107017.959230781
0.9790867045601898,3.5220000000000002,107017.959435053
0.8366800392317271,3.5221999999999998,107017.959674093
1.1583391315819729,3.5224,107017.959846754
0.7411113199397708,3.5225999999999997,107017.960116619
1.5517348251088734,3.5228,107017.960245507
0.9318535128682727,3.523,107017.960460133
0.9097153191029814,3.5232,107017.960679982
1.0242963198534558,3.5234,107017.960875238
1.1003400517940736,3.5236,107017.961057
0.9235400793978026,3.5238,107017.961273558
1.0258409042694077,3.524,107017.96146852
0.9878543693768626,3.5242,107017.961670979
0.9838597768086282,3.5244,107017.96187426
1.1007093756901298,3.5246,107017.962055961
0.9383680156081671,3.5248,107017.962269097
1.0548133630151626,3.525,107017.962458704
0.97803818926624,3.5252,107017.962663195
0.9657030417487401,3.5254,107017.962870298
1.1655690904055214,3.5256,107017.963041888
0.943427379373613,3.5258000000000003,107017.963253881
0.9713971642512639,3.526,107017.96345977
0.984474872579516,3.5262000000000002,107017.963662924
0.9681104597628469,3.5263999999999998,107017.963869512
1.0712085830796236,3.5266,107017.964056217
0.9883766585997397,3.5268,107017.964258569
0.9904177468299211,3.527,107017.964460504
0.9780285847253947,3.5272,107017.964664997
0.9252833615831788,3.5274,107017.964881147
1.1541612555595226,3.5276,107017.965054433
0.991906084831457,3.5278,107017.965256065
0.9181345205041018,3.528,107017.965473898
1.023604324701508,3.5282,107017.965669286
0.9744689424441735,3.5284,107017.965874526
1.1099209996728912,3.5286,107017.966054719
0.991679779889173,3.5288,107017.966256397
0.9803297273414706,3.529,107017.96646041
0.9874300254725324,3.5292,107017.966662956
0.8868667957226732,3.5294,107017.966888469
1.1964656417178368,3.5296,107017.967055628
0.9768534536800616,3.5298,107017.967260367
0.9916945917619601,3.5300000000000002,107017.967462042
0.9801663390863609,3.5302,107017.967666089
0.7682291103828545,3.5304,107017.967926428
1.530549682124323,3.5305999999999997,107017.9680571
0.9930733148770151,3.5308,107017.968258495
0.9829458840113943,3.531,107017.968461965
0.9197728542071621,3.5312,107017.96867941
1.0216643969843489,3.5314,107017.968875169
1.1128235795378563,3.5316,107017.969054892
0.9854692617649345,3.5318,107017.969257841
0.9851197579154758,3.532,107017.969460862
0.9912424209981193,3.5322,107017.969662629
0.915139132450185,3.5324,107017.969881175
1.1207620838340733,3.5326,107017.970059625
0.9759811474000163,3.5328,107017.970264547
1.1151504078840118,3.533,107017.970443895
0.9988064482515621,3.5332,107017.970644134
0.9284878124033977,3.5334,107017.970859538
1.1963369168758418,3.5336,107017.971026715
0.9867820420117184,3.5338000000000003,107017.971229394
0.9840534264865158,3.534,107017.971432635
0.9846589587402261,3.5342000000000002,107017.971635751
0.9857266742988365,3.5343999999999998,107017.971838647
0.903146603234044,3.5346,107017.972060095
1.1347388229107433,3.5348,107017.972236347
0.9867187780674586,3.535,107017.972439039
0.8761324162855595,3.5352,107017.972667315
1.1237911811972936,3.5354,107017.972845284
0.994465806815622,3.5356,107017.973046397
1.0220141735050687,3.5358,107017.973242089
0.9843343504434936,3.536,107017.973445272
0.9863732720088176,3.5362,107017.973648035
0.9804258141575655,3.5364,107017.973852028
1.140283324664588,3.5366,107017.974027423
0.9876250832810908,3.5368,107017.974229929
0.9829652166268635,3.537,107017.974433395
0.9819902549870635,3.5372,107017.974637063
0.8759444068827478,3.5374,107017.974865388
1.136350661699324,3.5376,107017.97504139
1.0237562836051814,3.5378,107017.975236749
0.9815854444874712,3.5380000000000003,107017.975440501
0.9872594396748547,3.5382,107017.975643082
0.987157045587481,3.5384,107017.975845684
1.106610935303345,3.5385999999999997,107017.976026416
0.8819431071282839,3.5388,107017.976253188
1.1193256620065601,3.539,107017.976431867
0.9187672506448423,3.5392,107017.97664955
1.0234628521036877,3.5394,107017.976844965
1.0987501499719423,3.5396,107017.97702699
0.9766149494424169,3.5398,107017.977231779
0.922624135625605,3.54,107017.977448552
1.0296487261295197,3.5402,107017.977642793
0.9795806307551236,3.5404,107017.977846962
1.1101120432726073,3.5406,107017.978027124
0.9863878549925956,3.5408,107017.978229884
0.9851731422150612,3.541,107017.978432894
0.9840098152002383,3.5412,107017.978636144
0.9842520159236408,3.5414,107017.978839344
1.070549162034075,3.5416,107017.979026164
0.9867333712693338,3.5418,107017.979228853
0.98690377530179,3.542,107017.979431507
0.9829700674773612,3.5422000000000002,107017.979634972
0.9842810570050148,3.5423999999999998,107017.979838166
1.066319738782959,3.5426,107017.980025727
0.9835839805388562,3.5427999999999997,107017.980229065
0.9840340510470837,3.543,107017.98043231
0.9861689432196915,3.5432,107017.980635115
0.9857266743010253,3.5434,107017.980838011
1.0669626103145955,3.5436,107017.981025459
0.9850857955193512,3.5438,107017.981228487
0.9860231267515325,3.544,107017.981431322
0.982245923205171,3.5442,107017.981634937
0.9213277911486356,3.5444,107017.981852015
1.1430857835024024,3.5446,107017.98202698
0.9851343038575058,3.5448,107017.982229998
0.9834050104808479,3.545,107017.982433373
0.9835549805766082,3.5452,107017.982636717
0.98611063975839,3.5454,107017.982839534
0.8998672873684611,3.5456,107017.983061789
1.127382969940011,3.5458,107017.983239191
0.9915323293099162,3.5460000000000003,107017.983440899
0.9899323707085805,3.5462,107017.983642933
0.9827865419307458,3.5464,107017.983846436
1.0965693129928151,3.5465999999999998,107017.984028823
0.8731756323966766,3.5468,107017.984257872
1.1328171778063802,3.547,107017.984434423
0.980940275755837,3.5472,107017.984638309
0.9384560523637396,3.5474,107017.984851425
0.991571673790527,3.5476,107017.985053125
1.0373120723393683,3.5478,107017.985245931
0.9869915155855927,3.548,107017.985448567
0.9179238245121513,3.5482,107017.98566645
1.0202051253820035,3.5484,107017.985862489
1.0255726783685484,3.5486,107017.986057502
1.146256614415445,3.5488,107017.986231983
0.9842616725986228,3.549,107017.986435181
0.9860376993836634,3.5492,107017.986638013
0.7933706031324111,3.5494,107017.986890102
1.3218770438393979,3.5496,107017.987041402
1.0403066920143809,3.5498,107017.987233653
0.9935172467853383,3.55,107017.987434958
0.9226284091982808,3.5502000000000002,107017.98765173
1.0253938625090326,3.5504,107017.987846777
1.0274008293296617,3.5506,107017.988041443
1.0249839768344675,3.5507999999999997,107017.988236568
0.9131794138949441,3.551,107017.988455583
1.0314329287468704,3.5512,107017.988649488
0.9154533584950699,3.5514,107017.988867959
1.2447563737824712,3.5516,107017.989028633
0.9227603519405835,3.5518,107017.989245374
1.025241493593571,3.552,107017.98944045
0.9790243537153086,3.5522,107017.989644735
0.990015729671675,3.5524,107017.989846752
1.1197017310862727,3.5526,107017.990025371
0.8717673573157332,3.5528,107017.99025479
1.1197205229289848,3.553,107017.990433406
0.9844457495420642,3.5532,107017.990636566
0.9835984811645602,3.5534,107017.990839901
1.0704918775653358,3.5536,107017.991026731
0.7654213242189631,3.5538,107017.991288025
1.377040613311648,3.5540000000000003,107017.991433264
0.9774789348391228,3.5542,107017.991637872
0.988322926564761,3.5544000000000002,107017.991840235
0.8400361019734807,3.5545999999999998,107017.99207832
1.2581623811919591,3.5548,107017.992237282
0.9759430303970853,3.555,107017.992442212
0.9877030853953926,3.5552,107017.992644702
0.9208442047711058,3.5554,107017.992861894
1.2020241936496787,3.5556,107017.99302828
0.9878055928016775,3.5558,107017.993230749
0.9376377044564795,3.556,107017.993444051
1.0221447553027871,3.5562,107017.993639718
0.9832696473851501,3.5564,107017.993843121
1.0893187415925485,3.5566,107017.994026722
0.9829603658264251,3.5568,107017.994230189
0.9752767412961875,3.557,107017.994435259
0.9246801353524637,3.5572,107017.99465155
1.0205956604600368,3.5574,107017.994847514
0.9724929950959266,3.5576,107017.995053171
1.132278499396494,3.5578,107017.995229806
0.9853672386556608,3.558,107017.995432776
0.9787274244182249,3.5582000000000003,107017.995637123
0.9864705472468347,3.5584,107017.995839866
1.070285637553622,3.5586,107017.996026732
0.9911834446272615,3.5587999999999997,107017.996228511
0.8943623602827339,3.559,107017.996452134
1.0704231776419486,3.5592,107017.996638976
0.8444269881017762,3.5594,107017.996875823
1.1687021616051279,3.5596,107017.997046953
1.0140598840859993,3.5598,107017.99724418
0.9393684672299106,3.56,107017.997457089
1.0009759551420752,3.5602,107017.997656894
0.9862905960593635,3.5604,107017.997859674
1.0998317228004828,3.5606,107017.99804152
0.9900794171049254,3.5608,107017.998243524
0.9561645811651039,3.561,107017.998452693
0.9989610803571958,3.5612,107017.998652901
0.9899814288613972,3.5614,107017.998854925
1.0616556212288004,3.5616,107017.99904331
0.9840291896896444,3.5618,107017.999246556
0.90935549912372,3.5620000000000003,107017.999466492
1.0289071160329915,3.5622,107017.999660873
0.9815372850052758,3.5624000000000002,107017.999864635
1.1206490410295673,3.5625999999999998,107018.000043103
0.9225220152607275,3.5628,107018.0002599
1.0129762290145583,3.5629999999999997,107018.000457338
0.9541847817635601,3.5632,107018.000666941
0.8366275803588301,3.5634,107018.000905996
1.3049037988995853,3.5636,107018.001059264
0.8179056129020645,3.5638,107018.001303791
1.3155817164144081,3.564,107018.001455815
0.9199293493162783,3.5642,107018.001673223
1.0166166267050214,3.5644,107018.001869954
1.1595076127601887,3.5646,107018.002042441
0.923872895201907,3.5648,107018.002258921
0.9882106483095521,3.565,107018.002461307
0.8877525354944489,3.5652,107018.002686595
1.1286936870195368,3.5654,107018.002863791
1.113641511270884,3.5656,107018.003043382
0.916619738046337,3.5658,107018.003261575
0.8663296469414111,3.566,107018.003492434
1.0215182971812156,3.5662000000000003,107018.003688221
1.083177143146446,3.5664,107018.003872863
1.1502053168301662,3.5666,107018.004046745
1.0062792145286599,3.5667999999999997,107018.004245497
0.9860668459423839,3.567,107018.004448323
0.9829990329572165,3.5672,107018.004651782
0.9155455032843037,3.5674,107018.004870231
1.1585605877007275,3.5676,107018.005042859
0.9864754327561207,3.5678,107018.005245601
0.9823616949212276,3.568,107018.005449192
0.9849887931730301,3.5682,107018.00565224
0.9857995686662603,3.5684,107018.005855121
1.0613795712839105,3.5686,107018.006043555
0.9861203329385775,3.5688,107018.00624637
0.9817203442303516,3.569,107018.006450094
0.9892273407128512,3.5692,107018.006652272
0.9171408787695542,3.5694,107018.006870341
1.1637989507776771,3.5696,107018.007042192
0.8431631759665308,3.5698,107018.007279394
1.14062154448325,3.57,107018.007454737
0.9125502945393028,3.5702,107018.007673903
1.0288542782876635,3.5704000000000002,107018.007868294
1.1501126269728041,3.5705999999999998,107018.00804219
0.9198235769248482,3.5708,107018.008259623
1.0247214704841188,3.5709999999999997,107018.008454798
0.9734254629209477,3.5712,107018.008660258
0.9930782660015135,3.5714,107018.008861652
1.1053998718130527,3.5716,107018.009042582
0.9884841402034525,3.5718,107018.009244912
0.9876981877208926,3.572,107018.009447403
0.9160193873939394,3.5722,107018.009665739
1.0144199706446655,3.5724,107018.009862896
1.10424637119644,3.5726,107018.010044015
0.8808089499175477,3.5728,107018.010271079
1.130537464860531,3.573,107018.010447986
0.9828686314414437,3.5732,107018.010651472
0.9825788492428806,3.5734,107018.010855018
1.0608222521201351,3.5736,107018.011043551
0.9886796147370557,3.5738,107018.011245841
0.9842229060719143,3.574,107018.011449047
0.9149256671974486,3.5742000000000003,107018.011667644
1.0210801725038319,3.5744,107018.011863515
1.0312786825426319,3.5746,107018.012057449
1.031002269300081,3.5747999999999998,107018.012251435
0.9838451980543285,3.575,107018.012454719
0.9830812282914168,3.5752,107018.012658161
0.9116185788537162,3.5754,107018.012877551
1.2207254673923293,3.5756,107018.013041388
0.989584610862796,3.5758,107018.013243493
0.9812146612747867,3.576,107018.013447322
0.8739730847560349,3.5762,107018.013676162
1.1187058456975516,3.5764,107018.01385494
1.0708702185793726,3.5766,107018.014041704
0.9851876897336544,3.5768,107018.014244711
0.9165020740617527,3.577,107018.014462932
1.0241861758105628,3.5772,107018.014658209
0.9810172955007684,3.5774,107018.014862079
1.1227313283798879,3.5776,107018.015040216
0.9829314026230741,3.5778,107018.015243689
0.9847996441394292,3.578,107018.015446776
0.9759668011967676,3.5782,107018.015651701
0.9176458856901906,3.5784000000000002,107018.01586965
1.1609075713363428,3.5786,107018.016041929
0.9078117150366974,3.5788,107018.016262239
1.027501065125999,3.5789999999999997,107018.016456886
0.9066471148875245,3.5792,107018.016677479
1.0347092758130638,3.5794,107018.01687077
0.9409639454293229,3.5796,107018.017083318
1.182368513382957,3.5798,107018.01725247
0.9813831643663291,3.58,107018.017456264
0.975229198856913,3.5802,107018.017661344
0.6315563284479319,3.5804,107018.017978022
2.9922207648723336,3.5806,107018.018044862
0.9343436622375298,3.5808,107018.018258916
1.0233895395596968,3.581,107018.018454345
0.9145909272074497,3.5812,107018.018673022
1.024034089269457,3.5814,107018.018868328
0.9077581714344799,3.5816,107018.019088651
1.2034708056896026,3.5818,107018.019254837
0.9726065478770696,3.582,107018.01946047
0.9234462563979747,3.5822000000000003,107018.01967705
1.020158326687703,3.5824,107018.019873098
0.9761526414369585,3.5826000000000002,107018.020077984
1.0968940874746151,3.5827999999999998,107018.020260317
0.9445948267801686,3.583,107018.020472048
1.0226883430424099,3.5832,107018.020667611
0.9895650169973692,3.5834,107018.02086972
1.0761309187121508,3.5836,107018.021055571
1.0200489950242906,3.5838,107018.02125164
0.9842471524145596,3.584,107018.021454841
0.9137259885620158,3.5842,107018.021673725
1.0194615495398358,3.5844,107018.021869907
1.1659903334388269,3.5846,107018.022041435
0.921565572880238,3.5848,107018.022258457
1.0211062688332715,3.585,107018.022454323
0.981503569167962,3.5852,107018.022658092
0.9829796990115619,3.5854,107018.022861555
1.1179742116589628,3.5856,107018.02304045
0.8321509732921634,3.5858,107018.023280791
1.1573940134887017,3.586,107018.023453593
0.9793744303083981,3.5862,107018.023657805
0.9796573673039576,3.5864000000000003,107018.023861958
1.0165597804178628,3.5866,107018.0240587
1.0205123010187458,3.5868,107018.02425468
0.9804498038313572,3.5869999999999997,107018.024458668
0.9204035305906924,3.5872,107018.024675964
1.0193575837954794,3.5874,107018.024872166
1.184300943225546,3.5876,107018.025041042
0.9802960244926434,3.5878,107018.025245062
0.9824292468782213,3.588,107018.025448639
0.9823665398147017,3.5882,107018.025652229
0.9137426941878226,3.5884,107018.025871109
1.1690847000147402,3.5886,107018.026042183
0.9598679631779502,3.5888,107018.026250545
0.9288543981393633,3.589,107018.026465864
1.0367421177277378,3.5892,107018.026658776
0.9134547139745404,3.5894,107018.026877725
1.2160272754586845,3.5896,107018.027042195
0.9890316495559065,3.5898,107018.027244413
0.986382970352915,3.59,107018.027447174
0.9749819422093559,3.5902,107018.027652306
0.9781673120953606,3.5904,107018.02785677
1.088690134932304,3.5906000000000002,107018.028040477
0.9830618207945601,3.5907999999999998,107018.028243923
0.9840050245372374,3.591,107018.028447174
0.9788710908810789,3.5911999999999997,107018.028651491
0.9811183497461561,3.5914,107018.02885534
0.9858238927542888,3.5916,107018.029058216
1.0155840840563677,3.5918,107018.029255147
0.9844312239263939,3.592,107018.02945831
0.981864960906095,3.5922,107018.029662004
0.9793456082526804,3.5924,107018.029866222
1.0533689282769774,3.5926,107018.030056089
1.0227720583748388,3.5928,107018.030251636
0.981113517154447,3.593,107018.030455486
0.9828493026249575,3.5932,107018.030658976
0.977096867493344,3.5934,107018.030863664
1.0410430678947558,3.5936,107018.031055779
1.0198306290028776,3.5938,107018.03125189
0.983903374798415,3.594,107018.031455162
0.9792688507624294,3.5942,107018.031659396
0.9839130246355975,3.5944000000000003,107018.031862666
1.1273512512650783,3.5946,107018.032040073
0.984058217627378,3.5948,107018.032243313
0.9794559507759752,3.5949999999999998,107018.032447508
0.9134672205221308,3.5952,107018.032666454
1.0099275775007002,3.5954,107018.032864488
1.0249892512680263,3.5956,107018.033059612
1.0138954565200478,3.5958,107018.033256871
0.919586754691707,3.596,107018.03347436
1.0244169482665864,3.5962,107018.033669593
0.9760811667098453,3.5964,107018.033874494
1.1932604707752699,3.5966,107018.034042102
0.7802350684498266,3.5968,107018.034298435
1.2583918544508659,3.597,107018.034457368
0.8786689998625142,3.5972,107018.034684985
1.031597828944292,3.5974,107018.034878859
1.223585878835274,3.5976,107018.035042313
0.9830328516143731,3.5978,107018.035245765
0.9790771491596988,3.598,107018.035450039
0.9165356281396777,3.5982,107018.035668252
1.0183248256574826,3.5984,107018.035864653
0.915566422919832,3.5986000000000002,107018.036083097
1.1652702518473048,3.5987999999999998,107018.036254731
0.9821590947795034,3.599,107018.036458364
0.9840728026933304,3.5991999999999997,107018.036661601
0.940388748559044,3.5994,107018.036874279
1.1866618799666901,3.5996,107018.037042819
0.9163593286175641,3.5998,107018.037261074
1.024595423533243,3.6,107018.037456273
0.9832600101659504,3.6002,107018.037659678
0.9774024696666898,3.6004,107018.037864302
1.035132357501655,3.6006,107018.038057514
1.0045556438965277,3.6008,107018.038256607
0.9955449565201618,3.601,107018.038457502
0.9823037705484509,3.6012,107018.038661105
0.9151558897893611,3.6014,107018.038879647
1.23623918740747,3.6016,107018.039041428
0.920572942276977,3.6018,107018.039258684
1.0152026984032068,3.602,107018.039455689
0.9844699363483829,3.6022,107018.039658844
0.9166113019106799,3.6024000000000003,107018.039877039
1.2110423288394399,3.6026,107018.040042186
0.8736027729744376,3.6028000000000002,107018.040271123
1.1247329084483821,3.6029999999999998,107018.040448943
0.9136841968013234,3.6032,107018.040667837
1.0182625826991607,3.6034,107018.04086425
1.121761635198648,3.6036,107018.041042541
0.9794606972509461,3.6038,107018.041246735
0.9536524666056719,3.604,107018.041456455
1.007191341371468,3.6042,107018.041655027
0.9840776644816992,3.6044,107018.041858263
1.0913813605031832,3.6046,107018.042041517
0.9795853784364053,3.6048,107018.042245685
0.9859308198408959,3.605,107018.042448539
0.9106887637947628,3.6052,107018.042668153
1.0197213675617134,3.6054,107018.042864285
1.0353145863330417,3.6056,107018.043057463
1.01789456173236,3.6058,107018.043253947
0.8738241668008813,3.606,107018.043482826
1.118649574182967,3.6062,107018.043661613
0.9770729721528163,3.6064,107018.043866306
1.043514549996413,3.6066000000000003,107018.044057966
1.0178065928485633,3.6068,107018.044254467
0.9783921576565253,3.607,107018.044458884
0.8852456399624958,3.6071999999999997,107018.04468481
0.9907905909666088,3.6074,107018.044886669
1.1211453379077743,3.6076,107018.045065058
1.0150068657642082,3.6078,107018.045262101
0.8881704697483362,3.608,107018.045487283
1.1117719823722039,3.6082,107018.045667176
0.9877128808901101,3.6084,107018.045869664
1.0594286123752508,3.6086,107018.046058445
1.0108259628329235,3.6088,107018.046256303
0.9955647879148704,3.609,107018.046457194
0.9782342884119484,3.6092,107018.046661644
0.9789668919621951,3.6094,107018.046865941
1.1414156441571837,3.6096,107018.047041162
0.9155036059019049,3.6098,107018.047259621
0.9997351050736205,3.61,107018.047459674
0.9951536104278821,3.6102,107018.047660648
0.976987055834411,3.6104000000000003,107018.047865359
1.0998982640112027,3.6106,107018.048047194
0.8723377183211867,3.6108000000000002,107018.048276463
1.049968005462562,3.6109999999999998,107018.048466945
1.0082677519440704,3.6112,107018.048665305
0.99359625426386,3.6114,107018.048866594
1.0998741462944976,3.6116,107018.049048433
0.9542803833202466,3.6118,107018.049258015
0.9526168187636505,3.612,107018.049467963
0.9887823249495901,3.6122,107018.049670232
1.007571900904614,3.6124,107018.049868729
1.036221068651713,3.6126,107018.050061738
0.8600856066543051,3.6128,107018.050294273
1.2008765615663175,3.613,107018.050460818
0.9958076603724066,3.6132,107018.05066166
1.0077800971886421,3.6134,107018.050860116
1.066609787662674,3.6136,107018.051047626
0.7707158575545694,3.6138,107018.051307125
1.2950516895962936,3.614,107018.051461559
0.9995102295093742,3.6142,107018.051661657
0.9110745217567092,3.6144,107018.051881178
1.2298307956154018,3.6146000000000003,107018.052043802
0.9819951663783536,3.6148,107018.052247469
0.9579415132126402,3.615,107018.05245625
0.7809419255915304,3.6151999999999997,107018.052712351
1.0766986234799176,3.6154,107018.052898104
1.3417505142357051,3.6156,107018.053047163
0.8772160883063146,3.6158,107018.053275157
0.9349332995926565,3.616,107018.053489076
1.0984183061306887,3.6162,107018.053671156
0.9148754223075862,3.6164,107018.053889765
1.262203962950072,3.6166,107018.054048218
0.9872057581310586,3.6168,107018.05425081
0.9262990423406595,3.617,107018.054466723
1.0026570429532449,3.6172,107018.054666193
0.992526268472058,3.6174,107018.054867699
1.1334655401418827,3.6176,107018.055044149
0.8576660601594224,3.6178,107018.05527734
1.145068784815533,3.618,107018.055452002
0.9844554100189505,3.6182,107018.05565516
0.9819565781838142,3.6184,107018.055858835
1.0955302080724936,3.6186,107018.056041395
0.9793839915124873,3.6188000000000002,107018.056245605
0.9786938316445777,3.6189999999999998,107018.056449959
0.9780812032219001,3.6192,107018.056654441
0.8443877673408899,3.6193999999999997,107018.056891299
1.305559770825115,3.6196,107018.05704449
0.9880348916998317,3.6198,107018.057246912
0.9787704293140619,3.62,107018.05745125
0.9152731473967584,3.6202,107018.057669764
1.0004502458705626,3.6204,107018.057869674
1.1514634477275252,3.6206,107018.058043366
0.9865825012352823,3.6208,107018.058246086
0.9818216135128434,3.621,107018.058449789
0.9783634630285909,3.6212,107018.058654212
0.9768916418336053,3.6214,107018.058858943
1.0945229672149877,3.6216,107018.059041671
0.9817493062341475,3.6218,107018.059245389
0.9779138320147325,3.622,107018.059449906
0.9170525734682531,3.6222,107018.059667996
0.9997250696716707,3.6224,107018.059868051
1.1453375927618017,3.6226000000000003,107018.060042672
0.9787417821929715,3.6228,107018.060247016
0.9194303146075138,3.623,107018.060464542
0.9834824177685347,3.6231999999999998,107018.060667901
0.9306957109884081,3.6234,107018.060882794
1.2254976925620253,3.6236,107018.061045993
0.9842132501575968,3.6238,107018.061249201
0.9754479878498515,3.624,107018.061454235
0.9928613238125477,3.6242,107018.061655673
0.9799645734974383,3.6244,107018.061859762
0.9427158797184758,3.6246,107018.062071915
1.139627141342328,3.6248,107018.062247411
0.9780812032197282,3.625,107018.062451893
0.987142439849032,3.6252,107018.062654498
0.9826223337800224,3.6254,107018.062858035
1.0551528338177283,3.6256,107018.063047581
0.9384076108822305,3.6258,107018.063260708
0.9990010166132783,3.626,107018.063460908
0.9914782536228827,3.6262,107018.063662627
0.9850712510097692,3.6264,107018.063865658
1.0419705939162742,3.6266,107018.064057602
0.9979890010687948,3.6268000000000002,107018.064258005
0.9957283729662882,3.627,107018.064458863
0.9653021893105878,3.6272,107018.064666052
0.924210114903645,3.6273999999999997,107018.064882453
1.2110496919420881,3.6276,107018.065047599
0.9340338559403881,3.6278,107018.065261724
0.9991856362189584,3.628,107018.065461887
0.9965916904473368,3.6282,107018.065662571
0.9182694142532671,3.6284,107018.065880372
1.213474449714061,3.6286,107018.066045188
0.9861008760177126,3.6288,107018.066248007
0.9728714697888325,3.629,107018.066453584
0.8641362037912307,3.6292,107018.066685029
1.1318875040857452,3.6294,107018.066861725
1.005646733836523,3.6296,107018.067060602
0.9678012349839493,3.6298,107018.067267256
0.9740845294934252,3.63,107018.067472577
0.997361973978878,3.6302,107018.067673106
1.0235781005345812,3.6304,107018.067868499
1.034966325477776,3.6306000000000003,107018.068061742
1.0002550398433325,3.6308,107018.068261691
1.0490153039728174,3.6310000000000002,107018.068452346
0.90045065770402,3.6311999999999998,107018.068674457
1.036978662042052,3.6314,107018.068867325
1.1333178650317723,3.6316,107018.069043798
0.9750009628206747,3.6318,107018.069248926
0.9193077465777857,3.632,107018.069466481
0.9975211546423217,3.6322,107018.069666978
0.9634700430808764,3.6324,107018.069874561
1.1821169177235102,3.6326,107018.070043749
0.8939186950039546,3.6328,107018.070267483
1.004696931579171,3.633,107018.070466548
1.0041723699545955,3.6332,107018.070665717
0.9726774457849559,3.6334,107018.070871335
1.0236881900682933,3.6336,107018.071066707
0.9890315783836872,3.6338,107018.071268925
1.04303566878254,3.634,107018.071460673
0.9194092180305178,3.6342,107018.071678204
1.0189732837167131,3.6344,107018.07187448
1.1992348142331066,3.6346,107018.072041253
0.9106763332163177,3.6348000000000003,107018.07226087
1.0179567597034163,3.635,107018.072457342
0.9644876065998153,3.6352,107018.072664706
0.9314325395946874,3.6353999999999997,107018.072879429
1.2232940082995758,3.6356,107018.073042922
0.8488675830725526,3.6358,107018.07327853
1.136873944022138,3.636,107018.073454451
0.9188136241629558,3.6362,107018.073672123
1.0084763099229268,3.6364,107018.073870442
1.105393737362632,3.6366,107018.074051373
0.9839275349605836,3.6368,107018.07425464
0.999310449250216,3.637,107018.074454778
0.9906728241467734,3.6372,107018.074656661
0.981272457270056,3.6374,107018.074860478
1.0938345390116453,3.6376,107018.075043321
0.9805508111471787,3.6378,107018.075247288
0.9822603844022443,3.638,107018.0754509
0.978593276206886,3.6382,107018.075655275
0.9785406026029411,3.6384,107018.075859661
1.0685986918895265,3.6386,107018.076046822
0.9273212099554794,3.6388,107018.076262497
1.0052524068188144,3.6390000000000002,107018.076461452
0.921463686697277,3.6391999999999998,107018.076678498
1.0115569902497796,3.6394,107018.076876213
1.1867745940199168,3.6395999999999997,107018.077044737
0.979671822211947,3.6398,107018.077248887
0.9648923889811375,3.64,107018.077456164
0.9945202088854578,3.6402,107018.077657266
0.9800606586293441,3.6404,107018.077861335
1.011521180556543,3.6406,107018.078059057
1.0171233356688336,3.6408,107018.07825569
0.9612657685924222,3.641,107018.078463749
0.9989311665625369,3.6412,107018.078663963
0.9134755988829569,3.6414,107018.078882907
1.2357807788048394,3.6416,107018.079044748
0.9865630260724441,3.6418,107018.079247472
0.9875079967775326,3.642,107018.079450002
0.9763289119162253,3.6422,107018.079654851
0.9763527015174918,3.6424,107018.079859695
1.0998619998145398,3.6426,107018.080041536
0.9654326502500425,3.6428000000000003,107018.080248697
0.9892615892847391,3.643,107018.080450868
0.9802912699225892,3.6432,107018.080654889
0.9065648849317379,3.6433999999999997,107018.080875502
1.1771907741277985,3.6436,107018.081045398
0.9889631154531474,3.6438,107018.08124763
0.9805075097572431,3.644,107018.081451606
0.9789238000736966,3.6442,107018.081655912
0.9790867045580157,3.6444,107018.081860184
1.1059010818664707,3.6446,107018.082041032
0.8550150740603029,3.6448,107018.082274946
1.1090347763159307,3.645,107018.082455283
0.9679745701339318,3.6452,107018.0826619
0.9968250869942845,3.6454,107018.082862537
0.9365181380017741,3.6456,107018.083076094
0.9135507074487444,3.6458,107018.08329502
1.2273778928481731,3.646,107018.083457969
0.9302974441059845,3.6462,107018.083672954
0.99278738139127,3.6464,107018.083874407
1.1662896404618766,3.6466,107018.084045891
0.9897168006641239,3.6468,107018.084247969
0.9409772166093469,3.6470000000000002,107018.084460514
0.9480740200885038,3.6471999999999998,107018.084671468
0.9905157500863756,3.6474,107018.084873383
1.1661400172146086,3.6475999999999997,107018.085044889
0.9644271012555123,3.6478,107018.085252266
0.9917240737078328,3.648,107018.085453935
0.9441577900822893,3.6482,107018.085665764
0.9700073440785298,3.6484,107018.085871948
1.0520723393423386,3.6486,107018.086062049
1.00479792815863,3.6488,107018.086261094
0.9872057581310586,3.649,107018.086463686
0.8493542965423766,3.6492,107018.086699159
1.0929678108984675,3.6494,107018.086882147
0.9344528641088558,3.6496,107018.087096176
1.115075766113226,3.6498,107018.087275536
1.1070151536094686,3.65,107018.087456202
0.9165062911059594,3.6502,107018.087674422
1.0330311945024107,3.6504,107018.087868027
1.1235765705358673,3.6506,107018.08804603
0.9975758915215786,3.6508000000000003,107018.088246516
0.9813590589197619,3.651,107018.088450315
0.9025066911838795,3.6512000000000002,107018.08867192
1.0287483880524733,3.6513999999999998,107018.088866331
1.0247476768701567,3.6516,107018.089061501
1.0222492143555175,3.6518,107018.089257148
0.9834099360362587,3.652,107018.089460522
0.9150260516903435,3.6522,107018.089679095
1.011475249591991,3.6524,107018.089876826
1.1091577509039403,3.6526,107018.090057143
1.0151923500713673,3.6528,107018.09025415
0.9801278944852971,3.653,107018.090458205
0.9126085862220477,3.6532,107018.090677357
1.0105654560596256,3.6534,107018.090875266
1.1928334799245035,3.6536,107018.091042934
0.9843100998045679,3.6538,107018.091246122
0.9744594078765824,3.654,107018.091451364
0.9120051856223044,3.6542,107018.091670661
1.0167302631355897,3.6544,107018.09186737
1.1489433049507582,3.6546,107018.092041443
0.8720714791367801,3.6548,107018.092270782
1.103095275461618,3.6550000000000002,107018.09245209
0.9172165913070222,3.6552,107018.092670141
1.0159091330386163,3.6554,107018.092867009
1.1247202987510279,3.6555999999999997,107018.093044831
0.9188220394641219,3.6558,107018.093262501
1.0150480953005137,3.656,107018.093459536
0.9159144511261212,3.6562,107018.093677897
1.014378866985273,3.6564,107018.093875062
1.194350718683987,3.6566,107018.094042517
0.9772352611691422,3.6568,107018.094247176
0.9810366223530216,3.657,107018.094451042
0.9033341821127747,3.6572,107018.094672444
1.022871392977655,3.6574,107018.094867972
1.0505691413907967,3.6576,107018.095058345
1.0219150053195518,3.6578,107018.095254056
0.9773355377024409,3.658,107018.095458694
0.9700873810319994,3.6582,107018.095664861
0.9813350247305226,3.6584,107018.095868665
0.9918962059896644,3.6586,107018.096070299
1.138452910501298,3.6588000000000003,107018.096245976
0.9133671777415807,3.659,107018.096464946
1.011782180368111,3.6592000000000002,107018.096662617
0.8361623595318652,3.6593999999999998,107018.096901805
1.3347125351893272,3.6596,107018.09705165
0.928156051557252,3.6598,107018.097267131
1.0437323974905948,3.66,107018.097458751
0.9782342884119484,3.6602,107018.097663201
0.9791010728802886,3.6604,107018.09786747
1.1471178442365433,3.6606,107018.09804182
0.9749629915019585,3.6608,107018.098246956
0.977932897609951,3.661,107018.098451469
0.9761002302346001,3.6612,107018.098656366
0.9736671711344652,3.6614,107018.098861775
1.1083648024721051,3.6616,107018.099042221
0.9148335862301111,3.6618,107018.09926084
1.0161310815526434,3.662,107018.099457665
0.8521226346239386,3.6622,107018.099692373
1.048399309778075,3.6624,107018.09988314
1.2570158092341872,3.6626,107018.100042247
0.9697487007497043,3.6628,107018.100248486
0.9733306743509907,3.6630000000000003,107018.100453966
0.9200055229647999,3.6632,107018.100671356
1.0063095700394673,3.6634,107018.100870102
1.1470455629569538,3.6635999999999997,107018.101044463
0.7917436903399682,3.6638,107018.10129707
1.1177805435573365,3.664,107018.101475996
0.9520499776843221,3.6642,107018.101686069
1.0135974085809143,3.6644,107018.101883386
1.2044999904209346,3.6646,107018.10204943
0.9985222098195996,3.6648,107018.102249726
0.8316112049570847,3.665,107018.102490223
1.1414677828728437,3.6652,107018.102665436
0.9564939044761588,3.6654,107018.102874533
1.0592827795716628,3.6656,107018.10306334
0.9385617310967719,3.6658,107018.103276432
1.0904947195182813,3.666,107018.103459835
0.9804402218104873,3.6662,107018.103663825
0.9954408366343042,3.6664,107018.103864741
1.0179774940526292,3.6666,107018.104061209
1.0104582450681694,3.6668,107018.104259139
0.8837201136781411,3.667,107018.104485455
1.0393605877596364,3.6672000000000002,107018.104677881
0.9964079558364017,3.6673999999999998,107018.104878602
1.0143531133865595,3.6676,107018.105075772
1.1647069865212756,3.6677999999999997,107018.105247489
0.9785645697853075,3.668,107018.10545187
0.9757096806555767,3.6682,107018.105656849
0.978172115704642,3.6684,107018.105861312
1.020481006850468,3.6686,107018.106057298
1.0154243383196304,3.6688,107018.10625426
0.9793264177520573,3.669,107018.106458482
0.9089339247620304,3.6692,107018.10667852
1.0109383083291525,3.6694,107018.106876356
1.2091240423617586,3.6696,107018.107041765
0.9786364086845305,3.6698,107018.107246131
0.9782438273653045,3.67,107018.107450579
0.9736197854873786,3.6702,107018.107655998
0.9766531189501699,3.6704,107018.107860779
1.1087150268652866,3.6706,107018.108041168
0.8705341853028519,3.6708,107018.108270912
1.1136539640134862,3.6710000000000003,107018.108450501
0.9086902395365095,3.6712,107018.108670598
1.0173664492603498,3.6714,107018.108867184
1.149075289766068,3.6715999999999998,107018.109041237
0.864315427426477,3.6718,107018.109272634
1.115498777779206,3.672,107018.109451926
0.9788422984450851,3.6722,107018.109656249
0.9734871026283421,3.6724,107018.109861696
1.1163392361139213,3.6726,107018.110040853
0.8690740116119698,3.6728,107018.110270983
1.0988588177294423,3.673,107018.11045299
0.9899667394284185,3.6732,107018.110655017
0.9061951840342863,3.6734,107018.11087572
1.206854902621811,3.6736,107018.11104144
0.9760049200565699,3.6738,107018.111246357
0.915088925042533,3.674,107018.111464915
1.0130942057409567,3.6742,107018.11166233
0.9768773382845569,3.6744,107018.111867064
1.1530301203894162,3.6746,107018.11204052
0.9114565568139049,3.6748,107018.112259949
1.008008635848129,3.675,107018.11245836
0.9832600101681337,3.6752000000000002,107018.112661765
0.9748631320587834,3.6754,107018.112866922
1.1402443485942841,3.6756,107018.113042323
0.9776461571980756,3.6757999999999997,107018.113246896
0.9781911913745572,3.676,107018.113451355
0.9720110007813832,3.6762,107018.113657114
0.9101955423521626,3.6764,107018.113876847
1.2149634842701065,3.6766,107018.114041461
0.9819179930196763,3.6768,107018.114245144
0.9754859969564439,3.677,107018.11445017
0.9753908759095559,3.6772,107018.114655216
0.9092025204629007,3.6774,107018.114875189
1.2004442085461453,3.6776,107018.115041794
0.8684249339181652,3.6778,107018.115272096
1.1183179786279935,3.678,107018.115450936
0.8678145226304051,3.6782,107018.1156814
1.1004550258604486,3.6784,107018.115863143
1.1158161113251397,3.6786,107018.116042384
0.9731649938046281,3.6788,107018.116247899
0.9803873491996703,3.6790000000000003,107018.1164519
0.9692270431049781,3.6792,107018.11665825
0.9736008187283719,3.6794000000000002,107018.116863673
1.0156718192722956,3.6795999999999998,107018.117060587
0.9052969063975551,3.6798,107018.117281509
1.0285049617060447,3.68,107018.117475966
0.8028678763596538,3.6802,107018.117725073
1.3066855813505422,3.6804,107018.117878132
0.859856325022065,3.6806,107018.118110729
1.4772031708517657,3.6808,107018.11824612
0.975752490033567,3.681,107018.11845109
0.9762336264186349,3.6812,107018.118655959
0.9019409562273437,3.6814,107018.118877703
1.0330151997497479,3.6816,107018.119071311
1.1413180153735716,3.6818,107018.119246547
0.9754622495717938,3.682,107018.119451578
0.9129376921390767,3.6822,107018.119670651
1.0082880934603382,3.6824,107018.119869007
1.1516757199702699,3.6826,107018.120042667
0.9723370236906715,3.6828,107018.120248357
0.8901746642468952,3.683,107018.120473032
0.9884011100344623,3.6832000000000003,107018.120675379
0.9013150451354762,3.6834,107018.120897277
1.3562539777827844,3.6836,107018.121044742
0.9829749183691882,3.6837999999999997,107018.121248206
0.910775787362784,3.684,107018.121467799
0.9958473448879135,3.6842,107018.121668633
0.9243767654408035,3.6844,107018.121884995
1.2510554811647072,3.6846,107018.12204486
0.869708925443058,3.6848,107018.122274822
1.1196578555014882,3.685,107018.122453448
0.9795182867991008,3.6852,107018.12265763
0.9780524572295191,3.6854,107018.122862118
0.8576623672060016,3.6856,107018.12309531
1.245554937030618,3.6858,107018.123255881
0.9832648639242701,3.686,107018.123459285
0.9747395808629367,3.6862,107018.123664468
0.9140391839556761,3.6864,107018.123883277
1.2590415607982266,3.6866,107018.124042128
0.973747744219975,3.6868,107018.12424752
0.9793216028011921,3.6870000000000003,107018.124451743
0.9752672601173373,3.6872,107018.124656815
0.9116933823404764,3.6874000000000002,107018.124876187
1.2050805392713317,3.6875999999999998,107018.125042151
0.9743644869251331,3.6878,107018.125247413
0.9789573389001724,3.6879999999999997,107018.125451712
0.9756620960005858,3.6882,107018.125656701
0.97428850822055,3.6884,107018.125861979
1.0276806167445536,3.6886,107018.126056592
1.0044395739341916,3.6888,107018.126255708
0.9705675375593562,3.689,107018.126461773
0.9863878549925956,3.6892,107018.126664533
0.9047071822342229,3.6894,107018.126885599
1.2380757816605104,3.6896,107018.12704714
1.004101794896655,3.6898,107018.127246323
0.9781720460867793,3.69,107018.127450786
0.9066512417270733,3.6902,107018.127671378
1.0095860237675054,3.6904,107018.127869479
1.1397115329666796,3.6906,107018.128044962
0.9871911509532987,3.6908,107018.128247557
0.9792353603554063,3.691,107018.128451798
0.9762002046192721,3.6912000000000003,107018.128656674
0.9099843768825905,3.6914,107018.128876458
1.1993427080018082,3.6916,107018.129043216
0.9150386622203311,3.6917999999999997,107018.129261786
1.0157904998348888,3.692,107018.129458677
0.9045926160879761,3.6922,107018.129679771
1.0038849963846634,3.6924,107018.129878997
1.2312087040236919,3.6926,107018.130041439
0.8627197073760074,3.6928,107018.130273264
1.120975711996969,3.693,107018.13045168
0.9754717345401022,3.6932,107018.130656709
0.9121258140073758,3.6934,107018.130875977
1.2086491666112775,3.6936,107018.131041451
0.9787417124961705,3.6938,107018.131245795
0.9760001377089931,3.694,107018.131450713
0.9062937812961727,3.6942,107018.131671392
1.0122379309886576,3.6944,107018.131868974
1.15959507239201,3.6946,107018.132041448
0.9797821684132111,3.6948,107018.132245575
0.9733638999497299,3.695,107018.132451048
0.9754765117107745,3.6952,107018.132656076
0.7389399221370002,3.6954000000000002,107018.132926734
1.6182407816934845,3.6955999999999998,107018.133050325
0.9915175938164299,3.6958,107018.133252036
0.9743122675573711,3.6959999999999997,107018.133457309
0.8207653388844305,3.6962,107018.133700984
1.1298159117006044,3.6964,107018.133878004
1.1023109685266717,3.6966,107018.134059441
0.722183321578769,3.6968,107018.134336379
1.5643942953807544,3.697,107018.134464224
0.6284960058005761,3.6972,107018.134782444
2.0474183171145732,3.6974,107018.134880128
1.1939300000389599,3.6976,107018.135047642
0.9933051379575388,3.6978,107018.13524899
0.9750105079889174,3.698,107018.135454116
0.9770156697757494,3.6982,107018.135658821
0.9518913962324155,3.6984,107018.135868929
1.0432043793056311,3.6986,107018.136060646
0.880277806313485,3.6988,107018.136287847
1.128451627383362,3.699,107018.136465081
0.9797246176738138,3.6992000000000003,107018.13666922
0.9808200091066213,3.6994,107018.136873131
1.0540129253482609,3.6996,107018.137062882
1.004086610082232,3.6997999999999998,107018.137262068
0.9065566926595066,3.7,107018.137482683
0.9818842510252558,3.7002,107018.137686373
1.015532530738195,3.7004,107018.137883314
1.2171521051603416,3.7006,107018.138047632
0.983825901232153,3.7008,107018.13825092
0.9787226153512135,3.701,107018.138455268
0.9875860513616551,3.7012,107018.138657782
0.977354650256585,3.7014,107018.138862416
1.1218937674423595,3.7016,107018.139040686
0.9751103284437312,3.7018,107018.139245791
0.9716945393870858,3.702,107018.139451617
0.9745306452796654,3.7022,107018.139656844
0.9736671711344652,3.7024,107018.139862253
1.1195826091262062,3.7026,107018.140040891
0.8478420052651542,3.7028,107018.140276784
1.0500727735005033,3.703,107018.140467247
0.8820908991323229,3.7032,107018.140693981
1.1067762414005757,3.7034000000000002,107018.140874686
1.0710651652080698,3.7036,107018.141061416
1.020257229950019,3.7038,107018.141257445
0.9785022854202667,3.7039999999999997,107018.141461839
0.9699038428165847,3.7042,107018.141668045
0.975405205186073,3.7044,107018.141873088
1.1900510959739259,3.7046,107018.142041148
0.9755526758234135,3.7048,107018.14224616
0.9737098704495852,3.705,107018.14245156
0.9753813232924371,3.7052,107018.142656608
0.9713405943102278,3.7054,107018.142862509
1.12243525773687,3.7056,107018.143040693
0.9743027360576129,3.7058,107018.143245968
0.9747111692083168,3.706,107018.143451157
0.9722519382014366,3.7062,107018.143656865
0.9735628874206972,3.7064,107018.143862296
1.0259093610835435,3.7066,107018.144057245
0.9879177080133564,3.7068,107018.144259691
0.992777556699666,3.707,107018.144461146
0.7917468374374792,3.7072000000000003,107018.144713752
1.201691977278193,3.7074,107018.144880184
1.2366901466726226,3.7076000000000002,107018.145041906
0.9150051567409623,3.7077999999999998,107018.145260484
0.9792113603082804,3.708,107018.14546473
0.9879226078651635,3.7082,107018.145667175
0.9102286965158577,3.7084,107018.1458869
1.260287167493888,3.7086,107018.146045594
0.9190078295595587,3.7088,107018.14626322
1.0037540532026188,3.709,107018.146462472
0.9197220139923069,3.7092,107018.146679929
1.0188123945578582,3.7094,107018.146876236
1.2034418266815599,3.7096,107018.147042426
0.9806613554620154,3.7098,107018.14724637
0.9756526073278207,3.71,107018.147451361
0.9740512546780355,3.7102,107018.147656689
0.8455408514077056,3.7104,107018.147893224
1.1811116049136547,3.7106,107018.148062556
0.960624062823397,3.7108,107018.148270754
1.0606253683701332,3.711,107018.148459322
0.9773451286361734,3.7112,107018.148663958
0.9751863661911583,3.7114000000000003,107018.148869047
1.0094942946808536,3.7116,107018.149067166
1.1946217748794443,3.7118,107018.149234583
1.029495090173488,3.7119999999999997,107018.149428853
0.9575654901491375,3.7122,107018.149637716
0.9802095404411537,3.7124,107018.149841754
0.9721527020766049,3.7126,107018.150047483
0.8683494907884051,3.7128,107018.150277805
1.14463630430222,3.713,107018.150452533
0.8341674877831822,3.7132,107018.150692293
1.110050357061795,3.7134,107018.150872465
0.8302337972363518,3.7136,107018.151113361
1.3358268842260121,3.7138,107018.151263081
0.8626788231323267,3.714,107018.151494917
1.1501192678074852,3.7142,107018.151668812
0.9899128343708137,3.7144,107018.15187085
1.1684835670713727,3.7146,107018.152042012
0.9708549407207089,3.7148,107018.152248016
0.893479419405481,3.715,107018.15247186
0.9841212113174004,3.7152,107018.152675087
0.8387819082200878,3.7154,107018.152913528
1.3051422127959234,3.7156000000000002,107018.153066768
0.8556955550478713,3.7157999999999998,107018.153300496
1.1976836485246658,3.716,107018.153467485
0.845984335085225,3.7161999999999997,107018.153703896
1.0673497332870432,3.7164,107018.153891276
1.3124478998619156,3.7166,107018.154043663
0.96623028592581,3.7168,107018.154250653
0.9234803829273414,3.717,107018.154467225
1.0129095619198,3.7172,107018.154664676
0.8683268878355275,3.7174,107018.154895004
1.3607015574031516,3.7176,107018.155041987
0.9794847095242348,3.7178,107018.155246176
0.9709067901331614,3.718,107018.155452169
0.8972834606365124,3.7182,107018.155675064
1.0262462649286022,3.7184,107018.155869949
1.1555884526035274,3.7186,107018.156043021
0.98314395630459,3.7188,107018.15624645
0.9097649987888785,3.719,107018.156466287
1.0126376839065778,3.7192,107018.156663791
0.9051739639340358,3.7194000000000003,107018.156884743
1.278241131568971,3.7196,107018.157041208
0.9725734427846979,3.7198,107018.157246848
0.9639622620466896,3.7199999999999998,107018.157454325
0.9810125339316292,3.7202,107018.157658196
0.9742315319693766,3.7204,107018.157863486
1.1285981296364198,3.7206,107018.158040697
0.9100754842112214,3.7208,107018.158260459
1.0130018380844925,3.721,107018.158457892
0.9104358743081828,3.7212,107018.158677567
0.9845523778617075,3.7214,107018.158880705
1.135963421699173,3.7216,107018.159056767
1.0209916521706999,3.7218,107018.159252655
0.968424522324595,3.722,107018.159459176
0.9737524355295727,3.7222,107018.159664567
0.9604948981495507,3.7224,107018.159872793
1.082379892025679,3.7226,107018.160057571
1.0166941614501381,3.7228,107018.160254287
0.9764766620157552,3.723,107018.160459105
0.971128378453991,3.7232,107018.160665051
0.8663859514800307,3.7234,107018.160895895
1.3622678033550861,3.7236000000000002,107018.161042709
0.9110994653990352,3.7237999999999998,107018.161262224
0.9848093821312346,3.724,107018.161465309
0.9973619739766635,3.7241999999999997,107018.161665838
0.9756430495856043,3.7244,107018.161870831
1.1740947273056659,3.7246,107018.162041175
0.9100961546157129,3.7248,107018.162260932
1.0118282881926297,3.725,107018.162458594
0.971600156288454,3.7252,107018.16266444
0.9719448051649873,3.7254,107018.162870213
1.0701711311351536,3.7256,107018.163057099
1.0109587577469046,3.7258,107018.163254931
0.9744499425846153,3.726,107018.163460175
0.9716473455457425,3.7262,107018.163666011
0.9749391312575346,3.7264,107018.163871152
1.176436051876439,3.7266,107018.164041157
0.9764527970000338,3.7268,107018.16424598
0.9706146951081033,3.727,107018.164452035
0.9087026159580532,3.7272,107018.164672129
1.0090868690784989,3.7274000000000003,107018.164870328
1.0571941747702018,3.7276,107018.165059508
1.0152747676391856,3.7278000000000002,107018.165256499
0.9087935268841983,3.7279999999999998,107018.165476571
1.0126428320402958,3.7282,107018.165674074
0.9710953739076674,3.7284,107018.165880027
1.2456790042031551,3.7286,107018.166040582
0.9092975620992632,3.7288,107018.166260532
0.967651397493753,3.729,107018.166467218
0.9112489142833711,3.7292,107018.166686697
0.9245519344767589,3.7294,107018.166903018
1.2774084311455893,3.7296,107018.167059585
1.0195914798179206,3.7298,107018.167255742
0.7732157981161434,3.73,107018.167514402
1.3058409795096642,3.7302,107018.16766756
0.8218953135881898,3.7304,107018.1679109
1.5285261073889505,3.7306,107018.168041745
0.8522896682778573,3.7308,107018.168276407
1.129318220468727,3.731,107018.168453505
0.9721385369641083,3.7312,107018.168659237
0.9750722794289034,3.7314,107018.16886435
1.1250872000160614,3.7316000000000003,107018.169042114
0.9043348888113609,3.7318,107018.169263271
0.9195402415811318,3.732,107018.169480771
0.9490187412029504,3.7321999999999997,107018.169691515
1.0556429088029418,3.7324,107018.169880973
1.1588022550273451,3.7326,107018.170053565
0.8716154312112038,3.7328,107018.170283024
1.01729400747525,3.733,107018.170479624
1.0144148044279488,3.7332,107018.170676782
0.9106223908404952,3.7334,107018.170896412
1.0064007212397046,3.7336,107018.17109514
0.9688889631821144,3.7338,107018.171301562
0.9839275349605836,3.734,107018.171504829
0.9753623570564843,3.7342,107018.171709881
0.9744167118842159,3.7344,107018.171915132
0.9694337788736374,3.7346,107018.172121438
0.9802527456021832,3.7348,107018.172325467
0.9131627895288243,3.735,107018.172544486
1.0137156048189095,3.7352,107018.17274178
0.9758525317707601,3.7354000000000003,107018.172946729
0.9130293918229284,3.7356,107018.17316578
0.9335542807619994,3.7358000000000002,107018.173380015
1.0404582159554672,3.7359999999999998,107018.173572238
0.9868210104027698,3.7362,107018.173774909
0.9109458994627596,3.7364,107018.173994461
0.9882985500648495,3.7366,107018.174196829
1.0123250889933253,3.7368,107018.174394394
0.9569927462682978,3.737,107018.174603382
1.1192129087663105,3.7372,107018.174782079
0.9779281659330242,3.7374,107018.174986593
0.9699979650777244,3.7376,107018.175192779
0.920729771471743,3.7378,107018.175409998
1.0178842338350944,3.738,107018.175606484
0.9021688350674912,3.7382,107018.175828172
0.9974763414865999,3.7384,107018.176028678
0.9829072913552407,3.7386,107018.176232156
0.998696637714985,3.7388,107018.176432417
0.975253004098626,3.739,107018.176637492
0.9078282050974497,3.7392,107018.176857798
1.069724673561697,3.7394,107018.177044762
0.9359877532880534,3.7396000000000003,107018.17725844
0.9518642349781721,3.7398,107018.177468554
1.0852578511611695,3.74,107018.177652842
0.9680167034278201,3.7401999999999997,107018.17785945
1.0213357311741997,3.7404,107018.178055272
0.9800703031230271,3.7406,107018.178259339
0.9717606322090963,3.7408,107018.178465151
0.9856974771574121,3.741,107018.178668053
1.0535798451338128,3.7412,107018.178857882
1.026804734544113,3.7414,107018.179052661
1.0456094565078224,3.7416,107018.179243937
0.9252320349489463,3.7418,107018.179460099
1.0375057991911625,3.742,107018.179652869
0.9744119450881286,3.7422,107018.179858121
1.0195862607923654,3.7424,107018.180054279
1.0537796157108885,3.7426,107018.180244072
0.9730987098200586,3.7428,107018.180449601
0.9772496446883003,3.743,107018.180654257
0.9158683087559574,3.7432,107018.180872629
1.1043927788039254,3.7434,107018.181053724
0.9722755295329516,3.7436,107018.181259427
0.9838501280202495,3.7438000000000002,107018.18146271
0.9768629657205463,3.7439999999999998,107018.181667447
1.0580499513026187,3.7442,107018.181856474
0.9996250902548154,3.7443999999999997,107018.182056549
0.9873374549738655,3.7446,107018.182259114
0.9795374150077683,3.7448,107018.182463292
0.8844235663865834,3.745,107018.182689428
1.1354732463809396,3.7452,107018.182865566
1.0552085693660183,3.7454,107018.183055102
0.9663796156473187,3.7456,107018.18326206
0.8818342334838477,3.7458,107018.18348886
1.0832240969384568,3.746,107018.183673494
0.9788183873686518,3.7462,107018.183877822
1.2015909089651995,3.7464,107018.184044268
0.9377168390977467,3.7466,107018.184257552
0.8113590271078559,3.7468,107018.184504052
1.2190067650954557,3.747,107018.18466812
0.9727342403997135,3.7472,107018.184873726
0.9547541685332114,3.7474,107018.185083204
1.09079807099567,3.7476000000000003,107018.185266556
0.9615661885432664,3.7478,107018.18547455
0.9095332668579942,3.748,107018.185694443
1.0243068546182676,3.7481999999999998,107018.185889697
1.19506438712564,3.7484,107018.186057052
0.9588140966557048,3.7486,107018.186265643
0.9671834457241205,3.7488,107018.186472429
0.9845717737225999,3.749,107018.186675563
0.9471132292133791,3.7492,107018.186886731
1.1755854554404888,3.7494,107018.187056859
0.9769870558322418,3.7496,107018.18726157
0.9733781007947275,3.7498,107018.18746704
0.9198785533674168,3.75,107018.18768446
1.0151511837967584,3.7502,107018.187881475
1.0502601405970424,3.7504,107018.188071904
1.0277281081514464,3.7506,107018.188266508
0.9605179223636808,3.7508,107018.188474729
1.0558993522348097,3.751,107018.188664141
0.9345925323147816,3.7512,107018.188878138
1.1364992222643155,3.7514,107018.189054117
0.9720345804216916,3.7516,107018.189259871
0.9809451066410506,3.7518000000000002,107018.189463756
1.0731859472139016,3.752,107018.189650117
1.061847309090391,3.7522,107018.189838468
0.9231777375960124,3.7523999999999997,107018.190055111
1.039209383323814,3.7526,107018.190247565
0.980512336378682,3.7528,107018.19045154
0.9831584439566796,3.753,107018.190654966
0.982714092458948,3.7532,107018.190858484
1.0136693248300566,3.7534,107018.191055787
0.9172250385921827,3.7536,107018.191273836
1.0200438470194577,3.7538,107018.191469906
1.0006453823947312,3.754,107018.191669777
1.018516657268572,3.7542,107018.191866141
1.0492629297178953,3.7544,107018.192056751
0.9187165215351216,3.7546,107018.192274446
1.012704389838637,3.7548,107018.192471937
0.9151809964787162,3.755,107018.192690473
1.0309172786245795,3.7552,107018.192884475
1.0785624081253853,3.7554,107018.193069907
1.0071102309174647,3.7556000000000003,107018.193268495
0.97635748731862,3.7558,107018.193473338
0.9200478334281016,3.7560000000000002,107018.193690718
1.0211479953813185,3.7561999999999998,107018.193886576
1.2779715642865788,3.7564,107018.194043074
0.9300595412626714,3.7566,107018.194258114
0.9628485280192867,3.7568,107018.194465831
0.9720675800898113,3.757,107018.194671578
0.9188600637937688,3.7572,107018.194889239
1.204173684031013,3.7574,107018.195055328
0.9825692255601549,3.7576,107018.195258876
0.9714255203568691,3.7578,107018.195464759
0.9878299449874641,3.758,107018.195667223
0.9699791391636707,3.7582,107018.195873413
1.1893506054015903,3.7584,107018.196041572
0.9285826627079867,3.7586,107018.196256954
0.9631174062791813,3.7588,107018.196464613
0.9802624637925267,3.759,107018.19666864
0.9645200958210352,3.7592,107018.196875997
1.1043866555261688,3.7594,107018.197057093
0.9612242209085825,3.7596,107018.197265161
1.0019186587505697,3.7598000000000003,107018.197464778
0.9786124379830953,3.76,107018.197669149
1.0562617645645769,3.7602,107018.197858496
1.0818998560526925,3.7603999999999997,107018.198043356
0.9231862330301948,3.7606,107018.198259997
1.012637758516805,3.7608,107018.198457501
0.9075274605874599,3.761,107018.19867788
0.9791490633430691,3.7612,107018.198882139
1.0467039083461858,3.7614,107018.199073215
1.1027121394895334,3.7616,107018.199254586
0.9066593759016023,3.7618,107018.199475176
0.902193234221196,3.762,107018.199696858
0.9747111692083168,3.7622,107018.199902047
1.4275313892277983,3.7624,107018.200042149
0.8507741829914118,3.7626,107018.200277229
1.074841184999414,3.7628,107018.200463303
0.9629922259505319,3.763,107018.200670989
0.9452063832450773,3.7632,107018.200882583
0.8026036316221281,3.7634,107018.201131772
1.5681354981616125,3.7636,107018.201259312
0.7280669921661475,3.7638,107018.201534012
1.4839878230042758,3.7640000000000002,107018.201668784
0.9581205515821531,3.7641999999999998,107018.201877526
0.9670384943375331,3.7644,107018.202084343
1.1328042928176305,3.7645999999999997,107018.202260896
0.9823568500777231,3.7648,107018.202464488
0.8948065244287483,3.765,107018.202688
1.0190252625284184,3.7652,107018.202884266
1.1442497803062395,3.7654,107018.203059053
0.9795087229749131,3.7656,107018.203263237
0.9796573673017822,3.7658,107018.20346739
0.9610764128835348,3.766,107018.20367549
0.9706193562774661,3.7662,107018.203881544
1.159783341235893,3.7664,107018.20405399
0.8988683255263927,3.7666,107018.204276492
1.0226256416253536,3.7668,107018.204472067
0.9798445459656737,3.767,107018.204676181
1.0183559122626418,3.7672,107018.204872576
1.1018918905621957,3.7674,107018.205054082
0.9706193562774661,3.7676,107018.205260136
0.9587911540538119,3.7678000000000003,107018.205468732
0.9652090438730999,3.768,107018.205675941
0.8941304965050645,3.7682,107018.205899622
1.2947246114824378,3.7683999999999997,107018.206054095
0.9655632142925944,3.7686,107018.206261228
0.9850033352477274,3.7688,107018.206464273
0.9156377276261136,3.769,107018.2066827
1.0072014534178961,3.7692,107018.20688127
1.2369348969133709,3.7694,107018.20704296
0.9362112248111001,3.7696,107018.207256587
0.9656471330445143,3.7698,107018.207463702
0.9739943061717783,3.77,107018.207669042
0.9555388335356142,3.7702,107018.207878348
1.2204126353804337,3.7704,107018.208042227
0.9288155421541444,3.7706,107018.208257555
0.9617558046189463,3.7708,107018.208465508
1.0485862400998855,3.771,107018.208656241
0.9251635252578826,3.7712,107018.208872419
1.1819772337960417,3.7714,107018.209041627
0.9287249745060544,3.7716,107018.209256976
0.9622555028494354,3.7718,107018.209464821
0.9753053243552855,3.7720000000000002,107018.209669885
0.9604901994638272,3.7721999999999998,107018.209878112
1.0375381462537563,3.7724,107018.210070876
1.0096064185106082,3.7725999999999997,107018.210268973
0.987142439851224,3.7728,107018.210471578
0.9775027805200425,3.773,107018.210676181
0.9759858602544689,3.7732,107018.210881102
1.1378829525802452,3.7734,107018.211056867
0.9888556008151852,3.7736,107018.211259121
0.971175521894118,3.7738,107018.211465057
1.0508230450060971,3.774,107018.211655384
0.9291090197945863,3.7742,107018.211870644
1.059518450994315,3.7744,107018.212059409
0.9625982047938012,3.7746,107018.21226718
0.9670197831209778,3.7748,107018.212474001
0.9166449251204297,3.775,107018.212692188
1.01829879585832,3.7752,107018.212888594
1.0986053223291703,3.7754,107018.213070643
1.0135306596980362,3.7756,107018.213267973
0.9799070013283462,3.7758000000000003,107018.213472074
0.9221264426647194,3.776,107018.213688964
1.0644129101032795,3.7762000000000002,107018.213876861
1.104935801822014,3.7763999999999998,107018.214057867
0.9317927368582091,3.7766,107018.214272507
1.0900311472743294,3.7768,107018.214455988
0.9471939061555865,3.777,107018.214667138
1.0419705939162742,3.7772,107018.214859082
1.028938929134622,3.7774,107018.215053457
0.9129376921390767,3.7776,107018.21527253
1.0547132317098822,3.7778,107018.215462155
0.9558310307648276,3.778,107018.215671397
0.9814265431342168,3.7782,107018.215875182
0.9998650017156928,3.7784,107018.216075209
1.0139520052077933,3.7786,107018.216272457
0.9194387412048222,3.7788,107018.216489981
1.0117054674468542,3.779,107018.216687667
0.918029160418968,3.7792,107018.216905525
1.4495484783684025,3.7794,107018.217043499
0.9124795304464675,3.7796,107018.217262682
0.9210689592772024,3.7798,107018.217479821
1.0999708876233207,3.7800000000000002,107018.217661644
0.9183453132405882,3.7802,107018.217879427
1.2209639387570523,3.7804,107018.218043232
0.8615713344789675,3.7805999999999997,107018.218275366
1.0643903234557668,3.7808,107018.218463267
1.038583343638023,3.781,107018.218655837
0.9201155875353975,3.7812,107018.218873201
1.0725010743195282,3.7814,107018.219059681
0.944380702879001,3.7816,107018.21927146
0.999830015032373,3.7818,107018.219471494
0.9686496211883349,3.782,107018.219677967
0.9891539385560075,3.7822,107018.21988016
1.0257146583381809,3.7824,107018.220075146
1.0133200808773666,3.7826,107018.220272517
0.9551554670660656,3.7828,107018.220481907
0.9664450553588982,3.783,107018.220688851
1.0474110556662737,3.7832,107018.220879798
1.1400298386832626,3.7834,107018.221055232
0.9765243955470096,3.7836,107018.22126004
0.972195199893174,3.7838000000000003,107018.22146576
0.977063456017767,3.784,107018.221670455
0.9546493211844996,3.7842000000000002,107018.221879956
0.9862468570259084,3.7843999999999998,107018.222082745
1.1196201854481997,3.7846,107018.222261377
0.9704827614567468,3.7848,107018.22246746
0.9954161077571119,3.785,107018.222668381
0.9114025824108762,3.7852,107018.222887823
1.1840344478077953,3.7854,107018.223056737
0.9160571190489734,3.7856,107018.223275064
1.0210749382289896,3.7858,107018.223470936
0.9176922073489041,3.786,107018.223688874
1.0583578485138705,3.7862,107018.223877846
1.1230528826127462,3.7864,107018.224055932
0.9246374599831558,3.7866,107018.224272233
1.0435689835328728,3.7868,107018.224463883
0.9577947796998426,3.787,107018.224672696
0.9914929879470706,3.7872,107018.224874412
1.1083833050911573,3.7874,107018.225054855
0.9750104388203593,3.7876,107018.225259981
0.9754527647879372,3.7878,107018.225465014
0.9132962262204268,3.7880000000000003,107018.225684001
1.0088119297299571,3.7882,107018.225882254
1.1379800887761227,3.7884,107018.226058004
0.9518778154104796,3.7885999999999997,107018.226268115
1.0477786867223842,3.7888,107018.226458995
0.8591360757884863,3.789,107018.226691787
1.010101039330042,3.7892,107018.226889787
1.2927245079255683,3.7894,107018.227044499
0.942018753005414,3.7896,107018.227256809
0.9609655362998676,3.7898,107018.227464933
0.9791058856650431,3.79,107018.227669201
0.9093678936697407,3.7902,107018.227889134
1.1885376626964692,3.7904,107018.228057408
0.9775506144268541,3.7906,107018.228262001
0.9722424469682759,3.7908,107018.228467711
0.9873227729698855,3.791,107018.228670279
0.9568325140623556,3.7912,107018.228879302
1.2320277433531925,3.7914,107018.229041636
0.8685003901582237,3.7916,107018.229271918
1.0075515882729373,3.7918,107018.229470419
0.9704450727153369,3.792,107018.22967651
1.0536630400134348,3.7922000000000002,107018.229866324
0.9837436517429315,3.7923999999999998,107018.230069629
1.0078156424847247,3.7926,107018.230268078
0.9812772213627312,3.7927999999999997,107018.230471894
1.0452815830256816,3.793,107018.23066323
0.9271062769902522,3.7932,107018.230878955
1.1277262560859433,3.7934,107018.231056303
0.9835307683240345,3.7936,107018.231259652
0.9117848322136941,3.7938,107018.231479002
1.016280829517333,3.794,107018.231675798
0.9096946057822233,3.7942,107018.231895652
1.249398803807758,3.7944,107018.232055729
0.9230967598142567,3.7946,107018.232272391
1.0464684843914798,3.7948,107018.23246351
0.9686543317727303,3.795,107018.232669982
0.9788950045347233,3.7952,107018.232874294
1.094768652067661,3.7954,107018.233056981
0.9574783675537263,3.7956,107018.233265863
1.0043790901646457,3.7958,107018.233464991
0.9119760773814013,3.7960000000000003,107018.233684295
0.7827696946427691,3.7962,107018.233939798
0.8598858594953703,3.7964,107018.234172387
1.070669587802934,3.7965999999999998,107018.234359186
0.9346842480246113,3.7968,107018.234573162
1.0440811110127457,3.797,107018.234764718
0.9227858776159665,3.7972,107018.234981453
1.0515744698665832,3.7974,107018.235171644
0.9253818573949364,3.7976,107018.235387771
0.9140934711054068,3.7978,107018.235606567
1.0081559991862574,3.798,107018.235804949
0.9542440087439582,3.7982,107018.236014539
1.1952571781156769,3.7984,107018.236181867
0.976109727613916,3.7986,107018.236386762
1.0190511783646377,3.7988,107018.236583023
0.9666739261916953,3.799,107018.236789918
0.8122981929654634,3.7992,107018.237036133
0.8980529827327016,3.7994,107018.237258837
1.3072750780336628,3.7996,107018.237411827
0.9787225456549691,3.7998,107018.237616175
0.9879909978266395,3.8,107018.237818606
0.4917786868575011,3.8002000000000002,107018.238225293
2.8468531608239798,3.8004,107018.238295546
0.986582501237473,3.8006,107018.238498266
1.6705507933436077,3.8007999999999997,107018.238617987
0.9898049705835417,3.801,107018.238820047
0.9712509471923141,3.8012,107018.239025967
1.002918537584081,3.8014,107018.239225385
0.9838500575896325,3.8016,107018.239428668
0.9864219072307405,3.8018,107018.239631421
0.983816253106016,3.802,107018.239834711
1.0374950694980156,3.8022,107018.240027483
0.9816962923396169,3.8024,107018.240231212
0.9824726479432494,3.8026,107018.24043478
0.9905648660744147,3.8028,107018.240636685
0.9802768666448475,3.803,107018.240840709
1.081554619687394,3.8032,107018.241025628
0.9451572423946196,3.8034,107018.241237233
1.0273110561605336,3.8036,107018.241431916
0.9773308118043237,3.8038,107018.241636555
0.991842090610993,3.8040000000000003,107018.2418382
0.884885314099205,3.8042,107018.242064218
1.165555449596594,3.8044000000000002,107018.24223581
0.9789046260980332,3.8045999999999998,107018.24244012
0.9243339937396478,3.8048,107018.242656492
1.0248684116207187,3.805,107018.242851639
1.1519145232684052,3.8052,107018.243025263
0.8571110291022396,3.8054,107018.243258605
1.1554348598628168,3.8056,107018.2434317
0.9798733973966914,3.8058,107018.243635808
0.9893251797267477,3.806,107018.243837966
1.0488776867735004,3.8062,107018.244028646
0.9986618053128345,3.8064,107018.244228914
0.9764147125162476,3.8066,107018.244433745
0.9919208318744528,3.8068,107018.244635374
0.9730229283865166,3.807,107018.244840919
1.0714553550137722,3.8072,107018.245027581
0.8686965279494356,3.8074,107018.245257811
1.3579760851712097,3.8076,107018.245405089
0.9877957244735072,3.8078,107018.24560756
0.9777656467134855,3.808,107018.245812108
0.8140604272244044,3.8082000000000003,107018.24605779
1.2465953146713857,3.8084,107018.246218227
0.777961874213464,3.8086,107018.246475309
1.197009903901248,3.8087999999999997,107018.246642392
0.9818794108899431,3.809,107018.246846083
1.0924007108923677,3.8092,107018.247029166
1.0446973601958676,3.8094,107018.247220609
0.9962689896881668,3.8096,107018.247421358
0.8519701896930341,3.8098,107018.247656108
1.0807656184322965,3.81,107018.247841162
1.0662060793447132,3.8102,107018.248028743
1.1908660078554507,3.8104,107018.248196688
0.9985720505080838,3.8106,107018.248396974
0.977273479181121,3.8108,107018.248601625
0.9732739479120612,3.811,107018.248807117
0.9803681178492545,3.8112,107018.249011122
0.7347160548440249,3.8114,107018.249283336
1.4461630402567007,3.8116,107018.249421633
0.8589367693731268,3.8118,107018.249654479
1.167276610757083,3.8120000000000003,107018.249825818
0.9757906614310742,3.8122,107018.25003078
0.9929056515161435,3.8124000000000002,107018.250232209
0.9912620098515323,3.8125999999999998,107018.250433972
0.9755336336824151,3.8128,107018.250638988
0.9881667388169985,3.8129999999999997,107018.250841383
1.0646678594613008,3.8132,107018.251029235
0.9882888140155209,3.8134,107018.251231605
0.9777990366641494,3.8136,107018.251436146
0.7601094859774928,3.8138,107018.251699266
1.3004662228859847,3.814,107018.251853057
1.1297583312459951,3.8142,107018.252030086
0.9848820703088533,3.8144,107018.252233156
0.9730324348643126,3.8146,107018.252438699
0.9914536497082235,3.8148,107018.252640423
0.9784831279574697,3.815,107018.252844821
0.7815400554667071,3.8152,107018.253100726
1.4109048817843326,3.8154,107018.253242479
0.993813517774385,3.8156,107018.253443724
0.9856537907152546,3.8158,107018.253646635
0.9834824177707185,3.816,107018.253849994
1.1210762011532232,3.8162000000000003,107018.254028394
0.981917993017496,3.8164,107018.254232077
0.9864510765080317,3.8166,107018.254434824
0.9806132866098155,3.8167999999999997,107018.254638778
0.9782773892513803,3.817,107018.254843219
1.039166167685564,3.8172,107018.255035681
0.9819661898691874,3.8174,107018.255239354
0.987473869513681,3.8176,107018.255441891
0.9644038892492206,3.8178,107018.255649273
1.00029005628119,3.818,107018.255849215
1.1149825910171898,3.8182,107018.25602859
0.9874446397203124,3.8184,107018.256231133
0.9810750682470171,3.8186,107018.256434991
0.9861787083083381,3.8188,107018.256637794
0.9789189890788509,3.819,107018.256842101
1.0702512163803326,3.8192,107018.257028973
0.9822170020884052,3.8194,107018.257232594
0.9834002257028379,3.8196,107018.25743597
0.9754812196928677,3.8198,107018.257640997
0.9877762723752352,3.82,107018.257843472
1.0836349881467442,3.8202,107018.258028036
0.9840243283846072,3.8204000000000002,107018.258231283
0.9822989964784462,3.8205999999999998,107018.258434887
0.9761764224487487,3.8208,107018.258639768
0.9880641564465975,3.8209999999999997,107018.258842184
1.0726046117221346,3.8212,107018.259028646
0.9897413184499287,3.8214,107018.259230719
0.9814554177193247,3.8216,107018.259434498
0.9850518354648802,3.8218,107018.259637533
0.9805748069406223,3.822,107018.259841495
1.0708874070815373,3.8222,107018.260028256
0.9762860519454684,3.8224,107018.260233114
0.9874299545306372,3.8226,107018.26043566
0.9824003149650918,3.8228,107018.260639243
0.9864851331092876,3.823,107018.260841983
1.0667349587555621,3.8232,107018.261029471
0.9932853964830669,3.8234,107018.261230823
0.9808056602850171,3.8236,107018.261434737
0.9860814198646328,3.8238,107018.26163756
0.9637904283464316,3.824,107018.261845074
0.939990952055104,3.8242000000000003,107018.262057842
1.1500069614414197,3.8244,107018.262231754
0.9825740022572067,3.8246,107018.262435301
0.9759334669595982,3.8247999999999998,107018.262640233
0.9881179313948036,3.825,107018.262842638
1.076130834452366,3.8252,107018.263028489
0.9888849853535756,3.8254,107018.263230737
0.9819709607026066,3.8256,107018.263434409
0.9845281870043644,3.8258,107018.263637552
0.8157771061546047,3.826,107018.263882717
1.2212845415779274,3.8262,107018.264046479
1.005131177213895,3.8264,107018.264245458
0.9667440297930556,3.8266,107018.264452338
0.9945597908512891,3.8268,107018.264653432
0.9852556309213542,3.827,107018.264856425
1.0580778901223078,3.8272,107018.265045447
0.9914339817593576,3.8274,107018.265247175
0.9822266188726939,3.8276,107018.265450794
0.9925312141454747,3.8278,107018.265652299
0.9773260164544219,3.828,107018.265856939
1.0443864067027326,3.8282,107018.266048439
1.0026370011492043,3.8284000000000002,107018.266247913
0.9546356615512954,3.8286,107018.266457417
1.032471207343117,3.8288,107018.266651127
0.978392227301378,3.8289999999999997,107018.266855544
1.0481466558710961,3.8292,107018.267046357
0.9831777849344088,3.8294,107018.267249779
0.9158893041786226,3.8296,107018.267468146
1.044370058387485,3.8298,107018.267659649
0.850828536327819,3.83,107018.267894714
1.3437247943064201,3.8302,107018.268043554
0.6957586518782988,3.8304,107018.26833101
1.6062966920833521,3.8306,107018.26845552
0.9259773280161874,3.8308,107018.268671508
1.0149142239715414,3.831,107018.268868569
0.9960159311003405,3.8312,107018.269069369
1.0701138037944549,3.8314,107018.269256265
0.9200859592835088,3.8316,107018.269473636
1.0462166008525,3.8318,107018.269664801
0.9861738257398414,3.832,107018.269867605
1.0631851430835004,3.8322000000000003,107018.270055719
0.9453806274301807,3.8324,107018.270267274
1.0448446851506403,3.8326000000000002,107018.27045869
0.9310987344892511,3.8327999999999998,107018.27067349
0.8332256942248789,3.833,107018.270913521
1.4707613170988847,3.8332,107018.271049505
1.0153263697941124,3.8334,107018.271246486
0.983937185269501,3.8336,107018.271449751
0.9126169488413671,3.8338,107018.271668901
1.0210124344867766,3.834,107018.271864785
1.1260690197077086,3.8342,107018.272042394
0.9861155217012348,3.8344,107018.27224521
0.9811568720873727,3.8346,107018.272449051
0.8776856960344184,3.8348,107018.272676923
1.0382815091789337,3.835,107018.272869549
1.1627973872053823,3.8352,107018.273041548
0.9290874139197395,3.8354,107018.273256813
1.0128838828708848,3.8356,107018.273454269
1.0025716148396382,3.8358,107018.273653756
0.9719353886603247,3.836,107018.273859531
1.0784519629480573,3.8362,107018.274044982
0.8394754965063838,3.8364000000000003,107018.274283226
1.070033655801868,3.8366,107018.274470136
0.9638461898492003,3.8368,107018.274677638
1.0483993097757471,3.8369999999999997,107018.274868405
0.9813061572310194,3.8372,107018.275072215
1.146913948270356,3.8374,107018.275246596
0.9751340586964,3.8376,107018.275451696
0.9257930748613867,3.8378,107018.275667727
1.0199138014295293,3.838,107018.275863822
1.0075617075543428,3.8382,107018.276062321
1.0288648299970944,3.8384,107018.27625671
0.9788327478167131,3.8386,107018.276461035
0.9868696897869904,3.8388,107018.276663696
0.9089752229746617,3.839,107018.276883724
1.2267455548609971,3.8392,107018.277046757
0.9933988309259385,3.8394,107018.277248086
0.9880251608445527,3.8396,107018.27745051
0.9807046004628331,3.8398,107018.277654445
0.9158431643420897,3.84,107018.277872823
1.1456197048088375,3.8402,107018.278047401
1.0105604033330282,3.8404,107018.278245311
0.9801759157610694,3.8406000000000002,107018.278449356
0.921056305434888,3.8407999999999998,107018.278666498
1.0252834823162993,3.841,107018.278861566
1.0950024078578788,3.8411999999999997,107018.279044214
0.8778436706682184,3.8414,107018.279272045
1.1268875117790311,3.8416,107018.279449525
0.9794847095242348,3.8418,107018.279653714
0.9201155259362207,3.842,107018.279871078
1.1429747514255055,3.8422,107018.28004606
0.9912866042577242,3.8424,107018.280247818
0.9867187072277255,3.8426,107018.28045051
0.9736577212267562,3.8428,107018.280655921
0.9245733299194239,3.843,107018.280872237
1.1205297174341113,3.8432,107018.281050724
0.9911981701925954,3.8434,107018.2812525
0.9835888374983852,3.8436,107018.281455837
0.8305785870688545,3.8438,107018.281696633
1.158339131579401,3.844,107018.281869294
1.1561429307048787,3.8442,107018.282042283
0.9892958402347756,3.8444000000000003,107018.282244447
0.9133003531203272,3.8446,107018.282463433
1.0041017948988846,3.8448,107018.282662616
0.9804017557177438,3.8449999999999998,107018.282866614
1.0186774530311928,3.8452,107018.283062947
1.0304444790726475,3.8454,107018.283257038
1.000915814881489,3.8456,107018.283456855
0.85547222857307,3.8458,107018.283690644
1.0437759937590534,3.846,107018.283882256
1.230398243052278,3.8462,107018.284044805
0.9878299449874641,3.8464,107018.284247269
0.9764051398345488,3.8466,107018.284452102
0.973198139183298,3.8468,107018.28465761
0.9751150328918289,3.847,107018.284862714
1.018153732398099,3.8472,107018.285059148
0.9481593741657914,3.8474,107018.285270083
1.0638467196982881,3.8476,107018.28545808
0.9882985500648495,3.8478,107018.285660448
0.9022217213107842,3.848,107018.285882123
1.2493206673697923,3.8482,107018.28604221
0.9167037411054239,3.8484,107018.286260383
1.0210385273538485,3.8486000000000002,107018.286456262
1.0018333564040534,3.8487999999999998,107018.286655896
0.9528573526343652,3.849,107018.286865791
0.8892762040950994,3.8491999999999997,107018.287090693
1.237011380359955,3.8494,107018.287252373
1.0042681243278269,3.8496,107018.287451523
0.9877909678677637,3.8498,107018.287653995
0.9013677722102531,3.85,107018.28787588
1.1724429239876437,3.8502,107018.288046464
0.8819392021494279,3.8504,107018.288273237
1.123917542160598,3.8506,107018.288451186
0.9844602755864017,3.8508,107018.288654343
0.9832793551400051,3.851,107018.288857744
0.9950694560871931,3.8512,107018.289058735
1.031337186959765,3.8514,107018.289252658
0.9740560179457926,3.8516,107018.289457985
0.9774167885980509,3.8518,107018.289662606
0.9965072204689308,3.852,107018.289863307
1.1061640986652517,3.8522,107018.290044112
0.9279105971335827,3.8524000000000003,107018.29025965
1.0191757892271445,3.8526,107018.290455887
0.9786890926056716,3.8528000000000002,107018.290660242
0.8721969400128387,3.8529999999999998,107018.290889548
1.3098435864092595,3.8532,107018.291042238
0.9871375477330309,3.8534,107018.291244844
0.9771445922091951,3.8536,107018.291449522
0.9203865805220827,3.8538,107018.291666822
1.011971629176908,3.854,107018.291864456
1.1256126951470102,3.8542,107018.292042137
0.9773595153897241,3.8544,107018.29224677
0.9891490264824276,3.8546,107018.292448964
0.9752148747511644,3.8548,107018.292654047
0.9818842510252558,3.855,107018.292857737
1.0877487131914267,3.8552,107018.293041603
0.9849596397243673,3.8554,107018.293244657
0.9616957088199508,3.8556,107018.293452623
0.9905353816180117,3.8558,107018.293654534
0.9892713445122292,3.856,107018.293856703
1.0752746784575236,3.8562,107018.294042702
0.981701060550823,3.8564,107018.29424643
0.979868577065782,3.8566000000000003,107018.294450539
0.9782965386565652,3.8568,107018.294654976
0.8621544406892949,3.857,107018.294886953
1.280540871186984,3.8571999999999997,107018.295043137
0.9761716384203317,3.8574,107018.295248019
0.9819806428305784,3.8576,107018.295451689
0.8432236486277042,3.8578,107018.295688874
1.135176887675315,3.858,107018.295865058
1.1139889389067965,3.8582,107018.296044593
0.984426358646106,3.8584,107018.296247757
0.889940990272703,3.8586,107018.296472491
1.0358239507321543,3.8588,107018.296665574
0.8831620724752635,3.859,107018.296892033
1.3284623334659633,3.8592,107018.297042583
0.9756049589842789,3.8594,107018.297247584
0.9891441856460502,3.8596,107018.297449779
0.9786698581344068,3.8598,107018.297654138
0.9164517169963338,3.86,107018.297872371
1.1590036563368178,3.8602,107018.298044933
0.990211810486037,3.8604000000000003,107018.29824691
0.9203653784065777,3.8606,107018.298464215
1.0255463532519973,3.8608000000000002,107018.298659233
0.9724457236626961,3.8609999999999998,107018.2988649
0.9654979617700221,3.8612,107018.299072047
1.007815568581146,3.8614,107018.299270496
0.9889387785245594,3.8616,107018.299472733
0.9805266766212442,3.8618,107018.299676705
0.9195191399592841,3.862,107018.29989421
1.3411026952718537,3.8622,107018.300043341
0.927261023685242,3.8624,107018.30025903
1.0159556177767926,3.8626,107018.300455889
0.9208187864005397,3.8628,107018.300673087
1.024007843077537,3.863,107018.300868398
1.1369320640030858,3.8632,107018.30104431
0.8862852279747181,3.8634,107018.301269971
0.9950891964954469,3.8636,107018.301470958
0.9016929602658654,3.8638,107018.301692763
1.1269065455942273,3.864,107018.30187024
1.035121676843494,3.8642,107018.302063454
1.06886138620949,3.8644,107018.302250569
1.0599002716962909,3.8646000000000003,107018.302439266
0.9909771897700416,3.8648,107018.302641087
0.9751388325624071,3.865,107018.302846186
1.0927886173533012,3.8651999999999997,107018.303029204
0.9807575772897662,3.8654,107018.303233128
0.9832406659530644,3.8656,107018.303436537
0.9626677184740372,3.8658,107018.303644293
0.990834805384871,3.866,107018.303846143
1.0878551295204517,3.8662,107018.304029991
0.9787944774603855,3.8664,107018.304234324
0.9728241615573181,3.8666,107018.304439911
1.067429479700161,3.8668,107018.304627277
0.9124379131992004,3.867,107018.30484647
1.095590203671681,3.8672,107018.30502902
0.9833567426488077,3.8674,107018.305232405
0.9106596791820702,3.8676,107018.305452026
1.0328604799725436,3.8678,107018.305645663
0.9671413849310067,3.868,107018.305852458
1.130333005613094,3.8682,107018.306029397
0.9759811474000163,3.8684,107018.306234319
0.9896580769537371,3.8686,107018.306436409
0.8653775113614093,3.8688000000000002,107018.306667522
1.1271860286235562,3.8689999999999998,107018.306844955
1.080935024349065,3.8692,107018.30702998
0.9948021731474161,3.8693999999999997,107018.307231025
0.9141227146744154,3.8696,107018.307449814
1.0112399281530402,3.8698,107018.307647591
0.9842422889535426,3.87,107018.307850793
1.1367834842892899,3.8702,107018.308026728
0.864868619843077,3.8704,107018.308257977
1.1324643471404139,3.8706,107018.308434583
0.8666975882302836,3.8708,107018.308665344
1.1262149039254907,3.871,107018.30884293
1.0876007464491264,3.8712,107018.309026821
0.9857169888582784,3.8714,107018.309229719
0.9131544775737602,3.8716,107018.30944874
1.0187241159494236,3.8718,107018.309645064
0.9788087674983509,3.872,107018.309849394
1.1247329084508795,3.8722,107018.310027214
0.8140869476357262,3.8724,107018.310272888
1.1560493786926638,3.8726000000000003,107018.310445891
1.0038951154745992,3.8728,107018.310645115
0.8197863568968634,3.873,107018.310889081
1.4511680806443354,3.8731999999999998,107018.311026901
0.9153108785585531,3.8734,107018.311245406
1.0159968493211742,3.8736,107018.311442257
0.9734776562155957,3.8738,107018.311647706
0.9903539445014571,3.874,107018.311849654
1.1218937674423595,3.8742,107018.312027924
0.9795950135781204,3.8744,107018.31223209
0.8695009433498162,3.8746,107018.312462107
1.1266843704798648,3.8748,107018.312639619
0.7845445010454482,3.875,107018.312894544
1.3927576403075161,3.8752,107018.313038144
1.0253045162082368,3.8754,107018.313233208
0.9907955193554421,3.8756,107018.313435066
0.8487415104946406,3.8758,107018.313670709
1.1325092321710621,3.876,107018.313847308
0.8570081997052881,3.8762,107018.314080678
1.081940822266997,3.8764,107018.314265531
1.0317255273313248,3.8766,107018.314459381
1.2203455588929546,3.8768000000000002,107018.314623269
0.9839372557082232,3.877,107018.314826534
0.9764575837868302,3.8772,107018.315031356
0.9833905859216497,3.8773999999999997,107018.315234734
0.9796670038618879,3.8776,107018.315438885
0.9782773196163597,3.8778,107018.315643326
0.9800606586293441,3.878,107018.315847395
1.0893187415925485,3.8782,107018.316030996
0.9941543328719724,3.8784,107018.316232172
0.9817733607227008,3.8786,107018.316435885
0.9800751254410505,3.8788,107018.316639951
0.9775648681677508,3.879,107018.316844541
1.0935295835420704,3.8792,107018.317027435
0.9764575837846621,3.8794,107018.317232257
0.9797486428872755,3.8796,107018.317436391
0.9797533921972916,3.8798,107018.317640524
0.9766864329588193,3.88,107018.317845298
1.0976105662750903,3.8802,107018.318027512
0.9808344983471119,3.8804,107018.31823142
0.9764861667239915,3.8806000000000003,107018.318436236
0.9784209236144563,3.8808,107018.318640647
0.9802384133731245,3.8810000000000002,107018.318844679
1.0813265695753242,3.8811999999999998,107018.319029637
0.9849645102794989,3.8814,107018.31923269
0.9741509478515878,3.8816,107018.319437997
0.9775123052125108,3.8818,107018.319642598
0.9751293540647209,3.882,107018.319847699
1.1084323802466947,3.8822,107018.320028134
0.9775983139429304,3.8824,107018.320232717
0.9781098812907225,3.8826,107018.320437193
0.9838936547180248,3.8828,107018.320640467
0.9712934348430206,3.883,107018.320846378
0.9309730359325873,3.8832,107018.321061207
1.1770451955909187,3.8834,107018.321231124
0.9763051234742354,3.8836,107018.321435978
0.9799837890165602,3.8838,107018.321640063
0.9741651716712316,3.884,107018.321845367
1.0979238542148675,3.8842,107018.322027529
0.8761362141587015,3.8844,107018.322255804
1.1058338123813205,3.8846,107018.322436663
0.9818553512044896,3.8848000000000003,107018.322640359
0.9764957409902035,3.885,107018.322845173
1.1025661771154007,3.8852,107018.323026568
0.9752719660798033,3.8853999999999997,107018.323231639
0.9788231973768852,3.8856,107018.323435966
0.9732738789896715,3.8858,107018.323641458
0.979681389219209,3.886,107018.323845606
1.0938645737909745,3.8862,107018.324028444
0.9780333869722375,3.8864,107018.324232936
0.9604302617219286,3.8866,107018.324441176
0.9898784693958552,3.8868,107018.324643221
0.9858384594979335,3.887,107018.324846094
1.1013640339718969,3.8872,107018.325027687
0.9820192329187076,3.8874,107018.325231349
0.9788998152938225,3.8876,107018.32543566
0.9701202486190988,3.8878,107018.32564182
0.8697316004042971,3.888,107018.325871776
1.2572607357792553,3.8882,107018.326030852
0.8772852962697784,3.8884,107018.326258828
1.1302755583449566,3.8886,107018.326435776
0.9749297258009474,3.8888,107018.326640919
0.9604671765829976,3.8890000000000002,107018.326849151
1.1156605011425353,3.8891999999999998,107018.327028417
0.9662862621808963,3.8894,107018.327235395
1.0525207848146048,3.8895999999999997,107018.327425415
0.8053669907435418,3.8898,107018.327673749
1.2036300570711427,3.89,107018.327839913
0.9970288652499487,3.8902,107018.328040509
0.9808825888873439,3.8904,107018.328244407
0.9824389380456512,3.8906,107018.328447982
0.9812820555672678,3.8908,107018.328651797
0.8641287060597981,3.891,107018.328883244
1.3740226706667806,3.8912,107018.329028802
0.9756764332449855,3.8914,107018.329233788
0.9792065464843792,3.8916,107018.329438035
0.9809691917512087,3.8918,107018.329641915
0.9802479914497594,3.892,107018.329845945
1.096112626366023,3.8922,107018.330028408
0.9753195819036594,3.8924,107018.330233469
0.9750960078296667,3.8926,107018.330438577
0.9769298329752156,3.8928000000000003,107018.3306433
1.0840225926389675,3.893,107018.330827798
0.9811087546512007,3.8932,107018.331031649
0.8819547656669265,3.8933999999999997,107018.331258418
1.1401078587434266,3.8936,107018.33143384
0.971109440020039,3.8938,107018.33163979
0.9837775216576209,3.894,107018.331843088
0.9528256443493305,3.8942,107018.33205299
0.7245693973274597,3.8944,107018.332329016
1.5251342627947617,3.8946,107018.332460152
1.001346797450749,3.8948,107018.332659883
0.9858724738133511,3.895,107018.332862749
1.2006459764948423,3.8952,107018.333029326
0.9780381196674394,3.8954,107018.333233817
0.9841696247021644,3.8956,107018.333437034
0.9781051479009925,3.8958,107018.333641511
0.9815131719869613,3.896,107018.333845278
1.0885597586710605,3.8962,107018.334029007
0.9190458692705129,3.8964,107018.334246624
1.0226883430424099,3.8966,107018.334442187
0.9723086143491098,3.8968,107018.334647883
0.9861349792022523,3.8970000000000002,107018.334850695
1.121874902581513,3.8971999999999998,107018.335028968
0.9818263829437088,3.8974,107018.33523267
0.8944864000239483,3.8975999999999997,107018.335456262
1.0314700847553808,3.8978,107018.33565016
0.916619738046337,3.898,107018.335868353
1.260581004154197,3.8982,107018.33602701
0.8903054460949753,3.8984,107018.336251652
1.0421551595526741,3.8986,107018.336443562
0.9184381025340295,3.8988,107018.336661323
1.0137464106434806,3.899,107018.336858611
1.1795443741036618,3.8992,107018.337028168
0.9790196114706076,3.8994,107018.337232454
0.9768104782199232,3.8996,107018.337437202
0.9841115573983632,3.8998,107018.337640431
0.9781768497425566,3.9,107018.337844893
1.090887247737228,3.9002,107018.33802823
0.8746190199647749,3.9004,107018.338256901
1.041335858844462,3.9006,107018.338448962
1.010483726980349,3.9008000000000003,107018.338646887
0.8677053291659907,3.901,107018.33887738
1.3379000501257847,3.9012000000000002,107018.339026868
0.8682703307461684,3.9013999999999998,107018.339257211
1.1225234482697255,3.9016,107018.339435381
0.9779521031216852,3.9018,107018.33963989
0.9137385025370323,3.902,107018.339858771
1.0184699378789732,3.9022,107018.340055144
1.135931218378033,3.9024,107018.340231211
0.9753956522882823,3.9026,107018.340436256
0.9828830406901577,3.9028,107018.340639739
0.9131086128641458,3.903,107018.340858771
1.1832568693559178,3.9032,107018.341027796
0.868870123106791,3.9034,107018.34125798
1.120592573865052,3.9036,107018.341436457
0.9789765149409013,3.9038,107018.341640752
0.9785836607608593,3.904,107018.341845129
0.9919503272759826,3.9042,107018.342046752
1.0173147148320556,3.9044,107018.342243348
0.97529577341164,3.9046,107018.342448414
0.8704924467990086,3.9048,107018.342678169
0.787963115158212,3.9050000000000002,107018.342931988
2.1062385604840905,3.9052,107018.343026944
0.9770681793349647,3.9054,107018.343231638
0.9539663547420012,3.9055999999999997,107018.343441289
0.9999749965952283,3.9058,107018.343641294
0.9785215133051878,3.906,107018.343845684
1.0829249429122667,3.9062,107018.344030369
0.9934580712323309,3.9064,107018.344231686
0.9752909980110473,3.9066,107018.344436753
0.9725119875326245,3.9068,107018.344642406
0.9824002447440748,3.907,107018.344845989
1.1020923754496217,3.9072,107018.345027462
0.9735770940725667,3.9074,107018.34523289
0.9804353958989958,3.9076,107018.345436881
0.9720062574934117,3.9078,107018.345642641
0.9839856509971977,3.908,107018.345845896
1.0936312164701674,3.9082,107018.346028773
0.9820192329187076,3.9084,107018.346232435
0.8643490197480782,3.9086,107018.346463823
1.1226179797026286,3.9088000000000003,107018.346641978
0.7709713688967884,3.909,107018.346901391
1.5476284302350842,3.9092000000000002,107018.347030621
0.998676753918911,3.9093999999999998,107018.347230886
1.0423289606776436,3.9096,107018.347422764
0.9979591454603686,3.9098,107018.347623173
0.9780620622392431,3.91,107018.347827659
1.0020341467898235,3.9102,107018.348027253
0.9776365603574949,3.9104,107018.348231828
0.9276136812720017,3.9106,107018.348447435
1.005025116108084,3.9108,107018.348646435
0.971855046489694,3.911,107018.348852227
1.1363636274880455,3.9112,107018.349028227
0.9699462811372654,3.9114,107018.349234424
0.9776221654466322,3.9116,107018.349439002
0.9778277677594758,3.9118,107018.349643537
1.160779619040992,3.912,107018.349815835
0.9636325062417476,3.9122,107018.350023383
0.9863148736036539,3.9124,107018.350226158
0.9786651193233207,3.9126,107018.350430518
0.9717747863106891,3.9128,107018.350636327
0.9769584435668924,3.9130000000000003,107018.350841044
1.0572780227864202,3.9132,107018.351030209
0.984242288955728,3.9134,107018.351233411
0.9728477806647557,3.9135999999999997,107018.351438993
0.9773499241757995,3.9138,107018.351643628
0.7403404389210709,3.914,107018.351913774
1.7270708794580403,3.9142,107018.352029577
0.9819999374955201,3.9144,107018.352233243
0.9572812995163678,3.9146,107018.352442168
0.9948615809529525,3.9148,107018.352643201
0.9712462113193506,3.915,107018.352849122
1.1103955472669016,3.9152,107018.353029238
0.9837581570770025,3.9154,107018.35323254
0.9687294342333493,3.9156,107018.353438996
0.9807382614282842,3.9158,107018.353642924
0.9778182369184323,3.916,107018.353847461
1.1038928460145692,3.9162,107018.354028638
0.9790196114706076,3.9164,107018.354232924
0.9733544559278606,3.9166,107018.354438399
0.9745781196326787,3.9168,107018.354643616
0.985828701146342,3.917,107018.354846491
1.0932665394596341,3.9172000000000002,107018.355029429
0.978406575247504,3.9173999999999998,107018.355233843
0.9742980394462568,3.9176,107018.355439119
0.9697580749286324,3.9177999999999997,107018.355645356
0.9877859983307988,3.918,107018.355847829
1.103886816941618,3.9182,107018.356029007
0.9859550796764147,3.9184,107018.356231856
0.9759430303970853,3.9186,107018.356436786
0.979067524202506,3.9188,107018.356641062
0.9680026585904189,3.919,107018.356847673
1.1054304561759911,3.9192,107018.357028598
0.9777942367183944,3.9194,107018.35723314
0.9760335458124608,3.9196,107018.357438051
0.977708263063466,3.9198,107018.357642611
0.9801374704044215,3.92,107018.357846664
1.094163705714731,3.9202,107018.358029452
0.9849306291678195,3.9204,107018.358232512
0.980055836453683,3.9206,107018.358436582
0.9683588825091795,3.9208,107018.358643117
0.980219187867456,3.9210000000000003,107018.358847153
1.1092254254068443,3.9212,107018.359027459
0.9737429839688975,3.9214,107018.359232852
0.9725686940015441,3.9215999999999998,107018.359438493
0.9812435233956684,3.9218,107018.359642316
0.9759002042986009,3.922,107018.359847255
1.0972611889677537,3.9222,107018.360029527
0.9691189931351306,3.9224,107018.3602359
0.9883620878271456,3.9226,107018.360438255
0.9727389907953226,3.9228,107018.36064386
0.9766531189501699,3.923,107018.360848641
1.1137903307123853,3.9232,107018.361028208
0.9714302579786482,3.9234,107018.36123409
0.9740939876878293,3.9236,107018.361439409
0.982738194249042,3.9238,107018.361642922
0.9702003042063124,3.924,107018.361849065
1.1071928891637413,3.9242,107018.362029702
0.9777034640088699,3.9244,107018.362234263
0.9752577099235133,3.9246,107018.362439337
0.9753718400822604,3.9248,107018.362644387
0.9808922495646463,3.925,107018.362848283
1.1075729870069517,3.9252000000000002,107018.363028858
0.8125259146642635,3.9254,107018.363275004
1.138893753780549,3.9256,107018.363450613
1.0129660006817502,3.9257999999999997,107018.363648053
0.9865776146698119,3.926,107018.363850774
1.023007447988487,3.9262,107018.364046276
1.0156099002027457,3.9264,107018.364243202
1.2548468048273336,3.9266,107018.364402584
0.9800126486482786,3.9268,107018.364606663
0.9759144099502621,3.927,107018.364811599
0.9627002200693484,3.9272,107018.365019348
0.8674681896789741,3.9274,107018.365249904
1.1296754999841352,3.9276,107018.365426946
0.7453647465170303,3.9278,107018.365695271
1.334641249040912,3.928,107018.365845124
1.0908991967970059,3.9282,107018.366028459
0.8646741522113962,3.9284,107018.36625976
1.124967021550067,3.9286,107018.366437543
0.9696310941272803,3.9288,107018.366643807
0.9685558969131981,3.9290000000000003,107018.3668503
1.121554022460626,3.9292,107018.367028624
0.8648535990824958,3.9294000000000002,107018.367259877
1.1243598914251418,3.9295999999999998,107018.367437756
0.8569898170096442,3.9298,107018.367671131
1.134764587578253,3.93,107018.367847379
0.9588785157250218,3.9302,107018.368055956
1.1210951306055172,3.9304,107018.368234353
0.9731933843021159,3.9306,107018.368439862
0.9698098072480207,3.9308,107018.368646088
0.9889582764362697,3.931,107018.368848321
0.9558812878204875,3.9312,107018.369057552
1.145501592262545,3.9314,107018.369232148
0.9718362171410393,3.9316,107018.369437944
0.9688467539226457,3.9318,107018.369644375
0.9726680150789097,3.932,107018.369849995
0.9548544615503488,3.9322,107018.370059451
1.1457050818291312,3.9324,107018.370234016
0.9717275846742521,3.9326,107018.370439835
0.971741737813152,3.9328,107018.370645651
0.9875226133334162,3.933,107018.370848178
1.111648427445421,3.9332000000000003,107018.371028091
0.974829873171708,3.9334,107018.371233255
0.9786124379874411,3.9336,107018.371437626
0.9674829453553087,3.9337999999999997,107018.371644348
0.9820529841932856,3.934,107018.371848003
1.1115618474517337,3.9342,107018.37202793
0.9706146265618291,3.9344,107018.372233985
0.9794031842674104,3.9346,107018.372438191
0.9659456139240101,3.9348,107018.372645242
1.013130126896435,3.935,107018.37284265
1.0803511252156837,3.9352,107018.373027775
0.9832455195204042,3.9354,107018.373231183
0.9146620191756044,3.9356,107018.373449843
1.0118794660968828,3.9358,107018.373647495
0.9718361484221251,3.936,107018.373853291
1.1225297743160951,3.9362,107018.37403146
0.9834050104808479,3.9364,107018.374234835
0.7167945099296659,3.9366,107018.374513855
1.3988851324979945,3.9368,107018.374656826
0.9968648526471812,3.9370000000000003,107018.374857455
0.9206534778457676,3.9372,107018.375074692
1.1800245113862846,3.9374000000000002,107018.37524418
0.869028676468098,3.9375999999999998,107018.375474322
1.1289994681265518,3.9378,107018.37565147
0.9785597623163883,3.9379999999999997,107018.375855852
1.1511454752936958,3.9382,107018.376029592
0.9884011100322676,3.9384,107018.376231939
0.9730750096305343,3.9386,107018.376437473
0.9769106675916365,3.9388,107018.3766422
0.9740892240487116,3.939,107018.37684752
1.094451148334257,3.9392,107018.37703026
0.9797485730448248,3.9394,107018.377234394
0.9793936226907567,3.9396,107018.377438602
0.7613217756302991,3.9398,107018.377701303
1.2815173328495737,3.94,107018.377857368
1.1606651231998732,3.9402,107018.378029683
0.9691002013238138,3.9404,107018.37823606
0.9894573714558443,3.9406,107018.378438191
0.9727531734118775,3.9408,107018.378643793
0.9751388325602418,3.941,107018.378848892
1.1070580439228466,3.9412000000000003,107018.379029551
0.9839033043601744,3.9414,107018.379232823
0.9596376800602685,3.9416,107018.379441235
0.991615886405435,3.9417999999999997,107018.379642926
0.9730892020493797,3.942,107018.379848457
1.1199838575065963,3.9422,107018.380027031
0.9695230224460317,3.9424,107018.380233318
0.9717984232053489,3.9426,107018.380439122
0.9843731257500037,3.9428,107018.380642297
0.9734017468103914,3.943,107018.380847762
1.0996563425505586,3.9432,107018.381029637
0.8702803976395166,3.9434,107018.381259448
1.1287063859693178,3.9436,107018.381436642
0.7892722105497558,3.9438,107018.38169004
1.183852194032172,3.944,107018.38185898
1.1768029133969968,3.9442,107018.382028932
0.9755240782667058,3.9444,107018.38223395
0.9756668750337898,3.9446,107018.382438938
0.9748726745306677,3.9448,107018.382644093
0.9722093666548526,3.945,107018.38284981
1.126367195321745,3.9452,107018.383027372
0.961358154471301,3.9454000000000002,107018.383235411
0.9829942521267833,3.9455999999999998,107018.383438871
0.9781385610456629,3.9458,107018.383643341
0.9760097024488463,3.9459999999999997,107018.383848257
1.1119265096437951,3.9462,107018.384028125
0.9751198065693867,3.9464,107018.384233228
0.9685417681672545,3.9466,107018.384439724
0.9871473320135227,3.9468,107018.384642328
0.9726396552253833,3.947,107018.384847954
0.6714158240782611,3.9472,107018.385145832
2.0357062012785003,3.9474,107018.385244078
0.9882155510676344,3.9476,107018.385446463
0.9785262507256582,3.9478,107018.385650852
0.9732217764561447,3.948,107018.385856355
1.153356006820032,3.9482,107018.386029762
0.8506548091018336,3.9484,107018.386264875
1.0863778411378857,3.9486,107018.386448973
0.9684385794086213,3.9488,107018.386655491
0.9103820207189322,3.949,107018.386875179
1.3068905957864252,3.9492000000000003,107018.387028214
0.7257789547514233,3.9494,107018.38730378
1.409254490825934,3.9496,107018.387445699
1.0034266981262974,3.9497999999999998,107018.387645016
0.9752482291190168,3.95,107018.387850092
1.1167319924537533,3.9502,107018.388029186
0.9780668648148502,3.9504,107018.388233671
0.9022054342929614,3.9506,107018.38845535
0.9899568991783083,3.9508,107018.388657379
1.0246583667413585,3.951,107018.388852566
1.0270314699065297,3.9512,107018.389047302
1.0241337454935602,3.9514,107018.389242589
0.9745495791832871,3.9516,107018.389447812
0.9751483804281523,3.9518,107018.389652909
0.9756668750337898,3.952,107018.389857897
1.0196538097015402,3.9522,107018.390054042
1.0263304871461647,3.9524,107018.390248911
0.9759096977858231,3.9526,107018.390453848
0.9771636972958215,3.9528,107018.390658522
0.9683917013045829,3.953,107018.39086505
1.2372485725665665,3.9532,107018.391026699
0.864360272131477,3.9534000000000002,107018.391258084
1.1204795652506159,3.9536,107018.391436579
0.9656424516649207,3.9538,107018.391643695
0.9813976001681163,3.9539999999999997,107018.391847486
1.0260040211264827,3.9542,107018.392042417
1.0161001306285982,3.9544,107018.392239248
0.966244279381037,3.9546,107018.392446235
0.9165944912277282,3.9548,107018.392664434
0.82248676717382,3.955,107018.392907599
1.702721804581512,3.9552,107018.393025058
0.9672349037084765,3.9554,107018.393231833
0.8977748644638672,3.9556,107018.393454606
1.014981155221775,3.9558,107018.393651654
0.987947036837068,3.956,107018.393854094
1.1314457331804821,3.9562,107018.394030859
0.9827478212419646,3.9564,107018.39423437
0.9711943942774341,3.9566,107018.394440302
0.8848343837515825,3.9568,107018.394666333
1.0315020565427506,3.957,107018.394860225
1.1939443130914336,3.9572000000000003,107018.395027737
0.8521988775473133,3.9574,107018.395262424
1.0337146173225387,3.9576000000000002,107018.395455901
0.8708411992867189,3.9577999999999998,107018.395685564
1.0297547246448318,3.958,107018.395879785
1.0365755689404543,3.9582,107018.396072728
1.0398091157392988,3.9584,107018.396265071
0.9795950135781204,3.9586,107018.396469237
0.9793647995054174,3.9588,107018.396673451
0.9346536741199123,3.959,107018.396887434
1.0851695923752112,3.9592,107018.397071737
1.0754884845167672,3.9594,107018.397257699
0.983187490875436,3.9596,107018.397461119
0.9758478202016867,3.9598,107018.397666069
0.9155916131328499,3.96,107018.397884507
1.2451361812113177,3.9602,107018.398045132
0.9815324482856858,3.9604,107018.398248895
0.9768248492373002,3.9606,107018.39845364
0.966346933087101,3.9608,107018.398660605
0.9869524628542479,3.961,107018.398863249
1.1168255509267866,3.9612,107018.399042328
0.9772496446904703,3.9614000000000003,107018.399246984
0.9778372987841448,3.9616,107018.399451517
0.980959599575652,3.9618,107018.399655399
0.9111700155934285,3.9619999999999997,107018.399874897
1.208393487992202,3.9622,107018.400040406
0.9769346244358974,3.9624,107018.400245128
0.9783778101310773,3.9626,107018.400449548
0.90333827885001,3.9628,107018.400670949
1.0229447074376317,3.963,107018.400866463
1.15211353729451,3.9632,107018.401040057
0.9625194662149164,3.9634,107018.401247845
0.9599002089529874,3.9636,107018.4014562
0.9749676945284974,3.9638,107018.401661335
0.9406983429167584,3.964,107018.401873943
1.024695189047673,3.9642,107018.402069123
1.0415201996665266,3.9644,107018.40226115
0.8993169776358296,3.9646,107018.402483541
1.0079222194931974,3.9648,107018.402681969
0.9842713999518521,3.965,107018.402885165
1.1644899824798578,3.9652,107018.403056914
0.9901774247481031,3.9654,107018.403258898
1.0074603023407434,3.9656000000000002,107018.403457417
0.9634235772074824,3.9657999999999998,107018.40366501
0.9960010620441501,3.966,107018.403865813
1.017796191364023,3.9661999999999997,107018.404062316
1.0356952358582519,3.9664,107018.404255423
0.8098641155751883,3.9666,107018.404502378
1.201374436245988,3.9668,107018.404668854
0.9885671843256305,3.967,107018.404871167
1.158775387268102,3.9672,107018.405043763
0.9814939665368629,3.9674,107018.405247534
0.978593276206886,3.9676,107018.405451909
0.9096077284947504,3.9678,107018.405671784
1.0039606012003854,3.968,107018.405870995
1.1659700553804775,3.9682,107018.406042526
0.9815420516697901,3.9684,107018.406246287
0.9751674075340689,3.9686,107018.40645138
0.9769440686162351,3.9688,107018.4066561
0.9749107079689262,3.969,107018.406861247
1.0969964343511984,3.9692,107018.407043563
0.8701137852883558,3.9694000000000003,107018.407273418
1.1166135015043175,3.9696,107018.407452531
0.9733733441570245,3.9698,107018.407658002
0.8566741744969553,3.9699999999999998,107018.407891463
1.1998607846409843,3.9702,107018.408058149
1.0240131074674688,3.9704,107018.408253459
0.9654606591945329,3.9706,107018.408460614
0.9855760412555696,3.9708,107018.408663541
0.9121507547134997,3.971,107018.408882803
1.2156208241747717,3.9712,107018.409047328
0.9546630475139838,3.9714,107018.409256826
0.9831681495158401,3.9716,107018.40946025
0.99120303115415,3.9718,107018.409662025
0.9740560179457926,3.972,107018.409867352
0.9452019629594431,3.9722,107018.410078947
1.1358731068009422,3.9724,107018.410255023
0.9797246176716383,3.9726,107018.410459162
0.9631498707508405,3.9728,107018.410666814
0.9869671338446121,3.973,107018.410869455
1.1673106158891589,3.9732,107018.411040789
0.9013678313247832,3.9734,107018.411262674
1.0199449851280888,3.9736000000000002,107018.411458763
0.814640750838947,3.9737999999999998,107018.41170427
1.1449769209440903,3.974,107018.411878946
1.0791794551663219,3.9741999999999997,107018.412064272
1.0212417787686203,3.9744,107018.412260112
0.990128418501198,3.9746,107018.412462106
0.9725119875326245,3.9748,107018.412667759
0.9653487687669708,3.975,107018.412874938
1.197604854588758,3.9752,107018.413041938
0.9735439228762667,3.9754,107018.413247373
0.9791298107900219,3.9756,107018.413451636
0.9003453062264152,3.9758,107018.413673773
1.0278496231387648,3.976,107018.413868354
1.1412983968470634,3.9762,107018.414043593
0.9030894546483859,3.9764,107018.414265055
1.0126172411185326,3.9766,107018.414462563
0.9708596727786991,3.9768,107018.414668566
0.9028937325400338,3.977,107018.414890076
1.3198968032592102,3.9772,107018.415041603
0.9789094369560503,3.9774000000000003,107018.415245912
0.9645991620730512,3.9776,107018.415453252
0.9895063112990835,3.9778000000000002,107018.415655373
0.9663796156451729,3.9779999999999998,107018.415862331
1.1028823892823316,3.9782,107018.416043674
0.9940259156910389,3.9784,107018.416244876
0.9097980613685764,3.9786,107018.416464705
1.0141113628190686,3.9788,107018.416661922
0.9124045979061594,3.979,107018.416881123
1.245671326900079,3.9792,107018.417041679
0.9748726745306677,3.9794,107018.417246834
0.9122131729920512,3.9796,107018.417466081
0.9993154627648534,3.9798,107018.417666218
0.9254631742913804,3.98,107018.417882326
0.9018392797303442,3.9802,107018.418104095
1.287440442049422,3.9804,107018.418259442
0.9596146310226757,3.9806,107018.418467859
0.942129691829834,3.9808,107018.418680144
1.0448228418986034,3.981,107018.418871564
1.0611093175741613,3.9812,107018.419060046
1.0069884790525157,3.9814,107018.419258658
0.9160948538145706,3.9816000000000003,107018.419476976
0.7129083003910531,3.9818,107018.419757517
1.5145662787833705,3.982,107018.419889568
1.2232640667687933,3.9821999999999997,107018.420053065
1.0209811854874118,3.9824,107018.420248955
0.9558356174991638,3.9826,107018.420458196
0.9880738880722086,3.9828,107018.42066061
0.8425629033231088,3.983,107018.420897981
1.400756535286154,3.9832,107018.421040761
0.9725308430767707,3.9834,107018.42124641
0.9747348800368738,3.9836,107018.421451594
0.9756097374599219,3.9838,107018.421656594
0.9730324348643126,3.984,107018.421862137
1.1090408617531375,3.9842,107018.422042473
0.9141812682272089,3.9844,107018.422261248
1.0069225239747401,3.9846,107018.422459873
0.976758065773934,3.9848,107018.422664632
0.9075563454677098,3.985,107018.422885004
1.2783390977649904,3.9852,107018.423041457
0.9028571367628767,3.9854000000000003,107018.423262976
1.0235309156626125,3.9856,107018.423458378
0.9728620353222254,3.9858000000000002,107018.423663957
0.9785645697809618,3.9859999999999998,107018.423868338
1.1589297717470268,3.9862,107018.424040911
0.9521588063339332,3.9864,107018.42425096
0.9940407258345143,3.9866,107018.424452159
0.972895160064451,3.9868,107018.424657731
0.9120841684898857,3.987,107018.424877009
1.2083497167951416,3.9872,107018.425042524
0.9195782638518208,3.9874,107018.425260015
0.9878055928016775,3.9876,107018.425462484
0.9284964685720729,3.9878,107018.425677886
1.01302752311473,3.988,107018.425875314
1.2068403843266633,3.9882,107018.426041036
0.9664590550356695,3.9884,107018.426247977
0.9821590947773225,3.9886,107018.42645161
0.9741034460659102,3.9888,107018.426656927
0.9602826977524564,3.989,107018.426865199
1.1378182357290634,3.9892,107018.427040974
0.907885895048839,3.9894,107018.427261266
1.0186203760481722,3.9896000000000003,107018.42745761
0.908694384998704,3.9898,107018.427677706
0.999830015034593,3.99,107018.42787774
1.1316697902687982,3.9901999999999997,107018.42805447
0.8690022468930438,3.9904,107018.428284619
1.1329776110904783,3.9906,107018.428461145
0.9686543317727303,3.9908,107018.428667617
0.919130317621227,3.991,107018.428885214
1.271431550614211,3.9912,107018.429042517
0.9730939559104145,3.9914,107018.429248047
0.8988642692322046,3.9916,107018.42947055
1.031448874538305,3.9918,107018.429664452
0.9609471265440442,3.992,107018.42987258
1.1788074593416817,3.9922,107018.430042243
0.972994547833268,3.9924,107018.430247794
0.9054894959189406,3.9926,107018.430468669
1.0172784963347634,3.9928,107018.430665272
0.968368229839728,3.993,107018.430871805
1.1706928432761767,3.9932,107018.431042644
0.9766340338233515,3.9934,107018.431247429
0.8719726632964907,3.9936,107018.431476794
1.0951222900300965,3.9938000000000002,107018.431659422
0.9821349511982237,3.9939999999999998,107018.43186306
1.0074957512244314,3.9942,107018.432061572
1.039063643145448,3.9943999999999997,107018.432254053
0.9777321199347968,3.9946,107018.432458608
0.9005601644293906,3.9948,107018.432680692
1.0297017226581346,3.995,107018.432874923
1.1966732636741673,3.9952,107018.433042053
0.8975895284254731,3.9954,107018.433264872
1.0666040761906366,3.9956,107018.433452383
0.9075728262543117,3.9958,107018.433672751
1.011956205406179,3.996,107018.433870388
1.0810519309397693,3.9962,107018.434055393
1.0134432939870284,3.9964,107018.43425274
0.9775075776047274,3.9966,107018.434457342
0.9713311208619249,3.9968,107018.434663245
0.9569790194955662,3.997,107018.434872236
0.7852806829707631,3.9972,107018.435126922
1.3688879739525335,3.9974,107018.435273026
1.0261883366527418,3.9976000000000003,107018.435467922
1.0171697810328488,3.9978,107018.435664546
0.825818423427621,3.998,107018.43590673
1.457067477470672,3.9981999999999998,107018.436043992
0.9916208230146818,3.9984,107018.436245682
0.954125628367632,3.9986,107018.436455298
0.8964468985661362,3.9988,107018.436678401
1.0398578134325085,3.999,107018.436870735
1.1501060824622036,3.9992,107018.437044632
0.8647526578541731,3.9994,107018.437275912
1.1194008738461678,3.9996,107018.437454579
0.9659456139240101,3.9998,107018.43766163
0.9889289586995604,4.0,107018.437863869
1.1284452344155924,4.0002,107018.438041104
0.9206746932351377,4.0004,107018.438258336
1.000425194662141,4.0006,107018.438458251
0.9712934348408638,4.0008,107018.438664162
0.9123920598734633,4.001,107018.438883366
1.2563287996893495,4.0012,107018.43904256
0.9819420557774344,4.0014,107018.439246238
0.9721007195091058,4.0016,107018.439451978
0.9093885319455924,4.0018,107018.439671906
1.0115059193983178,4.002,107018.439869631
1.0704918775677128,4.0022,107018.440056461
1.014440561159368,4.0024,107018.440253614
0.9059940524062621,4.0026,107018.440474366
1.0203613035399004,4.0028,107018.440670375
0.9727484228799054,4.003,107018.440875978
1.2169669495122195,4.0032,107018.441040321
0.9654000995210474,4.0034,107018.441247489
0.9753718400800947,4.0036,107018.441452539
0.9721196278720508,4.0038,107018.441658275
0.9687857004314716,4.004,107018.441864719
1.0127505817597107,4.0042,107018.442062201
1.0295214641750172,4.0044,107018.442256466
0.9720629049984436,4.0046,107018.442462214
0.9082734832830215,4.0048,107018.442682412
1.01410111154769,4.005,107018.442879631
1.1290185733536613,4.0052,107018.443056776
1.0054545701870623,4.0054,107018.443255691
0.9677076066684324,4.0056,107018.443462365
0.9186870447207591,4.0058,107018.443680067
1.013171204106751,4.006,107018.443877467
0.7329363345325215,4.0062,107018.444150342
1.48281040750398,4.0064,107018.444285221
1.1975904536368434,4.0066,107018.444452223
0.9808200791062682,4.0068,107018.444656134
0.9274029306377063,4.007,107018.44487179
1.2812298993856783,4.0072,107018.44502789
0.9114441052625136,4.0074,107018.445247322
1.0052372607097277,4.0076,107018.44544628
0.9794847095220599,4.0078,107018.445650469
0.9595455575529255,4.008,107018.445858901
1.1896265014543264,4.0082,107018.446027021
0.8991875942549934,4.0084,107018.446249444
1.0056061909074923,4.0086,107018.446448329
0.9805171630454628,4.0088,107018.446652303
0.9695371114409004,4.009,107018.446858587
1.0913993004293183,4.0092,107018.447041838
1.0171645867744066,4.0094,107018.447238463
0.9666319096996856,4.0096,107018.447445367
0.97109530529564,4.0098,107018.44765132
0.974563883749468,4.01,107018.44785654
1.1713373799690923,4.0102,107018.448027285
0.8911027887611248,4.0104,107018.448251726
1.0207102640334809,4.0106,107018.448447668
0.8343727869992249,4.0108,107018.448687369
1.1222966744300675,4.011,107018.448865575
1.2481746167417207,4.0112,107018.449025809
0.9723984568313071,4.0114,107018.449231486
0.9665757574405217,4.0116,107018.449438402
0.9125503551317274,4.0118,107018.449657568
1.0041975358079058,4.012,107018.449856732
1.0821632522488682,4.0122,107018.450041547
0.9972028441124428,4.0124,107018.450242108
0.9723181068720413,4.0126,107018.450447802
0.9629458061568469,4.0128,107018.450655498
0.9789956917285466,4.013,107018.450859789
1.2021686562775613,4.0132,107018.451026155
0.7920697987530321,4.0134,107018.451278658
1.163839553810884,4.0136,107018.451450503
0.8249089434499708,4.0138,107018.451692954
0.9729850420979232,4.014,107018.451898507
1.093786747934747,4.0142,107018.452081358
0.9648132746533469,4.0144,107018.452288652
1.1705627249899302,4.0146,107018.45245951
0.9182314387914985,4.0148,107018.45267732
1.0078613155820086,4.015,107018.45287576
1.187965957327202,4.0152,107018.453044115
0.8408448736562206,4.0154,107018.453281971
0.8209068693195789,4.0156,107018.453525604
1.144773785277648,4.0158,107018.453700311
0.8530894934083999,4.016,107018.453934753
1.4631218778125314,4.0162,107018.454071447
1.0266466545113464,4.0164,107018.454266256
0.8462706787100039,4.0166,107018.454502587
1.0578317045880852,4.0168,107018.454691653
1.0421442544596102,4.017,107018.454883565
1.2439822531300475,4.0172,107018.455044339
0.977082557936091,4.0174,107018.45524903
0.9777034640066989,4.0176,107018.455453591
0.908401351959823,4.0178,107018.455673758
0.9961200991349959,4.018,107018.455874537
1.0057073703844148,4.0182,107018.456073402
1.1372101440486502,4.0184,107018.456249271
0.9787081884424254,4.0186,107018.456453622
0.9723890315300796,4.0188,107018.456659301
0.9730750096326949,4.019,107018.456864835
1.1302627311092357,4.0192,107018.457041785
0.8765202485263138,4.0194,107018.45726996
1.0628234716860998,4.0196,107018.457458138
0.9671460808597,4.0198,107018.457664932
0.8951309006807429,4.02,107018.457888363
1.3085751405990151,4.0202,107018.458041201
0.969828626591755,4.0204,107018.458247423
0.9529754184808724,4.0206,107018.458457292
0.9251549311240337,4.0208,107018.458673472
1.0128838828686357,4.021,107018.458870928
1.135499138226014,4.0212,107018.459047062
0.9164306957790302,4.0214,107018.4592653
1.0339658056861483,4.0216,107018.45945873
0.9691565789420479,4.0218,107018.459665095
0.9726632653786568,4.022,107018.459870716
1.0754422830887032,4.0222,107018.460056686
1.0107033852885945,4.0224,107018.460254568
0.9755240782645397,4.0226,107018.460459586
0.9622416246904935,4.0228,107018.460667434
0.981585444483112,4.023,107018.460871186
1.1639004636692447,4.0232,107018.461043022
0.9818746409416959,4.0234,107018.461246714
0.9651531245791558,4.0236,107018.461453935
0.942040964505949,4.0238,107018.46166624
0.9889925063839221,4.024,107018.461868466
1.0601137307084678,4.0242,107018.462057125
0.9946586875650774,4.0244,107018.462258199
0.9076427713818401,4.0246,107018.46247855
1.002601747064936,4.0248,107018.462678031
0.8404279848035108,4.025,107018.462916005
1.1144606462548938,4.0252,107018.463095464
0.9765767829201931,4.0254,107018.463300261
0.9644782663489025,4.0256,107018.463507627
0.9861641315101933,4.0258,107018.463710433
0.8993089158264242,4.026,107018.463932826
1.0142193504570003,4.0262,107018.464130022
0.972233024693306,4.0264,107018.464335734
0.9808489180162782,4.0266,107018.464539639
0.7452314555118793,4.0268,107018.464808012
1.341948598332511,4.027,107018.464957049
0.9725403399394004,4.0272,107018.465162696
0.9199843384077445,4.0274,107018.465380091
1.0152181463033243,4.0276,107018.465577093
0.9754859969586099,4.0278,107018.465782119
0.9798638266346447,4.028,107018.465986229
0.8548031606829474,4.0282,107018.466220201
1.0508947964200033,4.0284,107018.466410515
1.0027727012875387,4.0286,107018.466609962
0.9943421290231682,4.0288,107018.4668111
0.9573409115389762,4.029,107018.467020012
0.9912423495095646,4.0292,107018.467221779
0.9163089261441627,4.0294,107018.467440046
1.0047727322042423,4.0296,107018.467639096
0.996164718305751,4.0298,107018.467839866
0.7553098564800877,4.03,107018.468104658
1.3482266571442498,4.0302,107018.468253001
0.7719653214646696,4.0304,107018.46851208
1.317748740599604,4.0306,107018.468663854
0.992048705691324,4.0308,107018.468865457
1.1225361004337666,4.031,107018.469043625
0.8434405214169494,4.0312,107018.469280749
1.133986168066047,4.0314,107018.469457118
0.8554283546054502,4.0316,107018.469690919
1.0552920216711186,4.0318,107018.46988044
1.1851289456004948,4.032,107018.470049198
0.9198066482080177,4.0322,107018.470266635
0.8436682776672544,4.0324,107018.470503695
1.207073461064383,4.0326,107018.470669385
1.0064918889543315,4.0328,107018.470868095
1.046309629100739,4.033,107018.471059243
1.0287537012973196,4.0332,107018.471253653
0.9826030146516493,4.0334,107018.471457194
0.9695512692349508,4.0336,107018.471663475
0.9261703297909163,4.0338,107018.471879418
1.2238852996995,4.034,107018.472042832
0.9821011942959526,4.0342,107018.472246477
0.8393944897196887,4.0344,107018.472484744
1.0835938081121619,4.0346,107018.472669315
1.0209655616993538,4.0348,107018.472865208
1.1301605883942547,4.035,107018.473042174
0.8497042795874779,4.0352,107018.47327755
1.1242270857216596,4.0354,107018.47345545
0.9823279224240905,4.0356,107018.473659048
1.000620394262945,4.0358,107018.473858924
1.0846045623632223,4.036,107018.474043323
0.9233354556345829,4.0362,107018.474259929
0.9933989027302996,4.0364,107018.474461258
0.994881313112031,4.0366,107018.474662287
0.9810991597439189,4.0368,107018.47486614
1.034955570305824,4.037,107018.475059385
1.0205071483364176,4.0372,107018.475255366
0.9799117521694166,4.0374,107018.475459466
0.9782582405915066,4.0376,107018.475663911
0.9812916540500736,4.0378,107018.475867724
1.0387667896555306,4.038,107018.47606026
0.9934580712301249,4.0382,107018.476261577
1.0257514800502732,4.0384,107018.476456556
0.9762479111209839,4.0386,107018.476661422
0.9042694982607618,4.0388,107018.476882595
1.2590098437995096,4.039,107018.47704145
0.9813301900084349,4.0392,107018.477245255
0.9684338709202523,4.0394,107018.477451774
0.9948268715344021,4.0396,107018.477652814
0.9066676896552591,4.0398,107018.477873402
1.1688660617808762,4.04,107018.478044508
0.7293999258583513,4.0402,107018.478318706
1.4453269017229118,4.0404,107018.478457083
0.9758192053409329,4.0406,107018.478662039
0.9731459758520009,4.0408,107018.478867558
1.1393739469874549,4.041,107018.479043093
0.9077087106731724,4.0412,107018.479263428
1.0274271729367315,4.0414,107018.479458089
0.9646504131357392,4.0416,107018.479665418
0.9834533534253728,4.0418,107018.479868783
1.1351704182749927,4.042,107018.480044968
0.9228923324299747,4.0422,107018.480261678
0.905223148832423,4.0424,107018.480482618
1.0971468812762926,4.0426,107018.480664909
0.9981384508726784,4.0428,107018.480865282
1.0352128203489113,4.043,107018.481058479
1.0255726018378044,4.0432,107018.481253492
0.9807094990065462,4.0434,107018.481457426
0.978971633694002,4.0436,107018.481661722
0.9681620164430302,4.0438,107018.481868299
1.1583257570887076,4.044,107018.482040962
0.9800606586315203,4.0442,107018.482245031
0.9800750555542208,4.0444,107018.482449097
0.8353137246948106,4.0446,107018.482688528
1.1366995257178576,4.0448,107018.482864476
1.1128235795353851,4.045,107018.483044199
0.9905992073292937,4.0452,107018.483246097
0.9834776322372433,4.0454,107018.483449457
0.9652090438773864,4.0456,107018.483656666
0.9850809237646612,4.0458,107018.483859695
1.0899064133462693,4.046,107018.484043197
0.8757487216142833,4.0462,107018.484271573
1.1069293829594078,4.0464,107018.484452253
0.9856878629780141,4.0466,107018.484655157
0.9009901886265251,4.0468,107018.484877135
1.2092994770750012,4.047,107018.48504252
0.8306889782997173,4.0472,107018.485283284
1.1790575469366504,4.0474,107018.485452911
0.9141436301402184,4.0476,107018.485671695
1.0283886781481806,4.0478,107018.485866174
1.0343989450035609,4.048,107018.486059523
1.0248159114296975,4.0482,107018.48625468
0.9325270016748163,4.0484,107018.486469151
0.6925639385514643,4.0486,107018.486757933
1.5370663334803947,4.0488,107018.486888051
1.1863803932943968,4.049,107018.487056631
1.0231487185357762,4.0492,107018.487252106
0.9881667388213867,4.0494,107018.487454501
0.9236168522091551,4.0496,107018.487671041
0.849816240507062,4.0498,107018.487906386
1.4307993722890413,4.05,107018.488046168
0.8748485583366882,4.0502,107018.488274779
1.1397310024590952,4.0504,107018.488450259
0.9809018404274523,4.0506,107018.488654153
0.9714868383643221,4.0508,107018.488860023
1.0912206207991382,4.051,107018.489043304
0.9162207809686994,4.0512,107018.489261592
1.018822741301116,4.0514,107018.489457897
0.9147163803342979,4.0516,107018.489676544
1.0189006129336573,4.0518,107018.489872834
1.1786962534916028,4.052,107018.490042513
0.911290423137896,4.0522,107018.490261982
1.0301950757311584,4.0524000000000004,107018.49045612
0.9674828772506586,4.0526,107018.490662842
0.9280182376978412,4.0528,107018.490878355
1.2276944160263192,4.053,107018.491041262
0.9807286737683697,4.0532,107018.491245192
0.860796289426666,4.0534,107018.491477535
1.1339539831987238,4.0536,107018.491653909
0.9102825922539401,4.0538,107018.491873621
1.1857402730406044,4.054,107018.492042292
0.9884157530368607,4.0542,107018.492244636
0.9767771557508764,4.0544,107018.492449391
0.9651904033870666,4.0546,107018.492656604
0.9953962822874535,4.0548,107018.492857529
1.0801819022544228,4.055,107018.493042683
0.9236594954974956,4.0552,107018.493259213
1.0074603023362694,4.0554,107018.493457732
0.9847074956004508,4.0556,107018.493660838
0.9670525112082246,4.0558,107018.493867652
1.1409077779580155,4.056,107018.494042951
0.9326096424976817,4.0562,107018.494257403
0.9968250869964979,4.0564,107018.49445804
0.9752815165593336,4.0566,107018.494663109
0.9586487070606974,4.0568,107018.494871736
1.1707751168892073,4.057,107018.495042563
0.9775123052103402,4.0572,107018.495247164
0.9229605061513264,4.0574,107018.495463858
1.0108105739628224,4.0576,107018.495661719
0.9757382890975399,4.0578,107018.495866692
1.1387965559069737,4.058,107018.496042316
0.9340381723885098,4.0582,107018.49625644
0.998911200825414,4.0584,107018.496456658
0.8252289089320184,4.0586,107018.496699015
1.0015875361427968,4.0588,107018.496898698
0.9868793978976669,4.059,107018.497101357
1.3576810965341892,4.0592,107018.497248667
1.0489877616319734,4.0594,107018.497439327
0.9857412381695605,4.0596,107018.49764222
0.9863197575711062,4.0598,107018.497844994
1.0975622693780405,4.06,107018.498027216
0.9846541617522424,4.0602,107018.498230333
0.9780668648126785,4.0604,107018.498434818
0.9782247496467933,4.0606,107018.49863927
0.981007632362378,4.0608,107018.498843142
0.9807671655126391,4.061,107018.499047064
1.0064463398861225,4.0612,107018.499245783
0.9232800031954954,4.0614,107018.499462402
0.8036938003433153,4.0616,107018.499711253
0.9846929622552484,4.0618,107018.499914362
1.6976773915587344,4.062,107018.50003217
0.9986817610770825,4.0622,107018.500232434
0.967375283882113,4.0624,107018.500439179
0.937220309629287,4.0626,107018.500652576
0.9930289004555369,4.0628,107018.50085398
1.1506288193497298,4.063,107018.501027798
0.9798686469253431,4.0632,107018.501231907
0.9715670509843991,4.0634,107018.50143776
0.7817049697185985,4.0636,107018.501693611
0.8445803264236851,4.0638,107018.501930415
1.8268345142002778,4.064,107018.502039894
1.0005402658038713,4.0642,107018.502239786
0.9102908520125638,4.0644,107018.502459496
1.0159246024476551,4.0646,107018.502656361
0.918923403712319,4.0648,107018.502874007
0.9858190137007223,4.065,107018.503076884
1.1089978176661026,4.0652,107018.503257227
1.0143942149588123,4.0654,107018.503454389
0.9815806773949525,4.0656,107018.503658142
0.9738046638987232,4.0658,107018.503863522
1.0887256661479365,4.066,107018.504047223
0.99503977490594,4.0662,107018.50424822
0.90239268163207,4.0664,107018.504469853
1.026625488833197,4.0666,107018.504664666
0.9678340841429113,4.0668,107018.504871313
1.1663983195070575,4.067,107018.505042781
0.9787417821929715,4.0672,107018.505247125
0.9811183497461561,4.0674,107018.505450974
0.9775791918556427,4.0676,107018.505655561
0.9693539181006079,4.0678,107018.505861884
1.106329271274741,4.068,107018.506042662
0.8715052792118984,4.0682,107018.50627215
1.1249796367777805,4.0684,107018.506449931
0.9737999030889548,4.0686,107018.506655312
0.9667393377721105,4.0688,107018.506862193
0.9644363728304731,4.069,107018.507069568
1.1328813269937164,4.0692,107018.507246109
0.9782390926769,4.0694,107018.507450558
0.9746113613453742,4.0696,107018.507655768
0.9806084589944626,4.0698,107018.507859723
1.1000555832631322,4.07,107018.508041532
0.8710270241720692,4.0702,107018.508271146
1.1095515604099078,4.0704,107018.508451399
0.9842083870294303,4.0706,107018.508654608
0.9771684215800732,4.0708,107018.508859281
1.094984436520333,4.071,107018.509041932
0.8996568230318224,4.0712,107018.509264239
1.0287112738728077,4.0714,107018.509458657
0.9761764224487487,4.0716,107018.509663538
0.9754479878476856,4.0718,107018.509868572
1.1337740061380508,4.072,107018.510044974
0.9815998862386753,4.0722,107018.510248723
0.980709429027037,4.0724,107018.510452657
0.9747729027217583,4.0725999999999996,107018.510657833
0.9758430393957029,4.0728,107018.510862784
1.1147898675040582,4.073,107018.51104219
0.8583728020138419,4.0732,107018.511275189
1.0992574794490717,4.0734,107018.51145713
0.949613470185024,4.0736,107018.511667742
0.8928212858964931,4.0738,107018.511891751
1.3406083492880958,4.074,107018.512040937
0.967478246161242,4.0742,107018.51224766
0.9794031144720289,4.0744,107018.512451866
0.9797582113993429,4.0746,107018.512655998
0.9766578382943866,4.0748,107018.512860778
1.093218798004495,4.075,107018.513043724
0.9783826158058523,4.0752,107018.513248143
0.9654746303683425,4.0754,107018.513455295
0.9872058290385508,4.0756,107018.513657887
0.9799021806646376,4.0758,107018.513861989
1.1115186973496878,4.076,107018.514041923
0.8674267994023017,4.0762,107018.51427249
1.059260328477092,4.0764,107018.514461301
0.9848675318166805,4.0766,107018.514664374
0.9805603953341553,4.0768,107018.514868339
1.1560159292510146,4.077,107018.515041347
0.9723747907389513,4.0772,107018.515247029
0.9758192053365994,4.0774,107018.515451985
0.9797246176738138,4.0776,107018.515656124
0.9752767412940219,4.0778,107018.515861194
1.1082604127986186,4.078,107018.516041657
0.8675133621472312,4.0782,107018.516272201
1.111493977452853,4.0784,107018.516452139
0.968372937685528,4.0786,107018.516658671
0.9875519187049034,4.0788,107018.516861192
0.9571804960709245,4.079,107018.517070139
1.1307036715429735,4.0792,107018.51724702
0.9691753729398851,4.0794,107018.517453381
0.9781577746363269,4.0796,107018.517657847
0.9780572597086279,4.0798,107018.517862334
1.117312198804799,4.08,107018.518041335
0.8510855446668792,4.0802,107018.518276329
1.1295542465266808,4.0804,107018.51845339
0.9712840309575824,4.0806000000000004,107018.518659303
0.9884157530368607,4.0808,107018.518861647
1.1044415012184792,4.081,107018.519042734
0.9715954170072038,4.0812,107018.519248581
0.9777034640110408,4.0814,107018.519453142
0.8903292654421848,4.0816,107018.519677778
0.8830255514762074,4.0818,107018.519904272
1.3839586399409405,4.082,107018.520048785
0.9875275092690268,4.0822,107018.520251311
0.9837630157524941,4.0824,107018.520454612
0.9950397028663865,4.0826,107018.520655609
0.907329870205947,4.0828,107018.520876036
1.1835230148264428,4.083,107018.521045023
0.9800125787660068,4.0832,107018.521249102
0.9096118823344141,4.0834,107018.521468976
1.015331545297619,4.0836,107018.521665956
0.905739644608426,4.0838,107018.52188677
1.2904474750047106,4.084,107018.522041755
0.9776508861507487,4.0842,107018.522246327
0.9123338564048309,4.0844,107018.522465545
1.0135666118135689,4.0846,107018.522662868
0.9039057686338103,4.0848,107018.52288413
1.2795250366868214,4.085,107018.523040438
0.9772687538853202,4.0852,107018.52324509
0.9728998431603267,4.0854,107018.523450661
0.9146704194724196,4.0856,107018.523669319
1.0052170420961954,4.0858,107018.523868281
1.1582989114257825,4.086,107018.524040948
0.9065196797639422,4.0862,107018.524261572
1.0226674163528477,4.0864,107018.524457139
0.9744357104457531,4.0866,107018.524662386
0.9052641105250666,4.0868,107018.524883316
1.2627697782609337,4.087,107018.525041698
0.914850271487014,4.0872,107018.525260313
1.0081865419839073,4.0874,107018.525458689
0.9154532975205909,4.0876,107018.52567716
0.9579323660843337,4.0878,107018.525885943
1.2569367172017183,4.088,107018.52604506
0.9860960649680369,4.0882,107018.52624788
0.9769536518703932,4.0884,107018.526452598
0.9722046901995637,4.0886,107018.526658316
0.948618063831839,4.0888,107018.526869149
1.0099429394963595,4.089,107018.52706718
1.0643505930615311,4.0892,107018.527255088
0.9776939355929971,4.0894,107018.527459651
0.976043041891979,4.0896,107018.52766456
0.9080920076015626,4.0898,107018.527884802
1.2689791193147653,4.09,107018.528042409
0.9723890315343978,4.0902,107018.528248088
0.9785597623163883,4.0904,107018.52845247
0.9736197854895405,4.0906,107018.528657889
0.9831729320335738,4.0908,107018.528861312
1.1046977861932947,4.091,107018.529042357
0.9664076795659098,4.0912,107018.529249309
0.9224666604847822,4.0914,107018.529466119
1.014631006896647,4.0916,107018.529663235
0.9734586260451181,4.0918,107018.529868688
1.149517765693807,4.092,107018.530042674
0.9671226697369154,4.0922,107018.530249473
0.9845814366708493,4.0924,107018.530452605
0.9827430428591207,4.0926,107018.530656117
0.9747681324444373,4.0928,107018.530861294
1.1054243213836543,4.093,107018.53104222
0.9682229231360829,4.0932,107018.531248784
0.9855761119291379,4.0934,107018.531451711
0.9749819422115208,4.0936,107018.531656843
0.9092768677957317,4.0938,107018.531876798
1.1906250168151078,4.094,107018.532044777
0.98489180992647,4.0942,107018.532247845
0.9801327173722576,4.0944,107018.532451899
0.9104317129394349,4.0946,107018.532671575
1.0148368855279055,4.0948,107018.532868651
1.1600188611833218,4.095,107018.533041062
0.9664123004204533,4.0952,107018.533248013
0.9806998419243076,4.0954,107018.533451949
0.9787369032930934,4.0956,107018.533656294
0.9801903859713011,4.0958,107018.533860336
1.0135562968091394,4.096,107018.534057661
1.0169681470755483,4.0962,107018.534254324
0.959375227759396,4.0964,107018.534462793
0.9886991735528416,4.0966,107018.534665079
0.9682369743680842,4.0968,107018.53487164
1.0400199883941998,4.097,107018.535063944
1.0083338833701534,4.0972,107018.535262291
0.9805843915966905,4.0974,107018.535466251
0.9821446365603387,4.0976,107018.535669887
0.980704670443831,4.0978,107018.535873822
1.1823265055265384,4.098,107018.53604298
0.9869038461702901,4.0982,107018.536245634
0.8160167633329699,4.0984,107018.536490727
1.1070764137627307,4.0986,107018.536671383
0.9929598830147925,4.0988,107018.536872801
1.1723398155895601,4.099,107018.5370434
0.979537484817942,4.0992,107018.537247578
0.9626445910840392,4.0994,107018.537455339
0.920903560894506,4.0996,107018.537672517
1.0259199290590826,4.0998,107018.537867464
1.150165563272682,4.1,107018.538041352
0.9822796900641698,4.1002,107018.53824496
0.9726964454247581,4.1004,107018.538450574
0.9087604171012639,4.1006,107018.538670654
1.013679642132957,4.1008,107018.538867955
1.1560626034224226,4.101,107018.539040956
0.9787992175264653,4.1012,107018.539245288
0.8956601045141097,4.1014,107018.539468587
1.0522439055656734,4.1016,107018.539658657
0.9752909980088817,4.1018,107018.539863724
1.1037710360556174,4.102,107018.540044921
0.9774788653198945,4.1022,107018.540249529
0.9539117967200845,4.1024,107018.540459192
0.9986418503416522,4.1026,107018.540659464
0.9079518096963044,4.1028,107018.54087974
1.2402408658477593,4.103,107018.541040999
0.9115604135712245,4.1032,107018.541260403
1.0094382421045573,4.1034,107018.541458533
0.949162863418333,4.1036,107018.541669245
0.9760716005649361,4.1038,107018.541874148
1.0888857578876885,4.104,107018.542057822
1.0249209171865177,4.1042,107018.542252959
0.9100837402097052,4.1044,107018.542472719
1.014970811403707,4.1046,107018.542669769
0.9730560640905739,4.1048,107018.542875307
1.1717354312447203,4.105,107018.543045994
0.9309859637195834,4.1052,107018.54326082
1.017599432321867,4.1054,107018.543457361
0.9371588315733266,4.1056,107018.543670772
1.0120637345236614,4.1058,107018.543868388
1.156764823575017,4.106,107018.544041284
0.9779951095054038,4.1062,107018.544245784
0.9693256828031025,4.1064,107018.544452113
0.9699180113275349,4.1066,107018.544658316
0.8972512427825999,4.1068,107018.544881219
1.067868381052045,4.107,107018.545068508
1.121176799781699,4.1072,107018.545246892
0.9755812058094517,4.1074,107018.545451898
0.9722991907916092,4.1076,107018.545657596
0.9107302216323004,4.1078,107018.5458772
0.8794919990938789,4.108,107018.546104604
1.1522928149945595,4.1082,107018.546278171
1.1088933087225539,4.1084,107018.546458531
0.9753813232946029,4.1086,107018.546663579
1.0641977988319418,4.1088,107018.546851514
1.0289071160375607,4.109,107018.547045895
1.0203769088394241,4.1092,107018.547241901
0.9767150987039785,4.1094,107018.547446669
0.8845330803815262,4.1096,107018.547672777
1.0025765879928845,4.1098,107018.547872263
1.254256702346484,4.11,107018.54803172
0.9120966980619037,4.1102,107018.548250995
1.0202207259024467,4.1104,107018.548447031
0.981696292337437,4.1106,107018.54865076
0.9044371883679835,4.1108,107018.548871892
1.2878548336639017,4.111,107018.549027189
0.9045189732413296,4.1112,107018.549248301
1.0126172411162842,4.1114,107018.549445809
0.9776986650035564,4.1116,107018.549650371
0.9743929474489497,4.1118,107018.549855627
1.1722711200595934,4.112,107018.550026236
0.9716992796310773,4.1122,107018.550232061
0.9725970497213602,4.1124,107018.550437696
0.908487998941321,4.1126,107018.550657842
1.0154346163608718,4.1128,107018.550854802
1.058677178587583,4.113,107018.551043717
1.015816251392783,4.1132,107018.551240603
0.9740655446232295,4.1134,107018.551445928
0.9752671909123457,4.1136,107018.551651
0.9717275846764099,4.1138,107018.551856819
1.0160536326609888,4.114,107018.552053659
1.0054344163925248,4.1142,107018.552252578
1.0390635645903408,4.1144,107018.552445059
0.9083188635372696,4.1146,107018.552665246
1.0009759551398525,4.1148,107018.552865051
0.9931916531396993,4.115,107018.553066422
0.970233247936154,4.1152,107018.553272558
1.08621264839051,4.1154,107018.553456684
0.985789881788804,4.1156,107018.553659567
0.9780189803753564,4.1158,107018.553864062
1.2141595677163228,4.116,107018.554028785
1.024097039836963,4.1162,107018.554224079
1.0859472775193981,4.1164,107018.55440825
0.983143956306773,4.1166,107018.554611679
0.9790484143389492,4.1168,107018.554815959
0.9557579148594996,4.117,107018.555025217
0.9749059363405839,4.1172,107018.555230365
0.9712415441252561,4.1174,107018.555436287
0.9737288414620783,4.1176,107018.555641683
0.9705157243717157,4.1178,107018.555847759
1.0821808051937676,4.118,107018.556032571
0.9706853029094415,4.1182,107018.556238611
0.9700920371402539,4.1184,107018.556444777
0.9751151020730626,4.1186,107018.556649881
1.0872400794701502,4.1188,107018.556833833
1.0314010386407593,4.119,107018.557027744
0.9767914563662856,4.1192,107018.557232496
0.9084920825057735,4.1194,107018.557452641
1.0134741579988307,4.1196,107018.557649982
0.9681479673822359,4.1198,107018.557856562
1.0759166887213265,4.12,107018.55804245
1.0098765226365332,4.1202,107018.558240494
1.2158867775755122,4.1204,107018.558404983
0.9720723927264588,4.1206,107018.558610729
0.969950935891147,4.1208,107018.558816925
0.946682792946898,4.121,107018.559028189
0.9927233451079016,4.1212,107018.559229655
0.9723890315343978,4.1214,107018.559435334
0.9724741410171807,4.1216,107018.559640995
0.9701390800132255,4.1218,107018.559847151
0.8955317711385433,4.122,107018.560070482
1.0342330703229665,4.1222,107018.560263862
0.9663283165649276,4.1224,107018.560470831
0.9809114314756352,4.1226,107018.560674723
0.9787369729870362,4.1228,107018.560879068
0.9631730899295439,4.123,107018.561086715
1.0516961367141904,4.1232,107018.561276884
0.9631823374133174,4.1234,107018.561484529
0.9543942291463529,4.1236,107018.561694086
0.9970437650142777,4.1238,107018.561894679
0.9853673092992862,4.124,107018.562097649
0.9756383400413006,4.1242,107018.562302643
0.9773546502544148,4.1244,107018.562507277
0.9009374466599216,4.1246,107018.562729268
1.024653172103901,4.1248,107018.562924456
0.9048299979254721,4.125,107018.563145492
0.8948745738328585,4.1252,107018.563368987
1.030221562825027,4.1254,107018.56356312
1.0213357311741997,4.1256,107018.563758942
0.9806805283390909,4.1258,107018.563962882
0.9738568288636954,4.126,107018.564168251
0.9810028708805074,4.1262,107018.564372124
0.9821928556666473,4.1264,107018.56457575
0.9039343639715727,4.1266,107018.564797005
1.0172370854151118,4.1268,107018.564993616
0.9821108789879243,4.127,107018.565197259
0.9833905155633612,4.1272,107018.565400637
0.97993103548555,4.1274,107018.565604733
0.9728335952936837,4.1276,107018.565810318
0.9413492195329511,4.1278,107018.566022779
0.9457114779950107,4.128,107018.56623426
1.0267783461352618,4.1282,107018.566429044
0.9788423681605596,4.1284,107018.566633367
0.9120550552030415,4.1286,107018.566852652
1.0590976477302976,4.1288,107018.567041492
0.9166407067983238,4.129,107018.56725968
1.0235886205354416,4.1292,107018.567455071
0.979868577065782,4.1294,107018.56765918
0.985061507838478,4.1296,107018.567862213
0.996333556458631,4.1298,107018.568062949
1.0132225179484895,4.13,107018.568260339
0.992063528584698,4.1302,107018.568461939
0.9064539131003221,4.1304,107018.568682579
1.0346879321772107,4.1306,107018.568875874
1.2087878904254958,4.1308,107018.569041329
0.9782390926812442,4.131,107018.569245778
0.978957269170494,4.1312,107018.569450077
0.9691002696585047,4.1314,107018.569656454
0.9888556008129894,4.1316,107018.569858708
0.9973022671913141,4.1318,107018.570059249
1.015542886004219,4.132,107018.570256188
0.9166617376534018,4.1322,107018.570474371
0.9166238950388267,4.1324,107018.570692563
1.0100040210304224,4.1326,107018.570890582
1.306258984844274,4.1328,107018.571043691
0.9212174981467933,4.133,107018.571260795
1.020064666478768,4.1332,107018.571456861
0.9164390674846736,4.1334,107018.571675097
1.0238296487076215,4.1336,107018.571870442
0.8966116996693242,4.1338,107018.572093504
1.1949286912552537,4.134,107018.572260878
1.072035445078901,4.1342,107018.572447439
0.9958770742720984,4.1344,107018.572648267
0.9804161626635771,4.1346,107018.572852262
1.122032251262439,4.1348,107018.57303051
0.9916109498497434,4.135,107018.573232202
0.9818456715470476,4.1352,107018.5734359
0.9157635291311147,4.1354,107018.573654297
1.0163376446098868,4.1356,107018.573851082
1.1242775739410342,4.1358,107018.574028974
0.917439639516971,4.136,107018.574246972
1.0218105385844938,4.1362,107018.574442703
0.9837387932608944,4.1364,107018.574646009
0.9798974299076733,4.1366,107018.574850112
1.1190313845935955,4.1368,107018.575028838
0.8603297125572352,4.1370000000000005,107018.575261307
1.1500730723006816,4.1372,107018.575435209
0.9772496446904703,4.1374,107018.575639865
0.98075750729904,4.1376,107018.575843789
0.8309754596294854,4.1378,107018.57608447
1.36394945639273,4.138,107018.576231103
0.9763289119183932,4.1382,107018.576435952
0.9751673383410825,4.1384,107018.576641045
0.98472689757358,4.1386,107018.576844147
1.0894907533023432,4.1388,107018.577027719
0.978406575251849,4.139,107018.577232133
0.9802431674282891,4.1392,107018.577436164
0.9810413841603584,4.1394,107018.577640029
0.9769012240548951,4.1396,107018.577844758
0.9898637830203365,4.1398,107018.578046806
0.9867381885353395,4.14,107018.578249494
1.012796703258918,4.1402,107018.578446967
0.9833712365706962,4.1404,107018.578650349
0.9821252660314915,4.1406,107018.578853989
1.034698681778118,4.1408,107018.579047282
1.0356683885158244,4.141,107018.579240394
0.9746588435587579,4.1411999999999995,107018.579445594
0.9823279224284529,4.1414,107018.579649192
0.979791807428738,4.1416,107018.579853317
1.1425764303050063,4.1418,107018.58002836
0.981498732785007,4.142,107018.58023213
0.979436755950777,4.1422,107018.580436329
0.9790867045601898,4.1424,107018.580640601
0.980569979701959,4.1426,107018.580844564
1.0732032101411764,4.1428,107018.581030922
0.9838936547158401,4.143,107018.581234196
0.7857465579435903,4.1432,107018.581488731
0.8886282103049309,4.1434,107018.581713797
1.4304208353485037,4.1436,107018.581853616
1.1424915189199556,4.1438,107018.582028672
0.9810124639088665,4.144,107018.582232543
0.9786267923886955,4.1442,107018.582436911
0.9796910262519136,4.1444,107018.582641057
0.9817444674247839,4.1446,107018.582844776
1.0894611309530522,4.1448,107018.583028353
0.9708077598227025,4.145,107018.583234367
0.9886454064489322,4.1452,107018.583436664
0.9770729721549858,4.1454,107018.583641357
0.9792689205343276,4.1456,107018.583845591
1.092358948770487,4.1458,107018.584028681
0.9851488502269156,4.146,107018.584231696
0.9790867045601898,4.1462,107018.584435968
0.978406575247504,4.1464,107018.584640382
0.9794223777789294,4.1466,107018.584844584
1.076669608298752,4.1468,107018.585030342
0.8647900931467949,4.147,107018.585261612
1.029510898986037,4.1472,107018.585455879
1.026293623858059,4.1474,107018.585650755
0.976510102748059,4.1476,107018.585855566
0.9068444079775866,4.1478,107018.586076111
1.0793773543562184,4.148,107018.586261403
0.9240649584980472,4.1482,107018.586477838
1.103156191071251,4.1484,107018.586659136
0.9893251797289444,4.1486,107018.586861294
1.0861536754117536,4.1488,107018.58704543
0.8717407608970171,4.149,107018.587274856
1.0189006129336573,4.1492,107018.587471146
1.0401444276333884,4.1494,107018.587663427
0.9830328516165558,4.1496,107018.587866879
1.1354990444078161,4.1498,107018.588043013
0.9867626298163112,4.15,107018.588245696
0.9794223079786376,4.1502,107018.588449898
0.9814505818108918,4.1504,107018.588653678
0.9797821684110355,4.1506,107018.588857805
1.0877369191381268,4.1508,107018.589041673
0.9811617051018348,4.151,107018.589245513
0.9815083355093698,4.1512,107018.589449281
0.9758763674492176,4.1514,107018.589654225
0.9802384133731245,4.1516,107018.589858257
1.0824267767180047,4.1518,107018.590043027
0.9735439228784284,4.152,107018.590248462
0.9810028708805074,4.1522,107018.590452335
0.9167499676979918,4.1524,107018.590670497
1.0537962599430903,4.1526,107018.590860287
1.0873465683471037,4.1528,107018.591044221
0.9812242584391868,4.153,107018.591248048
0.9779090309440411,4.1532,107018.591452566
0.8604815544901091,4.1534,107018.591684994
1.1359118784829485,4.1536,107018.591861064
1.0929976242571773,4.1538,107018.592044047
0.9806229419831229,4.154,107018.592247999
0.9813350247327015,4.1542,107018.592451803
0.9797485730426493,4.1544,107018.592655937
0.9263762121189186,4.1546,107018.592871832
1.1524853881423216,4.1548,107018.59304537
0.9691847360442226,4.155,107018.593251729
0.9814024355566273,4.1552,107018.593455519
0.9798638266389962,4.1554,107018.593659629
0.9748394149903249,4.1556,107018.593864791
1.111487775177323,4.1558,107018.59404473
0.9337416364753871,4.156,107018.594258922
0.9649855410608549,4.1562,107018.594466179
0.9726585845535749,4.1564,107018.594671801
0.9741224324178992,4.1566,107018.594877114
0.9660855521640592,4.1568,107018.595084135
1.1256761231521502,4.157,107018.595261806
0.9790962601406741,4.1572,107018.595466076
1.056323137982185,4.1574,107018.595655412
0.9694995644998641,4.1576,107018.595861704
1.091446883096363,4.1578,107018.596044947
0.9322010107125256,4.158,107018.596259493
1.042035769087844,4.1582,107018.596451425
0.9736813808321882,4.1584,107018.596656831
0.8821998361632519,4.1586,107018.596883537
1.2520032155911482,4.1588,107018.597043281
0.9260502636182758,4.159,107018.597259252
0.9671928384418875,4.1592,107018.597466036
0.9622555028472988,4.1594,107018.597673881
0.941358117178266,4.1596,107018.59788634
1.1473218127094713,4.1598,107018.598060659
0.927359878440237,4.16,107018.598276325
1.0446756025091537,4.1602,107018.598467772
0.9835162696991174,4.1604,107018.598671124
0.9498073935140576,4.1606,107018.598881693
1.1502516192257355,4.1608,107018.599055568
1.0528920121834238,4.161,107018.599245521
0.9721196278720508,4.1612,107018.599451257
0.9253732592043159,4.1614,107018.599667386
1.047855615251079,4.1616,107018.599858252
1.0765073545757435,4.1618,107018.600044038
0.9876738420286136,4.162,107018.600246534
0.9673565596324892,4.1622,107018.600453283
0.9311984092516709,4.1624,107018.60066806
1.0485642401341022,4.1626,107018.600858797
1.0807072354205411,4.1628,107018.601043861
0.9278374308448349,4.163,107018.601259416
0.9672629492516653,4.1632,107018.601466185
1.0553421804322531,4.1634,107018.601655697
0.9213914717522693,4.1636,107018.60187276
1.076316237903802,4.1638,107018.602058579
0.9798926093381375,4.164,107018.602262683
0.9813349546638938,4.1642,107018.602466487
0.9533252289321406,4.1644,107018.602676279
1.0003551453196506,4.1646,107018.602876208
1.1048197119832668,4.1648,107018.603057233
0.9089628391303416,4.165,107018.603277264
1.0145795502957802,4.1652000000000005,107018.60347439
0.9105601900615394,4.1654,107018.603694035
0.9268528142092396,4.1656,107018.603909819
1.080065183747879,4.1658,107018.604094993
0.9659595991369977,4.166,107018.604302041
1.1798087506497599,4.1662,107018.60447156
0.9976803861270995,4.1664,107018.604672025
0.9343698963067204,4.1666,107018.604886073
1.091786409175731,4.1668,107018.605069259
1.0150429976468585,4.167,107018.605266295
0.936211224813179,4.1672,107018.605479922
1.010427638756427,4.1674,107018.605677858
0.9395979241748138,4.1676,107018.605890715
1.2512043386066543,4.1678,107018.606050561
0.9716237160018542,4.168,107018.606256402
0.9425248410518208,4.1682,107018.606468598
1.0014821485561871,4.1684,107018.606668302
0.9212514601395823,4.1686,107018.606885398
1.1993787117933148,4.1688,107018.607052151
0.9917633618413088,4.169,107018.607253812
0.983966278224383,4.1692,107018.607457071
0.9732549946204995,4.1693999999999996,107018.607662567
0.9766053728362938,4.1696,107018.607867358
1.0753613349752595,4.1698,107018.608053342
0.9997351050714007,4.17,107018.608253395
0.9812098277386078,4.1702,107018.608457225
0.9795470492037961,4.1704,107018.608661401
0.9199589674847186,4.1706,107018.608878802
1.1562297861974833,4.1708,107018.609051778
0.9873275959969684,4.171,107018.609254345
0.9294457993293365,4.1712,107018.609469527
0.9907121004488372,4.1714,107018.609671402
0.9813494591160996,4.1716,107018.609875203
1.124593665212283,4.1718,107018.610053045
0.9863246415803568,4.172,107018.610255818
0.9943916252276271,4.1722,107018.610456946
0.9308863344295557,4.1724,107018.610671795
0.9866555222389357,4.1726,107018.6108745
0.6651500967905281,4.1728,107018.611175184
2.6294685133343623,4.173,107018.611251245
0.9998200504560855,4.1732,107018.611451281
0.8987229096787064,4.1734,107018.611673819
1.0438903918309337,4.1736,107018.61186541
1.209211806548214,4.1738,107018.612030807
0.9840146763662493,4.174,107018.612234056
0.977770376815679,4.1742,107018.612438603
0.9764957409945401,4.1744,107018.612643417
0.8947545039109005,4.1746,107018.612866942
1.2197279133387549,4.1748,107018.613030913
0.976476662013587,4.175,107018.613235731
0.9785836607630322,4.1752,107018.613440108
0.981696292337437,4.1754,107018.613643837
0.9632519354880515,4.1756,107018.613851467
1.1248024969731802,4.1758,107018.614029276
0.9751435372855473,4.176,107018.614234374
0.9828058682744052,4.1762,107018.614437873
0.9728004747413593,4.1764,107018.614643465
0.9831440266297838,4.1766,107018.614846894
1.0912443605031485,4.1768,107018.615030171
0.9815180085122175,4.177,107018.615233937
0.9783012739032378,4.1772,107018.615438373
0.9766817133382526,4.1774000000000004,107018.615643148
0.963757920677012,4.1776,107018.615850669
1.1221896440824828,4.1778,107018.616028892
0.9809306841414096,4.178,107018.61623278
0.9777225909582028,4.1782,107018.616437337
0.9757287296700372,4.1784,107018.616642312
0.9753290640998468,4.1786,107018.616847371
1.0998921904713406,4.1788,107018.617029207
0.9785454098814333,4.179,107018.617233592
0.9768677565275021,4.1792,107018.617438328
0.9758763674535513,4.1794,107018.617643272
0.8899251436179416,4.1796,107018.61786801
1.2363689685604202,4.1798,107018.618029774
0.980469108329747,4.18,107018.618233758
0.981652889725486,4.1802,107018.618437496
0.9695230224438789,4.1804,107018.618643783
0.8996244345217144,4.1806,107018.618866098
1.2285087848493224,4.1808,107018.619028897
0.9744498734977326,4.181,107018.619234141
0.9817011306697417,4.1812,107018.619437869
0.9761954896945391,4.1814,107018.619642746
0.9710340366998413,4.1816,107018.619848712
0.8876737543646425,4.1818,107018.62007402
1.090221285291285,4.182,107018.620257469
0.9827478212397824,4.1822,107018.62046098
0.9127585306434248,4.1824,107018.620680096
0.9980438617742273,4.1826,107018.620880488
0.9960655218997663,4.1828,107018.621081278
0.9884060146781978,4.183,107018.621283624
0.9803681178514313,4.1832,107018.621487629
0.9815613992018588,4.1834,107018.621691386
0.9795998312222315,4.1836,107018.621895551
0.9766340338211829,4.1838,107018.622100336
0.9816770096071372,4.184,107018.622304069
0.9852458841023995,4.1842,107018.622507064
0.9807142576366108,4.1844,107018.622710997
0.9085953248083098,4.1846,107018.622931117
1.0270736821297088,4.1848,107018.623125845
0.9857412381695605,4.185,107018.623328738
0.9796094666482635,4.1852,107018.623532901
0.9798829683413521,4.1854,107018.623737007
0.904224521712903,4.1856,107018.623958191
1.0377480987167664,4.1858,107018.624150916
0.9174985575301456,4.186,107018.6243689
1.0215808628758822,4.1862,107018.624564675
0.9809836153766904,4.1864,107018.624768552
0.9921077850757242,4.1866,107018.624970143
0.979206546482205,4.1868,107018.62517439
0.9184803303259069,4.187,107018.625392141
1.0311191446963595,4.1872,107018.625586105
0.981465019598315,4.1874,107018.625789882
0.985445025828548,4.1876,107018.625992836
0.9852119130137423,4.1878,107018.626195838
0.9136342096374365,4.188,107018.626414744
0.804722095751944,4.1882,107018.626663277
1.3377926124520365,4.1884,107018.626812777
0.9406408498046434,4.1886,107018.627025398
1.002209877002883,4.1888,107018.627224957
0.9769918478585918,4.189,107018.627429667
1.0063044860967967,4.1892,107018.627628414
0.9092603852219058,4.1894,107018.627848373
1.103844083344156,4.1896,107018.628029558
0.9864413768202432,4.1898,107018.628232307
0.919067010634818,4.19,107018.628449919
1.0367475138627917,4.1902,107018.62864283
0.9876054959707922,4.1904,107018.62884534
1.083623197689491,4.1906,107018.629029906
0.9977749787745427,4.1908,107018.629230352
0.9154868358243949,4.191,107018.629448815
1.0282618043939227,4.1912,107018.629643318
0.9843633963838242,4.1914,107018.629846495
0.9628252570399429,4.1916,107018.630054217
1.0446646446025163,4.1918,107018.630245666
0.9203484913796361,4.192,107018.630462975
1.0336611291847062,4.1922,107018.630656462
0.986830788409346,4.1924,107018.630859131
0.8848969935851542,4.1926,107018.631085146
1.3125943013862285,4.1928,107018.631237516
1.01418335201868,4.193,107018.631434719
0.9878348439709311,4.1932,107018.631637182
0.9934136941911939,4.1934,107018.631838508
1.050983193487602,4.1936,107018.632028806
0.9897706843756842,4.1938,107018.632230873
0.9882350915266226,4.194,107018.632433254
0.9881324949693582,4.1942,107018.632635656
0.9857412381695605,4.1944,107018.632838549
1.0547855963286217,4.1946,107018.633028161
0.9870645262559058,4.1948,107018.633230782
0.987771373977086,4.195,107018.633433258
0.9875568149245206,4.1952,107018.633635778
0.9126168882441515,4.1954,107018.633854928
1.1457576131619716,4.1956,107018.634029485
0.9878835524279129,4.1958,107018.634231938
0.9854110410016258,4.196,107018.634434899
0.9903440965544571,4.1962,107018.634636849
0.9870597058008204,4.1964,107018.634839471
1.0627218139176484,4.1966,107018.635027667
0.9824774939290213,4.1968,107018.635231234
0.9864170222559885,4.197,107018.635433988
0.7862315161202411,4.1972,107018.635688366
1.3221830064932152,4.1974,107018.635839631
0.9654513000899616,4.1975999999999996,107018.636046788
1.034639717491597,4.1978,107018.636240092
0.8758101638485448,4.198,107018.636468452
1.1307164157569929,4.1982,107018.636645331
0.9782773892513803,4.1984,107018.636849772
0.985071251007582,4.1986,107018.637052803
1.1123222880628314,4.1988,107018.637232607
0.9163215109691379,4.199,107018.637450871
1.0376026897570005,4.1992,107018.637643623
0.9855664294449082,4.1994,107018.637846552
1.0953622204293785,4.1996,107018.63802914
0.9863926688855386,4.1998,107018.638231899
0.9842616726008083,4.2,107018.638435097
0.9224283989817752,4.2002,107018.638651916
1.0262831248191262,4.2004,107018.638846794
1.1024446597417874,4.2006,107018.639028209
0.8731146147138977,4.2008,107018.639257274
1.129120602497555,4.201,107018.639434403
0.9815228450916774,4.2012,107018.639638168
0.9941840331676879,4.2014,107018.639839338
0.7791499245889493,4.2016,107018.640096028
1.39048214073043,4.2018,107018.640239863
0.9884548505689965,4.202,107018.640442199
0.8708980918054864,4.2022,107018.640671847
1.0694443288024753,4.2024,107018.64085886
1.1528307896094634,4.2026,107018.641032346
0.9959960817262147,4.2028,107018.64123315
0.9918372233794068,4.203,107018.641434796
0.919024728878818,4.2032,107018.641652418
1.0067654174932101,4.2034,107018.641851074
1.119927457349944,4.2036,107018.642029657
0.9916011484327261,4.2038,107018.642231351
0.9835936241097901,4.204,107018.642434687
0.9866214538699275,4.2042,107018.642637399
0.9870352498055552,4.2044,107018.642840026
1.056016423334038,4.2046,107018.643029417
0.8759059996810903,4.2048,107018.643257752
1.1344363863690787,4.205,107018.643434051
0.9864316773275859,4.2052,107018.643636802
0.9842229060740997,4.2054,107018.643840008
1.0552864307689134,4.2056000000000004,107018.64402953
0.9221051603171578,4.2058,107018.644246425
1.0250102730937083,4.206,107018.644441545
0.9173301529443404,4.2062,107018.644659569
1.0312521410596949,4.2064,107018.644853508
1.1396595545615311,4.2066,107018.645028999
0.9854838180323691,4.2068,107018.645231945
0.7715067189163599,4.207,107018.645491178
1.3254337127392763,4.2072,107018.645642072
0.9926396012747809,4.2074,107018.645843555
0.7401102843387618,4.2076,107018.646113785
1.115318365780627,4.2078,107018.646293106
1.3393245448809186,4.208,107018.646442435
0.9902166617735179,4.2082,107018.646644411
0.9847802393017726,4.2084,107018.646847502
0.8569347270746217,4.2086,107018.647080892
1.0233528872284678,4.2088,107018.647276328
1.2721109258044694,4.209,107018.647433547
0.9879324077167858,4.2092,107018.64763599
0.9886551495210567,4.2094,107018.647838285
1.0429377609577408,4.2096,107018.648030051
0.9212938852787304,4.2097999999999995,107018.648247137
1.0274271729367315,4.21,107018.648441798
0.9181218858322376,4.2102,107018.648659634
1.0340833539803949,4.2104,107018.648853042
1.1471968375078965,4.2106,107018.64902738
0.9139264356210574,4.2108,107018.649246216
0.8756413718742285,4.211,107018.64947462
1.2915308560354972,4.2112,107018.649629475
0.8769891113308637,4.2114,107018.649857528
1.1571529331169073,4.2116,107018.650030366
1.2680298534760237,4.2118,107018.650188091
0.9156418757162563,4.212,107018.650406517
1.0030341830601681,4.2122,107018.650605912
1.0052170420961954,4.2124,107018.650804874
0.9021444372354683,4.2126,107018.651026568
1.0328337793901627,4.2128,107018.65122021
0.9742648191052775,4.213,107018.651425493
0.9306740312521669,4.2132,107018.651640391
1.0297017998063602,4.2134,107018.651834622
0.945157242392521,4.2136,107018.652046227
1.0248421990660028,4.2138,107018.652241379
1.0815896866701953,4.214,107018.652426292
0.9678902463799417,4.2142,107018.652632927
0.9880641564509854,4.2144,107018.652835343
1.0190459648666672,4.2146,107018.653031605
1.001677833877711,4.2148,107018.65323127
0.9844118336004699,4.215,107018.653434437
0.907840558048041,4.2152,107018.65365474
1.033474275150181,4.2154,107018.653848262
1.112155231254147,4.2156,107018.654028093
0.9189909923063987,4.2158,107018.654245723
1.0307896256075926,4.216,107018.654439749
0.9036035771486993,4.2162,107018.654661085
1.0451341348494132,4.2164,107018.654852448
1.1442760739548967,4.2166,107018.655027231
0.9142564320717401,4.2168,107018.655245988
1.0335223035546677,4.217,107018.655439501
0.8989855035671239,4.2172,107018.655661974
1.0473233382563876,4.2174,107018.655852937
1.052349047727808,4.2176,107018.656042988
1.0323327011320746,4.2178,107018.656236724
0.9789620805416107,4.218,107018.656441022
0.9910459318551949,4.2182,107018.656642829
0.9800462621274317,4.2184,107018.656846901
1.0149862522542892,4.2186,107018.657043948
1.0305188059243262,4.2188,107018.657238025
0.9813494591204577,4.219,107018.657441826
0.9134589030200181,4.2192,107018.657660774
0.8652502459648054,4.2194,107018.657891921
1.4621807689176098,4.2196,107018.658028703
0.8791556297847072,4.2198,107018.658256194
1.0393498196640198,4.22,107018.658448622
1.00964201859044,4.2202,107018.658646712
0.9303667162812754,4.2204,107018.658861681
1.188778015053328,4.2206,107018.659029921
0.9875128925638268,4.2208,107018.65923245
0.981889021064695,4.221,107018.659436139
0.9907071728832478,4.2212,107018.659638015
0.684258954317949,4.2214,107018.659930302
1.5412834003913312,4.2216,107018.660060064
1.021507819695139,4.2218,107018.660255853
0.9908985982491303,4.222,107018.66045769
0.9848869400924892,4.2222,107018.660660759
0.9695652906548053,4.2224,107018.660867037
1.015017210312663,4.2226,107018.661064078
0.9894867205341803,4.2228,107018.661266203
0.8701326802372249,4.223,107018.661496053
1.0261514835728653,4.2232,107018.661690956
1.02428051810685,4.2234,107018.661886215
1.1874229104237937,4.2236,107018.662054647
0.9852458841023995,4.2238,107018.662257642
0.9359702881126308,4.224,107018.662471324
1.0332606883165374,4.2242,107018.662664886
0.9951189526806622,4.2244,107018.662865867
0.9334235441696253,4.2246,107018.663080132
1.0004401961085174,4.2248,107018.663280044
1.028050366411637,4.225,107018.663474587
0.9938974598096527,4.2252,107018.663675815
1.0043689613111828,4.2254,107018.663874945
1.1135796126545385,4.2256,107018.664054546
0.7524850755443483,4.2258,107018.664320332
1.4465708145410316,4.226,107018.66445859
0.9185477923660508,4.2262,107018.664676325
1.032775105058688,4.2264,107018.664869978
1.036935709966406,4.2266,107018.665062854
1.006978297501194,4.2268,107018.665261468
0.9913062663618534,4.227,107018.665463222
0.9864705472468347,4.2272,107018.665665965
0.9813687289892207,4.2274,107018.665869762
1.1088687054575708,4.2276,107018.666050126
0.9916110213980814,4.2278,107018.666251818
0.983201979808435,4.228,107018.666455235
0.9882545617045424,4.2282,107018.666657612
0.9371851600651322,4.2284,107018.666871017
1.09969268118135,4.2286,107018.667052886
1.006096898993659,4.2288,107018.667251674
0.9846057006861132,4.229,107018.667454801
0.9751578592913952,4.2292,107018.667659896
0.9434585299816368,4.2294,107018.667871882
1.1116546315090785,4.2296,107018.668051794
0.9905893545017925,4.2298,107018.668253694
0.9764004229321579,4.23,107018.668458528
0.6755113593166338,4.2302,107018.6687546
1.7182869742665068,4.2304,107018.668870995
1.1119945224441483,4.2306,107018.669050852
0.9373827987875181,4.2308,107018.669264212
1.009387310836151,4.231,107018.669462352
0.9135632166250763,4.2312,107018.669681275
1.0286372845062177,4.2314,107018.669875707
1.136454020412752,4.2316,107018.670051693
0.9855761119291379,4.2318,107018.67025462
0.9936406476172364,4.232,107018.6704559
0.9828782609879152,4.2322,107018.670659384
0.9295149447331393,4.2324,107018.67087455
1.1333819774703955,4.2326,107018.671051013
0.9456130963477276,4.2328,107018.671262516
1.0083643629675638,4.233,107018.671460857
0.9837146423667595,4.2332,107018.671664168
0.9837290764276827,4.2334,107018.671867476
1.0139160257515536,4.2336,107018.672064731
1.0065628004123983,4.2338000000000005,107018.672263427
0.9859696502950485,4.234,107018.672466273
0.9801566927068416,4.2342,107018.672670322
0.985207110632201,4.2344,107018.672873325
1.0479598822308756,4.2346,107018.673064172
1.0117361512162473,4.2348,107018.673261852
0.8848343837535473,4.235,107018.673487883
1.0515634472085322,4.2352,107018.673678076
0.9937295180714244,4.2354,107018.673879338
1.1689891413629399,4.2356,107018.674050426
0.9456622195453717,4.2358,107018.674261918
0.9798541862042245,4.236,107018.67446603
0.9539572833797362,4.2362,107018.674675683
0.9922849938110206,4.2364,107018.674877238
1.1680536713215233,4.2366,107018.675048463
0.9855372417932619,4.2368,107018.675251398
0.9879422077606387,4.237,107018.675453839
0.9353836713304606,4.2372,107018.675667655
1.0042277658545202,4.2374,107018.675866813
1.0153934304319046,4.2376,107018.676063781
1.009672651498076,4.2378,107018.676261865
0.9848529231750806,4.2379999999999995,107018.676464941
0.9563703733372294,4.2382,107018.676674065
0.9576663747027131,4.2384,107018.676882906
0.7075963990136805,4.2386,107018.677165553
1.4965803843933487,4.2388,107018.677299191
0.9984324801020618,4.239,107018.677499505
0.9847899063445776,4.2392,107018.677702594
1.4063807591206665,4.2394,107018.677844803
1.0433893031154795,4.2396,107018.678036486
0.8670207163111703,4.2398,107018.678267161
0.9628253244904377,4.24,107018.678474883
1.0198254075264912,4.2402,107018.678670995
1.00649181525147,4.2404,107018.678869705
1.0466163093341285,4.2406,107018.679060797
1.0098970033318628,4.2408,107018.679258837
0.9893741064893954,4.241,107018.679460985
0.9811761343956685,4.2412,107018.679664822
0.9296099421382374,4.2414,107018.679879966
1.1760693183845152,4.2416,107018.680050024
0.8905671251075534,4.2418,107018.6802746
1.0174700092234095,4.242,107018.680471166
1.0217009284680505,4.2422,107018.680666918
0.9898441780937957,4.2424,107018.68086897
1.0406422461589684,4.2426,107018.681061159
0.635798648434994,4.2428,107018.681375724
1.5325435887003716,4.243,107018.681506226
1.1916110556032433,4.2432,107018.681674066
1.1172122924550614,4.2434,107018.681853083
1.1352542448802665,4.2436,107018.682029255
0.9883913008842375,4.2438,107018.682231604
0.9867382593778697,4.244,107018.682434292
0.8851751133819804,4.2442,107018.682660236
1.0582738291422964,4.2444,107018.682849223
1.0992151914254966,4.2446,107018.683031171
0.9817636826796159,4.2448,107018.683234886
0.9858190137007223,4.245,107018.683437763
0.9874543591418371,4.2452,107018.683640304
0.9851732128352334,4.2454,107018.683843314
1.0731110359166978,4.2456,107018.684029688
0.9843148934429479,4.2458,107018.684232875
0.9850518354670674,4.246,107018.68443591
0.9476068399455432,4.2462,107018.684646968
1.0308374821204516,4.2464,107018.684840985
1.07115698829013,4.2466,107018.685027699
0.985231405495847,4.2468,107018.685230697
0.97438341436842,4.247,107018.685435955
0.9772067038446739,4.2472,107018.68564062
0.9834630648036518,4.2474,107018.685843983
1.077452638229117,4.2476,107018.686029606
0.9755336336780829,4.2478,107018.686234622
0.9840728026977006,4.248,107018.686437859
0.9828251251007731,4.2482,107018.686641354
0.9835888375005692,4.2484,107018.686844691
1.0788882897157368,4.2486,107018.687030067
0.9856101081475096,4.2488,107018.687232987
0.9837532984451346,4.249,107018.68743629
0.9827043958645022,4.2492,107018.68763981
0.9859064904738477,4.2494,107018.687842669
1.0733240661508938,4.2496,107018.688029006
1.2187542512108909,4.2498,107018.688193108
0.9967754205398804,4.25,107018.688393755
0.9860766090048025,4.2501999999999995,107018.688596579
0.9067292999380976,4.2504,107018.688817152
1.2363689685604202,4.2506,107018.688978916
0.9712274055528547,4.2508,107018.689184841
0.9861397906294628,4.251,107018.689387652
0.9819131525473402,4.2512,107018.689591336
0.7673125141969251,4.2514,107018.689851986
1.2160271678647836,4.2516,107018.690016456
1.0202312527352675,4.2518,107018.69021249
0.9831488089150164,4.252,107018.690415918
0.9784735843388503,4.2522,107018.690620318
0.9828009487682479,4.2524,107018.690823818
0.967768456199624,4.2526,107018.691030479
0.9895552559772263,4.2528,107018.69123259
0.978066864817022,4.253,107018.691437075
0.9839566273404117,4.2532,107018.691640336
0.9831922735857064,4.2534,107018.691843755
0.9298952396543779,4.2536,107018.692058833
1.158372715599718,4.2538,107018.692231489
1.1005821860774787,4.254,107018.692413211
1.0321088897610102,4.2542,107018.692606989
0.9785741151810585,4.2544,107018.692811368
0.8870399435739146,4.2546,107018.693036837
1.2076638158907593,4.2548,107018.693202446
0.7580868831971371,4.255,107018.693466268
0.9303191062985672,4.2552,107018.693681248
1.4121601588371668,4.2554,107018.693822875
0.9600153326477062,4.2556,107018.694031205
0.9898588638897665,4.2558,107018.694233254
0.9748584300452893,4.256,107018.694438412
0.8654262264281778,4.2562,107018.694669512
1.138744660932053,4.2564,107018.694845144
1.0827080849122461,4.2566,107018.695029866
0.9825546850270582,4.2568,107018.695233417
0.9804594559855293,4.257,107018.695437403
0.8656659583042999,4.2572,107018.695668439
1.1289485549215368,4.2574,107018.695845595
1.084633921207896,4.2576,107018.696029989
0.9841357277835767,4.2578,107018.696233213
0.9779425698588892,4.258,107018.696437724
0.9834678501975433,4.2582,107018.696641086
0.9858870419905407,4.2584,107018.696843949
1.0856231209176463,4.2586,107018.697028175
0.9778612315245657,4.2588,107018.697232703
0.9823664696006943,4.259,107018.697436293
0.9804882736924282,4.2592,107018.697640273
0.9881276640775333,4.2594,107018.697842676
1.0759745552601745,4.2596,107018.698028554
0.9848481243014059,4.2598,107018.698231631
0.9805796342224591,4.26,107018.698435592
0.9665197476473253,4.2602,107018.69864252
0.9883571836127613,4.2604,107018.698844876
1.073589173041724,4.2606,107018.699031167
0.9859647697964186,4.2608,107018.699234014
0.9794463183740015,4.261,107018.699438211
0.9780237825235389,4.2612,107018.699642705
0.9783778797804046,4.2614,107018.699847125
1.0975984697367476,4.2616,107018.700029341
0.9794750765544281,4.2618,107018.700233532
0.9823279224284529,4.2620000000000005,107018.70043713
0.9801278944831208,4.2622,107018.700641185
0.9714207827834572,4.2624,107018.700847069
1.0794123650650027,4.2626,107018.701032355
1.0020994630100795,4.2628,107018.701231936
0.978880642257708,4.263,107018.701436251
0.9860084838145305,4.2632,107018.701639089
0.9748679032702917,4.2634,107018.701844245
1.0885124274019096,4.2636,107018.702027982
0.9780046437904037,4.2638,107018.70223248
0.9825258159643792,4.264,107018.702436037
0.9730181752151161,4.2642,107018.702641583
0.983661416011502,4.2644,107018.702844905
1.075841395721335,4.2646,107018.703030806
0.9847366341245657,4.2648,107018.703233906
0.9766960111547698,4.265,107018.703438678
0.9848481243014059,4.2652,107018.703641755
0.9800654808502823,4.2654,107018.703845823
1.0879202293855004,4.2656,107018.70402966
0.9798685770614305,4.2658,107018.704233769
0.9869671338468037,4.266,107018.70443641
0.9793551688896718,4.2661999999999995,107018.704640626
0.981065474000782,4.2664,107018.704844486
1.0741714925993056,4.2666,107018.705030676
0.9862808995294727,4.2668,107018.705233458
0.9875372303241915,4.267,107018.705435982
0.9188431705256592,4.2672,107018.705653647
1.0351753162456054,4.2674,107018.705846851
0.9933938766000813,4.2676,107018.706048181
1.0023455346514893,4.2678,107018.706247713
1.025031219327174,4.268,107018.706442829
0.9833518879855366,4.2682,107018.706646215
0.9845184545727641,4.2684,107018.70684936
1.1167693776668317,4.2686,107018.707028448
0.97864595547967,4.2688,107018.707232812
0.9842713294652792,4.269,107018.707436008
0.9855857946036163,4.2692,107018.707638933
0.978411381211383,4.2694,107018.707843346
1.0593893331822528,4.2696,107018.708032134
0.9867041852994175,4.2698,107018.708234829
0.9792976682981509,4.27,107018.708439057
0.912621069610729,4.2702,107018.708658206
1.0194355372140569,4.2704,107018.708854393
0.9460693251046314,4.2706,107018.709065794
1.093709020194221,4.2708,107018.709248658
1.0318905211055254,4.271,107018.709442477
0.981643284172396,4.2712,107018.709646217
0.9783874215300098,4.2714,107018.709850635
1.1226116526595622,4.2716,107018.710028791
0.9774167885958807,4.2718,107018.710233412
0.9804258141597424,4.272,107018.710437405
0.9856343521981462,4.2722,107018.71064032
0.9749867145860729,4.2724,107018.710845451
1.0897817079546717,4.2726,107018.711028974
0.9798541862085759,4.2728,107018.711233086
0.9773499241714592,4.273,107018.711437721
0.9927085024952611,4.2732,107018.71163919
0.9749201822121514,4.2734,107018.711844335
1.08089413426665,4.2736,107018.712029367
0.8746610994739182,4.2738,107018.712258027
1.123570232685532,4.274,107018.712436031
0.9759144099524291,4.2742,107018.712640967
0.9819854839639827,4.2744,107018.712844636
1.0733472011953265,4.2746,107018.713030969
0.9520998379026577,4.2748,107018.713241031
1.1211641782404396,4.275,107018.713419417
0.9793647995032428,4.2752,107018.713623631
0.981465019598315,4.2754,107018.713827408
0.9822893782768429,4.2756,107018.714031014
0.9837339348224784,4.2758,107018.714234321
0.9800318660506411,4.276,107018.714438396
0.98249196194995,4.2762,107018.71464196
0.9621675921347219,4.2764,107018.714849824
1.1108395249176202,4.2766,107018.715029868
0.8581923366517337,4.2768,107018.715262916
1.123639677408065,4.277,107018.715440909
0.9947378047008789,4.2772,107018.715641967
0.9774836621741954,4.2774,107018.715846574
1.0939662689972398,4.2776,107018.716029395
0.9811761343956685,4.2778,107018.716233232
0.9622925581555688,4.2780000000000005,107018.716441069
1.0001750426749916,4.2782,107018.716641034
0.9760191980665788,4.2783999999999995,107018.716845948
1.087246100094249,4.2786,107018.717029899
0.9793695450969835,4.2788,107018.717234112
0.9776127081492271,4.279,107018.717438692
0.8611743833275899,4.2792,107018.717670933
1.1457246611248402,4.2794,107018.717845495
1.0789291128777736,4.2796,107018.718030864
0.9845232502385731,4.2798,107018.718234008
0.976266981163956,4.28,107018.71843887
0.9847559666834091,4.2802,107018.718641966
0.9802335894481019,4.2804,107018.718845999
1.085964953435498,4.2806,107018.719030167
0.9789765149430751,4.2808,107018.719234462
0.9062526666158919,4.281,107018.719455151
1.0376296374790848,4.2812,107018.719647898
0.9885477018297599,4.2814,107018.719850215
0.955077874965359,4.2816,107018.720059622
1.1415720745927984,4.2818,107018.720234819
0.9784017693395285,4.282,107018.720439234
0.9855566764779424,4.2822,107018.720642165
0.9821157214120796,4.2824,107018.720845807
1.0865962577312263,4.2826,107018.721029868
0.983884005260782,4.2828,107018.721233144
0.9796670038618879,4.283,107018.721437295
0.9774167885958807,4.2832,107018.721641916
0.9830135163405788,4.2834,107018.721845372
1.0720124501628558,4.2836,107018.722031937
0.9876103927260765,4.2838,107018.722234446
0.978253436131961,4.284,107018.722438892
0.8690891243790211,4.2842,107018.722669018
1.1337610993712353,4.2844,107018.722845422
1.0853285542316216,4.2846,107018.723029698
0.8977667716356299,4.2848,107018.723252473
1.0749914175414534,4.285,107018.723438521
0.9792449188399684,4.2852,107018.72364276
0.9780285847275663,4.2854,107018.723847253
1.0887908702453837,4.2856,107018.724030943
0.9881911088171781,4.2858,107018.724233333
0.9764528663712208,4.286,107018.724438156
0.9816336086958233,4.2862,107018.724641898
0.9799358564375199,4.2864,107018.724845993
1.0745813406698959,4.2866,107018.725032112
0.9926986793647694,4.2868,107018.725233583
0.8688588079252342,4.287,107018.72546377
1.1044963523560656,4.2872,107018.725644848
0.9986618053106171,4.2874,107018.725845116
1.081993461166224,4.2876,107018.72602996
0.8701099843581579,4.2878,107018.726259816
1.125796545392702,4.288,107018.726437468
0.8403502366754632,4.2882,107018.726675464
1.1727591628249072,4.2884,107018.726846002
1.076125104815569,4.2886,107018.727031854
0.6242119104403963,4.2888,107018.727352258
2.013794737773616,4.289,107018.727451573
1.0033964430426918,4.2892,107018.727650896
0.977760847093371,4.2894,107018.727855445
1.1475259495489685,4.2896,107018.728029733
0.9767008003242785,4.2898,107018.728234504
0.9663002572575371,4.29,107018.728441479
0.9962541130754856,4.2902000000000005,107018.728642231
0.9753766162723899,4.2904,107018.72884728
1.0985932038598933,4.2906,107018.729029331
0.9855130025152836,4.2908,107018.729232271
0.9750580291098614,4.291,107018.729437387
0.9836419855983789,4.2912,107018.729640713
0.9817300214190067,4.2914,107018.729844435
1.0878492743567396,4.2916,107018.730028284
0.9763861337641431,4.2918,107018.730233121
0.979844545963498,4.292,107018.730437235
0.9785932762090589,4.2922,107018.73064161
0.9769870558300724,4.2924,107018.730846321
1.0791503061342047,4.2926,107018.731031652
0.9812724572678772,4.2928,107018.731235469
0.982303770550632,4.293,107018.731439072
0.9827188705602647,4.2932,107018.731642589
0.9785597623207339,4.2934,107018.731846971
1.098973570313412,4.2936,107018.732028959
0.9803296574183256,4.2938,107018.732232972
0.9785118992671833,4.294,107018.732437364
0.9807142576366108,4.2942,107018.732641297
0.968705946392034,4.2943999999999996,107018.732847758
1.1027911522184335,4.2946,107018.733029116
0.9784783909567094,4.2948,107018.733233515
0.983632341079113,4.295,107018.733436843
0.9790147995361471,4.2952,107018.73364113
0.8695463277785642,4.2954,107018.733871135
1.2577351066730205,4.2956,107018.734030151
0.9832841387396989,4.2958,107018.734233551
0.9812868898194355,4.296,107018.734437365
0.9765148207123873,4.2962,107018.734642175
0.9793359780187139,4.2964,107018.734846395
1.0866376662893213,4.2966,107018.735030449
0.6303461200409858,4.2968,107018.735347735
1.9380219344984728,4.297,107018.735450933
1.0020944215222272,4.2972,107018.735650515
0.9786746666786273,4.2974,107018.735854873
1.144891747780777,4.2976,107018.736029562
0.9821301787712038,4.2978,107018.736233201
0.9750104388225244,4.298,107018.736438327
1.1402313886892872,4.2982,107018.73661373
1.069684627208022,4.2984,107018.736800701
0.9605778710519927,4.2986,107018.737008909
1.0096777695213668,4.2988,107018.737206992
0.9751483112421965,4.299,107018.737412089
0.9686027226490956,4.2992,107018.737618572
0.9910016985907828,4.2994,107018.737820388
0.9448000847994759,4.2996,107018.738032073
1.0214921797897158,4.2998,107018.738227865
0.9597066997777288,4.3,107018.738436262
0.9968499582318576,4.3002,107018.738636894
0.9841503151516171,4.3004,107018.738840115
1.0538851458288638,4.3006,107018.739029889
0.9831488089150164,4.3008,107018.739233317
0.979859006400074,4.301,107018.739437428
0.9785884684580798,4.3012,107018.739641804
0.9807383314140861,4.3014,107018.739845732
1.091911660557161,4.3016,107018.740028897
0.964729433044397,4.3018,107018.740236209
0.9914733899593199,4.302,107018.740437929
0.9830424843833532,4.3022,107018.740641379
0.9826127092476616,4.3024000000000004,107018.740844918
1.0690269973505109,4.3026,107018.741032004
0.9953864058925386,4.3028,107018.741232931
0.9806421133603493,4.303,107018.741436879
0.8597824170422511,4.3032,107018.741669496
1.1345908158506424,4.3034,107018.741845771
1.0908575493988255,4.3036,107018.742029113
0.979878217775027,4.3038,107018.74223322
0.9827043958645022,4.304,107018.74243674
0.9690532591445381,4.3042,107018.742643127
0.9752149439508969,4.3044,107018.74284821
1.09715283694623,4.3046,107018.7430305
0.9752529348978233,4.3048,107018.743235575
0.9839905119200911,4.305,107018.743438829
0.5964629679444283,4.3052,107018.743774139
2.3475555357516384,4.3054,107018.743859334
1.1821309489407406,4.3056,107018.74402852
0.9785118992671833,4.3058,107018.744232912
0.9769011546221554,4.306,107018.744437641
0.979791807428738,4.3062000000000005,107018.744641766
0.9819661898670069,4.3064,107018.744845439
1.0954702190413501,4.3065999999999995,107018.745028009
0.6325310832545005,4.3068,107018.745344199
1.907104719527478,4.307,107018.74544907
0.9993903808356396,4.3072,107018.745649192
0.9791346238594786,4.3074,107018.745853454
1.124593757227126,4.3076,107018.746031296
1.092191932199429,4.3078,107018.746214414
0.9789189890766773,4.308,107018.746418721
0.9790147995361471,4.3082,107018.746623008
0.976934554991902,4.3084,107018.74682773
0.9061869984403367,4.3086,107018.747048435
1.0715586905964527,4.3088,107018.747235079
0.9850130772682854,4.309,107018.747438122
0.97580964432788,4.3092,107018.74764308
0.9849063491419987,4.3094,107018.747846145
1.0802227384662881,4.3096,107018.748031292
0.9951040383422793,4.3098,107018.748232276
0.9712321412424226,4.31,107018.7484382
0.6597546162283208,4.3102,107018.748741343
1.7183017972003332,4.3104,107018.748857737
1.1572198681639185,4.3106,107018.749030565
0.9823616949234089,4.3108,107018.749234156
0.9752196494041613,4.311,107018.749439238
0.9912718760690841,4.3112,107018.749640999
0.9829265521541817,4.3114,107018.749844473
1.087867012249837,4.3116,107018.750028319
0.8640167445487111,4.3118,107018.750259796
1.1340375366666406,4.312,107018.750436157
0.9760525381584458,4.3122,107018.750641064
0.9854741373614707,4.3124,107018.750844012
1.0741888711941265,4.3126,107018.751030199
0.9823472307431426,4.3128,107018.751233793
0.9834292165398232,4.313,107018.751437163
0.9801854926185639,4.3132,107018.751641206
0.8661721314158983,4.3134,107018.751872107
1.2843976963678112,4.3136,107018.752027822
0.9766149494402483,4.3138,107018.752232611
0.9106224511771729,4.314,107018.752452241
0.954553645689128,4.3142,107018.752661763
1.0254833009046396,4.3144,107018.752856793
1.091423047913313,4.3146,107018.75304004
1.023441969912034,4.3148,107018.753235459
0.9805892189750741,4.315,107018.753439418
0.9824581804933222,4.3152,107018.753642989
0.9633401119911738,4.3154,107018.7538506
1.1158472748054615,4.3156,107018.754029836
0.9791250675258063,4.3158,107018.7542341
0.9782916641902855,4.316,107018.754438538
0.9777560475268897,4.3162,107018.754643088
0.9798446158196326,4.3164,107018.754847202
1.0908575493988255,4.3166,107018.755030544
0.8704772851876666,4.3168,107018.755260303
1.1194510206906165,4.317,107018.755438962
0.9774167885958807,4.3172,107018.755643583
0.9767151681189472,4.3174,107018.755848351
1.10630478165471,4.3176,107018.756029133
0.9663236285805188,4.3178,107018.756236103
0.9900499615378775,4.318,107018.756438113
0.9790005034816971,4.3182,107018.756642403
1.1861903526560245,4.3184000000000005,107018.75681101
0.9938925005067827,4.3186,107018.757012239
1.0348753032904954,4.3187999999999995,107018.757205499
0.9709303848230362,4.319,107018.757411487
0.9850032646562817,4.3192,107018.757614532
0.9735439918347463,4.3194,107018.757819967
0.9706899647612991,4.3196,107018.758026006
0.9674454892452853,4.3198,107018.758232736
0.9974067044782047,4.32,107018.758433256
0.9707371342036627,4.3202,107018.758639285
0.9845475819143166,4.3204,107018.758842424
1.0655357833013648,4.3206,107018.759030123
0.8689304940233075,4.3208,107018.759260291
1.1204419312255023,4.321,107018.759438792
0.9778277677616469,4.3212,107018.759643327
0.9792112905380616,4.3214,107018.759847573
1.0936252989691488,4.3216,107018.760030451
0.8711142517866388,4.3218,107018.760260042
1.1044293423998108,4.322,107018.760441131
0.9934037852968014,4.3222,107018.760642459
0.9637671793985205,4.3224,107018.760849978
1.1181304679748423,4.3225999999999996,107018.761028848
0.864154894356763,4.3228,107018.761260288
1.1230654549519363,4.323,107018.761438372
0.9779521031195137,4.3232,107018.761642881
0.9749249539864409,4.3234,107018.761848025
1.0966475353383451,4.3236,107018.762030399
0.8695538648071969,4.3238,107018.762260402
1.0965934609825476,4.324,107018.762442785
0.9911441309512282,4.3242,107018.762644572
0.9842616021090722,4.3244,107018.76284777
1.0810519309421698,4.3246,107018.763032775
0.9694055389257988,4.3248,107018.763239087
0.9979542180100017,4.325,107018.763439497
0.9758001527871553,4.3252,107018.763644457
0.9809595295604459,4.3254,107018.763848339
1.099269524653328,4.3256,107018.764030278
0.982303840757858,4.3258,107018.764233881
0.9748963932153653,4.326,107018.764439031
0.9721527020787635,4.3262,107018.76464476
0.9872155437615834,4.3264,107018.76484735
1.0975563092622433,4.3266,107018.765029573
0.8687267277550003,4.3268,107018.765259795
1.1218559467852238,4.327,107018.765438071
0.9772734791832909,4.3272,107018.765642722
0.965297579065804,4.3274,107018.765849912
1.1158596863333023,4.3276,107018.766029146
0.9770730416121521,4.3278,107018.766233839
0.9800461922468945,4.328,107018.766437911
0.9581618981878283,4.3282,107018.766646644
0.9930634127717138,4.3284,107018.766848041
1.099172906650524,4.3286,107018.767029996
0.975695411699816,4.3288,107018.767234978
0.9785597623163883,4.329,107018.76743936
0.9769918478585918,4.3292,107018.76764407
0.9775935855010023,4.3294,107018.767848654
1.1054365021249495,4.3296,107018.768029578
0.8608296626703278,4.3298,107018.768261912
1.131292158608056,4.33,107018.768438701
0.9780524572273473,4.3302,107018.768643189
0.9747871447142966,4.3304,107018.768848362
1.0993843630444542,4.3306000000000004,107018.769030282
0.9640180434330449,4.3308,107018.769237747
0.9919453873920503,4.331,107018.769439371
0.9821928556622855,4.3312,107018.769642997
0.9771015911314135,4.3314,107018.769847684
1.102262433903487,4.3316,107018.770029129
0.9467903327196328,4.3318,107018.770240369
0.9994153802477956,4.332,107018.770440486
0.9594580742969252,4.3322,107018.770648937
1.0001600491793712,4.3324,107018.770848905
1.1012306047030376,4.3326,107018.77103052
0.9731981391811371,4.3328,107018.771236028
0.9816817776310278,4.333,107018.77143976
0.9821832395391199,4.3332,107018.771643388
0.976452797002202,4.3334,107018.771848211
1.1051860952609454,4.3336,107018.772029176
0.9790052455412862,4.3338,107018.772233465
0.976476662013587,4.334,107018.772438283
0.9779281659351957,4.3342,107018.772642797
0.9793744303062235,4.3344,107018.772847009
1.0965633636562595,4.3346,107018.773029397
0.9772305362385758,4.3347999999999995,107018.773234057
0.9803008490343745,4.335,107018.773438076
0.9563611896453493,4.3352,107018.773647202
0.9975709678484849,4.3354,107018.773847689
1.10226844525063,4.3356,107018.774029133
0.9792496632676457,4.3358,107018.774233371
0.975290998013213,4.336,107018.774438438
0.979278479676252,4.3362,107018.77464267
0.9747586611540329,4.3364,107018.774847849
1.1003944962856975,4.3366,107018.775029602
0.9783395057005227,4.3368,107018.77523403
0.9769632353060574,4.337,107018.775438746
0.9744594078787461,4.3372,107018.775643988
0.9814024355566273,4.3374,107018.775847778
1.1002794467874666,4.3376,107018.77602955
0.9796862077085988,4.3378,107018.776233697
0.9662629605983314,4.338,107018.77644068
0.9798061964493567,4.3382,107018.776644802
0.9830618207989258,4.3384,107018.776848248
1.0897817079546717,4.3386,107018.777031771
0.9863489208051381,4.3388,107018.777234539
0.9776317620089435,4.339,107018.777439115
0.932570471704031,4.3392,107018.777653576
1.000285105786123,4.3394,107018.777853519
1.1214219702277473,4.3396,107018.778031864
0.8680367200031001,4.3398,107018.778262269
1.1280697513531128,4.34,107018.778439563
0.9771971156275303,4.3402,107018.77864423
0.9764337890699375,4.3404,107018.778849057
1.0900786107188922,4.3406,107018.77903253
0.9783156191774931,4.3408,107018.779236963
0.9817251828019213,4.341,107018.779440686
0.9763384831011293,4.3412,107018.779645533
0.8678031801357559,4.3414,107018.779876
1.2699057530539293,4.3416,107018.780033492
0.9988314184603536,4.3418,107018.780233726
0.9738662826324016,4.342,107018.780439093
0.9774311079511329,4.3422,107018.780643711
0.9770777650176886,4.3424,107018.780848403
0.7825950618939812,4.3426,107018.781103963
1.397418999840268,4.3428,107018.781247084
0.9854109703495417,4.343,107018.781450045
0.9910950289707853,4.3432,107018.781651842
0.9705581477202987,4.3434,107018.781857909
1.00877120523674,4.3436,107018.78205617
1.1089486924301224,4.3438,107018.782236521
0.9886307566369469,4.344,107018.782438821
0.9762669811596205,4.3442,107018.782643683
0.9754574725429771,4.3444,107018.782848715
1.1022502346163559,4.3446,107018.783030162
0.968846753924797,4.3448,107018.783236593
0.9865776146654306,4.345,107018.783439314
0.965940861762226,4.3452,107018.783646366
0.9878251170512656,4.3454,107018.783848831
1.1008123476483016,4.3456,107018.784030515
0.9835743371570198,4.3458,107018.784233855
0.9785309881941733,4.346,107018.784438243
0.97413672444514,4.3462,107018.784643553
0.9775409499338608,4.3464,107018.784848148
1.0797503818105458,4.3466000000000005,107018.785033376
0.9995451938133884,4.3468,107018.785233467
0.9769918478542532,4.3469999999999995,107018.785438177
0.8627941753936939,4.3472,107018.785669982
1.1246253209248023,4.3474,107018.785847819
1.09140519386788,4.3476,107018.786031069
0.9831198346100735,4.3478,107018.786234503
0.9721668675997509,4.348,107018.786440229
0.9819950962196048,4.3482,107018.786643896
0.9692646372957853,4.3484,107018.786850238
1.1055587689101543,4.3486,107018.787031142
0.9805026831811454,4.3488,107018.787235119
0.9486900913748617,4.349,107018.787445936
1.0023404906829516,4.3492,107018.787645469
0.9626584808713949,4.3494,107018.787853227
1.1398479279322649,4.3496,107018.788028689
0.9756859223811947,4.3498,107018.788233673
0.9735486811812732,4.35,107018.788439107
0.9775983139451011,4.3502,107018.78864369
0.9793072280013294,4.3504,107018.788847916
1.1027668189852737,4.3506,107018.789029278
0.9752957734094744,4.3508,107018.789234344
0.720606479448193,4.351,107018.789511888
1.3919530592289453,4.3512,107018.789655571
0.9982480661823728,4.3514,107018.789855922
1.1522197835085446,4.3516,107018.7900295
0.9752101693374792,4.3518,107018.790234584
0.9822073153011688,4.352,107018.790438207
0.9722377701947411,4.3522,107018.790643918
0.9789333524811565,4.3524,107018.790848222
1.0988950158021706,4.3526,107018.791030223
0.977579191859984,4.3528,107018.79123481
0.980036687990421,4.353,107018.791438884
0.9758668053246637,4.3532,107018.79164383
0.9773499241714592,4.3534,107018.791848465
1.105076172540578,4.3536,107018.792029448
0.8683834522895018,4.3538,107018.792259761
1.11944472929488,4.354,107018.792438421
0.9775935855010023,4.3542,107018.792643005
0.976181206524057,4.3544,107018.792847885
1.0997833182443766,4.3546,107018.793029739
0.8676714206863434,4.3548,107018.793260241
1.1165636992684522,4.355,107018.793439362
0.9841066248099272,4.3552,107018.793642592
0.970162705884367,4.3554,107018.793848743
1.093505657301276,4.3556,107018.794031641
0.9893055961355894,4.3558,107018.794233803
0.9711189091425259,4.356,107018.794439751
0.9820047788235319,4.3562,107018.794643416
0.9706758422388295,4.3564,107018.794849458
1.1022320245935793,4.3566,107018.795030908
0.9800654808502823,4.3568,107018.795234976
0.9765100333709075,4.357,107018.795439787
0.9736909001762964,4.3572,107018.795645191
0.9813109216531076,4.3574,107018.795849
1.1060662649448016,4.3576,107018.796029821
0.9776174367783137,4.3578,107018.7962344
0.971434926982296,4.358,107018.796440281
0.9819806428327588,4.3582,107018.796643951
0.97575733922692,4.3584,107018.79684892
1.105289906563449,4.3586,107018.797029868
1.0723688567503578,4.3588000000000005,107018.797216371
1.017356056765404,4.359,107018.797412959
0.9781194874305282,4.3592,107018.797617433
0.972677445782796,4.3594,107018.797823051
0.9745401812435185,4.3596,107018.798028276
0.9790004337415218,4.3598,107018.798232566
1.190228254438601,4.36,107018.798400601
0.9616031234965544,4.3602,107018.798608587
0.8735837270165454,4.3604,107018.798837529
1.0855759589196705,4.3606,107018.799021763
1.0000000252642358,4.3608,107018.799221763
0.9734680720842142,4.361,107018.799427214
0.9793647995075921,4.3612,107018.799631428
0.9735250280264555,4.3614,107018.799836867
1.0436833362300377,4.3616,107018.800028496
0.9773403331436074,4.3618,107018.800233133
0.972393778558908,4.362,107018.800438811
0.9781194874261846,4.3622,107018.800643285
0.9757858119086821,4.3624,107018.800848248
1.0958304265381764,4.3626,107018.801030758
0.9885329838171087,4.3628,107018.801233078
0.9755621625481765,4.3629999999999995,107018.801438088
0.9741319603923465,4.3632,107018.801643399
0.8828423982142221,4.3634,107018.80186994
1.246323331521626,4.3636,107018.802030412
0.8432272182878752,4.3638,107018.802267596
1.1603620339524963,4.364,107018.802439956
0.9561691711033378,4.3642,107018.802649124
0.9982480661823728,4.3644,107018.802849475
1.1003702687063972,4.3646,107018.803031232
0.9748394149903249,4.3648,107018.803236394
0.9727200583373907,4.365,107018.803442003
0.9801375403001529,4.3652,107018.803646056
0.9729614163229823,4.3654,107018.803851614
1.1215791003411253,4.3656,107018.804029934
0.9799934319995679,4.3658,107018.804234017
0.9713594731075392,4.366,107018.804439914
0.9768964329240063,4.3662,107018.804644644
0.9799742160979367,4.3664,107018.804848731
1.1049418423637802,4.3666,107018.805029736
0.9806421133603493,4.3668,107018.805233684
0.9759573066007003,4.367,107018.805438611
0.9715340852951078,4.3672,107018.805644471
0.9725828716526144,4.3674,107018.805850109
1.1139144525364606,4.3676,107018.806029656
0.9751578592913952,4.3678,107018.806234751
0.9757811009860196,4.368,107018.806439715
0.9795231036842058,4.3682,107018.806643896
0.9742410620803412,4.3684,107018.806849184
1.1027546085261912,4.3686,107018.807030548
0.9782869290453283,4.3688,107018.807234987
0.9728430980679156,4.369,107018.80744057
0.976548194677971,4.3692,107018.807645373
0.9792305462955334,4.3694,107018.807849615
1.109557741095437,4.3696,107018.808029867
0.98075750729904,4.3698,107018.808233791
0.9725308430789301,4.37,107018.80843944
0.9766531189480013,4.3702,107018.808644221
0.9779999114235162,4.3704,107018.80884872
1.1086659266766437,4.3706,107018.809029117
0.9772209475580883,4.3708,107018.809233779
0.9732360420735895,4.371,107018.809439279
0.9827381942468598,4.3712,107018.809642792
0.9700167917247144,4.3714,107018.809848974
1.0719721487260343,4.3716,107018.810035546
0.9790819617114349,4.3718,107018.810239819
0.979312042813019,4.372,107018.810444044
0.975419396432581,4.3722,107018.810649084
0.9779855753976099,4.3724,107018.810853586
1.1244482926753223,4.3726,107018.811031451
0.9660715633058968,4.3728,107018.811238475
0.9813205207028151,4.373,107018.811442282
0.985804447527352,4.3732,107018.811645162
0.9748013871186793,4.3734,107018.811850332
1.1130218430716308,4.3736,107018.812030023
0.9782246800214383,4.3738,107018.812234475
0.9713028389105558,4.374,107018.812440384
0.9725829404814905,4.3742,107018.812646022
0.980300849030021,4.3744,107018.812850041
0.9436009682164572,4.3746,107018.813061995
1.1541679432307799,4.3748000000000005,107018.81323528
0.9727862907411662,4.375,107018.813440875
0.9830135163362133,4.3751999999999995,107018.813644331
0.9776604832747582,4.3754,107018.813848901
1.1047160777867029,4.3756,107018.814029943
0.9798637567757709,4.3758,107018.814234053
0.9751055548611378,4.376,107018.814439159
0.9737809293052596,4.3762,107018.814644544
0.9745734203659886,4.3764,107018.814849762
1.110913600604603,4.3766,107018.815029794
0.978019049971433,4.3768,107018.815234289
0.9714444024555712,4.377,107018.815440168
0.9810461460117432,4.3772,107018.815644032
0.9731507991748809,4.3774,107018.81584955
1.1117472512057505,4.3776,107018.816029447
0.9751293540625556,4.3778,107018.816234548
0.9740560179479554,4.378,107018.816439875
0.9793311629673168,4.3782,107018.816644096
0.9764576531608655,4.3784,107018.816848918
1.1062191210407206,4.3786,107018.817029714
0.9751863661911583,4.3788,107018.817234803
0.9749820113717059,4.379,107018.817439935
0.9804498038357112,4.3792,107018.817643923
0.9766006539969344,4.3794,107018.817848715
0.9648411799350517,4.3796,107018.818056003
1.1227314200976992,4.3798,107018.81823414
0.9739042375834214,4.38,107018.818439499
0.9763908505306433,4.3802,107018.818644335
0.9796046489072036,4.3804,107018.818848499
1.0847928117744645,4.3806,107018.819032866
0.9838355495453426,4.3808,107018.819236152
0.9791729905804468,4.381,107018.819440406
0.9770252544303584,4.3812,107018.819645109
0.9524671573205118,4.3814,107018.81985509
1.146979703976836,4.3816,107018.820029461
0.9673144157006941,4.3818,107018.820236219
0.9752815165550025,4.382,107018.820441288
0.9782294841941854,4.3822,107018.820645739
0.9688279726653629,4.3824,107018.820852174
1.1261832509471519,4.3826,107018.821029765
0.9695230224438789,4.3828,107018.821236052
0.9717511505679919,4.383,107018.821441866
0.8722768730456844,4.3832,107018.821671151
1.1247265575435708,4.3834,107018.821848972
1.1123718026840224,4.3836,107018.822028768
0.9110828562829412,4.3838,107018.822248287
1.227566230241607,4.384,107018.822411211
1.0231644853782151,4.3842,107018.822606683
0.9730181752194372,4.3844,107018.822812229
0.9662116059719115,4.3846,107018.823019223
0.9847802393017726,4.3848,107018.823222314
0.976209703939848,4.385,107018.823427188
0.9736956599246375,4.3852,107018.823632591
0.9713028389105558,4.3854,107018.8238385
1.048531281909364,4.3856,107018.824029243
0.8553295481622515,4.3858,107018.824263071
1.1365832452451734,4.386,107018.824439037
0.9736671711323033,4.3862,107018.824644446
0.9778420991570319,4.3864,107018.824848978
1.1000554952102695,4.3866,107018.825030787
0.9843198281172129,4.3868,107018.825233973
0.9764099261541037,4.3870000000000005,107018.825438805
0.9737904506003033,4.3872,107018.825644188
0.9738852597424346,4.3874,107018.825849551
1.1076956376066798,4.3876,107018.826030106
0.8683457601247968,4.3878,107018.826260429
1.123665032377396,4.388,107018.826438418
0.9554429132575112,4.3882,107018.826647745
0.9905403074682413,4.3884,107018.826849655
1.1035882828953356,4.3886,107018.827030882
0.9760906637160226,4.3888,107018.827235781
0.9687717015591608,4.389,107018.827442228
0.9811231823789369,4.3892,107018.827646076
0.9762097732830008,4.3894,107018.82785095
1.11318284897831,4.3896,107018.828030615
0.9789908102969337,4.3898,107018.828234907
0.9787321638283623,4.39,107018.828439253
0.9741983852190782,4.3902,107018.82864455
0.9538980919788503,4.3904,107018.828854216
1.1341082813663703,4.3906,107018.829030566
0.9763194102690325,4.3908,107018.829235417
0.9756049589864452,4.391,107018.829440418
0.9771732848550048,4.3911999999999995,107018.82964509
0.9587727606307637,4.3914,107018.82985369
1.1358860616965876,4.3916,107018.830029764
0.9732028251964561,4.3918,107018.830235271
0.9763194102733682,4.392,107018.830440122
0.9785836607586864,4.3922,107018.830644499
0.9723322772224339,4.3924,107018.83085019
1.1030892550926945,4.3926,107018.831031499
0.9813734940189246,4.3928,107018.831235295
0.9717747863085314,4.393,107018.831441104
0.9795566835958645,4.3932,107018.831645278
0.9753052551405605,4.3934,107018.831850342
1.106702716420972,4.3936,107018.832031059
0.9819951663783536,4.3938,107018.832234726
0.976557700776648,4.394,107018.832439527
0.9751721125307782,4.3942,107018.832644619
0.9756383400413006,4.3944,107018.832849613
1.1135485756992722,4.3946,107018.833029219
0.8577653001230303,4.3948,107018.833262383
1.1316954157561436,4.395,107018.833439109
0.9723417702095676,4.3952,107018.833644798
0.979494272881671,4.3954,107018.833848985
1.1100257920759813,4.3956,107018.834029161
0.9737619562695794,4.3958,107018.83423455
0.9757763208272443,4.396,107018.834439515
0.9717275846764099,4.3962,107018.834645334
0.8604963698890323,4.3964,107018.834877758
1.3092089939102842,4.3966,107018.835030522
0.8661645437260742,4.3968,107018.835261425
1.1224982364644993,4.397,107018.835439599
0.9748061577214874,4.3972,107018.835644768
0.9737051105687982,4.3974,107018.835850169
1.102718155735411,4.3976,107018.836031539
0.983303484667568,4.3978,107018.836234935
0.9774120619119566,4.398,107018.836439557
0.9730323659782847,4.3982,107018.8366451
0.9670338674928336,4.3984,107018.836851918
1.114721512336689,4.3986,107018.837031335
0.9716048269254198,4.3988,107018.83723718
0.8764933613112479,4.399,107018.837465362
1.1112592381387498,4.3992,107018.837645338
0.9779521031195137,4.3994,107018.837849847
1.1154800368400966,4.3996,107018.838029142
0.973951650923544,4.3998,107018.838234491
0.9722188572443061,4.4,107018.838440206
0.9758001527871553,4.4002,107018.838645166
0.9785118992715288,4.4004,107018.838849558
1.1074810614919335,4.4006,107018.839030148
0.892367096233863,4.4008,107018.839254271
1.0745755435070732,4.401,107018.839440391
0.957276765574341,4.4012,107018.839649317
0.9933889941265694,4.4014,107018.839850648
1.1103584978723355,4.4016,107018.84003077
0.9735392335734169,4.4018,107018.840236206
0.9840195375781052,4.402,107018.840439454
0.9720959753454644,4.4022,107018.840645195
0.978995621997752,4.4024,107018.840849486
1.1129041381067521,4.4026,107018.841029196
0.9757573392312533,4.4028,107018.841234165
0.9729424752038303,4.4030000000000005,107018.841439727
0.9763241263908919,4.4032,107018.841644577
0.9725497681697951,4.4033999999999995,107018.841850222
1.1164452440304373,4.4036,107018.842029362
0.8541350854523171,4.4038,107018.842263517
1.1317273793541323,4.404,107018.842440238
0.9806805983188309,4.4042,107018.842644178
0.971647345543585,4.4044,107018.842850014
1.1099518347358457,4.4046,107018.843030202
0.974492641487069,4.4048,107018.843235437
0.9715387552990232,4.405,107018.843441296
0.9795615008564436,4.4052,107018.843645469
0.9766530495505261,4.4054,107018.84385025
1.105271595957748,4.4056,107018.844031201
0.987430025474725,4.4058,107018.844233747
0.9676420639945468,4.406,107018.844440435
0.9759810780958399,4.4062,107018.844645357
0.9771636972936518,4.4064,107018.844850031
1.1059255536190895,4.4066,107018.845030875
0.8692289011429883,4.4068,107018.845260964
1.1056198679753209,4.407,107018.845441858
0.9772352611669723,4.4072,107018.845646517
0.9823279224284529,4.4074,107018.845850115
1.108481549152587,4.4076,107018.846030542
0.7196885243088101,4.4078,107018.84630844
1.3795196925555762,4.408,107018.846453418
0.9786219843127331,4.4082,107018.846657787
0.9923342137788217,4.4084,107018.846859332
1.0108667790539783,4.4086,107018.847057182
1.1217239150053429,4.4088,107018.847235479
0.9751815918575668,4.409,107018.847440569
0.9732266005326164,4.4092,107018.847646071
0.9746873212856673,4.4094,107018.847851265
1.1264940439558147,4.4096,107018.848028807
0.972597049717041,4.4098,107018.848234442
0.9758906417047459,4.41,107018.848439383
0.9726349057977782,4.4102,107018.84864501
0.8615268326987906,4.4104,107018.848877156
1.313741072239196,4.4106,107018.849029393
0.9734870336779217,4.4108,107018.84923484
0.9769918478542532,4.411,107018.84943955
0.9546265774556107,4.4112,107018.849649056
0.9940111059910747,4.4114,107018.849850261
1.0993239511884907,4.4116,107018.850032191
0.9890560622336462,4.4118,107018.850234404
0.9711331131757404,4.412,107018.850440349
0.7490889129761241,4.4122,107018.85070734
1.2918644580198162,4.4124,107018.850862155
1.1844341338547448,4.4126,107018.851031012
0.9637950241997539,4.4128,107018.851238525
0.9870207185606482,4.413,107018.851441155
0.9762669118126759,4.4132,107018.851646017
0.9753338398732201,4.4134,107018.851851075
1.1118029203628668,4.4136,107018.852030963
0.9521088739819863,4.4138,107018.852241023
0.9988214011882002,4.414,107018.852441259
0.9711283784561473,4.4142,107018.852647205
0.9792305462955334,4.4144,107018.852851447
1.1206239133562121,4.4146,107018.853029919
0.96811980229806,4.4148,107018.853236505
0.967773158217611,4.415,107018.853443165
0.975319581905825,4.4152000000000005,107018.853648226
0.9753718400800947,4.4154,107018.853853276
1.1267097706851892,4.4156,107018.854030784
0.9777321894857113,4.4158,107018.854235339
0.9752386792957397,4.416,107018.854440417
0.9721526333107672,4.4162,107018.854646146
0.974136724449466,4.4164,107018.854851456
1.115784949580487,4.4166,107018.855030702
1.214897112814363,4.4168,107018.855195325
0.9876689446441238,4.417,107018.855397822
0.9745686520365622,4.4172,107018.855603041
0.9762955529390399,4.4174,107018.855807897
0.908653052230693,4.4176,107018.856028003
0.780826038154185,4.4178,107018.856284142
1.3748917826911176,4.418,107018.856429608
1.2586294797159352,4.4182,107018.856588511
0.9683682298418783,4.4184,107018.856795044
0.9476607444659935,4.4186,107018.85700609
0.9968399806685989,4.4188,107018.857206724
0.9711661202874409,4.419,107018.857412662
0.9761430045638445,4.4192,107018.85761755
0.9759858602523017,4.4193999999999996,107018.857822471
0.964217895205821,4.4196,107018.858029893
0.980565222476276,4.4198,107018.858233857
0.9700167917204067,4.42,107018.858440039
0.9753766162767215,4.4202,107018.858645088
0.9715717899867659,4.4204,107018.85885094
1.1167319924562331,4.4206,107018.859030034
0.9754051359593371,4.4208,107018.859235077
0.966804758203342,4.421,107018.859441944
0.9794463183696519,4.4212,107018.859646141
0.9769202501905132,4.4214,107018.859850866
1.1100442605386736,4.4216,107018.860031039
0.981498732785007,4.4218,107018.860234809
0.9730655712115374,4.422,107018.860440345
0.9759858602566359,4.4222,107018.860645266
0.9686402684225216,4.4224,107018.860851741
1.1253024803372693,4.4226,107018.861029471
0.8559848330071341,4.4228,107018.86126312
1.1215100015992903,4.423,107018.861441451
0.9728052257795892,4.4232,107018.861647042
0.9792975985243306,4.4234,107018.86185127
1.1162209191519843,4.4236,107018.862030446
0.8500835212904723,4.4238,107018.862265717
1.1458560029904705,4.424,107018.862440259
0.9708125599949967,4.4242,107018.862646272
0.9758001527914887,4.4244,107018.862851232
1.1167007795326274,4.4246,107018.863030331
0.9713170483291159,4.4248,107018.863236237
0.9728146591465461,4.425,107018.863441826
0.970935049024964,4.4252,107018.863647813
0.9773642415632691,4.4254,107018.863852445
1.1241449715746366,4.4256,107018.864030358
0.9775123747343253,4.4258,107018.864234959
0.9716048269297346,4.426,107018.864440804
0.9759286853122231,4.4262,107018.864645737
0.9714869070381599,4.4264,107018.864851607
1.1240627774840897,4.4266,107018.865029533
0.9771875275985415,4.4268,107018.865234202
0.969043898584664,4.427,107018.865440591
0.9743597206399944,4.4272,107018.865645854
0.9762812668446208,4.4274000000000004,107018.865850713
1.119927457349944,4.4276,107018.866029296
0.9727673564441659,4.4278,107018.866234895
0.9755954714228326,4.428,107018.866439898
0.9742268360444702,4.4282,107018.866645189
0.9739042375834214,4.4284,107018.866850548
1.103162212170836,4.4286,107018.867031845
0.9826078619213797,4.4288,107018.867235385
0.9726017987771055,4.429,107018.867441019
0.9736008187240482,4.4292,107018.867646442
0.9772448501370389,4.4294,107018.867851099
1.1199525538044548,4.4296,107018.868029678
0.9757763208315776,4.4298,107018.868234643
0.9745068752868428,4.43,107018.868439875
0.9722897674232487,4.4302,107018.868645575
0.9726963765841359,4.4304,107018.868851189
1.109385424307156,4.4306,107018.869031469
0.9803249025154875,4.4308,107018.869235483
0.9713075753400913,4.431,107018.869441391
0.9744261765327835,4.4312000000000005,107018.86964664
0.9753860995754419,4.4314,107018.869851687
1.1259423590104025,4.4315999999999995,107018.870029316
0.856256008741865,4.4318,107018.870262891
1.1193570218384605,4.432,107018.870441565
0.9754479878476856,4.4322,107018.870646599
0.9722188572443061,4.4324,107018.870852314
1.1201155712464184,4.4326,107018.871030867
0.972492995098086,4.4328,107018.871236524
0.97797123979633,4.433,107018.871441029
0.9737856899338321,4.4332,107018.871646413
0.9760810973871287,4.4334,107018.871851314
1.0030593651039095,4.4336,107018.872050704
1.0051968243004357,4.4338,107018.87224967
0.9771780092341326,4.434,107018.872454341
0.9781912609908012,4.4342,107018.8726588
0.9760810973914633,4.4344,107018.872863701
1.2170262190538106,4.4346,107018.873028036
0.8924826432252041,4.4348,107018.87325213
1.010340807160534,4.435,107018.873450083
0.9790292354879575,4.4352,107018.873654367
0.9729944789482835,4.4354,107018.873859918
1.1839644769384468,4.4356,107018.874028842
0.970209687122571,4.4358,107018.874234983
0.9775505448952588,4.436,107018.874439576
0.9760097024531807,4.4362,107018.874644492
0.9780812032175564,4.4364,107018.874848974
1.1095269279270235,4.4366,107018.875029231
0.8619612456393121,4.4368,107018.87526126
1.119181648149949,4.437,107018.875439962
0.8592430693096325,4.4372,107018.875672725
1.1198270827833425,4.4374,107018.875851324
1.128470806726306,4.4376,107018.876028555
0.9738093557567921,4.4378,107018.876233934
0.9750628022249798,4.438,107018.876439049
0.9644271012555123,4.4382,107018.876646426
0.9601997087498703,4.4384,107018.876854716
1.1409664058403748,4.4386,107018.877030006
0.9766197378148257,4.4388,107018.877234794
0.8599524136370698,4.439,107018.877467365
1.1283434199088427,4.4392,107018.877644616
0.9629690154953435,4.4394,107018.877852307
1.1153183657855799,4.4396,107018.878031628
0.9813350247283436,4.4398,107018.878235432
0.8677655383226782,4.44,107018.878465909
1.1196139833526184,4.4402,107018.878644542
0.9678480559393539,4.4404,107018.878851186
1.1131952914629704,4.4406,107018.879030849
0.9717369971549046,4.4408,107018.879236666
0.9817734308519485,4.441,107018.879440379
0.9717369971549046,4.4412,107018.879646196
0.9728147280039118,4.4414,107018.879851785
1.111531012770573,4.4416,107018.880031717
0.9854060953802047,4.4418,107018.880234679
0.9778660321324361,4.442,107018.880439206
0.744853989143387,4.4422,107018.880707715
1.2920647262448983,4.4424,107018.880862506
1.2054002541821163,4.4426,107018.881028426
0.9748726053838291,4.4428,107018.881233581
0.9681198704924107,4.443,107018.881440167
0.9768009672015828,4.4432,107018.881644917
0.9772639591443816,4.4434000000000005,107018.88184957
1.1193194631760288,4.4436,107018.88202825
0.9737193213674405,4.4437999999999995,107018.882233648
0.9724882471048197,4.444,107018.882439306
0.9712840309575824,4.4442,107018.882645219
0.9768582443915492,4.4444,107018.882849957
1.1167568551573046,4.4446,107018.883029047
0.9668561758948742,4.4448,107018.883235903
0.9813350247327015,4.445,107018.883439707
0.9730513794841463,4.4452,107018.883645246
0.9704544603665827,4.4454,107018.883851335
1.124005965779709,4.4456,107018.88402927
0.9749392004181405,4.4458,107018.884234411
0.974886919432329,4.446,107018.884439563
0.8590659428907441,4.4462,107018.884672374
1.127459268514867,4.4464,107018.884849764
1.1128669211253615,4.4466,107018.88502948
0.976471944417973,4.4468,107018.885234299
0.9723984568313071,4.447,107018.885439976
0.9730892020450583,4.4472,107018.885645507
0.8580560865557559,4.4474,107018.885878592
1.3142590298781975,4.4475999999999996,107018.886030769
0.9795279206232111,4.4478,107018.886234949
0.9751340586985653,4.448,107018.886440049
0.8648984996481899,4.4482,107018.88667129
1.114914212216662,4.4484,107018.886850676
1.1122728678591294,4.4486,107018.887030488
1.235971704020743,4.4488,107018.887192304
0.8664047394898908,4.449,107018.887423143
1.130710090128334,4.4492,107018.887600023
0.9638275343701362,4.4494,107018.887807529
0.9606009663834632,4.4496,107018.888015732
0.9842083165496969,4.4498,107018.888218941
0.970092105612736,4.45,107018.888425107
0.974070238991198,4.4502,107018.888630431
0.9745591155176891,4.4504,107018.888835652
1.0397442187933814,4.4506,107018.889028007
0.9730987098222194,4.4508,107018.889233536
0.971340594308071,4.451,107018.889439437
0.9734160177044222,4.4512,107018.889644899
0.974939200413811,4.4514,107018.88985004
1.120084168905236,4.4516,107018.890028598
0.9720204187533902,4.4518,107018.890234355
0.9746968603138251,4.452,107018.890439547
0.9757096806577432,4.4522,107018.890644526
0.9716803876208481,4.4524,107018.890850355
1.1159095163943087,4.4526,107018.891029581
0.9739706313564642,4.4528,107018.891234926
0.9743407941128641,4.453,107018.891440193
0.9707559209864752,4.4532,107018.891646218
0.9770586632954429,4.4534,107018.891850914
1.127217830449037,4.4536,107018.892028342
0.9717370658597976,4.4538,107018.892234159
0.9770920744367242,4.454,107018.892438848
0.7608873122640757,4.4542,107018.892701699
1.2503594990306974,4.4544,107018.892861653
1.200084047320293,4.4546,107018.893028308
0.9656284756315693,4.4548,107018.893235427
0.9764051398367168,4.455,107018.89344026
0.9749724667614053,4.4552,107018.893645394
0.9735107539424337,4.4554,107018.893850836
1.122365961806847,4.4556000000000004,107018.894029031
0.8673327552228716,4.4558,107018.894259623
1.0849870365188863,4.456,107018.894443957
0.9903637926443144,4.4562,107018.894645903
0.8290739424026294,4.4564,107018.894887136
1.3782552650843054,4.4566,107018.895032247
0.8699094086779317,4.4568,107018.895262156
1.1187809742592105,4.457,107018.895440922
0.9761382901916321,4.4572,107018.895645811
0.972928287062466,4.4574,107018.895851376
1.1347259878609652,4.4576,107018.89602763
0.9723275995824824,4.4578,107018.896233322
0.9636417625515754,4.458,107018.896440868
0.9811521091588554,4.4582,107018.89664471
0.9742078456246616,4.4584,107018.896850005
1.1237722524722702,4.4586,107018.897027977
0.9730276816043556,4.4588,107018.897233521
1.1693444080866064,4.459,107018.897404557
0.952104388901374,4.4592,107018.897614618
1.0033461928560805,4.4594,107018.897813951
0.9602274148851196,4.4596,107018.898022235
0.9927873813890655,4.4597999999999995,107018.898223688
0.969772170758042,4.46,107018.898429922
0.9790531568670376,4.4602,107018.898634201
0.9755288559479122,4.4604,107018.898839218
0.9027348560200508,4.4606,107018.899060767
1.158842510144837,4.4608,107018.899233353
0.9567364004933665,4.461,107018.899442397
1.19995443798094,4.4612,107018.89960907
0.9707135489116154,4.4614,107018.899815104
0.9655818013400057,4.4616,107018.900022233
0.9713123118115066,4.4618,107018.90022814
0.9728383466554335,4.462,107018.900433724
0.9688279726696655,4.4622,107018.900640159
0.9707701144031321,4.4624,107018.900846181
1.0976767513208125,4.4626,107018.901028384
0.9752909980088817,4.4628,107018.901233451
0.9685699578114243,4.463,107018.901439941
0.9733638999475686,4.4632,107018.901645414
0.9717936819940054,4.4634,107018.901851219
1.1210950391548498,4.4636,107018.902029616
0.9757716100005569,4.4638,107018.902234582
0.9749486752173242,4.464,107018.902439721
0.9727768579243745,4.4642,107018.902645318
0.9738804981445893,4.4644,107018.902850682
1.115486283745703,4.4646,107018.903029976
0.9697393267520057,4.4648,107018.903236217
0.972597049717041,4.465,107018.903441852
0.9685089392018538,4.4652,107018.903648355
0.9714774307313766,4.4654,107018.903854227
1.1375981404986617,4.4656,107018.904030036
0.974160407333701,4.4658,107018.904235341
0.9668421647150998,4.466,107018.9044422
0.8642220566546371,4.4662,107018.904673622
1.1097240184191854,4.4664,107018.904853847
1.132522017121448,4.4666,107018.905030444
0.9733212999029436,4.4668,107018.905235926
0.975428949791142,4.467,107018.905440964
0.9734159487619097,4.4672,107018.905646426
1.0329565048021094,4.4674,107018.905840045
1.0530195509791305,4.4676,107018.906029975
0.8992846135921783,4.4678,107018.906252374
1.0160794726850393,4.468,107018.906449209
0.9817300214190067,4.4682,107018.906652931
0.9046335207294867,4.4684,107018.906874015
1.2882696128899371,4.4686,107018.907029262
0.906988334127964,4.4688,107018.907249772
1.0075515882751744,4.469,107018.907448273
0.9765148207123873,4.4692,107018.907653083
0.9078446957613161,4.4694,107018.907873385
0.9371017702840863,4.4696,107018.908086809
1.7492149978037925,4.4698,107018.908201146
0.8541241507970634,4.47,107018.908435304
1.1147091261201925,4.4702,107018.908614723
0.9703697725232291,4.4704,107018.90882083
0.9613489419820379,4.4706,107018.909028871
0.9749296566416857,4.4708,107018.909234014
0.9707465960733908,4.471,107018.909440041
0.9739279091689073,4.4712,107018.909645395
0.9670197831231251,4.4714,107018.909852216
1.1147092165295347,4.4716000000000005,107018.910031635
0.9756287825721138,4.4718,107018.910236631
0.9800654808502823,4.4719999999999995,107018.910440699
0.9694243425849973,4.4722,107018.910647007
0.9707371342079737,4.4724,107018.910853036
0.8085217896733127,4.4726,107018.911100401
1.4501266018728558,4.4728,107018.91123832
0.977502780517872,4.473,107018.911442923
0.9728004747413593,4.4732,107018.911648515
0.9766292453064179,4.4734,107018.911853301
0.9357031649208452,4.4736,107018.912067044
0.9786603108685719,4.4738,107018.912271405
1.0766870678298437,4.474,107018.91245716
0.9676186288539658,4.4742,107018.912663853
0.9857946898534604,4.4744,107018.912866735
1.152844037498582,4.4746,107018.913040219
0.8713610128171058,4.4748,107018.913269745
1.115013617496953,4.475,107018.913449115
0.9744926414913966,4.4752,107018.91365435
0.9727910416451709,4.4754,107018.913859944
1.183263898461427,4.4756,107018.914028968
0.9725214152111439,4.4758,107018.914234619
0.9771445922113648,4.476,107018.914439297
0.972029836905745,4.4762,107018.914645052
0.9782582405871622,4.4764,107018.914849497
1.0177805895403442,4.4766,107018.915046003
1.0177236883706906,4.4768,107018.91524252
0.9770157392312769,4.477,107018.915447225
0.9614783364680701,4.4772,107018.915655238
0.914436182143249,4.4774,107018.915873952
1.1080884986945732,4.4776,107018.916054443
1.0354003816357118,4.4778,107018.916247605
1.013998236199789,4.478,107018.916444844
1.0524376896266103,4.4782,107018.916634879
0.9750105079867525,4.4784,107018.916840005
1.0667292459452884,4.4786,107018.917027494
0.9725545167638121,4.4788,107018.917233138
0.9688420414687151,4.479,107018.91743957
0.9750342333811562,4.4792,107018.917644691
0.9714207827834572,4.4794,107018.917850575
1.1324066830273627,4.4796,107018.91802719
0.9716000876050769,4.4798,107018.918233036
1.0752977294121442,4.48,107018.918419031
1.0148163538463537,4.4802,107018.918616111
0.9039915600872193,4.4804,107018.918837352
0.9131711016331807,4.4806,107018.919056369
1.1038806992755972,4.4808,107018.919237548
0.9642225627810883,4.481,107018.919444969
0.8582070197440947,4.4812,107018.919678013
1.1272304962105746,4.4814,107018.919855439
1.1555217061519727,4.4816,107018.920028521
0.8649172232023847,4.4818,107018.920259757
1.1043744091768077,4.482,107018.920440855
0.8632522060500201,4.4822,107018.920672537
1.1039477313419448,4.4824,107018.920853705
1.0672643631136811,4.4826,107018.9210411
1.0092039415374663,4.4828,107018.921239276
0.9924129615411031,4.483,107018.921440805
0.9729140993435402,4.4832,107018.921646373
0.9767914563619479,4.4834,107018.921851125
1.1197142285061343,4.4836,107018.922029742
0.9700120678796947,4.4838000000000005,107018.922235925
0.9806565273711833,4.484,107018.92243987
0.9692646373000897,4.4842,107018.922646212
0.9704404132175759,4.4844,107018.922852304
1.142511083516667,4.4846,107018.923027357
0.9690203954941878,4.4848,107018.923233751
0.9688420414687151,4.485,107018.923440183
0.8822387973093546,4.4852,107018.923666879
1.0390150198104573,4.4854,107018.923859369
1.1828230603342438,4.4856,107018.924028456
0.9770776955598507,4.4858,107018.924233148
0.9711189777600451,4.486,107018.924439096
0.9716378661152149,4.4862,107018.924644934
0.9622416246862202,4.4864,107018.924852782
1.0724493549593281,4.4866,107018.925039271
1.0204341828429413,4.4868,107018.925235266
0.9734823449252564,4.487,107018.925440714
0.9685323492315753,4.4872,107018.925647212
0.9732596811876836,4.4874,107018.925852707
1.1442891259624286,4.4876,107018.926027488
0.9660156119284581,4.4878,107018.926234524
0.9750675062145042,4.4879999999999995,107018.926439638
0.9672863671708083,4.4882,107018.926646402
0.9633447710762364,4.4884,107018.926854012
1.150238334576112,4.4886,107018.927027889
0.971633195158439,4.4888,107018.927233728
0.963089600611043,4.489,107018.927441393
0.8632298676811917,4.4892,107018.927673081
0.9327270480258983,4.4894,107018.927887506
1.3585664471693635,4.4896,107018.92803472
0.9982031876920239,4.4898,107018.92823508
0.9570889780051008,4.49,107018.928444047
0.9846686939433794,4.4902,107018.928647161
0.9723558724529501,4.4904,107018.928852847
1.0513202030391346,4.4906,107018.929043084
1.041547351262094,4.4908,107018.929235106
0.9708313496973983,4.491,107018.929441115
0.9718597883041472,4.4912,107018.929646906
0.9532343804496666,4.4914,107018.929856718
1.152491959766874,4.4916,107018.930030255
0.9830956437721782,4.4918,107018.930233694
0.9672021632748068,4.492,107018.930440476
0.972029836905745,4.4922,107018.930646231
0.9738141856535877,4.4924,107018.930851609
1.127122522794718,4.4926,107018.931029052
0.9767198186493767,4.4928,107018.931233819
0.9714113764297931,4.493,107018.931439705
0.971284030953269,4.4932,107018.931645618
0.970864336303426,4.4934,107018.93185162
1.1261515074655604,4.4936,107018.932029216
0.9753100306851026,4.4938,107018.932234279
0.9710623029929613,4.494,107018.932440239
0.9707088868375353,4.4942,107018.932646274
0.9720912312281288,4.4944,107018.932852016
1.1357119463551337,4.4946,107018.933028117
0.8600485775435357,4.4948,107018.933260662
1.1205674487213786,4.495,107018.933439143
0.8514370089583061,4.4952,107018.93367404
1.0689756956467533,4.4954,107018.933861135
1.166255496853994,4.4956,107018.934032624
0.9581481378592842,4.4958,107018.93424136
0.9912226899430522,4.496,107018.934443131
0.9807719946907725,4.4962,107018.934647052
0.8612485308237082,4.4964,107018.934879273
1.3274924137217987,4.4966,107018.935029933
0.9772496446904703,4.4968,107018.935234589
0.9708454767409583,4.497,107018.935440595
0.9700120678796947,4.4972,107018.935646778
0.9706711805269314,4.4974,107018.935852821
1.125492404402147,4.4976,107018.936030521
0.9508776588173209,4.4978,107018.936240853
0.9854595107231563,4.498,107018.936443804
0.8219493329426075,4.4982,107018.936687128
1.132425903750069,4.4984,107018.93686374
1.2100091822971393,4.4986,107018.937029028
0.8552966532423361,4.4988,107018.937262865
0.9658289957486031,4.499,107018.937469941
0.9890952104390212,4.4992,107018.937672146
0.7647861883352618,4.4994,107018.937933657
1.3472367856501921,4.4996,107018.938082109
1.0745986485184205,4.4998000000000005,107018.938268225
1.0654051948176115,4.5,107018.938455947
0.9053952486261009,4.5001999999999995,107018.938676845
1.0541073453011682,4.5004,107018.938866579
1.1358732006784384,4.5006,107018.939042655
0.9096077284927305,4.5008,107018.93926253
0.9206111116697593,4.501,107018.939479777
1.034174236898884,4.5012,107018.939673168
1.0502767540996376,4.5014,107018.939863594
1.1226242151142087,4.5016,107018.940041748
0.9081126480049553,4.5018,107018.940261985
0.9751911405628372,4.502,107018.940467073
0.9502270770476587,4.5022,107018.940677549
1.0410540288103873,4.5024,107018.940869662
1.0964310949738818,4.5026,107018.941052072
1.0263620644587743,4.5028,107018.941246935
0.9064129034523755,4.503,107018.941467585
0.9288457352935728,4.5032,107018.941682906
0.979048414343297,4.5034,107018.941887186
1.197604750235467,4.5036000000000005,107018.942054186
0.9761001609091755,4.5038,107018.942259083
0.9689735293626432,4.504,107018.942465487
0.9590670062617562,4.5042,107018.942674023
0.9825788492450624,4.5044,107018.942877569
1.1206553459693378,4.5046,107018.943056036
0.9303796902218885,4.5048,107018.943271002
1.0845692996187304,4.505,107018.943455407
0.9738947830778119,4.5052,107018.943660768
0.9196882262059453,4.5054,107018.943878233
0.7897802296361544,4.5056,107018.944131468
1.7796603815458236,4.5058,107018.944243849
0.9907610930713384,4.506,107018.944445714
0.9740560179436297,4.5062,107018.944651041
0.9728762215270326,4.5064,107018.944856617
1.162810963533616,4.5066,107018.945028614
0.9654793101230408,4.5068,107018.945235765
0.9765481946736343,4.507,107018.945440568
0.9723181068763593,4.5072,107018.945646262
0.9561600577907963,4.5074,107018.945855432
1.1583391315819729,4.5076,107018.946028093
0.9661742482351382,4.5078,107018.946235095
0.9733544559300219,4.508,107018.94644057
0.9718408900521671,4.5082,107018.946646365
0.970567537557201,4.5084,107018.94685243
1.13593769645297,4.5086,107018.947028496
0.9736008187240482,4.5088,107018.947233919
0.9716331264682333,4.509,107018.947439758
0.9725167357555512,4.5092,107018.94764541
0.9673846122333419,4.5094,107018.947852153
0.9406629319906588,4.5096,107018.948064769
1.1935951933483486,4.5098,107018.94823233
0.9636000092243787,4.51,107018.948439885
0.9678715021945585,4.5102,107018.948646524
0.9723228532040927,4.5104,107018.948852217
0.9811665381704463,4.5106,107018.949056056
1.1302882929126887,4.5108,107018.949233002
0.9669683480249291,4.511,107018.949439834
0.9689171730362882,4.5112,107018.94964625
0.9724977431377149,4.5114,107018.949851906
1.1441516661142859,4.5116,107018.950026708
0.9709775090414494,4.5118,107018.950232686
0.9666505379235285,4.5120000000000005,107018.950439586
0.8606925739254987,4.5122,107018.950671957
1.1139517396160104,4.5123999999999995,107018.950851498
1.1373523410346016,4.5126,107018.951027345
0.975276741298353,4.5128,107018.951232415
0.964417829850248,4.513,107018.951439794
0.9732596811876836,4.5132,107018.951645289
0.9701202486169448,4.5134,107018.951851449
1.1334142233541518,4.5136,107018.952027907
0.9768295702413236,4.5138,107018.952232651
0.9539663547462377,4.514,107018.952442302
0.9814842940013435,4.5142,107018.952646075
0.9727579239945694,4.5144,107018.952851676
1.133401324777449,4.5146,107018.953028136
0.9762097732830008,4.5148,107018.95323301
0.9578911060463342,4.515,107018.953441802
0.745264794002666,4.5152,107018.953710163
1.0730476962689737,4.5154,107018.953896548
1.24696832574982,4.5156,107018.954056937
1.1142247426601997,4.5158000000000005,107018.954236434
0.9656704049324865,4.516,107018.954443544
0.9762049889233535,4.5161999999999995,107018.954648419
0.9752862918670767,4.5164,107018.954853487
1.1314584941352483,4.5166,107018.95503025
0.9791681771316159,4.5168,107018.955234505
0.9671413849331542,4.517,107018.9554413
0.9721810335378817,4.5172,107018.955647023
0.9704592570457159,4.5174,107018.955853111
1.1339989863872855,4.5176,107018.956029478
0.9758858604770108,4.5178,107018.95623442
0.9719920279050943,4.518,107018.956440183
0.8046703169782926,4.5182,107018.956688732
1.046577894739533,4.5184,107018.956879831
1.0472026809955879,4.5186,107018.957070816
1.0317308713709146,4.5188,107018.957264665
0.9552968777408088,4.519,107018.957474024
0.945161727258246,4.5192,107018.957685628
0.9762860519476362,4.5194,107018.957890486
1.200854947008549,4.5196,107018.958057034
0.9918175402094728,4.5198,107018.958258684
0.962223098638768,4.52,107018.958466536
0.9775935855053437,4.5202,107018.95867112
0.9268828173695146,4.5204,107018.958886897
1.207292098674039,4.5206,107018.959052557
0.9748679032746209,4.5208,107018.959257713
0.921591032494778,4.521,107018.959474729
0.994757603955567,4.5212,107018.959675783
0.9238131556974425,4.5214,107018.959892277
1.2670738297597202,4.5216,107018.960050121
0.9720770679069303,4.5218,107018.960255866
0.9597435590395176,4.522,107018.960464255
0.9807526782635728,4.5222,107018.96066818
0.9332667973161181,4.5224,107018.960882481
1.0713578017890322,4.5226,107018.96106916
0.9668327788092196,4.5228,107018.961276021
0.993058533541665,4.523,107018.961477419
0.9250650759179041,4.5232,107018.96169362
0.9816481219778481,4.5234,107018.961897359
1.1690300079315856,4.5236,107018.962068441
0.9993354446613397,4.5238,107018.962268574
0.9734681410384333,4.524,107018.962474025
0.9802335894481019,4.5242,107018.962678058
0.9008522338846224,4.5244,107018.96290007
1.1407580626759337,4.5245999999999995,107018.963075392
1.0108770393925839,4.5248,107018.96327324
0.8907336967388363,4.525,107018.963497774
1.0284733293573953,4.5252,107018.963692237
0.8943144066942001,4.5254,107018.963915872
0.8002240543783848,4.5256,107018.964165802
1.410546640990055,4.5258,107018.964307591
0.9606009663791972,4.526,107018.964515794
0.9832164691750279,4.5262,107018.964719208
0.9075727663210791,4.5264,107018.964939576
1.0080797611945458,4.5266,107018.965137973
0.928009653100272,4.5268,107018.965353488
0.9779473016752032,4.527,107018.965557998
0.9954111332895618,4.5272,107018.96575892
0.9561692376244749,4.5274,107018.965968088
0.738162646718219,4.5276,107018.966239031
1.602653931537914,4.5278,107018.966363824
0.9900451118836576,4.5280000000000005,107018.966565835
0.9789668919600214,4.5282,107018.966770132
0.850271428031218,4.5283999999999995,107018.967005351
1.1288593519759997,4.5286,107018.967182521
0.9827043958645022,4.5288,107018.967386041
0.8602150182874048,4.529,107018.967618541
1.1333564624717538,4.5292,107018.967795008
0.9668514827831359,4.5294,107018.968001865
0.9849645102794989,4.5296,107018.968204918
0.9729661000545788,4.5298,107018.968410475
0.9811472762411068,4.53,107018.968614318
0.9753433223401498,4.5302,107018.968819374
0.5520180501006385,4.5304,107018.969181681
1.8134996372271095,4.5306,107018.969291965
0.9527529874952994,4.5308,107018.969501883
1.023310980288454,4.531,107018.969697327
1.0122482191785234,4.5312,107018.969894907
1.188566031137136,4.5314,107018.970063177
0.9679042879619582,4.5316,107018.970269809
0.9713924956127629,4.5318000000000005,107018.970475699
0.9617927541385933,4.532,107018.970683644
0.9563200648365426,4.5322,107018.970892779
1.1829209959772293,4.5324,107018.971061852
0.9367901325495201,4.5326,107018.971275347
0.9410214780454244,4.5328,107018.971487882
0.9890364892930447,4.533,107018.971690099
0.9551007065719802,4.5332,107018.971899501
1.2461991359803664,4.5334,107018.972059989
0.9604440876800423,4.5336,107018.972268226
0.9780238521246424,4.5338,107018.97247272
0.9664449873981455,4.534,107018.972679664
0.9540574090389161,4.5342,107018.972889295
1.1934099846184023,4.5344,107018.973056882
0.9353399386477255,4.5346,107018.973270708
0.9834437126004091,4.5348,107018.973474075
0.9654047107408698,4.535,107018.973681242
0.9194092180284763,4.5352,107018.973898773
1.1678831512477983,4.5354,107018.974070023
0.981359128992012,4.5356,107018.974273822
0.9589106281532698,4.5358,107018.974482392
0.9592510182465652,4.536,107018.974690888
0.9732596811876836,4.5362,107018.974896383
1.200156041315669,4.5364,107018.975063028
0.9721810335378817,4.5366,107018.975268751
0.9563475475301186,4.5368,107018.97547788
0.9545172502782157,4.537,107018.97568741
0.9760382591751422,4.5372,107018.97589232
1.1903203069608606,4.5374,107018.976060342
0.9637485945620299,4.5376,107018.976267865
0.9613767144706182,4.5378,107018.9764759
0.9616632750165902,4.538,107018.976683873
0.9575883741286669,4.5382,107018.976892731
1.1985665358816615,4.5384,107018.977059597
0.9642876430177696,4.5386,107018.977267004
0.9581526800613632,4.5388,107018.977475739
0.9438726203960428,4.539,107018.977687632
0.9694337104962104,4.5392,107018.977893938
1.193054031259744,4.5394,107018.978061575
0.9445190058221961,4.5396,107018.978273323
0.9805459141885924,4.5398,107018.978477291
0.9454610745008227,4.54,107018.978688828
0.9770777650220277,4.5402000000000005,107018.97889352
1.1750121761536516,4.5404,107018.979063731
0.9761764224444136,4.5405999999999995,107018.979268612
0.9769250415593648,4.5408,107018.979473336
0.9485011405860686,4.541,107018.979684195
1.1079166379220382,4.5412,107018.979864714
1.0044900805285748,4.5414,107018.98006382
0.9629968141944996,4.5416,107018.980271505
0.9386410217953643,4.5418,107018.980484579
0.9800751254388742,4.542,107018.980688645
0.9682791305111983,4.5422,107018.980895197
1.2035867356767989,4.5424,107018.981061367
0.9495864387763233,4.5426,107018.981271985
0.9725355914838214,4.5428,107018.981477633
0.9575242617085475,4.543,107018.981686505
0.9639622620466896,4.5432,107018.981893982
1.2028772780343697,4.5434,107018.98206025
0.9665944514754827,4.5436,107018.982267162
0.9500014617324971,4.5438,107018.982477688
0.9624639255163919,4.5440000000000005,107018.982685488
0.9610071288174675,4.5442,107018.982893603
1.1670518103254615,4.5443999999999996,107018.983064975
0.9596422363960219,4.5446,107018.983273386
0.965004105878622,4.5448,107018.983480639
0.9594304795156102,4.545,107018.983689096
0.9575425405467038,4.5452,107018.983897964
1.214771692702137,4.5454,107018.984062604
0.976357487322956,4.5456,107018.984267447
0.9524580484335237,4.5458,107018.98447743
0.9578773534944218,4.546,107018.984686225
0.9324052818317486,4.5462,107018.984900724
1.245167203041714,4.5464,107018.985061345
0.9536070090071566,4.5466,107018.985271075
0.9355455878914133,4.5468,107018.985484854
0.9965419749857626,4.547,107018.985685548
0.8091989944771633,4.5472,107018.985932706
1.0328977389007903,4.5474,107018.986126336
1.0952963141953607,4.5476,107018.986308935
1.0671447021008382,4.5478,107018.986496351
0.8929767498263447,4.548,107018.986720321
1.040420330831655,4.5482,107018.986912551
0.9512078263205448,4.5484,107018.98712281
0.9971580595514092,4.5486,107018.98732338
0.9786890926013253,4.5488,107018.987527735
0.9600337737779562,4.549,107018.987736061
0.9499969308152395,4.5492,107018.987946588
0.9516875269216271,4.5494,107018.988156741
0.9908250192985237,4.5496,107018.988358593
0.9555752404585325,4.5498,107018.988567891
0.9759715832154879,4.55,107018.988772815
0.9598725887402823,4.5502,107018.988981176
0.9589565928012797,4.5504,107018.989189736
0.9725309118961238,4.5506,107018.989395385
0.9673565596281933,4.5508,107018.989602134
0.966683241023595,4.551,107018.989809027
0.9432271838145793,4.5512,107018.990021065
0.9826319585052902,4.5514,107018.9902246
0.9579507272763749,4.5516,107018.990433379
0.9786986404309016,4.5518,107018.990637732
0.9714302579764912,4.552,107018.990843614
0.9523990429390136,4.5522,107018.99105361
0.968312012122381,4.5524000000000004,107018.991260155
0.9721385369619497,4.5526,107018.991465887
0.9686449789159515,4.5527999999999995,107018.991672361
0.9702331794480545,4.553,107018.991878497
1.0807481113679938,4.5532,107018.992063554
0.9531389222463215,4.5534,107018.992273387
0.9990708764354215,4.5536,107018.992473573
0.9685136484137592,4.5538,107018.992680075
0.9719022605123092,4.554,107018.992885857
1.1701175504723857,4.5542,107018.99305678
0.9682651462704427,4.5544,107018.993263335
0.970953912059049,4.5546,107018.993469318
0.9762716967793091,4.5548,107018.993674179
0.9663889927545565,4.555,107018.993881135
1.1483297913330022,4.5552,107018.994055301
0.9666832410193021,4.5554,107018.994262194
0.949866078314857,4.5556,107018.99447275
0.7899237144886796,4.5558,107018.994725939
1.2631526492842466,4.556,107018.994884273
1.1498746663237267,4.5562000000000005,107018.995058205
0.9784496216109138,4.5564,107018.99526261
0.9721668675997509,4.5565999999999995,107018.995468336
0.9675530982406157,4.5568,107018.995675043
0.9678527587308641,4.557,107018.995881686
1.1470850053855959,4.5572,107018.996056041
0.9688748930224689,4.5574,107018.996262466
0.8611113625942988,4.5576,107018.996494724
1.0496648895822642,4.5578,107018.996685261
0.9995701282743894,4.558,107018.996885347
1.1574141892808518,4.5582,107018.997058146
0.9638553826633166,4.5584,107018.997265646
0.9839323953136716,4.5586,107018.997468912
0.9724646454452073,4.5588,107018.997674575
0.9734871026305038,4.559,107018.997880022
0.997008975482632,4.5592,107018.998080622
1.0756157483137814,4.5594,107018.998266562
0.9814891302441829,4.5596,107018.998470334
0.9796766406094032,4.5598,107018.998674483
0.9710481696428561,4.5600000000000005,107018.998880446
1.1185494285309892,4.5602,107018.999059249
0.9687669898288538,4.5604,107018.999265697
0.9698239045792283,4.5606,107018.99947192
0.9817251828019213,4.5608,107018.999675643
0.9980537909752687,4.561,107018.999876033
1.1233178789227545,4.5612,107019.000054077
0.9768057573961026,4.5614,107019.000258826
0.9734065037300156,4.5616,107019.00046429
0.9740180511615643,4.5618,107019.000669625
0.9735439918390696,4.562,107019.00087506
1.1224982364595144,4.5622,107019.001053234
0.9742125413686589,4.5624,107019.001258528
0.9776652819030793,4.5626,107019.001463097
0.9747063304076085,4.5628,107019.001668287
0.9781481677422987,4.563,107019.001872755
1.0863248606538267,4.5632,107019.002056862
0.9887382223804564,4.5634,107019.00225914
0.9055756479490541,4.5636,107019.002479994
0.8757679178974049,4.5638,107019.002708365
0.9130002181697198,4.564,107019.002927423
1.2543274441220857,4.5642,107019.003086871
0.9020467406867595,4.5644,107019.003308589
1.044250080593334,4.5646,107019.003500114
1.0345434573410892,4.5648,107019.003693436
0.99130133288403,4.5649999999999995,107019.003895191
1.0984845886273373,4.5652,107019.00407726
1.0523048129475672,4.5654,107019.004267319
1.0904174589325433,4.5656,107019.004450735
0.9545263323018021,4.5658,107019.004660263
0.9038812767609636,4.566,107019.004881531
1.076269881052557,4.5662,107019.005067358
0.9783395753378795,4.5664,107019.005271786
0.9606516591587695,4.5666,107019.005479978
0.970567537557201,4.5668,107019.005686043
0.9718834293341179,4.567,107019.005891829
1.1895203486789003,4.5672,107019.006059964
0.9748583608983068,4.5674,107019.006265122
0.9558584853511325,4.5676,107019.006474358
0.9746636127751265,4.5678,107019.006679557
0.9662349050776627,4.568,107019.006886546
1.0265728851555418,4.5682,107019.007081369
1.0816130942939441,4.5684000000000005,107019.007266278
0.9703132536712114,4.5686,107019.007472397
0.9618344182980012,4.5687999999999995,107019.007680333
0.9614644807194616,4.569,107019.007888349
1.1736814405195428,4.5692,107019.008058753
0.9628253244861619,4.5694,107019.008266475
0.9708690684530071,4.5696,107019.008472476
0.9634421495107583,4.5698,107019.008680065
0.9697157899161493,4.57,107019.008886311
1.1582586940574209,4.5702,107019.009058984
0.9689358894449411,4.5704,107019.009265396
0.9646922575394158,4.5706,107019.009472716
0.971133113180053,4.5708,107019.009678661
0.9615338307430095,4.571,107019.009886662
1.1635009206092515,4.5712,107019.010058557
0.9660902378430472,4.5714,107019.010265577
0.9636232501140213,4.5716,107019.010473127
0.9692223269487373,4.5718,107019.010679478
0.9650833192763452,4.572,107019.010886714
1.1692896917046078,4.5722000000000005,107019.011057758
0.9477639969111905,4.5724,107019.011268781
0.9729235348178153,4.5725999999999996,107019.011474347
0.9726775146250584,4.5728,107019.011679965
0.96308960061532,4.573,107019.01188763
1.169043730187005,4.5732,107019.01205871
0.960767030342476,4.5734,107019.012266877
0.9612150109839072,4.5736,107019.012474947
0.9710576375726571,4.5738,107019.012680908
0.9487170717751601,4.574,107019.012891719
1.1456393766878286,4.5742,107019.013066294
0.9819228335353756,4.5744,107019.013269976
0.9511535175286183,4.5746,107019.013480247
0.9724552188651501,4.5748,107019.013685912
0.9608547524730805,4.575,107019.01389406
1.192399656398883,4.5752,107019.014061789
0.97740246966886,4.5754,107019.014266413
0.9526621820017266,4.5756,107019.014476351
0.9667066308764681,4.5758,107019.014683239
0.9811231823789369,4.576,107019.014887087
1.1457706989945589,4.5762,107019.015061642
0.9776891366747097,4.5764,107019.015266206
0.9589474262858676,4.5766,107019.015474768
0.9641946932708747,4.5768,107019.015682195
0.96743139287868,4.577,107019.015888928
1.177835522829093,4.5772,107019.016058731
0.9687904123394816,4.5774,107019.016265174
1.067731496674268,4.5776,107019.016452487
0.9867431475370267,4.5778,107019.016655174
0.9604440876843074,4.578,107019.016863411
1.038254527585529,4.5782,107019.017056042
0.980118248860294,4.5784,107019.017260099
0.9643480632003597,4.5786,107019.017467493
0.9684292307220591,4.5788,107019.017674013
0.9662488986666851,4.579,107019.017880999
1.1445838757375022,4.5792,107019.018055735
0.9771971156231907,4.5794,107019.018260402
0.9560366128659414,4.5796,107019.018469599
0.9760525381584458,4.5798,107019.018674506
0.9681760659072703,4.58,107019.01888108
1.1497887629518884,4.5802,107019.019055025
0.8547483515140184,4.5804,107019.019289012
0.7856816965199594,4.5806000000000004,107019.019543568
0.9219394514584831,4.5808,107019.019760502
1.0770348580760651,4.5809999999999995,107019.019946197
1.024647901135412,4.5812,107019.020141386
0.9869720242738514,4.5814,107019.020344026
0.9737477442178128,4.5816,107019.020549418
0.9527801994925772,4.5818,107019.02075933
0.988113029600909,4.582,107019.020961736
0.84469447119345,4.5822,107019.021198508
1.1248909678333054,4.5824,107019.021376303
0.9742838117463627,4.5826,107019.021581582
0.9618066193547119,4.5828,107019.021789524
0.9727579239945694,4.583,107019.021995125
0.9627326564197132,4.5832,107019.022202867
0.9657217020432859,4.5834,107019.022409966
0.9778755639008887,4.5836,107019.022614491
0.9758715863656838,4.5838,107019.022819436
0.9585567743236484,4.584,107019.023028083
0.9816770096071372,4.5842,107019.023231816
0.9774215848409323,4.5844000000000005,107019.023436436
0.967506237708038,4.5846,107019.023643153
0.9742743498610081,4.5847999999999995,107019.023848434
0.9571209706793816,4.585,107019.024057394
0.9758192053409329,4.5852,107019.02426235
0.9733449431546339,4.5854,107019.024467827
0.9767579963593743,4.5856,107019.024672586
0.9939517997085067,4.5858,107019.024873803
1.107229727606765,4.586,107019.025054434
0.9764575837824939,4.5862,107019.025259256
0.9773642415676095,4.5864,107019.025463888
0.9736909001762964,4.5866,107019.025669292
0.9734538686182123,4.5868,107019.025874746
1.097140838079249,4.587,107019.026057038
0.9907415240082925,4.5872,107019.026258907
0.9770682487914496,4.5874,107019.026463601
0.9728477806690761,4.5876,107019.026669183
0.9765720643527783,4.5878,107019.026873981
1.1148396020606361,4.588,107019.027053379
0.8550260847257403,4.5882,107019.02728729
1.073744760023094,4.5884,107019.027473554
0.9960010620397269,4.5886,107019.027674357
0.9785549549033961,4.5888,107019.02787874
1.1049845721648701,4.589,107019.028059738
0.981585444483112,4.5892,107019.02826349
0.9822314624360786,4.5894,107019.028467108
0.9812868898150776,4.5896,107019.028670922
0.9733781007968888,4.5898,107019.028876392
1.119144010125136,4.59,107019.0290551
0.9716190451811247,4.5902,107019.029260942
0.9768295702413236,4.5904,107019.029465686
0.9547998018989993,4.5906,107019.029675154
0.9952279057518346,4.5908,107019.029876113
1.1002855246049064,4.591,107019.030057884
0.9521043888971458,4.5912,107019.030267945
1.000940890671501,4.5914,107019.030467757
0.9582123338544816,4.5916,107019.030676479
1.0034266981307534,4.5918,107019.030875796
1.0361352154062635,4.592,107019.031068821
0.5646160800067161,4.5922,107019.031423044
2.67891823958178,4.5924,107019.031497701
1.3499011136109946,4.5926,107019.03164586
0.9985969364426431,4.5928,107019.031846141
1.0815488321495648,4.593,107019.032031061
0.7446404252874081,4.5931999999999995,107019.032299647
1.4433139836944398,4.5934,107019.032438217
0.9971680434831411,4.5936,107019.032638785
0.6896004730887924,4.5938,107019.032928808
2.0478582251515385,4.594,107019.033026471
0.9962243611740902,4.5942,107019.033227229
0.8715470043659488,4.5944,107019.033456706
1.183635133352702,4.5946,107019.033625677
0.9936060951683658,4.5948,107019.033826964
0.9089339247600121,4.595,107019.034047002
1.0604397669814785,4.5952,107019.034235603
1.0455329369473545,4.5954,107019.034426893
1.0382059799449623,4.5956,107019.034619533
0.9903000686217438,4.5958,107019.034821492
0.9598310273349306,4.596,107019.035029862
0.9368559047638891,4.5962,107019.035243342
1.0452051114469847,4.5964,107019.035434692
0.971628455557027,4.5966000000000005,107019.035640532
1.0103663574234938,4.5968,107019.03583848
0.9770682487914496,4.5969999999999995,107019.036043174
0.997610720624554,4.5972,107019.036243653
1.0308374821204516,4.5974,107019.03643767
0.9902656767562016,4.5976,107019.036639636
0.9923588614175897,4.5978,107019.036841176
1.0773482472551843,4.598,107019.037026817
0.9966711154062425,4.5982,107019.037227485
0.9926887847247239,4.5984,107019.037428958
0.8516437206647435,4.5986,107019.037663798
1.1564971456894546,4.5988,107019.037836734
0.8690249399682184,4.599,107019.038066877
1.1577290031912733,4.5992,107019.038239629
0.9955597398507405,4.5994,107019.038440521
0.8550918886829101,4.5996,107019.038674414
1.0545964493674755,4.5998,107019.03886406
0.9597389347185388,4.6,107019.03907245
1.2907223317351637,4.6002,107019.039227402
0.9269429545512581,4.6004000000000005,107019.039443165
1.0252887598259182,4.6006,107019.039638232
0.78646960679642,4.6008,107019.039892533
1.4741977335570036,4.601,107019.0400282
1.0041925465629162,4.6012,107019.040227365
0.9924277236599177,4.6014,107019.040428891
0.985969650299427,4.6016,107019.040631737
0.9913996541160291,4.6018,107019.040833472
1.0339818298901118,4.602,107019.041026899
0.9820915097862598,4.6022,107019.041230546
0.9959117848498957,4.6024,107019.041431367
0.9877811708219675,4.6026,107019.041633841
0.9916109498541471,4.6028,107019.041835533
0.9549730228606029,4.603,107019.042044963
1.0498577248032612,4.6032,107019.042235465
0.988010529406151,4.6034,107019.042437892
0.9841986609260134,4.6036,107019.042641103
1.0017681478867093,4.6038,107019.04284075
1.0826963146237514,4.604,107019.043025474
0.8634758703756016,4.6042,107019.043257096
1.0775164989877826,4.6044,107019.043442708
1.0495271820498304,4.6046,107019.04363327
0.9891832696361106,4.6048,107019.043835457
0.9552375863851617,4.605,107019.044044829
1.0188331637737091,4.6052,107019.044241132
0.7626892162187121,4.6054,107019.044503362
1.4317725442781395,4.6056,107019.044643049
0.994985243948726,4.6058,107019.044844057
1.0928603919989008,4.606,107019.045027063
0.8766123818888489,4.6062,107019.045255214
0.7924684107005712,4.6064,107019.04550759
1.5101406040420526,4.6066,107019.045640028
0.89511486866336,4.6068,107019.045863463
1.1556485990285048,4.607,107019.046036526
1.010126503224541,4.6072,107019.046234521
0.994332273535845,4.6074,107019.046435661
0.9225347713257557,4.6076,107019.046652455
1.033586348376376,4.6078,107019.046845956
1.1067333729170659,4.608,107019.047026668
0.9910410009726613,4.6082,107019.047228476
0.9901529566829255,4.6084,107019.047430465
0.9906875345437876,4.6086,107019.047632345
0.9877567500563993,4.6088000000000005,107019.047834824
0.9645666675229719,4.609,107019.048042171
1.0312998857538513,4.6091999999999995,107019.048236101
0.9183073928603598,4.6094,107019.048453893
1.0028833368854093,4.6096,107019.048653318
1.0014019549904842,4.6098,107019.048853038
1.1412072316777928,4.61,107019.049028291
0.9943867329370445,4.6102,107019.04922942
0.9919699441232446,4.6104,107019.049431039
0.9035300952407103,4.6106,107019.049652393
0.9247486356912766,4.6108,107019.049868668
1.2422513796848567,4.611,107019.050029666
0.989795204831266,4.6112,107019.050231728
0.9955003928481305,4.6114,107019.050432632
0.989129449864451,4.6116,107019.05063483
0.9893643492373305,4.6118,107019.05083698
1.0443864067050517,4.612,107019.05102848
0.9989461232337034,4.6122,107019.051228691
0.9922701643033291,4.6124,107019.051430249
0.989002327470994,4.6126000000000005,107019.051632473
0.8753731126163581,4.6128,107019.051860947
1.214343870023217,4.6129999999999995,107019.052025645
0.9894328677378648,4.6132,107019.052227781
0.9900352700754521,4.6134,107019.052429794
0.9878982511083368,4.6136,107019.052632244
0.9850324206875157,4.6138,107019.052835283
1.046681987288929,4.614,107019.053026363
0.9917240737100348,4.6142,107019.053228032
0.9836565583329792,4.6144,107019.053431355
0.9913111998843801,4.6146,107019.053633108
0.9887138253925548,4.6148,107019.053835391
1.0536574663537719,4.615,107019.054025206
0.9883327343534942,4.6152,107019.054227567
0.9865289640928432,4.6154,107019.054430298
0.9852750544986543,4.6156,107019.054633287
0.9585751594646978,4.6158,107019.05484193
1.0799719119646436,4.616,107019.05502712
0.9848190497462089,4.6162,107019.055230203
0.9909182449573722,4.6164,107019.055432036
0.9872545464035082,4.6166,107019.055634618
0.8737745017236878,4.6168,107019.05586351
1.2312541470018816,4.617,107019.056025946
0.8676564119614647,4.6172,107019.056256452
1.0941397517172264,4.6174,107019.056439244
0.9900598036425751,4.6176,107019.056641252
0.9881715700908996,4.6178,107019.056843646
1.0887672371749828,4.618,107019.05702734
0.9930634127673037,4.6182,107019.057228737
0.9015059440371365,4.6184,107019.057450588
1.0498963805469441,4.6186,107019.057641083
0.9903490205045749,4.6188,107019.057843032
1.087370225811265,4.619,107019.058026962
0.9967505530237405,4.6192,107019.058227614
0.9857946898490827,4.6194,107019.058430496
0.9880007280111915,4.6196,107019.058632925
0.9874544300872391,4.6198,107019.058835466
1.0434438028068278,4.62,107019.059027139
0.8727374374552226,4.6202,107019.059256303
1.1399713070113584,4.6204,107019.059431746
0.9876397033011137,4.6206,107019.059634249
0.9845184545771362,4.6208,107019.059837394
1.0380281414131522,4.621,107019.060030067
0.8740495082586968,4.6212,107019.060258887
1.1467429421596251,4.6213999999999995,107019.060433294
0.8784567107968613,4.6216,107019.060660966
1.0538185608143205,4.6218,107019.060850752
1.1185681817153215,4.622,107019.061029552
0.9406098849810275,4.6222,107019.06124218
1.0347093537088687,4.6224,107019.061435471
0.9908789523155341,4.6226,107019.061637312
0.9927578361880733,4.6228,107019.061838771
0.9873910089712171,4.623,107019.062041325
1.030062351861304,4.6232,107019.062235488
0.98796656668286,4.6234,107019.062437924
0.990319620249306,4.6236,107019.062639879
0.9291132908443519,4.6238,107019.062855138
1.1733784281960586,4.624,107019.063025586
0.9917437531703176,4.6242,107019.063227251
0.9221264426647194,4.6244,107019.063444141
1.0224843633415885,4.6246,107019.063639743
0.9986718193818073,4.6248000000000005,107019.063840009
0.9863926688855386,4.625,107019.064042768
1.0191394380948509,4.6251999999999995,107019.064239012
0.9958572304342347,4.6254,107019.064439844
0.9915520011610283,4.6256,107019.064641548
0.8774046440600018,4.6258,107019.064869493
1.2591762893420235,4.626,107019.065028327
1.2084080436739408,4.6262,107019.065193834
0.9903784938673389,4.6264,107019.065395777
0.9867674473658133,4.6266,107019.065598459
0.9917093325168845,4.6268,107019.065800131
0.909549759326693,4.627,107019.06602002
1.0361674770629348,4.6272,107019.066213039
0.9886013872007204,4.6274,107019.066415345
0.9206238149476448,4.6276,107019.066632589
1.0289495596137195,4.6278,107019.066826962
1.0114239637059848,4.628,107019.067024703
0.9258445261294371,4.6282,107019.067240722
1.0271738541030582,4.6284,107019.067435431
0.9858335803001783,4.6286000000000005,107019.067638305
0.9197727926518247,4.6288,107019.06785575
1.183607101728375,4.629,107019.068024725
0.988322926564761,4.6292,107019.068227088
0.9894720457784775,4.6294,107019.068429216
0.9217524124369094,4.6296,107019.068646194
1.0286849413740178,4.6298,107019.068840617
1.0871159834529918,4.63,107019.06902459
0.7554125632831304,4.6302,107019.069289346
1.4059160780338433,4.6304,107019.069431602
0.8982304677486472,4.6306,107019.069654262
1.0645092850692195,4.6308,107019.069842142
1.0854757318608905,4.631,107019.070026393
0.9233269574538103,4.6312,107019.070243001
1.032524494826483,4.6314,107019.070436701
0.9909575407199818,4.6316,107019.070638526
0.9863197575711062,4.6318,107019.0708413
1.090792010964509,4.632,107019.071024653
0.9222284754723206,4.6322,107019.071241519
1.0236724833242654,4.6324,107019.071436894
0.9065607588803101,4.6326,107019.071657508
1.0549859054351123,4.6328,107019.071847084
1.1241195949367289,4.633,107019.072025001
0.9933150448862715,4.6332,107019.072226347
0.8802933112486296,4.6334,107019.072453544
1.0982674225806273,4.6336,107019.072635649
0.9123172022533802,4.6338,107019.072854871
1.1456328829840132,4.634,107019.073029447
1.0068668303839887,4.6342,107019.073228083
0.9890854586871247,4.6344,107019.07343029
0.9159689612628931,4.6346,107019.073648638
1.0307259269013718,4.6348,107019.073842676
0.9990409560603969,4.635,107019.074042868
1.0329991278538568,4.6352,107019.074236479
0.9846832971156146,4.6354,107019.07443959
0.986728483209227,4.6356,107019.07464228
0.9923588614131826,4.6358,107019.07484382
0.8873586550492863,4.636,107019.075069208
1.1386473941700188,4.6362,107019.075244855
0.9858433387483643,4.6364,107019.075447727
0.9842519454354731,4.6366,107019.075650927
0.9889533663079791,4.6368,107019.075853161
1.1564370082205766,4.6370000000000005,107019.076026106
0.9941642567428466,4.6372,107019.07622728
0.9170400297405051,4.6373999999999995,107019.076445373
0.9981583857329809,4.6376,107019.076645742
1.00962169657324,4.6378,107019.076843836
1.102225925247916,4.638,107019.077025287
0.8682929856143659,4.6382,107019.077255624
1.1429681928397595,4.6384,107019.077430607
0.9122089953643848,4.6386,107019.077649855
0.9000252149882823,4.6388,107019.077872071
1.301253000221359,4.639,107019.078025769
0.8469444568171178,4.6392,107019.078261912
1.1863380998894104,4.6394,107019.078430498
0.9890952816160063,4.6396,107019.078632703
0.9189318210265693,4.6398,107019.078850347
1.1434517336119854,4.64,107019.079025256
0.8712508698774004,4.6402,107019.079254811
1.0482125260343278,4.6404,107019.079445612
1.028573774553906,4.6406,107019.079640056
0.9183116265343704,4.6408000000000005,107019.079857847
1.1727797777886215,4.641,107019.080028382
0.9865630260702535,4.6411999999999995,107019.080231106
0.9248511874057918,4.6414,107019.080447357
1.0252887598304712,4.6416,107019.080642424
0.9877079831162718,4.6418,107019.080844913
1.102754697011668,4.642,107019.081026277
0.9941098936074405,4.6422,107019.081227462
0.985566358774917,4.6424,107019.081430391
0.9178269711471287,4.6426,107019.081648297
1.0291983601915418,4.6428,107019.081842623
1.099239280249363,4.643,107019.082024567
0.8710953141844923,4.6432,107019.082254163
1.138478938407354,4.6434,107019.082429836
0.9832358124358246,4.6436,107019.082633246
0.9878787239655042,4.6438,107019.0828357
1.0496153491856448,4.644,107019.083026246
0.9194852440473159,4.6442,107019.083243759
1.0293413458822216,4.6444,107019.083438058
0.9908004477933052,4.6446,107019.083639915
0.9857752457807296,4.6448,107019.083842801
0.9720393239839352,4.645,107019.084048554
1.0336130878816219,4.6452,107019.08424205
0.9876835659693425,4.6454,107019.084444544
0.9841502446802005,4.6456,107019.084647765
0.9206492842258368,4.6458,107019.084865003
1.247186037505156,4.646,107019.085025364
0.9865922036964472,4.6462,107019.085228082
0.9883864674571399,4.6464,107019.085430432
0.7631898127171582,4.6466,107019.08569249
1.3351223837991193,4.6468,107019.085842289
0.95646188714826,4.647,107019.086051393
1.3436073558339066,4.6472,107019.086200246
0.9904913366826333,4.6474,107019.086402166
0.9911441309468267,4.6476,107019.086603953
1.1025540595524117,4.6478,107019.08678535
1.0331966061794986,4.648,107019.086978924
0.9830907916887427,4.6482,107019.087182364
0.9808970799724804,4.6484,107019.087386259
0.7507901874093976,4.6486,107019.087652645
1.3828006965134794,4.6488,107019.087797279
0.7703566988993862,4.649,107019.088056899
1.0828780150553812,4.6492,107019.088241592
1.0492574025099284,4.6494,107019.088432203
0.8291564708824122,4.6495999999999995,107019.088673412
1.2965880293399619,4.6498,107019.088827663
1.015151108817952,4.65,107019.089024678
0.8115927881995948,4.6502,107019.089271107
1.26711401496753,4.6504,107019.089428946
0.9788614699748103,4.6506,107019.089633265
0.7327081035461873,4.6508,107019.089906225
1.6915750878678002,4.651,107019.090024458
0.9815661661071281,4.6512,107019.090228214
1.0549691426213366,4.6514,107019.090417793
1.0015674640859835,4.6516,107019.09061748
0.9881179313904155,4.6518,107019.090819885
0.8270238196725941,4.652,107019.091061716
1.1542212535008778,4.6522,107019.091234993
0.9859405094884228,4.6524,107019.091437845
0.9873568897883193,4.6526,107019.091640406
0.8346757549217491,4.6528,107019.09188002
1.3887153837501283,4.6530000000000005,107019.092024038
0.7299190071139481,4.6532,107019.092298041
1.4475864542591184,4.6533999999999995,107019.092436202
0.915130784479533,4.6536,107019.09265475
1.0253045162105134,4.6538,107019.092849814
1.1196829398718162,4.654,107019.093028436
0.9910164187541337,4.6542,107019.093230249
0.9186954577013835,4.6544,107019.093447949
1.024338231191188,4.6546,107019.093643197
0.984988793170843,4.6548,107019.093846245
0.8542153522405954,4.655,107019.094080378
1.065217916938099,4.6552,107019.094268133
1.1844973205740068,4.6554,107019.094436981
0.9812916540500736,4.6556,107019.094640794
0.8536939406417936,4.6558,107019.09487507
1.3046059039911304,4.656,107019.095028373
0.993492685204704,4.6562,107019.095229683
0.989525831591988,4.6564,107019.0954318
0.986217629063461,4.6566,107019.095634595
0.9677544185626769,4.6568000000000005,107019.095841259
1.0839227376740286,4.657,107019.096025774
0.9842374255384035,4.6572,107019.096228977
0.9852944788483755,4.6574,107019.096431962
0.8685305214419792,4.6576,107019.096662236
1.0487731570607732,4.6578,107019.096852935
1.1461252762850085,4.658,107019.097027436
0.9880983245241824,4.6582,107019.097229845
0.9802816909980087,4.6584,107019.097433868
0.9177974288099213,4.6586,107019.097651781
0.9047481568004878,4.6588,107019.097872837
1.182277584887856,4.659,107019.098042002
1.0250417692210223,4.6592,107019.098237116
0.9872497240878892,4.6594,107019.098439699
0.9869232639223378,4.6596,107019.098642349
0.9831488089150164,4.6598,107019.098845777
1.1092069841856906,4.66,107019.099026086
0.9890756359445639,4.6602,107019.099228295
0.913905530096773,4.6604,107019.099447136
1.0083898133634068,4.6606,107019.099645472
1.0013818903710907,4.6608,107019.099845196
1.0095758637814376,4.661,107019.100043299
0.880816683453133,4.6612,107019.100270361
1.1255747155231566,4.6614,107019.100448048
0.9396421201867736,4.6616,107019.100660895
0.9949456281115546,4.6618,107019.100861911
1.2096652981990221,4.662,107019.101027246
0.9904520065078182,4.6622,107019.101229174
0.9199970859732557,4.6624,107019.101446566
1.0254569803739593,4.6626,107019.101641601
0.9173133771103721,4.6628,107019.101859629
1.1790088964403855,4.663,107019.102029263
0.9860036736641585,4.6632,107019.102232102
0.98155656225115,4.6634,107019.10243586
0.9906728241445737,4.6636,107019.102637743
0.9198869881870863,4.6638,107019.102855161
1.1619665882323076,4.664,107019.103027283
0.9672255101779728,4.6642,107019.10323406
0.9640087798952116,4.6644,107019.103441527
0.9837000679111075,4.6646,107019.103644841
1.018641137433551,4.6648,107019.103841181
0.989795204831266,4.665,107019.104043243
1.0332286074213355,4.6652000000000005,107019.104236811
0.9842665362490185,4.6654,107019.104440008
0.9863197575667261,4.6655999999999995,107019.104642782
0.9223603038462801,4.6658,107019.104859617
1.1534623855207984,4.666,107019.105033008
1.0168130058334002,4.6662,107019.105229701
0.9749107079710909,4.6664,107019.105434848
0.9978545924543909,4.6666,107019.105635278
0.9854741373614707,4.6668,107019.105838226
0.9677871963939209,4.667,107019.106044883
1.0075566848221547,4.6672,107019.106243383
1.001502217193555,4.6674,107019.106443083
0.9186237373826299,4.6676,107019.1066608
1.0299880908344876,4.6678,107019.106854977
1.171817751556631,4.668,107019.107025652
0.9239326424290235,4.6682,107019.107242118
1.024689917644618,4.6684,107019.107437299
0.9180291604169295,4.6686,107019.107655157
1.0271686339314712,4.6688,107019.107849867
1.1356667132617204,4.6690000000000005,107019.108025975
0.988576996965049,4.6692,107019.108228286
0.7707960811118734,4.6693999999999996,107019.108487758
1.3143453749187257,4.6696,107019.108639925
0.9153737300943663,4.6698,107019.108858415
0.9186616838940195,4.67,107019.109076123
1.123160169484477,4.6702,107019.109254192
1.1255240185549067,4.6704,107019.109431887
0.9815710031568492,4.6706,107019.109635642
0.9612334310054812,4.6708,107019.109843708
1.004757527092546,4.671,107019.110042761
1.0348271490572014,4.6712,107019.11023603
0.9850469640504577,4.6714,107019.110439066
0.9177427621147753,4.6716,107019.110656992
1.0290447815508628,4.6718,107019.110851347
1.1486594578349567,4.672,107019.111025463
0.984571773724786,4.6722,107019.111228597
0.9800558364515068,4.6724,107019.111432667
0.9167710035629875,4.6726,107019.111650824
1.0309490614847556,4.6728,107019.11184482
1.020929006952458,4.673,107019.11204072
1.0229760767487965,4.6732,107019.112236228
0.986480318313798,4.6734,107019.112438969
0.9169768880052721,4.6736,107019.112657077
1.1792035225342472,4.6738,107019.112826683
1.0170405424594722,4.674,107019.113023332
0.9981384508726784,4.6742,107019.113223705
0.9820626679388184,4.6744,107019.113427358
0.904903631846791,4.6746,107019.113648376
1.0325032412261161,4.6748,107019.11384208
1.0822217926803461,4.675,107019.114026885
0.9883131900351474,4.6752,107019.11422925
0.9864170222516079,4.6754,107019.114432004
0.8671823707263783,4.6756,107019.114662636
0.8356243367693844,4.6758,107019.114901978
1.5689842139429697,4.676,107019.115029449
1.0014671888147249,4.6762,107019.115229156
0.982188012486189,4.6764,107019.115432783
1.0883464987124463,4.6766,107019.115616548
1.0266255655188778,4.6768,107019.115811361
1.1010790358024831,4.677,107019.115993001
1.0229446313031334,4.6772,107019.116188515
0.9845960372594068,4.6774000000000004,107019.116391644
0.981556562246791,4.6776,107019.116595402
0.9809210927167317,4.6777999999999995,107019.116799292
0.9730655023229782,4.678,107019.117004828
0.9884157530412502,4.6782,107019.117207172
0.9177974900991086,4.6784,107019.117425085
1.022447851878212,4.6786,107019.117620694
0.9798157660834567,4.6788,107019.117824814
0.9243041553604773,4.679,107019.118041193
1.0244222168614867,4.6792,107019.118236425
0.9827381942512241,4.6794,107019.118439938
0.9884890456734445,4.6796,107019.118642267
0.9837968870027949,4.6798,107019.118845561
0.8380122001193718,4.68,107019.119084221
1.167760502870611,4.6802,107019.119255489
0.8524567674268212,4.6804,107019.119490105
1.1120687522669177,4.6806,107019.11966995
0.943614313879102,4.6808,107019.119881901
1.3007538587775058,4.681,107019.120035658
1.0088221483971507,4.6812000000000005,107019.120233909
0.9833373242724021,4.6814,107019.120437298
0.9368032223964179,4.6815999999999995,107019.12065079
0.871125681006546,4.6818,107019.120880378
1.3260401227859409,4.682,107019.121031203
1.0005753750561277,4.6822,107019.121231088
0.7951495592729095,4.6824,107019.121482613
1.235399105278753,4.6826,107019.121644504
0.8619537856063663,4.6828,107019.121876535
1.3080103632029032,4.683,107019.122029439
0.995941518079549,4.6832,107019.122230254
0.9818601209565986,4.6834,107019.122433949
0.987859197599004,4.6836,107019.122636407
0.9814891302441829,4.6838,107019.122840179
0.8558749184598571,4.684,107019.123073858
1.1269574595876382,4.6842,107019.123251327
0.9936357627176986,4.6844,107019.123452608
0.9859598893461049,4.6846,107019.123655456
0.9889143004852369,4.6848,107019.123857698
1.1818165466263888,4.6850000000000005,107019.124026929
0.8496176627836607,4.6852,107019.124262329
1.2079993428349132,4.6854,107019.124427892
1.0287430748670783,4.6856,107019.124622304
0.9846154348405504,4.6858,107019.124825429
0.9932014860245766,4.686,107019.125026798
0.986572798969331,4.6862,107019.12522952
0.9804209883857299,4.6864,107019.125433514
0.9089793109223653,4.6866,107019.125653541
1.031039471630855,4.6868,107019.12584752
0.9905648660766142,4.687,107019.126049425
1.031645760531005,4.6872,107019.12624329
0.981990254989244,4.6874,107019.126446958
0.9878934225066296,4.6876,107019.126649409
0.9824244013683855,4.6878,107019.126852987
1.1546810893544608,4.688,107019.127026195
0.836645048944717,4.6882,107019.127265245
1.124619063253919,4.6884,107019.127443083
0.9957381840122095,4.6886,107019.127643939
0.8407105787855597,4.6888,107019.127881833
1.1381290757201121,4.689,107019.12805756
1.1566510209995504,4.6892,107019.128230473
0.9770443548549894,4.6894,107019.128435172
0.8380262518861834,4.6896,107019.128673828
1.134629500044123,4.6898,107019.128850097
0.9450009486638605,4.6899999999999995,107019.129061737
1.114460646259843,4.6902,107019.129241196
0.9950298335461836,4.6904,107019.129442195
0.9830811579708411,4.6906,107019.129645637
0.9884011100344623,4.6908,107019.129847984
1.1141068734584931,4.691,107019.1300275
0.8696067927050801,4.6912,107019.130257489
1.1304927359833519,4.6914,107019.130434403
0.986864871236921,4.6916,107019.130637065
0.98075750729904,4.6918,107019.130840989
1.064271388423142,4.692,107019.131028911
0.9897021190809936,4.6922,107019.131230992
0.9826030146516493,4.6924,107019.131434533
0.9807864125200201,4.6926,107019.131638451
0.9851440484688975,4.6928,107019.131841467
1.0734796601367484,4.693,107019.132027777
0.7722156745147393,4.6932,107019.132286772
1.2705026896451859,4.6934000000000005,107019.13244419
0.9996401404225773,4.6936,107019.132644262
0.8382194475203768,4.6937999999999995,107019.132882863
1.3606183086357058,4.694,107019.133029855
0.9978795150946039,4.6942,107019.13323028
0.983361527001505,4.6944,107019.133433664
0.9831246869845649,4.6946,107019.133637097
0.9833276857265343,4.6948,107019.133840488
0.9357775770508473,4.695,107019.134054214
0.9597665472420446,4.6952,107019.134262598
1.104197666001203,4.6954,107019.134443725
0.85222064864803,4.6956,107019.134678406
1.1144110358692434,4.6958,107019.134857873
1.1678491127429902,4.696,107019.135029128
0.9874592544028814,4.6962,107019.135231668
0.986524078051127,4.6964,107019.1354344
0.9148377270415353,4.6966,107019.135653018
1.1466641070517183,4.6968,107019.135827437
0.8772006915813177,4.697,107019.136055435
0.8795151870615192,4.6972000000000005,107019.136282833
1.1255051235823674,4.6974,107019.136460531
1.0131763576598727,4.6975999999999996,107019.13665793
0.9946685495285242,4.6978,107019.136859002
1.184139623671721,4.698,107019.137027901
0.9864656617881297,4.6982,107019.137230645
0.9823327669888079,4.6984,107019.137434242
0.8405021492574133,4.6986,107019.137672195
1.1156729085157486,4.6988,107019.137851459
1.1178555478857997,4.699,107019.138030373
0.9925557998934066,4.6992,107019.138231873
0.9920388956097735,4.6994,107019.138433478
0.8343345452783829,4.6996,107019.13867319
1.1469205522124009,4.6998,107019.13884757
1.1076895669282032,4.7,107019.139028126
0.9861154509459052,4.7002,107019.139230942
0.9815517253437531,4.7004,107019.139434701
0.9807287437462703,4.7006,107019.139638631
0.9846056301494646,4.7008,107019.139841758
1.0842517814610126,4.701,107019.140026217
0.9804210583284353,4.7012,107019.140230211
0.9841260031117901,4.7014,107019.140433437
0.8341466292869147,4.7016,107019.140673203
1.114622159125609,4.7018,107019.140852636
1.1499606787403391,4.702,107019.141026555
0.846378088002869,4.7022,107019.141262856
1.1108396146954247,4.7024,107019.1414429
0.9894524563703508,4.7026,107019.141645032
0.9863489208007579,4.7028,107019.1418478
1.1220384801739993,4.703,107019.142026047
0.843440573173781,4.7032,107019.142263171
1.1096254644213537,4.7034,107019.142443412
0.9921766841012126,4.7036,107019.142644989
0.8377454593215834,4.7038,107019.142883725
1.3955468624801128,4.704,107019.143027038
0.9844214934160942,4.7042,107019.143230203
0.9824774939290213,4.7044,107019.14343377
0.845144239021512,4.7046,107019.143670416
1.1125574767457582,4.7048,107019.143850182
1.1151379216579627,4.705,107019.144029532
0.992659317087078,4.7052,107019.144231011
0.9754241730906359,4.7054,107019.14443605
0.9873471722876467,4.7056000000000004,107019.144638613
0.9825933202425681,4.7058,107019.144842156
1.0855406329836867,4.7059999999999995,107019.145026396
0.9806709418101083,4.7062,107019.145230338
0.9742268360444702,4.7064,107019.145435629
0.8447801389575545,4.7066,107019.145672377
1.1145165874991387,4.7068,107019.145851827
0.8831932296893711,4.707,107019.146078278
1.2206211722394495,4.7072,107019.146242129
1.0018936069798903,4.7074,107019.146441751
0.9798638266389962,4.7076,107019.146645861
0.8479247031187794,4.7078,107019.146881731
1.3494730001946071,4.708,107019.147029937
0.991375054102121,4.7082,107019.147231677
0.8746955008162468,4.7084,107019.147460328
1.1232231377856456,4.7086,107019.147638387
0.9772162227681029,4.7088,107019.14784305
1.0818881033255063,4.709,107019.148027912
0.7715216172094755,4.7092,107019.14828714
1.2492737674897845,4.7094000000000005,107019.148447233
0.8420627353258526,4.7096,107019.148684745
1.1218937674398684,4.7097999999999995,107019.148863015
1.214653598131926,4.71,107019.149027671
0.9898882367934553,4.7102,107019.149229714
0.9803104982515952,4.7104,107019.149433731
0.9840195375781052,4.7106,107019.149636979
0.9233951333647608,4.7108,107019.149853571
1.1554014459802,4.711,107019.150026671
0.9829507346667185,4.7112,107019.15023014
0.9732502391880524,4.7114,107019.150435637
0.923484664431847,4.7116,107019.150652208
0.9364479468017343,4.7118,107019.150865781
1.2332433530663316,4.712,107019.151027955
0.9881373969519931,4.7122,107019.151230356
0.98161916594361,4.7124,107019.151434101
0.9041264336261945,4.7126,107019.151655309
1.0344631763731726,4.7128,107019.151848646
1.1187121287932846,4.713,107019.152027423
0.8683381891629488,4.7132,107019.152257748
1.1220008329539153,4.7134,107019.152436001
0.735413082124926,4.7136,107019.152707957
1.4653408998299027,4.7138,107019.152844444
0.9633819103221581,4.714,107019.153052046
1.0537296053711154,4.7142,107019.153241848
0.9497894088019697,4.7144,107019.153452421
1.0223066987459963,4.7146,107019.153648057
0.8753885010137363,4.7148,107019.153876527
1.0666097876603056,4.715,107019.154064037
1.03153929495351,4.7152,107019.154257922
1.0061222350584125,4.7154,107019.154456705
0.9830811579752068,4.7156,107019.154660147
1.0469121642969894,4.7158,107019.154851185
1.047082051527663,4.716,107019.155042192
0.9647713520230637,4.7162,107019.155249495
1.0336024385524165,4.7164,107019.155442993
0.9783395753378795,4.7166,107019.155647421
0.9726538349475828,4.7168,107019.155853044
1.044266425147924,4.717,107019.156044566
1.022494860869931,4.7172,107019.156240166
0.980469108329747,4.7174,107019.15644415
0.9850615078428525,4.7176,107019.156647183
0.9200435837301936,4.7178,107019.156864564
1.0079426209896385,4.718,107019.157062988
1.0760614088719973,4.7181999999999995,107019.157248851
1.0486687282016747,4.7184,107019.157439569
1.0039354472210011,4.7186,107019.157638785
0.9817251827975616,4.7188,107019.157842508
1.0029284908313514,4.719,107019.158041924
0.9828831109780289,4.7192,107019.158245407
0.9968052776562629,4.7194,107019.158446048
0.9120259437767272,4.7196,107019.15866534
1.030805628825772,4.7198,107019.158859363
0.9915618016064787,4.72,107019.159061065
1.1840275115529715,4.7202,107019.15922998
0.9810509779332494,4.7204,107019.159433843
0.9836371985184499,4.7206,107019.15963717
1.0804444625123613,4.7208,107019.159822279
0.9987266826157744,4.721,107019.160022534
0.9500149233915355,4.7212,107019.160233057
1.0117105316326842,4.7214,107019.160430742
0.9088141390992821,4.7216000000000005,107019.160650809
0.845187116355551,4.7218,107019.160887443
1.379338878480561,4.7219999999999995,107019.16103244
0.9967058813585359,4.7222,107019.161233101
0.9746065926446711,4.7224,107019.161438312
0.9904765607290182,4.7226,107019.161640235
0.9160067498180838,4.7228,107019.161858574
1.188792102012007,4.723,107019.162026812
0.9084921425625004,4.7232,107019.162246957
1.028393987678032,4.7234,107019.162441435
0.9109957136496092,4.7236,107019.162660975
1.0240602605016316,4.7238,107019.162856276
1.1572333145648321,4.724,107019.163029102
0.9831488089150164,4.7242,107019.16323253
0.9678153421327227,4.7244,107019.163439181
0.9897070366493934,4.7246,107019.163641261
0.9823664696006943,4.7248,107019.163844851
1.0976105662726532,4.725,107019.164027065
0.9845523778638936,4.7252,107019.164230203
0.983023148728444,4.7254000000000005,107019.164433657
0.9774550208079149,4.7256,107019.16463827
0.9118139282474442,4.7258,107019.164857613
1.1860285179923211,4.726,107019.165026243
0.9107261179227681,4.7262,107019.165245848
1.0248473956134176,4.7264,107019.165440999
0.9836565583373476,4.7266,107019.165644322
0.9817637528096608,4.7268,107019.165848037
0.9940753085211147,4.727,107019.166049229
1.0264674639800435,4.7272,107019.166244072
0.9818504412094715,4.7274,107019.166447769
0.9800798779146594,4.7276,107019.166651834
0.8305337662665968,4.7278,107019.166892643
1.4921142126554665,4.728,107019.167026681
0.9124961905270571,4.7282,107019.16724586
1.0259987362418128,4.7284,107019.167440792
0.9065114883086898,4.7286,107019.167661418
1.0276700124644795,4.7288,107019.167856033
1.1732269807066547,4.729,107019.168026503
0.8668177899792457,4.7292,107019.168257232
1.0376834587760801,4.7294,107019.168449969
1.0210176681208183,4.7296,107019.168645852
0.9827864716545036,4.7298,107019.168849355
1.129279990379109,4.73,107019.169026459
0.9291780522719346,4.7302,107019.169241703
1.02242693502719,4.7304,107019.169437316
0.6402458586653944,4.7306,107019.169749696
1.2990471389487246,4.7308,107019.169903655
1.5254714659708133,4.731,107019.170034762
1.011015053692488,4.7312,107019.170232583
0.9759858602523017,4.7314,107019.170437504
0.7444741224332878,4.7316,107019.17070615
1.3979171798116163,4.7318,107019.17084922
0.9810846626852632,4.732,107019.171053076
1.031954518808721,4.7322,107019.171246883
0.975433657318477,4.7324,107019.17145192
0.9113029309093955,4.7326,107019.171671386
1.0242018219983446,4.7328,107019.17186666
1.2469062171475014,4.733,107019.172027057
0.913859589912294,4.7332,107019.172245909
1.0231957919984325,4.7334,107019.172441375
0.8323553314193579,4.7336,107019.172681657
1.1402768915394614,4.7338000000000005,107019.172857053
1.1807629490507705,4.734,107019.173026435
0.9829942521267833,4.7341999999999995,107019.173229895
0.8297274675406201,4.7344,107019.173470938
1.1922076826355246,4.7346,107019.173638694
0.9790196114684336,4.7348,107019.17384298
1.0828781003750712,4.735,107019.174027673
0.9158683087539238,4.7352,107019.174246045
1.0262251923797872,4.7354,107019.174440934
0.910568515182174,4.7356,107019.174660577
1.017687440751984,4.7358,107019.174857101
1.1783004299035764,4.736,107019.175026837
0.9793167878954985,4.7362,107019.175231061
0.9823954697362829,4.7364,107019.175434645
0.8606778056675041,4.7366,107019.17566702
0.9563429558770706,4.7368,107019.17587615
1.315304856781887,4.737,107019.176028206
0.8682175654036398,4.7372,107019.176258563
1.1272051649771313,4.7374,107019.176435993
0.9122172901158475,4.7376000000000005,107019.176655239
0.970883196590013,4.7378,107019.176861237
1.208006668976051,4.7379999999999995,107019.177026799
0.9735344753629234,4.7382,107019.177232236
0.986081490615079,4.7384,107019.177435059
0.8614266125041794,4.7386,107019.177667232
1.1295733705347757,4.7388,107019.17784429
0.8742022841614107,4.739,107019.17807307
1.2691643847478415,4.7392,107019.178230654
0.9775123052103402,4.7394,107019.178435255
0.9774215848409323,4.7396,107019.178639875
0.8985855895671201,4.7398,107019.178862447
1.1827461077450843,4.74,107019.179031545
0.8647265421268905,4.7402,107019.179262832
1.1500928011817162,4.7404,107019.179436731
0.9664216781598618,4.7406,107019.17964368
0.9902166617779152,4.7408,107019.179845656
1.0969904803718278,4.741,107019.180027973
0.9633493626824188,4.7412,107019.180235582
0.9914094515545185,4.7414,107019.180437315
0.9758953536851622,4.7416,107019.180642255
0.9828009487682479,4.7418,107019.180845755
1.092418684351071,4.742,107019.181028835
0.9721621227947584,4.7422,107019.181234562
0.9834292165398232,4.7424,107019.181437932
0.9770156697779188,4.7426,107019.181642637
0.9771111774697354,4.7428,107019.181847322
1.1173995860963184,4.743,107019.182026309
0.9123588084896197,4.7432,107019.182245521
1.052465413431151,4.7434,107019.182435551
0.9792928536278053,4.7436,107019.18263978
0.9748964623720725,4.7438,107019.18284493
1.0817534761683794,4.744,107019.183029815
0.9952477245214573,4.7442,107019.18323077
0.9740844604540221,4.7444,107019.183436091
0.9787656895311513,4.7446,107019.18364043
0.8623142854057384,4.7448,107019.183872364
1.2939371791002892,4.745,107019.184026931
0.9722708524411385,4.7452,107019.184232635
0.986324641584737,4.7454,107019.184435408
0.9739564132171915,4.7456,107019.184640756
0.9817155057108365,4.7458,107019.184844481
1.093966269002098,4.746,107019.185027302
1.0018734496169481,4.7462,107019.185226928
1.2981196811580678,4.7463999999999995,107019.185380997
0.8023557205105322,4.7466,107019.185630263
1.2405794000537074,4.7468,107019.185791478
0.9332101456120367,4.747,107019.186005792
0.5586061689314898,4.7472,107019.186363826
1.209884769321086,4.7474,107019.186529131
1.1349062673106938,4.7476,107019.186705357
1.287846627690016,4.7478,107019.186860655
0.9927676604937731,4.748,107019.187062112
0.8075522306871813,4.7482,107019.187309774
0.9131752880838823,4.7484,107019.18752879
1.0387776241762496,4.7486,107019.187721324
1.213518592981317,4.7488,107019.187886134
1.1641510693320571,4.749,107019.188057933
0.7779376992605462,4.7492,107019.188315023
1.2907139679593564,4.7494,107019.188469976
0.9816673334657331,4.7496,107019.188673711
0.9379191185478333,4.7498000000000005,107019.188886949
1.0957884017734278,4.75,107019.189069466
0.9761620704998344,4.7501999999999995,107019.18927435
0.9952031874571151,4.7504,107019.189475314
0.9683916330740816,4.7506,107019.189681842
0.9884353725027303,4.7508,107019.189884182
1.1226997792019755,4.751,107019.190062324
0.9833180473696163,4.7512,107019.190265717
0.9589428765455609,4.7514,107019.19047428
0.9668654942372766,4.7516,107019.190681134
0.9632983172870473,4.7518,107019.190888754
1.1966660743514537,4.752,107019.191055885
0.961362861650759,4.7522,107019.191263923
0.9401014137448995,4.7524,107019.191476666
0.9809788541366699,4.7526,107019.191680544
0.9650739674839759,4.7528,107019.191887782
1.1830818818056565,4.753,107019.192056832
0.924376765438751,4.7532,107019.192273194
0.9885525368339324,4.7534,107019.19247551
0.9759334669639322,4.7536000000000005,107019.192680442
0.9742031499216052,4.7538,107019.192885738
1.1712550273136952,4.754,107019.193056495
0.9349770578685411,4.7542,107019.193270404
0.9611364313082928,4.7544,107019.193478491
0.9887333855641358,4.7546,107019.19368077
0.9642085601822893,4.7548,107019.193888194
1.1446624250511053,4.755,107019.194062918
0.9824003149672732,4.7552,107019.194266501
0.9383547538584002,4.7554,107019.19447964
0.9638276019654128,4.7556,107019.194687146
0.9695606395994161,4.7558,107019.194893425
1.2245971755845508,4.756,107019.195056744
0.9720015142495749,4.7562,107019.195262505
0.9595455575529255,4.7564,107019.195470937
0.9341167640687436,4.7566,107019.195685043
1.0000900369658479,4.7568,107019.195885025
1.176007027616864,4.757,107019.196055092
0.9649761911676346,4.7572,107019.196262351
0.9663656862171796,4.7574,107019.196469312
0.9370709741370808,4.7576,107019.196682743
0.9777082630612951,4.7578,107019.196887303
1.1909370032705962,4.758,107019.197055238
0.9491808244143684,4.7582,107019.197265946
0.9546676230434491,4.7584,107019.197475443
0.9733165438182034,4.7586,107019.197680926
0.9633447035486645,4.7588,107019.197888536
1.183130970878005,4.759,107019.198057579
0.9673144156963984,4.7592,107019.198264337
0.9577213630650804,4.7594,107019.198473166
0.9664029908071459,4.7596,107019.198680119
0.9571301689690942,4.7598,107019.198889077
1.1998752402381687,4.76,107019.199055761
0.9661695617454821,4.7602,107019.199262764
0.9338376267385057,4.7604,107019.199476934
0.9744641060481545,4.7606,107019.199682175
0.9571805627328527,4.7608,107019.199891122
1.2053929596261328,4.761,107019.200057043
0.9677076066641349,4.7612,107019.200263717
0.9555798247382759,4.7614,107019.200473014
0.9678949495814702,4.7616,107019.200679648
0.9631127493952297,4.7618,107019.200887308
1.1883753924551426,4.7620000000000005,107019.201055605
0.9625055804366708,4.7622,107019.201263396
0.9597066997777288,4.7623999999999995,107019.201471793
0.9458187971926505,4.7626,107019.20168325
0.9801230716501524,4.7628,107019.201887306
1.1725941691123316,4.763,107019.202057868
0.9605686063764799,4.7632,107019.202266078
0.9705345711204427,4.7634,107019.20247215
0.9587222659520981,4.7636,107019.202680761
0.8068257216852718,4.7638,107019.202928646
1.381425410624292,4.764,107019.203073424
1.0003200515162904,4.7642,107019.20327336
0.9638601143336575,4.7644,107019.203480859
0.9859356292739005,4.7646,107019.203683712
0.9301027815542515,4.7648,107019.203898742
1.274258670654377,4.765,107019.204055696
0.9626167452904685,4.7652,107019.204263463
0.9433873593620699,4.7654,107019.204475465
0.9794750765544281,4.7656,107019.204679656
0.9626584808713949,4.7658000000000005,107019.204887414
1.183284884390617,4.766,107019.205056435
0.9679464833053292,4.7661999999999995,107019.205263058
0.9531798400116654,4.7664,107019.205472882
0.9489151496885695,4.7666,107019.205683649
0.9634607225300997,4.7668,107019.205891234
1.1767058874037832,4.767,107019.2060612
0.9652183982792216,4.7672,107019.206268407
0.9538298389885638,4.7674,107019.206478088
0.9652043667380323,4.7676,107019.206685298
0.9585154604845438,4.7678,107019.206893954
1.1756614790409603,4.768,107019.207064071
0.9751483804303176,4.7682,107019.207269168
0.9547450821756661,4.7684,107019.207478648
0.9685839508581557,4.7686,107019.207685135
0.9599001419095753,4.7688,107019.20789349
1.1965373063853568,4.769,107019.208060639
0.956329181195211,4.7692,107019.208269772
0.969828626591755,4.7694,107019.208475994
0.9582353155746544,4.7696,107019.208684711
0.9621768203250622,4.7698,107019.208892573
1.16084020902445,4.77,107019.209064862
0.9902314299737356,4.7702,107019.209266835
0.9525941057533757,4.7704,107019.209476788
0.9577626752198811,4.7706,107019.209685608
0.9678762052139237,4.7708,107019.209892246
1.1904903271636784,4.771,107019.210060244
0.9492169451176597,4.7712,107019.210270944
0.9762049889233535,4.7714,107019.210475819
0.9547450821799061,4.7716,107019.210685299
0.9629272529802327,4.7718,107019.210892999
1.2067021071290793,4.772,107019.21105874
0.9487530916972958,4.7722,107019.211269543
0.9355631009053741,4.7724,107019.211483318
0.9805459141885924,4.7726,107019.211687286
0.9555433510340793,4.7728,107019.211896591
1.2108077170169969,4.773,107019.21206177
0.9463871682053496,4.7732,107019.2122731
0.9730466260369386,4.7734,107019.21247864
0.9662628926653314,4.7736,107019.212685623
0.9597573652314472,4.7738,107019.212894009
1.2051460538031138,4.774,107019.213059964
0.9551143795169356,4.7742,107019.213269363
0.9581297023004747,4.7744,107019.213478103
0.9661182170461813,4.7745999999999995,107019.213685117
0.9653535151089444,4.7748,107019.213892295
1.1920513358968476,4.775,107019.214060073
0.9673940088523116,4.7752,107019.214266814
0.9378575487823388,4.7754,107019.214480066
0.9775266968861063,4.7756,107019.214684664
0.9574508865355635,4.7758,107019.214893552
1.1982720606729214,4.776,107019.215060459
0.9690391842148776,4.7762,107019.215266849
0.9524626028531246,4.7764,107019.215476831
0.9587589827470903,4.7766,107019.215685434
0.9594304795156102,4.7768,107019.215893891
1.1955073274726877,4.777,107019.216061184
0.9676139283374464,4.7772,107019.216267878
0.9571942952923013,4.7774,107019.216476822
0.9582582315851101,4.7776,107019.216685534
0.9499834040028726,4.7778,107019.216896064
1.2304284246912809,4.7780000000000005,107019.217058609
0.9565122105634556,4.7782,107019.217267702
0.9575196587492087,4.7783999999999995,107019.217476575
0.9537206942193708,4.7786,107019.21768628
0.956516737272416,4.7788,107019.217895372
1.1710835713181154,4.779,107019.218066154
0.993981487910565,4.7792,107019.218267365
0.9449785973622059,4.7794,107019.21847901
0.9692035311341378,4.7796,107019.218685365
0.9642457660573482,4.7798,107019.218892781
1.1709328153633454,4.78,107019.219063585
0.962686261644342,4.7802,107019.219271337
0.9614275564156753,4.7804,107019.219479361
0.956786686192947,4.7806,107019.219688394
0.9398893862148008,4.7808,107019.219901185
1.2211951247401114,4.781,107019.220064959
0.9689828202514019,4.7812,107019.220271361
0.9524853095949397,4.7814,107019.220481338
0.9738425450438558,4.7816,107019.22068671
0.9588647348038599,4.7818000000000005,107019.22089529
1.2235633301374176,4.782,107019.221058747
0.9589566597108267,4.7822,107019.221267307
0.8851202734741721,4.7824,107019.221493265
0.9493971308031084,4.7826,107019.221703925
1.022029829396756,4.7828,107019.221899614
1.2447254851540182,4.783,107019.222060292
0.961963943517222,4.7832,107019.2222682
0.9575654901491375,4.7834,107019.222477063
0.9449339628977194,4.7836,107019.222688718
0.9673986391439051,4.7838,107019.222895458
1.226361890618284,4.784,107019.223058542
0.9571713634787736,4.7842,107019.223267491
0.9592694300244802,4.7844,107019.223475983
0.9579507940498845,4.7846,107019.223684762
0.9181682555584186,4.7848,107019.223902587
1.2663677338422865,4.785,107019.224060519
0.9612981755876504,4.7852,107019.224268571
0.9568920035851003,4.7854,107019.224477581
0.9613165987968041,4.7856,107019.224685629
0.9526940114871071,4.7858,107019.22489556
1.2184126160537518,4.786,107019.225059708
0.9552375863851617,4.7862,107019.22526908
0.9608870645836525,4.7864,107019.225477221
0.9588233275153742,4.7866,107019.22568581
0.9460156014763988,4.7868,107019.225897223
1.232149240656068,4.787,107019.226059541
0.9421918238206474,4.7872,107019.226271812
0.9583225759806561,4.7874,107019.22648051
0.9684104656507959,4.7876,107019.226687034
0.9570018754544187,4.7878,107019.22689602
1.2167374692065431,4.788,107019.227060394
0.9671694250511151,4.7882,107019.227267183
0.9572675644667573,4.7884,107019.227476111
0.956329247738614,4.7886,107019.227685244
0.9568279177576335,4.7888,107019.227894268
1.172339815584354,4.789,107019.228064867
0.9804594559898835,4.7892,107019.228268853
0.9582215531330694,4.7894,107019.228477573
0.9475843652097518,4.7896,107019.228688636
0.9542576571649104,4.7898,107019.228898223
1.2290069806615929,4.79,107019.229060956
0.9645387104269789,4.7902000000000005,107019.229268309
0.9562606464067814,4.7904,107019.229477457
0.9972327268361092,4.7905999999999995,107019.229678012
1.038572591648193,4.7908,107019.229870584
1.09393030783333,4.791,107019.230053411
0.9643108494263849,4.7912,107019.230260813
0.9665010565017841,4.7914,107019.230467745
0.9703556593203864,4.7916,107019.230673855
0.9263290096608146,4.7918,107019.230889761
1.232156862649411,4.792,107019.231052078
0.9637857649518015,4.7922,107019.231259593
0.9574646268442668,4.7924,107019.231468478
0.9766435415954617,4.7926,107019.231673261
0.9611595535027392,4.7928,107019.231881343
1.1577960049018852,4.793,107019.232054085
0.9682839057060121,4.7932,107019.232260636
0.9659689002053194,4.7934,107019.232467682
0.9711660516632595,4.7936,107019.23267362
0.9535252359499653,4.7938,107019.232883368
1.1896192935862382,4.7940000000000005,107019.233051489
0.9651811173045264,4.7942,107019.233258704
0.9597343774645033,4.7943999999999996,107019.233467095
0.9501909451194184,4.7946,107019.233677579
0.9469876720634032,4.7948,107019.233888775
1.1956716554121796,4.795,107019.234056045
0.9659128928305725,4.7952,107019.234263103
0.9552968777365665,4.7954,107019.234472462
0.9562058256524484,4.7956,107019.234681622
0.963665005446808,4.7958,107019.234889163
1.1739637514773105,4.796,107019.235059526
0.9670946323213149,4.7962,107019.235266331
0.9484336577011035,4.7964,107019.235477205
0.9399512230516291,4.7966,107019.235689982
0.976262196247883,4.7968,107019.235894845
1.2220905347254076,4.797,107019.236058499
0.8354881997170603,4.7972,107019.23629788
0.82337729647829,4.7974,107019.236540782
1.2231593374054304,4.7976,107019.236704293
1.0058489822447692,4.7978,107019.23690313
0.895640026292618,4.798,107019.237126434
1.2463467269018942,4.7982,107019.237286903
0.9513435266601451,4.7984,107019.237497132
0.9943372372240188,4.7986,107019.237698271
0.9689593884319418,4.7988,107019.237904678
0.947279167117818,4.799,107019.238115809
0.5733977843567336,4.7992,107019.238464607
1.5671402650508872,4.7994,107019.238592228
1.3453336903396855,4.7996,107019.23874089
0.9825016543547304,4.7998,107019.238944452
0.9625148151072255,4.8,107019.239152241
0.8990259026765001,4.8002,107019.239374704
0.9876299802284205,4.8004,107019.239577209
0.9529481292619778,4.8006,107019.239787084
0.9959713252547228,4.8008,107019.239987893
0.9639250780462641,4.801,107019.240195378
0.9604671765787324,4.8012,107019.24040361
0.9615846893079003,4.8014,107019.2406116
0.9621120246835674,4.8016,107019.240819476
0.957716824951459,4.8018,107019.241028306
0.9760144848901573,4.802,107019.241233221
0.9689358894449411,4.8022,107019.241439633
0.9671928384418875,4.8024000000000004,107019.241646417
0.9313675266432144,4.8026,107019.241861155
1.0349020316031525,4.8027999999999995,107019.24205441
0.9714963148546413,4.803,107019.242260278
0.9705298422353741,4.8032,107019.242466351
0.960624062821264,4.8034,107019.242674549
0.9644503143770577,4.8036,107019.242881921
1.1610963647343666,4.8038,107019.243054172
0.96989918851684,4.804,107019.243260379
0.9568599595940783,4.8042,107019.243469396
0.9786411472197525,4.8044,107019.243673761
0.9592878425091967,4.8046,107019.243882249
1.1662351106161724,4.8048,107019.244053741
0.9752244241060772,4.805,107019.244258822
0.9621444214155352,4.8052,107019.244466691
0.9629180103939026,4.8054,107019.244674393
0.9674829453596052,4.8056,107019.244881115
1.1634671370658334,4.8058,107019.245053015
0.9693914537610371,4.806,107019.24525933
0.9579690891765609,4.8062000000000005,107019.245468105
0.9771015911270743,4.8064,107019.245672792
0.9469024635613372,4.8065999999999995,107019.245884007
1.1554215523597675,4.8068,107019.246057104
0.9761859213108183,4.807,107019.246261983
0.9634422170477133,4.8072,107019.246469572
0.9672208815478273,4.8074,107019.24667635
0.9397657369338794,4.8076,107019.246889169
1.190724248744138,4.8078,107019.247057134
0.969701627308313,4.808,107019.247263383
0.9678481240954262,4.8082,107019.247470027
0.9923587897612955,4.8084,107019.247671567
0.980555638197114,4.8086,107019.247875533
1.0966295099605397,4.8088,107019.24805791
0.9719825417500942,4.809,107019.248263675
0.9650600079056296,4.8092,107019.248470916
0.9625658449166733,4.8094,107019.248678694
1.1689343587982175,4.8096,107019.24884979
0.9425603923032201,4.8098,107019.249061978
1.0013066734296912,4.8100000000000005,107019.249261717
0.9658989768496603,4.8102,107019.249468778
0.9668982118837345,4.8104,107019.249675625
0.9501232872628107,4.8106,107019.249886124
1.1373523410346016,4.8108,107019.250061971
0.9233951333647608,4.811,107019.250278563
1.011582676516891,4.8112,107019.250476273
0.9792017327078075,4.8114,107019.250680521
0.9606885910391484,4.8116,107019.250888705
1.1796557400480354,4.8118,107019.251058246
0.9763145554896342,4.812,107019.251263098
0.963163842619061,4.8122,107019.251470747
0.9668421647150998,4.8124,107019.251677606
0.9405612208917024,4.8126,107019.251890245
1.1933956843820361,4.8128,107019.252057834
0.9741224324135732,4.813,107019.252263147
0.9621583641299397,4.8132,107019.252471013
0.9644084909550207,4.8134,107019.252678394
0.9531298005145307,4.8136,107019.252888229
1.1459085481616649,4.8138,107019.253062763
0.9574646268485189,4.814,107019.253271648
0.9410259237476978,4.8142,107019.253484182
0.9977600571501481,4.8144,107019.253684631
0.981889021064695,4.8146,107019.25388832
0.5286669712051622,4.8148,107019.25426663
2.3101623962348588,4.8149999999999995,107019.254353204
2.3916293981987127,4.8152,107019.254436829
0.9722424469704346,4.8154,107019.254642539
0.7752358622400329,4.8156,107019.254900525
1.3402579886799806,4.8158,107019.25504975
0.9881764724612352,4.816,107019.255252143
1.0043286681260384,4.8162,107019.255451281
0.9855809885808249,4.8164,107019.255654207
0.9685558286574063,4.8166,107019.2558607
1.045341687041602,4.8168,107019.256052025
0.9378091690669781,4.817,107019.256265288
1.0046111555205293,4.8172,107019.25646437
0.9292384876710332,4.8174,107019.2566796
0.9978645903389773,4.8176,107019.256880028
1.1826482010624815,4.8178,107019.25704914
0.9663049450151826,4.818,107019.257256114
1.0034116069870953,4.8182,107019.257455434
0.9797677800961343,4.8184000000000005,107019.257659564
0.9756811431548936,4.8186,107019.257864549
1.0933143720520475,4.8187999999999995,107019.258047479
0.9324139479462249,4.819,107019.258261976
1.004757527092546,4.8192,107019.258461029
0.9529209737373402,4.8194,107019.25867091
1.001647684158855,4.8196,107019.258870581
1.098768332971549,4.8198,107019.259052603
0.8918736638894906,4.82,107019.25927685
1.0404961038384233,4.8202,107019.259469066
0.9391655622113776,4.8204,107019.259682021
1.0104123362969553,4.8206,107019.25987996
1.06544492139059,4.8208,107019.260067675
1.0125762088138983,4.821,107019.260265191
0.9372553979188192,4.8212,107019.26047858
1.0005853546916423,4.8214,107019.260678463
0.9830763763480926,4.8216,107019.260881906
1.1778840765356204,4.8218,107019.261051702
0.9949060154289066,4.822,107019.261252726
0.9802720423435245,4.8222000000000005,107019.261456751
0.8287682300500581,4.8224,107019.261698073
1.148105611080437,4.8225999999999996,107019.261872273
1.1171436399041645,4.8228,107019.262051301
0.9855761119335147,4.823,107019.262254228
0.9770586632911039,4.8232,107019.262458924
0.9446929317149664,4.8234,107019.262670633
1.001502290171902,4.8236,107019.262870333
1.1115124948032111,4.8238,107019.263050268
0.9885818322514022,4.824,107019.263252578
0.9827044661290069,4.8242,107019.263456098
0.973757195873061,4.8244,107019.263661488
0.9080342914539411,4.8246,107019.263881744
1.1884388976287479,4.8248,107019.264050032
0.9838839348318686,4.825,107019.264253308
0.9882301885746496,4.8252,107019.26445569
0.9746683820338403,4.8254,107019.264660888
0.929134897918636,4.8256,107019.264876142
1.0631737934350687,4.8258,107019.265064258
0.9856635456022009,4.826,107019.265267167
1.0369571464409821,4.8262,107019.265460039
0.9816287710247013,4.8264,107019.265663782
0.9720251621795739,4.8266,107019.265869538
1.0993480447892556,4.8268,107019.266051464
0.9737999030846303,4.827,107019.266256845
0.9587957692416201,4.8272,107019.26646544
0.9086531123006327,4.8274,107019.266685546
1.031794771816819,4.8276,107019.266879383
1.160119715674639,4.8278,107019.267051779
0.9573179727041802,4.828,107019.267260696
1.0118641196293983,4.8282,107019.267458351
0.9842422184711391,4.8284,107019.267661553
0.9771589730572503,4.8286,107019.267866228
1.0786846435646877,4.8288,107019.268051639
1.0020742560736244,4.829,107019.268251225
0.9643992199161325,4.8292,107019.268458608
0.993655518117359,4.8294,107019.268659885
0.9751721125351087,4.8296,107019.268864977
0.9923194544373218,4.8298,107019.269066525
1.008186468032639,4.83,107019.269264901
0.9258016184924602,4.8302,107019.26948093
0.8062988084491304,4.8304,107019.269728977
1.006968189939576,4.8306000000000004,107019.269927593
1.4451806996633145,4.8308,107019.270065984
0.9140517672988951,4.8309999999999995,107019.27028479
1.0550693225303314,4.8312,107019.270474351
0.9595455575529255,4.8314,107019.270682783
0.9923686778195369,4.8316,107019.270884321
1.1419761478741586,4.8318,107019.271059456
0.9014084448374343,4.832,107019.271281331
1.0605241306362865,4.8322,107019.271469917
1.0106063255560982,4.8324,107019.271667818
0.9796046489115539,4.8326,107019.271871982
1.040101055484181,4.8328,107019.272064271
1.022881898456839,4.833,107019.272259797
0.9838791453879325,4.8332,107019.272463074
0.9320185704777617,4.8334,107019.272677662
0.9912620098515323,4.8336,107019.272879425
1.1799061877492805,4.8338,107019.27304893
0.9827816928892492,4.834,107019.273252434
0.9851925625444343,4.8342,107019.27345544
0.9337460136628657,4.8344000000000005,107019.273669631
0.96932103405055,4.8346,107019.273875961
1.1282733925731698,4.8347999999999995,107019.274053223
1.0005953345306742,4.835,107019.274253104
0.9728856562709487,4.8352,107019.274458678
0.9833518879811697,4.8354,107019.274662064
0.9823375413848938,4.8356,107019.27486566
1.0803803391580538,4.8358,107019.27505078
0.9833373242767689,4.836,107019.275254169
0.9921175965109857,4.8362,107019.275455758
0.9335978466242073,4.8364,107019.275669983
0.9960903552416878,4.8366,107019.275870768
1.061312035931447,4.8368,107019.276059214
0.993339669475559,4.837,107019.276260555
0.9781911913745572,4.8372,107019.276465014
0.9864510765036509,4.8374,107019.276667761
0.9308473713100147,4.8376,107019.276882619
1.20180031365338,4.8378,107019.277049036
0.9773690372926305,4.838,107019.277253667
0.9794606972487712,4.8382,107019.277457861
0.9830666726007564,4.8384,107019.277661306
0.9849160186565016,4.8386,107019.277864369
1.0687071280235978,4.8388,107019.278051511
0.9573729877515372,4.839,107019.278260416
0.7718402057998622,4.8392,107019.278519537
1.1373976143788052,4.8394,107019.278695377
0.955283199570284,4.8396,107019.278904739
0.985595477472726,4.8398,107019.279107662
0.9125503551276749,4.84,107019.279326828
0.8848891882399111,4.8402,107019.279552845
0.959568536271078,4.8404,107019.279761272
1.09443319508914,4.8406,107019.279944015
0.9757525593052828,4.8408,107019.280148985
0.8660670619301271,4.841,107019.280379914
1.0184854853721999,4.8412,107019.280576284
0.9846735616237038,4.8414,107019.280779397
0.9677309779753602,4.8416,107019.280986066
0.9760859498536999,4.8418,107019.281190966
0.954617427218929,4.842,107019.281400474
0.9960457427365438,4.8422,107019.281601268
0.9560412015692974,4.8424,107019.281810464
0.9589198608738603,4.8426,107019.282019032
0.9792736651989328,4.8428,107019.282223265
0.9440196577358665,4.843,107019.282435125
0.9956638846087453,4.8431999999999995,107019.282635996
0.9838452684820652,4.8434,107019.28283928
0.9518234300925593,4.8436,107019.283049403
0.9747111692061524,4.8438,107019.283254592
0.9595363127797334,4.844,107019.283463026
0.9737714771892768,4.8442,107019.283668413
0.9783587271863932,4.8444,107019.283872837
1.076026615198629,4.8446,107019.284058706
0.9671975348681099,4.8448,107019.284265489
0.9652929010726652,4.845,107019.28447268
0.9754669574183857,4.8452,107019.28467771
0.9676702012879158,4.8454,107019.284884392
1.160355274314922,4.8456,107019.285056753
0.9200055229647999,4.8458,107019.285274143
0.983448568176925,4.846,107019.285477509
0.9785645001072248,4.8462,107019.28568189
0.9821301787755653,4.8464,107019.285885529
1.1132138655494865,4.8466000000000005,107019.286065189
0.9325921765999936,4.8468,107019.286279645
1.0435472728212003,4.8469999999999995,107019.286471299
0.9525714598455223,4.8472,107019.286681257
1.0166734041441448,4.8474,107019.286877977
1.0281824953416088,4.8476,107019.287072495
1.0670764311137295,4.8478,107019.287259923
0.9785549548990504,4.848,107019.287464306
0.9964476882171631,4.8482,107019.287665019
0.9823810045614139,4.8484,107019.287868606
1.047021747214771,4.8486,107019.288059624
1.000210053509751,4.8488,107019.288259582
0.9882399234733076,4.849,107019.288461962
0.9966115635643441,4.8492,107019.288662642
0.9782629754630933,4.8494,107019.288867086
1.0360761653829549,4.8496,107019.289060122
1.014286190084982,4.8498,107019.289257305
0.9859453897425008,4.85,107019.289460156
0.9393640371765857,4.8502,107019.289673066
1.000230071205003,4.8504000000000005,107019.28987302
1.13750756548171,4.8506,107019.290048843
0.9947725079067405,4.8508,107019.290249894
0.9156879952768824,4.851,107019.290468309
1.0355826268260442,4.8512,107019.290661437
0.8995192173997537,4.8514,107019.290883778
1.1820750294148334,4.8516,107019.291052972
0.9908936688281806,4.8518,107019.29125481
0.9851295022391011,4.852,107019.291457829
0.9340774665734102,4.8522,107019.291671944
1.0270577945775363,4.8524,107019.291866675
1.0541295784820917,4.8526,107019.292056405
1.023656700826231,4.8528,107019.292251783
0.986008554547943,4.853,107019.292454621
0.9870352498099385,4.8532,107019.292657248
0.9873666784174518,4.8534,107019.292859807
1.047646983820805,4.8536,107019.293050711
0.9991157603473472,4.8538,107019.293250888
0.9877275035140272,4.854,107019.293453373
0.9689687473592136,4.8542,107019.293659778
1.0055506428343841,4.8544,107019.293858674
1.056892562036426,4.8546,107019.294047908
0.932448740521706,4.8548,107019.294262397
1.00876106164609,4.855,107019.29446066
0.989716871932799,4.8552,107019.294662738
0.9631267201886047,4.8554,107019.294870395
0.9449249975313075,4.8556,107019.295082052
1.0727542196488018,4.8558,107019.295268488
1.001256559389046,4.856,107019.295468237
0.9762860519476362,4.8562,107019.295673095
0.977650886146407,4.8564,107019.295877667
1.131528917413897,4.8566,107019.296054419
0.9769059457993591,4.8568,107019.296259147
0.9805123363808592,4.857,107019.296463122
0.9757763208272443,4.8572,107019.296668087
0.9733401868431508,4.8574,107019.296873565
1.1167694684057197,4.8576,107019.297052653
0.9174690363343605,4.8578,107019.297270644
0.9789189890766773,4.858,107019.297474951
0.9517464442871963,4.8582,107019.297685091
0.9994952559370186,4.8584,107019.297885192
1.1742947575105585,4.8586,107019.298055507
0.9876981877230857,4.8588000000000005,107019.298257998
0.9563200648365426,4.859,107019.298467133
0.9845717737204136,4.8591999999999995,107019.298670267
0.9818070950982138,4.8594,107019.298873973
1.1044415899699647,4.8596,107019.29905506
0.9635071244384793,4.8598,107019.299262635
0.9926149396929113,4.86,107019.299464123
0.9699462126832138,4.8602,107019.29967032
0.9550687824475175,4.8604,107019.299879729
1.1270526469101818,4.8606,107019.300057183
0.9943224182438865,4.8608,107019.300258325
0.9751674075319037,4.861,107019.300463418
0.9771111774740747,4.8612,107019.300668103
0.9792496632676457,4.8614,107019.300872341
1.082268663684027,4.8616,107019.301057138
0.9754479878476856,4.8618,107019.301262172
0.9698521004669004,4.862,107019.301468389
0.9797582113949919,4.8622,107019.301672521
0.9774359043323771,4.8624,107019.301877138
1.124789793668492,4.8626000000000005,107019.302054949
0.9833857309220334,4.8628,107019.302258328
0.9713971642512639,4.8629999999999995,107019.302464217
0.9782247496467933,4.8632,107019.302668669
0.948730562557122,4.8634,107019.302879477
1.1489235194450322,4.8636,107019.303053553
0.9654047107408698,4.8638,107019.30326072
0.9665337494838505,4.864,107019.303467645
0.8300718368643365,4.8642,107019.303708588
1.0390690634765327,4.8644,107019.303901068
1.2930923043137719,4.8646,107019.304055736
0.971331120859768,4.8648,107019.304261639
0.9588371072527192,4.865,107019.304470225
0.9817637528096608,4.8652,107019.30467394
0.9080631486106477,4.8654,107019.304894189
1.2464320653228214,4.8656,107019.305054647
0.9846638968649137,4.8658,107019.305257762
0.9785549548990504,4.866,107019.305462145
0.9519185590367849,4.8662,107019.305672247
0.9891050335616004,4.8664,107019.30587445
1.1257584611483007,4.8666,107019.306052108
0.9812531911796182,4.8668,107019.306255929
0.9632241220537746,4.867,107019.306463565
0.9637531900185294,4.8672,107019.306671087
0.9622277469254523,4.8674,107019.306878938
1.1343785212597313,4.8676,107019.307055246
0.9751483112378659,4.8678,107019.307260343
0.9693398344315604,4.868,107019.307466669
0.9638600467338205,4.8682,107019.307674168
0.9608963354032662,4.8684,107019.307882307
1.152903801857408,4.8686,107019.308055782
0.9800990979603104,4.8688,107019.308259843
0.9553972848108657,4.869,107019.30846918
0.971491576588529,4.8692,107019.308675049
0.9738330917273559,4.8694,107019.308880423
1.1383428708564036,4.8696,107019.309056117
0.9817155057064769,4.8698,107019.309259842
0.9619223354642206,4.87,107019.309467759
0.9547131818155463,4.8702,107019.309677246
0.9814024355609856,4.8704,107019.309881036
1.1439552977725636,4.8706,107019.310055868
0.96211202468784,4.8708,107019.310263744
0.9728336641537301,4.871,107019.310469329
0.9688513981249628,4.8712,107019.310675759
0.9741461836531844,4.8713999999999995,107019.310881067
1.1245621032964472,4.8716,107019.311058914
0.9775123052146812,4.8718,107019.311263515
0.9395979884060197,4.872,107019.311476372
0.9833179770217075,4.8722,107019.311679765
0.9653488365693534,4.8724,107019.311886944
1.1938944263390026,4.8726,107019.312054463
0.9565532853211917,4.8728,107019.312263547
0.8659283546712417,4.873,107019.312494513
1.0454509414126147,4.8732,107019.312685818
0.9723181068763593,4.8734,107019.312891512
1.1617438282242478,4.8736,107019.313063667
0.962714044029303,4.8738,107019.313271413
0.9802432373412732,4.874,107019.313475444
0.9626862616486173,4.8742,107019.313683196
0.965288223124867,4.8744,107019.313890388
0.450118943042621,4.8746,107019.314334715
1.7430562064102957,4.8748000000000005,107019.314449456
2.90225189076857,4.875,107019.314518368
0.8906583681676877,4.8751999999999995,107019.314742921
1.581940436361634,4.8754,107019.314869348
0.6651125324497201,4.8756,107019.315170049
1.5711041911750196,4.8758,107019.315297348
0.9828299745708688,4.876,107019.315500842
0.9592970155380894,4.8762,107019.315709328
1.5299175912284877,4.8764,107019.315840054
0.9933642952901908,4.8766,107019.31604139
0.9897413184521264,4.8768,107019.316243463
1.0259936045987295,4.877,107019.316438396
0.9161535992284763,4.8772,107019.3166567
1.0250049984415217,4.8774,107019.316851821
1.1336518713052004,4.8776,107019.317028242
0.9991357342604368,4.8778,107019.317228415
0.9861300970667504,4.878,107019.317431228
0.8682138358715896,4.8782,107019.317661586
1.1358925392539652,4.8784,107019.317837659
1.0561334392365938,4.8786000000000005,107019.318027029
0.9948912515042538,4.8788,107019.318228056
0.9817203442281718,4.879,107019.31843178
0.9833228313523399,4.8792,107019.318635172
0.980041509982003,4.8794,107019.318839245
1.0682390575522813,4.8796,107019.319026469
0.8384900711153469,4.8798,107019.319264993
1.154714364571908,4.88,107019.319438196
0.9910262800790378,4.8802,107019.319640007
0.9552330053842752,4.8804,107019.31984938
0.9746255986135167,4.8806,107019.320054587
1.0176667182144232,4.8808,107019.320251115
1.0171698563169294,4.881,107019.320447739
0.9929401552613599,4.8812,107019.320649161
0.9240009699414363,4.8814,107019.320865611
1.2403638765788807,4.8816,107019.321026854
0.9404550914377156,4.8818,107019.321239517
1.0336825082250338,4.882,107019.321433
0.9185435565141838,4.8822,107019.321650736
1.0169371451379519,4.8824,107019.321847405
1.115567137761091,4.8826,107019.322026686
0.9837485102773277,4.8828,107019.32222999
0.9866310862679206,4.883,107019.3224327
0.975414689047225,4.8832,107019.322637741
0.9906237688496163,4.8834,107019.322839634
1.0394145887780186,4.8836,107019.32303205
1.0073891905355101,4.8838,107019.323230583
0.9888849142046588,4.884,107019.323432831
0.9816385165180629,4.8842,107019.323636572
0.9180206983201645,4.8844,107019.323854432
1.1647613735583568,4.8846,107019.324026141
0.983023148728444,4.8848,107019.324229595
0.9732360420692675,4.885,107019.324435095
0.9982231251382884,4.8852,107019.324635451
0.9782151414371479,4.8854,107019.324839905
1.0610248607976356,4.8856,107019.325028402
0.996690991688834,4.8858,107019.325229066
0.9822170020905862,4.886,107019.325432687
0.968297890488646,4.8862,107019.325639235
0.9311940559249844,4.8864,107019.325854013
1.1662828115782937,4.8866,107019.326025498
0.9168676341812381,4.8868,107019.326243632
1.023735236933422,4.8870000000000005,107019.326438995
0.9167037411033884,4.8872,107019.326657168
0.9486090938904436,4.8873999999999995,107019.326868003
1.2435800817950582,4.8876,107019.327028829
0.9995252035303787,4.8878,107019.327228924
0.9748108592350747,4.888,107019.327434092
0.9961052269707259,4.8882,107019.327634874
0.9778612315245657,4.8884,107019.327839402
0.8403149387434239,4.8886,107019.328077408
1.1033326895438658,4.8888,107019.328258677
0.9847559666877823,4.889,107019.328461773
0.9740275080650197,4.8892,107019.328667106
1.0018735226538569,4.8894,107019.328866732
1.2654623334411803,4.8896,107019.329024777
0.8664498012728917,4.8898,107019.329255604
1.1312728832358445,4.89,107019.329432396
0.8815116183993479,4.8902,107019.329659279
1.0237824406393452,4.8904,107019.329854633
1.1598573347086494,4.8906,107019.330027068
0.9873520664816137,4.8908000000000005,107019.33022963
0.9125044904982668,4.891,107019.330448807
0.8529912264968976,4.8911999999999995,107019.330683276
1.2228078304452468,4.8914,107019.330846834
1.107536214971725,4.8916,107019.331027415
0.98464929426372,4.8918,107019.331230533
0.9094423282343566,4.892,107019.331450448
1.0241389348611656,4.8922,107019.331645734
0.9129460001500556,4.8924,107019.331864805
1.2447564865147458,4.8926,107019.332025479
0.9813590589241201,4.8928,107019.332229278
0.9803297273392939,4.893,107019.332433291
0.9792352905882905,4.8932,107019.332637532
0.9858384594957444,4.8934,107019.332840405
1.086318850228102,4.8936,107019.333024513
0.7889484465087255,4.8938,107019.333278015
1.2858675815035188,4.894,107019.333433552
0.9841164195653034,4.8942,107019.33363678
0.9801903160702088,4.8944,107019.333840822
1.08813926666962,4.8946,107019.334024622
0.8165265269310253,4.8948,107019.334269562
0.8652726890226926,4.895,107019.334500703
1.4495905220726732,4.8952,107019.334638673
0.9020019849726666,4.8954,107019.334860402
1.0724838339753642,4.8956,107019.335046885
1.0438739797564835,4.8958,107019.335238479
0.9815469585787435,4.896,107019.335442239
0.9166070839000651,4.8962,107019.335660435
1.025152097372287,4.8964,107019.335855528
1.1536020918118643,4.8966,107019.336028898
1.07830668370609,4.8968,107019.336214374
1.024154655924859,4.897,107019.336409657
0.991453649706022,4.8972,107019.336611381
0.9853964162405954,4.8974,107019.336814345
0.8686248804505438,4.8976,107019.337044594
1.0061120710231664,4.8978,107019.337243379
0.9817348600794286,4.898,107019.3374471
0.9799118220394858,4.8982,107019.3376512
0.9793791759889492,4.8984,107019.337855411
1.0927707186126576,4.8986,107019.338038432
1.0416720773420098,4.8988,107019.338230431
0.9818119345227753,4.899,107019.338434136
0.9796286682436312,4.8992,107019.338638295
0.8186823097791387,4.8994,107019.33888259
1.3865779710557684,4.8995999999999995,107019.33902683
0.9064292829557552,4.8998,107019.339247476
1.026209407690253,4.9,107019.339442368
0.9834243611587615,4.9002,107019.339645739
0.9752244241104081,4.9004,107019.33985082
0.9283068852451555,4.9006,107019.340066266
1.1153121207556105,4.9008,107019.340245588
1.0261040611504122,4.901,107019.3404405
0.8582291525021876,4.9012,107019.340673538
1.1492337307993112,4.9014,107019.340847567
1.1254987639588216,4.9016,107019.341025266
0.980324832590854,4.9018,107019.34122928
0.9845184545771362,4.902,107019.341432425
0.9107261179187237,4.9022,107019.34165203
1.0206789577253452,4.9024,107019.341847978
1.1210825108954787,4.9026,107019.342026377
0.9804353959011727,4.9028,107019.342230368
0.9774550208122557,4.9030000000000005,107019.342434981
0.9808777586178745,4.9032,107019.34263888
0.9846978301711427,4.9033999999999995,107019.342841988
1.0805495393539943,4.9036,107019.343027079
0.979383921722016,4.9038,107019.343231289
0.914908918284243,4.904,107019.34344989
1.024364494322314,4.9042,107019.343645133
0.9797918074243868,4.9044,107019.343849258
0.9847365635691558,4.9046,107019.344052358
0.7157837799456402,4.9048,107019.344331772
1.334534334102108,4.905,107019.344481637
1.1541147347890626,4.9052,107019.34465493
0.915939660497889,4.9054,107019.344873285
1.2911889350699102,4.9056,107019.345028181
0.9778802950731437,4.9058,107019.345232705
0.9879226788756722,4.906,107019.34543515
0.9113734521887025,4.9062,107019.345654599
1.0206685732437366,4.9064,107019.345850549
1.1289166553707612,4.9066,107019.34602771
0.871034586891337,4.9068000000000005,107019.346257322
1.122170769267471,4.907,107019.346435548
0.9809258534004263,4.9072,107019.346639437
0.9830473359943194,4.9074,107019.346842886
1.077917322016135,4.9076,107019.347028429
0.9807190163085002,4.9078,107019.347232361
0.9630061257738041,4.908,107019.347440044
1.000275059334868,4.9082,107019.347639989
0.9128835421817647,4.9084,107019.347859075
1.1808815460565327,4.9086,107019.34802844
0.9802623938789767,4.9088,107019.348232467
0.9814361444438765,4.909,107019.34843625
0.9643666711687396,4.9092,107019.34864364
0.9886112005213531,4.9094,107019.348845944
1.0845928363951378,4.9096,107019.349030345
0.8669492902819234,4.9098,107019.349261039
1.036226459368704,4.91,107019.349454047
0.8119255753935981,4.9102,107019.349700375
1.1218622653177936,4.9104,107019.34987865
1.3441943591494785,4.9106,107019.350027438
0.9754765809476421,4.9108,107019.350232466
0.9213617612763243,4.911,107019.350449536
1.0146463625034083,4.9112,107019.350646649
0.967913694683653,4.9114,107019.350853279
1.1440862342559348,4.9116,107019.351028091
0.9808440880805985,4.9118,107019.351231997
0.981026958829529,4.912,107019.351435865
0.9687810568611286,4.9122,107019.35164231
0.9897168006619264,4.9124,107019.351844388
1.0874943798828627,4.9126,107019.352028297
0.9838936547158401,4.9128,107019.352231571
0.9785357953760274,4.913,107019.352435958
0.7162887697202652,4.9132,107019.352715175
1.4596729716327013,4.9134,107019.352852192
1.022500109710393,4.9136,107019.353047791
0.7845290507844868,4.9138,107019.353302721
1.4270425529769668,4.914,107019.353442871
0.9840534264908859,4.9142,107019.353646112
1.0073536753163832,4.9144,107019.353844652
1.0506519417737625,4.9146,107019.35403501
1.0142038580897776,4.9148,107019.354232209
0.8949066794984267,4.915,107019.354455696
1.0424484974056156,4.9152000000000005,107019.354647552
0.9791346238551304,4.9154,107019.354851814
1.0976767513159378,4.9155999999999995,107019.355034017
1.0026822060656755,4.9158,107019.355233482
0.9860133647459374,4.916,107019.355436319
0.983018367661251,4.9162,107019.355639774
0.9097980613705966,4.9164,107019.355859603
1.1630477148669982,4.9166,107019.356031565
1.0013016399155943,4.9168,107019.356231305
0.9787896677344108,4.917,107019.356435639
0.9122755998157516,4.9172,107019.356654871
1.022771982261496,4.9174,107019.356850418
1.1177679983634303,4.9176,107019.357029346
0.9823665398125204,4.9178,107019.357232936
0.8972150443968809,4.918,107019.357455848
1.0443918827068444,4.9182,107019.357647347
0.8623663356341659,4.9184,107019.357879267
1.0496869357559795,4.9186,107019.3580698
1.1320797508836413,4.9188,107019.358246466
1.0215600574133168,4.9190000000000005,107019.358442245
0.9820288458285119,4.9192,107019.358645905
0.9095994811304301,4.9193999999999996,107019.358865782
1.2459118520831929,4.9196,107019.359026307
0.9826029444016517,4.9198,107019.359229848
0.8324558085899124,4.92,107019.359470101
1.073243520389635,4.9202,107019.359656452
0.9853575602728085,4.9204,107019.359859424
0.9659735847528093,4.9206,107019.360066469
1.179043689732082,4.9208,107019.360236098
1.002019097505862,4.921,107019.360435695
0.9732596811833614,4.9212,107019.36064119
0.9875470225294505,4.9214,107019.360843712
1.0940200845569952,4.9216,107019.361026524
0.9732644367167232,4.9218,107019.361232018
0.980569979701959,4.922,107019.361435981
0.9122464743090549,4.9222,107019.36165522
1.0094586308795752,4.9224,107019.361853346
1.1584465291795216,4.9226,107019.362025991
0.9708172230649654,4.9228,107019.362232003
0.9881569343225094,4.923,107019.3624344
0.9782103374052765,4.9232,107019.362638855
0.9784592344273477,4.9234,107019.362843258
1.0780276577089452,4.9236,107019.363028782
0.9664216781598618,4.9238,107019.363235731
1.0024459858989119,4.924,107019.363435243
0.9770586632911039,4.9242,107019.363639939
0.9777942367205655,4.9244,107019.363844481
1.0973816538785255,4.9246,107019.364026733
0.9769775413750015,4.9248,107019.364231446
0.9829458840092117,4.925,107019.364434916
0.9099388300635249,4.9252,107019.364654711
1.004157183005531,4.9254,107019.364853883
1.1554482648159796,4.9256,107019.365026976
0.979427123921989,4.9258,107019.365231177
0.9725355914881404,4.926,107019.365436825
0.979393552896738,4.9262,107019.365641033
0.9839953024483372,4.9264,107019.365844286
1.0053636638270609,4.9266,107019.366043219
0.9013840290001404,4.9268,107019.3662651
1.125061872912224,4.927,107019.366442868
0.9841357277879472,4.9272,107019.366646092
0.9783204242478538,4.9274000000000004,107019.366850524
1.0287748778184274,4.9276,107019.36704493
1.024490408088405,4.9277999999999995,107019.367240149
0.9734633835185249,4.928,107019.367445601
0.9672068597915876,4.9282,107019.367652382
0.9921766841012126,4.9284,107019.367853959
0.9462931415415115,4.9286,107019.36806531
1.1487321346861883,4.9288,107019.368239415
0.9823326967774471,4.929,107019.368443012
0.9774789348391228,4.9292,107019.36864762
0.9775123052146812,4.9294,107019.368852221
1.1523724259903187,4.9296,107019.369025776
0.9111409606411158,4.9298,107019.369245281
1.0201687765087404,4.93,107019.369441327
0.9742410620803412,4.9302,107019.369646615
0.974782374288924,4.9304,107019.369851789
1.0283675175277243,4.9306,107019.370046272
0.9111700155934285,4.9308,107019.37026577
1.0748469850311717,4.931,107019.370451843
1.0272530076176805,4.9312000000000005,107019.370646537
1.030221562825027,4.9314,107019.37084067
1.071616089300355,4.9315999999999995,107019.371027304
0.9813254253992433,4.9318,107019.37123111
0.9027062772277146,4.932,107019.371452666
1.0270631671201553,4.9322,107019.371647396
0.8338440452973577,4.9324,107019.371887249
1.4168621015024863,4.9326,107019.372028406
0.9911833731494142,4.9328,107019.372230185
0.9823762297428368,4.933,107019.372433773
0.9742647500424794,4.9332,107019.372639056
0.8631404715397905,4.9334,107019.372870768
1.2562813721714376,4.9336,107019.373029968
0.995193242827405,4.9338,107019.373230934
0.9806036314309976,4.934,107019.37343489
0.9076510432365857,4.9342,107019.373655239
1.0205487501545614,4.9344,107019.373851212
1.1300329127196655,4.9346,107019.374028198
0.9788662804086515,4.9348,107019.374232516
0.9827237189818495,4.9350000000000005,107019.374436032
0.9624778100863575,4.9352,107019.374643829
0.7595753898776949,4.9354,107019.374907134
1.6957199952164397,4.9356,107019.375025078
0.9086778634581448,4.9358,107019.375245178
1.0192225733984863,4.936,107019.375441406
0.9618621515369233,4.9362,107019.375649336
0.9949407303682104,4.9364,107019.375850353
1.1297775550379472,4.9366,107019.376027379
0.9855274894039548,4.9368,107019.376230316
0.9784592344273477,4.937,107019.376434719
0.9079435923307493,4.9372,107019.376654997
0.8301304461857683,4.9374,107019.376895923
1.4900242040975726,4.9376,107019.377030149
0.9921422333945031,4.9378,107019.377231733
0.9766531189480013,4.938,107019.377436514
0.9830811579752068,4.9382,107019.377639956
0.9646596890091457,4.9384,107019.377847283
1.0774410663885612,4.9386,107019.378032908
1.0047928594805033,4.9388,107019.378231954
0.9803393072070399,4.939,107019.378435965
0.8987632851858284,4.9392,107019.378658493
1.0358615799247084,4.9394,107019.378851569
0.9393242969540144,4.9396,107019.379064488
1.1374429854570194,4.9398,107019.379240321
0.9825208992570965,4.9399999999999995,107019.379443879
0.9774693412834164,4.9402,107019.379648489
0.9088059061215,4.9404,107019.379868558
1.2265272582380682,4.9406,107019.38003162
0.9947477402305499,4.9408,107019.380232676
0.9755764968578495,4.941,107019.380437683
0.974996190308802,4.9412,107019.380642812
0.7531680315201889,4.9414,107019.380908357
1.7063097873737334,4.9416,107019.381025569
0.9721337924291794,4.9418,107019.381231302
0.9805364002460352,4.942,107019.381435272
0.9770013625923183,4.9422,107019.38163998
0.908376615867446,4.9424,107019.381860153
1.2042388889556914,4.9426,107019.382026233
0.9679323723396713,4.9428,107019.382232859
0.981778199812527,4.943,107019.382436571
0.8674870246602614,4.9432,107019.382667122
1.1179680277929915,4.9434000000000005,107019.382846018
1.1093976924907611,4.9436,107019.383026296
0.9728004747370392,4.9437999999999995,107019.383231888
0.9793360478023525,4.944,107019.383436108
0.9789572691748414,4.9442,107019.383640407
0.9794847095220599,4.9444,107019.383844596
1.0998135925983041,4.9446,107019.384026445
0.972393709756802,4.9448,107019.384232123
0.9783108838006389,4.945,107019.384436557
0.9809162620702164,4.9452,107019.384640448
0.8855042955873088,4.9454,107019.384866308
1.2484394703146346,4.9456,107019.385026508
0.9783874215343547,4.9458,107019.385230926
0.9720534174556328,4.946,107019.385436676
0.8966800824287143,4.9462,107019.385659721
1.0304444790703593,4.9464,107019.385853812
1.1403353599853079,4.9466,107019.386029199
0.9864900187586675,4.9468,107019.386231938
0.8993897758306922,4.947,107019.386454311
1.01982540753102,4.9472000000000005,107019.386650423
0.746906872120949,4.9474,107019.386918194
1.7597423037470952,4.9475999999999996,107019.387031847
0.9923686778239439,4.9478,107019.387233385
0.9791729905804468,4.948,107019.387437639
0.9791394369697319,4.9482,107019.3876419
0.956516737272416,4.9484,107019.387850992
1.1343592341966988,4.9486,107019.388027303
0.9756715848557497,4.9488,107019.38823229
0.9724126983156465,4.949,107019.388437964
0.9771636278235956,4.9492,107019.388642638
0.9075398652776373,4.9494,107019.388863014
0.5711071100853905,4.9496,107019.389213211
5.454941950374085,4.9498,107019.389249875
0.7138344998274092,4.95,107019.389530052
0.997680386122669,4.9502,107019.389730517
1.5759820690803477,4.9504,107019.389857422
0.6936087407866377,4.9506,107019.390145769
0.9831343215512498,4.9508,107019.3903492
1.0547966866336633,4.951,107019.39053881
1.1266779975202896,4.9512,107019.390716323
1.7928538039690372,4.9514,107019.390827877
0.9898588638941623,4.9516,107019.391029926
0.9877762723774286,4.9518,107019.391232401
0.965698427676406,4.952,107019.391439505
0.9860814198668223,4.9522,107019.391642328
0.9806228720159659,4.9524,107019.39184628
0.9899471304300572,4.9526,107019.392048311
1.0204914632809592,4.9528,107019.392244295
0.9774597479116812,4.953,107019.392448907
0.9767580657717652,4.9532,107019.392653666
0.9791250675258063,4.9534,107019.39285793
1.1900865440544894,4.9536,107019.393025985
0.9457114129210185,4.9538,107019.393237466
0.8273625611236787,4.954,107019.393479198
1.1292225573149313,4.9542,107019.393656311
1.020475854481884,4.9544,107019.393852298
1.0308109633422562,4.9546,107019.39404632
0.9993603686585847,4.9548,107019.394246448
0.9814988028772048,4.955,107019.394450218
0.7240028553221184,4.9552,107019.39472646
1.3179571151698464,4.9554,107019.39487821
1.3033137124106968,4.9556000000000004,107019.395031665
0.9971978517687169,4.9558,107019.395232227
0.9743692532525754,4.9559999999999995,107019.395437488
0.9831874908776191,4.9562,107019.395640908
0.970751258509695,4.9564,107019.395846934
1.1117164062302836,4.9566,107019.396026836
0.9729140304721065,4.9568,107019.396232404
0.982511346946383,4.957,107019.396435964
0.9058750403114828,4.9572,107019.396656745
1.0253728249488574,4.9574,107019.396851796
0.7101995512247213,4.9576,107019.397133407
1.2479174671339102,4.9578,107019.397293674
0.9118679513877931,4.958,107019.397513004
0.9539845642100893,4.9582,107019.397722651
0.8796545094272047,4.9584,107019.397950013
0.9743217301749092,4.9586,107019.398155284
2.2203966157481028,4.9588,107019.398245358
0.9780189803710131,4.959,107019.398449853
0.9706099654400479,4.9592,107019.398655909
0.9752719660841344,4.9594000000000005,107019.39886098
0.947701127870015,4.9596,107019.399072017
1.2628175809332176,4.9597999999999995,107019.399230393
0.9682135786105032,4.96,107019.399436959
0.9132961655309411,4.9602,107019.399655946
1.0217948894081477,4.9604,107019.39985168
0.9589658933221168,4.9606,107019.400060238
1.0699879218407706,4.9608,107019.400247156
1.0225105314944423,4.961,107019.400442753
0.9689312444261157,4.9612,107019.400649166
0.9821253362132037,4.9614,107019.400852806
0.9547313534849571,4.9616,107019.401062289
1.1353444613932449,4.9618,107019.401238447
0.9683260659360086,4.962,107019.401444989
0.9828057979997635,4.9622,107019.401648488
0.9744831755494728,4.9624,107019.401853725
1.018812319037236,4.9626,107019.402050032
1.011291120964699,4.9628,107019.402247799
0.9759239037160378,4.963,107019.402452733
0.9367330523000071,4.9632,107019.402666241
0.8074446296227279,4.9634,107019.402913936
1.33680915573089,4.9636,107019.403063546
1.1424131722994784,4.9638,107019.403238614
1.184778016410042,4.964,107019.403407422
0.9694994961066983,4.9642,107019.403613714
0.9801711623538525,4.9644,107019.40381776
0.9539162988409848,4.9646,107019.404027422
1.0044850149580538,4.9648,107019.404226529
0.9765243955448413,4.965,107019.404431337
0.9753670639389065,4.9652,107019.404636388
0.978200799105034,4.9654,107019.404840845
1.0609291975842838,4.9656,107019.405029359
0.9804353958968187,4.9658,107019.40523335
0.9816384464102681,4.966,107019.405437091
0.9691941676666472,4.9662,107019.405643448
0.9828975909477907,4.9664,107019.405846928
1.0254464219315866,4.9666,107019.406041965
0.9975559799254123,4.9668,107019.406242455
0.9719306461081193,4.967,107019.406448231
0.9788662804086515,4.9672,107019.406652549
0.9060926058989273,4.9674,107019.406873277
1.294004183253346,4.9676,107019.407027836
0.803755136287008,4.9678,107019.407276668
1.2542802820480194,4.968,107019.407436122
0.9722377701947411,4.9681999999999995,107019.407641833
0.9010347849165605,4.9684,107019.4078638
1.2253100985550345,4.9686,107019.408027024
0.9678808401140063,4.9688,107019.408233661
0.9151809964807482,4.969,107019.408452197
1.0107800206428952,4.9692,107019.408650064
0.9129584927693126,4.9694,107019.408869132
1.2698413385811362,4.9696,107019.409026632
0.9717086915655484,4.9698,107019.409232455
0.9754622495696279,4.97,107019.409437486
0.9807527482536098,4.9702,107019.409641411
0.9621814681603627,4.9704,107019.409849272
0.9739136922812504,4.9706,107019.410054629
1.0202623801043735,4.9708,107019.410250657
0.9810991597439189,4.971,107019.41045451
0.9713877583549927,4.9712,107019.410660401
0.8274823619640961,4.9714,107019.410902098
1.6067223966379456,4.9716000000000005,107019.411026575
0.9655352672217157,4.9718,107019.411233714
0.9793599841727815,4.9719999999999995,107019.411437929
0.9677122399582019,4.9722,107019.411644602
0.9877275035140272,4.9724,107019.411847087
1.1036796519052647,4.9726,107019.412028299
0.9792976683024999,4.9728,107019.412232527
0.9703509321743234,4.973,107019.412438638
0.9693961715633398,4.9732,107019.412644952
0.9850372919559073,4.9734,107019.41284799
1.1061089927433583,4.9736,107019.413028804
0.978243896991213,4.9738,107019.413233252
0.9768486630155631,4.974,107019.413437992
0.9664029908071459,4.9742,107019.413644945
0.9709963737296996,4.9744,107019.413850919
1.0183402932676382,4.9746,107019.414047317
1.0102744864959294,4.9748,107019.414245283
0.9121881683281375,4.975,107019.414464536
1.0221239268679787,4.9752,107019.414660207
0.9745068752911704,4.9754000000000005,107019.414865439
1.2338976962430266,4.9756,107019.415027527
0.979427123921989,4.9758,107019.415231728
0.9720723239784572,4.976,107019.415437474
0.8984443763797413,4.9762,107019.415660081
1.0304922262751404,4.9764,107019.415854163
1.1576753684099121,4.9766,107019.416026923
0.9760002070158764,4.9768,107019.416231841
0.8337814708631685,4.977,107019.416471712
1.1317722059834485,4.9772,107019.416648426
0.9715860072755694,4.9774,107019.416854275
1.0234838113600098,4.9776,107019.417049686
0.8030515811033351,4.9778,107019.417298736
1.326005068377285,4.978,107019.417449565
0.9724220552738841,4.9782,107019.417655237
0.9859696502950485,4.9784,107019.417858083
1.1567513880641775,4.9786,107019.418030981
0.9741034460637472,4.9788,107019.418236298
0.9816770096071372,4.979,107019.418440031
0.9705157243717157,4.9792,107019.418646107
0.9027348560200508,4.9794,107019.418867656
1.2575531627389915,4.9796,107019.419026695
0.9903637926487125,4.9798,107019.419228641
1.0077749983834712,4.98,107019.419427098
0.9707417965490777,4.9802,107019.419633126
0.9654233595056328,4.9804,107019.419840289
1.0519837589714154,4.9806,107019.420030406
0.9799694646511687,4.9808,107019.420234494
0.9696405344413712,4.981,107019.420440756
0.9653767728487825,4.9812,107019.420647929
0.9847123636556671,4.9814,107019.420851034
1.129739200977071,4.9816,107019.421028066
0.5327636373321909,4.9818,107019.421403467
0.9028000248054475,4.982,107019.421625
6.027001270910581,4.9822,107019.421658184
0.9241546195091174,4.9824,107019.421874598
0.6824540999530744,4.9826,107019.422167658
2.7536453114401778,4.9828,107019.422240289
1.0015774635169474,4.983,107019.422439974
0.9806998419286628,4.9832,107019.42264391
0.9755288559479122,4.9834,107019.422848927
1.118643291794839,4.9836,107019.423027715
0.9768057574004405,4.9838000000000005,107019.423232464
0.974032340130372,4.984,107019.423437796
0.9131711016331807,4.9841999999999995,107019.423656813
0.883271274264053,4.9844,107019.423883244
1.3707737078363695,4.9846,107019.424029147
0.9175617098775141,4.9848,107019.424247116
1.0193107872314187,4.985,107019.424443327
0.9059078804611681,4.9852,107019.4246641
0.9976306344060923,4.9854,107019.424864575
1.2266326746381115,4.9856,107019.425027623
0.981643284172396,4.9858,107019.425231363
0.9716709075434354,4.986,107019.425437194
0.9730324348664732,4.9862,107019.425642737
0.9115271623213803,4.9864,107019.425862149
1.2137468606052693,4.9866,107019.426026928
0.9796958448339269,4.9868,107019.426231073
0.9701532553978247,4.987,107019.426437226
0.8928690794866749,4.9872,107019.426661223
1.0686215405877513,4.9874,107019.42684838
1.0195446617765391,4.9876000000000005,107019.427044546
0.9921816262913362,4.9878,107019.427246122
0.9796670038575372,4.9879999999999995,107019.427450273
0.9683166512016408,4.9882,107019.427656817
0.9817011306741014,4.9884,107019.427860545
1.1775164398334954,4.9886,107019.428030394
0.980709429027037,4.9888,107019.428234328
0.6391307897914247,4.989,107019.428547253
1.8210458197417239,4.9892,107019.42865708
0.9902804464140982,4.9894,107019.428859043
1.173488532633715,4.9896,107019.429029475
0.9824244013640226,4.9898,107019.429233053
0.9722613608430076,4.99,107019.429438759
0.9602735058611763,4.9902,107019.429647033
0.9908740230944476,4.9904,107019.429848875
1.100007158998423,4.9906,107019.430030692
0.9846444973742736,4.9908,107019.430233811
0.9676560983721701,4.991,107019.430440496
0.6833845227854338,4.9912,107019.430733157
1.594858277378412,4.9914,107019.43085856
1.153562199938847,4.9916,107019.431031936
0.9823954697362829,4.9918,107019.43123552
0.9798733973988671,4.992,107019.431439628
0.9065361229250315,4.9922,107019.431660248
0.849556322085917,4.9924,107019.431895665
1.4606855206669342,4.9926,107019.432032587
1.005444493186567,4.9928,107019.432231504
0.9653767728487825,4.993,107019.432438677
0.9626075086596442,4.9932,107019.432646446
0.9811809676020775,4.9934,107019.432850282
1.1261831586620088,4.9936,107019.433027873
0.9773356072034537,4.9938,107019.433232511
0.9683541747957393,4.994,107019.433439047
0.9773308118064938,4.9942,107019.433643686
0.9700826564972824,4.9944,107019.433849854
0.9134922953562284,4.9946,107019.434068794
1.21131364873452,4.9948,107019.434233904
0.9099222632362789,4.995,107019.434453703
1.013201976847596,4.9952,107019.434651097
0.9864219072329309,4.9954,107019.43485385
1.0405773239611993,4.9956,107019.435046051
1.0222962811256595,4.9958,107019.435241689
0.9664917451826942,4.996,107019.435448623
0.9125627763292513,4.9962,107019.435667786
1.0103459319643253,4.9963999999999995,107019.435865738
1.215605986695364,4.9966,107019.436030265
0.9785741151810585,4.9968,107019.436234644
0.9737904506003033,4.997,107019.436440027
0.9050715572531267,4.9972,107019.436661004
1.0146258385301905,4.9974,107019.436858121
1.066865790632748,4.9976,107019.437045586
1.0113933732895606,4.9978,107019.437243333
0.973359143450817,4.998,107019.437448807
0.9788327478145398,4.9982,107019.437653132
0.8314176230439096,4.9984,107019.437893685
1.5172895318443862,4.9986,107019.438025499
0.9697204424558896,4.9988,107019.438231744
0.9672723435115385,4.999,107019.438438511
0.9794319399170515,4.9992,107019.438642711
0.9770968674911744,4.9994,107019.438847399
0.8828384852697049,4.9996,107019.439073941
1.2711164108102138,4.9998000000000005,107019.439231283
0.9634792962655477,5.0,107019.439438864
0.973136604965697,5.0002,107019.439644385
0.976462370614054,5.0004,107019.439849206
1.1076098507454546,5.0006,107019.440029775
0.9735107539381104,5.0008,107019.440235217
0.986217629063461,5.001,107019.440438012
0.977273479178951,5.0012,107019.440642663
0.903032372631748,5.0014,107019.440864139
1.2370496812950857,5.0016,107019.441025814
0.9693585671685828,5.0018,107019.441232136
0.9712320726089106,5.002,107019.44143806
0.9742078456246616,5.0022,107019.441643355
0.9771923910636532,5.0024,107019.441848023
1.1115618474542017,5.0026,107019.44202795
0.9728762215227121,5.0028,107019.442233526
0.7601585895825292,5.003,107019.442496629
1.275030370535142,5.0032,107019.442653488
0.9783970331243026,5.0034,107019.442857904
1.1838732008369497,5.0036,107019.443026841
0.8633341956206187,5.0038,107019.443258501
1.1153867941684212,5.004,107019.443437811
0.976228841831682,5.0042,107019.443642681
0.9573729877515372,5.0044,107019.443851586
1.0607321922684327,5.0046,107019.444040135
1.0293149040247915,5.0048,107019.444234439
0.9648970630910141,5.005,107019.444441715
0.9744641060481545,5.0052,107019.444646956
0.6568317351533329,5.0054,107019.444951448
2.3865491211478105,5.0056,107019.445035251
0.9235358594333294,5.0058,107019.44525181
1.0199762464268465,5.006,107019.445447893
0.9084467449887134,5.0062,107019.445668049
1.0153830032005053,5.0064,107019.445865019
1.1010306096024451,5.0066,107019.446046667
1.010483726980349,5.0068,107019.446244592
0.907054178365799,5.007,107019.446465086
1.015805965631218,5.0072,107019.446661974
0.8555344265695739,5.0074,107019.446895746
1.0262884126294027,5.0076,107019.447090623
0.9987016450703278,5.0078,107019.447290883
0.9829024411286732,5.008,107019.447494362
0.9725166669446826,5.0082,107019.447700014
0.8016739239494716,5.0084,107019.447949492
1.1694401243398134,5.0086,107019.448120514
0.9900892597886758,5.0088,107019.448322516
0.9760858805324711,5.009,107019.448527416
0.9752434541796687,5.0092,107019.448732493
0.9483976620293921,5.0094,107019.448943375
0.9933495052958904,5.0096,107019.449144714
0.9798782177793786,5.0098,107019.449348821
0.9760954469507878,5.01,107019.449553719
0.9724268026208321,5.0102,107019.44975939
0.8816554199042904,5.0104,107019.449986236
1.0376888647170797,5.0106,107019.450178972
0.9625935529251166,5.0108,107019.450386744
1.0073892643788067,5.011,107019.450585277
0.9683073048625029,5.0112,107019.450791823
0.9865824304173062,5.0114,107019.450994543
0.9726727648255502,5.0116,107019.451200162
0.9786028918440478,5.0118,107019.451404535
0.976500458815756,5.012,107019.451609348
0.9100837402097052,5.0122,107019.451829108
1.0110252426640163,5.0124,107019.452026927
0.9865046051947478,5.0126,107019.452229663
0.9924622658719353,5.0128,107019.452431182
0.9820963520150506,5.013,107019.452634828
0.9733496995212465,5.0132,107019.452840304
0.9800078269428741,5.0134,107019.453044384
1.008496585858575,5.0136,107019.453242699
0.9114316540533466,5.0138,107019.453462134
1.0182469665714031,5.014,107019.45365855
0.9782390926769,5.0142,107019.453862999
1.2009342741447826,5.0144,107019.454029536
0.984659029280143,5.0146,107019.454232652
0.9565487582747947,5.0148,107019.454441737
0.9966065771435829,5.015,107019.454642418
0.9765434070049194,5.0152,107019.454847222
1.1078061713888474,5.0154,107019.455027759
0.9764719444223094,5.0156,107019.455232578
0.9813590589197619,5.0158,107019.455436377
0.984532982767175,5.016,107019.455639519
0.97506280222931,5.0162,107019.455844634
0.9454163294102087,5.0164,107019.456056181
1.0272319704788895,5.0166,107019.456250879
0.9771206945322108,5.0168,107019.456455562
0.9902755231502446,5.017,107019.456657526
0.9777751765271819,5.0172,107019.456862072
1.0654733347242842,5.0174,107019.457049782
1.022400771148378,5.0176,107019.4572454
0.9806421133647043,5.0178,107019.457449348
0.9785789227823131,5.018,107019.457653726
0.9887529465140584,5.0182,107019.457856001
1.0298979421493264,5.0184,107019.458050195
1.038685851910943,5.0186,107019.458242746
0.9690720491353708,5.0188,107019.458449129
0.9713924956127629,5.019,107019.458655019
1.0032756606397135,5.0192,107019.458854366
1.1405304874094653,5.0194,107019.459029723
0.8787191667326032,5.0196,107019.459257327
1.033228685096653,5.0198,107019.459450895
1.0185269980013159,5.02,107019.459647257
0.6970827113512904,5.0202,107019.459934167
1.6483560326499076,5.0204,107019.4600555
1.017118141877958,5.0206,107019.460252134
0.9970188841072067,5.0208,107019.460452732
0.9742458272003346,5.021,107019.460658019
0.7653305381198376,5.0212,107019.460919344
1.8368845520719397,5.0214,107019.461028224
0.9824485591785372,5.0216,107019.461231797
0.9780094458021428,5.0218,107019.461436294
0.9786028918440478,5.022,107019.461640667
0.7936381969220514,5.0222,107019.461892671
1.480132892825566,5.0224,107019.462027794
0.9838597768064437,5.0226,107019.462231075
0.9772305362429156,5.0228,107019.462435735
0.9787992175221185,5.023,107019.462640067
0.982598167425379,5.0232,107019.462843609
1.0668544450745063,5.0234,107019.463031076
0.9821542519319876,5.0236,107019.46323471
0.9798733973945156,5.0238,107019.463438818
0.9009089815573144,5.024,107019.463660816
1.0318799847190658,5.0242,107019.463854637
1.1481715035069429,5.0244,107019.464028827
0.9125211514923462,5.0246,107019.464248
1.025152097372287,5.0248,107019.464443093
0.7795690628763767,5.025,107019.464699645
1.2071244552829592,5.0252,107019.464865328
1.2154434432215833,5.0254,107019.465029877
0.9893202659500832,5.0256,107019.465232036
0.9742885772888799,5.0258,107019.465437314
0.9183748294934987,5.026,107019.46565509
0.9972426399086427,5.0262,107019.465855643
1.1655826326838141,5.0264,107019.466027231
0.870867740848279,5.0266,107019.466256887
1.1289166553657477,5.0268,107019.466434048
0.8948305269767027,5.027,107019.466657554
1.0308747498769315,5.0272,107019.466851564
0.8919969563376369,5.0274,107019.46707578
1.292992063915535,5.0276,107019.46723046
0.9710717712026844,5.0278,107019.467436418
1.09938427509901,5.028,107019.467618338
1.00857799379871,5.0282,107019.467816637
0.9371236866244488,5.0284,107019.468030056
1.025278204851904,5.0286,107019.468225125
0.9759096977879901,5.0288,107019.468430062
0.9788279377146165,5.029,107019.468634388
0.9736861404831376,5.0292,107019.468839793
1.0573674970240516,5.0294,107019.469028942
0.8716685550993667,5.0296,107019.469258387
1.0333567875808551,5.0298,107019.469451931
1.0205955846748063,5.03,107019.469647895
0.7991880682341065,5.0302,107019.469898149
1.4306764970798638,5.0304,107019.470037943
0.9998050676017821,5.0306,107019.470237982
0.9852362081098665,5.0308,107019.470440979
0.9822024719737473,5.031,107019.470644603
0.9807815832042589,5.0312,107019.470848522
1.1135981995585735,5.0314,107019.47102812
0.9777417186537455,5.0316,107019.471232673
0.9739848499108652,5.0318,107019.471438015
0.9807719247066995,5.032,107019.471641936
0.9800703031208509,5.0322,107019.471846003
1.1004247161908267,5.0324,107019.472027751
0.864685413061807,5.0326,107019.472259049
1.1273512512650783,5.0328,107019.472436456
0.9687997680071321,5.033,107019.472642897
0.9841018332020592,5.0332,107019.472846128
0.9980637928563972,5.0334,107019.473046516
0.9283973086518972,5.0336,107019.473261941
1.1028154865254727,5.0338,107019.473443295
0.9880056286821691,5.034,107019.473645723
0.980219187867456,5.0342,107019.473849759
1.1149453253361223,5.0344,107019.47402914
0.9837290764320513,5.0346,107019.474232448
0.976371845010017,5.0348,107019.474437288
0.9763527015196597,5.035,107019.474642132
0.9825692255579732,5.0352,107019.47484568
1.097544213922212,5.0354,107019.475027905
0.9796334163862164,5.0356,107019.475232063
0.9766388223872423,5.0358,107019.475436847
0.9738520675395337,5.036,107019.475642217
0.9806950134610409,5.0362,107019.475846154
0.8510276278482461,5.0364,107019.476081164
1.3118539802212423,5.0366,107019.47623362
0.9786746666829735,5.0368,107019.476437978
0.6860827986624662,5.037,107019.476729488
1.2713912087058588,5.0372,107019.476886796
1.4297559770754578,5.0374,107019.47702668
0.9764432929457334,5.0376,107019.477231505
0.6595110016508999,5.0378,107019.47753476
1.7349212680357642,5.038,107019.477650039
1.0065830731900716,5.0382,107019.477848731
1.011505844959275,5.0384,107019.478046456
1.029087159431851,5.0386,107019.478240803
0.9729093472374872,5.0388,107019.478446372
0.9895748494561054,5.039,107019.478648479
0.9808392581924862,5.0392,107019.478852386
1.1229331383301708,5.0394,107019.479030491
0.9438013224875702,5.0396,107019.4792424
0.9972277341976017,5.0398,107019.479442956
0.7120884171040445,5.04,107019.47972382
1.150152376865892,5.0402,107019.47989771
1.149868028315967,5.0404,107019.480071643
0.9357031649208452,5.0406,107019.480285386
1.049345444201064,5.0408,107019.480475981
0.988821380347961,5.041,107019.480678242
0.9780190499670898,5.0412,107019.480882737
0.9770395623157154,5.0414,107019.481087437
0.9848675318123068,5.0416,107019.48129051
0.9820867377857752,5.0418,107019.481494158
0.9050797227057986,5.042,107019.481715133
1.0365648584814227,5.0422,107019.481908078
0.9805652224719213,5.0424,107019.482112042
0.9829217017397077,5.0426,107019.482315517
0.8345469197987848,5.0428,107019.482555168
1.1233557063969322,5.043,107019.482733206
1.003446844777986,5.0432,107019.482932519
0.9803248325952075,5.0434,107019.483136533
0.9870304296364153,5.0436,107019.483339161
0.9820674397097537,5.0438,107019.483542813
0.9867382593778697,5.044,107019.483745501
0.9844990608169186,5.0442,107019.48394865
0.9102742723647597,5.0444,107019.484168364
1.0270947127810572,5.0446,107019.484363088
0.8732595178946181,5.0448,107019.484592115
1.1319452085563955,5.045,107019.484768802
0.9469562227313256,5.0452,107019.484980005
0.8630473544431967,5.0454,107019.485211742
1.1386214528907945,5.0456,107019.485387393
0.9993204763275775,5.0458,107019.485587529
0.9163424660847033,5.046,107019.485805788
1.020075114376568,5.0462,107019.486001852
0.9210689592792476,5.0464,107019.486218991
1.0199034325138079,5.0466,107019.486415088
0.9570751818243607,5.0468,107019.486624058
0.6830554513233787,5.047,107019.48691686
1.619315163407747,5.0472,107019.487040369
1.0163944660485107,5.0474,107019.487237143
0.9845669070551449,5.0476,107019.487440278
1.1905045578609603,5.0478,107019.487608274
0.9948268715344021,5.048,107019.487809314
0.8115005900409963,5.0482,107019.488055771
1.2476606499893974,5.0484,107019.488216071
0.9774071962600096,5.0486,107019.488420694
0.9916306248206493,5.0488,107019.488622382
0.9725545167681312,5.049,107019.488828026
0.9861835909229927,5.0492,107019.489030828
0.9903343201609366,5.0494,107019.48923278
0.9837049260106381,5.0496,107019.489436093
0.746597377036828,5.0498,107019.489703975
1.1154552309533368,5.05,107019.489883274
1.3437789227520696,5.0502,107019.490032108
1.0056366529815897,5.0504,107019.490230987
0.9795806307572987,5.0506,107019.490435156
0.9810990897044323,5.0508,107019.490639009
0.8782252753950512,5.051,107019.490866741
1.2236158361139973,5.0512,107019.491030191
0.9835307683262184,5.0514,107019.49123354
0.6544416948039519,5.0516,107019.491539144
1.5804404001577008,5.0518,107019.491665691
1.0797445287369445,5.052,107019.49185092
1.122970939901233,5.0522,107019.492029019
0.992688856428681,5.0524000000000004,107019.492230492
0.9706711805269314,5.0526,107019.492436535
1.0019136921200904,5.0528,107019.492636153
0.9607578291746408,5.053,107019.492844322
1.0845516691111354,5.0532,107019.49302873
0.9826705997981283,5.0534,107019.493232257
0.79941802966786,5.0536,107019.493482439
1.2304890127316803,5.0538,107019.493644976
1.0093873108406337,5.054,107019.493843116
1.0722135845727363,5.0542,107019.494029646
0.9898098891740811,5.0544,107019.494231705
0.9914487862860445,5.0546,107019.49443343
0.9492438899369439,5.0548,107019.494644124
0.9757858811829626,5.055,107019.494849087
1.0796162861191116,5.0552,107019.495034338
0.9662676479941125,5.0554,107019.49524132
0.996452600803795,5.0556,107019.495442032
0.9968052053564159,5.0558,107019.495642673
0.9765815709205136,5.056,107019.495847469
0.9885868098014675,5.0562,107019.496049778
1.0441247364202357,5.0564,107019.496241326
0.8498631667357786,5.0566,107019.496476658
1.1182930463650862,5.0568,107019.496655502
1.0248316532842998,5.057,107019.496850656
0.8696861966301788,5.0572,107019.497080624
1.2693819443847805,5.0574,107019.497238181
1.0100652584121401,5.0576,107019.497436188
0.9881276640775333,5.0578,107019.497638591
0.9941098936074405,5.058,107019.497839776
0.9682932515934445,5.0582,107019.498046325
1.0352073621977391,5.0584,107019.498239523
0.9849305585867948,5.0586,107019.498442583
0.987859197594617,5.0588,107019.498645041
0.9902657481105446,5.059,107019.498847007
1.1066905077591698,5.0592,107019.499027726
0.9885085258595414,5.0594,107019.499230051
0.9880642274796506,5.0596,107019.499432467
0.9178353683866887,5.0598,107019.499650371
1.029484448416996,5.06,107019.499844643
1.075991908018041,5.0602,107019.500030518
0.9885329838127188,5.0604,107019.500232838
0.9241589072698592,5.0606,107019.500449251
1.0262462649308808,5.0608,107019.500644136
0.9862954090030402,5.061,107019.500846915
1.0934937380799208,5.0612,107019.501029815
0.852129925455298,5.0614,107019.501264521
1.1806653704128713,5.0616,107019.501433917
0.9876982586991424,5.0618,107019.501636408
0.9766149494445854,5.062,107019.501841197
0.9889533663035873,5.0622,107019.502043431
1.0275221901124163,5.0624,107019.502238074
0.9817251827975616,5.0626,107019.502441797
0.993117661510133,5.0628,107019.502643183
0.9188263393074193,5.063,107019.502860852
1.007023968527404,5.0632,107019.503059457
1.062654107642328,5.0634,107019.503247665
0.7671947262792042,5.0636,107019.503508355
1.2982461025557968,5.0638,107019.503662409
1.0170146535307936,5.064,107019.503859063
1.1623041321789334,5.0642,107019.504031135
0.9987565841646319,5.0644,107019.504231384
0.7691834117500267,5.0646,107019.5044914
1.268391690085545,5.0648,107019.50464908
1.0064767054764865,5.065,107019.504847793
1.1033873420155076,5.0652,107019.505029053
0.9790723366596213,5.0654,107019.505233328
0.9846541617478697,5.0656,107019.505436445
1.0049645618038172,5.0658,107019.505635457
0.990275451794493,5.066,107019.505837421
1.0528753965054447,5.0662,107019.506027377
0.815567594160409,5.0664,107019.506272605
1.1784253023856868,5.0666,107019.506442323
0.9967059536351232,5.0668,107019.506642984
0.997053674325941,5.067,107019.506843575
1.0752051950680663,5.0672,107019.507029586
0.8760403279432607,5.0674,107019.507257886
1.1337290207941517,5.0676,107019.507434295
0.8460344325357505,5.0678,107019.507670692
1.1213464865597285,5.068,107019.507849049
0.9311810592664267,5.0682,107019.50806383
1.079942720103492,5.0684,107019.508249025
1.0094688626524309,5.0686,107019.508447149
0.9953913080202617,5.0688,107019.508648075
0.9983228242907194,5.069,107019.508848411
1.1155921297256677,5.0692,107019.509027688
0.9885036912858729,5.0694,107019.509230014
0.9901675803113507,5.0696,107019.509432
0.8403043550748233,5.0698,107019.509670009
1.120548628440889,5.07,107019.509848493
0.8517670146106032,5.0702,107019.510083299
1.2511494383238442,5.0704,107019.510243152
1.01177197612983,5.0706,107019.510440825
0.9858044475317298,5.0708,107019.510643705
0.8487451270220588,5.071,107019.510879347
1.3082840356556762,5.0712,107019.511032219
0.8609185807593986,5.0714,107019.511264529
1.024710927191438,5.0716,107019.511459706
0.8876107509937724,5.0718,107019.51168503
0.9769918478585918,5.072,107019.51188974
1.400864329595387,5.0722,107019.512032509
0.9035137609552208,5.0724,107019.512253867
0.9482448090320156,5.0725999999999996,107019.512464783
1.0308374821204516,5.0728,107019.5126588
0.8928332338153421,5.073,107019.512882806
1.2010136117515646,5.0732,107019.513049332
1.0680679632757921,5.0734,107019.513236586
1.0076176257864078,5.0736,107019.513435074
0.8623514557705834,5.0738,107019.513666998
1.1634806305469636,5.074,107019.513838896
0.911689269946456,5.0742,107019.514058269
1.040052413710935,5.0744,107019.514250567
0.9810172955029468,5.0746,107019.514454437
0.91952332329178,5.0748,107019.514671941
1.0338268204452397,5.075,107019.514865397
1.1175244228323726,5.0752,107019.515044364
1.03153929495351,5.0754,107019.515238249
0.983559837245368,5.0756,107019.515441592
0.9152899096463329,5.0758,107019.515660102
1.0306569030854902,5.076,107019.515854153
1.1545144510902243,5.0762,107019.516027386
0.9848966092302633,5.0764,107019.516230453
0.9840533560333443,5.0766,107019.516433694
0.9893595062975691,5.0768,107019.516635845
0.9162711126577358,5.077,107019.516854121
1.15099306126363,5.0772,107019.517027884
0.7372184685128756,5.0774,107019.517299174
1.408837586075056,5.0776,107019.517441135
0.9944114106950376,5.0778,107019.517642259
0.9751816610547414,5.078,107019.517847349
1.1088133297390186,5.0782,107019.518027722
0.9829314026252567,5.0784,107019.518231195
0.9911539948135633,5.0786,107019.51843298
0.8304957752634372,5.0788,107019.5186738
1.1588492521738047,5.079,107019.518846385
1.0985329667289208,5.0792,107019.519028446
0.9873959035953992,5.0794,107019.519230999
0.9839130246355975,5.0796,107019.519434269
0.8711408099914203,5.0798,107019.519663853
1.0463151252937648,5.08,107019.519855
0.8736028284993462,5.0802,107019.520083937
1.2802539947907317,5.0804,107019.520240156
0.9858481473301168,5.0806000000000004,107019.520443027
0.9140809474036963,5.0808,107019.520661826
1.0293149040247915,5.081,107019.52085613
1.1551144963996083,5.0812,107019.521029273
0.9893300935522241,5.0814,107019.52123143
0.9833953706058545,5.0816,107019.521434807
0.987581154849938,5.0818,107019.521637322
0.8701024376898002,5.082,107019.52186718
1.1152685885041422,5.0822,107019.522046509
1.0350680429999315,5.0824,107019.522239733
0.9853818625571832,5.0826,107019.5224427
0.906425217910263,5.0828,107019.522663347
1.0407234890996941,5.083,107019.522855521
1.1613188764904623,5.0832,107019.523027739
0.9871960436028078,5.0834,107019.523230333
0.9829845500006343,5.0836,107019.523433795
0.8272803893465533,5.0838,107019.523675551
1.1703777176888448,5.084,107019.523846436
1.0785973659884367,5.0842,107019.524031862
0.9822603844000632,5.0844,107019.524235474
0.9912718760690841,5.0846,107019.524437235
0.9162753275808576,5.0848,107019.52465551
1.031385094328327,5.085,107019.524849424
1.1218244467870475,5.0852,107019.525027705
0.9169979342814901,5.0854,107019.525245808
1.024794973994735,5.0856,107019.525440969
0.9206322634341204,5.0858,107019.525658211
1.0242386114984332,5.086,107019.525853478
1.0521387038621124,5.0862,107019.526043567
1.0268838311807016,5.0864,107019.526238331
0.9882106483073577,5.0866,107019.526440717
0.9727437412394894,5.0868,107019.526646321
0.9398319276663057,5.087,107019.526859125
1.1700765082305689,5.0872,107019.527030054
0.9973321558740995,5.0874,107019.527230589
0.9842664657653277,5.0876,107019.527433786
0.9217184753093701,5.0878,107019.527650772
1.0286901769690655,5.088,107019.527845194
1.081864683797211,5.0882,107019.52803006
0.8639383181580803,5.0884,107019.528261558
1.1479212100411105,5.0886,107019.528435786
0.9260673605416433,5.0888,107019.528651753
0.03492618876048443,5.089,107019.534378115
1.4378145541091134,5.0892,107019.534517215
16.612671062291952,5.0894,107019.534529254
19.962084745342004,5.0896,107019.534539273
22.050704407333075,5.0898,107019.534548343
22.753136107912617,5.09,107019.534557133
24.594186299568566,5.0902,107019.534565265
25.214316621813502,5.0904,107019.534573197
26.2846879572775,5.0906,107019.534580806
25.90001610691747,5.0908,107019.534588528
26.329654511131384,5.091,107019.534596124
25.886600883300282,5.0912,107019.53460385
26.208901153759175,5.0914,107019.534611481
26.602821242870604,5.0916,107019.534618999
26.399142841942002,5.0918,107019.534626575
26.791689029959528,5.092,107019.53463404
26.00779132151583,5.0922,107019.53464173
26.899814547946914,5.0924,107019.534649165
27.45363836832781,5.0926,107019.53465645
26.78813810347154,5.0928,107019.534663916
0.8811232552448979,5.093,107019.534890899
21.019437235196513,5.0932,107019.534900414
24.122550205383682,5.0934,107019.534908705
23.789684274056004,5.0936,107019.534917112
24.213069849473978,5.0938,107019.534925372
25.32610622382928,5.094,107019.534933269
25.693702241613064,5.0942,107019.534941053
26.10967008787955,5.0944,107019.534948713
1.1355893936570742,5.0946,107019.535124833
23.32905927233456,5.0948,107019.535133406
2.7812541048636232,5.095,107019.535205316
2.7579741552795025,5.0952,107019.535277833
2.4855836042770245,5.0954,107019.535358297
0.19454495896511095,5.0956,107019.536386337
0.4215291825816451,5.0958,107019.5368608
0.2337598288810087,5.096,107019.537716379
19.190158193184775,5.0962,107019.537726801
23.432952580012625,5.0964,107019.537735336
0.12656329370558275,5.0966,107019.539315573
15.983373800544728,5.0968,107019.539328086
20.627064143737698,5.097,107019.539337782
0.25652306113345286,5.0972,107019.540117439
11.397313805191857,5.0974,107019.540134987
22.831035672382722,5.0976,107019.540143747
24.694408584227375,5.0978,107019.540151846
0.12245267798907551,5.098,107019.54178513
20.016013146864832,5.0982,107019.541795122
23.24501717879378,5.0984,107019.541803726
24.15455827125755,5.0986,107019.541812006
23.82940510499646,5.0988,107019.541820399
23.14278002948269,5.099,107019.541829041
24.207227256530874,5.0992,107019.541837303
19.476073958671133,5.0994,107019.541847572
0.41052926410330554,5.0996,107019.542334748
22.13365866370723,5.0998,107019.542343784
24.912848499159782,5.1,107019.542351812
25.826428219926573,5.1002,107019.542359556
1.0154500713175851,5.1004,107019.542556513
22.514920257241155,5.1006,107019.542565396
24.292457945956592,5.1008,107019.542573629
25.141440608252257,5.101,107019.542581584
24.670029289113987,5.1012,107019.542589691
24.399194286397965,5.1014,107019.542597888
19.981994183353354,5.1016,107019.542607897
22.30402339987694,5.1018,107019.542616864
24.245361517303007,5.102,107019.542625113
2.055139487399684,5.1022,107019.54272243
22.5275783770792,5.1024,107019.542731308
3.424715939320461,5.1026,107019.542789707
22.737627465405264,5.1028,107019.542798503
0.3751760964046115,5.103,107019.543331586
0.24647661819935954,5.1032,107019.544143022
0.2544040491120533,5.1034,107019.544929173
0.4874494067793792,5.1036,107019.545339472
40.65868321889995,5.1038,107019.545344391
47.292449967238454,5.104,107019.54534862
50.72278057420798,5.1042,107019.545352563
0.24082313193934982,5.1044,107019.546183048
42.56235552462581,5.1046,107019.546187747
50.46668581175094,5.1048,107019.54619171
51.24265635851119,5.105,107019.546195613
0.04312888872243043,5.1052,107019.550832876
13.264362127592287,5.1054,107019.550847954
0.23110219615963823,5.1056,107019.551713372
18.40603309365266,5.1058,107019.551724238
21.805496390052227,5.106,107019.55173341
22.750537312107177,5.1062,107019.551742201
24.157530209741775,5.1064,107019.55175048
13.14664334028008,5.1066,107019.551765693
24.603299823078245,5.1068,107019.551773822
25.97402454403183,5.107,107019.551781522
25.532985336939824,5.1072,107019.551789355
26.301941366029215,5.1074,107019.551796959
25.997656990929823,5.1076,107019.551804652
25.503704499235486,5.1078,107019.551812494
25.980751238023167,5.108,107019.551820192
26.38870128590026,5.1082,107019.551827771
26.305414905177997,5.1084,107019.551835374
25.614786291267915,5.1086,107019.551843182
25.35493367370396,5.1088,107019.55185107
24.990627256481364,5.109,107019.551859073
25.9841895802096,5.1092,107019.55186677
26.03148528173458,5.1094,107019.551874453
26.288106658969287,5.1096,107019.551882061
26.188276059701433,5.1098,107019.551889698
0.06338340648534972,5.11,107019.555045098
16.421699829936575,5.1102,107019.555057277
20.90739666736998,5.1104,107019.555066843
23.18302712044836,5.1106,107019.55507547
24.22771003248661,5.1108,107019.555083725
24.724928305739393,5.111,107019.555091814
0.09613683758338944,5.1112,107019.557172182
18.460397749340125,5.1114,107019.557183016
22.8702048536805,5.1116,107019.557191761
23.65745884728906,5.1118,107019.557200215
24.186736520647056,5.112,107019.557208484
0.23610632127209724,5.1122,107019.55805556
21.438524978363215,5.1124,107019.558064889
23.96072417441387,5.1126,107019.558073236
24.69134744789878,5.1128,107019.558081336
24.993763054319665,5.113,107019.558089338
24.36053178674441,5.1132,107019.558097548
24.971919725911842,5.1134,107019.558105557
25.15722533893683,5.1136,107019.558113507
25.493911848766018,5.1138,107019.558121352
26.69873624339854,5.114,107019.558128843
25.62787340962769,5.1142,107019.558136647
26.360863768243526,5.1144,107019.558144234
25.900064915036445,5.1146,107019.558151956
25.856455221500998,5.1148,107019.558159691
26.46206801409563,5.115,107019.558167249
26.97234910297803,5.1152,107019.558174664
26.788085890985467,5.1154,107019.55818213
2.949765469360101,5.1156,107019.558249932
22.22223266458467,5.1158,107019.558258932
23.80385801951912,5.116,107019.558267334
23.34812197249135,5.1162,107019.5582759
24.09058463086116,5.1164,107019.558284202
24.9252280034258,5.1166,107019.558292226
25.35493367370396,5.1168,107019.558300114
24.987537674725022,5.117,107019.558308118
26.4305171475228,5.1172,107019.558315685
4.200092457490844,5.1174,107019.558363303
22.81023306186062,5.1176,107019.558372071
24.32203466264594,5.1178,107019.558380294
24.624458643403095,5.118,107019.558388416
13.320903381201303,5.1182,107019.55840343
1.4411402697365583,5.1184,107019.558542209
0.9504934870000125,5.1186,107019.558752626
0.07190889736351432,5.1188,107019.561533923
0.12851793739527886,5.119,107019.563090126
0.08417550935101856,5.1192,107019.565466114
20.05415618718323,5.1194,107019.565476087
24.00957201568915,5.1196,107019.565484417
23.140130428843168,5.1198,107019.56549306
24.009613958714827,5.12,107019.56550139
18.523668732132514,5.1202,107019.565512187
24.740194206295268,5.1204,107019.565520271
24.295463917439992,5.1206,107019.565528503
24.93454332687288,5.1208,107019.565536524
25.73999364591321,5.121,107019.565544294
25.526488478573242,5.1212,107019.565552129
25.72679179602041,5.1214,107019.565559903
26.024732294219504,5.1216,107019.565567588
26.12669442185695,5.1218,107019.565575243
0.24963428856170702,5.122,107019.566376415
21.985272678050237,5.1222,107019.566385512
23.61550852970341,5.1224,107019.566393981
24.50381421465427,5.1226,107019.566402143
24.390231317068267,5.1228,107019.566410343
25.303631804368525,5.123,107019.566418247
25.783162677102016,5.1232,107019.566426004
0.24381859274672488,5.1234,107019.567246286
22.040979707146484,5.1236,107019.56725536
24.369429727648633,5.1238,107019.567263567
24.339780804238895,5.124,107019.567271784
24.624502762267113,5.1242,107019.567279906
25.74332033514516,5.1244,107019.567287675
25.749976294307764,5.1246,107019.567295442
25.618032942029007,5.1248,107019.567303249
26.11309302523741,5.125,107019.567310908
26.18483338520996,5.1252,107019.567318546
26.402642103867002,5.1254,107019.567326121
25.693750275239672,5.1256,107019.567333905
25.39034506888545,5.1258,107019.567341782
0.2508003692550604,5.126,107019.568139229
23.046770253556595,5.1262,107019.568147907
24.73106800596869,5.1264,107019.568155994
24.585123502848614,5.1266,107019.568164129
0.08473193996664902,5.1268,107019.570524514
17.46114642645715,5.127,107019.570535968
22.18524977519024,5.1272,107019.570544983
22.3313846525285,5.1274,107019.570553939
0.17212770534273994,5.1276,107019.571715867
20.749041492613788,5.1278,107019.571725506
23.769894029513708,5.128,107019.57173392
23.699517603488687,5.1282,107019.571742359
