# .PCD v0.7
VERSION 0.7
FIELDS x y z
SIZE 4 4 4
TYPE F F F
COUNT 1 1 1
WIDTH 5048
HEIGHT 1
VIEWPOINT 0 0 0 1 0 0 0
POINTS 5048
DATA ascii
-0.11798 1.54411 1.12638
0.04616 1.54489 1.20511
0.02309 1.54414 1.16832
-0.00005 1.54344 1.13233
-0.02314 1.54278 1.09738
-0.00296 1.54715 1.29414
0.16412 1.54926 1.40896
0.14017 1.54831 1.36545
0.11646 1.54739 1.32347
0.09299 1.54652 1.28289
-0.27827 1.54009 0.84733
-0.38093 1.54246 0.89431
-0.40488 1.54241 0.87050
-0.42906 1.54240 0.84705
-0.45352 1.54242 0.82396
-0.23304 1.54210 0.97917
-0.06946 1.54160 1.03009
-0.09275 1.54107 0.99766
-0.11594 1.54060 0.96625
-0.13937 1.54018 0.93536
0.43342 1.47473 2.04598
0.40452 1.47989 1.98657
0.38082 1.52987 1.98444
0.35438 1.56079 1.95877
0.32540 1.55959 1.89682
0.58268 1.40848 2.33731
0.56093 1.46344 2.33532
0.52995 1.47879 2.27494
0.49652 1.47741 2.19413
0.46439 1.47606 2.11795
0.24045 1.55441 1.64385
0.21515 1.55334 1.59397
0.19007 1.55230 1.54573
0.16541 1.55130 1.49932
0.14124 1.55034 1.45499
0.29733 1.55842 1.83824
0.26975 1.55728 1.78184
0.24298 1.55618 1.72832
0.21676 1.55511 1.67703
0.19082 1.55407 1.62749
-1.13196 1.58203 0.14382
-1.18106 1.58321 0.11761
-1.22337 1.58416 0.24761
-5.11287 5.59673 -0.07769
-5.10057 5.39048 -0.16340
-0.91314 1.57685 0.27024
-0.95394 1.57779 0.24530
-5.13887 5.01981 0.15171
-1.03967 1.57982 0.19508
-1.08476 1.58090 0.16968
-5.10883 4.11415 -0.03471
-5.10029 3.97965 -0.09388
-5.06853 4.33885 -0.35946
-5.08421 3.71863 -0.20471
-5.07672 3.59285 -0.25619
-5.08886 5.18955 -0.24471
-5.07778 4.99489 -0.32118
-1.01609 1.57954 0.35933
-5.05738 4.62296 -0.46106
-5.04801 4.44486 -0.52487
-0.55334 1.54187 0.65794
-0.58033 1.54215 0.63561
-0.60803 1.54247 0.61328
-0.63607 1.54283 0.59132
-0.63224 1.48691 0.55302
-0.42423 1.54110 0.77386
-0.44935 1.54117 0.75001
-0.47465 1.54128 0.72668
-0.50051 1.54143 0.70344
-0.52660 1.54163 0.68065
-0.79714 1.57463 0.41912
-0.83168 1.57532 0.39601
-0.86753 1.57607 0.37275
-0.90413 1.57685 0.34958
-0.94187 1.57767 0.32636
-0.64038 1.45371 0.52275
-0.66875 1.45420 0.50229
-0.69758 1.45472 0.48209
-0.80562 1.57528 0.49029
0.83725 -1.21164 2.36630
0.68301 -1.27071 2.34582
0.69789 -1.21657 2.34710
0.71182 -1.16347 2.34829
0.72504 -1.11100 2.34940
0.76339 -1.53220 2.36057
0.59674 -1.55097 2.33821
0.61571 -1.49337 2.33991
0.63380 -1.43664 2.34151
0.65117 -1.38031 2.34305
0.86259 -0.67291 2.36373
0.74108 -0.78677 2.34769
0.75061 -0.74067 2.34854
0.75958 -0.69525 2.34935
0.76805 -0.64972 2.35012
0.88762 -0.91478 2.36971
0.74947 -1.00740 2.35145
0.76067 -0.95619 2.35238
0.77109 -0.90586 2.35324
0.78098 -0.85561 2.35405
0.25166 -2.91647 2.31176
0.29756 -2.81655 2.31652
0.34114 -2.71900 2.32099
0.38199 -2.62504 2.32514
0.42057 -2.53382 2.32900
-0.02262 -3.46947 2.28233
0.03907 -3.35062 2.28907
0.09673 -3.23692 2.29532
0.15147 -3.12646 2.30118
0.20303 -3.01969 2.30665
0.53476 -1.97673 2.33629
0.56049 -1.90664 2.33868
0.58492 -1.83798 2.34093
0.60806 -1.77064 2.34303
0.63000 -1.70459 2.34500
0.45702 -2.44515 2.33261
0.49141 -2.35884 2.33597
0.52390 -2.27480 2.33910
0.55482 -2.19232 2.34205
0.58380 -2.11245 2.34477
0.81473 0.52204 2.35684
0.80963 0.56926 2.35657
0.80979 0.64333 2.35739
0.79764 0.66497 2.35591
0.79079 0.71315 2.35550
0.83196 0.29070 2.35750
0.82958 0.33641 2.35744
0.75237 0.88964 2.35240
0.82322 0.42877 2.35722
0.81923 0.47546 2.35705
0.63581 1.24319 2.34173
0.61496 1.29566 2.33976
0.71421 1.05026 2.34943
0.57070 1.40160 2.33556
0.54721 1.45509 2.33332
0.78327 0.76207 2.35504
0.77520 0.81101 2.35453
0.85137 0.40163 2.36103
0.75690 0.91133 2.35333
0.74679 0.96201 2.35265
0.89088 -0.27187 2.36525
0.89172 -0.22308 2.36523
0.89203 -0.17448 2.36517
0.89175 -0.12603 2.36506
0.89087 -0.07772 2.36490
0.92790 -0.47424 2.37154
0.92983 -0.42148 2.37151
0.93105 -0.36908 2.37142
0.93167 -0.31702 2.37129
0.83598 0.15483 2.35741
0.87398 0.21014 2.36310
0.86923 0.25775 2.36266
0.86384 0.30576 2.36216
0.85788 0.35383 2.36162
0.85953 -0.00276 2.36042
0.91838 0.03932 2.36896
0.91401 0.08934 2.36844
0.90908 0.13889 2.36787
0.90350 0.18873 2.36726
-1.20394 -3.25990 2.13104
-1.12852 -3.18030 2.13969
-1.05662 -3.10299 2.14789
-0.98770 -3.02750 2.15572
-0.92226 -2.95456 2.16311
-1.64043 -3.69681 2.08022
-1.54426 -3.60364 2.09152
-1.45278 -3.51355 2.10221
-1.36575 -3.42631 2.11234
-1.28289 -3.34185 2.12194
-0.63694 -3.30159 2.20249
-0.56434 -3.20242 2.21065
-0.49610 -3.10685 2.21826
-0.43093 -3.01345 2.22547
-0.36913 -2.92274 2.23226
-0.85906 -2.88293 2.17021
-0.79902 -2.81352 2.17692
-0.74147 -2.74571 2.18332
-0.68625 -2.67947 2.18942
-0.63324 -2.61475 2.19525
-3.32518 -4.58431 0.98146
-3.22095 -4.58373 1.04954
-3.19466 -4.58516 1.47505
-3.02125 -4.58268 1.18571
-2.92546 -4.58222 1.25407
-3.89868 -4.58784 0.63869
-3.77626 -4.58705 0.70786
-2.78204 -4.58384 1.82208
-3.54349 -4.58561 0.84512
-3.43254 -4.58494 0.91330
-2.40770 -4.58180 1.91333
-2.33274 -4.58174 1.98521
-2.47842 -4.57942 1.37611
-2.06717 -4.35309 2.03097
-1.93821 -4.23201 2.04645
-2.83225 -4.58180 1.32255
-2.74135 -4.58142 1.39146
-0.34343 -2.65474 2.23224
-2.56609 -4.58080 1.53029
-2.48150 -4.58056 1.60048
0.30068 -1.07316 2.29107
0.31611 -1.03221 2.29252
0.33090 -0.99156 2.29392
0.34507 -0.95119 2.29525
0.35873 -0.91076 2.29653
0.21354 -1.28305 2.28278
0.23235 -1.24031 2.28458
0.25047 -1.19799 2.28631
0.26788 -1.15603 2.28796
0.28460 -1.11442 2.28955
0.58313 -0.65103 2.32419
0.58858 -0.60343 2.32449
0.59340 -0.55589 2.32474
0.59746 -0.50871 2.32491
0.60081 -0.46188 2.32502
0.37170 -0.87091 2.29774
0.38408 -0.83131 2.29890
0.39602 -0.79161 2.30003
0.40736 -0.75211 2.30109
-0.10761 -1.88265 2.25102
-0.07154 -2.22739 2.26094
-0.03319 -2.16126 2.26487
0.00341 -2.09646 2.26859
0.03805 -2.03332 2.27208
-0.27915 -2.14380 2.23327
-0.29250 -2.57935 2.23771
-0.24394 -2.50574 2.24290
-0.19764 -2.43376 2.24780
-0.15384 -2.36383 2.25240
0.33381 -1.61306 2.30401
0.17377 -1.56142 2.28211
0.19710 -1.51129 2.28434
0.21941 -1.46178 2.28646
0.24079 -1.41290 2.28848
0.03455 -1.64056 2.26532
0.10311 -1.90957 2.27855
0.13344 -1.84936 2.28153
0.16233 -1.79015 2.28434
0.18986 -1.73190 2.28699
-1.43312 0.18532 -0.29859
-1.42663 0.15060 -0.29773
-1.42413 0.11678 -0.29742
-1.42484 0.08304 -0.29754
-1.42940 0.04945 -0.29819
-1.52645 0.37810 -0.31108
-1.49881 0.33590 -0.30738
-1.47592 0.29588 -0.30431
-1.45771 0.25769 -0.30187
-1.44334 0.22091 -0.29995
-1.45534 -0.20891 -0.30207
-1.50479 -0.25157 -0.30881
-1.56155 -0.29754 -0.31651
-1.62680 -0.34754 -0.32533
-1.70237 -0.40252 -0.33552
-1.43761 0.01601 -0.29933
-1.44978 -0.01796 -0.30101
-1.46556 -0.05247 -0.30318
-1.48571 -0.08783 -0.30595
-1.50994 -0.12430 -0.30926
-5.03749 2.87646 -0.52374
-5.03182 2.76220 -0.56211
-3.66438 2.15119 -0.58957
-5.02129 2.54007 -0.63326
-5.01637 2.43109 -0.66648
-5.06947 3.46827 -0.30586
-5.06251 3.34590 -0.35347
-2.27340 1.08627 -0.40966
-5.04945 3.10705 -0.44247
-5.04332 2.99041 -0.48413
-2.39851 0.87774 -0.42606
-2.27196 0.78420 -0.40954
-1.36827 0.49498 -0.28989
-2.07209 0.62817 -0.38337
-1.99284 0.56188 -0.37296
-5.01168 2.32335 -0.69806
-5.00716 2.21597 -0.72848
-1.80021 -0.21756 -0.34816
-4.48493 1.80870 -0.69571
-4.00447 1.54224 -0.63394
-3.93901 -3.29788 0.08761
-3.94800 -3.40931 0.14878
-3.95732 -3.52283 0.21246
-3.96703 -3.63853 0.27898
-3.97713 -3.75654 0.34848
-3.89909 -2.76825 -0.18165
-3.90646 -2.87081 -0.13224
-3.91413 -2.97499 -0.08072
-3.92210 -3.08081 -0.02693
-3.93040 -3.18844 0.02916
-3.94039 -3.83617 0.05937
-3.94965 -3.97368 0.12136
-3.95940 -4.11532 0.18691
-3.96965 -4.26153 0.25623
-3.98045 -4.41238 0.32966
-3.98765 -3.87706 0.42102
-3.99859 -4.00022 0.49677
-4.00997 -4.12609 0.57583
-4.02184 -4.25496 0.65859
-3.10795 -1.26735 -0.52115
-2.10901 -0.60816 -0.38967
-2.20857 -0.68410 -0.40289
-2.32613 -0.76994 -0.41846
-2.46455 -0.86782 -0.43674
-1.93329 -0.50775 -0.36632
-1.81678 -0.25876 -0.35043
-1.83909 -0.30165 -0.35347
-1.86678 -0.34655 -0.35721
-1.90070 -0.39396 -0.36179
-3.83725 -1.83404 -0.59574
-3.84122 -1.92520 -0.57083
-3.84540 -2.01765 -0.54456
-3.84981 -2.11142 -0.51670
-3.85445 -2.20655 -0.48731
-2.28511 -0.76955 -0.41309
-2.39331 -0.85731 -0.42742
-2.52208 -0.95734 -0.44442
-2.67642 -1.07290 -0.46475
-2.86149 -1.20782 -0.48906
1.18510 0.19373 2.40812
1.18092 0.24749 2.40773
1.12945 0.03211 2.39957
1.17094 0.35523 2.40685
1.16519 0.40928 2.40635
1.19824 -0.07520 2.40951
1.19665 -0.02130 2.40930
1.12771 0.28652 2.40018
1.19192 0.08628 2.40878
1.18877 0.14001 2.40847
1.11718 0.63919 2.40129
1.11020 0.69366 2.40083
1.13044 0.78387 2.40468
1.09449 0.80379 2.39976
1.08579 0.85954 2.39916
1.15887 0.46306 2.40582
1.15198 0.51745 2.40524
1.11977 -0.21936 2.39823
1.13655 0.62649 2.40396
1.12791 0.68161 2.40325
1.03108 -0.93844 2.39025
1.04058 -0.88524 2.39106
1.04967 -0.83210 2.39183
1.05817 -0.77981 2.39256
1.06611 -0.72791 2.39324
0.97481 -1.21214 2.38548
0.98727 -1.15608 2.38654
0.99902 -1.10113 2.38753
1.01031 -1.04635 2.38849
1.02098 -0.99213 2.38940
1.24803 -0.28051 2.41703
1.24694 -0.22330 2.41675
1.24522 -0.16637 2.41641
1.24299 -0.10969 2.41604
1.24018 -0.05322 2.41563
1.07366 -0.67597 2.39390
1.08067 -0.62437 2.39451
1.08720 -0.57307 2.39509
1.09321 -0.52204 2.39563
0.42607 1.54911 1.38912
0.34990 1.54854 1.37342
0.32243 1.54751 1.33080
0.29564 1.54652 1.29004
0.26932 1.54558 1.25064
0.57094 1.53062 1.62963
0.49684 1.55425 1.61283
0.46589 1.55303 1.56083
0.43579 1.55185 1.51099
0.40644 1.55071 1.46318
0.00712 1.53930 0.95040
0.15494 1.54054 1.03170
0.13046 1.53983 0.99814
0.10634 1.53917 0.96569
0.08200 1.53854 0.93357
0.29097 1.54374 1.17088
0.21768 1.54381 1.17535
0.19245 1.54299 1.13959
0.16733 1.54220 1.10461
0.14266 1.54146 1.07088
1.04511 1.10534 2.39655
1.03471 1.16496 2.39592
1.02354 1.22536 2.39521
1.01170 1.28662 2.39445
0.99899 1.34927 2.39361
1.08699 0.81887 2.39886
1.07988 0.87476 2.39850
1.07217 0.93122 2.39809
1.06375 0.98873 2.39763
1.05483 1.04647 2.39712
0.60072 1.46987 1.76212
0.56669 1.46853 1.70343
0.55338 1.55712 1.74214
0.51963 1.55585 1.68572
0.48717 1.55462 1.63225
0.98554 1.41237 2.39269
0.97116 1.47698 2.39169
0.95591 1.54269 2.39061
0.93491 1.59874 2.37412
0.88846 1.59715 2.27821
-1.58424 -4.56959 0.45821
-1.49792 -4.56923 0.53389
-1.54398 -4.57032 0.77666
-1.32965 -4.56867 0.68531
-1.24740 -4.56848 0.76128
-2.04197 -4.57216 0.07702
-1.94650 -4.57155 0.15397
-1.17248 -4.56981 1.14625
-1.76162 -4.57046 0.30659
-1.67210 -4.57000 0.38252
-0.79861 -4.56943 1.37292
-0.72607 -4.56966 1.45180
-0.84330 -4.57169 1.68675
-0.58226 -4.57030 1.61248
-0.51083 -4.57069 1.69448
-1.16630 -4.56833 0.83753
-1.08623 -4.56824 0.91416
-1.94699 -4.57200 0.40747
-0.92881 -4.56824 1.06885
-0.85127 -4.56832 1.14712
-1.83550 -2.61278 -0.35919
-2.26698 -3.27571 -0.41645
-2.96445 -4.34611 -0.50830
-3.01987 -4.57966 -0.45636
-2.90764 -4.57875 -0.37226
-0.94065 -1.23197 -0.23726
-1.04215 -1.38957 -0.25154
-1.16829 -1.58484 -0.26904
-1.32938 -1.83358 -0.29111
-1.54206 -2.16126 -0.31989
-2.22269 -4.57383 0.28199
-2.13794 -4.57332 0.35713
-2.05503 -4.57286 0.43163
-1.97402 -4.57244 0.50567
-1.89460 -4.57206 0.57925
-2.79889 -4.57789 -0.28967
-2.69361 -4.57706 -0.20837
-2.59133 -4.57627 -0.12831
-2.49187 -4.57553 -0.04938
0.74709 -2.01621 2.36523
0.87358 -2.25992 2.38543
0.89796 -2.17560 2.38762
0.92125 -2.09285 2.38969
0.94296 -2.01262 2.39158
0.61673 -2.38195 2.35282
0.72805 -2.71877 2.37171
0.76049 -2.62165 2.37485
0.79121 -2.52752 2.37778
0.82035 -2.43533 2.38053
1.15969 -1.41817 2.41381
0.98284 -1.50103 2.39029
0.99750 -1.43731 2.39149
1.01141 -1.37460 2.39262
1.02449 -1.31281 2.39366
0.85100 -1.68644 2.37469
0.98293 -1.85772 2.39498
1.00124 -1.78280 2.39650
1.01845 -1.70940 2.39791
1.03481 -1.63695 2.39922
-0.16293 -4.11449 2.26992
-0.09454 -3.97930 2.27762
-0.03061 -3.85071 2.28475
0.03032 -3.72652 2.29150
0.08791 -3.60725 2.29783
-0.48190 -4.57240 1.92672
-0.41469 -4.57292 2.01004
-0.34693 -4.57349 2.09550
-0.27968 -4.57411 2.18184
-0.21168 -4.56858 2.26687
0.37484 -2.97879 2.32846
0.41474 -2.88558 2.33258
0.48755 -3.37550 2.34729
0.48864 -2.70824 2.34012
0.52312 -2.62300 2.34358
0.20311 -3.69340 2.31344
0.25856 -3.56866 2.31947
0.05793 1.53797 0.90248
0.36037 -3.33362 2.33037
0.40740 -3.22162 2.33533
-3.85494 -3.59496 -0.58804
-3.86320 -3.72609 -0.53302
-3.87182 -3.86038 -0.47541
-3.88081 -3.99786 -0.41501
-3.89022 -4.13896 -0.35160
-1.77244 -1.46661 -0.34773
-2.01902 -1.71164 -0.38060
-2.34766 -2.03686 -0.42409
-2.80641 -2.48927 -0.48444
-3.49220 -3.16374 -0.57416
-3.86386 -4.21357 -0.56254
-3.87252 -4.37610 -0.50599
-3.88166 -4.54441 -0.44587
-3.77525 -4.58563 -0.36770
-3.63618 -4.58457 -0.28579
-3.90003 -4.28374 -0.28516
-3.91029 -4.43262 -0.21533
-3.92102 -4.58583 -0.14204
-3.79458 -4.58595 -0.05893
-0.71416 -0.37028 -0.20024
-0.64580 -0.22730 -0.18936
-0.65912 -0.25108 -0.19147
-0.67400 -0.27613 -0.19380
-0.69056 -0.30259 -0.19638
-0.59957 -0.22555 -0.18250
-0.59859 -0.12231 -0.18177
-0.60575 -0.14186 -0.18294
-0.61399 -0.16202 -0.18427
-0.62337 -0.18290 -0.18578
-0.82374 -0.50629 -0.21666
-0.97279 -0.65588 -0.23815
-1.03166 -0.72087 -0.24652
-1.09945 -0.79474 -0.25608
-1.17822 -0.87958 -0.26707
-0.91197 -0.59063 -0.22943
-0.72939 -0.36067 -0.20236
-0.75219 -0.39280 -0.20583
-0.77747 -0.42735 -0.20964
-0.80581 -0.46481 -0.21388
-1.13703 -4.35513 2.14787
-1.03814 -4.22165 2.15948
-0.94492 -4.09392 2.17036
-0.85669 -3.97137 2.18060
-0.77401 -3.85451 2.19013
-1.52556 -4.57611 1.86568
-1.46027 -4.57629 1.94111
-1.39572 -4.57651 2.01721
-1.33193 -4.57678 2.09427
-1.24215 -4.49513 2.13547
-0.39483 -4.13917 2.24049
-0.31096 -3.99413 2.25007
-0.23177 -3.85439 2.25904
-0.15800 -3.72146 2.26732
-0.08819 -3.59300 2.27510
-0.69506 -3.74136 2.19919
-0.62083 -3.63322 2.20764
-0.54978 -3.52823 2.21569
-0.48291 -3.42755 2.22321
-0.41930 -3.33032 2.23032
-2.81796 -4.57871 0.37419
-2.71589 -4.57804 0.44773
-2.64925 -4.57838 0.78008
-2.51987 -4.57683 0.59362
-2.42558 -4.57629 0.66616
-3.37721 -4.58269 -0.00366
-3.25802 -4.58181 0.07357
-2.23637 -4.57658 1.13884
-3.03125 -4.58018 0.22540
-2.92301 -4.57942 0.30007
-1.88592 -4.57486 1.29361
-1.81019 -4.57474 1.36625
-2.00580 -4.57372 0.84365
-1.66258 -4.57464 1.51288
-1.59039 -4.57466 1.58701
-2.33359 -4.57580 0.73847
-2.24375 -4.57536 0.81077
-0.59237 -0.10330 -0.18075
-2.06997 -4.57461 0.95541
-1.98571 -4.57430 1.02784
-0.65715 1.45253 0.28804
-0.68678 1.45322 0.26775
-0.79521 1.57397 0.25777
-0.82892 1.57475 0.23551
-0.86381 1.57557 0.21288
-0.56390 1.53959 0.40560
-0.59213 1.54009 0.38438
-0.60668 1.51430 0.35876
-0.60137 1.45422 0.32891
-0.62797 1.45186 0.30838
-1.03989 1.58003 0.03664
-1.08390 1.58116 0.01040
-1.12917 1.58232 -0.01614
-1.17653 1.58352 -0.04345
-5.04976 5.75551 -0.57647
-0.89937 1.57642 0.19021
-0.93598 1.57731 0.16732
-0.97367 1.57824 0.14415
-1.01252 1.57920 0.12067
-0.22995 1.53669 0.69350
-0.08599 1.53555 0.72904
-0.11011 1.53531 0.70201
-0.13453 1.53513 0.67520
-0.15893 1.53499 0.64900
-0.11102 1.53746 0.81615
0.03395 1.53745 0.87209
0.01003 1.53697 0.84235
-0.01389 1.53654 0.81326
-0.03782 1.53616 0.78473
-0.42098 1.53695 0.45949
-0.28309 1.53438 0.46329
-0.31005 1.53461 0.43775
-0.33743 1.53489 0.41237
-0.36546 1.53522 0.38692
-0.35239 1.53697 0.57921
-0.20845 1.53487 0.59742
-0.23366 1.53489 0.57200
-0.25893 1.53496 0.54704
-0.28471 1.53507 0.52214
-0.70701 0.35644 -0.19819
-0.68912 0.32839 -0.19548
-0.67302 0.30196 -0.19303
-0.65847 0.27691 -0.19080
-0.64542 0.25312 -0.18879
-0.83105 0.53018 -0.21651
-0.80072 0.48986 -0.21209
-0.77346 0.45270 -0.20809
-0.74899 0.41833 -0.20447
-0.72689 0.38633 -0.20118
-0.59255 0.12869 -0.18053
-0.58315 0.09197 -0.17905
-0.51163 -0.07995 -0.16830
-0.55473 -0.09193 -0.17499
-0.58721 -0.08474 -0.17990
-0.63374 0.23041 -0.18698
-0.62335 0.20867 -0.18536
-0.61400 0.18759 -0.18390
-0.60585 0.16741 -0.18262
-0.59876 0.14786 -0.18151
-1.13687 1.25596 -0.26038
-1.04386 1.12415 -0.24766
-2.79671 2.77713 -0.47722
-0.90245 0.92064 -0.22798
-0.84685 0.83914 -0.22009
-3.74021 4.30987 -0.59786
-2.91421 3.29134 -0.49216
-1.49617 1.32018 -0.30789
-2.03416 2.20229 -0.37865
-1.77282 1.87696 -0.34458
-0.63655 0.51377 -0.18900
-0.61439 0.47618 -0.18556
-0.59465 0.44156 -0.18245
-0.57703 0.40952 -0.17965
-0.56132 0.37971 -0.17712
-1.02883 0.93388 -0.24505
-0.96629 0.85153 -0.23634
-0.91219 0.77939 -0.22872
-0.86502 0.71559 -0.22201
-5.58662 1.09046 0.32297
-6.20628 1.09256 0.09589
-6.93787 1.09439 0.08539
-7.84123 1.09626 0.07499
-8.99439 1.09819 0.06420
-5.15084 1.41881 0.41253
-5.11666 1.36940 0.15286
-5.11448 1.27523 0.13888
-5.11255 1.18183 0.12662
-5.11087 1.08985 0.11608
-16.34774 0.20763 0.23415
-12.83343 1.16139 0.47890
-14.39512 1.08789 0.48373
-14.62682 0.88795 0.45401
-14.84230 0.68008 0.42635
-9.60481 1.09873 0.33275
-12.77674 1.11524 0.04033
-15.70419 1.10477 0.02853
-17.97668 0.96335 0.02745
-17.83421 0.66364 0.04526
-5.24468 2.92337 1.06652
-5.23713 2.82893 1.01339
-5.22981 2.73476 0.96203
-5.22278 2.64162 0.91274
-5.21604 2.54943 0.86554
-5.28753 3.41730 1.36943
-5.27828 3.31596 1.30385
-5.26939 3.21592 1.24090
-5.26084 3.11719 1.18041
-5.25260 3.01971 1.12228
-5.15763 1.98635 0.44447
-5.15324 1.89270 0.41460
-5.14912 1.79988 0.38660
-5.14524 1.70788 0.36033
-5.14161 1.61666 0.33576
-5.20956 2.45818 0.82026
-5.20334 2.36782 0.77686
-5.19739 2.27828 0.73537
-5.19169 2.18950 0.69573
-5.18624 2.10150 0.65782
-4.01814 -1.85555 0.79063
-4.02427 -1.92149 0.83272
-3.97311 -1.60599 0.46083
-4.03714 -2.05411 0.92130
-4.04388 -2.12086 0.96779
-5.19797 -1.96985 0.73915
-4.02889 -1.60672 0.64043
-3.99541 -1.96948 0.61237
-4.00649 -1.72442 0.71076
-4.01222 -1.78988 0.75006
-3.99957 -2.29987 0.62226
-4.00549 -2.38460 0.66142
-4.05125 -2.40775 1.00521
-4.01822 -2.55828 0.74612
-4.02505 -2.64737 0.79183
-4.05083 -2.18793 1.01584
-4.05799 -2.25529 1.06544
-5.15276 -1.62203 0.40997
-4.07300 -2.39117 1.16960
-4.08084 -2.45978 1.22419
-12.81278 -1.10214 0.31231
-10.61308 -1.07995 0.29216
-9.17218 -1.07880 0.28224
-8.06393 -1.07757 0.27645
-7.18568 -1.07629 0.27378
-15.65905 -0.14173 0.32143
-15.66450 -0.38162 0.32046
-15.64284 -0.62097 0.32294
-15.59421 -0.85855 0.32886
-15.35608 -1.08184 0.33591
-5.15354 -1.41442 0.42394
-5.15767 -1.49847 0.45226
-5.16202 -1.58284 0.48213
-5.16658 -1.66757 0.51348
-5.17138 -1.75274 0.54646
-6.47186 -1.07498 0.27322
-5.88013 -1.07365 0.27423
-5.38183 -1.07230 0.27634
-5.13396 -1.10790 0.28497
-0.67356 1.55765 1.85161
-0.41151 1.56138 1.86708
-0.42869 1.56071 1.82224
-0.44620 1.56008 1.77868
-0.46379 1.55948 1.73696
-0.53695 1.47579 1.94294
-0.29681 1.47529 2.00503
-0.31205 1.47447 1.95340
-0.32747 1.47369 1.90390
-0.35401 1.50112 1.88940
-0.73771 1.55817 1.49538
-0.48864 1.55427 1.44054
-0.50865 1.55384 1.40567
-0.52891 1.55346 1.37216
-0.54968 1.55311 1.33938
-0.77507 1.56176 1.69353
-0.50003 1.55837 1.65718
-0.51843 1.55787 1.61958
-0.53724 1.55740 1.58289
-0.55637 1.55696 1.54738
-0.12952 1.09971 2.23784
-0.15327 1.13366 2.23544
-0.17779 1.16761 2.23296
-0.20290 1.20130 2.23041
-0.22895 1.23530 2.22775
-0.02105 0.92930 2.24873
-0.04136 0.96350 2.24670
-0.06242 0.99767 2.24459
-0.08400 1.03159 2.24242
-0.10646 1.06580 2.24017
-0.28706 1.41626 2.22383
-0.31584 1.45353 2.22093
-0.34530 1.49071 2.21795
-0.35611 1.47793 2.14579
-0.37172 1.47716 2.09254
-0.25563 1.26901 2.22503
-0.28287 1.30248 2.22224
-0.31112 1.33627 2.21933
-0.33998 1.36980 2.21636
-0.36990 1.40364 2.21327
-4.10145 4.36683 1.78745
-4.29923 4.44308 1.76314
-3.54061 3.40200 1.85177
-4.72268 4.59543 1.71090
-4.94917 4.67118 1.68288
-1.14679 1.58541 0.82335
-1.18431 1.58598 0.80291
-4.24883 3.59395 1.76535
-1.26291 1.58725 0.76313
-3.91065 4.29013 1.81085
-4.63450 3.25810 1.71610
-4.78023 3.27832 1.69816
-5.31231 4.12770 1.52575
-5.08570 3.31494 1.66047
-5.24595 3.33132 1.64065
-5.18380 4.74578 1.65378
-5.32491 4.73019 1.59508
-2.93828 3.19679 1.92442
-5.29834 4.43804 1.40535
-5.28593 4.29642 1.31710
-0.93846 1.58741 1.30750
-0.96344 1.58746 1.28349
-0.98880 1.58754 1.26026
-1.01494 1.58766 1.23735
-1.04147 1.58780 1.21511
-0.96891 1.59060 1.50356
-0.99221 1.59058 1.47938
-1.01592 1.59058 1.45576
-1.04004 1.59061 1.43266
-0.94570 1.46399 0.82824
-1.21561 1.58931 1.09073
-1.24729 1.58966 1.07145
-1.27985 1.59005 1.05252
-1.31338 1.59047 1.03396
-0.90413 1.46527 0.99761
-1.22257 1.59153 1.28537
-1.25060 1.59176 1.26621
-1.27956 1.59202 1.24731
-1.30918 1.59230 1.22871
0.09641 -0.03692 2.25465
0.09995 -0.00551 2.25514
0.10301 0.02626 2.25558
0.10552 0.05814 2.25597
0.10756 0.09015 2.25633
0.07095 -0.19273 2.25154
0.07706 -0.16180 2.25225
0.08265 -0.13079 2.25292
0.08774 -0.09968 2.25354
0.09233 -0.06848 2.25412
0.01942 0.40071 2.24678
0.00892 0.43099 2.24571
-0.00208 0.46120 2.24460
-0.01365 0.49133 2.24343
-0.02564 0.52115 2.24223
0.10900 0.12228 2.25663
0.10994 0.15480 2.25689
0.11032 0.18745 2.25709
0.11016 0.22024 2.25725
0.10944 0.25317 2.25736
0.03861 -0.58042 2.25001
0.04674 -0.54684 2.25072
-0.07885 -0.64129 2.23554
0.06119 -0.48008 2.25199
0.06753 -0.44690 2.25254
-0.01147 -0.75113 2.24550
-0.00012 -0.71650 2.24653
-0.01681 -0.49430 2.24200
0.02044 -0.64827 2.24838
0.02989 -0.61414 2.24923
0.06457 -0.29771 2.25115
0.06998 -0.26664 2.25170
0.12089 -0.23656 2.25826
0.07940 -0.20403 2.25268
0.08338 -0.17273 2.25311
0.07331 -0.41384 2.25303
0.07852 -0.38090 2.25348
0.00982 0.50795 2.24665
0.08722 -0.31559 2.25421
0.09079 -0.28296 2.25450
-0.25415 1.40201 2.22769
-0.28016 1.44445 2.22523
-0.30732 1.48730 2.22263
-0.31644 1.47776 2.14712
-0.32891 1.47683 2.08671
-0.14109 1.19636 2.23813
-0.16164 1.23672 2.23627
-0.18314 1.27745 2.23431
-0.20590 1.31879 2.23221
-0.22947 1.36022 2.23001
-0.77532 1.47964 2.07408
-0.78916 1.47921 2.03559
-0.80316 1.47881 1.99868
-0.81753 1.47842 1.96263
-0.83219 1.47806 1.92770
-0.34172 1.47594 2.02901
-0.35483 1.47508 1.97380
-0.36828 1.47424 1.92094
-0.38712 1.48575 1.88499
0.04518 0.70163 2.25374
-0.05818 0.69571 2.24032
-0.07152 0.72724 2.23907
-0.08547 0.75882 2.23776
-0.09988 0.79021 2.23640
0.08260 0.52438 2.25632
-0.00015 0.53924 2.24573
-0.01068 0.57056 2.24475
-0.02166 0.60167 2.24373
-0.03332 0.63305 2.24264
-0.32967 1.04309 2.21174
-0.13332 1.00690 2.23572
-0.15112 1.04251 2.23408
-0.16954 1.07805 2.23238
-0.18875 1.11380 2.23060
-0.01000 0.88549 2.24943
-0.13068 0.85342 2.23348
-0.14693 0.88500 2.23193
-0.16379 0.91667 2.23032
-0.18131 0.94840 2.22865
-2.19053 -2.68920 2.00507
-2.11044 -2.64917 2.01448
-2.03290 -2.60936 2.02356
-1.95779 -2.56958 2.03233
-1.88503 -2.52993 2.04080
-2.63262 -2.88978 1.95267
-2.53826 -2.84960 1.96391
-2.44701 -2.80946 1.97476
-2.35873 -2.76927 1.98522
-2.27328 -2.72925 1.99532
-1.48912 -2.06292 2.08389
-1.43919 -2.03236 2.08952
-1.39061 -2.00198 2.09499
-1.34330 -1.97168 2.10031
-1.29719 -1.94146 2.10547
-1.81459 -2.49047 2.04897
-1.74635 -2.45117 2.05686
-1.68028 -2.41197 2.06447
-1.61619 -2.37301 2.07183
-1.55414 -2.33418 2.07894
-4.07359 -3.21723 1.12130
-4.08307 -3.31899 1.18648
-4.13702 -3.19546 1.60119
-4.10338 -3.52888 1.32698
-4.11426 -3.63737 1.40263
-4.03224 -2.73798 0.84011
-4.03975 -2.83021 0.89077
-3.77102 -3.28336 1.81504
-4.05589 -3.01998 1.00025
-4.06454 -3.11762 1.05929
-3.48146 -3.52330 1.85156
-3.34527 -3.47371 1.86816
-2.86394 -2.70003 1.92349
-3.08705 -3.37364 1.89954
-2.96460 -3.32327 1.91435
-4.12565 -3.74848 1.48215
-4.13758 -3.86209 1.56568
-1.21582 -2.54349 2.12232
-4.16315 -4.09770 1.74580
-4.02993 -4.07882 1.78538
-0.43071 -1.18707 2.19919
-0.40719 -1.15847 2.20164
-0.38445 -1.13016 2.20401
-0.36216 -1.10161 2.20632
-0.34041 -1.07312 2.20857
-0.55722 -1.32959 2.18593
-0.53065 -1.30105 2.18872
-0.50474 -1.27255 2.19145
-0.47948 -1.24411 2.19409
-0.45467 -1.21545 2.19669
-0.00253 -0.92079 2.24897
0.01058 -0.88205 2.25011
0.02270 -0.84386 2.25114
0.03408 -0.80598 2.25211
0.04468 -0.76836 2.25299
-0.31931 -1.04461 2.21076
-0.29874 -1.01616 2.21288
-0.27864 -0.98742 2.21496
-0.25923 -0.95897 2.21696
-0.96875 -1.70420 2.14176
-0.92500 -2.07169 2.15208
-0.87786 -2.02756 2.15723
-0.83274 -1.98410 2.16214
-0.78884 -1.94068 2.16689
-1.12151 -2.03029 2.12768
-1.15102 -2.48800 2.12963
-1.08902 -2.43341 2.13659
-1.02944 -2.37940 2.14325
-0.97219 -2.32596 2.14961
-0.55744 -1.68850 2.19150
-0.52363 -1.64774 2.19503
-0.49080 -1.60695 2.19843
-0.45940 -1.56681 2.20168
-0.42916 -1.52696 2.20478
-0.67229 -2.01666 2.18229
-0.62911 -1.96719 2.18689
-0.58767 -1.91824 2.19129
-0.54790 -1.86979 2.19547
-0.50942 -1.82155 2.19950
-5.26622 5.62872 1.10608
-5.25098 5.43888 0.99714
-5.31290 5.20579 1.48263
-5.22269 5.07493 0.79610
-5.20968 4.90130 0.70417
-1.09576 1.58201 0.50587
-1.13756 1.58285 0.48397
-5.24827 4.47512 1.02078
-1.22582 1.58464 0.44036
-5.28231 5.82464 1.22145
-5.21738 3.67221 0.82316
-5.20855 3.56291 0.76105
-5.17492 3.96277 0.48312
-5.19173 3.34751 0.64293
-5.18383 3.24311 0.58762
-5.19724 4.73128 0.61653
-5.18550 4.56698 0.53425
-1.24901 1.58607 0.62946
-5.16373 4.24953 0.38242
-5.15370 4.09709 0.31291
-0.71216 1.45946 0.85465
-0.73795 1.45970 0.83423
-0.76431 1.45997 0.81413
-0.83467 1.52258 0.82326
-0.82783 1.47320 0.78041
-0.64054 1.54877 1.01431
-0.66562 1.54883 0.99050
-0.68993 1.54716 0.96637
-0.68182 1.49154 0.91380
-0.68688 1.45926 0.87538
-0.99715 1.58087 0.65992
-1.03274 1.58148 0.63877
-1.06944 1.58213 0.61780
-1.10726 1.58281 0.59696
-1.14630 1.58354 0.57623
-0.87303 1.49630 0.77090
-0.92655 1.52868 0.76508
-0.99840 1.58186 0.76701
-1.03137 1.58236 0.74680
-10.18517 1.10098 -0.87509
-13.17840 1.10486 -1.56445
-17.26235 1.10835 -2.06889
-24.84431 1.11321 -2.99828
-32.78576 0.84361 -3.95035
-5.44608 1.09087 -0.36225
-5.87181 1.09262 -0.63391
-6.63128 1.09478 -0.73475
-7.60489 1.09704 -0.86176
-8.87692 1.09942 -1.02487
-11.37816 -1.07882 -1.06154
-32.91179 -0.17610 -2.97060
-32.90921 -0.72323 -2.99257
-27.89052 -1.07838 -2.53394
-19.45591 -1.07978 -1.74178
-32.88286 0.65499 -3.19361
-32.79897 -0.38739 -3.85097
-32.80740 -0.99950 -3.78744
-21.97021 -1.07893 -2.45591
-15.91501 -1.07951 -1.71206
-5.12026 2.67732 0.12747
-5.11437 2.57180 0.08718
-5.10876 2.46755 0.04887
-5.10341 2.36455 0.01237
-5.09831 2.26269 -0.02228
-5.15408 3.22691 0.36032
-5.14670 3.11379 0.30930
-5.13965 3.00234 0.26062
-5.13289 2.89251 0.21411
-5.12643 2.78419 0.16978
-5.05499 1.62539 -0.33124
-5.05204 1.52319 -0.35058
-5.04933 1.42266 -0.36824
-5.04684 1.32217 -0.38442
-5.04460 1.22320 -0.39892
-5.09346 2.16194 -0.05522
-5.08883 2.06143 -0.08667
-5.08446 1.96270 -0.11625
-5.08033 1.86487 -0.14418
-5.07644 1.76789 -0.17050
0.49440 0.52398 2.31184
0.48645 0.56540 2.31119
0.47157 0.63303 2.30995
0.46882 0.64846 2.30976
0.45913 0.69012 2.30897
0.52504 0.32015 2.31425
0.52008 0.36062 2.31387
0.39695 0.84580 2.30269
0.50837 0.44221 2.31295
0.50166 0.48302 2.31242
0.43056 0.87332 2.30768
0.41916 0.91737 2.30681
0.35500 0.97990 2.29914
0.39415 1.00659 2.30487
0.38039 1.05214 2.30377
0.44869 0.73231 2.30810
0.43763 0.77473 2.30718
0.52945 0.42002 2.31568
0.41352 0.85996 2.30516
0.40043 0.90315 2.30405
0.60647 -0.18846 2.32448
0.60508 -0.14386 2.32419
0.60309 -0.09946 2.32385
0.60040 -0.05524 2.32346
0.59713 -0.01150 2.32302
0.60341 -0.41571 2.32507
0.60540 -0.36952 2.32507
0.60663 -0.32395 2.32500
0.60724 -0.27865 2.32488
0.60720 -0.23327 2.32471
0.55388 0.18260 2.31747
0.54892 0.22420 2.31698
0.54342 0.26581 2.31646
0.53733 0.30710 2.31588
0.53062 0.34873 2.31525
0.59319 0.03240 2.32252
0.58864 0.07585 2.32197
0.58343 0.11949 2.32136
0.57762 0.16272 2.32071
-0.34484 1.55151 1.37633
-0.14853 1.55115 1.43683
-0.16938 1.55044 1.39730
-0.19033 1.54978 1.35908
-0.21152 1.54915 1.32179
-0.23912 1.55423 1.55411
-0.04463 1.55525 1.65647
-0.06534 1.55436 1.60951
-0.08612 1.55350 1.56392
-0.10691 1.55268 1.52003
-0.47333 1.54714 1.07309
-0.62640 1.55085 1.15203
-0.65008 1.55081 1.12835
-0.67429 1.55081 1.10496
-0.69884 1.55085 1.08202
-0.45368 1.54970 1.22296
-0.25411 1.54802 1.25083
-0.27573 1.54752 1.21679
-0.29753 1.54706 1.18370
-0.31973 1.54664 1.15130
0.14645 1.42413 2.27945
0.12065 1.47038 2.27696
0.09714 1.47765 2.21817
0.07481 1.47655 2.15116
0.05272 1.47547 2.08698
0.19209 1.27710 2.28270
0.16702 1.32106 2.28022
0.14127 1.36495 2.27767
0.11452 1.40904 2.27500
0.08682 1.45342 2.27224
-0.09082 1.55952 1.86219
-0.11227 1.55867 1.81294
0.08485 1.53020 1.94554
-0.15481 1.55705 1.72007
-0.17597 1.55629 1.67623
-0.05320 1.47308 1.94136
-0.08042 1.50009 1.92367
-14.89027 -1.07978 -1.30996
-0.13816 1.56036 1.89641
-0.16047 1.55956 1.84839
-0.06048 -1.02297 2.24304
-0.04326 -0.98990 2.24474
-0.02647 -0.95669 2.24641
-0.01027 -0.92362 2.24801
0.00534 -0.89066 2.24955
-0.15635 -1.19188 2.23348
-0.13588 -1.15768 2.23553
-0.11606 -1.12367 2.23751
-0.09701 -1.09013 2.23941
-0.07844 -1.05646 2.24125
0.25896 -0.69795 2.28040
0.26650 -0.65638 2.28094
0.27341 -0.61485 2.28142
0.27948 -0.57392 2.28181
0.28482 -0.53328 2.28215
0.02043 -0.85784 2.25104
0.03507 -0.82484 2.25249
0.04905 -0.79222 2.25387
0.06253 -0.75971 2.25520
-0.48887 -1.65526 2.19944
-0.45455 -1.99676 2.20901
-0.41538 -1.94498 2.21311
-0.37780 -1.89386 2.21703
-0.34200 -1.84381 2.22073
-0.65755 -1.84784 2.18162
-0.67600 -2.26667 2.18536
-0.62792 -2.21107 2.19056
-0.58181 -2.15620 2.19551
-0.53784 -2.10260 2.20020
-0.03059 -1.52414 2.25500
-0.19845 -1.43813 2.23219
-0.17357 -1.39770 2.23466
-0.14960 -1.35762 2.23704
-0.12651 -1.31790 2.23932
-0.34490 -1.47172 2.21436
-0.27420 -1.74482 2.22767
-0.24235 -1.69626 2.23089
-0.21184 -1.64826 2.23396
-0.18280 -1.60121 2.23686
0.24055 0.26128 2.27486
0.23844 0.29571 2.27481
0.23580 0.33055 2.27472
0.23259 0.36553 2.27458
0.22884 0.40066 2.27439
0.24327 0.09086 2.27440
0.24372 0.12474 2.27458
0.24371 0.15871 2.27472
0.24314 0.19279 2.27480
0.24210 0.22698 2.27485
0.07087 0.75744 2.25790
0.05377 0.79195 2.25620
0.03603 0.82645 2.25443
0.01773 0.86066 2.25261
-0.00137 0.89512 2.25070
0.22455 0.43595 2.27416
0.21966 0.47139 2.27387
0.21415 0.50729 2.27352
0.20807 0.54338 2.27312
0.20140 0.57966 2.27267
0.26250 -0.33213 2.27761
0.26544 -0.29544 2.27781
0.17826 -0.40271 2.26679
0.26955 -0.22274 2.27805
0.27078 -0.18644 2.27810
0.23869 -0.51832 2.27581
0.24474 -0.48050 2.27629
0.21175 -0.24013 2.27035
0.25482 -0.40598 2.27706
0.25893 -0.36897 2.27736
0.25067 -0.02421 2.27520
0.25077 0.01014 2.27524
0.28500 0.04562 2.27992
0.24949 0.07886 2.27521
0.24806 0.11324 2.27512
0.27142 -0.15026 2.27809
0.27149 -0.11418 2.27804
-0.72608 -2.32316 2.17991
0.26997 -0.04260 2.27779
0.26834 -0.00707 2.27759
-3.97727 -2.53536 0.43656
-3.98445 -2.62278 0.48515
-3.99194 -2.71136 0.53594
-3.99971 -2.80108 0.58885
-4.00779 -2.89218 0.64397
-3.94528 -2.11396 0.22174
-3.95117 -2.19632 0.26108
-3.95731 -2.27962 0.30219
-3.96370 -2.36386 0.34512
-3.97034 -2.44905 0.38980
-4.10002 -3.58726 1.29785
-4.11172 -3.68504 1.38044
-4.12383 -3.78452 1.46618
-4.13637 -3.88553 1.55516
-4.14935 -3.98816 1.64752
-4.01618 -2.98473 0.70140
-4.02491 -3.07855 0.76129
-4.03397 -3.17397 0.82370
-4.04340 -3.27094 0.88875
-5.06829 -1.42533 -0.23091
-5.99657 -1.07313 -0.43710
-5.42607 -1.07170 -0.37631
-5.05355 -1.09233 -0.33328
-5.05545 -1.18528 -0.32165
-5.71197 -1.07246 -0.39928
-12.63171 -1.13275 -1.09310
-10.06464 -1.07823 -0.84587
-8.63425 -1.07710 -0.70532
-7.54561 -1.07585 -0.59637
-3.94590 -2.01813 0.23304
-3.98317 -1.60537 -0.04712
-3.90986 -1.65407 -0.01938
-3.91392 -1.73314 0.00677
-3.91819 -1.81309 0.03437
-5.09035 -1.90956 -0.08129
-5.05986 -1.37350 -0.29418
-5.06239 -1.46887 -0.27828
-5.06515 -1.56518 -0.26090
-5.06813 -1.66246 -0.24189
-1.49369 -2.59871 2.08895
-1.42941 -2.54914 2.09628
-1.36743 -2.50037 2.10333
-1.30770 -2.45240 2.11009
-1.25014 -2.40513 2.11657
-1.85464 -2.85991 2.04729
-1.77673 -2.80581 2.05635
-1.70184 -2.75270 2.06502
-1.62975 -2.70044 2.07334
-1.56045 -2.64914 2.08131
-1.01586 -2.84939 2.15034
-0.94682 -2.77792 2.15812
-0.88040 -2.70731 2.16556
-0.81743 -2.63851 2.17258
-0.75679 -2.57057 2.17929
-1.19479 -2.35883 2.12279
-1.14079 -2.31266 2.12883
-1.08901 -2.26756 2.13459
-1.03938 -2.22334 2.14010
-0.99096 -2.17934 2.14544
-4.13385 -4.40866 1.50551
-4.14808 -4.54047 1.60637
-3.52832 -3.82184 1.84684
-3.97462 -4.59189 1.74466
-3.86797 -4.59140 1.80590
-4.03857 -3.71066 0.82247
-4.04905 -3.83172 0.89448
-2.84128 -3.46509 1.93022
-4.07159 -4.08367 1.05038
-4.08370 -4.21497 1.13472
-2.85640 -4.02055 1.93096
-2.71454 -3.93248 1.94817
-2.57940 -3.84634 1.96451
-2.45032 -3.76203 1.98007
-2.32723 -3.67951 1.99485
-3.73792 -4.58959 1.58802
-3.62930 -4.58907 1.65009
-3.52403 -4.58858 1.71270
-3.42179 -4.58813 1.77613
0.96964 -4.56521 0.63156
1.07086 -4.56462 0.27504
1.15220 -4.56514 0.35620
1.23446 -4.56572 0.43805
1.31830 -4.56637 0.52122
0.59231 -4.56307 0.24190
0.54251 -3.24937 -0.05534
0.71754 -4.27301 -0.03565
0.83036 -4.56341 0.03370
0.90999 -4.56375 0.11383
1.47126 -4.01992 1.37511
1.51355 -3.79848 1.02921
1.50966 -3.57745 1.04705
1.50598 -3.37488 1.06313
1.50255 -3.19100 1.07751
1.36720 -4.56870 1.03754
1.48819 -4.56783 0.68907
1.55166 -4.48950 0.76325
1.54521 -4.19440 0.80054
1.53930 -3.93087 0.83350
0.02440 -0.73224 -0.10080
0.02327 -0.78930 -0.10239
0.02221 -0.85380 -0.10400
0.02124 -0.92718 -0.10562
0.02037 -1.01164 -0.10724
0.03329 -0.46232 -0.08994
0.03064 -0.52255 -0.09297
0.07547 -0.44867 -0.08302
0.02680 -0.63559 -0.09763
0.02558 -0.68129 -0.09921
0.12231 -2.05926 -0.10421
0.20281 -1.81884 -0.09236
0.12428 -4.56231 -0.03394
0.19525 -4.56236 0.04157
0.26625 -4.56246 0.11695
0.01964 -1.10980 -0.10887
0.06923 -1.02541 -0.10106
0.11378 -0.95149 -0.09391
0.08610 -1.38621 -0.10367
0.10671 -1.77796 -0.10441
2.22775 -1.32723 1.83109
2.22613 -1.25038 1.83794
2.21000 -1.54832 2.00407
2.22311 -1.10165 1.85101
2.22170 -1.02952 1.85727
2.23691 -1.73883 1.79307
2.23492 -1.65214 1.80125
2.20552 -1.14947 2.00867
2.23118 -1.48548 1.81671
2.22942 -1.40517 1.82403
2.34362 -0.75048 2.07619
2.34283 -0.67870 2.07937
2.33028 -0.93591 2.20436
2.34141 -0.53667 2.08551
2.34078 -0.46677 2.08847
2.26698 -0.98107 1.90401
2.35503 -0.94956 1.98831
2.21573 -2.00272 1.99684
2.35254 -0.80367 2.00062
2.35139 -0.73172 2.00658
1.47219 -2.39913 1.25287
1.47035 -2.28540 1.25609
1.46855 -2.17756 1.25901
1.46683 -2.07656 1.26161
1.46516 -1.98028 1.26397
1.48258 -3.10158 1.23015
1.48034 -2.94019 1.23575
1.47817 -2.78963 1.24078
1.47611 -2.65076 1.24525
1.47412 -2.52124 1.24926
1.44880 -1.60119 1.35254
1.48861 -1.57824 1.39177
1.55104 -1.58008 1.45358
2.20507 -2.25181 2.10791
2.20425 -2.14630 2.10577
1.46355 -1.88966 1.26608
1.46198 -1.80288 1.26799
1.46048 -1.72082 1.26969
1.45901 -1.64191 1.27124
2.26052 2.39351 1.67724
2.23660 2.45649 1.88073
2.23829 2.57321 1.87795
2.24006 2.69509 1.87485
2.24191 2.82260 1.87140
2.24787 1.89243 1.72859
2.22914 1.93593 1.89069
2.23050 2.03249 1.88917
2.23193 2.13319 1.88741
2.23342 2.23684 1.88544
0.93720 1.57168 0.78343
1.09667 1.57468 0.79005
1.05607 1.57340 0.75199
1.01715 1.57217 0.71538
0.97920 1.57099 0.67960
2.27627 3.00621 1.60890
1.25172 1.58050 1.00756
1.20473 1.57906 0.96395
1.15964 1.57767 0.92200
1.11629 1.57631 0.88157
2.35737 0.65100 1.95349
2.35843 0.72130 1.94853
2.35954 0.79178 1.94342
2.36072 0.86358 1.93812
2.36197 0.93626 1.93264
2.35308 0.30913 1.97610
2.35381 0.37666 1.97184
2.35461 0.44448 1.96746
2.35547 0.51268 1.96294
2.35639 0.58183 1.95829
2.21691 1.50901 1.95126
2.21756 1.59365 1.95402
2.21827 1.68073 1.95673
2.21902 1.77045 1.95937
2.21980 1.86233 1.96197
2.32294 0.99105 1.89293
2.22812 1.01608 1.80636
2.22953 1.08721 1.80067
2.23101 1.16011 1.79474
2.23256 1.23381 1.78860
0.16635 1.40642 -0.03351
0.12505 1.33910 -0.07145
0.16926 2.31488 -0.09401
0.07953 1.02230 -0.09700
0.02486 1.11993 -0.10548
0.34975 1.52800 0.06918
0.32423 1.52799 0.04327
0.07111 0.86862 -0.09545
0.23639 1.52785 0.02971
0.17601 1.52785 0.04189
0.10931 0.45590 -0.07657
0.08434 0.48321 -0.08158
0.06019 0.61412 -0.09030
0.05669 0.45756 -0.08440
0.03276 0.43253 -0.08679
0.10220 0.69779 -0.08719
0.09804 0.65299 -0.08639
0.29765 1.52765 0.16478
0.09135 0.57571 -0.08458
0.08868 0.54237 -0.08362
0.66532 1.53389 0.52541
0.63632 1.53312 0.49749
0.60809 1.53240 0.47024
0.58016 1.53173 0.44320
0.55291 1.53111 0.41674
0.96414 1.56959 0.58830
0.92818 1.56851 0.55422
0.89324 1.56748 0.52099
0.85923 1.56651 0.48852
0.42700 1.52839 0.14706
0.39676 1.52842 0.26353
0.37177 1.52815 0.23874
0.34679 1.52793 0.21388
0.32215 1.52777 0.18930
0.51609 1.52979 0.30978
0.63352 1.53119 0.27479
0.60523 1.53065 0.24698
0.57736 1.53017 0.21946
0.54985 1.52974 0.19220
-0.01551 -0.53151 -0.09973
-0.01893 -0.56744 -0.10151
-0.02257 -0.60697 -0.10334
-0.02648 -0.65070 -0.10522
-0.03070 -0.69934 -0.10717
-0.02322 0.47871 -0.09709
-0.01337 -0.40362 -0.09402
-0.00365 -0.41521 -0.09305
-0.02971 -0.51759 -0.10130
-0.01230 -0.49868 -0.09800
-0.13497 -1.40613 -0.13226
-0.15490 -1.59053 -0.13647
-0.17972 -1.82328 -0.14136
-0.21164 -2.12650 -0.14725
-0.25451 -2.53854 -0.15468
-0.03527 -0.75377 -0.10918
-0.04027 -0.81516 -0.11126
-0.04577 -0.88490 -0.11343
-0.05191 -0.96502 -0.11571
-0.05881 -1.05790 -0.11811
0.04678 1.08858 -0.10191
0.04388 0.99579 -0.10097
-0.02404 1.34035 -0.05948
0.03982 0.84690 -0.09888
0.03843 0.78578 -0.09775
0.12046 1.36229 -0.03884
0.09946 1.33912 -0.05910
-0.07240 1.08886 -0.11759
0.05513 1.32510 -0.10341
0.05046 1.19661 -0.10274
0.06428 0.46942 -0.08357
0.06327 0.44386 -0.08244
-0.00128 0.64246 -0.09948
0.00480 0.50348 -0.09387
0.00772 0.44948 -0.09115
0.03736 0.73112 -0.09658
0.03657 0.68260 -0.09539
0.02693 -1.24544 -0.10942
0.03562 0.59941 -0.09295
0.03539 0.56318 -0.09170
1.35387 -4.57193 1.59997
1.43468 -4.56169 1.68804
1.43507 -4.26432 1.67318
1.43527 -3.99779 1.65984
1.43531 -3.75729 1.64776
0.95586 -4.56760 1.16523
1.03326 -4.56837 1.24951
1.11110 -4.56918 1.33442
1.19071 -4.57004 1.42136
1.27159 -4.57096 1.50983
1.41692 -2.90744 1.74435
1.41720 -2.75859 1.73138
1.41739 -2.62096 1.71939
1.41750 -2.49130 1.70811
1.41753 -2.36973 1.69754
1.43523 -3.53901 1.63677
1.43503 -3.33981 1.62673
1.43475 -3.15712 1.61751
1.43438 -2.98760 1.60894
0.00286 -4.56252 0.13792
0.07074 -3.07975 -0.11487
0.09556 -3.99179 -0.11427
0.15633 -4.56229 -0.06799
0.23471 -4.56234 0.01156
-0.20636 -3.34690 -0.15128
0.02963 -1.39149 -0.11071
0.03330 -1.57145 -0.11192
0.03834 -1.79874 -0.11303
0.04537 -2.09512 -0.11396
0.62438 -4.56585 1.00951
0.68196 -4.56443 0.66605
0.75902 -4.56495 0.74713
0.83659 -4.56552 0.82887
0.91489 -4.56614 0.91150
0.36281 -4.56341 0.52368
0.39126 -4.56262 0.17072
0.46969 -4.56285 0.25059
0.54831 -4.56315 0.33074
0.62716 -4.56350 0.41122
2.20842 1.15536 1.99136
2.20962 1.23160 1.98782
2.21087 1.30998 1.98415
2.21218 1.39005 1.98036
2.21355 1.47198 1.97643
2.33808 0.84532 2.13597
2.33903 0.92039 2.13265
2.33121 0.99237 2.12088
2.20620 1.00644 1.99814
2.20728 1.07997 1.99480
2.20886 2.27730 2.09379
2.20930 2.38967 2.10038
2.20976 2.50773 2.10717
2.21022 2.63019 2.11416
2.21070 2.75935 2.12139
2.21499 1.55654 1.97235
2.21649 1.64267 1.96810
2.21804 1.73117 1.96369
2.21967 1.82292 1.95907
2.22136 1.91678 1.95425
2.33806 -0.05426 2.10510
2.33778 0.01408 2.10772
2.32992 -0.21332 2.17909
2.33736 0.15109 2.11287
2.33722 0.21992 2.11541
2.34020 -0.39734 2.09137
2.33967 -0.32828 2.09421
2.33142 0.13305 2.16573
2.33877 -0.19098 2.09975
2.33839 -0.12259 2.10244
2.33564 0.56102 2.14150
2.33607 0.63275 2.14120
2.33943 0.64964 2.11231
2.33709 0.77849 2.14049
2.33768 0.85325 2.14008
2.33713 0.28856 2.11791
2.33709 0.35810 2.12040
2.21815 2.73174 2.05784
2.33714 0.49820 2.12532
2.33723 0.56944 2.12776
0.41788 1.52935 0.37472
0.39208 1.52895 0.35002
0.36653 1.52860 0.32553
0.34101 1.52830 0.30104
0.31585 1.52805 0.27689
0.55235 1.53208 0.50318
0.52460 1.53144 0.47671
0.49748 1.53084 0.45083
0.47054 1.53029 0.42509
0.44415 1.52980 0.39987
0.20171 1.52760 0.10300
0.17675 1.52770 0.07838
0.15155 1.52786 0.05351
0.12629 1.52808 0.02855
0.10111 1.52834 0.00367
0.29086 1.52785 0.25288
0.26599 1.52771 0.22896
0.24121 1.52761 0.20513
0.21651 1.52756 0.18133
0.98913 1.57467 0.91818
1.14532 1.57812 0.97038
1.10168 1.57673 0.92771
1.05969 1.57538 0.88661
1.01920 1.57407 0.84694
2.23762 2.81044 1.90533
2.21923 2.86377 2.06029
2.22036 3.00345 2.06275
1.22273 1.58126 1.09423
1.17526 1.57980 1.04872
0.75692 1.44725 0.59354
0.72664 1.44626 0.56366
0.70209 1.46045 0.53882
0.69622 1.53442 0.53007
0.66619 1.53359 0.50035
0.92738 1.57193 0.81038
0.89083 1.57076 0.77511
0.85535 1.56965 0.74086
0.77473 1.44864 0.66237
0.74372 1.44761 0.63236
1.46204 -1.80180 1.26735
1.46050 -1.71799 1.26910
1.45338 -2.02738 1.36720
1.46903 -1.57626 1.28285
1.52964 -1.57809 1.34210
1.47050 -2.29363 1.25577
1.46869 -2.18357 1.25854
1.44964 -1.59286 1.34424
1.46526 -1.98195 1.26336
1.46363 -1.88987 1.26544
2.21001 -1.90866 2.03654
2.20918 -1.81334 2.03493
2.21753 -1.78439 1.96157
2.20764 -1.63144 2.03170
2.20694 -1.54505 2.03008
1.59417 -1.57998 1.40513
2.21827 -2.19431 1.99291
1.45706 -2.60372 1.39516
2.21552 -1.98969 1.99740
2.21423 -1.89289 1.99943
1.08289 -4.56784 1.11722
1.16497 -4.56861 1.19556
1.24767 -4.56943 1.27438
1.33235 -4.57030 1.35506
1.41786 -4.57121 1.43643
0.68955 -4.56477 0.74114
0.76656 -4.56528 0.81488
0.84417 -4.56585 0.88913
0.92260 -4.56646 0.96411
1.00253 -4.56713 1.04052
1.48893 -2.77889 1.15346
1.48616 -2.63764 1.16296
1.48352 -2.50612 1.17166
1.48100 -2.38326 1.17968
1.47857 -2.26810 1.18709
1.46128 -4.41417 1.47161
1.46115 -4.12878 1.46029
1.46089 -3.87092 1.44990
1.46054 -3.63826 1.44036
2.33865 0.42845 2.10898
2.32742 0.45598 2.21005
2.32737 0.52764 2.21339
2.32737 0.60001 2.21673
2.32740 0.67263 2.22007
2.33656 0.08364 2.11909
2.32830 0.10529 2.19328
2.32803 0.17469 2.19665
2.32782 0.24490 2.20001
2.32764 0.31496 2.20337
2.21907 0.99395 1.88393
2.20218 1.03818 2.03612
2.20285 1.11257 2.03638
2.20358 1.18840 2.03658
2.20435 1.26579 2.03674
2.34198 0.78446 2.09768
2.32760 0.82115 2.22678
2.32775 0.89671 2.23014
2.32795 0.97344 2.23351
2.20708 0.99149 2.11526
2.20380 -1.15132 2.02382
2.20299 -0.99248 2.01869
2.34000 -0.98360 2.14860
2.33692 -0.90612 2.14427
2.33661 -0.83109 2.14255
2.20509 -1.55757 2.04700
2.20478 -1.47193 2.04222
2.20449 -1.38920 2.03751
2.20423 -1.30799 2.03289
2.20400 -1.22875 2.02833
2.33865 -0.47823 2.10785
2.33888 -0.40827 2.10347
2.33916 -0.33840 2.09908
2.33947 -0.26906 2.09470
2.33984 -0.20068 2.09031
2.33634 -0.75714 2.14082
2.33611 -0.68362 2.13909
2.33593 -0.61152 2.13735
2.33579 -0.54020 2.13559
2.33569 -0.46904 2.13383
0.04089 1.33974 -0.07077
0.01701 1.34027 -0.09477
0.00444 1.52905 0.00281
0.00134 1.16587 -0.10910
0.00184 1.05923 -0.10772
0.14866 1.52795 0.03657
0.12233 1.52819 0.00995
-0.07962 1.34160 -0.09967
0.00323 2.19530 -0.11500
0.06467 1.33926 -0.04684
-0.11459 1.06347 -0.12316
-0.10231 0.97081 -0.12030
-0.02565 0.80139 -0.10705
-0.08202 0.82135 -0.11511
-0.07349 0.76014 -0.11272
0.00247 0.96900 -0.10632
0.00320 0.89109 -0.10491
0.12585 1.52777 0.13186
0.00488 0.76281 -0.10206
0.00580 0.70967 -0.10064
0.46783 1.53117 0.50142
0.44214 1.53060 0.47335
0.41678 1.53007 0.44567
0.39170 1.52959 0.41835
0.36687 1.52916 0.39136
0.60209 1.53481 0.64899
0.57425 1.53398 0.61829
0.54693 1.53321 0.58821
0.52008 1.53248 0.55870
0.49386 1.53180 0.52993
0.24984 1.52761 0.20152
0.22485 1.52755 0.17540
0.19987 1.52756 0.14934
0.17488 1.52761 0.12330
0.14983 1.52773 0.09726
0.34225 1.52879 0.36465
0.31783 1.52846 0.33819
0.29374 1.52819 0.31214
0.26960 1.52797 0.28608
-0.22061 -4.00115 -0.15519
0.06637 -1.51126 -0.10744
0.07533 -1.71479 -0.10798
0.08726 -1.97517 -0.10821
0.10362 -2.32008 -0.10798
-0.10423 -1.66808 -0.13081
0.04389 -0.92168 -0.10252
0.04655 -1.00421 -0.10367
0.04990 -1.10000 -0.10477
0.05413 -1.21276 -0.10579
0.71655 -4.56330 0.20687
0.42067 -4.56290 0.29842
0.49652 -4.56317 0.37295
0.57276 -4.56350 0.44781
0.64935 -4.56389 0.52297
0.08997 -4.56251 0.16532
0.16259 -3.51038 -0.10476
0.22208 -4.56229 -0.09456
0.29874 -4.56236 -0.01738
0.37540 -4.56248 0.05974
-0.03584 0.50528 -0.10027
-0.02661 0.44745 -0.09662
-0.01876 -0.42103 -0.09596
0.00872 -0.41801 -0.09155
0.00607 -0.46890 -0.09431
-0.03590 0.62991 -0.10429
-0.03147 0.58925 -0.10245
-0.02737 0.55261 -0.10067
-0.02351 0.51895 -0.09893
-0.04095 0.53815 -0.10217
-0.05525 -0.85547 -0.11443
-0.06008 -0.92557 -0.11641
0.03642 -0.59549 -0.09493
-0.07126 -1.09750 -0.12064
-0.07784 -1.20470 -0.12292
-0.03587 -0.60340 -0.10541
0.00197 -0.56206 -0.09862
2.20516 1.34488 2.03685
-0.00080 -0.63930 -0.10159
-0.00220 -0.68394 -0.10311
1.50099 -3.44321 1.10726
1.49810 -3.25405 1.11745
1.49534 -3.07914 1.12662
1.49272 -2.91796 1.13482
1.49024 -2.76987 1.14212
1.47305 -4.56906 0.99978
1.51462 -4.41760 1.05117
1.51084 -4.13413 1.06801
1.50736 -3.88164 1.08267
1.50407 -3.65188 1.09571
1.46947 -2.19722 1.25369
1.46807 -2.09435 1.25351
1.46669 -1.99643 1.25320
1.46537 -1.90440 1.25274
1.46408 -1.81639 1.25217
1.48786 -2.63126 1.14873
1.48557 -2.50206 1.15469
1.48338 -2.38124 1.16007
1.48128 -2.26791 1.16493
0.45107 -4.56252 -0.01160
0.31750 -2.29511 -0.08045
0.38815 -1.97658 -0.06967
0.45831 -2.33246 -0.06262
0.55801 -2.83363 -0.05196
0.05281 -1.93380 -0.11239
0.03806 -1.33924 -0.10938
0.04631 -1.68969 -0.11153
0.06187 -2.25160 -0.11301
0.09444 -3.30398 -0.11289
1.09349 -4.56652 0.84100
1.19360 -4.56573 0.50705
1.27481 -4.56636 0.58720
1.35772 -4.56706 0.66874
1.44183 -4.56781 0.75120
0.82978 -4.56395 0.36800
0.92156 -4.56369 0.00371
1.00123 -4.56405 0.08401
1.08151 -4.56448 0.16462
1.16257 -4.56496 0.24572
2.35076 -0.63562 2.00703
2.35041 -0.56558 2.00688
2.35011 -0.49621 2.00662
2.34986 -0.42743 2.00627
2.34967 -0.35917 2.00582
2.31848 -0.98207 1.97531
2.35274 -0.92376 2.00657
2.35216 -0.85013 2.00685
2.35164 -0.77754 2.00702
2.35118 -0.70642 2.00707
2.35028 -0.02573 1.99571
2.35072 0.04095 1.99199
2.35122 0.10805 1.98818
2.35178 0.17465 1.98426
2.35240 0.24182 1.98024
2.34954 -0.29134 2.00528
2.34946 -0.22386 2.00463
2.34944 -0.15667 2.00389
2.34947 -0.08968 2.00305
2.34956 -0.02234 2.00212
2.24974 -1.94745 1.70622
2.24743 -1.85563 1.71615
2.23381 -2.19379 1.86336
2.24310 -1.67997 1.73466
2.24106 -1.59572 1.74332
1.53060 -1.57456 1.10019
1.59111 -1.57638 1.15552
2.22691 -1.71531 1.87544
2.25468 -2.14095 1.68480
2.25217 -2.04294 1.69575
2.22608 -1.21519 1.83518
2.22487 -1.14093 1.83902
2.21694 -1.39431 1.93054
2.22266 -0.99649 1.84614
2.34046 -0.98206 1.95212
2.23912 -1.51362 1.75161
2.23725 -1.43351 1.75956
0.03361 -1.09924 -0.10689
2.23377 -1.27917 1.77450
2.23214 -1.20411 1.78156
0.99380 1.57117 0.67216
0.95642 1.57001 0.63625
0.92017 1.56890 0.60135
0.88520 1.56784 0.56759
0.85092 1.56683 0.53444
1.20010 1.57768 0.86918
1.15587 1.57629 0.82709
1.11300 1.57494 0.78623
1.07199 1.57364 0.74705
1.03209 1.57238 0.70889
0.53878 1.53141 0.46117
0.51259 1.53082 0.43400
0.48678 1.53027 0.40719
0.46132 1.52977 0.38068
0.43637 1.52932 0.35465
0.77155 1.44592 0.47262
0.74144 1.44501 0.44336
0.71711 1.45906 0.41775
0.71221 1.53333 0.40330
2.23536 1.78603 1.82251
2.21103 1.86318 2.03616
2.21217 1.95809 2.03577
2.21337 2.05690 2.03527
2.21461 2.15919 2.03465
2.22635 1.36716 1.85583
2.20602 1.42581 2.03690
2.20693 1.50874 2.03690
2.20788 1.59318 2.03683
2.20888 1.68058 2.03668
1.15103 1.57997 1.08540
2.24008 2.79848 1.88417
2.24239 2.93179 1.87716
1.26014 1.58080 1.01853
1.21309 1.57934 0.97287
2.24642 2.27363 1.78127
2.21725 2.37459 2.03307
2.21864 2.48831 2.03207
2.22009 2.60771 2.03090
2.22159 2.73147 2.02957
0.07063 0.52644 -0.08551
0.06937 0.49644 -0.08437
0.04659 0.51917 -0.08866
0.02298 0.54306 -0.09302
0.02648 0.48165 -0.09002
0.08157 0.72509 -0.09073
0.07859 0.67715 -0.08978
0.07605 0.63370 -0.08876
0.07393 0.59466 -0.08771
0.07213 0.55889 -0.08662
0.11622 -0.46560 -0.07801
0.11997 -0.49347 -0.07891
0.12418 -0.52374 -0.07978
0.12893 -0.55680 -0.08060
0.03228 -1.00539 -0.10557
0.03468 -0.44274 -0.08879
0.03242 -0.52895 -0.09298
0.08608 -0.44157 -0.08107
0.03087 -0.64039 -0.09722
0.03058 -0.68525 -0.09864
0.36558 1.52796 0.13374
0.34031 1.52785 0.10779
0.31449 1.52783 0.22674
0.28964 1.52782 0.05558
0.26456 1.52788 0.02964
0.45247 1.52906 0.29743
0.42706 1.52869 0.27123
0.19622 1.52761 0.10131
0.37693 1.52812 0.21936
0.35214 1.52792 0.19364
0.05362 1.33942 -0.05283
0.10043 0.98790 -0.09373
0.05455 1.06319 -0.10086
0.00345 1.14986 -0.10864
0.00561 1.04756 -0.10706
0.20531 1.52781 0.04004
0.14915 1.52788 0.05101
0.17051 1.33868 -0.05128
0.12132 1.33879 -0.04086
0.99422 -4.35493 2.42100
0.69955 -4.13008 2.38118
0.74855 -3.97414 2.38639
0.79397 -3.82639 2.39115
0.83697 -3.68422 2.39560
0.61726 -4.57281 2.01977
0.38179 -4.57353 2.14093
0.45365 -4.57439 2.23314
0.52682 -4.57531 2.32813
0.59169 -4.46538 2.36952
1.21581 -2.79522 2.43728
0.96323 -2.76915 2.40340
0.99045 -2.67331 2.40596
1.01636 -2.58039 2.40837
1.04091 -2.49009 2.41062
1.19652 -3.52027 2.44135
0.91497 -3.41875 2.40350
0.95066 -3.29352 2.40704
0.98431 -3.17318 2.41033
1.01574 -3.05813 2.41336
-0.70150 -4.56522 0.57871
-0.62267 -4.56520 0.65660
-0.54450 -4.56523 0.73490
-0.46678 -4.56533 0.81361
-0.38952 -4.56548 0.89280
-1.10819 -4.56617 0.19112
-1.02485 -4.56587 0.26872
-0.94263 -4.56562 0.34609
-0.86135 -4.56543 0.42352
-0.78103 -4.56529 0.50108
0.01451 -4.56844 1.50060
0.08737 -4.56901 1.58483
0.16107 -4.56964 1.67099
0.23459 -4.57031 1.75795
0.30914 -4.57104 1.84710
-0.31259 -4.56569 0.97264
-0.23594 -4.56596 1.05329
-0.15943 -4.56629 1.13467
-0.08302 -4.56668 1.21706
-0.00650 -4.56712 1.30045
1.45616 -0.62894 2.44875
1.45986 -0.56890 2.44896
1.59035 -0.55659 2.46782
1.46602 -0.44961 2.44932
1.46849 -0.39027 2.44947
1.43044 -0.93807 2.44720
1.43659 -0.87472 2.44758
1.58475 -0.23377 2.46606
1.44731 -0.75093 2.44823
1.45200 -0.68944 2.44851
1.43082 -0.12220 2.44348
1.43262 -0.06569 2.44375
1.52035 -0.01204 2.45660
1.43505 0.04736 2.44422
1.43562 0.10397 2.44441
1.47046 -0.33122 2.44958
1.47202 -0.27288 2.44968
1.58334 -0.89649 2.46879
1.47387 -0.15589 2.44979
1.47420 -0.09806 2.44982
1.34912 -1.80406 2.22184
1.35036 -1.70652 2.20399
1.35145 -1.61372 2.18762
1.40074 -1.59069 2.26039
1.47177 -1.59282 2.37256
1.33981 -2.38494 2.33924
1.34216 -2.25416 2.31143
1.34427 -2.13066 2.28573
1.34610 -2.01547 2.26251
1.34771 -1.90681 2.24124
1.47871 -1.22736 2.45662
1.48561 -1.15689 2.45695
1.49187 -1.08746 2.45723
1.49757 -1.01902 2.45746
1.50267 -0.95148 2.45765
1.53345 -1.57668 2.46772
1.54174 -1.49503 2.46807
1.54928 -1.41561 2.46836
1.55611 -1.33715 2.46858
-0.25043 0.49631 -0.13213
-0.15164 0.41294 -0.11479
-0.14539 0.38860 -0.11305
-0.13965 0.36593 -0.11140
-0.13435 0.34474 -0.10984
-0.32066 0.69290 -0.14585
-0.19280 0.56892 -0.12514
-0.18298 0.53213 -0.12282
-0.17406 0.49854 -0.12064
-0.16587 0.46752 -0.11857
-0.19393 0.24056 -0.11709
-0.21829 0.30755 -0.12282
-0.20529 0.27236 -0.11980
-0.18400 0.21157 -0.11465
-0.16484 -0.22219 -0.11241
-0.25999 0.41524 -0.13191
-0.12496 0.30620 -0.10696
-0.15960 0.32448 -0.11344
-0.19819 0.34488 -0.12041
-0.24145 0.36806 -0.12797
-0.36753 1.53469 0.02049
-0.39713 1.53543 -0.00466
-0.42734 1.53622 -0.03012
-0.45845 1.53706 -0.05613
-0.50399 1.56796 -0.08627
-0.22727 1.53171 0.14307
-0.25458 1.53221 0.11876
-0.28210 1.53276 0.09449
-0.31006 1.53335 0.07003
-0.33854 1.53400 0.04539
-0.38332 1.04716 -0.15867
-0.35494 0.95708 -0.15394
-0.33017 0.87848 -0.14968
-0.30857 0.80980 -0.14582
-0.28951 0.74920 -0.14231
-0.53703 1.56889 -0.11338
-0.51164 1.45283 -0.12144
-0.48945 1.35081 -0.12840
-0.52030 1.35187 -0.15304
-0.55208 1.35298 -0.17822
-1.00526 -2.22103 -0.25043
-1.20327 -2.68609 -0.27766
-0.48348 -1.14331 -0.17571
-1.97044 -4.48816 -0.38074
-1.91998 -4.57110 -0.30896
-0.54548 -1.14025 -0.18396
-0.60164 -1.27232 -0.19254
-0.85806 -2.18687 -0.23120
-0.75450 -1.63173 -0.21505
-0.86263 -1.88579 -0.23047
-1.38771 -4.56798 0.30381
-1.31361 -4.56769 0.37854
-1.52059 -4.56838 -0.06018
-1.16884 -4.56725 0.52707
-1.09780 -4.56710 0.60108
-1.83088 -4.57045 -0.22878
-1.74376 -4.56985 -0.14962
-0.33748 -0.73323 -0.15076
-1.57498 -4.56878 0.00633
-1.49306 -4.56831 0.08321
-0.18708 -0.28726 -0.11816
-0.19274 -0.30598 -0.11964
-0.19886 -0.32583 -0.12122
-0.20551 -0.34696 -0.12289
-0.21276 -0.36954 -0.12466
-0.19223 -0.30226 -0.11945
-0.20124 -0.32335 -0.12154
-0.21096 -0.34589 -0.12374
-0.22151 -0.37012 -0.12608
-0.42429 -0.85462 -0.16452
-0.27245 -0.54715 -0.13803
-0.28613 -0.58670 -0.14083
-0.30137 -0.63042 -0.14387
-0.31837 -0.67896 -0.14717
-0.26925 -0.50461 -0.13664
-0.32791 -0.60932 -0.14730
-0.35017 -0.65877 -0.15134
-0.37518 -0.71418 -0.15575
-0.40342 -0.77672 -0.16061
-0.39048 0.47732 -0.15281
-0.37598 0.44621 -0.15020
-0.36273 0.41722 -0.14777
-0.35076 0.39047 -0.14554
-0.33982 0.36551 -0.14346
-0.49024 0.68203 -0.16970
-0.46577 0.63284 -0.16570
-0.44373 0.58812 -0.16203
-0.42410 0.54782 -0.15869
-0.40645 0.51106 -0.15563
-0.24431 0.21259 -0.12529
-0.24040 0.19735 -0.12435
-0.23693 0.18267 -0.12351
-0.23388 0.16851 -0.12275
-0.23120 0.15480 -0.12207
-0.32986 0.34214 -0.14153
-0.32079 0.32020 -0.13975
-0.31245 0.29948 -0.13809
-0.30486 0.27989 -0.13655
-0.29792 0.26129 -0.13512
-0.77946 1.57382 0.01057
-0.81565 1.57480 -0.01458
-0.62666 1.45211 -0.03882
-0.89132 1.57687 -0.06619
-0.93095 1.57796 -0.09276
-0.57641 1.50254 0.13084
-0.57752 1.45028 0.10872
-0.89943 1.57792 -0.19856
-0.63842 1.45195 0.06452
-0.74428 1.57288 0.03532
-0.89252 1.26908 -0.22804
-0.82046 1.14495 -0.21795
-0.51998 0.88000 -0.17571
-0.70705 0.94845 -0.20169
-0.66211 0.86990 -0.19508
-0.97191 1.57909 -0.11987
-1.01461 1.58027 -0.14784
-0.37398 0.24229 -0.14722
-1.10404 1.58271 -0.20535
-1.15132 1.58399 -0.23525
-0.37048 -0.30436 -0.14833
-0.38172 -0.32725 -0.15044
-0.39396 -0.35162 -0.15270
-0.40742 -0.37773 -0.15515
-0.42212 -0.40575 -0.15779
-0.32716 -0.20743 -0.13991
-0.33434 -0.22488 -0.14134
-0.34224 -0.24321 -0.14290
-0.35082 -0.26248 -0.14457
-0.36024 -0.28283 -0.14639
-0.63364 -0.74993 -0.19222
-0.67763 -0.81985 -0.19892
-0.72845 -0.90007 -0.20654
-0.78756 -0.99298 -0.21525
-0.85725 -1.10201 -0.22535
-0.43834 -0.43599 -0.16065
-0.45615 -0.46873 -0.16374
-0.47589 -0.50437 -0.16711
-0.49779 -0.54336 -0.17079
-0.28585 0.09526 -0.13113
-0.33299 0.14576 -0.13957
-0.32798 0.13149 -0.13862
-0.28359 0.08260 -0.13066
-0.24333 -0.06123 -0.12361
-0.26164 0.13813 -0.12726
-0.36564 0.22457 -0.14569
-0.35799 0.20762 -0.14427
-0.35089 0.19122 -0.14295
-0.34444 0.17558 -0.14174
-0.30702 -0.18248 -0.13620
-0.30663 -0.10997 -0.13522
-0.30925 -0.12360 -0.13582
-0.31227 -0.13759 -0.13649
-0.31575 -0.15199 -0.13725
-0.28903 -0.08925 -0.13198
-0.26218 -0.11368 -0.12755
-0.26810 -0.12783 -0.12877
-0.27449 -0.14249 -0.13008
-0.28146 -0.15772 -0.13150
1.04242 1.59425 2.02685
0.99304 1.59269 1.94947
0.94569 1.59115 1.87590
0.90087 1.58964 1.80683
0.85795 1.58817 1.74139
1.30849 1.56148 2.43975
1.29196 1.63302 2.43844
1.27460 1.70578 2.43704
1.25648 1.77926 2.43556
1.09481 1.59585 2.10969
0.66296 1.46199 1.37079
0.63070 1.46066 1.32271
0.60946 1.49773 1.30720
0.59074 1.54803 1.30138
0.55942 1.54682 1.25631
0.81650 1.58672 1.67877
0.77699 1.58531 1.61962
0.73891 1.58394 1.56326
0.66553 1.46273 1.40365
0.63270 1.46142 1.35597
1.43070 0.44901 2.44519
1.42836 0.50764 2.44524
1.47521 0.58883 2.45262
1.42239 0.62658 2.44526
1.41873 0.68699 2.44523
1.43587 0.16068 2.44460
1.43563 0.21798 2.44476
1.43444 0.89777 2.44948
1.43403 0.33275 2.44502
1.43253 0.39072 2.44511
1.37112 1.34281 2.44564
1.35499 1.41083 2.44425
1.38688 1.10546 2.44496
1.32058 1.54853 2.44126
1.30215 1.61886 2.43966
1.41456 0.74745 2.44517
1.40992 0.80896 2.44508
0.58914 1.54706 1.25732
1.39904 0.93440 2.44478
1.39288 0.99798 2.44459
-0.11783 1.53153 0.43222
-0.14324 1.53162 0.40713
-0.16891 1.53176 0.38220
-0.19505 1.53196 0.35722
-0.22128 1.53221 0.33249
0.00677 1.53186 0.56091
-0.01791 1.53169 0.53463
-0.04268 1.53157 0.50865
-0.06758 1.53150 0.48295
-0.09262 1.53149 0.45748
-0.34505 1.53391 0.16541
-0.37488 1.53453 0.13926
-0.40537 1.53520 0.11296
-0.43677 1.53593 0.08628
-0.46867 1.53670 0.05953
-0.24786 1.53251 0.30783
-0.27481 1.53286 0.28321
-0.30218 1.53326 0.25859
-0.33020 1.53372 0.23376
0.33253 1.53867 0.94653
0.27498 1.53878 0.95657
0.24930 1.53807 0.92606
0.22391 1.53740 0.89627
0.19879 1.53678 0.86717
0.41231 1.54228 1.09251
0.55811 1.54583 1.21181
0.52807 1.54465 1.16835
0.49853 1.54351 1.12611
0.46963 1.54242 1.08533
0.05204 1.53398 0.70502
0.02805 1.53367 0.67976
0.00408 1.53340 0.65490
-0.01990 1.53318 0.63038
-0.04390 1.53301 0.60617
0.30638 1.53681 0.86505
0.28040 1.53605 0.83170
0.25471 1.53533 0.79914
0.22925 1.53467 0.76734
0.20399 1.53406 0.73625
0.06066 1.52815 0.17290
0.03528 1.52833 0.14850
0.12849 1.52776 0.12743
-0.01555 1.52884 0.09993
-0.04145 1.52918 0.07532
0.18567 1.52803 0.29455
0.16075 1.52795 0.27011
-0.00356 1.52918 -0.00615
0.11072 1.52794 0.22132
0.08573 1.52802 0.19711
-0.12332 1.34208 -0.08074
-0.14853 1.34280 -0.10472
-0.20538 1.53189 -0.01729
-0.16642 1.23754 -0.13156
-0.15171 1.12070 -0.12846
-0.06740 1.52957 0.05078
-0.09361 1.53000 0.02609
0.25765 1.52783 0.26067
-0.14718 1.53104 -0.02407
-0.47199 2.68065 -0.17690
0.64115 1.53569 0.67080
0.61130 1.53478 0.63817
0.58183 1.53391 0.60607
0.55291 1.53309 0.57467
0.52448 1.53233 0.54391
0.81331 1.57101 0.86248
0.73601 1.44992 0.77019
0.70507 1.44880 0.73594
0.68108 1.46790 0.71061
0.67188 1.53666 0.70450
0.27340 1.52923 0.42990
0.24829 1.52893 0.40563
0.22331 1.52868 0.38157
0.19863 1.52848 0.35789
0.17383 1.52833 0.33418
0.49651 1.53163 0.51374
0.46894 1.53098 0.48411
0.44173 1.53039 0.45497
0.41483 1.52985 0.42627
-0.16058 -0.64410 -0.12401
-0.09254 -0.45111 -0.10832
-0.09771 -0.48024 -0.11013
-0.10331 -0.51191 -0.11202
-0.10942 -0.54652 -0.11400
-0.11456 -0.45813 -0.11195
-0.07181 -0.33446 -0.10036
-0.07538 -0.35464 -0.10182
-0.07921 -0.37621 -0.10334
-0.08333 -0.39935 -0.10493
-0.59761 -2.22331 -0.19761
-0.23646 -1.08806 -0.14212
-0.26018 -1.20490 -0.14664
-0.28849 -1.34504 -0.15179
-0.32303 -1.51678 -0.15779
-0.23867 -0.96711 -0.14079
-0.12341 -0.62640 -0.11827
-0.13150 -0.67291 -0.12058
-0.14047 -0.72482 -0.12304
-0.15050 -0.78322 -0.12566
-0.04773 0.60633 -0.10501
-0.04393 0.56767 -0.10329
-0.04045 0.53277 -0.10163
-0.03718 0.50063 -0.10002
-0.03416 0.47134 -0.09846
-0.07267 0.87683 -0.11455
-0.06661 0.80879 -0.11248
-0.06122 0.74935 -0.11052
-0.05629 0.69621 -0.10861
-0.05181 0.64873 -0.10677
-0.08677 0.42143 -0.10477
-0.07822 0.37682 -0.10170
-0.10708 0.37930 -0.10652
-0.08954 -0.34649 -0.10382
-0.08915 -0.35701 -0.10419
-0.03132 0.44415 -0.09694
-0.02867 0.41917 -0.09547
-0.02619 0.39599 -0.09405
-0.05709 0.41974 -0.09999
-0.09151 0.44628 -0.10639
2.31416 -0.70052 2.33314
2.31329 -0.62471 2.33761
2.29462 -0.92300 2.51529
2.31166 -0.47600 2.34690
2.31088 -0.40235 2.35172
2.17541 -1.13643 2.27019
2.17469 -1.05879 2.27129
2.29329 -0.53500 2.51136
2.31599 -0.85392 2.32449
2.31506 -0.77651 2.32877
2.29958 -0.06493 2.44784
2.29922 0.00800 2.45113
2.27845 -0.26065 2.56659
2.29856 0.15426 2.45820
2.29827 0.22777 2.46200
2.31014 -0.32904 2.35667
2.30942 -0.25652 2.36175
2.15356 -1.37734 2.47615
2.30807 -0.11132 2.37235
2.30743 -0.03899 2.37788
1.41670 -1.77030 1.64600
1.41645 -1.68704 1.63897
1.41618 -1.60745 1.63229
1.45600 -1.58225 1.67643
1.51887 -1.58412 1.74950
1.41751 -2.25543 1.68763
1.41743 -2.14848 1.67839
1.41730 -2.04657 1.66960
1.41713 -1.95000 1.66131
1.41693 -1.85827 1.65347
2.19113 -1.42183 2.15511
2.18996 -1.33864 2.15856
2.18882 -1.25666 2.16205
2.18772 -1.17696 2.16560
2.18666 -1.09878 2.16920
2.15356 -2.24806 2.53737
2.15361 -2.13922 2.52923
2.15364 -2.03338 2.52142
2.15365 -1.93109 2.51399
2.16988 2.63340 2.44574
2.16106 2.71364 2.52454
2.16052 2.85228 2.53917
2.15990 2.99693 2.55464
1.19339 1.58485 1.35003
2.16676 2.04689 2.42482
2.16283 2.10848 2.46286
2.16257 2.22002 2.47390
2.16228 2.33518 2.48550
2.16193 2.45612 2.49781
0.80033 1.57262 0.96180
0.94576 1.57626 1.04936
0.90697 1.57494 1.00679
0.86947 1.57366 0.96575
0.83314 1.57243 0.92611
1.13359 1.58195 1.22263
1.09774 1.58185 1.24661
1.05306 1.58040 1.19846
1.01013 1.57900 1.15230
0.96880 1.57763 1.10798
2.30169 0.78077 2.45141
2.30142 0.64068 2.57200
2.29637 0.91683 2.50538
2.16792 1.03562 2.33550
2.30542 0.96133 2.57445
2.29217 0.20507 2.51579
2.29217 0.27951 2.51717
2.29220 0.35375 2.51872
2.29728 0.52649 2.47911
2.30214 0.70254 2.44357
2.16247 1.37990 2.40802
2.16305 1.46767 2.40971
2.16378 1.51523 2.40722
2.16426 1.64936 2.41373
2.16487 1.74367 2.41608
2.16183 1.07071 2.39130
2.16204 1.15105 2.39498
-0.36607 -1.73173 -0.16494
2.16249 1.31687 2.40310
2.16272 1.40267 2.40756
1.74459 1.75732 2.50287
1.72806 1.83893 2.50152
1.71075 1.92278 2.50010
1.69269 2.00760 2.49861
1.67382 2.09420 2.49704
1.81765 1.36608 2.50882
1.80427 1.44196 2.50773
1.79023 1.51954 2.50659
1.77565 1.59772 2.50541
1.76049 1.67653 2.50417
1.08259 1.58790 1.61339
1.03538 1.58638 1.55286
0.98989 1.58488 1.49484
0.94629 1.58342 1.43956
0.90472 1.58200 1.38720
1.65407 2.18269 2.49539
1.63360 2.27253 2.49366
1.15456 1.59024 1.71213
1.10328 1.58869 1.64816
1.94828 0.43648 2.52025
1.85478 0.15724 2.50568
1.85306 0.22304 2.50561
1.85102 0.28900 2.50554
1.84866 0.35516 2.50546
1.98082 0.09023 2.52383
1.85876 -0.17143 2.50590
1.85857 -0.10556 2.50587
1.85809 -0.03982 2.50583
1.85729 0.02586 2.50579
1.83530 1.01769 2.50798
1.80288 0.72182 2.50095
1.80053 0.79073 2.50112
1.79788 0.86040 2.50129
1.79480 0.93141 2.50144
1.90665 0.78494 2.51632
1.84296 0.48833 2.50527
1.83959 0.55596 2.50516
1.83588 0.62351 2.50504
1.83180 0.69209 2.50491
0.10892 1.53044 0.50828
0.08464 1.53025 0.48443
0.06038 1.53010 0.46080
0.03610 1.52999 0.43738
0.01161 1.52994 0.41394
0.23227 1.53213 0.63276
0.20730 1.53170 0.60713
0.18250 1.53131 0.58188
0.15800 1.53098 0.55718
0.13342 1.53069 0.53259
-0.09666 1.52997 0.26274
-0.12236 1.53022 0.23872
-0.14814 1.53052 0.21489
-0.17418 1.53087 0.19101
-0.20057 1.53127 0.16710
-0.01275 1.52993 0.39085
-0.03721 1.52996 0.36789
-0.06178 1.53005 0.34503
-0.08649 1.53018 0.32225
-0.11137 1.53035 0.29952
0.70092 1.45576 1.07421
0.66912 1.45452 1.03444
0.63860 1.49889 1.06519
0.63235 1.54210 1.01124
0.60127 1.54099 0.97320
0.93035 1.58243 1.39557
0.88958 1.58100 1.34284
0.49831 1.53895 0.91927
0.81276 1.57825 1.24435
0.77615 1.57693 1.19790
0.47506 1.53591 0.77963
0.44712 1.53505 0.74624
0.40813 1.53553 0.78391
0.39252 1.53349 0.68181
0.36577 1.53279 0.65066
0.57092 1.53993 0.93634
0.54126 1.53891 0.90058
1.85863 -0.23748 2.50593
0.48373 1.53702 0.83207
0.45575 1.53615 0.79917
0.51124 -4.56968 1.64329
0.58138 -4.57043 1.72789
0.65219 -4.57122 1.81399
0.72447 -4.57206 1.90225
0.79707 -4.57295 1.99151
0.16848 -4.56667 1.23686
0.23613 -4.56717 1.31612
0.30402 -4.56773 1.39618
0.37295 -4.56834 1.47782
0.44181 -4.56898 1.55995
1.39495 -4.00529 1.98049
1.39716 -3.74759 1.95124
1.39899 -3.51365 1.92500
1.40047 -3.30302 1.90169
1.40168 -3.10953 1.88058
0.87074 -4.57388 2.08252
0.94544 -4.57485 2.17553
1.02204 -4.57588 2.27131
1.09934 -4.57695 2.36861
-0.71207 -4.56442 0.24888
-0.82235 -4.56451 -0.14358
-0.74323 -4.56419 -0.06503
-0.66504 -4.56393 0.01310
-0.58761 -4.56373 0.09095
-1.07124 -4.56570 -0.13270
-0.42145 -2.00933 -0.17376
-0.49547 -2.38161 -0.18509
-0.59968 -2.90739 -0.20049
-0.75782 -3.70722 -0.22312
0.07184 -4.56363 0.60934
-0.11479 -4.56429 0.74157
-0.04417 -4.56455 0.81891
0.02638 -4.56485 0.89669
0.09700 -4.56520 0.97504
-0.36916 -4.56432 0.62430
-0.43490 -4.56348 0.24601
-0.35938 -4.56344 0.32344
-0.28432 -4.56345 0.40091
-0.20957 -4.56352 0.47856
2.02970 -1.17544 2.53429
2.02955 -1.09334 2.53377
2.02906 -1.01203 2.53323
2.02818 -0.93256 2.53267
2.02695 -0.85425 2.53210
2.02432 -1.61308 2.53658
2.02626 -1.52169 2.53618
2.02774 -1.43230 2.53574
2.02882 -1.34479 2.53528
2.02944 -1.25962 2.53480
1.93113 -0.49124 2.51692
1.93023 -0.42134 2.51661
1.92901 -0.35245 2.51629
1.92748 -0.28347 2.51597
1.92563 -0.21485 2.51563
2.02538 -0.77701 2.53152
2.02346 -0.70074 2.53093
2.02122 -0.62537 2.53033
2.01862 -0.55134 2.52971
2.01572 -0.47751 2.52909
1.37204 -2.58168 2.08716
1.37358 -2.44873 2.06532
1.40466 -2.34964 1.80179
1.37610 -2.20803 2.02663
1.37713 -2.09768 2.00932
1.38309 -3.15972 2.03336
1.38485 -2.98268 2.00875
1.40464 -1.80850 1.75217
1.38760 -2.66815 1.96591
1.38866 -2.52752 1.94721
1.41187 -1.58650 1.97624
1.47697 -1.58846 2.06567
1.76827 -1.85784 2.50303
1.77686 -1.77101 2.50344
1.78489 -1.68613 2.50380
1.39205 -1.84976 1.86267
1.39226 -1.75725 1.85211
1.39240 -1.66981 1.84243
1.39249 -1.58572 1.83338
-0.32265 -1.36311 -0.15615
-0.11087 -0.81287 -0.12052
-0.12006 -0.88392 -0.12312
-0.13053 -0.96571 -0.12592
-0.14261 -1.06100 -0.12896
-0.21526 -0.85819 -0.13562
-0.07757 -0.56224 -0.10953
-0.08296 -0.60206 -0.11151
-0.08890 -0.64618 -0.11359
-0.09545 -0.69537 -0.11577
-0.84763 -4.56473 0.04228
-0.66941 -3.94203 -0.21203
-0.72826 -4.56414 -0.18660
-0.64780 -4.56383 -0.10935
-0.56826 -4.56358 -0.03256
-0.61996 -2.79169 -0.20241
-0.17347 -1.30808 -0.13601
-0.19375 -1.47265 -0.14023
-0.21887 -1.67833 -0.14513
-0.25096 -1.94300 -0.15100
-0.11563 0.35240 -0.10671
-0.12306 0.36440 -0.10835
-0.11067 0.32352 -0.10484
-0.11697 -0.29113 -0.10602
-0.13739 -0.36747 -0.11218
-0.14902 0.47635 -0.11595
-0.14126 0.44764 -0.11391
-0.13409 0.42111 -0.11198
-0.12751 0.39669 -0.11015
-0.12135 0.37378 -0.10839
-0.19989 -0.60002 -0.12833
-0.21095 -0.64152 -0.13086
-0.22310 -0.68722 -0.13355
-0.23649 -0.73781 -0.13642
-0.25138 -0.79420 -0.13950
-0.14976 -0.41339 -0.11567
-0.07398 -0.34293 -0.10081
-0.17190 -0.49561 -0.12153
-0.12866 -0.46302 -0.11399
-0.13520 -0.49244 -0.11591
1.41336 -3.84192 1.82696
1.41441 -3.60409 1.80672
1.36090 -4.57548 2.08247
1.41579 -3.19343 1.77231
1.41620 -3.01329 1.75747
1.19418 -4.57155 1.64960
1.28001 -4.57258 1.74535
1.39776 -3.34555 1.92598
1.41028 -4.40346 1.87544
1.41201 -4.10596 1.84965
1.41110 -2.34329 1.74829
1.41136 -2.22498 1.73572
1.39900 -2.72712 1.87716
1.41163 -2.00813 1.71313
1.41166 -1.90903 1.70305
1.41646 -2.84865 1.74411
1.41658 -2.69525 1.73181
0.93703 -4.57054 1.63402
1.41652 -2.42206 1.71044
1.41636 -2.29876 1.70104
-0.13615 -4.56362 0.54941
-0.06135 -4.56377 0.62247
0.01344 -4.56398 0.69590
0.08818 -4.56423 0.76967
0.16308 -4.56455 0.84399
-0.51397 -4.56363 0.18623
-0.43765 -4.56352 0.25880
-0.36177 -4.56347 0.33137
-0.28627 -4.56347 0.40393
-0.21109 -4.56352 0.47659
0.49763 -4.56736 1.31344
0.57398 -4.56797 1.38897
0.65161 -4.56863 1.46620
0.72947 -4.56934 1.54394
0.80882 -4.57010 1.62360
0.23821 -4.56491 0.91892
0.31354 -4.56532 0.99445
0.38928 -4.56579 1.07077
0.46522 -4.56631 1.14768
0.53407 1.53942 0.92652
0.64650 1.54023 0.91176
0.61511 1.53912 0.87397
0.58422 1.53806 0.83707
0.55422 1.53706 0.80149
0.65443 1.45494 1.05958
0.82935 1.57647 1.14209
0.79221 1.57512 1.09573
0.71545 1.45392 0.98013
0.68317 1.45265 0.94040
0.30400 1.53134 0.57801
0.29809 1.53351 0.70301
0.27491 1.53293 0.67432
0.25192 1.53239 0.64614
0.22913 1.53189 0.61839
0.40127 1.53504 0.76024
0.49575 1.53520 0.73297
0.46718 1.53435 0.69990
0.43907 1.53355 0.66760
0.41155 1.53282 0.63625
1.62059 1.79776 2.48659
1.60942 1.88124 2.48606
1.59759 1.96741 2.48548
1.58494 2.05565 2.48482
1.57168 2.14551 2.48411
1.66742 1.40306 2.48851
1.65918 1.47910 2.48821
1.65037 1.55654 2.48787
1.64104 1.63551 2.48749
1.63111 1.71543 2.48706
1.01037 1.58471 1.47069
0.96755 1.58321 1.41334
0.92615 1.58173 1.35824
0.88633 1.58029 1.30559
0.84797 1.57889 1.25519
1.16990 1.59179 1.79820
1.12014 1.59020 1.72753
1.07238 1.58863 1.66013
1.02716 1.58710 1.59668
0.98359 1.58560 1.53587
-0.38163 1.53537 -0.04941
-0.47412 1.69382 -0.09692
-0.32600 1.34654 -0.10936
-0.39130 1.36992 -0.10511
-0.40727 1.34868 -0.12652
-0.25101 1.53221 0.08241
-0.27614 1.53275 0.05664
-0.28858 0.99508 -0.14509
-0.32792 1.53397 0.00421
-0.35440 1.53464 -0.02233
-0.24302 0.75869 -0.13568
-0.22598 0.70236 -0.13233
-0.16486 0.58985 -0.12125
-0.19726 0.60778 -0.12636
-0.18488 0.56709 -0.12365
-0.43406 1.34964 -0.15225
-0.43595 1.29972 -0.16737
-0.25581 1.53267 -0.00424
-0.35511 1.05416 -0.15466
-0.32356 0.95865 -0.14942
0.10570 1.52878 0.35908
0.08124 1.52870 0.33308
0.05652 1.52868 0.30705
0.03171 1.52872 0.28115
0.00677 1.52880 0.25533
0.20648 1.53048 0.52841
0.18280 1.53012 0.50127
0.15939 1.52982 0.47466
0.13604 1.52957 0.44831
-0.17792 1.53089 0.15845
-0.14679 1.53047 0.10096
-0.17348 1.53094 0.07490
-0.20035 1.53146 0.04886
-0.22785 1.53204 0.02243
-0.06044 1.52928 0.13921
-0.02882 1.52921 0.26852
-0.05266 1.52936 0.24335
-0.07689 1.52956 0.21800
-0.10134 1.52982 0.19265
0.03238 1.52835 0.14275
0.00925 1.52857 0.11743
-0.01402 1.52884 0.09203
-0.03747 1.52916 0.06651
-0.06112 1.52953 0.04084
0.14639 1.52799 0.26855
0.12379 1.52796 0.24346
0.10098 1.52799 0.21823
0.07813 1.52806 0.19302
0.05540 1.52818 0.16799
-0.15035 1.34307 -0.12424
-0.14398 1.24087 -0.12835
-0.12881 1.12112 -0.12514
-0.11583 1.02002 -0.12220
-0.10455 0.93346 -0.11947
-0.08499 1.52995 0.01499
-0.10912 1.53042 -0.01107
-0.43782 2.84095 -0.17243
-0.35943 2.34131 -0.16152
-0.15099 1.40995 -0.07395
0.55737 1.53338 0.58867
0.52969 1.53262 0.55853
0.50209 1.53416 0.67241
0.47522 1.53125 0.49946
0.44875 1.53065 0.47089
0.67995 1.45951 0.71828
0.67414 1.53693 0.71676
0.37800 1.53093 0.52958
0.61468 1.53505 0.65135
0.58575 1.53419 0.61967
0.32445 1.52810 0.27488
0.29822 1.52787 0.24792
0.28988 1.52861 0.36445
0.24602 1.52761 0.19447
0.21998 1.52756 0.16791
0.42241 1.53010 0.44254
0.39655 1.52961 0.41478
-0.05669 0.75421 -0.10971
0.34516 1.52878 0.35988
0.31995 1.52846 0.33307
0.00893 -0.91695 -0.10644
0.00877 -0.99933 -0.10794
0.00881 -1.09492 -0.10945
0.00912 -1.20745 -0.11095
0.00978 -1.34183 -0.11244
0.01159 -0.63187 -0.09903
0.01089 -0.67664 -0.10049
0.01025 -0.72648 -0.10196
0.00970 -0.78231 -0.10345
0.00925 -0.84529 -0.10494
-0.11949 -4.56248 -0.09781
-0.04369 -4.56241 -0.02363
0.03193 -4.56240 0.05039
0.10738 -4.56244 0.12430
0.18271 -4.56254 0.19811
0.01091 -1.50512 -0.11391
0.01269 -1.70826 -0.11535
0.01539 -1.96789 -0.11675
0.01947 -2.31167 -0.11808
-0.07090 0.57962 -0.10729
-0.03076 0.50496 -0.09893
-0.02742 0.47545 -0.09731
-0.02426 0.44806 -0.09573
-0.03844 0.46300 -0.09851
-0.11605 0.83513 -0.11943
-0.05145 0.70123 -0.10777
-0.04666 0.65382 -0.10589
-0.04224 0.61115 -0.10408
-0.03812 0.57224 -0.10230
-0.02356 -0.59407 -0.10277
0.01567 -0.46182 -0.09198
0.04460 -0.43333 -0.08625
0.04490 -0.45962 -0.08751
0.04532 -0.48813 -0.08878
-0.00817 -0.39133 -0.09232
-0.04151 0.42405 -0.09743
-0.03821 -0.41722 -0.09825
-0.01011 -0.41407 -0.09371
-0.01422 -0.46476 -0.09660
2.28346 -0.74778 2.56880
2.29126 -0.67061 2.56967
2.29882 -0.59389 2.57053
2.30614 -0.51753 2.57141
2.31324 -0.44147 2.57228
2.15337 -1.09121 2.45908
2.15388 -1.01031 2.44994
2.25849 -0.98155 2.56617
2.26708 -0.90317 2.56705
2.27541 -0.82488 2.56793
2.12574 0.30467 2.54584
2.12242 0.37532 2.54561
2.11893 0.44677 2.54540
2.11525 0.51800 2.54519
2.11139 0.58964 2.54500
2.25561 -0.25307 2.56381
2.19618 -0.07546 2.55525
2.13462 0.09255 2.54657
2.29196 -0.05949 2.51467
2.29254 0.01500 2.50959
1.56150 -1.58603 1.84934
2.11499 -2.12950 2.55354
1.40895 -1.61939 1.69554
2.12868 -1.93004 2.55394
2.13489 -1.83370 2.55409
1.41163 -1.81440 1.69358
1.41155 -1.72517 1.68481
2.12745 -2.00237 2.55430
1.42879 -1.58211 1.69176
1.49313 -1.58405 1.76805
2.14828 -1.40265 2.52280
2.14856 -1.31491 2.51471
2.14506 -1.26023 2.54154
2.14907 -1.14561 2.49980
2.14931 -1.06371 2.49295
2.14069 -1.73964 2.55421
2.14610 -1.64769 2.55431
2.19234 0.58137 2.55658
2.14643 -1.46234 2.54259
2.14639 -1.37379 2.53715
1.15484 1.58609 1.45345
1.10871 1.58459 1.39751
1.06491 1.58313 1.34450
1.02290 1.58171 1.29377
0.98254 1.58032 1.24514
1.97319 2.32235 2.54099
1.96272 2.42549 2.54064
1.95170 2.53181 2.54024
1.94021 2.64072 2.53981
1.20275 1.58761 1.51168
0.82493 1.57315 0.97029
0.74749 1.45205 0.86923
0.71702 1.45091 0.83417
0.68737 1.44980 0.80016
0.67211 1.49280 0.78716
0.94369 1.57897 1.19844
0.90623 1.57765 1.15352
0.87006 1.57637 1.11024
0.83508 1.57513 1.06849
2.07312 1.18429 2.54368
2.29032 0.97121 2.57287
2.17011 0.99328 2.43027
2.15873 1.06576 2.41684
2.15925 1.14628 2.41776
2.29776 0.61682 2.47732
2.19101 0.65644 2.55678
2.18948 0.73218 2.55699
2.18779 0.80809 2.55721
2.18589 0.88481 2.55744
2.16256 1.66669 2.42833
2.16313 1.76175 2.43104
2.16371 1.85970 2.43403
2.16428 1.96079 2.43732
2.16486 2.06531 2.44095
2.14784 1.35337 2.53117
2.14801 1.44024 2.53590
2.14817 1.52997 2.54102
2.14832 1.62139 2.54645
2.14847 1.71536 2.55223
0.38428 1.54315 1.13436
0.35969 1.54223 1.09796
0.45451 1.54186 1.06338
0.31154 1.54048 1.02787
0.28791 1.53966 0.99407
0.51529 1.54834 1.33515
0.48799 1.54723 1.29241
0.32081 1.53725 0.88273
0.43504 1.54512 1.21085
0.40931 1.54411 1.17186
0.17386 1.53469 0.76523
0.15053 1.53416 0.73582
0.21699 1.53308 0.68462
0.10436 1.53323 0.67881
0.08129 1.53284 0.65090
0.26477 1.53889 0.96138
0.24175 1.53815 0.92920
0.60254 1.54760 1.27623
0.19657 1.53680 0.86727
0.17438 1.53619 0.83740
1.28979 1.74224 2.44007
1.27531 1.82116 2.43916
1.09123 1.59517 2.06220
1.04087 1.59354 1.97825
0.99303 1.59192 1.89927
1.34969 1.36997 2.44340
1.33929 1.44157 2.44288
1.32807 1.51501 2.44228
1.31613 1.58926 2.44162
1.30340 1.66498 2.44089
0.80041 1.58292 1.48495
0.76220 1.58146 1.42792
0.68685 1.46017 1.27788
0.65363 1.45878 1.22936
0.62335 1.46341 1.18760
0.94711 1.59033 1.82424
0.90365 1.58878 1.75379
0.86201 1.58726 1.68707
0.82182 1.58576 1.62322
-0.62755 1.45264 -0.11408
-0.55927 1.53884 0.03646
-0.56089 1.48574 0.01344
-0.57068 1.45050 -0.00947
-0.60057 1.45140 -0.03556
-0.51047 1.53782 0.01052
-0.41986 1.53546 0.16562
-0.44656 1.53605 0.14025
-0.47382 1.53668 0.11470
-0.50167 1.53735 0.08890
-0.36886 0.65723 -0.15192
-0.61044 1.09387 -0.18930
-0.56000 0.99089 -0.18179
-0.51697 0.90286 -0.17523
-0.47983 0.82669 -0.16944
-0.63659 1.20929 -0.19348
-0.73632 1.57338 -0.10643
-0.77163 1.57442 -0.13624
-0.80805 1.57551 -0.16668
-0.84599 1.57664 -0.19805
-0.04754 1.53086 0.44690
-0.07228 1.53085 0.42081
-0.09700 1.53089 0.39509
-0.12191 1.53099 0.36952
-0.14707 1.53114 0.34408
0.07382 1.53170 0.58051
0.04969 1.53143 0.55320
0.02537 1.53121 0.52603
0.00115 1.53104 0.49939
-0.02312 1.53092 0.47300
-0.30897 1.53319 0.14497
-0.33812 1.53379 0.11915
-0.36808 1.53444 0.09300
-0.39845 1.53514 0.06683
-0.42952 1.53590 0.04044
-0.17248 1.53134 0.31873
-0.19818 1.53159 0.29343
-0.22422 1.53190 0.26817
-0.25062 1.53226 0.24292
-0.27740 1.53267 0.21762
1.02583 -2.19007 2.40546
1.05246 -2.11222 2.40810
1.11355 -2.01638 2.41521
1.10245 -1.95983 2.41300
1.12580 -1.88579 2.41528
0.87292 -2.60635 2.39000
0.90619 -2.51982 2.39341
1.20278 -1.63676 2.42284
0.96868 -2.35154 2.39974
0.99783 -2.27025 2.40267
1.28768 -1.18304 2.42960
1.29586 -1.11784 2.43010
1.25046 -1.40695 2.42680
1.31030 -0.99056 2.43093
1.31667 -0.92838 2.43129
1.14811 -1.81307 2.41744
1.16960 -1.74105 2.41952
0.99623 -2.44230 2.40452
1.20952 -1.60098 2.42335
1.22820 -1.53226 2.42513
0.41979 -4.06620 2.34488
0.47929 -3.91775 2.35142
0.53474 -3.77684 2.35745
0.58678 -3.64172 2.36306
0.63581 -3.51217 2.36828
0.06791 -4.57349 2.14877
0.14246 -4.57426 2.23991
0.21693 -4.55379 2.32215
0.28944 -4.38228 2.33035
0.35678 -4.22052 2.33789
0.78180 -2.94663 2.38177
0.81915 -2.84665 2.38561
0.85454 -2.74953 2.38920
0.88821 -2.65522 2.39259
0.92020 -2.56348 2.39579
0.68193 -3.38756 2.37314
0.72540 -3.26764 2.37767
0.76634 -3.15197 2.38188
0.80505 -3.04044 2.38583
1.42768 0.52493 2.44570
1.31540 0.53859 2.42951
1.30957 0.59399 2.42910
1.30331 0.64970 2.42867
1.29661 0.70578 2.42821
1.43364 0.22626 2.44494
1.33806 0.26427 2.43114
1.33439 0.31861 2.43087
1.33025 0.37351 2.43056
1.32569 0.42860 2.43023
1.46026 1.12243 2.45602
1.31328 1.07100 2.43452
1.30440 1.13414 2.43402
1.29485 1.19808 2.43346
1.28478 1.26294 2.43287
1.40914 0.83495 2.44565
1.28185 0.81871 2.42720
1.27376 0.87611 2.42665
1.26519 0.93355 2.42606
1.25619 0.99157 2.42544
1.36460 -0.77271 2.43691
1.37265 -0.71266 2.43765
1.38019 -0.65257 2.43835
1.38721 -0.59286 2.43901
1.39368 -0.53393 2.43964
1.31967 -0.97091 2.43209
1.32772 -0.90892 2.43270
1.33519 -0.84804 2.43327
1.34211 -0.78726 2.43379
1.34849 -0.72750 2.43427
1.42212 -0.18236 2.44270
1.42519 -0.12419 2.44311
1.35165 -0.06408 2.43235
1.42988 -0.00786 2.44383
1.43152 0.05037 2.44415
1.37614 -0.37725 2.43643
1.37904 -0.32003 2.43667
-0.44718 0.75959 -0.16422
1.38354 -0.20618 2.43709
1.38509 -0.14990 2.43726
1.35908 -2.02359 2.15416
1.36037 -1.91860 2.13531
1.36150 -1.81915 2.11796
1.36250 -1.72531 2.10198
1.36337 -1.63528 2.08713
1.34953 -2.65714 2.27601
1.35194 -2.51331 2.24732
1.35409 -2.37814 2.22080
1.35596 -2.25262 2.19674
1.35763 -2.13464 2.17450
1.63176 -1.57811 2.48193
1.64190 -1.49960 2.48262
1.65135 -1.42310 2.48324
1.66036 -1.34736 2.48384
1.66867 -1.27339 2.48438
1.39240 -1.58850 2.12190
1.45956 -1.59053 2.22174
1.62192 -1.70311 2.48176
1.63067 -1.62029 2.48218
0.92568 -4.57505 2.21081
0.55700 -4.57272 2.02580
0.63502 -4.57359 2.11419
0.71459 -4.57451 2.20528
0.79524 -4.57548 2.29852
0.52435 -4.57031 1.72871
0.17647 -4.56914 1.60649
0.25163 -4.56976 1.68768
0.32671 -4.57042 1.76960
0.40297 -4.57114 1.85358
1.29275 -3.39622 2.45347
1.05935 -3.78988 2.42595
1.10281 -3.65603 2.43059
1.14353 -3.52814 2.43490
1.18248 -3.40405 2.43898
1.22600 -4.04658 2.44963
0.93564 -4.42861 2.41430
0.98701 -4.25944 2.41988
1.03512 -4.09823 2.42505
1.08023 -3.94432 2.42984
1.67333 0.45458 2.48095
1.66897 0.51677 2.48068
1.66435 0.57929 2.48041
1.65932 0.64220 2.48011
1.65388 0.70553 2.47980
1.68996 0.14598 2.48212
1.68728 0.20771 2.48190
1.68432 0.26905 2.48168
1.68096 0.33101 2.48145
1.67730 0.39268 2.48120
1.70124 1.04141 2.48952
1.69539 1.11174 2.48938
1.68906 1.18303 2.48920
1.68231 1.25540 2.48900
1.67506 1.32889 2.48877
1.64818 0.76886 2.47948
1.64209 0.83324 2.47914
1.63559 0.89770 2.47878
1.62871 0.96281 2.47840
1.62150 1.02864 2.47801
1.72487 -0.96477 2.49001
1.73275 -0.89558 2.49068
1.68953 -0.80869 2.48394
1.74711 -0.75963 2.49194
1.75359 -0.69223 2.49253
1.67804 -1.32133 2.48611
1.68850 -1.24841 2.48697
1.69849 -0.47909 2.48366
1.70771 -1.10487 2.48856
1.71656 -1.03416 2.48930
1.83021 -0.40380 2.50256
1.83661 -0.33656 2.50334
1.73840 -0.25916 2.48894
1.84818 -0.20286 2.50486
1.85342 -0.13531 2.50559
1.75971 -0.62532 2.49310
1.76536 -0.55883 2.49365
0.10224 -4.56857 1.52718
1.77554 -0.42692 2.49469
1.78002 -0.36139 2.49518
-0.17455 -0.24934 -0.11464
-0.28705 -0.36865 -0.13613
-0.29736 -0.39292 -0.13825
-0.30847 -0.41885 -0.14049
-0.32057 -0.44673 -0.14288
-0.21204 -0.17477 -0.11938
-0.22705 -0.21793 -0.12295
-0.23899 -0.24995 -0.12571
-0.25277 -0.28525 -0.12880
-0.21166 -0.26625 -0.12147
-0.18953 -0.41597 -0.12199
-0.19769 -0.44400 -0.12404
-0.20665 -0.47441 -0.12622
-0.21649 -0.50752 -0.12854
-0.22735 -0.54376 -0.13103
-0.33366 -0.47670 -0.14542
-0.34798 -0.50916 -0.14815
-0.36359 -0.54434 -0.15105
-0.38072 -0.58272 -0.15418
-0.24476 0.34073 -0.12764
-0.31583 0.48599 -0.14151
-0.30069 0.45380 -0.13865
-0.28700 0.42442 -0.13601
-0.27438 0.39708 -0.13351
-0.29237 0.46690 -0.13763
-0.41874 0.70090 -0.15956
-0.39348 0.64864 -0.15532
-0.37081 0.60151 -0.15142
-0.35061 0.55933 -0.14786
-0.20721 0.25932 -0.11956
-0.20472 0.22594 -0.11838
-0.19955 0.21098 -0.11715
-0.19481 0.19667 -0.11600
-0.19102 0.20348 -0.11546
-0.21362 0.24874 -0.12043
-0.25214 0.34812 -0.12899
-0.24234 0.32622 -0.12693
-0.23325 0.30555 -0.12499
-0.22484 0.28613 -0.12316
-0.78740 -4.56490 0.32595
-0.70713 -4.56475 0.40449
-0.62774 -4.56466 0.48302
-0.54914 -4.56463 0.56175
-0.47115 -4.56466 0.64061
-1.20525 -4.56649 -0.06973
-1.11909 -4.56606 0.01014
-1.03432 -4.56568 0.08956
-0.95082 -4.56536 0.16852
-0.86859 -4.56510 0.24737
-0.13803 -4.56626 1.13494
-0.06328 -4.56663 1.21385
0.01142 -4.56706 1.29365
0.08662 -4.56754 1.37466
0.16150 -4.56807 1.45640
-0.39374 -4.56475 0.71974
-0.31683 -4.56489 0.79936
-0.24025 -4.56509 0.87939
-0.16397 -4.56536 0.96010
-0.08791 -4.56568 1.04136
-0.58250 -1.20883 -0.18921
-0.63754 -1.34424 -0.19755
-0.30379 -0.79380 -0.14675
-0.78644 -1.71015 -0.21938
-0.89083 -1.96632 -0.23424
-0.31304 -0.66843 -0.14594
-0.33151 -0.72106 -0.14944
-0.45602 -1.28450 -0.17305
-0.37605 -0.84704 -0.15751
-0.40313 -0.92333 -0.16221
-1.77420 -4.57011 -0.23154
-1.68434 -4.56949 -0.15665
-1.59624 -4.56891 -0.08255
-1.50990 -4.56838 -0.00914
-1.42506 -4.56790 0.06378
-0.70979 -1.78224 -0.20975
-0.81332 -2.07139 -0.22462
-0.95223 -2.45938 -0.24417
-1.14895 -3.00883 -0.27133
2.21131 1.19779 1.96713
2.27476 0.99148 1.98797
2.21416 1.03414 1.92780
2.21536 1.10704 1.92364
2.21663 1.18180 1.91932
2.34398 0.88927 2.08426
2.34343 0.65818 2.07473
2.34432 0.72998 2.07102
2.34526 0.80253 2.06720
2.34627 0.87647 2.06325
2.22456 1.95483 1.92787
2.21360 1.98647 2.02305
2.21417 2.08721 2.02788
2.21478 2.19174 2.03279
2.21539 2.29958 2.03778
2.21498 1.60343 1.97398
2.21937 1.33635 1.91018
2.22083 1.41584 1.90535
2.22236 1.49719 1.90031
2.22396 1.58117 1.89505
2.34464 -0.29073 2.04710
2.34419 -0.22282 2.04976
2.34380 -0.15509 2.05234
2.34345 -0.08747 2.05485
2.34316 -0.01989 2.05730
2.34771 -0.63674 2.03256
2.34699 -0.56675 2.03565
2.34632 -0.49682 2.03864
2.34571 -0.42791 2.04155
2.34515 -0.35940 2.04436
2.34079 0.31403 2.08354
2.34110 0.38297 2.08297
2.34146 0.45233 2.08233
2.34188 0.52218 2.08163
2.34235 0.59260 2.08086
2.34292 0.04774 2.05969
2.34273 0.11549 2.06201
2.34260 0.18343 2.06428
2.34251 0.25164 2.06650
2.34248 0.32019 2.06866
0.62527 1.53159 0.35246
0.59675 1.53098 0.32391
0.56890 1.53146 0.42554
0.54097 1.52992 0.26789
0.51362 1.52947 0.24033
0.74319 1.44553 0.47969
0.71358 1.44464 0.45039
0.43430 1.52892 0.29443
0.68381 1.53300 0.41086
0.65428 1.53227 0.38143
0.26954 1.52765 0.19825
0.24491 1.52758 0.17436
0.34324 1.52786 0.13770
0.19561 1.52759 0.12641
0.17108 1.52767 0.10250
0.48658 1.52908 0.21301
0.45982 1.52876 0.18590
0.70069 1.49093 0.55372
0.40694 1.52827 0.13217
0.38057 1.52812 0.10528
2.22976 3.02539 1.98396
1.21996 1.58065 1.04643
1.17317 1.57920 1.00230
1.12857 1.57780 0.96020
1.08536 1.57644 0.91933
2.22317 2.39113 1.98191
2.22440 2.50721 1.98254
2.22566 2.62747 1.98309
2.22698 2.75417 1.98349
2.22836 2.88696 1.98379
0.90751 1.56992 0.69133
0.87204 1.56882 0.65694
0.79033 1.44782 0.58495
0.75952 1.44682 0.55498
0.72925 1.44586 0.52550
1.04404 1.57512 0.88020
1.00417 1.57385 0.84238
0.96534 1.57261 0.80548
0.92803 1.57142 0.76998
0.98575 -4.56394 0.10963
0.65933 -4.56315 0.24075
0.73429 -4.56349 0.31769
0.80981 -4.56387 0.39499
0.88592 -4.56432 0.47269
0.38573 -2.97188 -0.07339
0.26620 -2.05326 -0.08468
0.25543 -4.56236 0.04207
0.43649 -4.56248 0.01070
0.51049 -4.56265 0.08731
1.52714 -4.09557 0.94035
1.30213 -4.56866 1.11947
1.38356 -4.56949 1.20168
1.46643 -4.57038 1.28514
1.48217 -4.33279 1.30546
1.39662 -4.56663 0.51790
1.04044 -4.56536 0.62975
1.11867 -4.56597 0.70895
1.19849 -4.56663 0.78952
1.27879 -4.56734 0.87037
0.06061 0.44181 -0.08217
0.04071 -0.43517 -0.08664
0.03785 -0.52138 -0.09100
0.08457 -0.44435 -0.08057
0.03551 -0.63338 -0.09545
0.06690 0.67271 -0.09036
0.06526 0.62999 -0.08925
0.06393 0.59127 -0.08811
0.03228 0.62894 -0.09380
0.06139 0.49430 -0.08458
0.03426 -1.00467 -0.10436
0.08048 -0.92910 -0.09690
0.09104 -1.11112 -0.09862
0.10722 -1.36474 -0.09973
0.13328 -1.74382 -0.09974
0.03490 -0.67867 -0.09694
0.03441 -0.72904 -0.09844
0.03407 -0.78543 -0.09993
0.03390 -0.84908 -0.10142
0.03395 -0.92147 -0.10289
2.20957 -1.86848 2.03602
2.20877 -1.77509 2.03433
2.22968 -1.71389 1.85144
2.20731 -1.59787 2.03075
2.20664 -1.51232 2.02889
1.54414 -1.57896 1.39704
1.60927 -1.58081 1.45962
2.22227 -1.30329 1.87545
2.21128 -2.06322 2.03924
2.21040 -1.96421 2.03766
2.35892 -0.90796 1.95012
2.35764 -0.83543 1.95647
2.21022 -1.02414 1.95644
2.35528 -0.69333 1.96868
2.35419 -0.62305 1.97458
2.20601 -1.42962 2.02698
2.20542 -1.34837 2.02502
2.23888 -2.18756 1.82063
2.20438 -1.19207 2.02098
2.20391 -1.11615 2.01890
1.49696 -2.61164 1.07498
1.49407 -2.48492 1.08555
1.49130 -2.36545 1.09531
1.48868 -2.25413 1.10424
1.48614 -2.14857 1.11254
1.52746 -3.14237 0.87816
1.52302 -2.97711 0.90003
1.51881 -2.82347 0.92010
1.51485 -2.68111 0.93846
1.45512 -1.69153 1.31136
1.47299 -1.62424 1.15100
1.49039 -1.57476 1.17197
1.55013 -1.57656 1.22806
1.61368 -1.57841 1.28760
1.47067 -1.99864 1.22130
1.49219 -1.91275 1.03270
1.48951 -1.82632 1.04268
1.48695 -1.74406 1.05204
1.48448 -1.66560 1.06083
2.31477 -0.64449 2.32413
2.31416 -0.57019 2.32657
2.31359 -0.49704 2.32909
2.31305 -0.42385 2.33168
2.31254 -0.35164 2.33436
2.22705 -0.98310 2.21744
2.31755 -0.94926 2.31500
2.31680 -0.87151 2.31719
2.31609 -0.79534 2.31944
2.31541 -0.71951 2.32175
2.30417 -0.01344 2.40530
2.30412 0.05886 2.40598
2.30411 0.13125 2.40676
2.30413 0.20380 2.40764
2.30417 0.27606 2.40865
2.31206 -0.27922 2.33712
2.31162 -0.20758 2.33997
2.31121 -0.13558 2.34291
2.31083 -0.06417 2.34594
2.31048 0.00724 2.34908
1.43617 -1.58005 1.56110
1.49722 -1.58189 1.62901
1.58487 -1.58131 1.51682
2.16830 -2.19316 2.40956
2.16808 -2.08700 2.40340
1.42785 -1.99040 1.57600
1.42737 -1.89697 1.56991
2.19459 -1.78960 2.15581
1.42640 -1.72415 1.55863
1.42590 -1.64331 1.55336
2.19975 -1.23336 2.06459
2.19852 -1.15557 2.06906
2.17845 -1.47559 2.26786
2.19620 -1.00363 2.07796
2.30698 -0.98346 2.19359
2.16785 -1.98447 2.39748
2.16763 -1.88455 2.39177
2.29973 0.25837 2.44775
2.16718 -1.69462 2.38109
2.16697 -1.60410 2.37608
2.17287 2.81128 2.43175
2.17216 2.95353 2.44809
1.21427 1.58467 1.31470
1.16494 1.58318 1.26476
1.11771 1.58172 1.21701
2.17541 2.19318 2.36165
2.17501 2.30644 2.37434
2.17456 2.42452 2.38764
2.17406 2.54784 2.40161
2.17350 2.67692 2.41631
0.92315 1.57491 0.98737
0.88543 1.57365 0.94836
0.84889 1.57245 0.91064
0.81317 1.57127 0.87384
0.73588 1.45023 0.78326
1.07240 1.58030 1.17125
1.02885 1.57891 1.12733
0.98692 1.57757 1.08511
0.94649 1.57626 1.04445
2.17879 1.00987 2.23632
2.30235 0.70656 2.43985
2.30289 0.78400 2.43893
2.30579 0.95869 2.42322
2.21243 0.99299 2.32197
2.30872 0.58985 2.37842
2.30009 0.33184 2.44616
2.30049 0.40564 2.44468
2.30091 0.47986 2.44331
2.30136 0.55459 2.44204
2.17657 1.75517 2.31503
2.17659 1.44187 2.28878
2.17740 1.52932 2.28903
2.17823 1.61905 2.28941
2.17909 1.71126 2.28991
2.17765 1.41502 2.27744
2.17434 1.12950 2.28391
2.17472 1.20937 2.28654
2.17512 1.29094 2.28935
2.17555 1.37502 2.29234
0.04640 -0.45408 -0.08672
0.04690 -0.48194 -0.08797
0.04754 -0.51220 -0.08922
0.04836 -0.54525 -0.09047
0.04937 -0.58144 -0.09172
0.00133 0.41298 -0.08989
0.01585 -0.40830 -0.08909
0.01193 -0.46001 -0.09216
0.02900 -0.44377 -0.08883
0.04603 -0.42835 -0.08548
0.02452 -1.04998 -0.10638
0.02530 -1.15685 -0.10785
0.02652 -1.28413 -0.10929
0.02833 -1.43840 -0.11070
0.03094 -1.62943 -0.11205
0.05063 -0.62133 -0.09295
0.05217 -0.66548 -0.09418
0.05405 -0.71468 -0.09538
0.05633 -0.76984 -0.09655
0.05910 -0.83219 -0.09768
0.02937 1.34023 -0.10273
-0.02042 1.34064 -0.08949
0.01652 1.39457 -0.05184
0.10058 0.69476 -0.08644
0.09637 0.64941 -0.08561
0.14634 1.52780 0.07835
0.16797 1.42924 -0.03249
0.02035 0.87107 -0.10136
-0.08795 2.71638 -0.12693
0.09128 1.23531 -0.09723
-0.01966 0.70674 -0.10320
-0.01696 0.66124 -0.10163
0.05487 0.54112 -0.08750
-0.00951 0.54849 -0.09707
-0.00497 0.48795 -0.09413
0.09274 0.60852 -0.08473
0.08959 0.57145 -0.08379
-0.06320 -2.48804 -0.12918
0.08449 0.50675 -0.08180
0.08243 0.47854 -0.08077
1.47321 -3.74063 1.34703
1.47125 -3.52138 1.34991
1.46935 -3.32170 1.35244
1.46751 -3.13889 1.35468
1.46571 -2.97076 1.35667
1.31463 -4.56895 1.16295
1.39884 -4.56985 1.25091
1.47951 -4.55266 1.33560
1.47733 -4.25171 1.33996
1.47524 -3.98273 1.34374
1.44368 -2.35543 1.48206
1.44269 -2.24187 1.47900
1.44172 -2.13567 1.47612
1.44074 -2.03457 1.47336
1.43978 -1.93954 1.47076
1.46396 -2.81544 1.35844
1.46225 -2.67139 1.36003
1.46058 -2.53730 1.36145
1.45897 -2.41294 1.36275
0.29995 -4.56244 0.10541
0.05498 -4.56263 0.23247
0.12425 -4.56274 0.30819
0.19356 -4.56291 0.38396
0.26299 -4.56313 0.45988
0.12516 -1.96151 -0.10225
-0.07838 -3.05699 -0.13326
-0.10106 -3.93865 -0.13867
-0.07895 -4.56243 -0.10186
-0.00631 -4.56238 -0.02449
0.68587 -4.56549 0.92269
0.75842 -4.56606 1.00215
0.83111 -4.56668 1.08184
0.90521 -4.56735 1.16306
0.97963 -4.56807 1.24469
0.42786 -4.56320 0.43839
0.50069 -4.56352 0.51611
0.57387 -4.56390 0.59424
0.64755 -4.56433 0.67292
0.72187 -4.56482 0.75231
1.13037 1.57884 1.02855
1.08773 1.57745 0.98512
2.25252 2.99717 1.79800
1.00714 1.57480 0.90290
0.96894 1.57354 0.86388
2.21086 2.73306 2.11501
2.21218 2.86363 2.11514
1.06620 1.57413 0.78611
1.22101 1.58172 1.12078
1.17474 1.58026 1.07372
0.77325 1.44753 0.58915
0.74288 1.44654 0.55862
0.69971 1.44745 0.66352
0.70560 1.50920 0.51712
0.68377 1.53383 0.49351
0.93199 1.57232 0.82610
0.89620 1.57114 0.78948
2.23961 2.37401 1.84541
0.82775 1.56893 0.71932
0.75077 1.44795 0.64214
2.21452 1.12219 1.93315
2.21589 1.19774 1.92812
2.21730 1.27419 1.92296
2.21878 1.35223 1.91768
2.22032 1.43259 1.91223
2.34381 0.81702 2.08173
2.34493 0.89118 2.07683
2.34611 0.96630 2.07185
2.24276 0.99105 1.97104
2.21322 1.04853 1.93806
2.19153 2.31435 2.23867
2.19212 2.42783 2.24352
2.19272 2.54509 2.24849
2.19334 2.66833 2.25361
2.19397 2.79716 2.25890
2.22193 1.51486 1.90662
2.22360 1.59857 1.90084
2.22534 1.68514 1.89485
2.22715 1.77414 1.88863
-0.01480 1.05896 -0.10931
0.06923 0.85314 -0.09479
0.06634 0.79059 -0.09382
0.06396 0.73480 -0.09278
0.06202 0.68540 -0.09169
0.08895 1.21524 -0.09763
0.12068 1.33914 -0.07251
0.07448 1.33934 -0.06246
0.03088 1.33963 -0.05185
0.07709 1.00686 -0.09648
0.01972 0.45452 -0.08926
0.03593 0.49152 -0.08848
0.03781 0.43802 -0.08572
0.02851 -0.41329 -0.08739
0.05332 -0.43609 -0.08478
0.00227 0.70945 -0.10053
0.05914 0.60064 -0.08940
0.05812 0.56424 -0.08823
0.05731 0.53101 -0.08703
0.05669 0.50032 -0.08582
0.55995 1.53026 0.29163
0.53222 1.52977 0.26397
0.50483 1.52934 0.23659
0.47773 1.52897 0.20945
0.45090 1.52865 0.18251
0.70516 1.53356 0.43568
0.67509 1.53279 0.40595
0.64558 1.53207 0.37673
0.61658 1.53141 0.34797
0.58805 1.53081 0.31962
0.21641 1.52755 0.15357
0.19291 1.52759 0.12831
0.16960 1.52767 0.10321
0.14627 1.52780 0.07805
0.12271 1.52798 0.05261
0.42428 1.52839 0.15573
0.39766 1.52820 0.12890
0.37137 1.52806 0.10235
0.34520 1.52798 0.07586
0.31912 1.52796 0.04939
1.47004 -2.36296 1.26727
1.46799 -2.24779 1.27182
1.45694 -2.68588 1.40382
1.46412 -2.03881 1.27993
1.46227 -1.94216 1.28359
1.48148 -3.07411 1.23776
1.47901 -2.90951 1.24478
1.45214 -2.08526 1.38432
1.47436 -2.61729 1.25698
1.47216 -2.48582 1.26234
1.47700 -1.57748 1.36086
1.53959 -1.57936 1.42389
1.44475 -1.73663 1.40463
2.20666 -2.16355 2.08671
2.20552 -2.05949 2.08716
1.46049 -1.85120 1.28700
1.45876 -1.76473 1.29020
1.46140 -3.55508 1.42961
1.45548 -1.60369 1.29606
1.49321 -1.57734 1.33631
0.63834 -4.56423 0.64519
0.71565 -4.56470 0.72114
0.79358 -4.56522 0.79773
0.87199 -4.56580 0.87480
0.95181 -4.56643 0.95329
0.25811 -4.56269 0.27203
0.33360 -4.56289 0.34606
0.40928 -4.56314 0.42030
0.48526 -4.56345 0.49488
0.56155 -4.56382 0.56978
1.32428 -4.57089 1.47117
1.41048 -4.57183 1.55380
1.44784 -4.38966 1.57795
1.44851 -4.10482 1.56029
1.44897 -3.84747 1.54425
1.03195 -4.56711 1.03210
1.11371 -4.56785 1.11254
1.19600 -4.56864 1.19350
1.28015 -4.56949 1.27633
2.33378 -0.09369 2.14195
2.32379 -0.06678 2.23107
2.32373 0.00293 2.23158
2.32372 0.07317 2.23210
2.32375 0.14299 2.23263
2.33191 -0.44294 2.16527
2.32469 -0.41903 2.22871
2.32443 -0.34817 2.22916
2.32420 -0.27718 2.22962
2.32402 -0.20702 2.23009
2.31827 0.81021 2.30606
2.33203 0.54956 2.17108
2.33265 0.62137 2.16898
2.33332 0.69384 2.16686
2.33404 0.76707 2.16470
2.33669 0.25073 2.11913
2.32393 0.28321 2.23374
2.32408 0.35378 2.23431
2.32428 0.42476 2.23489
2.32451 0.49624 2.23548
2.19765 -1.70788 2.12299
2.19745 -1.61687 2.11684
2.19727 -1.52919 2.11086
2.19711 -1.44396 2.10503
2.19696 -1.36038 2.09935
2.20159 -2.07893 2.12181
2.20093 -1.97739 2.11856
2.20029 -1.87860 2.11540
2.19968 -1.78372 2.11234
2.19908 -1.69111 2.10936
2.33080 -0.96017 2.20012
2.33086 -0.88292 2.19492
2.32714 -0.85957 2.22624
2.33108 -0.73269 2.18476
2.33123 -0.65892 2.17980
2.19609 -1.18738 2.09299
2.19570 -1.11004 2.09048
0.05405 -0.48968 -0.08728
2.24018 -0.98256 2.13058
2.32883 -0.94814 2.21663
2.21619 1.71813 1.97492
2.21696 1.80907 1.97735
2.21777 1.90224 1.97972
2.21862 1.99854 1.98201
2.21953 2.09897 1.98423
2.21300 1.30082 1.96186
2.21355 1.38010 1.96458
2.21415 1.46137 1.96725
2.21479 1.54479 1.96986
2.21546 1.62989 1.97242
2.23774 2.61798 1.88314
2.23955 2.74172 1.87965
2.24144 2.87125 1.87579
2.24342 3.00711 1.87153
1.23383 1.58013 0.99406
2.22047 2.20233 1.98637
2.22145 2.30967 1.98843
2.22248 2.42133 1.99039
2.22356 2.53768 1.99226
2.34557 0.41553 2.04436
2.34956 0.20160 2.00248
2.34992 0.26925 2.00089
2.35033 0.33665 1.99920
2.35080 0.40436 1.99740
2.34682 0.07541 2.02511
2.34862 -0.13351 2.00900
2.34870 -0.06649 2.00788
2.34883 0.00040 2.00667
2.34902 0.06774 2.00538
2.21806 0.99056 1.90844
2.36040 0.81451 1.93487
2.36162 0.88644 1.92933
2.36291 0.95928 1.92359
2.27545 0.99064 1.84318
2.34562 0.76819 2.06189
2.35192 0.54158 1.99348
2.35257 0.61125 1.99134
2.35327 0.68156 1.98907
2.35404 0.75208 1.98669
0.36430 1.52811 0.22947
0.33953 1.52791 0.20448
0.31511 1.52776 0.17977
0.29081 1.52765 0.15511
0.26660 1.52760 0.13046
0.49074 1.52990 0.35581
0.46494 1.52944 0.33019
0.43925 1.52903 0.30460
0.41404 1.52867 0.27940
0.38906 1.52837 0.25437
0.09420 1.16726 -0.09610
0.08231 0.97568 -0.09500
0.10815 0.71967 -0.08613
0.07135 0.77260 -0.09243
0.06890 0.71973 -0.09141
0.24228 1.52761 0.10562
0.26700 1.53413 -0.02031
0.17003 1.52792 0.03134
0.05819 2.50314 -0.10776
0.09124 1.33904 -0.04605
1.04371 1.57309 0.73810
1.00527 1.57188 0.70183
0.95923 1.57256 0.80928
0.93143 1.56958 0.63188
0.89640 1.56851 0.59853
1.25925 1.57984 0.93973
1.21291 1.57841 0.89659
0.74250 1.44722 0.60331
1.12531 1.57567 0.81474
1.08378 1.57436 0.77579
0.72367 1.47402 0.36714
0.71395 1.53300 0.34799
0.67386 1.53335 0.46290
0.65522 1.53167 0.29088
0.62660 1.53109 0.26288
0.86208 1.56748 0.56577
0.78186 1.44655 0.50191
2.34860 -0.20071 2.01002
0.72258 1.44474 0.44488
0.71634 1.51217 0.43123
1.41430 -4.56683 0.55279
1.49946 -4.56756 0.63704
1.55875 -4.47716 0.71032
1.55184 -4.18475 0.75091
1.54553 -3.92341 0.78681
1.00393 -4.56405 0.14271
1.08433 -4.56449 0.22361
1.16548 -4.56498 0.30498
1.24749 -4.56554 0.38693
1.33035 -4.56616 0.46946
1.50618 -2.99078 1.03497
1.50292 -2.83690 1.04798
1.49980 -2.69322 1.05990
1.49687 -2.56053 1.07070
1.49405 -2.43574 1.08065
1.53974 -3.68822 0.81877
1.53438 -3.47523 0.84739
1.52941 -3.28125 0.87316
1.52476 -3.10366 0.89646
0.10246 -0.71584 -0.08889
0.01933 -0.90755 -0.10456
0.01938 -0.98612 -0.10600
0.06983 -0.90282 -0.09778
0.02153 -1.30680 -0.11020
0.08539 -0.51708 -0.08402
0.08135 -0.45961 -0.08184
0.02101 -0.67519 -0.09875
0.02038 -0.72378 -0.10021
0.01987 -0.77794 -0.10166
0.64775 -4.56284 0.01079
0.34575 -4.56252 0.14209
0.41954 -4.56270 0.21515
0.49359 -4.56293 0.28828
0.56798 -4.56321 0.36154
0.07331 -3.97791 -0.11638
0.03481 -2.16532 -0.11503
0.05436 -3.12363 -0.11642
0.23867 -1.88993 -0.08721
0.19870 -4.56231 -0.00411
2.22232 -1.11949 1.85852
2.22124 -1.04669 1.86174
2.23062 -0.98026 1.87387
2.35789 -0.88733 1.95773
2.35670 -0.81486 1.96345
2.22867 -1.50613 1.83969
2.22727 -1.42515 1.84387
2.22594 -1.34666 1.84781
2.22467 -1.26935 1.85157
2.22347 -1.19367 1.85514
2.35003 -0.46891 2.00457
2.34952 -0.40010 2.00665
2.34908 -0.33221 2.00863
2.34868 -0.26415 2.01050
2.34835 -0.19683 2.01227
2.35557 -0.74323 1.96901
2.35451 -0.67285 1.97438
2.35350 -0.60260 1.97962
2.35257 -0.53342 1.98470
2.35170 -0.46473 1.98965
1.46678 -2.06599 1.26145
1.46550 -1.96989 1.26046
1.48174 -1.91773 1.11949
1.46303 -1.79174 1.25823
1.46184 -1.70888 1.25701
1.48303 -2.47342 1.17355
1.48097 -2.35473 1.17788
1.51752 -1.57538 1.18359
1.47707 -2.13688 1.18534
1.47522 -2.03722 1.18850
2.22228 -2.08385 1.94912
2.22140 -1.98374 1.94714
2.22057 -1.88776 1.94507
2.21978 -1.79424 1.94295
2.21904 -1.70431 1.94073
1.49665 -1.57571 1.22881
1.55797 -1.57751 1.28500
1.62273 -1.57935 1.34423
2.23153 -2.16469 1.87954
-4.11321 -4.32506 1.35344
-4.12417 -3.69416 1.47431
-4.13495 -3.79388 1.54993
-4.14616 -3.89585 1.62880
-4.15781 -4.00019 1.71095
-4.05492 -3.69491 0.94865
-4.07587 -3.22605 1.13819
-4.08483 -3.31599 1.20016
-4.09413 -3.40767 1.26469
-4.10377 -3.50124 1.33182
-3.08922 -3.98791 1.90209
-3.19039 -4.58643 1.74812
-3.09130 -4.58604 1.81304
-2.99489 -4.58569 1.87870
-2.87671 -4.54932 1.93083
-3.78402 -4.59053 1.71663
-3.95449 -3.99801 1.79465
-3.80155 -3.94235 1.81348
-3.65400 -3.88676 1.83162
-3.51170 -3.83148 1.84908
-3.93317 -2.00451 0.13696
-3.93790 -2.09067 0.16731
-3.94289 -2.17815 0.19941
-3.94812 -2.26695 0.23330
-3.95364 -2.35711 0.26912
-3.95230 -1.60532 0.00869
-3.91665 -1.67097 0.03211
-3.92043 -1.75273 0.05595
-3.92444 -1.83557 0.08133
-3.92869 -1.91944 0.10833
-4.01052 -2.82845 0.66953
-4.01801 -2.92027 0.72007
-4.02581 -3.01372 0.77293
-4.03393 -3.10893 0.82814
-4.04240 -3.20594 0.88589
-3.95942 -2.44874 0.30686
-3.96550 -2.54187 0.34669
-3.97188 -2.63665 0.38871
-3.97856 -2.73312 0.43280
-3.98557 -2.83138 0.47936
-0.80606 -2.28087 2.16977
-0.75476 -2.23546 2.17550
-0.55839 -2.34421 2.20139
-0.65681 -2.14577 2.18637
-0.61009 -2.10142 2.19153
-1.08579 -2.51043 2.13819
-1.02663 -2.46414 2.14491
-0.33293 -2.06708 2.22567
-0.91288 -2.37179 2.15778
-0.85864 -2.32614 2.16388
-0.03878 -1.77093 2.25838
-0.00905 -1.71795 2.26134
-0.26645 -1.84484 2.23059
0.04641 -1.61456 2.26679
0.07216 -1.56402 2.26929
-0.56481 -2.05736 2.19651
-0.52061 -2.01321 2.20135
-0.83445 -2.64300 2.17082
-0.43627 -1.92585 2.21054
-0.39607 -1.88257 2.21490
-1.99749 -3.62758 2.03562
-1.88916 -3.54862 2.04852
-1.78551 -3.47108 2.06082
-1.68630 -3.39505 2.07255
-1.59132 -3.32035 2.08373
-2.61948 -4.04682 1.96073
-2.48338 -3.95952 1.97722
-2.35353 -3.87409 1.99290
-2.22940 -3.79034 2.00785
-2.11085 -3.70820 2.02207
-1.25049 -2.82640 2.12136
-1.18057 -2.76936 2.12939
-1.11294 -2.71298 2.13713
-1.04790 -2.65739 2.14454
-0.98519 -2.60244 2.15166
-1.50041 -3.24712 2.09439
-1.41338 -3.17521 2.10455
-1.32990 -3.10456 2.11425
-1.24995 -3.03514 2.12350
-5.21125 2.97222 0.80887
-5.16213 2.76028 0.44397
-5.15542 2.65653 0.39752
-5.14899 2.55403 0.35312
-5.14292 2.45343 0.31121
-5.26077 3.47602 1.16207
-5.20058 3.29910 0.71186
-5.19221 3.18841 0.65328
-5.18418 3.07928 0.59726
-5.17651 2.97156 0.54381
-5.11846 1.84324 0.14969
-5.09336 1.61645 -0.03468
-5.09040 1.52286 -0.05422
-5.08768 1.43001 -0.07217
-5.08515 1.33789 -0.08873
-5.16959 2.48641 0.51368
-5.13155 2.25462 0.23301
-5.12626 2.15628 0.19672
-5.12126 2.05967 0.16244
-5.11648 1.96313 0.12977
-3.34271 3.36429 1.87601
-3.47726 3.42073 1.85979
-3.61769 3.47804 1.84281
-3.76539 3.53642 1.82491
-3.91858 3.59534 1.80629
-1.30274 1.59047 1.05664
-1.33255 1.59079 1.03469
-2.97197 3.19986 1.92045
-3.09086 3.25412 1.90624
-3.21372 3.30869 1.89151
-5.29982 4.10909 1.42984
-5.28785 3.99287 1.34405
-5.27632 3.87847 1.26156
-5.26521 3.76580 1.18223
-5.25444 3.65382 1.10548
-4.07987 3.65536 1.78663
-4.24853 3.71610 1.76603
-4.42648 3.77813 1.74424
-4.61144 3.84055 1.72154
-4.80685 3.90427 1.69750
-6.21246 -1.07416 -0.09560
-5.65911 -1.07284 -0.05780
-9.24741 -1.07816 -0.54571
-5.09655 -1.13540 -0.00238
-5.09964 -1.21921 0.01859
-12.71027 -1.15710 -0.48262
-10.05873 -1.07910 -0.33673
-5.10550 -1.07102 -0.21622
-7.69664 -1.07674 -0.19207
-6.87853 -1.07547 -0.13963
-5.06327 -1.49160 -0.27198
-5.06584 -1.59648 -0.25638
-5.09899 -1.59532 -0.00056
-5.07179 -1.80966 -0.21965
-5.07520 -1.91816 -0.19832
-5.10291 -1.30328 0.04078
-5.10635 -1.38758 0.06419
-33.00702 -0.94377 -2.23171
-5.11381 -1.55711 0.11488
-5.11782 -1.64250 0.14212
-5.08565 1.11090 -0.07855
-5.44515 1.09036 -0.11515
-6.00596 1.09216 -0.16242
-6.68130 1.09398 -0.21751
-7.52485 1.09588 -0.28429
-5.11728 1.73417 0.14481
-5.11188 1.64133 0.10673
-5.10672 1.54884 0.07039
-5.10180 1.45669 0.03566
-25.10502 -1.08098 -1.19281
-27.90619 1.11210 -1.74901
-33.01846 0.74983 -2.13757
-33.01350 0.18593 -2.17760
-33.00974 -0.37735 -2.20859
-17.25827 1.10640 -0.90670
-6.91620 1.09458 -0.25998
-7.84030 1.09655 -0.34292
-9.04765 1.09864 -0.44845
-10.67748 1.10088 -0.58792
-0.45036 1.54353 0.89284
-0.47483 1.54347 0.86553
-0.49975 1.54346 0.83875
-0.52511 1.54350 0.81242
-0.55077 1.54359 0.78670
-0.33319 1.54453 1.03862
-0.35590 1.54424 1.00823
-0.37908 1.54399 0.97832
-0.40242 1.54379 0.94930
-0.42628 1.54363 0.92067
-0.67894 1.47680 0.89419
-0.68978 1.45909 0.86144
-0.71179 1.45921 0.83856
-0.73426 1.45935 0.81592
-0.75744 1.45953 0.79338
-0.57716 1.54372 0.76122
-0.60390 1.54390 0.73628
-0.63144 1.54413 0.71152
-0.65061 1.52910 0.68156
-0.64332 1.46909 0.63650
-0.12145 1.55842 1.79742
-0.13990 1.55756 1.74895
-0.01007 1.55446 1.62441
-0.17651 1.55593 1.65745
-0.19493 1.55516 1.61392
-0.01425 1.47328 1.95709
-0.03587 1.49534 1.92958
-0.11594 1.55005 1.39558
-0.08461 1.56023 1.89985
-0.10315 1.55931 1.84744
-0.26278 1.54887 1.28712
-0.28315 1.54834 1.25223
-0.33711 1.55437 1.52269
-0.32439 1.54739 1.18526
-0.34533 1.54698 1.15309
-0.21335 1.55442 1.57182
-0.23169 1.55372 1.53142
-0.86315 1.57861 0.72701
-0.26882 1.55240 1.45371
-0.28754 1.55180 1.41660
-5.06918 3.32323 -0.30114
-5.06245 3.19463 -0.34659
-5.05606 3.06821 -0.38961
-5.04999 2.94385 -0.43029
-5.04428 2.82240 -0.46850
-5.10840 4.00611 -0.03334
-5.09973 3.86338 -0.09295
-5.09153 3.72461 -0.14906
-5.08367 3.58756 -0.20270
-5.07624 3.45417 -0.25324
-5.06921 2.86320 -0.27692
-5.06178 2.74700 -0.32865
-5.05466 2.63213 -0.37823
-5.04785 2.51842 -0.42555
-5.04133 2.40589 -0.47087
-5.03887 2.70276 -0.50457
-5.03374 2.58487 -0.53867
-5.02888 2.46863 -0.57087
-5.02430 2.35391 -0.60113
-1.16600 1.58304 0.37215
-1.04980 1.58146 0.58818
-1.08401 1.58207 0.56545
-1.11960 1.58272 0.54261
-1.15632 1.58341 0.51974
-0.96787 1.57896 0.48611
-0.89234 1.57899 0.70346
-0.92201 1.57940 0.68021
-0.95252 1.57986 0.65714
-0.98412 1.58035 0.63401
-5.26689 5.23659 1.12661
-5.19554 4.96220 0.59081
-5.18314 4.80357 0.50296
-5.17121 4.64750 0.41873
-5.15989 4.49627 0.33908
-5.19579 5.28402 0.57745
-1.23350 1.58491 0.47394
-5.29843 5.83566 1.34288
-5.28187 5.66205 1.22300
-5.26605 5.49293 1.10882
0.38834 -0.56839 2.29690
0.39838 -0.52874 2.29791
0.40785 -0.48886 2.29887
0.41667 -0.44904 2.29976
0.42487 -0.40960 2.30060
0.32851 -0.76889 2.29098
0.34178 -0.72867 2.29229
0.35438 -0.68859 2.29353
0.36636 -0.64830 2.29472
0.37766 -0.60846 2.29584
0.47079 -0.23487 2.30603
0.47767 -0.19357 2.30686
0.48396 -0.15250 2.30764
0.48962 -0.11102 2.30836
0.49463 -0.06945 2.30903
0.43248 -0.36989 2.30139
0.43954 -0.33023 2.30214
0.44596 -0.29058 2.30283
0.45181 -0.25096 2.30346
0.45707 -0.21134 2.30405
0.20384 -1.27362 2.28173
0.22233 -1.22702 2.28342
0.04043 -1.39425 2.26236
0.25617 -1.13628 2.28648
0.27188 -1.09140 2.28788
0.09700 -1.51375 2.27168
0.12051 -1.46446 2.27393
0.15657 -1.18027 2.27401
0.16415 -1.36795 2.27804
0.18457 -1.32035 2.27995
0.30276 -0.90113 2.28924
0.31610 -0.85985 2.29048
0.19531 -1.04661 2.27704
0.34084 -0.77774 2.29276
0.35217 -0.73719 2.29380
0.28662 -1.04727 2.28918
0.30071 -1.00322 2.29042
0.43044 0.09634 2.30034
0.32634 -0.91692 2.29263
0.33793 -0.87462 2.29361
0.38549 1.10408 2.30571
0.37050 1.15502 2.30458
0.35453 1.20659 2.30334
0.33755 1.25882 2.30201
0.31949 1.31170 2.30056
0.44646 0.85800 2.30999
0.43603 0.90626 2.30931
0.42470 0.95501 2.30854
0.41251 1.00427 2.30768
0.39954 1.05373 2.30675
0.01208 1.41504 2.26217
-0.01110 1.45660 2.25997
-0.03530 1.49896 2.25766
-0.04842 1.47708 2.16575
-0.06492 1.47611 2.10647
0.30052 1.36492 2.29901
0.28029 1.41926 2.29733
0.25886 1.47435 2.29551
0.23568 1.47758 2.21837
0.51188 0.26902 2.31246
0.44121 0.27290 2.30267
0.43736 0.31117 2.30240
0.43294 0.34983 2.30209
0.42796 0.38860 2.30172
0.47848 0.10745 2.30703
0.42730 0.13293 2.30003
0.42367 0.16949 2.29968
0.41957 0.20605 2.29929
0.41499 0.24230 2.29886
0.38650 0.62354 2.29854
0.37757 0.66342 2.29784
0.36802 0.70350 2.29707
0.35792 0.74347 2.29626
0.34710 0.78400 2.29538
0.37739 0.46070 2.29546
0.36940 0.49724 2.29474
0.36088 0.53386 2.29398
0.35196 0.57027 2.29319
0.34248 0.60710 2.29235
-5.18199 -1.44307 0.63916
-5.18654 -1.51994 0.67084
-5.14246 -1.18107 0.34753
-5.19622 -1.67406 0.73830
-5.20136 -1.75136 0.77412
-5.22597 -1.07228 0.50465
-5.16565 -1.13621 0.52536
-5.15741 -1.61517 0.44583
-5.17345 -1.28956 0.57968
-5.17763 -1.36628 0.60878
-4.04821 -1.60643 0.34862
-3.96021 -1.64925 0.36585
-3.99487 -1.63542 0.62856
-3.96798 -1.80698 0.41514
-3.97224 -1.88740 0.44237
-5.20668 -1.82892 0.81125
-5.21220 -1.90660 0.84976
-7.33434 -1.07684 0.35593
-4.02548 -1.60705 0.75261
-4.01574 -1.66257 0.78382
-13.59135 0.95079 0.58517
-13.74315 0.75184 0.56563
-13.87732 0.54918 0.54832
-13.99080 0.34012 0.53364
-14.08496 0.12894 0.52142
-7.40556 1.09474 0.47189
-8.30518 1.09636 0.48797
-9.44188 1.09803 0.51061
-10.92385 1.09978 0.54280
-12.93697 1.10163 0.58968
-10.15952 -1.08020 0.51922
-8.86744 -1.07900 0.48833
-7.85835 -1.07775 0.46612
-7.04928 -1.07648 0.45003
-6.38519 -1.07519 0.43838
-14.15625 -0.08683 0.51210
-14.20698 -0.30425 0.50540
-14.23341 -0.52282 0.50179
-14.23848 -0.74163 0.50090
-3.19516 -3.47102 1.88681
-3.01999 -2.75542 1.90499
-2.92868 -2.72939 1.91596
-2.83978 -2.70300 1.92661
-2.75315 -2.67624 1.93698
-3.90380 -3.71260 1.80011
-3.51563 -2.87928 1.84509
-3.41099 -2.85546 1.85778
-3.30916 -2.83109 1.87011
-3.21016 -2.80625 1.88207
-2.11770 -2.71060 2.01430
-2.29731 -3.35876 1.99682
-2.18821 -3.29468 2.00984
-2.08350 -3.23125 2.02230
-1.98290 -3.16820 2.03422
-2.59969 -3.22030 1.95881
-2.58676 -2.62217 1.95682
-2.50678 -2.59467 1.96633
-2.42877 -2.56698 1.97558
-2.35277 -2.53907 1.98457
-4.02593 -2.36779 0.81721
-4.03242 -2.44965 0.86084
-4.03919 -2.53265 0.90649
-4.04627 -2.61692 0.95439
-4.05367 -2.70245 1.00459
-3.99753 -1.97497 0.62820
-4.00270 -2.05157 0.66235
-4.00811 -2.12902 0.69827
-4.01379 -2.20759 0.73603
-4.01972 -2.28713 0.77561
-4.12901 -3.11584 1.54568
-4.13867 -3.20040 1.61322
-4.14869 -3.28628 1.68350
-4.15908 -3.37371 1.75651
-4.04077 -3.36057 1.78214
-4.06139 -2.78941 1.05715
-4.06943 -2.87775 1.11208
-4.07783 -2.96761 1.16964
-4.08660 -3.05906 1.22995
-4.09574 -3.15210 1.29296
-1.21922 1.58935 1.08861
-1.25132 1.58970 1.06806
-2.21855 2.35132 2.00460
-1.31863 1.59051 1.02827
-2.96822 3.21480 1.92088
-1.07218 1.58809 1.19837
-1.09991 1.58827 1.17540
-2.58711 2.49043 1.96155
-1.05330 1.46881 1.05434
-1.18806 1.58903 1.10959
-4.13083 3.96882 1.78183
-4.30851 4.02304 1.76001
-3.29036 3.00981 1.88003
-4.68346 4.12761 1.71381
-4.88121 4.17779 1.68937
-3.08661 3.25958 1.90667
-3.20910 3.30406 1.89193
-1.30605 1.59519 1.50403
-3.46681 3.39149 1.86080
-3.60227 3.43428 1.84437
-1.01886 1.59619 1.87208
-1.03689 1.59598 1.84117
-1.05515 1.59579 1.81134
-1.07379 1.59562 1.78229
-1.09266 1.59548 1.75423
-0.84701 1.47772 1.89415
-0.86219 1.47740 1.86125
-0.87755 1.47710 1.82961
-0.89316 1.47682 1.79883
-1.00128 1.59642 1.90352
-1.06600 1.59115 1.44603
-1.08920 1.59116 1.42092
-1.11303 1.59119 1.39644
-1.13741 1.59125 1.37247
-1.16246 1.59135 1.34908
-1.11204 1.59535 1.72657
-1.13178 1.59524 1.69954
-1.15195 1.59516 1.67317
-1.17258 1.59510 1.64741
-5.19124 1.82876 0.70531
-5.15296 1.70939 0.41852
-5.14967 1.61808 0.39659
-5.14665 1.52824 0.37662
-5.14389 1.43916 0.35835
-5.21979 2.25131 0.90545
-5.17332 2.17871 0.55551
-5.16869 2.08277 0.52419
-5.16436 1.98782 0.49495
-5.16028 1.89387 0.46753
-6.42687 1.09262 0.39699
-5.17165 1.30288 0.57354
-5.16722 1.22383 0.54201
-5.16300 1.14486 0.51197
-5.27652 1.08908 0.49125
-5.16847 1.41732 0.54608
-5.13908 1.26378 0.32685
-5.13701 1.17673 0.31338
-5.13518 1.09098 0.30155
-5.58703 1.09032 0.30588
-4.61047 3.30427 1.71927
-4.76662 3.32796 1.70007
-4.92734 3.34997 1.68024
-5.09296 3.37040 1.65978
-5.26360 3.38910 1.63866
-3.50889 2.75679 1.85174
-3.61763 2.78171 1.83863
-3.72973 2.80613 1.82508
-3.84531 2.82999 1.81108
-3.96534 2.85322 1.79652
-5.27055 2.86788 1.26368
-5.26241 2.77720 1.20606
-5.20758 2.78153 0.78983
-5.24711 2.59895 1.09786
-5.23990 2.51135 1.04702
-4.77088 2.97594 1.69807
-4.92136 2.99272 1.67955
-1.88627 -3.10580 2.04563
-5.23666 3.02200 1.64064
-5.31530 2.98702 1.59666
0.04010 1.14305 2.26073
0.02192 1.18728 2.25918
0.00271 1.23194 2.25753
-0.01753 1.27707 2.25576
-0.03886 1.32266 2.25387
0.11674 0.92849 2.26697
0.10318 0.97067 2.26590
0.08878 1.01326 2.26475
0.07346 1.05622 2.26351
0.05718 1.09958 2.26216
-0.38542 1.34334 2.21054
-0.41086 1.37589 2.20799
-0.43686 1.40829 2.20537
-0.46383 1.44118 2.20265
-0.49159 1.47425 2.19983
-0.06128 1.36876 2.25186
-0.08486 1.41535 2.24973
-0.10984 1.46279 2.24744
-0.13578 1.51048 2.24503
0.21994 0.41240 2.27368
0.13864 0.40654 2.26280
0.13169 0.43976 2.26221
0.12415 0.47305 2.26156
0.11613 0.50642 2.26087
0.22806 0.22618 2.27333
0.16564 0.24152 2.26508
0.16127 0.27449 2.26472
0.15638 0.30750 2.26431
0.15096 0.34054 2.26385
-0.03612 0.77884 2.24472
0.10885 0.73364 2.26287
0.09792 0.77073 2.26199
0.08622 0.80834 2.26104
0.07388 0.84589 2.26002
0.19507 0.60480 2.27250
0.09844 0.57314 2.25933
0.08881 0.60650 2.25849
0.07855 0.64024 2.25759
0.06771 0.67409 2.25664
-0.69748 1.46071 0.95626
-0.72209 1.46081 0.93252
-0.74711 1.46095 0.90942
-0.77300 1.46114 0.88662
-0.84509 1.52622 0.89748
-0.63251 1.55078 1.14313
-0.65572 1.55067 1.11486
-0.67964 1.55060 1.08707
-0.70281 1.54866 1.05898
-0.69388 1.49380 1.00016
-1.16667 1.58931 1.17004
-1.19237 1.58948 1.14677
-1.21876 1.58968 1.12382
-1.24591 1.58991 1.10121
-1.27403 1.59018 1.07869
-0.83763 1.47683 0.85002
-0.85476 1.46196 0.82088
-0.88346 1.46231 0.79985
-0.91299 1.46271 0.77915
-0.94894 1.47008 0.76180
-0.49500 1.53654 1.87312
-0.52235 1.56208 1.85938
-0.33141 1.55747 1.68419
-0.55341 1.56092 1.77586
-0.56924 1.56039 1.73625
-0.39718 1.47631 2.03115
-0.41034 1.47556 1.98153
-0.42332 1.55423 1.47431
-0.43736 1.47413 1.88747
-0.46397 1.50159 1.87620
-0.59172 1.55473 1.40055
-0.61139 1.55441 1.36818
-0.74772 1.56154 1.69877
-0.65187 1.55386 1.30596
-0.67274 1.55364 1.27607
-0.58551 1.55988 1.69759
-0.60191 1.55941 1.66039
0.16949 0.20858 2.26540
-0.63569 1.55854 1.58893
-0.65313 1.55815 1.55461
-0.59205 -1.65278 2.18701
-0.55767 -1.61664 2.19067
-0.52432 -1.58067 2.19421
-0.49198 -1.54486 2.19763
-0.46065 -1.50918 2.20093
-0.78043 -1.83534 2.16671
-0.74038 -1.79844 2.17106
-0.70151 -1.76172 2.17526
-0.66409 -1.72547 2.17929
-0.62753 -1.68904 2.18322
-0.39939 -1.30992 2.20531
-0.37182 -1.27869 2.20823
-0.34477 -1.24721 2.21108
-0.31848 -1.21571 2.21385
-0.29288 -1.18424 2.21654
-0.43007 -1.47332 2.20413
-0.40062 -1.43795 2.20721
-0.37214 -1.40267 2.21018
-0.34431 -1.36729 2.21307
-1.42345 -2.32477 2.09490
-1.38185 -2.74422 2.10436
-1.30901 -2.68616 2.11271
-1.23911 -2.62887 2.12068
-1.17175 -2.57194 2.12833
-1.74469 -2.51738 2.05792
-1.79350 -3.04399 2.05654
-1.70437 -2.98274 2.06698
-1.61881 -2.92212 2.07696
-1.53659 -2.86218 2.08651
-1.03320 -1.86414 2.13647
-0.88243 -2.11021 2.15810
-0.83492 -2.06573 2.16331
-0.78868 -2.02128 2.16836
-0.74437 -1.97753 2.17317
-1.14653 -2.13418 2.12624
-1.04543 -2.46069 2.14256
-0.98570 -2.40578 2.14924
-0.92874 -2.35186 2.15557
-0.87400 -2.29851 2.16163
0.14212 -0.37009 2.26214
0.15181 -0.33635 2.26321
0.16094 -0.30226 2.26423
0.16945 -0.26835 2.26519
0.17747 -0.23408 2.26611
0.08493 -0.53771 2.25598
0.09748 -0.50458 2.25732
0.10951 -0.47113 2.25860
0.12094 -0.43760 2.25984
0.13180 -0.40402 2.26101
0.16489 0.09468 2.26429
0.16069 0.12665 2.26385
0.15601 0.15829 2.26336
0.15085 0.18987 2.26282
0.14524 0.22140 2.26225
0.18487 -0.19945 2.26697
0.19171 -0.16498 2.26779
0.19795 -0.13040 2.26855
0.20364 -0.09545 2.26926
0.20872 -0.06037 2.26992
-0.01686 -0.94660 2.24785
-0.00140 -0.91042 2.24932
-0.17497 -1.02556 2.22887
0.02730 -0.83890 2.25203
0.04069 -0.80326 2.25329
-0.02149 -1.10236 2.24963
-0.00471 -1.06250 2.25117
-0.07321 -0.86519 2.23945
0.02626 -0.98405 2.25398
0.04045 -0.94540 2.25524
0.10705 -0.59350 2.25945
0.11599 -0.55889 2.26027
0.12424 -0.52466 2.26102
0.13195 -0.49055 2.26173
0.13909 -0.45655 2.26238
0.10976 -0.71987 2.26124
0.11883 -0.68335 2.26200
0.12723 -0.64706 2.26268
0.13489 -0.61126 2.26330
1.10484 -0.19372 2.39643
1.05397 -0.13452 2.38896
1.05364 -0.08550 2.38888
1.05286 -0.03657 2.38878
1.05159 0.01267 2.38864
1.07951 -0.45593 2.39370
1.04842 -0.38390 2.38884
1.05049 -0.33362 2.38893
1.05210 -0.28357 2.38899
1.05321 -0.23372 2.38902
1.16242 0.26779 2.40556
1.07378 0.29165 2.39280
1.07085 0.34234 2.39267
1.06737 0.39360 2.39250
1.06345 0.44469 2.39230
1.11666 0.06818 2.39820
1.04766 0.10988 2.38827
1.04504 0.15868 2.38804
1.04192 0.20750 2.38777
1.03838 0.25600 2.38748
0.87795 -1.40090 2.37488
0.89556 -1.34147 2.37652
0.91243 -1.28231 2.37809
0.92849 -1.22385 2.37958
0.94375 -1.16603 2.38098
0.77571 -1.71203 2.36522
0.79801 -1.64823 2.36735
0.81947 -1.58495 2.36939
0.83981 -1.52307 2.37131
0.85934 -1.46157 2.37314
1.01119 -0.93446 2.38782
1.02456 -0.87887 2.38914
1.03725 -0.82364 2.39041
1.04929 -0.76832 2.39161
1.06067 -0.71330 2.39277
0.95824 -1.10882 2.38232
0.97190 -1.05263 2.38358
0.98501 -0.99610 2.38478
0.99733 -0.94050 2.38592
1.00898 -0.88537 2.38699
0.55556 1.47104 1.82958
0.54317 1.54847 1.85919
0.69906 1.59037 1.91469
0.48687 1.55714 1.75413
0.45894 1.55595 1.69932
0.75899 1.59765 2.34504
0.72101 1.59625 2.26199
0.52343 1.55346 1.56878
0.61677 1.47369 1.95768
0.58574 1.47236 1.89226
0.34253 1.54834 1.36457
0.31713 1.54730 1.32141
0.41592 1.54658 1.27821
0.26765 1.54533 1.23939
0.24369 1.54442 1.20064
0.43156 1.55477 1.64636
0.40511 1.55362 1.59591
0.90596 1.59805 2.33147
0.35387 1.55142 1.50035
0.32917 1.55037 1.45537
1.08337 0.77172 2.39823
1.07676 0.82834 2.39792
1.06941 0.88595 2.39756
1.06147 0.94418 2.39715
1.05276 1.00305 2.39667
1.10752 0.49452 2.39905
1.10389 0.54888 2.39898
1.09965 0.60403 2.39886
1.09488 0.65919 2.39870
1.08942 0.71521 2.39849
1.06333 1.36393 2.40320
1.05053 1.43300 2.40244
1.03672 1.50328 2.40157
1.02180 1.57538 2.40061
0.98205 1.59840 2.33012
1.04342 1.06263 2.39614
1.03333 1.12295 2.39554
1.02260 1.18362 2.39489
1.01099 1.24557 2.39415
-2.32255 -4.57540 0.60928
-2.77853 -4.57917 0.67544
-2.68412 -4.57860 0.73874
-2.59182 -4.57807 0.80188
-2.50151 -4.57757 0.86493
-2.83090 -4.57868 0.24951
-3.28779 -4.58255 0.35339
-3.18038 -4.58180 0.41872
-3.07604 -4.58109 0.48358
-2.97434 -4.58042 0.54793
-1.64474 -4.57363 1.34838
-1.45455 -4.57141 1.14513
-1.37381 -4.57133 1.22125
-1.29423 -4.57130 1.29785
-1.21582 -4.57134 1.37514
-1.87277 -4.57329 0.96402
-2.32636 -4.57669 0.99086
-2.24123 -4.57631 1.05392
-2.15771 -4.57596 1.11706
-2.07563 -4.57566 1.18042
-1.79553 -1.63658 -0.35105
-2.01962 -1.89094 -0.38095
-2.31481 -2.22396 -0.42008
-2.72043 -2.67948 -0.47355
-3.31131 -3.34065 -0.55103
-1.18439 -0.92739 -0.26788
-1.26593 -1.02452 -0.27919
-1.36263 -1.13818 -0.29249
-1.47852 -1.27296 -0.30831
-1.61977 -1.43575 -0.32743
-3.84112 -4.58634 -0.17158
-3.70842 -4.58535 -0.09645
-3.58033 -4.58440 -0.02246
-3.45663 -4.58348 0.05045
-3.33697 -4.58260 0.12231
-3.85654 -4.00106 -0.60369
-3.86464 -4.15686 -0.55125
-3.87319 -4.31784 -0.49555
-3.88219 -4.48433 -0.43650
-3.82923 -4.58616 -0.36628
0.50696 -2.64448 2.34213
0.54278 -2.55427 2.34570
0.28201 -2.82774 2.31502
0.60875 -2.38110 2.35216
0.63915 -2.29792 2.35508
0.29323 -3.14205 2.32007
0.34105 -3.03591 2.32510
0.48545 -2.41637 2.33636
0.42879 -2.83372 2.33420
0.46885 -2.73807 2.33829
0.72128 -1.94115 2.36112
0.74554 -1.87120 2.36340
0.56521 -2.16350 2.34342
0.79033 -1.73565 2.36754
0.81122 -1.66946 2.36945
0.66770 -2.21738 2.35778
0.69477 -2.13880 2.36032
0.02294 -3.29794 2.28683
0.74487 -1.98644 2.36493
0.76784 -1.91302 2.36699
-1.04810 -4.57423 1.92131
-0.97647 -4.57451 1.99707
-0.90516 -4.57484 2.07400
-0.83417 -4.57522 2.15228
-0.74753 -4.50265 2.19847
-1.23361 -4.57247 1.54546
-1.15852 -4.57260 1.62094
-1.08415 -4.57277 1.69730
-1.01055 -4.57300 1.77464
0.13201 -3.48399 2.30273
-0.23605 -3.72809 2.25777
-0.16600 -3.61481 2.26570
-0.10003 -3.50629 2.27313
-0.03695 -3.40045 2.28018
-0.65503 -4.14317 2.20776
-0.46923 -4.33343 2.23276
-0.38115 -4.18827 2.24295
-0.29832 -4.04931 2.25247
-0.22033 -3.91609 2.26137
-0.34107 -0.35140 -0.14424
-0.35147 -0.37685 -0.14630
-0.36298 -0.40418 -0.14854
-0.37570 -0.43362 -0.15097
-0.38982 -0.46552 -0.15360
-0.30232 -0.24543 -0.13616
-0.30852 -0.26430 -0.13751
-0.31545 -0.28421 -0.13899
-0.32314 -0.30525 -0.14059
-0.33166 -0.32760 -0.14234
-0.65973 -0.86664 -0.19662
-0.70560 -0.94891 -0.20357
-0.75918 -1.04430 -0.21154
-0.82232 -1.15608 -0.22078
-0.89777 -1.28902 -0.23165
-0.40550 -0.50021 -0.15648
-0.42302 -0.53815 -0.15962
-0.44252 -0.57980 -0.16305
-0.46447 -0.62592 -0.16683
-0.48924 -0.67726 -0.17100
-0.38321 -0.10871 -0.14776
-0.34318 -0.09828 -0.14104
-0.37863 -0.09409 -0.14690
-0.35017 -0.12707 -0.14246
-0.35445 -0.14203 -0.14332
-0.35078 0.11639 -0.14208
-0.34695 0.10206 -0.14136
-0.27016 -0.09326 -0.12845
-0.31992 0.08007 -0.13668
-0.37458 -0.07979 -0.14613
-0.46280 -0.28533 -0.16211
-0.47525 -0.30780 -0.16427
-0.32786 -0.19162 -0.13952
-0.50339 -0.35680 -0.16906
-0.51944 -0.38370 -0.17175
-0.35923 -0.15745 -0.14427
-0.36453 -0.17337 -0.14532
-1.38442 -1.87790 -0.29820
-0.37700 -0.20702 -0.14774
-0.38416 -0.22489 -0.14911
-0.90537 -4.56742 0.91913
-0.82732 -4.56746 0.99738
-0.75006 -4.56754 1.07612
-0.67338 -4.56769 1.15544
-0.59743 -4.56789 1.23545
-1.31095 -4.56811 0.53248
-1.22747 -4.56786 0.60947
-1.14525 -4.56767 0.68666
-1.06423 -4.56753 0.76386
-0.98431 -4.56745 0.84140
-0.29896 -4.57041 1.71996
-0.22570 -4.57092 1.80290
-0.15285 -4.57148 1.88664
-0.07934 -4.57210 1.97256
-0.00558 -4.57277 2.06010
-0.52198 -4.56815 1.31623
-0.44691 -4.56847 1.39795
-0.37223 -4.56884 1.48059
-0.29768 -4.56927 1.56431
-2.04813 -3.70799 -0.38895
-2.92752 -4.57900 -0.39641
-2.81489 -4.57810 -0.31839
-2.70566 -4.57723 -0.24172
-2.59959 -4.57640 -0.16601
-0.89934 -1.48997 -0.23300
-1.58462 -2.19064 -0.32527
-1.85524 -2.61234 -0.36152
-2.24156 -3.21313 -0.41284
-2.83654 -4.13731 -0.49130
-1.70277 -4.57020 0.35605
-2.07254 -4.57297 0.39982
-1.98615 -4.57248 0.46622
-1.90138 -4.57203 0.53233
-1.81815 -4.57162 0.59835
-2.04130 -4.57208 -0.09286
-2.39598 -4.57487 -0.01770
-2.29807 -4.57416 0.05523
-2.20256 -4.57350 0.12748
-2.10923 -4.57289 0.19907
-0.36221 1.53477 0.33070
-0.39070 1.53521 0.30561
-0.41995 1.53571 0.28035
-0.44937 1.53626 0.25543
-0.47963 1.53686 0.23025
-0.22633 1.53337 0.45768
-0.25264 1.53354 0.43210
-0.27950 1.53377 0.40650
-0.30674 1.53405 0.38101
-0.33424 1.53438 0.35582
-0.57833 1.53926 0.28011
-0.59276 1.51504 0.25336
-0.58761 1.45578 0.22457
-0.61259 1.45115 0.20044
-0.64103 1.45186 0.17670
-0.51060 1.53751 0.20499
-0.54231 1.53822 0.17959
-0.57460 1.53897 0.15424
-0.57560 1.48034 0.12834
-0.59137 1.45062 0.10370
0.10434 1.53971 0.98894
0.08176 1.53907 0.95680
0.15047 1.53736 0.88945
0.03693 1.53792 0.89469
0.01461 1.53742 0.86465
0.21984 1.54353 1.16279
0.19628 1.54268 1.12607
0.02627 1.53467 0.73240
0.14993 1.54111 1.05567
0.12704 1.54039 1.02189
-0.10883 1.53427 0.64163
-0.13281 1.53412 0.61471
-0.10870 1.53673 0.77948
-0.18133 1.53398 0.56188
-0.20589 1.53398 0.53588
-0.00767 1.53695 0.83520
-0.02995 1.53653 0.80631
-0.77987 1.57357 0.09139
-0.07457 1.53583 0.75006
-0.09697 1.53555 0.72264
-0.58538 0.55256 -0.18173
-0.55444 0.50934 -0.17692
-0.52697 0.47051 -0.17259
-0.50210 0.43489 -0.16860
-0.47964 0.40227 -0.16495
-0.81128 0.85956 -0.21510
-0.75314 0.78156 -0.20674
-0.70252 0.71319 -0.19935
-0.65871 0.65355 -0.19286
-0.61983 0.60022 -0.18700
-0.37886 0.22129 -0.14752
-0.36963 0.20302 -0.14585
-0.36119 0.18569 -0.14432
-0.35343 0.16897 -0.14290
-0.34639 0.15300 -0.14160
-0.45933 0.37228 -0.16159
-0.44081 0.34452 -0.15849
-0.42392 0.31873 -0.15563
-0.40845 0.29453 -0.15297
-0.99608 1.57922 -0.03833
-1.06711 1.58144 -0.14504
-1.11513 1.58274 -0.17633
-1.16479 1.58408 -0.20823
-1.47114 1.86442 -0.30506
-0.97784 1.57920 -0.12069
-0.81535 1.57449 0.06453
-0.85220 1.57546 0.03706
-0.88999 1.57647 0.00939
-0.92934 1.57753 -0.01899
-0.82334 0.92477 -0.21706
-0.76872 0.84377 -0.20922
-0.72150 0.77310 -0.20235
-0.68022 0.71077 -0.19624
-0.64387 0.65532 -0.19079
-1.89581 2.36144 -0.36058
-1.61378 1.97793 -0.32375
-1.40557 1.69399 -0.29629
-1.24536 1.47488 -0.27494
-1.11810 1.30036 -0.25777
-0.63847 -2.99812 2.19944
-0.57451 -2.92663 2.20669
-0.37803 -3.00656 2.23244
-0.45361 -2.78718 2.22030
-0.39693 -2.71962 2.22663
-0.99855 -3.37621 2.15806
-0.92052 -3.29744 2.16710
-0.10698 -2.60751 2.26207
-0.77396 -3.14490 2.18398
-0.70457 -3.07044 2.19191
0.21776 -2.18491 2.29804
0.25122 -2.11606 2.30138
-0.01134 -2.32126 2.27039
0.31364 -1.98188 2.30753
0.34275 -1.91650 2.31035
-0.34199 -2.65279 2.23274
-0.28955 -2.58770 2.23854
-0.72399 -3.46209 2.19338
-0.18953 -2.45915 2.24953
-0.14254 -2.39671 2.25466
-2.05204 -4.57862 1.76371
-1.97211 -4.57855 1.83466
-1.89356 -4.57852 1.90639
-1.81631 -4.57855 1.97898
-1.74030 -4.57862 2.05263
-2.47616 -4.57967 1.41976
-2.38778 -4.57937 1.48747
-2.30125 -4.57911 1.55555
-2.21649 -4.57890 1.62432
-2.13343 -4.57874 1.69365
-1.25008 -3.83782 2.13034
-1.15493 -3.73900 2.14153
-1.06416 -3.64294 2.15215
-0.97756 -3.54954 2.16224
-0.89493 -3.45855 2.17181
-1.62756 -4.48684 2.08712
-1.50336 -4.35607 2.10199
-1.38617 -4.23017 2.11596
-1.27549 -4.10881 2.12908
0.73348 -0.52625 2.34459
0.70372 -0.74407 2.34240
0.71669 -0.69590 2.34372
0.72901 -0.64790 2.34500
0.74062 -0.60004 2.34621
0.69247 -0.75920 2.34098
0.62814 -0.98702 2.33476
0.64472 -0.93809 2.33643
0.66063 -0.88905 2.33803
0.67566 -0.84062 2.33954
0.79196 -0.14476 2.35115
0.75231 -0.09539 2.34543
0.75179 -0.05214 2.34534
0.75080 -0.00896 2.34522
0.74935 0.03382 2.34507
0.75971 -0.29900 2.34697
0.76187 -0.50433 2.34845
0.77152 -0.45643 2.34949
0.78054 -0.40861 2.35048
0.78889 -0.36084 2.35142
0.41471 -1.63319 2.31545
0.43841 -1.57655 2.31772
0.46104 -1.52069 2.31987
0.48249 -1.46600 2.32190
0.50310 -1.41159 2.32383
0.27869 -1.92890 2.30213
0.30845 -1.86779 2.30508
0.33690 -1.80766 2.30789
0.36410 -1.74848 2.31055
0.39009 -1.69021 2.31308
0.56235 -1.18984 2.32854
0.58011 -1.13973 2.33024
0.59705 -1.09003 2.33187
0.61330 -1.04036 2.33342
0.62867 -0.99144 2.33489
0.52258 -1.35824 2.32565
0.54118 -1.30555 2.32737
0.55899 -1.25303 2.32901
0.57581 -1.20149 2.33054
0.59180 -1.15049 2.33200
-2.83736 -0.36102 -0.48438
-2.90454 -0.42857 -0.49323
-1.87706 -0.10452 -0.35798
-3.08424 -0.58000 -0.51683
-3.20366 -0.66703 -0.53248
-2.68481 -0.06796 -0.46409
-2.69390 -0.12316 -0.46535
-1.85443 -0.32146 -0.35533
-2.74323 -0.23732 -0.47194
-2.78456 -0.29764 -0.47741
-5.01540 -1.69696 -0.65308
-5.01902 -1.79611 -0.62922
-2.76292 -0.83168 -0.47542
-4.00238 -1.60539 -0.44132
-3.86039 -1.62883 -0.40034
-3.34634 -0.76400 -0.55114
-3.51834 -0.87367 -0.57360
-2.07674 0.12071 -0.38412
-3.98032 -1.14675 -0.63379
-4.29391 -1.32194 -0.67456
-5.00784 1.74649 -0.70338
-5.00315 1.63840 -0.73605
-4.88149 1.49673 -0.74712
-4.26085 1.22542 -0.66729
-3.79381 1.01735 -0.60710
-5.03510 2.29441 -0.51416
-5.02911 2.18308 -0.55574
-5.02339 2.07269 -0.59539
-5.01795 1.96317 -0.63318
-5.01277 1.85446 -0.66916
-2.58328 0.28450 -0.45044
-2.50222 0.22332 -0.43990
-2.43519 0.16614 -0.43118
-2.37987 0.11203 -0.42399
-2.33502 0.06026 -0.41816
-3.43096 0.85188 -0.56025
-3.14455 0.71792 -0.52319
-2.91265 0.60600 -0.49313
-2.72197 0.51005 -0.46836
-3.87176 -4.58756 0.55658
-4.02554 -4.14866 0.69451
-4.03610 -4.27643 0.76724
-4.04712 -4.40787 0.84350
-4.05864 -4.54341 0.92349
-3.95973 -3.98693 0.19917
-3.97897 -3.55862 0.37718
-3.98753 -3.67072 0.43504
-3.99644 -3.78559 0.49550
-4.00573 -3.90344 0.55881
-2.98872 -4.58297 1.30343
-2.73888 -4.57988 0.99954
-2.63847 -4.57937 1.06946
-2.54068 -4.57890 1.13946
-2.44548 -4.57848 1.20976
-3.27016 -4.58368 0.88909
-3.87055 -4.58879 1.04745
-3.75965 -4.58813 1.10508
-3.65177 -4.58750 1.16257
-3.54683 -4.58690 1.22009
-3.84960 -2.03317 -0.51202
-3.85372 -2.13062 -0.48675
-3.85809 -2.22953 -0.45976
-3.86270 -2.33023 -0.43115
-3.86758 -2.43270 -0.40072
-2.43333 -1.00386 -0.43277
-2.57915 -1.12524 -0.45202
-2.75628 -1.26772 -0.47535
-2.97605 -1.43882 -0.50421
-3.25244 -1.64863 -0.54041
-3.90280 -3.09145 -0.17640
-3.90978 -3.20989 -0.13115
-3.93430 -2.93571 0.07866
-3.92482 -3.45541 -0.03283
-3.93290 -3.58291 0.02044
-3.85698 -2.56525 -0.49340
-3.86231 -2.67954 -0.46039
0.74735 0.07691 2.34488
-3.87393 -2.91559 -0.38763
-3.88024 -3.03780 -0.34771
-2.01009 1.58584 -0.37517
-1.82042 1.39468 -0.35029
-1.66855 1.24003 -0.33026
-1.54324 1.11106 -0.31362
-1.43827 1.00169 -0.29960
-4.55408 4.09180 -0.70269
-3.60334 3.16078 -0.58096
-2.98672 2.55492 -0.50172
-2.56143 2.13497 -0.44683
-2.24806 1.82385 -0.40619
-1.81594 1.24489 -0.34962
-1.63925 1.09091 -0.32627
-1.49556 0.96467 -0.30715
-1.37654 0.85912 -0.29119
-1.27591 0.76885 -0.27759
-1.34952 0.90775 -0.28766
-1.27346 0.82595 -0.27737
-1.20826 0.75448 -0.26848
-1.15145 0.69091 -0.26068
-0.94878 1.57760 0.16910
-0.81996 1.57486 0.35946
-0.85308 1.57555 0.33490
-0.88690 1.57629 0.31040
-0.92198 1.57707 0.28556
-0.68546 1.45321 0.28085
-0.61999 1.48869 0.46184
-0.62614 1.45254 0.43088
-0.65349 1.45305 0.40855
-0.68176 1.45361 0.38605
-1.18367 1.58320 0.15406
-5.09691 5.65846 -0.20584
-5.08465 5.46166 -0.29184
-5.07308 5.27220 -0.37265
-5.06198 5.08688 -0.44985
-1.17070 1.58308 0.03787
-0.99553 1.57875 0.23530
-1.03414 1.57966 0.20981
-1.07405 1.58061 0.18401
-1.11543 1.58160 0.15791
-0.59977 -0.20631 -0.18214
-0.60643 -0.22852 -0.18328
-0.61438 -0.25166 -0.18462
-0.62372 -0.27589 -0.18617
-0.63456 -0.30137 -0.18795
-0.58383 -0.10515 -0.17920
-0.58484 -0.12442 -0.17944
-0.58692 -0.14409 -0.17986
-0.59011 -0.16422 -0.18044
-0.59435 -0.18493 -0.18120
-0.91699 -0.59364 -0.22988
-0.95697 -0.64600 -0.23568
-1.00257 -0.70425 -0.24223
-1.05473 -0.76951 -0.24966
-1.11466 -0.84318 -0.25812
-0.64700 -0.32830 -0.18997
-0.66120 -0.35686 -0.19225
-0.67733 -0.38734 -0.19482
-0.69551 -0.41998 -0.19768
-0.71617 -0.45517 -0.20090
-0.87248 0.36121 -0.22148
-0.84378 0.32783 -0.21734
-0.83420 0.26590 -0.21584
-0.79497 0.26737 -0.21025
-0.77427 0.23974 -0.20722
-1.07765 0.57771 -0.25040
-1.02608 0.52577 -0.24322
-0.78690 0.14648 -0.20889
-0.94034 0.43626 -0.23116
-0.90442 0.39719 -0.22605
-0.63261 0.08532 -0.18623
-0.72747 -0.09107 -0.20047
-0.65696 0.12755 -0.18990
-0.85575 -0.19987 -0.21930
-0.87210 -0.22566 -0.22171
-0.75584 0.21377 -0.20451
-0.73926 0.18888 -0.20206
-0.62256 1.54162 0.49797
-0.68760 0.17307 -0.19449
-0.68982 0.09924 -0.19472
0.65424 1.23462 2.34450
0.63892 1.29071 2.34333
0.62282 1.34714 2.34209
0.60563 1.40479 2.34074
0.58747 1.46330 2.33929
0.71781 0.96552 2.34905
0.70673 1.01795 2.34829
0.69479 1.07137 2.34746
0.68213 1.12499 2.34655
0.66854 1.17966 2.34556
0.47524 1.56094 1.95301
0.44460 1.55953 1.88216
0.41486 1.55816 1.81494
0.38570 1.55681 1.75063
0.35749 1.55551 1.68982
0.55849 1.47889 2.27421
0.52632 1.47742 2.18805
0.49565 1.47598 2.10753
0.46586 1.47456 2.03102
0.79936 0.32163 2.35343
0.72542 0.33291 2.34296
0.72005 0.37588 2.34251
0.71424 0.41861 2.34203
0.70791 0.46146 2.34151
0.80281 0.08714 2.35284
0.74492 0.11964 2.34465
0.74196 0.16236 2.34438
0.73856 0.20511 2.34408
0.73469 0.24754 2.34375
0.80592 0.78615 2.35894
0.70602 0.73873 2.34428
0.69699 0.78576 2.34362
0.68736 0.83316 2.34291
0.67708 0.88092 2.34215
0.78097 0.56204 2.35283
0.69377 0.54722 2.34034
0.68595 0.59052 2.33970
0.67757 0.63401 2.33901
0.66873 0.67735 2.33828
-0.25605 1.53747 0.71762
-0.28090 1.53740 0.69051
-0.30621 1.53737 0.66358
-0.33170 1.53740 0.63723
-0.35757 1.53749 0.61123
-0.13476 1.53861 0.86136
-0.15866 1.53828 0.83144
-0.18275 1.53800 0.80215
-0.20702 1.53777 0.77341
-0.23132 1.53759 0.74538
-0.49033 1.54107 0.69237
-0.51368 1.54119 0.66769
-0.53722 1.54135 0.64339
-0.56118 1.54154 0.61928
-0.58578 1.54178 0.59513
-0.38381 1.53762 0.58550
-0.41052 1.53781 0.56005
-0.43768 1.53805 0.53484
-0.46513 1.53834 0.50999
-0.49336 1.53868 0.48518
0.14588 1.55238 1.54618
0.12356 1.55141 1.50076
0.22498 1.54957 1.42371
0.07965 1.54958 1.41466
0.05802 1.54872 1.37373
0.21266 1.55895 1.86472
0.19015 1.55790 1.81089
0.10193 1.54472 1.20593
0.14627 1.55587 1.70951
0.12486 1.55490 1.66165
-0.06929 1.54434 1.15269
-0.09047 1.54374 1.11913
-0.11143 1.54318 1.08663
-0.13246 1.54267 1.05494
-0.15369 1.54219 1.02373
0.00157 1.54968 1.40667
-0.01849 1.54891 1.36849
-0.03825 1.54819 1.33170
-0.05809 1.54749 1.29565
