ros_time,wall_elapsed,x,y,z,qx,qy,qz,qw,vx,vy,vz,wz
1.734,0.14578728200285695,3.883531580744712e-05,2.27924167428059,0.09218914279968098,0.036039725142094844,-0.03800364929458269,0.7063645712741867,0.705907892929815,0.006727732207594262,-0.05001671128443654,0.15907665807485716,0.004736279276908218
1.736,0.14712307500303723,5.266142157691039e-05,2.279141329659054,0.09250916196998865,0.03614888759135368,-0.03811870132473585,0.7063622143505033,0.7058984662634397,0.006913678610984677,-0.050173552881220565,0.1600111963659406,0.00500646086026145
1.738,0.14901466100127436,6.68492998707115e-05,2.2790409823203874,0.09283071355029013,0.03625549236858025,-0.03823333709516372,0.7063601225797187,0.7058888924163945,0.0070944253123794805,-0.05017492542551318,0.16077740706890367,0.005215364457240647
1.74,0.15107302400429035,8.136571469014812e-05,2.27894089862838,0.09315339223156228,0.03636054186651735,-0.03834679489966903,0.7063582896148217,0.7058791688444414,0.007258734867262308,-0.05004308521649464,0.16134092095928834,0.00548718778062078
1.742,0.15297379899857333,9.619590090578171e-05,2.278841137512632,0.09347715655057194,0.036464502771560055,-0.03845839414279929,0.7063567410904082,0.7058692841268259,0.00741569898479692,-0.04988177337012238,0.16188374041388234,0.005827914102310902
1.744,0.15493277700443286,0.00011133930365459042,2.2787419528485504,0.09380163068845236,0.03656752302064786,-0.03856804529030209,0.7063555112956432,0.7058592025360936,0.007572416841778626,-0.04959356071644824,0.16223860390307265,0.006226014160677453
1.746,0.15692025599855697,0.0001267986744062739,2.2786431683190784,0.09412715767578708,0.036669066084346585,-0.03867572810178088,0.7063545884195872,0.7058489661867433,0.007730392703971096,-0.04939350801901718,0.16276503568390768,0.006566970938290818
1.748,0.1589527239993913,0.00014256362644935253,2.278545038716417,0.09445337861839675,0.0367690674481321,-0.03878176285438951,0.7063539883261696,0.7058385464995618,0.007883171313522952,-0.049066051699648464,0.163111970014328,0.006924946949434275
1.75,0.16113720599969383,0.00015862292269924576,2.2784473793385778,0.09478064037238958,0.036867217716532355,-0.0388859732702346,0.7063536902688805,0.7058279914994893,0.00803028238838663,-0.04883098093025493,0.16363236462848677,0.007228597601285552
1.752,0.1629240620022756,0.00017495822394543708,2.2783504458303776,0.09510858183341889,0.03696368608279082,-0.038988443319424325,0.7063537154421762,0.7058172680515363,0.008168297421263588,-0.048468038630953836,0.16397218098153352,0.007574535754254518
1.754,0.16501124700153014,0.00019155787157705637,2.278254051577516,0.0954375555587487,0.03705831926113738,-0.039088788389356734,0.7063540501961307,0.7058064206050508,0.008300453365646035,-0.04819844087289184,0.16448830308707735,0.007887496925435012
1.756,0.1670706410004641,0.00020840782152972259,2.2781584530958967,0.09576720042533685,0.037151304510128005,-0.03918704999684398,0.7063547152633737,0.7057954178874631,0.008425625440146457,-0.047800539764641624,0.1648238417343876,0.008243238110240744
1.758,0.16899787000147626,0.00022550046663551886,2.27806346202598,0.09609787327362594,0.03724238625524839,-0.03928296069905595,0.7063556893872655,0.7057843110575441,0.008547011063848314,-0.047496874231192567,0.16533781090701502,0.00854761907481027
1.76,0.17093494200526038,0.00024282652943755003,2.2779693345397525,0.09642921058108814,0.037331664710242636,-0.03937670195626534,0.7063569965866254,0.7057730623409564,0.008662260733440993,-0.0470646845072723,0.16566998468158095,0.008880063091726655
1.762,0.17317843500495655,0.00026037767283705734,2.2778758791898466,0.09676156881603035,0.0374189517001272,-0.0394679973959195,0.7063586203451695,0.7057617152405535,0.008774702594396461,-0.04672864575143019,0.16618040749432567,0.009184814952747223
1.764,0.17486730000382522,0.00027813649292520153,2.2777833539756007,0.0970945765623218,0.03750447560232447,-0.039556951407755704,0.7063605751899716,0.70575023891063,0.008878523878929056,-0.04626356509218736,0.16650513912285514,0.009527676297761127
1.766,0.17685729799995897,0.00029609487608268144,2.277691565714357,0.09742859429110945,0.037587952783980645,-0.03964338113857215,0.7063628415451569,0.7057386798395442,0.008978237884290821,-0.04589512476422322,0.16701008117386798,0.009818977381476265
1.768,0.1788836080013425,0.0003142356148884587,2.2776007729310725,0.09776325024208816,0.03766956511869358,-0.039727438635836276,0.7063654339137956,0.705727006890752,0.009069404485248407,-0.04539737090839181,0.1673291708923233,0.010144664219602872
1.77,0.18082326400326565,0.000332551812484714,2.2775107798794973,0.09809890827833355,0.037749067958806705,-0.039808896059452,0.7063683413012877,0.705715258493138,0.009156368251518176,-0.04499750528211155,0.16783029327839155,0.010427103371350131
1.772,0.18285015400033444,0.0003510265049749559,2.277421844328473,0.09843519360600556,0.03782670239201117,-0.039887854147250566,0.70637158024321,0.7057034010846087,0.009235635787941171,-0.04446875940534248,0.16814389681338496,0.010758063302627548
1.774,0.18487388500216184,0.0003696518707983357,2.277333767490701,0.09877247242956258,0.03790220993813884,-0.03996410612304073,0.7063751327707516,0.7056914796897399,0.009310906731927998,-0.04403942317934292,0.16864066683328408,0.011041578818808595
1.776,0.18679093300306704,0.0003884112803797979,2.2772468068197247,0.09911036747261831,0.037975785739079206,-0.04003781386548734,0.7063790104543791,0.7056794645927176,0.00937810086951044,-0.043481374709418194,0.16894867853120904,0.011355011196256757
1.778,0.18869256100151688,0.0004072973301590234,2.277160760635861,0.09944924902393144,0.038047141653290394,-0.04010880767238616,0.7063831915389235,0.7056674041433391,0.009441382325891192,-0.04302414610763906,0.16944194527543177,0.011615027868038854
1.78,0.190835743000207,0.0004262929260686714,2.277075885727624,0.09978873779413126,0.03811648058424699,-0.040177252513777,0.7063876863544367,0.7056552691329817,0.009496151167343963,-0.0424385091759754,0.16974552125325135,0.0119051268841856
1.782,0.19279687700327486,0.00044538977144437195,2.2769919769934344,0.10012920742234596,0.03818353908298669,-0.04024295404057887,0.7063924746405438,0.705643106509512,0.009546723641455895,-0.04195542518176832,0.1702360337529739,0.012144338098649038
1.784,0.19473367200407665,0.00046457106421132245,2.276909290730134,0.10047027598825228,0.03824853643968177,-0.04030606816766553,0.7063975682264187,0.7056308850474786,0.009588873707731737,-0.041344175417475613,0.1705356254114382,0.012416884815330705
1.786,0.19669362300192006,0.00048382917507038166,2.276827619037686,0.10081232031084962,0.03831120290501975,-0.0403664056843847,0.7064029461424467,0.7056186524641802,0.009627273244251004,-0.040836903109174864,0.17102351502439986,0.01263750554895196
1.788,0.19892228599928785,0.0005031474623600827,2.276747218009191,0.101154956482408,0.03837175365878168,-0.040424134083674026,0.7064086211380487,0.7056063760246047,0.009657363713382237,-0.04020157160803147,0.17131940678401372,0.01289268875280805
1.79,0.2007205129993963,0.0005225185232004075,2.276667876964031,0.10149856452105646,0.038429908450749485,-0.0404790800968211,0.7064145699108408,0.7055941054378673,0.009683740052604882,-0.0396715907874743,0.17180535071343095,0.013091528124842544
1.792,0.20291958400048316,0.0005419260420179398,2.276589851699364,0.10184275768057915,0.03848588364199077,-0.04053142058735137,0.7064208055392234,0.705581806884773,0.009702231634672485,-0.03901372787909758,0.17209785674436395,0.013323125358791892
1.794,0.20485893900331575,0.0005613623721853686,2.276512928839029,0.10218791910557183,0.03853941041618393,-0.04058097617090577,0.7064273035947399,0.7055695309136119,0.009716623378119595,-0.038462539374531736,0.17258199506890534,0.013500193294957106
1.796,0.20675920200301334,0.0005808113936510532,2.276437364114612,0.10253365933514845,0.03859071717233544,-0.04062792289093023,0.7064340775919419,0.7055572425016383,0.009723053875315895,-0.03778344424624003,0.1728714763418524,0.013713516693631073
1.798,0.20869282700004987,0.0006002658070586096,2.2763629413066058,0.10288036498928992,0.03863953714618998,-0.0406720808618865,0.7064411030116173,0.7055449921750008,0.009725731356208344,-0.037212492720225684,0.17335422018181398,0.013870543041078754
1.8,0.21094883000478148,0.0006197101284917748,2.2762899158530767,0.10322764423760622,0.038686098912012974,-0.04071363334276244,0.7064483937347418,0.7055327439606219,0.009720726564037344,-0.036513794437466954,0.17364107508377924,0.014064800203602774
1.802,0.21276760099863168,0.0006391372243171886,2.2762180691184652,0.10357588650060841,0.03873013517748758,-0.04075240420677938,0.706455924918786,0.7055205484800875,0.009712105456275565,-0.03592444659510807,0.17412260022966358,0.014201871971877425
1.804,0.21476459500263445,0.0006585320535130714,2.276147656499978,0.10392469707599084,0.03877188772036804,-0.040788576444004465,0.7064637116184339,0.7055083677183263,0.009695966899159154,-0.035207386928772726,0.17440672477071598,0.014379408655173714
1.806,0.21670915499998955,0.0006778871620617458,2.2760784567444783,0.10427446849471157,0.03881109073989365,-0.04082197229396674,0.7064717267258863,0.7054962545262412,0.009676105714753202,-0.03460097260812634,0.17488714004474115,0.014496330787811111
1.808,0.21885632799967425,0.0006971874618133256,2.2760107252522466,0.10462480316330393,0.03884798601734014,-0.04085278386376704,0.7064799851062207,0.7054841703945532,0.009648805551667439,-0.033866864515610946,0.1751686625182374,0.01465231864490957
1.81,0.22079012200265424,0.0007162502438832164,2.2759443585073806,0.10497598621886159,0.03888186924130373,-0.04088214873994899,0.7064877586439987,0.7054728180765618,0.009530377486658134,-0.03318443055704992,0.17559284158555205,0.01372645031793667
1.812,0.22277126499830047,0.0007353051222117467,2.275879464081051,0.10532774387467843,0.03891357606426454,-0.04090850444855236,0.7064959937035414,0.7054612949996045,0.009526181269111169,-0.032448370156462215,0.17588007399064162,0.01419925256606152
1.814,0.5643675530009205,0.0007543262383708101,2.2758158166807134,0.10568045328973033,0.038942318722337166,-0.04093242904635144,0.7065046202684203,0.7054496818372439,0.00950928275149428,-0.03182486880181587,0.17635598462432642,0.01451227779328814
1.8159999999999998,0.5661871350021102,0.0007732664136923693,2.2757530057027693,0.10603494314950297,0.038967607897561436,-0.04095396738181488,0.7065135651816898,0.7054380768747103,0.009468804827459164,-0.03140668063831522,0.1772462304487467,0.014682270859876802
1.818,0.5681279150012415,0.0007920851016350399,2.2756913348165013,0.10639079911842506,0.03899054188710489,-0.04097260939136772,0.7065228392041183,0.7054264388339611,0.009408014157829377,-0.030836620562280707,0.17792936074143603,0.014954353880584192
1.8199999999999998,0.5702425320050679,0.0008107736542179405,2.275631068383892,0.1067475614375189,0.0390119333431381,-0.040987824239348145,0.706532395122067,0.7054148013502626,0.00934295557604894,-0.030134396977131044,0.17838248380810087,0.015223450692684503
1.822,0.5721675820022938,0.0008293356382125892,2.2755724609198147,0.10710478311883197,0.039031718519292505,-0.04099994950262061,0.7065421636626222,0.7054032180654931,0.009279670238841535,-0.029304907055438353,0.17861213183060515,0.015390035496828944
1.8239999999999998,0.5740700700043817,0.0008477767922575462,2.2755152881631022,0.10746287672622472,0.03904900460962728,-0.041009417615860404,0.7065520840648225,0.7053917744129581,0.009219248040851696,-0.028587562801111077,0.17904810770790855,0.015399637512332918
1.826,0.5761439790003351,0.0008660910663196306,2.2754597949489854,0.10782143892193816,0.039063850272633434,-0.04101666043248386,0.7065621805876078,0.7053804180242944,0.0091558612776217,-0.027747798801742177,0.17928224434513984,0.015448825383322158
1.8279999999999998,0.5780672750042868,0.0008842690245651928,2.2754057360326025,0.10818087772421633,0.03907605847003332,-0.04102147862796823,0.7065724400577352,0.7053691848220192,0.009087790448956594,-0.027030683912435148,0.1797204561143482,0.015462156034663551
1.83,0.5801142900018021,0.0009022918931255505,2.2753533581318512,0.10854077516969486,0.039086028868893716,-0.04102395598998855,0.7065828938360568,0.7053580165564544,0.00901037112074073,-0.026190196713730542,0.17994969630184957,0.0155513320606957
1.8319999999999999,0.7907868469992536,0.0009201497293536156,2.2753024173182856,0.10890154248799233,0.039093557445031686,-0.04102381641372635,0.7065935168322013,0.7053469658429435,0.008927866308369874,-0.0254716702191213,0.1803846082572488,0.01558955650605988
1.834,0.7924206230018171,0.0009378244064909684,2.275252479663161,0.10926405588321983,0.03909802471743117,-0.0410209713444703,0.7066043063189311,0.7053360749775199,0.008836304007731808,-0.024970115430791355,0.1812575970337625,0.01557375204414935
1.8359999999999999,0.7943967730025179,0.0009553050857019092,2.2752038364995766,0.10962789096916442,0.03909998550301391,-0.04101544482961534,0.7066153170782741,0.7053252569484968,0.008739289650332487,-0.02432285855961415,0.1819184207242959,0.01568057738060122
1.838,0.7963565309983096,0.0009725919617425121,2.2751567430359247,0.10999256075190668,0.039099932920401474,-0.04100719055099675,0.7066265178020169,0.7053145184297075,0.00864236547735189,-0.023547999452211102,0.1823358053041837,0.01578275024541964
1.8399999999999999,0.7983110870045493,0.0009896818060844284,2.275111447558744,0.11035758757169538,0.03909793144873185,-0.040996583279976025,0.7066378488843952,0.705303893679762,0.008543867663323117,-0.02264900525183934,0.18251421241984403,0.01580656364247135
1.842,0.8003745960013475,0.0010065783061804366,2.2750679507885367,0.11072305647189543,0.03909144191650613,-0.04098812749999562,0.7066488578390245,0.7052937149072964,0.008447322871392325,-0.02174963307222353,0.18273507460144087,0.014997090145090063
1.8439999999999999,0.8023562810049043,0.0010232068155470214,2.275026195008485,0.11108884894567296,0.03908578498567945,-0.04097454996923497,0.7066601578530426,0.7052834954612115,0.008313205357233594,-0.020879133931035687,0.18289707219868118,0.015464556193180583
1.846,0.8043078920018161,0.0010396142129636267,2.274986393847141,0.11145453673973268,0.03907959049808541,-0.04095719201320364,0.7066716368357503,0.7052733453922508,0.008202836876100914,-0.01990185493094573,0.1828445987057866,0.015665675368963978
1.8479999999999999,0.8063931920041796,0.0010558343926839312,2.2749482897184583,0.1118205918297303,0.039070310577191354,-0.04093796372231591,0.7066831465602371,0.7052634432078518,0.008109032195411526,-0.019053323109461204,0.18302833837940774,0.015460578868067102
1.85,0.8082640659995377,0.0010718499427842393,2.2749121132524084,0.11218662770878907,0.03905771091801396,-0.04091768171251428,0.7066946996217973,0.7052537416189834,0.008006687606202045,-0.018089476691201478,0.18301874528614043,0.015255130357090928
1.8519999999999999,0.8103442909996375,0.0010876321452270143,2.274877588572233,0.11255309290244425,0.03904233778822751,-0.04089535570436689,0.7067063199910869,0.7052442435259566,0.00789017379190264,-0.017263601453278876,0.1832333750888446,0.015123457498583973
1.854,0.812303434999194,0.00110315852061341,2.2748449435782105,0.1129195756333728,0.039025172390420075,-0.040870397675066374,0.7067180830317975,0.7052348528182942,0.007762594279516048,-0.016323786779804863,0.18324199013693504,0.015174541605869235
1.8559999999999999,0.814356991002569,0.0011184291591531848,2.274813904678391,0.11328652969500944,0.039005915363873274,-0.040842496629843086,0.7067299639956296,0.7052256284526279,0.007634739966427791,-0.015520746297668794,0.18347766717695443,0.015169203306845876
1.858,0.8162606650002999,0.0011334444145742785,2.2747847068271194,0.11365354660664025,0.0389844984599533,-0.0408121621097416,0.7067419705291693,0.7052165365306607,0.007507088957933167,-0.014600218349484875,0.18350893406004293,0.01517138295995883
1.8599999999999999,0.8183198550032103,0.0011482021163087908,2.2747568444555992,0.11402153281135158,0.03896008270560424,-0.04077937080534058,0.7067540464940837,0.7052076805002423,0.007378386220142161,-0.01393249932872257,0.1839934811569471,0.015027012751672258
1.862,0.8210695480011054,0.0011626905865313383,2.2747305838198586,0.11439007173126584,0.038933096956492094,-0.040744334566666894,0.706766237892216,0.7051989776919556,0.007243767884436292,-0.013131626758662984,0.18426979284171174,0.01498299724968509
1.8639999999999999,0.8224022150025121,0.0011769020203847565,2.2747056750022407,0.11475960619160595,0.03890346175630804,-0.040706768592506444,0.706778523141713,0.7051904699297564,0.007105236956568212,-0.012455725144358172,0.18476757951746497,0.014901881138815522
1.866,0.8243470930028707,0.0011908260722407935,2.274682387582662,0.11512968471038368,0.03887160361244898,-0.04066686588718122,0.7067909180889396,0.7051821059545574,0.006961562149030666,-0.011645023172970509,0.1850395561569827,0.014878089516199159
1.8679999999999999,0.8265614160045516,0.0012044584481180542,2.27466047688337,0.11550074768906307,0.03883724831269609,-0.040624514097414695,0.7068033837252375,0.705173945741334,0.0068156911817928755,-0.010956671348773334,0.18553181016945144,0.014777832897727909
1.87,0.8284406360035064,0.0012177946000763115,2.2746402107166355,0.11587234136053222,0.03880075606691996,-0.04057993823289517,0.7068159341059219,0.7051659416304951,0.0066675917889265565,-0.010134410467208976,0.18579708904207923,0.014726982400587068
1.8719999999999999,0.830334144004155,0.0012308308120090815,2.274621340460906,0.11624491293535373,0.038761811941540894,-0.040533074112199266,0.7068285346574357,0.7051581485255956,0.0065176024109221894,-0.00943646052002484,0.18628606289405647,0.014602678051562366
1.874,0.8323469160022796,0.0012435655808754574,2.2746041309876803,0.11661799912226681,0.03872082030118697,-0.04048408048940348,0.7068411944031345,0.7051505252049953,0.006366888905071205,-0.008606074021682298,0.1865433290444126,0.014524259324443378
1.876,0.8343797150009777,0.0012559938086779735,2.2745883315951176,0.11699205449164725,0.038677411825867467,-0.040432964241692716,0.7068538885689635,0.7051431155673418,0.006214482749196906,-0.007901123070730404,0.18702777592702524,0.014389272738773376
1.8780000000000001,0.8362666480024927,0.0012681169255956437,2.274574204959821,0.11736660689792704,0.03863205700384998,-0.04037979812298411,0.7068666247308644,0.7051358811724118,0.0060619412553843165,-0.007064746169355177,0.18727627984070952,0.014295954156238235
1.88,0.8385165740037337,0.0012799307147834203,2.2745614987172793,0.11774211337504596,0.03858440167248631,-0.04032456691449418,0.7068793799874611,0.705128864392373,0.005907304572957949,-0.00635457005561366,0.18775330143279773,0.014142407544786495
1.8820000000000001,0.8401951859996188,0.0012914365554728114,2.2745504758197845,0.11811809675381917,0.03853492037312376,-0.040267335815057016,0.7068921560712271,0.7051220328873339,0.00575334827881125,-0.005512894011668567,0.18799174833459822,0.014030004116238646
1.884,0.842376038999646,0.001302632701445242,2.27454088137272,0.118495018665279,0.03848318568474831,-0.04020814447058795,0.7069049270493988,0.70511543285555,0.005598550616081826,-0.004798696557621063,0.1884609786181111,0.013847084335401433
1.8860000000000001,0.8442847129990696,0.0013135217442807202,2.274532977865077,0.11887239893216535,0.03842965926821129,-0.04014706738156539,0.7069176940987801,0.7051090327312882,0.005445303995334442,-0.0039532432834076085,0.188690018304326,0.013699223787270577
1.888,0.8462697430004482,0.0013241028955417707,2.2745265076390675,0.11925070246273618,0.03837391958152022,-0.040084123949958486,0.706930432574387,0.7051028781697785,0.005291768865192137,-0.0032367121485560283,0.18915157444476957,0.013489663620651446
1.8900000000000001,0.8482707910006866,0.0013343805029443281,2.2745217324130125,0.11962944551415919,0.038316442449444175,-0.040019370968656,0.7069431488238587,0.7050969327094674,0.005141513910160683,-0.0023894967336710276,0.18937116232274662,0.013330431225892048
1.892,0.850381363001361,0.001344358387323085,2.2745183913452642,0.12000909614462178,0.03825681083719291,-0.039952813688642785,0.7069558278771123,0.7050912327731175,0.004991662354153678,-0.0016724408787952157,0.18982491185764286,0.013113172109431848
1.8940000000000001,0.8524533989984775,0.0013540363964431958,2.274516746879767,0.12038916636882008,0.0381955401658014,-0.03988446892785631,0.7069684651850847,0.7050857530000383,0.004841702676191555,-0.0008241105878562391,0.19003472142857947,0.012931185106966154
1.896,0.8544967170018936,0.0013634174414633255,2.2745165368592875,0.12077012894421,0.03813213458095029,-0.03981440873499672,0.7069810430683218,0.7050805329261409,0.004693228319964528,-0.0001069132424490671,0.19048086536543407,0.01268567980551085
1.8980000000000001,0.856227456999477,0.0013725036548111486,2.2745180238253195,0.12115149281259792,0.038067074474976724,-0.03974268097107834,0.7069935615703576,0.7050755427953862,0.0045457828232111095,0.0007416053113214581,0.1906815145832819,0.012479161145226991
1.9,0.8584059880013228,0.0013812980838736424,2.2745209432669307,0.12153373441960875,0.037999899041355784,-0.03966931262387657,0.7070060062912296,0.705070819405343,0.0043999065493830454,0.0014578225190053997,0.1911203643746303,0.012216553476280553
1.9020000000000001,0.8603547200036701,0.0013898021364843792,2.274525558023986,0.12191635837793864,0.037931130507998706,-0.03959430991039241,0.7070183798701055,0.7050663305583073,0.004254666264571185,0.0023054270782666975,0.19131166592235155,0.011998455695676521
1.904,0.8624822630008566,0.001398019618158254,2.274531600949482,0.12229984549362742,0.03786029423173011,-0.039517704758420494,0.7070306685480594,0.7050621127700718,0.004111421533263014,0.003019424194296961,0.1917433374659474,0.011724599069714002
1.9060000000000001,0.8644154850044288,0.001405955055667766,2.2745393351276753,0.12268370416681973,0.03778770149250054,-0.039439675111069716,0.7070428755048871,0.7050581350788229,0.003970319019508983,0.003865088347050802,0.1919291211260527,0.011481807762081884
1.908,0.8664363679999951,0.0014136103554205047,2.274548490908203,0.12306842421219563,0.037712825682709596,-0.03936025960067382,0.7070549863998283,0.7050544368701835,0.003830257131283169,0.00457589120657452,0.19235983175577814,0.011178564846928585
1.9100000000000001,0.8683758830011357,0.0014209846004834058,2.274559331081176,0.12345351074766468,0.03763614670599472,-0.03927945971266188,0.7070670085690771,0.705050983900443,0.003689677986351891,0.005418103003625185,0.19254304395676028,0.010923868456038849
1.912,0.8703470430045854,0.001428075719194987,2.274571583242515,0.12383945175880981,0.037557376359371446,-0.03919710242132964,0.7070789302303968,0.7050478119014412,0.0035480570786359886,0.006124091782125055,0.19297030704290677,0.010631187701612269
1.9140000000000001,1.2255098669993458,0.0014348845391317037,2.2745855103861756,0.12422574232157398,0.037477050098545205,-0.03911318090390844,0.7070907597292309,0.7050448831819351,0.0034068925636170115,0.006961589039702314,0.19314502510778156,0.01039192926265714
1.916,1.2272896530048456,0.0014414138245260003,2.27460033003301,0.12461387540841759,0.037394039449200715,-0.03902743806575246,0.7071024732435237,0.7050422946352843,0.003267148500421664,0.0074078145258548575,0.19406635523108928,0.010032491767541759
1.9180000000000001,1.229301455001405,0.001447665869395803,2.2746163650715494,0.1250033319529287,0.0373089934682332,-0.03893984606832383,0.7071140951119205,0.7050399874394448,0.0031284588146076884,0.008015542651729227,0.19472809864201926,0.009758880490534107
1.92,1.2314622289995896,0.0014536439053755333,2.2746339002552425,0.125393556746738,0.03722245583357608,-0.03885063741127813,0.7071256309758114,0.705037913002922,0.0029914267574742436,0.008765620428057308,0.19511214749473293,0.009536143073637055
1.9220000000000002,1.233220849004283,0.0014593555763726396,2.274653203849746,0.12578397492756838,0.03713487601975153,-0.03876018312178635,0.7071370687669221,0.7050360382016573,0.0028581767434848852,0.009649832315455869,0.1952087874198604,0.009331842199529518
1.924,1.2352930900015053,0.0014648065841729044,2.2746740050587393,0.12617505824858702,0.03704572595847918,-0.0386685774428424,0.7071483857358052,0.7050344075702982,0.002727697142349217,0.010398583798565097,0.19554122244824879,0.009051992721108217
1.9260000000000002,1.23710690200096,0.0014699967082571412,2.2746965639031664,0.12656630102488434,0.03695535139254204,-0.03857584660710373,0.7071595875127199,0.7050329948667926,0.002597067579436532,0.011277381556116645,0.1956208069441328,0.00880798413673708
1.928,1.239099578000605,0.0014749271903163946,2.274720594576964,0.12695821629134335,0.03686332905844561,-0.03848181083802701,0.7071706613659353,0.7050318438968702,0.002467171185237728,0.012013245370387579,0.19595694298017863,0.008514765717308654
1.9300000000000002,1.2410564700039686,0.0014795997042975433,2.2747463533884407,0.12735029482794144,0.03677012118888553,-0.03838644555366578,0.7071816171798789,0.7050309208172088,0.00233796872649589,0.012877267059603162,0.19603837349002248,0.008270192368760306
1.932,1.4485187500031316,0.001484018853869991,2.274773550897819,0.1277430457520409,0.036675275939896265,-0.03828967502702273,0.7071924398582378,0.705030267384607,0.0022112979586785945,0.013596600674390927,0.1963745516004932,0.00797405140237709
1.9340000000000002,1.4503595200003474,0.0014881898152012685,2.274801668891335,0.1281375012293717,0.0365780411256723,-0.03819125546711121,0.7072031198662465,0.7050299441617368,0.0020872387440759458,0.014056805741990204,0.19722681878069692,0.007607910929399557
1.936,1.4525465600017924,0.0014921127105852559,2.2748310212575897,0.1285331208889583,0.036479067402374325,-0.03809116314073782,0.7072136869070176,0.7050298872979937,0.0019631678114799974,0.01467401978212827,0.19780889644267546,0.0073354429481356535
1.938,1.4544777880000765,0.001495791973211607,2.2748618943040673,0.12892931736665605,0.03637896925985622,-0.037989653138529,0.7072241422390324,0.7050300486392547,0.0018412981215341058,0.01543438312979859,0.19809728017561495,0.007112094320411727
1.94,1.456688596001186,0.0014992364123120132,2.2748945546344057,0.12932549569522403,0.03627818313630684,-0.03788712323747255,0.707234474750056,0.7050303944129854,0.00172381538547793,0.01632803886800767,0.19808817258706787,0.006906762676188653
1.942,1.458444429001247,0.0015024541134162706,2.274928719913197,0.12972214585089267,0.03617612403954367,-0.037783681573025106,0.7072446603356991,0.7050309722862572,0.0016104638223268868,0.017080502721312937,0.19832408026674753,0.0066235954844938
1.944,1.4605217940043076,0.0015054452406804528,2.2749646479786683,0.13011875048862911,0.036073128370714455,-0.0376793407424358,0.7072547120861776,0.7050317502940299,0.0014971678452568328,0.017961934529203374,0.19830132849456436,0.0063857061252421245
1.946,1.462422526004957,0.0015082113669133402,2.275002041136159,0.13051584664375276,0.03596872382656876,-0.03757388985926751,0.7072646161531501,0.7050327768585435,0.0013845993950152749,0.018694445043710248,0.19854704573597257,0.006093067511952105
1.948,1.4645035970024765,0.0015107537497709368,2.275041152147097,0.130912914925605,0.03586337360849014,-0.03746726876416929,0.707274388979518,0.7050340140010415,0.0012727170357659289,0.019553404107022915,0.19853310797779936,0.005858680731383405
1.95,1.4668140200010384,0.0015130786174955596,2.275081679497294,0.1313104865541406,0.03575658471269105,-0.03735938136410519,0.7072840175606899,0.7050355039123812,0.0011639217920987321,0.02026154564080698,0.1987847495667533,0.005569765737940205
1.952,1.4685490530027892,0.0015151905711703983,2.2751238783154455,0.13170802551162553,0.03564879631459,-0.03725032208790045,0.7072935170962014,0.7050372029186502,0.001057431407868315,0.02109730624097239,0.1987684048258331,0.005336162553553874
1.954,1.4705006320000393,0.0015170958677226134,2.2751674499679337,0.13210605699854583,0.03553953238328074,-0.03714007462521077,0.7073028719835265,0.705039150529009,0.0009541095042315452,0.02178370663596752,0.1990146539262819,0.005045395659388189
1.956,1.4724710610025795,0.0015187967661582668,2.275212656424915,0.13250403610480604,0.03542928268734473,-0.03702873472670459,0.7073120948611211,0.7050413031844105,0.0008518745041613214,0.022601134221052924,0.1989884584710403,0.00481020258049541
1.958,1.474465949999285,0.0015202981202458682,2.2752592030483076,0.13290249338307775,0.03531760754539621,-0.036916240897930275,0.7073211686201883,0.7050437023171019,0.0007521141748278134,0.02327120664813943,0.19922754341645124,0.004518491643739382
1.96,1.476722505998623,0.0015216019451549873,2.275307355545295,0.13330088522457442,0.03520500830023005,-0.03680265514528026,0.7073301102592191,0.7050463013770933,0.0006533031593353823,0.02407416085440365,0.19919481311206538,0.004289063476505235
1.962,1.4785905960015953,0.0015227141062186598,2.2753568189907116,0.13369975113874058,0.03509101512050663,-0.036687906457476493,0.7073389052832754,0.7050491410180125,0.0005574881562531445,0.02472962977604548,0.1994318649622763,0.004004802096520229
1.964,1.4806059309994453,0.0015236374738026976,2.2754078596177694,0.1340985461825085,0.03497610916782757,-0.03657206863707153,0.7073475727096351,0.7050521732218638,0.00046274833870305006,0.025518272807663774,0.19939637023344753,0.0037887431247961086
1.966,1.4824448229992413,0.0015243782612742265,2.2754601807854997,0.13449781272671657,0.03485981162323236,-0.03645508234561842,0.7073560967741035,0.7050554395657637,0.00037081603987336865,0.026158630812683516,0.19963205609788928,0.0035216012503576353
1.968,1.4844402340022498,0.0015249390792542962,2.2755140492733887,0.13489699919109238,0.03474262473221648,-0.03633703052294907,0.7073644954601752,0.7050588917259765,0.0002803879280610102,0.026932365412857734,0.1995919283007862,0.003313707253206836
1.97,1.4866704910018598,0.001525324518368276,2.275569168079187,0.13529664865110796,0.03462407872162533,-0.03621786214921833,0.7073727581646821,0.705062565053988,0.00019252546050485937,0.027557551349926865,0.19982342037700626,0.003053643336715081
1.972,1.4884602150050341,0.0015255377216606696,2.275625806084252,0.13569620285891643,0.034504681148262224,-0.03609768412973893,0.7073808987451905,0.7050664140843562,0.00010640048949804508,0.028317168081789374,0.19977576811718567,0.002847646368374789
1.974,1.4904056840023259,0.001525584023535222,2.275683666385408,0.13609620749173362,0.03438396744262639,-0.03597644531934701,0.7073889009915159,0.7050704793984098,2.286306509763875e-05,0.028928289863829604,0.2000009342393706,0.00258696038678029
1.976,1.492460152003332,0.0015254670247214054,2.275743019719234,0.13649610050589353,0.03426246240168273,-0.03585424400031063,0.707396777692354,0.7050747164434515,-5.8764237253148844e-05,0.02967483608577448,0.19994513282131288,0.002381616065811793
1.978,1.4944342310045613,0.0015251917130433674,2.2758035686145677,0.13689643295736664,0.03413969776219237,-0.03573101688548804,0.7074045172737511,0.705079161803642,-0.00013798611537245664,0.030272590795644958,0.20016480242061413,0.0021281030913328095
1.98,1.4965846790000796,0.001524762286091004,2.275865584946237,0.13729663967736166,0.034016194651581226,-0.035606864512085494,0.7074121335698675,0.7050837701856224,-0.00021507498758458163,0.031006346111187064,0.20010199125361605,0.0019315417497759197
1.982,1.4984078150009736,0.0015241837752824564,2.2759287702563507,0.137697275868368,0.033891475407061465,-0.035481725211128246,0.7074196166995498,0.7050885766905012,-0.00028960891279238845,0.031590814306838,0.20031667480588022,0.0016876738035749052
1.984,1.5005349880011636,0.001523460185260124,2.275993396897024,0.13809777208603233,0.03376606614038651,-0.03535570076101862,0.7074269786304024,0.7050935378422926,-0.00036219987969336433,0.03231152284497826,0.20024677240709135,0.0014989818628940398
1.986,1.5026457290005055,0.0015225958193396338,2.2760591654866005,0.13849868653766487,0.03363948848631884,-0.03522872780987856,0.7074342090959811,0.7050986890868683,-0.00043259531675232145,0.032882489089466456,0.20045586854299538,0.0012625783724492389
1.988,1.504722905003291,0.0015215948870440097,2.276126349215504,0.13889944473242083,0.03351227835180488,-0.03510091067075849,0.7074413199393633,0.7051039867368541,-0.0005009097387692977,0.03359008492317087,0.2003778007987848,0.0010813045125367248
1.99,1.5066136259993073,0.0015204617876510306,2.2761946476660238,0.13930060864423588,0.03338395962438351,-0.03497218196672739,0.7074483015515772,0.7051094655158675,-0.0005670184231902643,0.03414745289462648,0.2005806667974524,0.000853868331228052
1.992,1.5085850360046607,0.0015192004864552733,2.2762643351768386,0.13970159923544018,0.033255065612620836,-0.03484265875606939,0.7074551649680237,0.7051150823106642,-0.0006311498337690096,0.03484200722895819,0.20049408747318104,0.0006797214650684903
1.994,1.510484639002243,0.0015178152350014363,2.2763351105535503,0.14010298256381123,0.033125106851894626,-0.03471227620188915,0.7074619013455669,0.7051208714266298,-0.0006932854732188699,0.035385935459547414,0.20069048884764656,0.0004639966004592613
1.996,1.5126656380016357,0.0015163101040514726,2.276407249039483,0.1405041750779428,0.032994624135431784,-0.034581149339689754,0.7074685210739134,0.7051267904270817,-0.0007533507997659043,0.036067529529151994,0.20059525270443504,0.00029965300871270356
1.998,1.5145223090003128,0.0015146890849975746,2.2764804488212067,0.1409057465366912,0.03286312747807971,-0.034449204408372354,0.7074750188032523,0.7051328704133196,-0.0008115761895924305,0.036598149210564986,0.20078467031533637,9.67582621593337e-05
2.0,1.517002256005071,0.0015129561951237767,2.2765549856131497,0.14130710964249035,0.0327311551596169,-0.03431656438020684,0.7074814035120324,0.7051390703795252,-0.0008674394996125603,0.03726670101718415,0.20068062866106545,-6.19958272425584e-05
2.002,1.5185147950032842,0.0015111149921303293,2.276630556281175,0.1417088380725456,0.03259820943519217,-0.034183152917480426,0.707487671241137,0.705145420349613,-0.0009217626620708194,0.037783598731839,0.2008631479262768,-0.0002574866995223191
2.004,1.5205401390048792,0.0015091701883255823,2.276707437522511,0.14211033992043995,0.03246482986849051,-0.034049092372526575,0.7074938280184193,0.7051518825374152,-0.0009735212064481945,0.038438919128100685,0.20074993644171168,-0.00040907440735144977
2.006,1.5224945400041179,0.001507124957185804,2.276785325277883,0.1425121920950612,0.0323305224646327,-0.0339142952062383,0.707499872154221,0.7051584848809442,-0.0010237799922979422,0.038942162427269424,0.20092505024029228,-0.0005951803582580355
2.008,1.5243607640004484,0.0015049842732413254,2.276864497243626,0.1429137985247947,0.03219583668823201,-0.03377888592990077,0.7075058073784093,0.705165191633212,-0.0010714575283430991,0.039584297534497895,0.20080224920268055,-0.0007391467471232241
2.01,1.5267375510011334,0.0015027505094533686,2.276944648395501,0.1433157405609277,0.03206026952646848,-0.033642782702155115,0.707511632158134,0.7051720305364353,-0.0011180407528720011,0.040073876414013394,0.20097000301837906,-0.0009177852685906394
2.012,1.5283634799998254,0.0015004291192554967,2.2770260572556436,0.1437174175796103,0.031924371294612806,-0.03350611369311436,0.7075173498938078,0.7051789662645015,-0.001161794006984164,0.040702752150055595,0.20083755463574518,-0.0010549722350651867
2.014,1.8579872640038957,0.0014980224907968453,2.27710841812925,0.14411941422816807,0.03178763363691035,-0.033368791491906975,0.7075229609191335,0.7051860250135119,-0.0012044561716287468,0.04117874401638161,0.20099732260350714,-0.0012243689413999213
2.016,1.8599546330005978,0.0014955345969365022,2.277191173118968,0.14452292538087722,0.031649110846841515,-0.033230477425059766,0.7075284606801867,0.7051932688846598,-0.001245314051000697,0.041375750712330975,0.20175444551824095,-0.00145898977447569
2.018,1.8618655719983508,0.0014929860781140534,2.2772746651442866,0.1449273053814411,0.03150987321796197,-0.033091033224759626,0.7075338962392024,0.7052006076872589,-0.0012754108903885062,0.04174431987879456,0.2021890856890139,-0.0015613837610652746
2.02,1.863968615005433,0.001490385675810225,2.2773592101683695,0.14533188195631977,0.03137039476866934,-0.032951001334319684,0.7075393030675085,0.7052079583058233,-0.0013012823258707735,0.042270850188885024,0.20228737289391538,-0.0015806177877517198
2.022,1.866038379004749,0.0014877627586850298,2.2774449474437017,0.14573632758630026,0.031229816381956432,-0.032813449938640216,0.7075445204172492,0.7052153768171807,-0.0013128105422034412,0.042866948871380255,0.20222160329931108,-0.001873969437653649
2.024,1.8680762970034266,0.0014850487921860855,2.2775319980221473,0.1461402117289446,0.031091032570765037,-0.03267436626987128,0.7075497571984846,0.7052227127446418,-0.0013581941436470928,0.04352362298991055,0.20194094207305374,-0.0016966020536966998
2.026,1.869884756000829,0.0014822507281722764,2.277620604025226,0.1465429494647127,0.030953599948582704,-0.03253461507087863,0.7075549647903531,0.7052299945924984,-0.0014000022283447208,0.044301390952043565,0.20136798451107146,-0.0016159698666736225
2.028,1.8720142570018652,0.0014793923368795498,2.2777104155448957,0.1469451764797544,0.030816221918245144,-0.032394577579523826,0.7075601052641205,0.7052372999556649,-0.001430386292709624,0.04490410071169378,0.201112445305725,-0.0016666802481839738
2.03,2.0774530970011256,0.0014764977649482994,2.2778016674483683,0.14734633083547047,0.030679016133073427,-0.03225453555362613,0.7075651739585518,0.7052446153685475,-0.0014484180928098509,0.0456243089478633,0.20057617153241417,-0.0017187557977675857
2.032,2.0791592430032324,0.0014735775791778925,2.2778931592023075,0.14774891718645602,0.030539506028090392,-0.03211395457933832,0.7075701939433131,0.7052520493666492,-0.0014614563948865539,0.04574416732678774,0.20129199704446507,-0.0018926604242788655
2.034,2.0809312450001016,0.0014706488673635661,2.2779852322971443,0.148152274450528,0.03039897855013155,-0.03197269802983344,0.7075752061621673,0.7052595099028217,-0.0014655666448471654,0.04603488944435195,0.2016777190451178,-0.0019299313831828892
2.036,2.0830427640030393,0.00146772106719411,2.278078209707899,0.14855573474574843,0.030258168924169014,-0.031831020467962254,0.707580262817323,0.7052669005565855,-0.001465050119185981,0.046487053961783556,0.20172918209326896,-0.0018461050924394944
2.038,2.085001020001073,0.0014648035799511815,2.2781721036449833,0.14895924243661157,0.030116996094924735,-0.03168918122460318,0.7075853964038279,0.7052741801140677,-0.0014599070511736381,0.04694533479077749,0.20175290177166824,-0.00171994835187364
2.04,2.0870857940026326,0.0014619075936471342,2.2782671994399797,0.1493621277654843,0.029976039270681522,-0.03154747257595248,0.7075906201938107,0.705281297254826,-0.001449038968651797,0.04754620881989329,0.20144158336573648,-0.0015389043841492539
2.042,2.088976058003027,0.0014590393818540714,2.278363179910689,0.1497650017620224,0.029834606659882214,-0.03140581273054141,0.7075959474252792,0.705288271814799,-0.0014354057582998793,0.047988475401206335,0.20143555828909518,-0.0013770699330030891
2.044,2.0909991310036276,0.0014562070038376578,2.2784603203624654,0.15016721634630412,0.02969340029507799,-0.03126431714308381,0.7076013775994398,0.705295069365913,-0.001417335214065278,0.04856840317903666,0.2011057346874113,-0.001177197042811881
2.046,2.093040853003913,0.0014534124751106729,2.2785582986769044,0.15056940278496134,0.02955174126017893,-0.031122841788533032,0.7076069222847412,0.7053017133413285,-0.00139844295845049,0.04898730772481272,0.20109160057507813,-0.0010022938495185814
2.048,2.0951029479983845,0.0014506618062276057,2.2786573912672967,0.15097091293265497,0.029410345983125093,-0.030981509431532144,0.7076125726502206,0.70530817707569,-0.0013764173859815189,0.04954444686604207,0.2007534941229999,-0.0007964044642976743
2.05,2.0973042440018617,0.0014479547345938996,2.2787572768490154,0.1513723821486236,0.029268535269946046,-0.030840180373117126,0.7076183350739799,0.7053144887104151,-0.001354627190080339,0.049940942180890686,0.20073299202450273,-0.0006221605381521056
2.052,2.0990469270036556,0.0014452958967919017,2.2788582338368233,0.1517731568529401,0.029127055086310798,-0.03069897549196675,0.7076241957068085,0.7053206258263226,-0.0013304708627021435,0.05047668605638511,0.20038589793553432,-0.0004230554293353584
2.054,2.1011076900031185,0.0014426836587095922,2.2789599414902746,0.1521738766472631,0.028985216860856984,-0.03055776537075677,0.7076301569839811,0.7053266201596967,-0.001307223793489329,0.05085200990648495,0.20035842570989243,-0.0002615581826889797
2.056,2.1030643850026536,0.0014401218500552752,2.2790626800929683,0.1525738823233425,0.028843776953271165,-0.03041668431734207,0.7076362003741555,0.7053324533624108,-0.0012820011287758006,0.05136751170399222,0.200001511746009,-8.157176281451779e-05
2.058,2.1050934230006533,0.0014376083524797337,2.279166129121262,0.15297381780248037,0.028702037762254794,-0.030275607306011025,0.7076423272126867,0.7053381581678103,-0.001257872799366827,0.05172267080439071,0.19996596643963682,6.437739760313475e-05
2.06,2.107109239004785,0.001435146684530154,2.279270570217709,0.15337301898627503,0.028560768143208858,-0.030134676076122805,0.7076485168813336,0.7053437178968182,-0.001231994544093798,0.052218713465910144,0.19959895451890314,0.00021996040267132573
2.062,2.108974398004648,0.0014327344104756732,2.2793756823029163,0.15377213272355092,0.028419257113486775,-0.029993762363616065,0.7076547762470127,0.7053491601321881,-0.001207331291396937,0.052554177740021024,0.19955509453946912,0.0003455044301271761
2.064,2.1111225729982834,0.0014303737377453249,2.279481748146783,0.15417049163549185,0.02827829929730975,-0.029853004738854893,0.7076610782478925,0.7053544741687997,-0.0011815737299825022,0.05303109396865995,0.1991778093514511,0.00047771758302960876
2.066,2.1129919450031593,0.0014281394669088828,2.279588784722411,0.15456818539442868,0.028136136426055336,-0.02971791650050492,0.7076673217640204,0.7053595997597407,-0.0011184138335474509,0.053516454937898666,0.1988451781169808,0.00037353008516295537
2.068,2.115067762999388,0.001425905614472907,2.279696664613016,0.15496508477446516,0.027997462187970418,-0.02957964787822933,0.7076737010730006,0.7053645294116189,-0.0011181993495935842,0.05393809099312978,0.19844798803228192,0.0008005836619911222
2.07,2.11721706300159,0.0014237799364290242,2.279805400131429,0.15536132833597355,0.027858039898043106,-0.029446041698443753,0.7076800581324774,0.7053692618500935,-0.001064308472217612,0.054365757934083256,0.19811985373640287,0.0007712789896033787
2.072,2.1191785210030503,0.001421655170052302,2.279914865698333,0.15575680875243633,0.027721463238171318,-0.02930926974605524,0.7076865396389905,0.7053738362008328,-0.001063797191555132,0.05473078589792122,0.19773828246115652,0.001142856612566379
2.074,2.1210350680048577,0.0014195686136854193,2.280025319086852,0.1561509214605486,0.02758581622488888,-0.029171844660941464,0.7076930651313128,0.7053783040236863,-0.001044698868507319,0.055224683255256056,0.19705440531660381,0.001293949643455766
2.076,2.123225747003744,0.0014175339311384284,2.2801364139768503,0.1565443690333986,0.027449304014978193,-0.02903455955674063,0.7076995969980536,0.7053827404106452,-0.0010184585412287533,0.055545355267735276,0.1967215705789693,0.0012914286860237797
2.078,2.1250723720004316,0.0014155537276656113,2.2802484148649955,0.1569365059832647,0.02731294925269548,-0.028897356377515476,0.7077060970233467,0.7053871460648343,-0.000991010294786987,0.05599836036251442,0.19606618943792442,0.001292446607170751
2.08,2.1274470999996993,0.00141362284099396,2.28036098089558,0.157328032386008,0.027176185794526745,-0.028759917238886205,0.7077125784003904,0.7053915426626158,-0.0009663909102485006,0.05628092559265706,0.19576089505166902,0.001280078049053324
2.082,2.1289865110011306,0.0014117378095352246,2.2804743818906354,0.15771829963995018,0.027039895505306305,-0.028622397979649362,0.7077190234643964,0.7053959074247296,-0.0009434256465652771,0.05669844683618016,0.1951313839070941,0.001292613704042613
2.084,2.1325030389998574,0.0014098993165281154,2.280588280172443,0.15810801199861632,0.02690325439272409,-0.028484743318075406,0.7077254458064396,0.7054002606033402,-0.0009201786864309414,0.05694706136289395,0.19485386485730438,0.001278270449998004
2.086,2.13306735700462,0.001408105766775304,2.280702948903817,0.15849651283805694,0.026767138313663397,-0.028347133636182242,0.707731825222812,0.7054045817032214,-0.0008976053750786239,0.05733235264595809,0.19424819958308537,0.0012847626755186404
2.088,2.1352586060020258,0.0014063572140281802,2.280818051571698,0.1588845091927998,0.026630748966539674,-0.028209477855144376,0.7077381747068241,0.7054088918005458,-0.0008747308760898402,0.05754931431789468,0.193995812047612,0.0012573251475996173
2.09,2.1372069740027655,0.0014046520510095826,2.2809338635366037,0.15927133691702056,0.026494978515241418,-0.028071947506192324,0.7077444760678412,0.7054131686268291,-0.000853091267338626,0.05790399855959529,0.193411568525687,0.0012625062518810824
2.092,2.1391440810039057,0.001402992984521306,2.2810500493171064,0.15965770417980732,0.026359010412972783,-0.02793444552790507,0.7077507275830367,0.705417448698839,-0.0008297042003859993,0.058090933577888096,0.19318126679943548,0.0012096510985201215
2.094,2.140920833000564,0.001401373691620955,2.2811668868318686,0.16004293867615074,0.026223783028744008,-0.027797113706040138,0.7077569348306478,0.705421685853505,-0.0008098073024620258,0.05841684590385573,0.19261496102148454,0.0012250123499780352
2.096,2.1429996420047246,0.0013997985298307794,2.281284041392535,0.16042775183650684,0.026088430674810866,-0.0276598839620819,0.707763087617264,0.7054259255305313,-0.0007877689020567312,0.058575347507768466,0.1924042601070178,0.0011784763803165674
2.098,2.1449693540052976,0.0013982601769947662,2.2814017929354025,0.16081146380963302,0.02595390004042227,-0.02752290433211022,0.7077691975900758,0.7054301154278272,-0.0007693149699055086,0.05887388714387491,0.19185373151384869,0.0011999935531551316
2.1,2.1470639820036013,0.0013967648197361657,2.281519513849139,0.16119547668230622,0.025818677498378104,-0.02738586666871693,0.70777525129724,0.7054343370223531,-0.0007476149428018534,0.05885852547830596,0.19200432943807327,0.001116923612815935
2.102,2.1488895270013018,0.001395298445984447,2.2816375227685883,0.16157906861395166,0.025684116515596198,-0.02724878714332277,0.7077812828503302,0.7054385057570731,-0.0007331020725559373,0.059002567461855136,0.19179389563778326,0.0011578065486701787
2.104,2.1508348479983397,0.001393867771234264,2.281755523554424,0.16196292259315168,0.025549380409444586,-0.027111738491777844,0.7077872700013509,0.7054426718172653,-0.0007153537007533667,0.05899851523118343,0.19192496677404053,0.0011223000973533117
2.106,2.1528632400004426,0.0013924672850729783,2.2818738409858046,0.16234629142038162,0.025415481361385762,-0.02697500102510832,0.7077932229384367,0.705446777715573,-0.0007002425154836683,0.059156876044763926,0.191682442775218,0.001155615668648135
2.108,2.154886428004829,0.0013911028724478613,2.2819921758481265,0.1627298493970688,0.02528159485098035,-0.026838572351978895,0.7077991197498771,0.7054508757363603,-0.00068222646187063,0.059165566433957824,0.19177695890234214,0.001114033876738359
2.11,2.1570036679986515,0.001389767551914868,2.2821108464901356,0.16311284416515395,0.02514874965436945,-0.026702670528598857,0.7078049749781085,0.7054549065487478,-0.0006675942935290358,0.059333520351001236,0.19149541524801864,0.0011475613380389587
2.112,2.158973055004026,0.0013884675483912703,2.282229546115222,0.16349595802957811,0.025016079077798525,-0.02656725006849869,0.7078107690416523,0.7054589231415506,-0.0006499124958638454,0.0593480021085302,0.19155491143371592,0.001107319701643896
2.114,2.4836356439991505,0.0013872016650276816,2.282348586462948,0.16387844265155266,0.02488438488566941,-0.02643272684920897,0.7078164949463684,0.7054628890466279,-0.0006328543717721882,0.059518406234769436,0.1912403533544865,0.0010984608542493825
2.116,2.485483409000153,0.0013859752898179542,2.282467058716187,0.16426240856819554,0.024751566484794308,-0.026298373875685635,0.7078221317373571,0.7054669271559276,-0.0006132054706391223,0.059234316902821674,0.19198100546522986,0.0009497977666497331
2.118,2.4876205820037285,0.0013847783361908236,2.2825853462708836,0.1646470298535615,0.024619166576028566,-0.026164411560868885,0.7078277013983725,0.7054709528661487,-0.0005984833885666462,0.0591420085407564,0.19230869899209643,0.0009127314871455845
2.12,2.489507712998602,0.0013836100027780633,2.282703807266556,0.16503149402950734,0.024488076182122183,-0.026031183469031226,0.7078332108326125,0.7054749161058064,-0.0005841142184080669,0.059228757692979334,0.19223015078284425,0.000930071921965267
2.122,2.4914314670022577,0.0013824763904973208,2.282822459202922,0.1654157192056881,0.024358116774021714,-0.025898879962142074,0.707838647229937,0.7054788300520596,-0.0005666399972167194,0.05932429389827771,0.19211074433284864,0.0009209333414093427
2.124,2.4934713460024795,0.001381380429191878,2.2829416010529933,0.16579892694058548,0.024229882295888534,-0.025767875460110418,0.7078440012530014,0.705482671146741,-0.0005477838934891104,0.05956928165677522,0.19160208838932105,0.0009269872527625943
2.126,2.4954186200047843,0.001380327754416617,2.2830608954774,0.16618182152836256,0.024102367594551675,-0.02563792156983901,0.7078492576008024,0.7054864997772167,-0.0005262759778120772,0.05964557045004403,0.19144549949811263,0.0008587951120754489
2.128,2.497488629000145,0.0013793149442707527,2.2831806255186846,0.16656365274527973,0.023976364476777555,-0.025509189611232597,0.7078544198319706,0.7054902802421867,-0.0005063197310317863,0.05986341947717831,0.19091389896324806,0.0008355081848737181
2.13,2.7038598360013566,0.0013783447260695089,2.283300449481744,0.16694514917494674,0.023850943206238016,-0.025381329431987586,0.7078594848229344,0.7054940611873692,-0.0004850275647771945,0.05991035755902239,0.1907464705057549,0.0007601789344111722
2.132,2.705573564999213,0.0013774164528076996,2.283419756340114,0.16732774087094426,0.02372489269622908,-0.025253683602262628,0.7078644546972405,0.705497905530022,-0.00046385471121791186,0.05965184128015326,0.19129412518754135,0.0006291475090285443
2.134,2.707539800001541,0.0013765219120106917,2.2835389150767464,0.16771059530087437,0.023599638575604383,-0.02512643676790103,0.7078693555663313,0.7055017325879194,-0.00044708480227480496,0.059577844627570195,0.19142551687757955,0.000602253614698961
2.136,2.709543010998459,0.001375659866954895,2.283658269481243,0.1680928929827381,0.02347590981421868,-0.02499999931246867,0.7078741932058626,0.7055054984094173,-0.00043080514372255375,0.05967571387439473,0.19114721634119156,0.0006190105310850841
2.138,2.711572199004877,0.0013748344646973406,2.2837781175249434,0.1684738407624279,0.0233541073863345,-0.024874833774877824,0.7078789578789865,0.7055091844228677,-0.0004124334119638822,0.05992255841212012,0.19047233399787092,0.0006415116313217212
2.14,2.713634849002119,0.0013740512657631088,2.2838981116756285,0.1688541636834008,0.023233087258571643,-0.024750741163132303,0.7078836303044701,0.7055128563075769,-0.0003913845570754555,0.05999558293303363,0.19015986352761685,0.0005807346381565592
2.142,2.7154841200026567,0.0013733068894648255,2.2840185247008162,0.16923310796009955,0.023113632893311996,-0.02462789571825744,0.7078882142478115,0.7055164795070404,-0.00037174626286032753,0.06020510054961083,0.18947055495781545,0.0005640965168594283
2.144,2.717481008003233,0.001372603562332258,2.2841390022345025,0.16961143691538869,0.0229947424028956,-0.024505914920973256,0.7078927095511017,0.7055201015705433,-0.0003512962696176196,0.060237381393873704,0.1891628217130502,0.0004959000292774399
2.146,2.7194932970014634,0.0013719366870667848,2.284259820408801,0.16998840008825822,0.02287724045121311,-0.024384972246164087,0.707897125016596,0.7055236816657035,-0.00033312896798948357,0.06040776501539294,0.18848001746845,0.0004790720915484093
2.148,2.721601928999007,0.001371308391616156,2.284380629700868,0.17036476658630686,0.022760142892777172,-0.02426471852965895,0.7079014593615666,0.7055272660669758,-0.00031385566267845436,0.06040330256988437,0.18818167146569562,0.00041263941751773877
2.15,2.723508691000461,0.0013707139534336462,2.2845017124084386,0.17073977936122062,0.022644324348715238,-0.024145360485190222,0.7079057229293624,0.7055308098061256,-0.0002968274020618111,0.06054006043837831,0.18750485515084786,0.00040302570276933345
2.152,2.725731844002439,0.0013701554526533632,2.284622724072594,0.1711142107926234,0.022528811055568,-0.024026590103113792,0.7079099135669472,0.705534357713412,-0.00027876357355199676,0.060504617888970255,0.18721397144720556,0.0003434664119837783
2.154,2.7277554700049222,0.001369628829650125,2.284743952397911,0.17148729772838245,0.02241451049848132,-0.023908653547048565,0.7079140394323095,0.7055378648799163,-0.00026285181645075307,0.06061300563410983,0.1865417861136326,0.00033655650328512284
2.156,2.7296314660052303,0.001369135925732077,2.284865056191251,0.1718598161840364,0.022300460526938386,-0.0237912530371607,0.7079180952454431,0.7055413780660009,-0.00024601043938923014,0.060550719829057444,0.1862575536910491,0.0002767568738961064
2.158,2.7316371320048347,0.001368672166435205,2.2849863265942734,0.17223099686013424,0.02218759384913983,-0.0236746458695044,0.707922089064652,0.7055448516121975,-0.00023132666843670834,0.06063406450268064,0.1855886720542794,0.0002723788768042276
2.16,2.733817601998453,0.0013682405280245223,2.2851074246384266,0.17260162102943413,0.022074953228164024,-0.023558551173447143,0.7079260181374368,0.7055483285719384,-0.00021521368599039577,0.060547987428635375,0.18531006061897,0.00021918218448263523
2.162,2.735828217002563,0.0013678359678168015,2.285228644251285,0.17297091334596695,0.021963481532679366,-0.02344325443897078,0.7079298885206815,0.7055517643939163,-0.00020165813904842925,0.06060880829871596,0.18464419368888743,0.00021723064431423543
2.164,2.7376783530053217,0.00136746093043972,2.2853496477960538,0.17333965955525654,0.021852223327321254,-0.023328470309348443,0.7079336956653071,0.7055552036165128,-0.0001869175514829808,0.06050075164488171,0.1843711099448486,0.0001638899266666035
2.166,2.7397041360018193,0.0013671096830658713,2.285470730840018,0.17370707948960779,0.021742138990240658,-0.023214484639427845,0.7079374442891013,0.7055586028590894,-0.0001749622338150859,0.060540605042818725,0.18370773820904568,0.00016166636893567198
2.168,2.7418846639993717,0.0013667854287919817,2.285591557078039,0.17407396229269748,0.021632265876556322,-0.02310102949255655,0.7079411315451923,0.7055620042037004,-0.0001613481254182319,0.06041221933748447,0.18343889405967895,0.00011146438986592035
2.17,2.7438840820032055,0.0013664823645934822,2.285712423736908,0.17443952258150447,0.02152358878422747,-0.02298838584925269,0.707944764346036,0.7055653618743828,-0.00015073499808614766,0.06043245638794311,0.18277768050823948,0.00011431634184229488
2.172,2.7458469980047084,0.0013662037315906026,2.2858329939332953,0.17480455504289513,0.021415117801389025,-0.022876281300270897,0.7079483362935814,0.7055687221118673,-0.00013821772465958678,0.060284277857662674,0.18251381659238616,5.783395300101143e-05
2.174,2.747727918002056,0.0013659428982403057,2.2859535667054565,0.1751682695870126,0.021307868486233627,-0.0227649953851805,0.7079518497882735,0.7055720431728058,-0.00012947103504705543,0.06028555341239223,0.18185426241272334,5.9535667372810747e-05
2.176,2.749904771000729,0.0013657010353930652,2.2860738051496683,0.17553146195546224,0.021200831214527212,-0.022654256423002447,0.7079553081879156,0.7055753616944738,-0.00011968084243773995,0.06011839378980472,0.1815932767086924,1.3330965905674093e-05
2.178,2.7518425509988447,0.0013654734428587938,2.286194010779653,0.1758933390204819,0.021095053628809018,-0.02254433550590185,0.7079587125599555,0.7055786369777965,-0.00011245272551371085,0.060101942113389775,0.18093525798895377,1.7591005119476865e-05
2.18,2.75374008500512,0.0013652615119123866,2.286313846714607,0.17625470112600508,0.020989499743291323,-0.02243498258809821,0.7079620624484,0.7055819092002047,-0.00010534424197588398,0.05991678452141799,0.18067728378467635,-2.971599239723293e-05
2.182,2.755664825999702,0.0013650566909637445,2.286433614565731,0.17661474819768866,0.020885282886155442,-0.022326430232137755,0.707965350972136,0.7055851453189438,-0.0001016719652728664,0.05988277209167211,0.18001985416715133,-3.338696174528292e-05
2.184,2.757694721003645,0.0013648628206077732,2.2865529772683018,0.17697428618086772,0.020781307297719032,-0.022218466291110905,0.7079685829177037,0.7055883804486628,-9.556089271429778e-05,0.05967998149079095,0.17976492663797158,-7.478378085310706e-05
2.186,2.7597152650050703,0.00136467642328393,2.286672238280556,0.17733250967345804,0.020678683012992614,-0.02211133391253972,0.7079717597375622,0.7055915733592314,-9.361918736210445e-05,0.05962902220009533,0.17910708898419805,-8.492067032787045e-05
2.188,2.7617592250026064,0.0013644945196876687,2.2867910614841516,0.17769022548489846,0.0205764214224274,-0.022004728808010503,0.7079748729424978,0.7055947718581725,-9.070714792286143e-05,0.05941007025534305,0.17885308005600528,-0.00013152691835890907
2.19,2.7637361160013825,0.0013643192167158407,2.286909752212414,0.17804662412922279,0.0204755200297364,-0.021899024556353962,0.7079779286717033,0.7055979296431619,-8.740085963856267e-05,0.059343883684294066,0.1781945998144744,-0.00013206298211332985
2.192,2.7657612129987683,0.0013641573186665957,2.287027975084355,0.17840252467616746,0.02037473443818834,-0.021794128106289248,0.7079809307650466,0.7056010826591171,-8.097241825842888e-05,0.059109824500044886,0.17794584737866115,-0.00018285003246842655
2.194,2.767829825002991,0.0013640076703642754,2.2871460368587813,0.17875711459675067,0.020275130598767194,-0.02169033226466012,0.707983885454485,0.7056041854341726,-7.48308478525064e-05,0.05902932019358285,0.17729066245411015,-0.00017691314872902644
2.196,2.769647540000733,0.001363634518331817,2.2872637648739045,0.1791109007376847,0.02017473207695857,-0.021590989134541196,0.7079858033544528,0.7056081856259643,-0.00018654618790760294,0.058862442984857134,0.17688877974104714,-0.0016508976999069678
2.198,2.773488315004215,0.0013632917822810156,2.2873812682757397,0.17946337004356935,0.020076076609267135,-0.02149189161642078,0.7079880037865862,0.7056118169624229,-0.00017141635032649673,0.058750147463282845,0.17623040649793162,-0.0011579390834101713
2.2,2.7737742110039108,0.0013627494224948676,2.2874982789681177,0.17981510502646583,0.019977763945178816,-0.021394804276128273,0.7079897115136994,0.7056158442725659,-0.0002711667645867264,0.05850380552813659,0.1758633044918436,-0.0018187157790796689
2.202,2.7759319489996415,0.0013622365819460401,2.287615011798103,0.1801655546013236,0.0198817537926194,-0.021297131122890122,0.707991816548098,0.7056193986654481,-0.000256462916113312,0.05836488480129276,0.17522067513039744,-0.001142768117438671
2.204,2.7779989640039275,0.001361537371869604,2.2877316152633123,0.18051442593046393,0.01978715241554607,-0.021202897345836674,0.7079943891930088,0.7056223144251069,-0.00034962535605843615,0.05830021723735853,0.17443160174577454,-0.00039918716278219377
2.206,2.779865206000977,0.0013608791317092977,2.2878478361203394,0.1808621051991312,0.01969404891056363,-0.02110758392798575,0.7079971943499608,0.7056249620944649,-0.0003291846419009285,0.05810890176809397,0.17383557200777391,8.080065731973284e-06
2.208,2.7818326210035593,0.0013600383668923807,2.2879638273427756,0.18120828864018293,0.019601728009396115,-0.02101583187278606,0.708000334521553,0.7056271206431266,-0.00042087197515114957,0.057994179306998794,0.17308807010667665,0.0005411692567026739
2.21,2.7840245609986596,0.0013592370261354212,2.2880793422410024,0.18155337865482432,0.019510470864106247,-0.020922977483202442,0.7080036102560249,0.7056291224179551,-0.0004011761032026237,0.05775599360674929,0.17254134550726144,0.0007918992459439675
2.212,3.1068887850051397,0.0013584699788824752,2.288194668845144,0.18189661730678044,0.019420976212031347,-0.02082984645264202,0.7080069606759628,0.7056309848739046,-0.0003840221878032165,0.05766187544716519,0.1716157294825225,0.0009856086310110579
2.214,3.1087315670010867,0.0013577584776797557,2.2883085215100682,0.18224134552614094,0.01932899251288155,-0.020735776757894613,0.7080103083594196,0.7056329221822657,-0.000356256892551823,0.05692480693212288,0.17236035208882955,0.0008967893718678697
2.216,3.1105299750051927,0.001357090787624608,2.288421328832254,0.18258662888223984,0.01923669331768722,-0.020641446039132205,0.7080136348034215,0.7056348724858078,-0.0003343508394909706,0.05640218675652962,0.17263804180673892,0.0008711583165293255
2.218,3.1125713139990694,0.0013564622085705134,2.2885335003213423,0.18293153892822325,0.01914529698974026,-0.020547411451919434,0.7080169408643892,0.7056367854178467,-0.0003147986084457983,0.05608431328137668,0.17245150449211574,0.0008962788284446608
2.22,3.1144541399989976,0.0013558740125006567,2.2886453923998755,0.18327516265351873,0.019055556137780715,-0.020454337860978694,0.7080202139159704,0.7056386345214755,-0.00029459920431274396,0.05594463831890025,0.17180842602874183,0.0009339301539388237
2.222,3.11649968400161,0.0013553307375784099,2.2887569923837803,0.18361748189562796,0.018967137914955207,-0.02036245210012026,0.7080234314029319,0.7056404458420756,-0.0002721362816441392,0.05579859048915426,0.17115619235901364,0.0009259140577948103
2.224,3.118382033004309,0.001354831234912486,2.2888685752913855,0.18395769458956973,0.018880713686233067,-0.020272139462701892,0.7080265811467438,0.7056422035294918,-0.00025024140928933225,0.05579007965151593,0.17010297391351242,0.0009269334793713434
2.226,3.1206139480054844,0.0013543792091406572,2.2889797532365486,0.18429671172031153,0.01879491092016003,-0.020182944898263732,0.7080296522017329,0.705643969478823,-0.00022650411512330194,0.05558757962853562,0.16950519576810796,0.0008569836407468541
2.228,3.3236620480020065,0.0013539679555199,2.289090790414332,0.18463376238707474,0.018710699671100176,-0.020095036749412105,0.7080326504549111,0.7056457079198108,-0.00020612098145391752,0.05551724045809633,0.16852210485934196,0.0008330480257135297
2.23,3.3253752930031624,0.0013536022171082725,2.289200371030897,0.1849722824069229,0.018624301913278515,-0.020006821113830352,0.7080355714538809,0.7056475692887624,-0.00018339805112809946,0.05478884903066552,0.16925657205746714,0.0006529619989255291
2.232,3.3273653350042878,0.0013532630629225083,2.289308907437055,0.18531132899657748,0.018538158687728283,-0.019918561916558886,0.7080384423363845,0.7056494538632557,-0.00017010191488442666,0.05426678235895003,0.16951992765547608,0.0006071540874314117
2.234,3.32932132499991,0.0013529464470713732,2.289416796389054,0.18564996302957493,0.01845337919239481,-0.019830752503045914,0.7080412821181942,0.705651299770622,-0.00015885421648395204,0.053943097420277926,0.16931373811085176,0.0006312959866641828
2.2359999999999998,3.3313068870047573,0.0013526560544071995,2.289524384141939,0.18598726191689172,0.01837055681126731,-0.01974406792142774,0.7080440804407527,0.7056530837296519,-0.00014577221023625046,0.053792559996112856,0.16864636155277687,0.0006637824984268198
2.238,3.3334417970036156,0.0013523988837940114,2.289631338012259,0.18632405907698524,0.018288359818817393,-0.019658366439063293,0.708046815462899,0.705654867224008,-0.00012918972242324532,0.05347559860628706,0.1683954847997404,0.000613504183774636
2.24,3.335341541998787,0.001352170255135471,2.2897379725446765,0.18665948908221244,0.01820787197328745,-0.01957402402316373,0.7080494823722139,0.7056566172680485,-0.0001149299524566708,0.05331596247424789,0.16771197422324097,0.0005978088882768553
2.242,3.33738372100197,0.0013519723587364792,2.2898439396613597,0.18699443178724104,0.018127847596884135,-0.01949059878285937,0.708052079705467,0.7056583806101596,-9.960736990992957e-05,0.05298224481634693,0.16746835365868898,0.0005314041110533338
2.2439999999999998,3.339343102001294,0.0013517987001207695,2.289949551039516,0.1873280256907922,0.01804940584224592,-0.019408366050242355,0.7080546154945023,0.705660113477398,-8.744571105908966e-05,0.052804428765553066,0.16679407664920454,0.0005191056177821933
2.246,3.341502903000219,0.0013516518019618994,2.2900544605240025,0.1876611562716096,0.01797133011001724,-0.01932687836961389,0.7080570914388504,0.7056618583498178,-7.407621831794234e-05,0.0524534676989662,0.166562414480256,0.00046196465978781475
2.248,3.3435369100043317,0.001351525677887992,2.2901589844355588,0.18799295646785716,0.01789475893897414,-0.019246454000325267,0.7080595150520969,0.7056635705172253,-6.369012564401248e-05,0.05226072162942038,0.16589731933147012,0.0004582007017508238
2.25,3.3456429639991256,0.0013514227640960999,2.2902627799574704,0.1883243153162861,0.01781846086304285,-0.019166694106343165,0.7080618837135663,0.7056652953925834,-5.204889666675566e-05,0.05189651337490689,0.16567663200565647,0.00040406458876550996
2.252,3.3474690380026004,0.001351337210296274,2.2903661675265328,0.1886543600186685,0.01774360258290373,-0.019087943244794986,0.7080642024515389,0.7056669895897991,-4.333251218474037e-05,0.051692589413385025,0.1650196675917031,0.00040046109419477786
2.254,3.3494164270014153,0.0013512721610685254,2.2904688067584873,0.18898398287648918,0.017668964357160137,-0.019009806488095204,0.7080664699318727,0.7056686964249208,-3.309080911583495e-05,0.05131840670926987,0.16480872552566342,0.00034853615721111943
2.2560000000000002,3.35142522300157,0.00135122163258934,2.2905710211916843,0.18931230518299424,0.017595731987807766,-0.018932642939739883,0.7080686895106313,0.7056703736035875,-2.574591106481506e-05,0.051106067154641756,0.16415853251196175,0.0003459286959095231
2.258,3.353431333998742,0.001351188866233373,2.2906724719423677,0.189640223184384,0.017522691187680666,-0.018856066801484498,0.7080708598760131,0.7056720636618417,-1.7053602164158357e-05,0.050724254748382894,0.16395659801086013,0.0002943170206317524
2.26,3.3559150580040296,0.0013511698764939492,2.2907734841474445,0.1899668488394077,0.017451077825141527,-0.018780442060069548,0.7080729878721584,0.705673719734952,-1.009549022227166e-05,0.05050503475956148,0.163310522620061,0.00029938395363309227
2.262,3.35757050900429,0.0013511693816299695,2.290873720631197,0.1902930834479879,0.017379634089453068,-0.018705412158166488,0.7080750749097119,0.7056753815788925,-8.533151864808687e-07,0.05011715057996846,0.16311496738178044,0.0002591633414057952
2.2640000000000002,3.3595801289993688,0.0013511834123594918,2.290973509488183,0.19061803480169226,0.017309584727020343,-0.01863135703266156,0.7080771304885123,0.705676999831264,6.498966842329156e-06,0.04989338232481778,0.16247338001834769,0.00027773736436251175
2.266,3.3615261840022868,0.0013512170480429945,2.2910725133639342,0.1909426096270877,0.017239682338054785,-0.018557900070593047,0.7080791593538023,0.7056786108326267,1.6349326886545985e-05,0.04950087955908664,0.16228507073980616,0.0002568412941344058
2.268,3.3635923190013273,0.0013512655747626567,2.2911710606977684,0.19126590965548862,0.017171166804215248,-0.01848543239571744,0.7080811696203654,0.7056801662571939,2.4247581301246708e-05,0.04927273337592946,0.16164793374123967,0.00029500110793602484
2.27,3.3655609490015195,0.0013513301195124698,2.2912688139736668,0.1915888450743568,0.017102788415308545,-0.01841357674291225,0.7080831551001943,0.7056817131563695,3.226171088489201e-05,0.04887567849544536,0.1614656116030615,0.0002755883381081857
2.2720000000000002,3.3675931730031152,0.0013514039380374708,2.291366103763436,0.1919105117064701,0.017035820617715438,-0.018342702083492604,0.708085119390534,0.7056832078162627,3.6899270559601734e-05,0.04864395743891877,0.1608312585269499,0.0003068239085448706
2.274,3.3695626500048093,0.0013514896227739956,2.2914625937509143,0.1922318246423197,0.016969012991300166,-0.018272405493339083,0.7080870560896514,0.7056846978600847,4.283233042561734e-05,0.048244034766783135,0.16065437870934085,0.0002837119252655713
2.276,3.371520025000791,0.0013515805669146344,2.2915586149278133,0.19255187623312087,0.016903619897426805,-0.018203079886930953,0.7080889666668088,0.7056861418518322,4.546236568605998e-05,0.04800965206318625,0.16002374529192345,0.0003072568525563464
2.278,3.373640948004322,0.001351679718061635,2.291653830330898,0.19287158750500077,0.016838366434945906,-0.0181343315729054,0.708090845435413,0.705687586715799,4.956567003116222e-05,0.047606743556940674,0.15985355388032374,0.0002769757102825076
2.2800000000000002,3.3756665170003544,0.001351781150216076,2.291748571869031,0.19319004576862134,0.01677451451731677,-0.018066548725566265,0.7080926944787223,0.7056889906366105,5.0706585042024725e-05,0.047369833926358476,0.15922708892493473,0.00029414901700747264
2.282,3.378840887999104,0.0013518881392317731,2.291842502530729,0.19350817687235758,0.016710782495279315,-0.01799932948116951,0.7080945102306795,0.7056903984523228,5.34847000252031e-05,0.04696437404765621,0.15906347691579784,0.0002606098910282294
2.284,3.3794662750005955,0.001351994362725001,2.291935955279576,0.19382506382405848,0.016648436082267862,-0.017933068617201935,0.7080962950127311,0.7056917681362229,5.310246030989485e-05,0.04672544068665644,0.15844144010908942,0.00027467936968343675
2.286,3.381487598999229,0.001352103458683696,2.2920285930060187,0.1941416366894023,0.01658618036588143,-0.017867361817589574,0.7080980458920496,0.7056931439417636,5.453827398387713e-05,0.0463179077992326,0.1582843647871164,0.0002388226130623182
2.288,3.383602729998529,0.0013522095757535313,2.2921207498888734,0.1944569736400643,0.016525302795547606,-0.01780259977918319,0.7080997661873073,0.7056944827147923,5.3049413094551174e-05,0.046077509279132685,0.15766644672429245,0.0002524149240869918
2.29,3.3856458000009297,0.001352316910041733,2.29221208868603,0.1947720103939973,0.016464500205311372,-0.017738373572312376,0.7081014545245344,0.7056958271353437,5.365754712393751e-05,0.04566844472059393,0.15751631607334116,0.0002183441693298865
2.292,3.387610335004865,0.0013524198126674018,2.2923029449669676,0.195085819831931,0.016405070923093477,-0.017675080933449657,0.7081031147226997,0.7056971333950675,5.1442327425651214e-05,0.04542721006311774,0.1569026974477305,0.00023449642846714254
2.294,3.3894814779996523,0.0013525222827034792,2.292392981686807,0.19539934249331853,0.016345695034495816,-0.017612318960480877,0.7081047441812687,0.7056984453310449,5.122557696879476e-05,0.04501740783648593,0.15675927678803755,0.00020102316071751833
2.296,3.3914618940034416,0.0013526188999948654,2.2924825352689338,0.19571164595398124,0.016287673454965575,-0.017550480197125514,0.7081063477054764,0.7056997184904396,4.8300015243126465e-05,0.04477586242783658,0.15614971666826655,0.00021893971348579665
2.298,3.39347588000237,0.0013527135394465982,2.292571268714875,0.19602367554965658,0.016229683653167022,-0.017489159675468963,0.7081079227109861,0.7057009964966013,4.731045264666289e-05,0.04436577282205521,0.15601275097020187,0.00018749986462225993
2.3,3.395765493005456,0.0013528005209890335,2.292659519894589,0.19633449406164113,0.016173037402415356,-0.017428756336580555,0.7081094734258009,0.705702235336105,4.3487213446250074e-05,0.044124659895668765,0.15540726746320213,0.00020670049458783999
2.302,3.397526200998982,0.001352652242483023,2.292747023410587,0.19664472213119008,0.016115414587059004,-0.017372131464606637,0.7081102192707028,0.7057042013658844,-7.413030835725796e-05,0.04375081325631613,0.15511204249858626,-0.0009543364299126196
2.304,3.39964692400099,0.0013524896987266036,2.2928340195789354,0.1969537315475822,0.01605991564865097,-0.01731539146931707,0.7081111843420714,0.7057058926615899,-8.12738722956815e-05,0.04349715206403734,0.15450273729935757,-0.000566350148418668
2.306,3.401716790998762,0.0013520518505269101,2.292920323266874,0.19726215415231355,0.016004636783246626,-0.017261586343099104,0.7081112094384273,0.7057084414303146,-0.00021891526908098316,0.0431509001075136,0.15420931757191703,-0.0018801826875886763
2.308,3.4036108310028794,0.0013516093586019282,2.2930060700035995,0.19756941514881599,0.015951638065518598,-0.017206772719847836,0.708111601890781,0.7057105862060357,-0.00022124875926464926,0.04287243668885034,0.15362853258416945,-0.001279384816487694
2.31,3.4057774120010436,0.0013510155983621247,2.293091419137814,0.19787515974734365,0.0158968932002292,-0.0171581832497291,0.708112193381264,0.7057124110563203,-0.00029687559481005656,0.042673645739068206,0.1528703713564209,-0.0010418661436449592
2.312,3.7242988319994765,0.0013503825745098431,2.293176117486912,0.19817990421232923,0.015846439441827904,-0.017105010929854336,0.7081131105308738,0.7057139162949791,-0.0003165139104269645,0.04234824153548689,0.15237027901839684,-0.0004391011813503798
2.314,3.7260890990000917,0.0013497638757099303,2.293259191491411,0.19848648987668088,0.01579413022960278,-0.017049504516424667,0.708114255653529,0.7057152830896347,-0.0003093518654868344,0.04153600549866807,0.1532907588429184,-0.0001749178595896714
2.316,3.7279488679996575,0.001349172630194317,2.293341110313887,0.19879382725137348,0.015741382869828947,-0.016993506487210902,0.7081155131792317,0.7057165504630937,-0.0002956267700083539,0.040958443763027576,0.15366666285349379,-2.490103915563779e-05
2.318,3.729916945005243,0.0013486115078048871,2.2934223140594545,0.19910083720756155,0.015689347390820205,-0.016937925549741557,0.7081168409598844,0.7057177131158857,-0.0002805684485692829,0.040600929413220764,0.1535030317065249,0.00010434273604632748
2.32,3.732118732004892,0.0013480835605415415,2.293503178593422,0.1994064840835102,0.015638791618243202,-0.01688358722939343,0.7081182176540672,0.7057187559541093,-0.00026397913177570305,0.04043134704352049,0.1528215536733023,0.00022923545736924604
2.322,3.733962338999845,0.001347594592057827,2.293583370736641,0.19971170605849453,0.015588343640004675,-0.016830160999444416,0.7081196238632372,0.7057197372350313,-0.00024448999785979373,0.04009512914370789,0.15260907322525638,0.00028120696442545295
2.324,3.7359122980051325,0.001347136542821343,2.2936632245980757,0.20001554231466964,0.015539416171057516,-0.016777934623097,0.7081210588486271,0.7057206199835349,-0.00022902990029411249,0.03992601245149039,0.1519162522322963,0.00037817421580015704
2.326,3.737979229001212,0.001346711953853782,2.293742386765006,0.20031898804059653,0.015490568035221974,-0.016726358908240455,0.7081225185138705,0.7057214535446631,-0.00021230016383365477,0.03958014325355409,0.15172095466469213,0.0004216423677096667
2.328,3.9351436590004596,0.0013463132457970169,2.2938211865540508,0.20062109034479417,0.01544311288515632,-0.016675736382495365,0.7081240036501326,0.7057222013901964,-0.0001993592262356639,0.0393989784453526,0.15104928154873024,0.0005088491715264159
2.33,3.9368205229984596,0.0013459473773394606,2.2938986295725763,0.20092474937023197,0.015393635999473061,-0.016624705391712413,0.7081255029240615,0.7057229819482285,-0.00018294040137035525,0.03872052838825494,0.1518275301139026,0.00046826558730574255
2.332,3.938904355003615,0.001345596577607626,2.2939751562561863,0.2012288538445937,0.015344667034213428,-0.01657369907868452,0.7081270256282916,0.7057237202101735,-0.00017540558811204266,0.0382623903771483,0.1520502978626953,0.0005228073441898549
2.334,3.940717429999495,0.0013452603866316746,2.2940511733499065,0.2015323351810907,0.015297256590827552,-0.016523363538863297,0.7081285804242158,0.7057243696972225,-0.00016810092967680062,0.03800762261805499,0.15173877923191975,0.0006238572454956309
2.336,3.9426665370046976,0.001344943445265325,2.294127023842552,0.20183417586489968,0.015251923133646952,-0.016474382087898243,0.7081301501193871,0.7057249209624396,-0.00015847566060767866,0.03792434538077327,0.15091849869388826,0.000717534430152534
2.338,3.9449936660021194,0.001344653074611674,2.294202342882774,0.2021353688835436,0.015206957682258142,-0.016426372279470976,0.7081317083985956,0.7057254468221142,-0.0001451902649056579,0.03765859637287429,0.15059463272539877,0.0007187068665349264
2.34,3.946797199001594,0.0013443820128543932,2.294277443653528,0.2024349667719712,0.0151635791083954,-0.01637960365852219,0.7081332501758686,0.7057259202041355,-0.0001355354542230861,0.03754948530555147,0.14979710494589904,0.0007514171750342018
2.342,3.9486378980000154,0.0013441336524729654,2.2943519531714225,0.2027340112491887,0.015120195082887,-0.016333455346991373,0.7081347740720045,0.7057263915194576,-0.0001241850626558358,0.03725383659400442,0.14952036524677317,0.0007307627184880212
2.344,3.9506782020034734,0.0013439006677671956,2.294426190669897,0.20303155213216598,0.015078116234801927,-0.016288175452466195,0.7081362856905755,0.7057268215390393,-0.00011649686958708072,0.037117850862988695,0.14876860543639747,0.0007595313894935661
2.346,3.9526938310009427,0.0013436867298451064,2.294499793263495,0.20332862959324396,0.015035832697855092,-0.016243213295765113,0.7081377835968657,0.705727256948057,-0.00010697388041049007,0.03680037633035762,0.1485368605428715,0.0007379109578807553
2.348,3.954590827001084,0.0013434844749666617,2.2945730914519347,0.2036242816864903,0.01499471273039885,-0.016198921798777327,0.7081392700294673,0.7057276583532937,-0.00010113251986813021,0.03664819803217194,0.14782421954950642,0.0007627231580088061
2.35,3.9566598329984117,0.0013432982238249236,2.2946457309070087,0.2039195462357041,0.014953270058075932,-0.016154835243540666,0.7081407405244402,0.7057280727180419,-9.313041777844977e-05,0.03631880954994039,0.14763040914636263,0.0007339853394306187
2.352,3.9586501010053325,0.0013431211648632473,2.2947180501410713,0.20421344940231828,0.014912926658648316,-0.016111353395709054,0.7081421972539241,0.7057284586713343,-8.853600590478535e-05,0.03615872335903851,0.14694977290677963,0.0007531475054075236
2.354,3.9607139229992754,0.001342957475042387,2.2947896997542787,0.20450702770139711,0.014872221189297626,-0.016068039174751827,0.7081436368704564,0.7057288606213145,-8.185079092746578e-05,0.03582389119391856,0.14678729781226646,0.000721389252981615
2.356,3.962820881999505,0.0013428004745214823,2.2948610230346276,0.20479929740137523,0.01483260277678405,-0.01602531673143493,0.7081450617634649,0.7057292360520017,-7.850717568609845e-05,0.035660749396052335,0.14613304879959257,0.0007384741002968095
2.358,3.964640924001287,0.0013426546852415397,2.29493167290689,0.20509129646029087,0.014792611804265655,-0.01598275782986838,0.7081464684117027,0.7057296290819833,-7.290205982709452e-05,0.03532402356785952,0.14599769576760702,0.0007047394991818751
2.36,3.9666428780037677,0.0013425132370038242,2.2950019955095193,0.20538203273322472,0.014753717826544908,-0.01594079201792334,0.7081478587822797,0.7057299972809774,-7.073102998361684e-05,0.03516041364913297,0.14536634169664905,0.0007195987426982226
2.362,3.9685886900042533,0.0013423808584566272,2.295071644943658,0.20567254568332569,0.014714454025223263,-0.0158989952798635,0.7081492300157597,0.7057303839427048,-6.619664487404747e-05,0.03482380791508036,0.14525464743937763,0.0006846283271064511
2.364,3.9707583410054212,0.0013422505118033758,2.295140969424329,0.20596183510829902,0.01467629776435166,-0.015857801455136305,0.7081505845441404,0.7057307461254143,-6.518008861497375e-05,0.03466135619370984,0.1446429231348331,0.0006989122026052054
2.366,3.972619348001899,0.0013421274923880087,2.295209623945507,0.20625094215228323,0.014637778525731148,-0.015816781981036414,0.7081519195658005,0.7057311270327165,-6.151693043169782e-05,0.0343263550736548,0.1445516997832234,0.0006635703666169171
2.368,3.9745900179987075,0.0013420050331631414,2.295277958488924,0.20653885948509973,0.014600381072019351,-0.015776372255373396,0.708153238540664,0.7057314827151904,-6.123625504291856e-05,0.03416639124722537,0.1439568825071217,0.0006789269275745879
2.37,3.9767810620032833,0.0013418881829324269,2.2953456281500015,0.2068266310473034,0.014562616655589526,-0.015736146998982813,0.7081545381845586,0.7057318569558719,-5.843218280856091e-05,0.03383392881104315,0.14388396443491974,0.000643659487921559
2.372,3.9786320800048998,0.0013417704064268452,2.2954129842644804,0.20711324262497327,0.01452598413905219,-0.015696539503522632,0.7081558222038276,0.7057322055221988,-5.889477245689157e-05,0.03367718060115077,0.14330401052817704,0.0006596298357259543
2.374,3.980599512004119,0.0013416570252597752,2.2954796820900008,0.2073997411544449,0.01448899030819327,-0.015657116333796663,0.7081570885454154,0.705732571028743,-5.669751879368976e-05,0.0333480149559135,0.14324745375189799,0.0006268091331313395
2.376,3.9826579229993513,0.0013415414128784267,2.2955460744047493,0.20768510519907943,0.014453135370857038,-0.01561831408084093,0.7081583396830771,0.7057329105834101,-5.781259309079777e-05,0.03319528470729649,0.14268024975132262,0.0006432923821715564
2.378,3.984683912000037,0.0013414287762565434,2.2956118165687367,0.20797038472986876,0.014416908583771506,-0.015579700602669387,0.7081595731102904,0.7057332673810053,-5.632509834558125e-05,0.03287018826882247,0.1426379602376681,0.0006100473923682988
2.38,3.9868923910034937,0.0013413125884392655,2.295677262695605,0.20825455177382432,0.014381823567021142,-0.015541710023321874,0.7081607926316956,0.7057335971736692,-5.810019520936788e-05,0.03272219487167318,0.14208175526628014,0.0006281648941608901
2.382,3.9887626679992536,0.001341198583844645,2.2957420680354645,0.20853865965768345,0.014346366667425456,-0.015503899096389134,0.7081619958848021,0.7057339431122087,-5.7008964062555495e-05,0.032401780411327595,0.1420521427095426,0.0005968877413412374
2.384,3.9908342769995215,0.0013410799946470507,2.2958065876144156,0.20882167403234117,0.014312052284070327,-0.015466708218035495,0.7081631860615457,0.7057342616052283,-5.930077640822925e-05,0.032258925144853574,0.1415054265809094,0.0006159120618803607
2.386,3.9927670410033897,0.0013409625629143365,2.2958704766684876,0.20910465174780218,0.01427735138952685,-0.015429699506775554,0.7081643606215162,0.7057345959749668,-5.8722404625302005e-05,0.03194364183942837,0.1414870645107118,0.0005850636380113729
2.388,3.9947451210027793,0.0013408395620862338,2.2959340915186415,0.20938655242978063,0.014243796802777363,-0.015393305751990898,0.7081655228133119,0.7057349025584718,-6.150648502338019e-05,0.031806565090634675,0.1409485862844484,0.0006049181930063133
2.39,3.9968123720027506,0.0013407167152464814,2.295997087154279,0.2096684366558388,0.014209843747068143,-0.015357089463403509,0.7081666708758187,0.7057352240072454,-6.14298454004155e-05,0.031496937044776484,0.14094032584555852,0.0005757593346665649
2.392,3.9988715530053014,0.001340587255439701,2.2960598207630127,0.20994925806857717,0.014177033066532656,-0.015321483330958724,0.708167807528876,0.7057355172171189,-6.473586602385449e-05,0.03136594883843612,0.14040895778235077,0.0005965772842204503
2.394,4.000780708003731,0.0013404572052274646,2.2961219472587864,0.21023008054836714,0.01414381557459429,-0.015286045958570285,0.7081689306275532,0.7057358252021589,-6.503142492299604e-05,0.031062371655414426,0.14040945884268097,0.0005679241774920454
2.396,4.002948664005089,0.00134031961340583,2.296183824614354,0.21050985231871155,0.014111732697731923,-0.01525121545298862,0.7081700437705643,0.7057361040314373,-6.880176849080374e-05,0.03093782681888347,0.13988414277565644,0.0005903043188530785
2.398,4.005364169999666,0.001340180677480261,2.2962451073740184,0.21078964120003252,0.014079230830572595,-0.015216541685450865,0.7081711458742929,0.7057363957381292,-6.947417913760334e-05,0.030640508239464365,0.13989266578518963,0.0005647935713920943
2.4,4.006783409000491,0.001340033792475916,2.2963061544843977,0.21106838979196765,0.014047862954849402,-0.015182462002639436,0.7081722403867622,0.7057366565083142,-7.344827407976692e-05,0.030522708883258958,0.13937255981365762,0.0005902344402167444
2.402,4.008737805001147,0.001339644532360375,2.2963666903943207,0.2113468018926258,0.0140149710019042,-0.015152172214787681,0.7081725121204753,0.7057376887640084,-0.00019462728470651924,0.03026709688035314,0.13920429980672808,-0.0006131458673744038
2.404,4.0108438880051835,0.0013392432406180545,2.296426971797743,0.2116241729319205,0.013984151811885276,-0.015121162754543106,0.7081730568288593,0.7057384186203285,-0.00020065309362809336,0.030139858248664504,0.13868378870588408,-0.0001648575217882755
2.406,4.012717156998406,0.0013388257041494198,2.2964870239489223,0.21190057175195717,0.013958587091350736,-0.015092343215971025,0.7081736893349635,0.7057389069311476,-0.00020877341843025308,0.030025228270680545,0.13819769719500422,0.00011698862632865573
2.408,4.014916020998498,0.0013384191260444717,2.29654669447792,0.21217616224348115,0.013932557403830216,-0.015062782475019207,0.7081744127366885,0.7057393269283962,-0.00020329487653620248,0.02983442202158782,0.13779352008530835,0.00023284534322232637
2.41,4.016754582000431,0.0013381150477187894,2.2966062874802087,0.21245000602073016,0.013903758118123473,-0.015036784054605836,0.7081749233566231,0.7057399369203424,-0.00015204098869559714,0.0297956787877903,0.13692021758311274,-0.0001432317835643305
2.412,4.018863230005081,0.0013377605370998146,2.2966654306942194,0.21272312635655802,0.013877072254000328,-0.015006631772798271,0.7081755887988672,0.7057404362071589,-0.0001772577711598522,0.029570762690089302,0.13655845496212926,0.00013396575989491402
2.414,4.332952768003452,0.0013374159443241599,2.2967244562852627,0.2129946140977851,0.013850702889464621,-0.014976480081358535,0.7081763783052792,0.7057408024793936,-0.00017229661165590876,0.02951197308040465,0.13574220457103842,0.00032046383605282495
2.416,4.334912364000047,0.0013370988497862996,2.2967820080830155,0.21326876281596674,0.01381959748689676,-0.014944773829989225,0.7081772063202633,0.7057412535121481,-0.00015855273940233483,0.028774994851753447,0.13707252326589253,0.00023822169861746425
2.418,4.336770538000565,0.0013367766931026291,2.2968386110158727,0.21354427364302023,0.013787873512693366,-0.014911799365313944,0.7081780798641275,0.7057416949448602,-0.0001610789315255393,0.02830059051472031,0.13775363721389244,0.00028542618172581726
2.42,4.3388268589988,0.0013364502919898944,2.296894747945488,0.21381990446017216,0.013756994924733213,-0.01487871967515072,0.7081790212844502,0.7057420510385275,-0.00016320085965131027,0.028067617756555842,0.13781368997018015,0.0004078276452779495
2.422,4.340909416998329,0.0013361281649402947,2.296950493955873,0.2140955162329565,0.01372669971054674,-0.01484611527083981,0.7081800115033252,0.7057423339176783,-0.000161065710018108,0.027872160124819335,0.13780418892700264,0.0004962575785126381
2.424,4.34278352700494,0.0013358093647107957,2.2970062260269826,0.21436996671200262,0.013698210096934829,-0.014814676018999022,0.7081810313305255,0.7057425247767244,-0.00015940446144222916,0.027865213680102623,0.13722359744797388,0.0005931298884274993
2.426,4.344692083002883,0.0013355012809461134,2.2970615853720293,0.21464433793699408,0.013669709579316973,-0.014783952887240754,0.7081820621506947,0.7057426872628823,-0.00015404646224001799,0.02767882973907438,0.13718393964387718,0.0006110102070903723
2.428,4.346615196998755,0.001335196094170842,2.2971169159934814,0.21491754781838063,0.013642661200004694,-0.014754237207261902,0.7081831038689745,0.7057427871925573,-0.00015259680423130334,0.02766449238703321,0.13660331647471616,0.000670672576800585
2.43,4.5414947220051545,0.001334898995172168,2.2971718484149766,0.21519071663418243,0.01361529869227866,-0.014724901140754814,0.7081841542889203,0.7057428742410382,-0.00014855385234330919,0.027465372244964432,0.13658274159764597,0.0006761466424104577
2.432,4.54313296500186,0.0013346068108056465,2.297225737252925,0.21546593417695326,0.013585823328398963,-0.014694797754293614,0.7081852105471061,0.7057430098030024,-0.00014609667909588016,0.026943541379988584,0.13760703177821046,0.0006252476797266452
2.434,4.545056848000968,0.0013343037359521887,2.297279061813923,0.2157419121329311,0.013556923557092922,-0.014664447341702106,0.7081862930770195,0.7057431105619519,-0.00015154216163805196,0.026661433626640852,0.13798728165889645,0.0006802535791525523
2.436,4.547071947999939,0.0013339938879154182,2.2973322488644072,0.21601742127965212,0.01352961254156759,-0.014634720690062887,0.7081874087992863,0.7057431321330387,-0.00015492694350834746,0.026592705774540423,0.137752943635512,0.0007745593367294982
2.438,4.549107323000499,0.0013336840202651718,2.2973856489748488,0.2162913242311184,0.013504396830269152,-0.014606372611988279,0.7081885387779188,0.7057430684668228,-0.000154936602235866,0.02669925939331338,0.13694989225534102,0.0008569934407842266
2.44,4.551105894002831,0.0013333827518007347,2.2974388733239093,0.21656474609264986,0.013479240943005706,-0.014578876011234298,0.7081896570206813,0.7057429958042654,-0.0001506365973182006,0.026611357573536023,0.13670931490360907,0.0008444539202591951
2.442,4.553060728998389,0.00133308163446031,2.297492241291306,0.21683663154523294,0.013455526280485075,-0.014552413377353227,0.708190763138541,0.705742884542707,-0.00015056110136601043,0.02668319053550842,0.1359411460812055,0.0008703085732395518
2.444,4.55509984800301,0.0013327864963329837,2.297545358119576,0.21710815906849462,0.013431350030565817,-0.014526255232141844,0.7081918586240742,0.7057427846771559,-0.00014757121314341783,0.026557600314821357,0.135762147771146,0.0008439193484527035
2.446,4.557238711000537,0.0013324891974260452,2.2975985537560413,0.21737826983660613,0.013408228463238497,-0.014500622711595204,0.7081929523128039,0.7057426539787206,-0.00014865182877803255,0.026597028282276374,0.1350538059197037,0.0008727496138075111
2.448,4.559157782001421,0.0013321958262065866,2.297651448632301,0.2176481368450063,0.013384394389928072,-0.014474922873684033,0.7081940435329825,0.70574253896093,-0.0001466876796069825,0.026446627838166415,0.13493189268496475,0.0008504726464380193
2.45,4.561246523000591,0.0013318989437665178,2.2977043883305783,0.21791668362522534,0.013361460931356288,-0.014449534312835313,0.708195135685429,0.7057423978417472,-0.00014844350965993473,0.026469062991827937,0.13427181491577808,0.0008784873163450883
2.452,4.56306623799901,0.0013316051886901963,2.2977570043485156,0.2181850763538458,0.013337709261949835,-0.014423972520908468,0.7081962258401707,0.7057422760711574,-0.00014687953393195305,0.02630720281837717,0.13419475626021976,0.0008538656294510322
2.454,4.565352174002328,0.0013313072213301798,2.297809651285444,0.21845222394635225,0.013314814611628758,-0.014398679561817044,0.7081973156162003,0.7057421313006206,-0.00014898589330789177,0.026322686590551068,0.13357222491403986,0.0008786646132362933
2.456,4.567011520004598,0.0013310118540243326,2.2978619659885764,0.21871928839163324,0.01329108952139608,-0.01437320729590343,0.7081984013388408,0.7057420082384734,-0.00014768558197933936,0.026156549926995457,0.1335306187757669,0.0008508592066752328
2.458,4.568997802001832,0.001330711299714319,2.297914307706625,0.2189851663669623,0.013268235626824028,-0.01434802203924972,0.7081994846821209,0.7057418636320868,-0.00015028056189865323,0.02617008103757605,0.13293743385213286,0.000873175393586725
2.46,4.571044296004402,0.0013304124797044246,2.2979663153382703,0.2192510185098553,0.013244568758873278,-0.014322679772493963,0.7082005629216441,0.705741740950606,-0.0001494120423781024,0.026003018679853784,0.13292447362302146,0.0008444382584815881
2.462,4.573097259999486,0.0013301078008775978,2.29801835047126,0.21951573201870794,0.013221809800819957,-0.014297642272899987,0.708201638928326,0.7057415956214147,-0.00015234319722674217,0.026016793017131286,0.13235521011784293,0.0008679061883028888
2.464,4.575059622999106,0.001329804262141937,2.298070052403542,0.21978046837354584,0.013198262052671671,-0.014272465567218805,0.7082027092766973,0.7057414719134533,-0.00015177246294879898,0.025850173208881295,0.13236659587393768,0.0008391517999868438
2.466,4.577051895001205,0.001329494360094986,2.2981217842608133,0.22004410595922813,0.0131756471547409,-0.014247616580162518,0.7082037759794996,0.705741326147348,-0.00015495484887125137,0.025865159892288648,0.13181725486305146,0.0008612043016058178
2.468,4.579142649999994,0.0013291852114868034,2.2981731858075283,0.22030780755407856,0.013152257476862304,-0.014222651230527586,0.7082048361646918,0.7057412021046945,-0.00015457804753792794,0.025699985034180754,0.13184922846102556,0.0008317162916114736
2.4699999999999998,4.581197277002502,0.0013288691593341985,2.298224621319103,0.22057044385856525,0.013129825987523805,-0.014198029259679302,0.7082058917310851,0.7057410563032714,-0.00015802990364920626,0.025716991963983422,0.13131662039292058,0.0008529784024947646
2.472,4.583111320003809,0.001328553488352249,2.2982757306842156,0.22083317875617028,0.013106631129853991,-0.014173304577139148,0.7082069397212345,0.7057409327709947,-0.0001578391844327891,0.025553899381445613,0.13136588536736232,0.0008223711076484439
2.474,4.585065314000531,0.0013282304334035792,2.2983268793269893,0.22109487535201666,0.013084411011381067,-0.014148934839042754,0.7082079837061289,0.7057407864409602,-0.00016153123184556358,0.025573562729442962,0.1308467716402155,0.0008448531158977277
2.476,4.587202114002139,0.001327907398285741,2.298377706945779,0.2213566992734278,0.013061433927559799,-0.014124469268291619,0.7082090212028297,0.7057406610069841,-0.00016152119431843388,0.02541303150591305,0.130910402918992,0.0008160195093739748
2.4779999999999998,4.58912739000516,0.0013275768154736062,2.298428580026176,0.22161750660839416,0.013039447169544773,-0.014100362880435037,0.7082100549971663,0.7057405122175314,-0.00016529509948101214,0.025435786816755842,0.1304021469387138,0.0008392436288120955
2.48,4.591233493003529,0.001327246230442183,2.2984791383581817,0.22187846540071707,0.013016705459630693,-0.01407617088811204,0.7082110826305573,0.7057403837328284,-0.00016529609210112019,0.025278393499139323,0.130477844178518,0.0008109871899077544
2.482,4.593241130998649,0.0013269079570449945,2.2985297493259895,0.22213842501359202,0.012994965954000999,-0.014052343903460666,0.7082121073776401,0.7057402308600492,-0.00016914032717246484,0.0253047358873349,0.12997829177536727,0.0008355781472158912
2.484,4.59511768000084,0.0013265695349380384,2.2985800524266558,0.22239855625569213,0.012972472593136938,-0.01402843136661464,0.7082131259558648,0.7057400982600003,-0.00016921456522701775,0.025150783307871075,0.1300640750014147,0.0008073859537401073
2.4859999999999998,4.597080651001306,0.0013262231969952253,2.2986304157090194,0.2226577021041021,0.012950983052268201,-0.01400488933172118,0.7082141408791686,0.7057399420265,-0.00017317251930187592,0.025180898603854578,0.12957141549932535,0.0008308198854836498
2.488,4.599188901003799,0.0013258767780365802,2.298680478503069,0.22291703598229845,0.012928737138948206,-0.013981260896918353,0.7082151501088497,0.7057398056337928,-0.00017321292738058114,0.025030635567236607,0.1296653991110169,0.0008032766355497908
2.49,4.601281224000559,0.0013255227946612279,2.298730609718593,0.22317539481529947,0.012907507627998102,-0.013958000016814015,0.7082161568535922,0.7057396443830344,-0.000176995172414601,0.02506487069701452,0.12917791387135638,0.000828586622784051
2.492,4.603200771998672,0.0013251688551179975,2.298780448236692,0.22343395508109135,0.01288552042834029,-0.013934651095717156,0.7082171588571238,0.7057395020561587,-0.0001769731559663067,0.024918503228500852,0.12927859907743441,0.0008023991952198654
2.4939999999999998,4.605187589004345,0.0013248072971704188,2.2988303634381517,0.2236915483299423,0.012864552171173601,-0.013911670788110137,0.7082181584300377,0.7057393348703785,-0.000180782382132935,0.024956869230624016,0.12879512794468245,0.0008277385107756971
2.496,4.607224279003276,0.0013244460340031089,2.298879993851326,0.2239493545019417,0.012842816599999838,-0.013888607459673871,0.7082191524172883,0.7057391875147276,-0.00018063489983275374,0.024814456455226692,0.1289015584137964,0.0008001461022479967
2.498,4.609385135001503,0.0013240770549175283,2.298929709421265,0.22420619958929885,0.012822099191705435,-0.013865912456506226,0.7082201443445487,0.7057390150676476,-0.00018449287407578164,0.024857059094642635,0.12842105342189034,0.0008258734413024689
2.5,4.611447729999782,0.0013237063431643936,2.2989795388480654,0.22446210800665867,0.012805568409530493,-0.013847361768829398,0.708221066496584,0.7057387540444361,-0.0001853593797223072,0.024913986389490456,0.12795272774004757,0.0008442743747706678
2.502,4.613329571002396,0.0013233356186821373,2.2990293112375473,0.22471725686927002,0.012788220304001667,-0.013828238900540298,0.7082219971596729,0.7057385096262853,-0.0001853654432961982,0.02488547054572947,0.12757294527480226,0.0008345304233602263
2.504,4.615232292999281,0.0013228065512756485,2.2990788476146267,0.22497227396437813,0.012763079045057208,-0.013818454207105877,0.7082218117616748,0.7057393424499067,-0.000264529240889188,0.024767455594237535,0.12750704435943264,-0.000943228025245619
2.5060000000000002,4.617513461998897,0.0013221467294404214,2.2991282872448098,0.2252265411379624,0.012745441295765781,-0.013799175377348647,0.7082220913841605,0.7057397578148246,-0.00032991542201907123,0.02471909552310614,0.12713210159880403,-9.451622196959483e-05
2.508,4.619177846005186,0.0013214808256014413,2.2991779643229187,0.22547900519234423,0.012729432036882564,-0.013778214451095207,0.708222689660404,0.7057398559077851,-0.0003329535630712152,0.02483783874341358,0.1262305968663009,0.00039897439872209545
2.51,4.6214799330045935,0.0013208497352359878,2.2992274890150957,0.2257309527089911,0.01271147992935579,-0.013756948729441163,0.7082233833244496,0.7057398982288949,-0.0003155483296022247,0.02476162818603509,0.12597227896072158,0.0004829016957561441
2.512,4.927599621005356,0.0013202371387027044,2.2992772078284753,0.2259812984248195,0.012693600065682728,-0.013735807198368909,0.7082240982584885,0.7057399143905156,-0.00030629979532588897,0.024858705036296894,0.1251714452043162,0.0005158457439445444
2.5140000000000002,4.929175614000997,0.0013196545993261637,2.2993257213802645,0.22623475387398684,0.012670372783018309,-0.01371292309489342,0.708224827857554,0.7057400446339083,-0.00029127242101205684,0.024256000294662582,0.1267261405792264,0.00039407235076966037
2.516,4.931083679002768,0.0013190695186769573,2.299373585048119,0.22648984397723051,0.012646441042653792,-0.013688720105044854,0.7082256125277158,0.7057401563115014,-0.0002925436837113532,0.023931089607301594,0.1275435027525854,0.00045314163556057217
2.518,4.933222639003361,0.001318484709632231,2.2994212956432727,0.22674517876651126,0.012623575364568795,-0.013664355181501015,0.7082264827735602,0.7057401645369782,-0.00029240694539389955,0.02385457542833516,0.12766593493028824,0.0006034408106099495
2.52,4.93541669100523,0.001317910635428326,2.2994689230659198,0.22700059747359577,0.01260142330513733,-0.01364045830809693,0.7082274160611718,0.7057400861274252,-0.0002870396050192306,0.02381299249358803,0.127707909986673,0.0007131316960447449
2.5220000000000002,4.93721575300151,0.0013173463980903598,2.2995168446611993,0.22725484536740442,0.01258121368903671,-0.013617772606327728,0.7082283861118082,0.7057399113248569,-0.0002821210899409811,0.023960102539916005,0.12712254432043804,0.0008185788001614774
2.524,4.939172859005339,0.0013168007702256128,2.2995646757360526,0.22750912015161695,0.012560801436499014,-0.013595763958326738,0.70822937219988,0.705739709682703,-0.0002728160820875227,0.023914824002199044,0.1271359597027315,0.0008376263736981777
2.526,4.941187850003189,0.0013162638018843916,2.299612761056969,0.2277622351930204,0.01254180435904004,-0.013574643458225361,0.7082303728779858,0.7057394498903337,-0.0002684863666442356,0.02404197026880346,0.12655612371424027,0.00089719285709253
2.528,5.135494241003471,0.0013157425420568447,2.2996607085067637,0.22801542828195892,0.012522190742623058,-0.013553705944087934,0.7082313878580115,0.7057391820261232,-0.00026063196597716446,0.02397301652310706,0.1265951168742031,0.0009023380470153592
2.5300000000000002,5.137377652004943,0.001315232858481005,2.299707855801083,0.22827096947657022,0.0125000465854307,-0.0135316594111421,0.7082324131316878,0.7057389687544604,-0.0002548438814031608,0.023572902611399438,0.12776910173148331,0.0008505294179943774
2.532,5.1392716740010655,0.001314717365805357,2.2997547042786004,0.22852740902650492,0.012478442713201,-0.013509090956075361,0.7082334703849329,0.7057387224430215,-0.0002577486565707313,0.023423523486692067,0.12821832119668525,0.000910336354067327
2.534,5.141413595003542,0.0013142028133668873,2.2998016898927593,0.22878338942488,0.012458418860632708,-0.013487071578518103,0.708234565098551,0.7057383987706743,-0.0002572776859217608,0.023492117865987153,0.12798880517639027,0.0010060284795884874
2.536,5.143256941999425,0.0013136960823254369,2.2998491623544104,0.2290376750522118,0.012440477688546236,-0.013466432483853024,0.7082356740060776,0.7057379965512666,-0.00025336666109250646,0.023735563733706916,0.12714146477241142,0.0010825615006795043
2.5380000000000003,5.145318446004239,0.0013132056769568842,2.299896707959881,0.22929151555185626,0.012422333101401601,-0.013446530695012933,0.70823677029242,0.7057375954689872,-0.000245203432865781,0.023772116520877625,0.12691887025458246,0.0010609333737301202
2.54,5.147361798000929,0.0013127211447060269,2.299944645735829,0.22954376434877835,0.012405544031781747,-0.013427471623898467,0.708237855023688,0.7057371650937128,-0.0002422669462520193,0.023968223896005704,0.12612305221735698,0.0010812855638642428
2.542,5.14927618400543,0.0013122498501487415,2.299992557765511,0.22979572814534774,0.012387948554838248,-0.013408473176791348,0.7082389312579118,0.7057367553332623,-0.0002356479362686904,0.02395533212516763,0.12598052027778023,0.0010491071318337478
2.544,5.151220605002891,0.001311782064237447,2.300040778075219,0.2300462539207528,0.012371281802089218,-0.013389744987951955,0.7082400079409592,0.7057363227633398,-0.0002338937617674221,0.024109494261981997,0.12526154298472497,0.0010746859300879966
2.5460000000000003,5.153230096999323,0.001311325482171798,2.3000889089630716,0.23029663553527774,0.012353558021142005,-0.013370700364176015,0.7082410840323037,0.7057359143934346,-0.00022829166010980047,0.02406476513226548,0.12518943137563945,0.001046888681484154
2.548,5.1552275249996455,0.0013108705525119303,2.3001373029117675,0.23054569711955197,0.01233662624242275,-0.0133517474553813,0.7082421610796201,0.7057354885239312,-0.0002274655680125483,0.024196317898942832,0.12452945015815567,0.0010694163502102687
2.55,5.157224785005383,0.001310552702565243,2.300185950958414,0.23079364654031642,0.012318028982100392,-0.013341914558073126,0.7082432557165584,0.7057349008019449,-0.0001589262187565543,0.024323366122662945,0.12397337555727964,0.0010617116116657416
2.552,5.1593578239990165,0.0013101134460982498,2.3002346988051325,0.23104045844941282,0.012305328051835629,-0.013324576944538013,0.7082444153081388,0.7057342862123241,-0.00021962884493119866,0.02437326721133793,0.1234046129759532,0.0012977003323102262
2.5540000000000003,5.161354679003125,0.0013095402342904539,2.300283339038297,0.23128695399779428,0.012283464694531274,-0.013317392522329758,0.7082445304775343,0.7057346871170225,-0.00028659998594143566,0.02431945265332443,0.1232464168127473,-0.00040563397428120863
2.556,5.163228055003856,0.0013088452271295637,2.3003320032255337,0.2315325098152174,0.012268866488000643,-0.01330033762548779,0.7082451054700714,0.7057346856374817,-0.000347505802870741,0.024331441706298976,0.12277657172686769,0.00042188608439468477
2.558,5.165216120003606,0.0013082519208202385,2.300380611678588,0.23177738436901096,0.012251512829879649,-0.013289806761654423,0.7082456358863217,0.7057346531931082,-0.00029665484577616735,0.024303573626613867,0.12243594031824923,0.0002956582994850569
2.56,5.167270727004507,0.00130756300385634,2.3004291885354458,0.23202143067573242,0.012239187148496871,-0.013271248490424391,0.708246364450504,0.7057344851316912,-0.00034446054344487264,0.024287778404642572,0.12202182871913844,0.0006967442445204747
2.5620000000000003,5.16936497700226,0.0013067584888382397,2.30047757377326,0.23226541487987984,0.012217166056678181,-0.013262694529456599,0.7082460979737201,0.7057352949175504,-0.00040225198018172865,0.024191962843710335,0.12199075075531972,-0.0009491991798125372
2.564,5.171192816000257,0.001305851517188034,2.300525933358671,0.23250866313931798,0.0122020708665997,-0.013244410065823144,0.7082463399686364,0.7057356565950211,-0.00045348866099685663,0.024179148843199542,0.12162280947580621,-6.220542777371591e-05
2.566,5.173181258003751,0.0013050661594382475,2.3005742087310628,0.23275140152042334,0.012184031623024635,-0.01323297161236614,0.7082465903159063,0.7057359315931194,-0.00039268089213728057,0.024137042377557514,0.12136786251937119,-0.00011747373482003021
2.568,5.175426018002327,0.0013042007215886462,2.3006224363127394,0.23299345483211564,0.012171162604261267,-0.013213563653584113,0.7082470987854524,0.7057360070156707,-0.0004327211086813032,0.02411315058749245,0.12102533975298602,0.00037158339642566935
2.57,5.177328468998894,0.0013033914415164329,2.300670952969008,0.23323376189821196,0.012157350137358238,-0.013194353539912274,0.7082478135383278,0.7057358872060281,-0.00040464245702765984,0.024257709329267883,0.12015225360108031,0.0006405638432819353
2.572,5.1793365530029405,0.0013026399308913084,2.3007193694870676,0.23347366893923183,0.012140773049828354,-0.013175039125356992,0.7082486018450415,0.7057357422990151,-0.0003757569497111512,0.02420762202430618,0.1199522096600119,0.0006750327026816771
2.574,5.181165480003983,0.0013019184923659818,2.3007680462496394,0.23371201482799786,0.012124378067220935,-0.013155476136931589,0.7082494486320025,0.7057355392897244,-0.0003607208283982925,0.02433776523348126,0.11917166554298231,0.0007628729586959698
2.576,5.183490348004852,0.0013012361561424391,2.3008165940936522,0.2339501616847252,0.012106312244497295,-0.013135410848627523,0.708250362065891,0.7057353064848118,-0.000341169657720582,0.024273288046798996,0.11907211810342573,0.0008151208297370587
2.578,5.185351117004757,0.0013003301927153339,2.3008647612363022,0.23418889571525867,0.01208501571547561,-0.013118460149644273,0.7082504736626972,0.7057358747825024,-0.0004529771716150556,0.02408292852310332,0.11936568652459713,-0.00039829362279344434
2.58,5.187436239000817,0.0012994425767549607,2.300912868333618,0.2344273410982172,0.012065641903472403,-0.013099113076339437,0.7082510088350572,0.7057360285589748,-0.00044381088290368814,0.024052921303762766,0.11922138359190085,0.0002484219355338273
2.582,5.18923617600376,0.0012985689041371939,2.3009612646323783,0.23466435593790955,0.012048929254160642,-0.01307824469277529,0.7082517739013993,0.7057359333242892,-0.0004368389902820411,0.02419754352466278,0.11850615052307999,0.000640244075270001
2.584,5.191573762000189,0.0012977475883969598,2.3010095541754088,0.23490126985181745,0.012031140657581166,-0.01305720189655858,0.7082526429083524,0.7057357543347537,-0.00041065968320671685,0.024144147893783184,0.11845565705666787,0.0007609441942176951
2.586,5.193354148002982,0.0012969699353854096,2.3010580894588974,0.23513688785449838,0.012013912200857301,-0.013036804840226289,0.7082535633942888,0.705735501142234,-0.0003888281027212239,0.024267039039737655,0.11780773389184998,0.0008493724084275084
2.588,5.19544671800395,0.0012962392314861057,2.301106472798607,0.2353725576224975,0.011995380972628646,-0.013016415091385873,0.7082545295146355,0.7057352231506463,-0.0003653534998923908,0.024191049759387125,0.11783358556225905,0.0008820704573228963
2.59,5.197474884000258,0.0012955426382387494,2.3011550589432663,0.23560707589733398,0.011977667520241583,-0.012996305832947063,0.7082555518413113,0.7057348686308694,-0.0003482982175087384,0.02429247329868635,0.11725787194549027,0.0009832195497867422
2.592,5.199635673001467,0.0012948867310928224,2.3012034572933704,0.2358417796198945,0.011958884377686302,-0.012975936462100542,0.7082566283762265,0.7057344815994983,-0.0003279552718734971,0.024198558773754285,0.11735056500811901,0.0010337184105315205
2.594,5.201500934999785,0.0012942599155566057,2.301252030650864,0.23607544407112274,0.011941071673939428,-0.012955739653551407,0.7082577557604214,0.7057340228602548,-0.0003134108855313114,0.024286082024228304,0.11683097267689645,0.0011309227595076754
2.596,5.203426022002532,0.0012936700065829033,2.3013003942241537,0.2363093938717499,0.011922243356868265,-0.012935303523990934,0.7082589228634135,0.7057335447748244,-0.00029495632214810965,0.024181174549518646,0.11697360825808181,0.0011623543687556918
2.598,5.206425021999166,0.0012931052402620573,2.301348916214861,0.23654238580998588,0.011904406835476318,-0.012915120813206716,0.7082601220456737,0.7057330120322581,-0.00028238703931012676,0.024260402143409816,0.1164947256609668,0.001233516186507395
2.6,5.207653337005468,0.0012925751106774835,2.3013968750081646,0.23677694631773963,0.011884305815084555,-0.012894223960697594,0.7082613411523496,0.705732509448743,-0.00026506642058773836,0.023978771598125923,0.11727893372318486,0.0012054685464124196
2.602,5.209389367999393,0.0012920603165092201,2.3014447171893675,0.23701166705760623,0.011864927869851332,-0.012873113683251183,0.708262582836593,0.7057319747498901,-0.00025740090813291454,0.023920486936270018,0.11735909899604781,0.0012560147754456443
2.604,5.211703321998357,0.0012915693785338937,2.301492135980239,0.23724770607352746,0.011844600852583197,-0.01285165091311548,0.7082638449179374,0.7057314407630644,-0.00024547061796433906,0.023708780949513855,0.11801819931887181,0.0012618651885941796
2.606,5.213298392001889,0.0012910924618212611,2.301539570929904,0.23748362844279383,0.011825577153851456,-0.012830568945681799,0.7082651209537674,0.7057308627698337,-0.0002384589612151725,0.023716878686875116,0.11795994549008276,0.00131511753201973
2.608,5.215658845001599,0.0012906363210507393,2.3015870365488875,0.2377193791880007,0.01180726218968764,-0.01281015561217213,0.7082664017616368,0.7057302548484087,-0.0002280707857580749,0.023732216423822367,0.11787414440036065,0.0013408682814046913
2.61,5.217478737002239,0.0012901982121105104,2.3016348727523286,0.2379537002844888,0.011790779323944268,-0.012790916418294647,0.7082676765545891,0.7057296000084441,-0.00021905484575372776,0.023917529017800643,0.11715935562938404,0.0013794607106406248
2.612,5.52089267300471,0.0012897854518571393,2.301682658870266,0.23818794299571017,0.011773772977461868,-0.012772126666005874,0.7082689316352149,0.7057289646391268,-0.00020638033673937175,0.02389246932106677,0.11712013330431592,0.0013397632674345412
2.614,5.522525986998517,0.001289393239691016,2.3017293652577395,0.23842577791167915,0.011752870477422349,-0.01275175428111306,0.7082701610544548,0.7057284476044533,-0.0001961067217758133,0.023352560818341174,0.1189161068942711,0.0012067149316563697
2.616,5.524615856003948,0.00128899433306998,2.301775563407753,0.23866552228905039,0.011732317452947347,-0.012730356592479019,0.7082713994857822,0.7057279330015662,-0.0001994535222571793,0.023098465397403702,0.11987090702528717,0.0012278596610190789
2.618,5.5265140410047024,0.0012885979974942723,2.3018217499806264,0.23890560521564672,0.011713429214794256,-0.012709383095180285,0.7082726621234637,0.7057273575864207,-0.0001981682507199788,0.02309270224485139,0.12004023387253618,0.0013042325333215156
2.62,5.528569587004313,0.0012882119049450686,2.3018683237212394,0.23914459377067412,0.011696875591122334,-0.012689933378742139,0.7082739229995221,0.7057267167190967,-0.0001930464913074354,0.0232863082668413,0.11949309134608292,0.0013611677910916602
2.622,5.53055024400237,0.0012878444652678405,2.3019148988785814,0.2393837191930411,0.011680303370075381,-0.012671427158102454,0.7082751515065316,0.7057260907783979,-0.00018371983321409773,0.023287001324665716,0.11956149871025419,0.0013164791034447863
2.624,5.532592806004686,0.001287483195138349,2.301961826345279,0.23962166515220526,0.011665432528754372,-0.012653988177851737,0.7082763488079968,0.7057254480223346,-0.0001806349988078123,0.023463177356153206,0.1189718011667,0.001315459359717021
2.626,5.5344840370016755,0.0012871369371611698,2.302008699900786,0.23985974989811454,0.011649899813106223,-0.012636831990648285,0.7082775201141863,0.7057248364713284,-0.00017312886927973767,0.02343620650824096,0.11904116673884323,0.0012633384095641067
2.628,5.727956039001583,0.0012867940347762452,2.302055874991509,0.24009667434155665,0.01163559097913215,-0.012620124636066217,0.708278674574904,0.7057242128616206,-0.00017145108980762044,0.02358699509711968,0.11846104884757888,0.001270228550790784
2.63,5.7297235500009265,0.0012864676905661285,2.3021022764725023,0.2403362334979166,0.011617720965778299,-0.012602160871725833,0.7082798085323538,0.7057236902118965,-0.00016317166366974743,0.02320014128210229,0.11977831347336464,0.0011539281727740948
2.632,5.731721891999769,0.0012861308595186584,2.3021484287980387,0.24057680171506496,0.011600269457145665,-0.012583396930795448,0.7082809396269756,0.705723176912401,-0.00016841528169237897,0.023075589559189452,0.12028288063496446,0.0011598579833411123
2.634,5.73365962599928,0.0012857921105947114,2.302194778054328,0.24081690357366722,0.011584377933885222,-0.012565095273392753,0.7082820824660125,0.7057226170573423,-0.00016937433186528416,0.023174079243715274,0.12004974803417373,0.0012153872693760409
2.636,5.735908847003884,0.001285461296158741,2.302241336891,0.24105644091124726,0.011569256042019645,-0.01254763513950458,0.7082832141228325,0.7057220400121211,-0.00016540655139469512,0.023278871824094636,0.1197675055179842,0.001219570804339234
2.638,5.737687985005323,0.0012851346057000286,2.3022884374174755,0.2412941279344758,0.011556044176054723,-0.012531432142458124,0.7082843221395976,0.7057214323390716,-0.00016334450829461213,0.023549736326629614,0.11884238400364457,0.0012340014214305692
2.64,5.739672777002852,0.0012848206868648236,2.30233564335236,0.24153135514631557,0.011542206384193213,-0.012515688707904263,0.7082853977422018,0.7057208586637658,-0.00015695842915343117,0.02360242472446744,0.1186124496236383,0.0011738892479826997
2.642,5.741723222003202,0.0012845071384158819,2.3023832758252807,0.2417668930259608,0.011529521327708292,-0.01250044660664703,0.7082864509478757,0.7057202791306558,-0.00015677337582465403,0.023815713054378927,0.11776781379327197,0.001170875267123984
2.644,5.743702783001936,0.0012842032503661812,2.302430909745633,0.2420021567667352,0.011515687489599148,-0.01248497139255283,0.7082874877958847,0.7057197383258909,-0.00015194298808860263,0.023816421349503528,0.1176307153906882,0.001120226754539591
2.646,5.745699192004395,0.0012838975174719893,2.3024788886870455,0.24223589801558681,0.011502690839165344,-0.012469543095442404,0.708288515907582,0.7057191912027648,-0.0001528655699865268,0.02398895127898925,0.11686950019074054,0.0011284508567801445
2.648,5.747635634004837,0.0012835997130731885,2.3025268088381314,0.2424695127459391,0.011488383016227191,-0.01245366667240464,0.7082895341690408,0.7057186826410992,-0.0001489010840541532,0.02395954109993699,0.11680621218056046,0.0010829905170970044
2.65,5.749727496004198,0.001283298707668906,2.3025750303992916,0.24270172725127184,0.011474868089662341,-0.012437783268324797,0.7082905450042182,0.7057181681148095,-0.0001505017352249359,0.02411026572529541,0.11610613140475201,0.0010919308688270408
2.652,5.751809189998312,0.0012830045017514884,2.3026231601560103,0.24293392328386598,0.011460066410159347,-0.012421484362804002,0.7082915464298216,0.7057176906243398,-0.0001471018358944134,0.024064348701325407,0.11609686655114428,0.0010478215003353036
2.654,5.753666091004561,0.0012827059818518202,2.3026715651133935,0.24316480925917902,0.011446125812754107,-0.012405243784978476,0.7082925403057135,0.7057172050317274,-0.0001492593483636518,0.024201967768978417,0.1154418802050211,0.0010582800599842769
2.656,5.755671103004715,0.0012824131353335834,2.3027198558112487,0.2433957587172499,0.011430971284958789,-0.012388659147404167,0.7082935247784709,0.7057167539295787,-0.00014642219368410023,0.02414482421916347,0.11547358441723192,0.0010160772759198844
2.658,5.757735261002381,0.0012821148300017448,2.3027684017994505,0.2436254669552215,0.011416754690120486,-0.012372201660123266,0.7082945022061845,0.7057162917794375,-0.00014915198383397364,0.024272488321402372,0.11485301606682798,0.0010291143639946428
2.66,5.760084025001561,0.0012818213284803933,2.302816815219191,0.24385530240436418,0.011401382146234325,-0.012355458919249454,0.7082954703393839,0.7057158619563267,-0.00014674967067384925,0.024206190487286866,0.11491658454888758,0.0009885969758139414
2.662,5.761793245001172,0.001281521353102067,2.3028654668804744,0.2440839496718465,0.011387001277168912,-0.012338895283103982,0.7082964319779445,0.7057154187860852,-0.00014998828244480248,0.024325328480598266,0.11432254462834708,0.001003697610734294
2.664,5.763704813005461,0.0012812251205290602,2.3029139698992136,0.2443127742291552,0.011371502097757898,-0.012322086447156499,0.7082973854319772,0.7057150054489807,-0.00014811540451623338,0.024250995121113887,0.11441114700896075,0.000965769670958954
2.666,5.765789985001902,0.0012809214816179443,2.302962696538423,0.2445404510231532,0.011357033566857569,-0.012305482508862008,0.7082983331657148,0.7057145769526484,-0.00015181998473357266,0.024362822873420505,0.11383731326338488,0.0009828555547313873
2.668,5.767732126005285,0.0012806205802897946,2.3030112608881135,0.24476834397827574,0.01134146652513099,-0.012288667073970215,0.70829927323579,0.7057141767969919,-0.00015045004062615798,0.02428166547434041,0.11394535918938112,0.0009462580488280587
2.67,5.769875375000993,0.001280311324578759,2.3030600362905376,0.24499512027347745,0.011326963046566552,-0.012272079838829745,0.7083002079746265,0.7057137602085367,-0.00015462833612236453,0.024387209948357143,0.11338706997803613,0.0009646189401892316
2.672,5.771810650003317,0.0012800042974325365,2.3031086376058045,0.24522214304179077,0.011311387165102898,-0.012255298164737818,0.7083011361164233,0.7057133701181229,-0.0001535142597598457,0.02430015227214018,0.11351028069223672,0.0009302384784310795
2.674,5.773699039003986,0.001279688389627102,2.3031574391907825,0.24544807208150798,0.011296902073879159,-0.012238757942426778,0.708302060593924,0.705712961313565,-0.00015795447381425988,0.02440030671725811,0.11296344859056111,0.0009515429956869309
2.676,5.7757470780052245,0.0012793742526876848,2.3032060567118817,0.2456742697036937,0.011281353689880147,-0.012222043533982353,0.7083029791880204,0.7057125777426331,-0.00015706909813824072,0.024308261055342274,0.11309771349849139,0.000918474604679166
2.678,5.777780943004473,0.001279050983686089,2.3032548652756684,0.24589938957693325,0.011266908219700545,-0.012205590833805425,0.7083038948466412,0.7057121742443195,-0.00016163323407366082,0.024403800065754617,0.11255888059116513,0.0009410385831763235
2.68,5.779908144999354,0.0012787292222712116,2.3033034811636166,0.24612479503022208,0.011251411288161662,-0.01218897205314327,0.7083048053462453,0.7057117948764425,-0.000160881051143257,0.02430745021652985,0.1127016358707947,0.0009093511093824295
2.682,5.781820308999158,0.0012783978796018646,2.303352280230415,0.24634913328002378,0.011237033541691529,-0.012172618307948583,0.7083057140876858,0.7057113941488018,-0.00016567075020568583,0.024399056378809878,0.11216807996237926,0.0009338944261276485
2.684,5.783757639001124,0.0012780678788971685,2.3034008790686498,0.2465737687317597,0.011221609752069896,-0.01215610645961843,0.7083066185724405,0.70571101637766,-0.0001650000985842277,0.024298930603623675,0.11231664510873718,0.0009036774043284098
2.686,5.785864909004886,0.0012777279751965465,2.30344965388868,0.24679734463085612,0.01120731378507471,-0.012139872496100627,0.7083075210052514,0.7057106172510774,-0.00016995175070158935,0.02438693797634247,0.11178691509461308,0.0009279458557037061
2.6879999999999997,5.787668032004149,0.0012775233188116186,2.303498597126545,0.24702005182419984,0.011191509830579273,-0.01213370989358981,0.7083084568356374,0.7057100347643133,-0.00010232916292309577,0.024471146184613792,0.11135257343538442,0.0009502123360779478
2.69,5.789958849003597,0.0012771695097822736,2.3035475470378413,0.24724184823292344,0.011182413855160321,-0.012119069181038163,0.7083094520006241,0.705709431699147,-0.00017690428193293075,0.024474484220290724,0.11089718287877945,0.0011829225323140903
2.692,5.7920179900029325,0.001276849038384029,2.303596113654215,0.24746419858447397,0.011169511754651583,-0.012104152729286777,0.7083105403156996,0.7057087996982542,-0.00016023454364400791,0.024282827049734255,0.11117410837312929,0.0012261264800262186
2.694,5.793966697005089,0.0012765240380938204,2.3036447084242884,0.24768570988631888,0.011156131223993605,-0.01208883052908587,0.7083116126039642,0.7057081977438862,-0.00016249951720209436,0.024296921454000236,0.11075463210038068,0.0011922556847689557
2.6959999999999997,5.795715943000687,0.0012763253386712703,2.3036933692224713,0.24790651888790385,0.011140664392157712,-0.012082730511973382,0.7083126910681498,0.7057074641039816,-9.935195613438157e-05,0.024329934029945446,0.11040349785612671,0.0011618055031545611
2.698,5.7978405480025685,0.0012759739471621804,2.3037419725287913,0.24812654209673854,0.01113141913487783,-0.01206787010604334,0.7083138070455844,0.7057067441705074,-0.00017569533113668268,0.0243011913139193,0.11001060064002031,0.0013513070689181114
2.7,5.7999742480024,0.0012757531133042945,2.3037908230508344,0.2483447459117889,0.01111706620455381,-0.012057919231474805,0.7083147169832593,0.7057062272133752,-0.00011041697099280003,0.024424810380183192,0.10910098228973374,0.0009458244020445521
2.702,5.801865599998564,0.0012754370824566408,2.303839522353824,0.24856244823820456,0.01110530094599794,-0.012041960553518642,0.7083157473185616,0.7057056508045504,-0.0001580150307625596,0.02434919253367495,0.10885015858990552,0.0011709196302499617
2.7039999999999997,5.803804185001354,0.0012751255930242462,2.30388842334779,0.2487784910634272,0.011093240330484606,-0.012026226700479174,0.7083168083306056,0.7057050438580293,-0.00015573960605885057,0.02445004452942982,0.10802051409583117,0.00120809921664723
2.706,5.806014074005361,0.001274820428326745,2.3039371269302182,0.2489943664367503,0.011078927504087522,-0.012010382227530581,0.7083178062359439,0.7057045369368171,-0.0001525820343550948,0.024351334201553353,0.10793669417011653,0.0010669042082460637
2.708,5.80810575200303,0.0012744966048787365,2.3039859937897913,0.24920879936195311,0.011065309862269904,-0.01199437552580427,0.7083187560165731,0.7057040695281076,-0.00016190255749774812,0.024432975470547697,0.10721559610703313,0.0010150352419543494
2.71,5.809963029001665,0.0012741681620998617,2.3040346261910267,0.2494232664598422,0.011050234759894343,-0.011977988256573853,0.70831967614625,0.7057036605354603,-0.00016422152017579974,0.024315745049946012,0.10723257160501992,0.0009395264541651408
2.7119999999999997,6.116154973002267,0.0012738239066782185,2.304083386357427,0.24963647632623037,0.011036077900526646,-0.011961670048191118,0.7083205776762669,0.7057032539776129,-0.0001721204017528991,0.024379630005802077,0.10660408474411653,0.0009348510691988157
2.714,6.11784797799919,0.0012734812530049997,2.304130864171496,0.2498537522330799,0.011016668385517096,-0.011943360079432188,0.7083214528503331,0.7057029889405955,-0.00017132383126021775,0.023738420120635605,0.10863685936045157,0.0007752365514152338
2.716,6.119695762004994,0.001273103759091114,2.30417767611242,0.2500732219632875,0.010997528609476727,-0.011923657310355613,0.7083223298897442,0.7057027403520503,-0.00018874829300929104,0.023405505468700443,0.10973381644823695,0.0007834877515821568
2.718,6.121802653004124,0.001272705890642468,2.304224337725181,0.25029319295814184,0.010980154207082383,-0.011904415534398447,0.7083232302820492,0.7057024320116634,-0.0001989266893764096,0.023330347539901816,0.10998459187698549,0.0008581926470976879
2.7199999999999998,6.123991799002397,0.001272220011863859,2.3042710110850986,0.2505131186034519,0.010960617339973597,-0.011892303880129273,0.7083235463221216,0.7057026227112968,-0.00024292594286453957,0.0233362234680185,0.10996196964838315,-1.173209953379448e-05
2.722,6.125771541999711,0.001271650017576132,2.304317933587408,0.2507318665523131,0.010948207404118237,-0.011876249323544568,0.708324105263463,0.7057025246939082,-0.00028498814416916263,0.023460801368119084,0.1093732045896026,0.000492200882428316
2.724,6.127725554004428,0.0012709358864920407,2.3043648798153598,0.25095021745175244,0.010928787378887864,-0.01187242164279831,0.7083236281187772,0.7057033690293784,-0.0003570482509657696,0.023472660981297473,0.10917465152920006,-0.0011236251642765488
2.726,6.1297671900028945,0.0012700815961641573,2.3044119319213197,0.2511674666647133,0.010919703037072279,-0.011858190113281248,0.708323692645976,0.7057036841686377,-0.00042713632858026044,0.023525606268569147,0.1086238475387261,-0.00013005664996872983
2.7279999999999998,6.320178175003093,0.001268972024359279,2.3044588606505547,0.2513845215717689,0.010907924357184504,-0.011848632419896777,0.7083227975576246,0.7057049252741094,-0.0005547669456997688,0.023463913418890862,0.1085266751500586,-0.0015462082839858861
2.73,6.321612569998251,0.0012679064930321009,2.3045047961976537,0.2516044704425562,0.01089340983169986,-0.01183476954827728,0.7083224507643373,0.7057057301702891,-0.0005327660533314577,0.02296731646006745,0.10997342866113909,-0.0008356213520198928
2.732,6.323643613002787,0.0012668371887864655,2.304550298170547,0.2518255952352821,0.010880121173952966,-0.01181751892788239,0.7083223723806908,0.705706302929639,-0.0005346419589368123,0.022750534178479397,0.11056154849272327,-0.00043045449170874824
2.734,6.325711212004535,0.0012658139796787216,2.3045958452061153,0.25204629192273786,0.010867311120002112,-0.011800899410961248,0.7083224741391514,0.7057066762837835,-0.0005115963739004157,0.02277307553070548,0.1103476096543872,-0.0001632444182843756
2.7359999999999998,6.3276961790033965,0.0012648425538546982,2.304641477686159,0.25226641983081194,0.01085451056442904,-0.011785553291722423,0.7083227037058495,0.7057068993207097,-0.0004857044758176408,0.022815797326791565,0.11006325645072863,1.969668474369265e-05
2.738,6.32974821300013,0.0012639119991803439,2.3046875385624497,0.2524846147961972,0.010843483491046635,-0.01177160409076132,0.7083230605432117,0.7057069435010594,-0.0004652706851167892,0.02303000562808889,0.10909686963932781,0.00024195273268756806
2.74,6.331713598003262,0.0012630323173220344,2.304733594240694,0.2527023527259321,0.010831695247808937,-0.011758176298410129,0.7083235418913286,0.7057068652568979,-0.0004398320144566328,0.023027397787090655,0.10886829440320474,0.00040189634152698313
2.742,6.333621065001353,0.0012621888597514025,2.30477996637421,0.252918345481439,0.01082116513016304,-0.011745206199871218,0.7083241480651274,0.7057066343632882,-0.00042172240930590614,0.023185636922942524,0.10799577482751944,0.0006079831235298113
2.7439999999999998,6.3357136199992965,0.001261391611153054,2.3048262282500964,0.25313409838052353,0.010809407510593862,-0.01173201514806626,0.708324867837456,0.7057063115297229,-0.0003986149252710837,0.023130499039543565,0.10787579429457603,0.0007412008144793985
2.746,6.337647934000415,0.0012606266384845317,2.304872723142812,0.2533483048758587,0.010798566905188973,-0.011718873969252816,0.7083256914739333,0.7057058691435555,-0.0003824797986488072,0.023247020351281872,0.10710264829951929,0.0009094462252020607
2.748,6.3396008199997596,0.0012599036366592311,2.3049190471224192,0.2535624446108647,0.010786334572640995,-0.011705353081244292,0.7083266026385878,0.7057053660630664,-0.00036149145520216494,0.02316155547589132,0.10706921520334776,0.0010019516725413796
2.75,6.341759351002111,0.0012592080158217462,2.3049655610682116,0.25377517955985307,0.010775002638116475,-0.011691871205292834,0.7083275903793296,0.705704771255856,-0.0003478037918315745,0.023256551557692427,0.10636687842714339,0.0011311295987281806
2.752,6.3437160160028725,0.0012585494148279982,2.3050118725492914,0.25398796817662184,0.01076234181122199,-0.011678064799843816,0.7083286397367848,0.7057041397993249,-0.00032929097998492615,0.023155311323481358,0.10639365994403861,0.0011884860526225726
2.754,6.345754945999943,0.0012579132046242713,2.305058349194406,0.2541994517239713,0.01075069094821,-0.011664367022668837,0.7083297421641843,0.7057034373954238,-0.00031809701319195186,0.02323790475447487,0.1057411919612314,0.0012868551114963544
2.7560000000000002,6.347768855004688,0.0012573093051921453,2.305104602810454,0.2544110753820111,0.010737809834975728,-0.011650424507036438,0.7083308851354426,0.7057027165967227,-0.0003019417462888568,0.02312638161560472,0.10581120125935957,0.0013167512457983653
2.758,6.349723765000817,0.0012567234629851064,2.305151003115421,0.2546214656570855,0.010726022419270141,-0.011636661761960784,0.7083320611409863,0.7057019425408019,-0.0002929126211540198,0.02319973500310883,0.1051945990520345,0.0013886073511485872
2.76,6.3516202840037295,0.0012561658552798565,2.3051971636530246,0.2548320604052917,0.010713070241554462,-0.011622704989185426,0.7083332603788811,0.7057011655763069,-0.00027879677191467117,0.023079845807392543,0.10529676635283113,0.0013955930069978312
2.762,6.353628732002107,0.0012556222005969224,2.305243455561435,0.25504147503134694,0.0107012641269822,-0.011608967162678898,0.708334478033207,0.7057003486302985,-0.0002718197604969843,0.023145540216579302,0.10470679762007153,0.0014478706078814574
2.7640000000000002,6.355605508004373,0.001255103085880404,2.305289494262778,0.25525114122198267,0.010688328230660068,-0.011595072909136063,0.7083357055574896,0.7056995409919428,-0.00025955060365137665,0.023018932347937664,0.10483250572680299,0.0014368349619640868
2.766,6.357619293004973,0.0012545946763512054,2.305335652251327,0.2554596643949445,0.010676577433705203,-0.011581418697823984,0.7083369404281099,0.7056987035982086,-0.0002541972068047934,0.023078585653082906,0.10426107796032395,0.0014742397741581584
2.768,6.359763526001188,0.0012541077164471225,2.3053815461059237,0.25566847268831844,0.01066372233874303,-0.011567621728166808,0.7083381748429034,0.7056978852268587,-0.0002434709219984289,0.02294651248913979,0.104403581126339,0.0014492014543914225
2.77,6.3616601250032545,0.0012536284757826157,2.3054275494550804,0.25587616455582113,0.010652069289113834,-0.011554083024181011,0.7083394079539197,0.7056970452855961,-0.00023961244099597967,0.023001271334145562,0.10384543203701642,0.0014746896047254925
2.7720000000000002,6.3637545029996545,0.0012531678060053492,2.3054732803099416,0.2560841652720138,0.010639319002902511,-0.01154041948852035,0.7083406333158564,0.7056962312517157,-0.00023032615484926768,0.022865014918559152,0.10399982346143034,0.0014395471729901114
2.774,6.3655994220025605,0.0012527123105510385,2.305519113057365,0.25629106702065335,0.010627786269485719,-0.011527024611933568,0.7083418512702979,0.7056954014315052,-0.00022774028819740573,0.02291597504963296,0.10345039143312809,0.0014566895196555724
2.776,6.36757385799865,0.0012522732792630692,2.305564666845781,0.2564982944076165,0.010615171776762605,-0.011513511487834688,0.7083430586213281,0.7056946000107635,-0.00021950784384583102,0.022776486327970347,0.10361317374679292,0.001417891583353156
2.778,6.369649204003508,0.0012518372743360899,2.3056103166678064,0.25670443449043834,0.010603789486666817,-0.011500270082439172,0.7083442553659467,0.7056937858070002,-0.0002179970167001962,0.022824515369852777,0.10306958970589694,0.0014307818269897357
2.7800000000000002,6.371671735003474,0.0012514155242269636,2.305655682474172,0.2569109106738367,0.010591319157615763,-0.01148692663323252,0.7083454373261822,0.7056930039997591,-0.00021086743883177926,0.022682500609167117,0.10323758671462684,0.0013859405476160562
2.782,6.373685837999801,0.0012509947533563648,2.3057011397736886,0.25711630500352733,0.010580090053411437,-0.01147385984605593,0.7083466069141853,0.7056922110296072,-0.00021038063526526588,0.022728258983663454,0.10269672612491838,0.0013964788511847991
2.784,6.375802801005193,0.0012505866417761398,2.3057463090923216,0.2573220418321561,0.01056778635828021,-0.01146068773384383,0.7083477613385937,0.7056914506600999,-0.0002040481346943779,0.022584262135146926,0.10286792666219023,0.0013514131662707243
2.786,6.377696547002415,0.0012501778596790774,2.3057915660408086,0.2575267006523571,0.010556727274187308,-0.011447797148536134,0.708348902317706,0.7056906801389724,-0.00020438472189142899,0.0226280879926744,0.10232898807010785,0.0013604490234836262
2.7880000000000003,6.379603783003404,0.001249780264371427,2.3058365318352094,0.25773170614373514,0.010544592697348207,-0.011434805003532032,0.7083500267157942,0.7056899435666574,-0.00019879010799846275,0.02248250552175306,0.10250226777405291,0.001313419575628854
2.79,6.382460079003067,0.001249380578182043,2.3058815820071787,0.2579356353829276,0.010533702786672306,-0.011422099752942727,0.7083511376752646,0.7056891968118785,-0.0001998346780678926,0.02252470379438815,0.10196421811402741,0.0013223818360230237
2.792,6.383722450998903,0.001248990832563719,2.305926338154114,0.25813991470702535,0.010521734049642698,-0.011409294413997078,0.7083522318477544,0.7056884842123107,-0.00019486666528173,0.02237768530847717,0.10213920984359581,0.0012750679322057247
2.794,6.385699375001423,0.0012485977955473092,2.305971175754982,0.25834311816364564,0.010511016147994807,-0.011396767793982847,0.7083533131074385,0.7056877610056035,-0.00019651029182689146,0.02241842387685478,0.10160133407425553,0.001284814377572217
2.7960000000000003,6.387677794002229,0.0012482137930805428,2.3060157171087483,0.25854667229987893,0.010499214857529035,-0.011384145941391135,0.7083543789419833,0.7056870705505932,-0.00019199592141626247,0.022270293375793677,0.10177663985757543,0.0012394054150905124
2.798,6.389625724004873,0.0012478254696372628,2.3060603378526117,0.25874914870957083,0.010488665653647334,-0.01137181054987807,0.7083554330832819,0.7056863681827924,-0.00019415415774783415,0.022310000331455977,0.1012378249930595,0.001250821179201964
2.8,6.391739664999477,0.001247444905463664,2.30610466036916,0.2589519766975803,0.010477033716249123,-0.011359379219197087,0.7083564732615557,0.7056856970753438,-0.00019027518473639567,0.022160879032774007,0.10141358863761726,0.0012075299933011062
2.802,6.393825001003279,0.0012470591381071377,2.3061490599561765,0.25915372610309195,0.010466657499084688,-0.011347229653569926,0.7083575026085875,0.7056850132729977,-0.00019287731865357408,0.022199425257520625,0.10087435541581294,0.0012201734739891944
2.8040000000000003,6.395626686004107,0.0012466805046169147,2.3061931596110883,0.25935582681788055,0.010455195195625822,-0.011334986244957372,0.708358519118662,0.7056843595916407,-0.00018930816781042846,0.022049452333399385,0.10104997335977733,0.001178438328473439
2.806,6.397675999003695,0.0012462960103734612,2.306237334343842,0.25955684718393857,0.010444988772654252,-0.011323019242593492,0.7083595268463089,0.7056836913028699,-0.00019224064851254818,0.022087003391692023,0.10050985102466234,0.0011939229046002112
2.808,6.399633658998937,0.0012459181247393755,2.306281207314845,0.259758219428092,0.010433687969013911,-0.011310957063345155,0.7083605233241014,0.7056830516610709,-0.00018893419629994188,0.021936116409039808,0.10068574457957061,0.001154304152011895
2.81,6.401867991000472,0.001245533817134323,2.3063251536445497,0.25995850929718284,0.010423641696054215,-0.011299169397977689,0.7083615120001594,0.7056823965365414,-0.00019214706831222888,0.021972808196183424,0.10014460668543053,0.0011710830634629286
2.8120000000000003,6.704009845001565,0.0012451556055391396,2.306368796844023,0.260159151105191,0.01041249993614661,-0.011287286859097502,0.7083624895194085,0.7056817699518008,-0.00018909755847159283,0.021821236294520104,0.10032053636067306,0.0011316179318521151
2.814,6.70571600200492,0.0012447767128518934,2.3064115258462023,0.2603626873463983,0.010398475087698617,-0.01127400884973281,0.7083634521996514,0.7056812226693431,-0.00018943977161915457,0.02136412582698741,0.10176767237216437,0.0010469440666207271
2.816,6.707856054999866,0.001244377882017202,2.3064538867728754,0.2605672725896638,0.010385516329980716,-0.011260164649707657,0.7083644267811997,0.7056806562557625,-0.0001994068253547245,0.021180102703615585,0.10229224144776161,0.0010868235397510212
2.818,6.709752512004343,0.0012439738016164683,2.306496313946979,0.26077126950136015,0.010374579806006064,-0.011247336443285202,0.7083654172624393,0.705680027451104,-0.00020203313804978605,0.02121323961594466,0.10199813739101236,0.0011544495233113483
2.82,6.711943132002489,0.0012435732761887793,2.306538804898376,0.26097458724960315,0.010364690462232805,-0.011235789652986128,0.7083663954894703,0.7056793747614787,-0.00020025618813765305,0.021245130219694305,0.10165856993967307,0.0011612064722638612
2.822,6.713770152004145,0.001243170867308463,2.306581663865856,0.2611758738320896,0.010356914150993792,-0.011225700051304176,0.7083673523305583,0.7056786890220094,-0.00020119675423346646,0.021429147037109027,0.10064305683639628,0.0011781823046826346
2.824,6.715931703998649,0.0012427769039452382,2.3066244422493662,0.2613766878543842,0.01034830926926927,-0.011216090417217973,0.708368283817884,0.7056780330235074,-0.00019697534696544314,0.02138884868145412,0.10040672331588621,0.0011249425906024112
2.826,6.717908721002459,0.001242376701140256,2.306667448575878,0.26157572980761334,0.010340871184151617,-0.01120679598402056,0.7083692033630644,0.7056773666724072,-0.00020009371304121752,0.021502829735784962,0.0995207462535007,0.0011336852156447832
2.828,6.915182889002608,0.0012419829592355091,2.3067102594204747,0.2617745668152436,0.010332018364714665,-0.011197152026768204,0.7083701165887786,0.7056767327232781,-0.00019686437039862206,0.021405083476242166,0.09941822262278541,0.0010940328810982811
2.83,6.917121614002099,0.0012415883031879483,2.306752235998248,0.2619758530066534,0.010319895962189489,-0.011185743868691875,0.7083710216081871,0.7056761825562818,-0.00019731879934185156,0.02098793743782703,0.10064273349549827,0.0010104924466753415
2.832,6.919180085002154,0.001241173965071632,2.3067939035516978,0.26217781628539444,0.010308490788561685,-0.011173417997842461,0.7083719449431517,0.7056756176639264,-0.0002071615193398261,0.020833440401870962,0.10098133289685067,0.0010513466836971895
2.834,6.921004057003302,0.0012407545690873785,2.306835679922186,0.26237888324417846,0.010298795066729377,-0.011161828513408106,0.7083728894292183,0.705674994545018,-0.00020969008567017807,0.020887857874528744,0.10053325285594795,0.0011190446929088445
2.836,6.923154872005398,0.0012403274030083544,2.30687788109119,0.2625777113507285,0.010291095249543131,-0.011151901576178671,0.7083738158376447,0.7056743338718044,-0.00021398888046292801,0.021100435249645194,0.0994146677668756,0.0011363102780368214
2.838,6.924982435004495,0.001239895414102272,2.306920590457171,0.2627734254182069,0.010281228473047787,-0.011147419169647219,0.7083741339410392,0.7056742291951887,-0.0002162697069473436,0.02135448049553944,0.0978575264662366,0.00023374337301699656
2.84,6.927376760002517,0.0012392640085416426,2.306963372851609,0.2629676000986867,0.010277381441778652,-0.011135346646109587,0.7083744071947338,0.7056742015386992,-0.00031615182767435557,0.021391053683706505,0.09708801120392956,0.00029168925146224624
2.842,6.9289965520001715,0.0012383852955874155,2.3070062360853356,0.263160087178175,0.010269173935125575,-0.011131442071085256,0.7083749742176434,0.7056738134338423,-0.0004397662140669549,0.021431461430489962,0.0962442048094849,0.0006220492277450833
2.844,6.931267619002028,0.0012374265276940224,2.3070489570507955,0.26335164944656597,0.010262251166939169,-0.01112262032300592,0.7083753236364652,0.7056737024865459,-0.000479381792086007,0.021360159329408015,0.09578097183677223,0.0003387121774162538
2.846,6.932907485999749,0.00123644186263992,2.3070918647601837,0.26354113827657694,0.01025546077756262,-0.011113091166237378,0.7083756836109032,0.7056735899817681,-0.0004927369509980617,0.021453717465511897,0.094745070107468,0.00035433126020939536
2.848,6.93513584700122,0.0012354187475821683,2.30713452503663,0.2637301964346257,0.010247384777757518,-0.01110179500470383,0.7083759074454071,0.7056736604151993,-0.0005115547810663147,0.021329818001331654,0.09452891929657044,0.00013417527445641988
2.85,6.936999174999073,0.00123440995758998,2.3071773060318352,0.2639175823433933,0.010238202850848201,-0.011091731877741798,0.7083761028171958,0.7056737558134488,-0.0005046287314750909,0.02139035504612105,0.09369350666741819,7.099941745931958e-05
2.852,6.939032750000479,0.001233353826030663,2.3072197805196617,0.264104883264526,0.010228886642216398,-0.011079485800383301,0.7083761572308389,0.7056740286699872,-0.0005288191976949776,0.021237164301426255,0.09365104688658676,-0.00013745066452240296
2.854,6.940913390004425,0.0012323156968645451,2.307262327216677,0.2642908256583339,0.010218664060899394,-0.011068900311858563,0.7083762101785426,0.7056742897426418,-0.0005192661676401913,0.02127315888193093,0.09297170389846743,-0.00015295822393518967
2.856,6.943083928003034,0.0012312163383777323,2.307304524071308,0.2644769565291325,0.01020892772252084,-0.011055880988313912,0.7083761294333111,0.7056747158141701,-0.0005501450342573915,0.021098307091310057,0.09306614577523414,-0.0003355748202941963
2.858,6.94496473500476,0.0012301208408537494,2.3073467489754838,0.26466196474809395,0.010198259215841214,-0.01104478442020354,0.7083759908740741,0.7056751829271392,-0.0005479641325378476,0.02111226730307285,0.09250464459489151,-0.00043380722239759733
2.86,6.947206593002193,0.0012289476633729874,2.307388592647163,0.26484735660629305,0.010188202664995875,-0.011031298756115969,0.7083756799635379,0.7056758512308646,-0.000587022690074217,0.020921708923864146,0.09269664715147488,-0.00066810608484068
2.862,6.948877998998796,0.0012277539503089538,2.307430440079813,0.26503178262636995,0.010177271454448574,-0.011019824638943451,0.7083752407957966,0.7056766290859903,-0.0005970894647902871,0.020923541226904666,0.09221357752474511,-0.0008651710724371444
2.864,6.950815838004928,0.0012264619516718276,2.307471890955721,0.26521672013346315,0.010167096314290056,-0.011005915734983125,0.7083745866706767,0.7056776494480456,-0.0006464252168871896,0.02072531342431038,0.09246947938812362,-0.0011566472915134516
2.866,6.952815734999604,0.0012250979670466217,2.307513329550754,0.2654008046391784,0.010156520727212565,-0.010993483116227333,0.7083736815616035,0.7056789040962971,-0.0006814031270173718,0.020719352504465834,0.09204336176635702,-0.0015126066721142075
2.868,6.9549755769985495,0.0012236449092162842,2.3075540409597903,0.2655868006201591,0.01014480025125048,-0.010978831481404253,0.7083725369700263,0.7056804497460687,-0.0007271278226358053,0.020355617011885443,0.09299872174375176,-0.0018859725238198084
2.87,6.956886300999031,0.0012221560817856766,2.3075945248376635,0.26577306137931267,0.01013217744042763,-0.010966024393346813,0.7083712458608571,0.7056821262628505,-0.0007446470322707886,0.02024181086667517,0.0931309944000595,-0.0021077193504282312
2.872,6.95919052100362,0.0012205750251036832,2.3076344782322407,0.26596077770571824,0.010120445394072655,-0.010951449894644338,0.7083697653426814,0.7056840071013266,-0.0007909669456266483,0.01997658689463296,0.0938589129891552,-0.0023598298349830193
2.874,6.9611186100009945,0.0012189675142845633,2.3076743753067603,0.2661483444397231,0.010108482783938732,-0.010939345736785835,0.708368232981784,0.7056859044879125,-0.0008035125128270039,0.019948570366370134,0.09378463897058341,-0.002431865481726975
2.876,6.963024757002131,0.001217213856916912,2.307713842762607,0.26633707110527466,0.010097966317150988,-0.010924786772533258,0.7083664823621345,0.7056880378581802,-0.0008770310572783072,0.019733532988622057,0.09436379693539583,-0.002715051675533996
2.878,6.965078626002651,0.0012152666046943363,2.307753280145948,0.2665254947835621,0.010088476785717844,-0.01091002921811317,0.708364248365062,0.7056906443596972,-0.000973402505147467,0.019718704111167714,0.09421306279498498,-0.003376004394188288
2.88,6.966925516004267,0.0012131150805532852,2.3077922996959064,0.26671497922946524,0.010078238618172773,-0.010893879617337305,0.7083615057785715,0.7056937931031794,-0.0010750200942600022,0.019509749349494506,0.09474324042974687,-0.004108123778137092
2.882,6.969049794002785,0.0012107165156381668,2.3078313618201567,0.26690397514227104,0.010068124086051213,-0.010878432026270722,0.7083580298873481,0.7056976647886493,-0.0011991199399294832,0.01953106937525423,0.0944993155595145,-0.005149029549478097
2.884,6.970942241001467,0.0012081330767470247,2.307870084043725,0.2670938580153283,0.01005599320638558,-0.01086298273058052,0.708354084305978,0.7057020361695633,-0.0012914557994912678,0.019361138099795193,0.09494264981281518,-0.0058555402965553595
2.886,6.973129882004287,0.0012052314478133105,2.3079089240437143,0.26728310465309335,0.010045697164721978,-0.010846545709163304,0.7083493768779164,0.7057071607198848,-0.0014504948848079995,0.01941992060527215,0.09462411596907845,-0.00689693968923421
2.888,6.975068808998913,0.0012020664641002455,2.3079474513879705,0.26747318933768477,0.010033971308746878,-0.010828780142565407,0.7083440049275194,0.7057129923868782,-0.0015823191492220568,0.019263717648275124,0.09504351681899047,-0.007869674528568054
2.89,6.977138786998694,0.0011986460933063672,2.3079861092566225,0.26766266977121617,0.010021864192361715,-0.01081136915831376,0.7083380481349075,0.7057194103179125,-0.0017092306645161322,0.019328900673866452,0.09474136840258254,-0.00870943732485465
2.892,6.978986991001875,0.0011949070833883932,2.3080244933281566,0.26785294254673114,0.01000935364427874,-0.010791455394656205,0.7083313365109626,0.7057266291183029,-0.0018694083848225097,0.01919207382240742,0.09513767197965625,-0.009785429187403476
2.894,6.981050601003517,0.0011909388075515286,2.3080630677210894,0.2680425885836854,0.009995319320889368,-0.010773091571144885,0.7083241175831685,0.7057343540877822,-0.0019833619873397563,0.019287103403136916,0.09482389955024709,-0.010536033272789198
2.896,6.9829422930051805,0.0011866007887495747,2.3081014079534676,0.26823298247336075,0.009982160516370187,-0.01075096545038947,0.708316074664272,0.7057429500785024,-0.0021693184568832183,0.019170124315494613,0.09519800455648246,-0.01168832930753011
2.898,6.98494637299882,0.0011820565528775926,2.308139983473493,0.2684227728989749,0.009966432018347805,-0.010731196966242201,0.7083075926224436,0.7057519860956071,-0.0022712307455334973,0.019287673309957305,0.09489599733007105,-0.012359239090901548
2.9,6.987083938001888,0.001177147559716435,2.308178353563107,0.2686133143536148,0.009952000688532093,-0.010707118555986389,0.7082983490199938,0.7057618323982068,-0.0024548482159855766,0.019185059015823677,0.09527176246052248,-0.013415894364056064
2.902,6.988977166998666,0.0011720415175860005,2.3082170013144223,0.26880328165882617,0.009934682899761578,-0.010685480738371757,0.7082887458989416,0.7057720418166021,-0.002552641922775568,0.019323916319743197,0.09498478211942557,-0.01397373256136117
2.904,6.991054867001367,0.0011666058487579348,2.308255470873906,0.2689940205930268,0.009918581583623734,-0.010659647971014121,0.7082784613531512,0.7057829799787722,-0.0027170003315716406,0.019234883415013927,0.09537076287329503,-0.0149305712971225
2.906,6.993121231003897,0.0011609679373301394,2.3082942716857113,0.2691841907935113,0.009899847490641517,-0.010636101647470801,0.7082678921554336,0.7057942046397846,-0.0028184492643603056,0.01940046145342336,0.09508622350018653,-0.015373289652066696
2.908,6.995136506004201,0.0011550313127473874,2.3083329332267053,0.26937511872308445,0.009881781790673422,-0.0106090980052286,0.7082565905040997,0.705806205296939,-0.002967687813163194,0.01933071842019951,0.09546490039548834,-0.016404223434810666
2.91,6.997104501999274,0.0011488691573272882,2.3083719799444,0.269565470838887,0.009861806166101649,-0.010583757248968744,0.7082450339034334,0.7058184616548094,-0.0030805547864566447,0.01952344035677849,0.09517723494497334,-0.016796379944441015
2.912,6.998966165003367,0.0011424474557814265,2.3084109168634326,0.26975659204892627,0.009842064818726775,-0.010555338464943644,0.7082327857420042,0.705831452820087,-0.0032102283839508493,0.01946841436615979,0.09556152284665878,-0.017777738099456517
2.914,7.32010686200374,0.0011357981521230615,2.3084502862976697,0.26994713605025156,0.009820837419057713,-0.010528230871805551,0.7082202709250981,0.705844710512078,-0.0033243335280934232,0.01968491966667833,0.09527298286311087,-0.01816915069103551
2.916,7.32185209599993,0.0011289627539069675,2.3084889035490037,0.2701409207990105,0.009797840704738428,-0.010497642013590151,0.7082072391795663,0.7058585610469961,-0.0034173531744979726,0.01930870499261374,0.09689363122271473,-0.018947184282851536
2.918,7.323858062001818,0.0011220325144274657,2.3085276446836267,0.270335669178502,0.009774815071698164,-0.010470503834081529,0.708194277748484,0.705872287672549,-0.003463973327999239,0.01937075211755246,0.09737603919495338,-0.018847500681916853
2.92,7.326152072004334,0.0011149135129102758,2.308567064360986,0.2705299860817593,0.009752646724477194,-0.010445877709750076,0.708181586427587,0.7058856919966906,-0.003559195598230005,0.019710039394074712,0.09715922167352266,-0.018432479157047044
2.922,7.328090579001582,0.0011074364613833719,2.3086071459551705,0.27072328421855796,0.009734288079804457,-0.010415667481873203,0.7081680302007131,0.7058999918601278,-0.0037383139543192526,0.020040548425140626,0.09664820803934106,-0.01959901410338363
2.924,7.329793650998909,0.0010998725920931692,2.308647791935406,0.27091545838922426,0.009711802910239438,-0.010385791758063588,0.7081535550049068,0.7059152631496951,-0.003782059147313391,0.020322565332539788,0.09608493389608172,-0.02097756169308023
2.926,7.33184325700131,0.0010923223313234242,2.3086882102504576,0.27110824313611676,0.009683017426550188,-0.010357251900330999,0.7081387003729844,0.7059309793036787,-0.0037741755487443,0.020209112394634993,0.09639222967645476,-0.021638021403633235
2.928,7.333793443001923,0.0010845767612324346,2.308729193686031,0.27130010948341676,0.00965799645440074,-0.010325493322037095,0.7081236016503792,0.7059469329049022,-0.0038726495501907213,0.020491625493728793,0.09593295028149894,-0.021913206861493565
2.93,7.54504787800397,0.001076725882792181,2.3087702546598377,0.27149230926932255,0.009632796522362227,-0.010292184688351027,0.7081081942468752,0.7059632181678657,-0.00392524377609823,0.020530719185478653,0.09610046621962162,-0.022334987017894367
2.932,7.54692318400339,0.0010688609522833568,2.308810505669995,0.2716881525366395,0.00960597348758466,-0.010257149572585954,0.7080924512440423,0.7059798840244709,-0.003932067242315113,0.02012565783628001,0.09792293227736794,-0.022851174182809644
2.934,7.548677203005354,0.0010610803303657515,2.308851010689221,0.27188502325155206,0.009577738289628813,-0.010229156941646073,0.7080769721642638,0.7059961988341061,-0.0038899136061117242,0.020252464474889778,0.09843611205095695,-0.022491754236725607
2.936,7.550704579000012,0.001053119765957915,2.3088922864270423,0.2720814492850236,0.009553130488427224,-0.010201414930018542,0.7080617400737904,0.7060122102874514,-0.003979852165527484,0.020638117856815085,0.09821372542019258,-0.022072144904143408
2.9379999999999997,7.55255130900332,0.001044808086520041,2.308933891479803,0.27227782964420466,0.009533407744990166,-0.010166805552842453,0.7080457086447256,0.7060290537020463,-0.004155953738850145,0.02080234606797013,0.09818955694690787,-0.023120745370112238
2.94,7.554867475002538,0.0010364278091065712,2.3089760658848273,0.27247355564325976,0.00950813167921531,-0.01013484767173577,0.7080292140245459,0.7060463953469527,-0.004190504774584938,0.02108690577527259,0.09786135150773566,-0.023875489167720088
2.942,7.556598788003612,0.0010280023928916867,2.3090186317510097,0.2726693407593627,0.009481554868335719,-0.01010736182554992,0.7080126075597546,0.7060637994477859,-0.004212629453028832,0.02128270314898137,0.09789118443903154,-0.02405734830881063
2.944,7.558656546003476,0.0010194342460656623,2.30906124715522,0.27286520176474177,0.009455348399560325,-0.010074091963370366,0.7079958503570429,0.7060814293939223,-0.004283426694165532,0.021307667099310666,0.09793045943793606,-0.024262178984533683
2.9459999999999997,7.560732201003702,0.0010108085059928698,2.30910446145719,0.27306025576075477,0.009425517176342895,-0.010044718830503098,0.7079786398942094,0.7060995034009869,-0.004313031666743961,0.02160670719902399,0.097525048094322,-0.024974458845277228
2.948,7.562678007998329,0.0010019431467377903,2.3091476806017988,0.27325571798619835,0.009400334191540988,-0.01000896856736469,0.7079614275342468,0.7061176045029439,-0.004431977731866599,0.021609520562928208,0.09773069997404632,-0.024884513974496182
2.95,7.564603853003064,0.0009929776675655106,2.3091915015127915,0.27345038569199975,0.00937449887099983,-0.009974462482747594,0.707944223763779,0.7061356844888935,-0.0044827333887509846,0.02191023843740095,0.09733302640940744,-0.024885411660086565
2.952,7.5665912730037235,0.0009838972438897834,2.309235324531338,0.2736455379875568,0.00934724235683338,-0.009939431780537111,0.7079267829516406,0.7061540247962504,-0.004539704253334008,0.02191152947962795,0.09757599714534061,-0.025242645553504726
2.9539999999999997,7.568542209002771,0.0009746871368734294,2.3092797645078873,0.27383982220722936,0.009319846081427073,-0.009904706071672544,0.7079093761125336,0.7061723249169538,-0.004605012859306628,0.02221976852501501,0.09714128428579857,-0.02519856802994334
2.956,7.570497631000762,0.0009653532971450338,2.3093242570855343,0.27403457543819293,0.00929160326518785,-0.009869020667176143,0.7078918668479939,0.7061907485873031,-0.004666283887841768,0.0222462622906442,0.09737641327798364,-0.025353930995342618
2.958,7.572535159000836,0.0009558880840891031,2.309369386809077,0.27422852120820074,0.009263522765643285,-0.009833636240265493,0.7078744506364724,0.70620906881771,-0.004732602590018116,0.02256464739217964,0.09697210689731729,-0.025219618521641826
2.96,7.5747071290024905,0.0009463278062034563,2.30941417429928,0.2744240937297735,0.009234688254029696,-0.009796559905017724,0.707856973667771,0.7062274794829091,-0.0047798722735693565,0.022394099276341846,0.09778688779008704,-0.025309315860465753
2.9619999999999997,7.576739784999518,0.0009366478997677639,2.30945947568508,0.27461942416731105,0.009205490978605051,-0.009762162933314032,0.7078395846184777,0.7062457656919771,-0.004839628896981753,0.022650774504237192,0.09766569908276816,-0.025191840191362468
2.964,7.57877029300289,0.0009267889686146277,2.3095048932851876,0.27481552212911153,0.009177562471699399,-0.00972537497169706,0.7078221242553892,0.7062641360307957,-0.004929070490581278,0.022709081145338747,0.09804947090462714,-0.0252610382186217
2.966,7.580752152003697,0.0009168094372225938,2.3095509578238604,0.2750111165216247,0.009149001932354201,-0.00968916539419336,0.7078047620185918,0.7062824043549509,-0.00498975891878624,0.023032052469848234,0.0977964137913316,-0.025141945072322338
2.968,7.582869357000163,0.0009067130001672451,2.3095970675063247,0.2752076568557439,0.009119043622132525,-0.00965227370313032,0.7077874070273269,0.7063006888778396,-0.0050475618040274695,0.02305486005923931,0.09827007918883054,-0.02515107320942908
2.9699999999999998,7.584926101000747,0.0008964864690689774,2.309643799235959,0.2754039998818093,0.009089833965367736,-0.00961601542061403,0.7077702719068003,0.7063187307235216,-0.0051135054256763075,0.02336553213664105,0.09816970165163323,-0.024823574529353104
2.972,7.586753686002339,0.0008861342428901921,2.3096904780963237,0.2756015066765051,0.009060216780066542,-0.009579310199497005,0.7077531599102576,0.7063367567421686,-0.005175376026037398,0.023339422115959265,0.09875301560037382,-0.02479531318830545
2.974,7.588707784001599,0.0008756690583872702,2.309737730622061,0.2757988333381115,0.009030312937595967,-0.009544018871717888,0.7077363087099532,0.7063545019928984,-0.005232279342117813,0.023626083873156015,0.09866223907521837,-0.02443802344604964
2.976,7.590729458999704,0.0008650474646441195,2.309784947850935,0.27599720115596116,0.009001118187762981,-0.009506805501479391,0.70771948155566,0.706372236110052,-0.005310834810748695,0.02360856078173957,0.09918311604738118,-0.024383257092176567
2.9779999999999998,7.592821607002406,0.0008543259964587371,2.3098327633427975,0.2761952986365764,0.00897083449181511,-0.009471426777794481,0.7077029576177382,0.7063896516671373,-0.005360702717442474,0.023907590721839313,0.09904715027191914,-0.023965427261510203
2.98,7.594939964001242,0.0008434473109066674,2.3098805461348473,0.2763943858800887,0.0089413479684763,-0.009434020059367675,0.7076864856156599,0.7064070283051991,-0.0054392775592600005,0.023891353543595943,0.09954279419023113,-0.023881195574914183
2.982,7.596804330998566,0.0008324534178063918,2.309928927746654,0.27659320480099775,0.008911405628478985,-0.009397981379002825,0.7076703490431878,0.7064240524506632,-0.005496882613328815,0.02419059476718447,0.0994078012194142,-0.023403911504424703
2.984,7.598842277999211,0.0008213257803477672,2.3099772631799143,0.2767929953946453,0.008881442330756493,-0.009360736893815209,0.7076542796024585,0.7064410217047532,-0.005563884169699083,0.024167566751221572,0.09989422907183693,-0.02331440889294431
2.9859999999999998,7.6007646869984455,0.0008100704161144614,2.310026198085616,0.276992496307851,0.008851490623324021,-0.009324425056578711,0.707638578017863,0.7064576060259854,-0.005627810586696597,0.0244670726803721,0.0997484360333728,-0.02278427847927829
2.988,7.602728598001704,0.0007986917648030748,2.310075082739989,0.27719292119031913,0.008821214078943316,-0.009287165396080418,0.7076229636650543,0.7064741156156852,-0.005689384213395065,0.02444218322218043,0.10021138824988739,-0.022670512930597953
2.99,7.604671989000053,0.0007871748754573749,2.310124571144142,0.2773930309890868,0.008791268459976622,-0.009250581001031351,0.7076077462451064,0.7064902106922143,-0.00575859785116431,0.02474381174751711,0.10005272915402899,-0.022093181424391692
2.992,7.606633768002212,0.0007755448116224199,2.3101740018631634,0.2775940182501716,0.008760599992933533,-0.009213401890621873,0.707592631810424,0.7065062154864339,-0.005814802786019679,0.024715196288746893,0.10049226039700124,-0.02197003712068744
2.9939999999999998,7.608717900002375,0.0007637735626268871,2.3102240385248614,0.2777946642941414,0.008730306420438972,-0.009176896761721712,0.7075779136734155,0.7065218060309295,-0.005885784706449045,0.02501794180387787,0.10032083342249284,-0.02138731503737183
2.996,7.6106643919993076,0.0007518879931046286,2.310274010036564,0.2779961406283511,0.008699315841285122,-0.009139732105914304,0.7075633438650615,0.7065372613099881,-0.005942515950801702,0.024985590455243366,0.10073672814980641,-0.021200038461752755
2.998,7.612691305002954,0.0007398630195378651,2.3103245886975823,0.27819724751371494,0.008668711810070867,-0.009103262840238914,0.7075491488500869,0.7065523236128611,-0.006012605761239875,0.025288878062521468,0.10055093644499732,-0.020648908255267724
3.0,7.614764641002694,0.0007277226757896019,2.3103750948649378,0.27839913579395154,0.008637438127713714,-0.009066082062943397,0.707535141195891,0.7065672118004971,-0.00606973156030988,0.02525284369184798,0.10094255031435453,-0.020404759683051384
3.002,7.616681676998269,0.0007154444567108614,2.310426209112056,0.2786006268843535,0.008606565529972446,-0.00902962655773047,0.7075214901299239,0.7065817248403318,-0.0061392441752963845,0.025556665017710395,0.10074298229040193,-0.019878495595956575
3.004,7.618750769004691,0.0007030480310758133,2.3104772432126937,0.2788028513215705,0.008575035019146348,-0.00899242672034412,0.7075080588142368,0.7065960315123557,-0.006197749107275215,0.025516760263887966,0.10111063835136541,-0.019586629929649872
3.006,7.620720070000971,0.0006905185506941732,2.310528883700534,0.2790046502589603,0.008543864711879347,-0.00895602618043187,0.7074949640213108,0.7066099828443726,-0.006264879411352909,0.025819799542155915,0.10089683336316205,-0.019091220187429106
3.008,7.622704194000107,0.0006778669515880519,2.3105804368953504,0.27920713353378307,0.008512095879856085,-0.00891878948380296,0.7074821202290711,0.7066236968670482,-0.006325320944440005,0.02577631943518517,0.10124010307402641,-0.018754057667944336
3.01,7.625025790002837,0.0006650870046474434,2.3106325944338404,0.2794091622620443,0.008480668999236062,-0.008882406510615434,0.7074695992503359,0.7066370689713884,-0.006390122591365496,0.026078316451196074,0.10101161293371458,-0.018278288265104106
3.012,7.919077652004489,0.0006521807454701787,2.310684656736731,0.2796118282119056,0.008448675250660802,-0.008845136527550309,0.707457353038462,0.7066501801302614,-0.006452606451537659,0.026030839120978692,0.10133125082692239,-0.01790612555794884
3.014,7.921023246002733,0.0006391747023014871,2.310736178571059,0.2798167251450876,0.008416761278519298,-0.008806464713731452,0.7074452351672005,0.7066631754577642,-0.006502093191493728,0.025761255507165255,0.10244893736270515,-0.017709426508633063
3.016,7.922953116001736,0.0006261454076535349,2.310788305965167,0.2800215820982042,0.008384180413142272,-0.00877100422501219,0.7074332478184264,0.7066760041806693,-0.0065147863200172495,0.026063523340834387,0.1024277454553055,-0.017536128279730386
3.018,7.924971223001194,0.0006129959950482659,2.310841386583914,0.2802257966541715,0.008350692242044695,-0.008737070479679865,0.7074217135144263,0.7066883675191101,-0.0065747391320666515,0.02653975392652069,0.10210424552746034,-0.016906628932580735
3.02,7.92721230800089,0.0005996196278723236,2.310894635863603,0.28043013200364936,0.008320381468788978,-0.008698754852526181,0.7074104654260329,0.7067004572815506,-0.006688199347262553,0.02662409449239857,0.10216433840631928,-0.016446602589160978
3.022,7.9289485570043325,0.0005861378250699299,2.310948307878165,0.28063409562012354,0.008289021307468286,-0.008662223398964178,0.7073995530125277,0.7067121977221187,-0.006740911400110617,0.026835472305951652,0.10197833510276097,-0.01598605727521833
3.024,7.930900282000948,0.0005725440242655326,2.3110016992751077,0.28083860000688465,0.008255981812887662,-0.008625565950234532,0.7073888824858313,0.7067237135626554,-0.006797075197177965,0.026695310815559307,0.1022495413859971,-0.015667221657128593
3.026,7.9328610919983475,0.0005588502937047242,2.3110557150810376,0.2810424544202654,0.008223206934147327,-0.008590209153360765,0.707378566190952,0.7067348521673831,-0.00684694534833431,0.027007413306319953,0.10192410285179763,-0.015161138914579599
3.028,8.119989021004585,0.0005450087601865201,2.311109645379019,0.28124658831743987,0.00819068972680807,-0.00855307465506186,0.707368551179038,0.706745704138775,-0.006920914249664732,0.026964760307020334,0.10206430457842378,-0.014725432084839674
3.03,8.121996201000002,0.0005310722333355007,2.3111630164701706,0.28145251630703183,0.008158141478788048,-0.00851447945898584,0.707358547939021,0.7067565585297065,-0.006968157781323113,0.026685744881433174,0.10296386701605255,-0.01470353285239962
3.032,8.12385622200236,0.0005171487927340718,2.3112170547951,0.2816581336513598,0.00812272169301665,-0.008480769928263302,0.7073490421710921,0.7067668855240464,-0.006961259581493025,0.027018885510439048,0.10280713931505604,-0.014058089392048103
3.034,8.126218666999193,0.000502908753243745,2.311272032554844,0.28186294992298383,0.00809303285535702,-0.008442453735052495,0.7073401140368927,0.7067766202050046,-0.007120036540567778,0.027488321789094862,0.10240477328993366,-0.013136451231023426
3.036,8.127905093999289,0.0004885806343664684,2.3113275318189257,0.282067095499105,0.008060594553446493,-0.008407424943137504,0.7073313274976605,0.7067862018755516,-0.007164065437518879,0.027749105011378845,0.10206904598731803,-0.012977756671912843
3.038,8.130071653999039,0.0004741054095479223,2.3113829187932704,0.2822708735550073,0.008028300250739391,-0.00837061558501349,0.7073227879961397,0.7067955523142319,-0.007237610377278015,0.02769295052291752,0.1018853975761196,-0.012624241382075622
3.04,8.131816872002673,0.0004595565871497124,2.3114387950098556,0.28247358021717844,0.007994906453453453,-0.008335858071451473,0.7073145944596764,0.7068045411606784,-0.007274423676527521,0.027937602574269325,0.1013497605232051,-0.012149475942334727
3.042,8.133966207002231,0.0004448744990735074,2.3114944565598337,0.2826760388681673,0.007961605980135239,-0.008299099887591801,0.7073066617927424,0.7068132879020317,-0.007341200231752882,0.027830353656491967,0.1012262732944737,-0.011776843143917375
3.044,8.135811341999215,0.0004300794042931444,2.311550735457915,0.282877241063903,0.007928811595597341,-0.008263087884736531,0.7072991017620318,0.7068216436781725,-0.007397568641118621,0.028138954191147633,0.10059771943610041,-0.0112391260157667
3.046,8.13788963299885,0.00041514566103563553,2.3116068735378748,0.28307813860610825,0.00789571160481696,-0.00822560693930308,0.7072917903275843,0.7068297676696522,-0.007467009742206705,0.02806862556052452,0.10044576402548726,-0.010889910482468715
3.048,8.13976798600197,0.00040010822891409096,2.311663594441954,0.2832778079873425,0.007862394193663469,-0.00818951885734387,0.7072848206318154,0.7068375322818174,-0.007518736769603258,0.028359956327731584,0.09983134336265173,-0.010407364299278406
3.05,8.14200209700357,0.0003849327452331158,2.311720136533969,0.28347723873859076,0.007828659959396819,-0.008152090863734609,0.7072780985500712,0.7068450656326218,-0.007587925455967531,0.02827069168209565,0.09971249872698014,-0.010058809675537038
3.052,8.14396631999989,0.00036965673314778586,2.3117772366871012,0.2836754714074147,0.007794851673993939,-0.00811590021550508,0.7072717121725826,0.7068522459549352,-0.0076380482547894635,0.028549602986740013,0.09911309036537962,-0.009585087533762103
3.054,8.14591446200211,0.0003542377243081398,2.31183415421637,0.2838735040237952,0.007760816420655182,-0.008078245429804485,0.7072655934361776,0.7068591741079917,-0.007709450219025842,0.028458586078192533,0.09901371878031678,-0.009202368225092974
3.056,8.147932892999961,0.0003387181042871696,2.311891610825926,0.28407036575197153,0.007726762085069856,-0.008041758895074398,0.7072597865157983,0.7068657734246167,-0.007759901275187848,0.028727861835365215,0.09842770110862684,-0.008764297174998974
3.058,8.149902883000323,0.0003230970696580667,2.3119484866825952,0.2842679008906939,0.007692524746221405,-0.00800306975711696,0.7072540492594145,0.7068723263388189,-0.00781006236255625,0.02843774390554886,0.09876583705211463,-0.008676684611395275
3.06,8.15185304699844,0.000307349023018837,2.3120058835529123,0.28446456131444453,0.007657265836418099,-0.007966666816028837,0.7072488959143296,0.7068782764576336,-0.007873510084002467,0.028698125775986322,0.09832811813267883,-0.007860206980729728
3.062,8.153857887999038,0.00029144344537018405,2.3120632205740392,0.2846613460009608,0.007623186986999381,-0.007928027235696982,0.7072439544700929,0.7068840232101845,-0.007952189978374068,0.02866823034419971,0.09839024342818564,-0.007541273993321571
3.064,8.155727634002687,0.0002754071970048418,2.312121064610721,0.2848573097674454,0.0075888967282654735,-0.007890579854888679,0.7072393291775256,0.7068894387812884,-0.008018298986894249,0.028921632020609506,0.09797892826048006,-0.007085727104796778
3.066,8.157709612001781,0.0002592569322704872,2.312178656723989,0.2850535811253597,0.007553296745310993,-0.007852947549766238,0.7072349234458841,0.7068946470171862,-0.008074571765647152,0.02879575630934123,0.09813342980702229,-0.006800698865127976
3.068,8.159978952004167,0.00024299252841153375,2.312236704754478,0.2852491039341959,0.0075178647003107035,-0.007816437723369063,0.70723077795796,0.706899576828734,-0.008132370739559037,0.029023628299080655,0.09775843443004155,-0.00641896916159415
3.07,8.161906223002006,0.00022660766434701293,2.3122945296714623,0.2854448974333574,0.0074823009406505695,-0.007778832157681045,0.7072268747712309,0.7069042739609189,-0.008191901290824219,0.028912165715633664,0.097894504847168,-0.006083874770322136
3.072,8.163771254003223,0.0002100941795923233,2.3123528161491476,0.28563989194097195,0.007447213326890432,-0.007741940767264459,0.7072232659005294,0.7069086599666248,-0.008256916784849902,0.029142859351432782,0.09749426314284224,-0.005649416454352609
3.074,8.165768817001663,0.00019345941942794723,2.3124108645947605,0.2858351273114815,0.007411646003187522,-0.007704220602907957,0.7072198775625129,0.7069128356939698,-0.008316820185070925,0.029023934985954583,0.09761546281881263,-0.005350303184506288
3.076,8.16785905600409,0.00017670320956831437,2.3124693605407503,0.2860295560177253,0.00737627885870326,-0.0076675346878453616,0.707216748504431,0.7069167348824258,-0.00837827369990541,0.029247599275860577,0.09721135200176773,-0.004969645458599468
3.078,8.169731763999152,0.00015982615918489016,2.3125276079545154,0.28622420838172424,0.007340478914706701,-0.007630023895869911,0.7072138350094697,0.7069204281076122,-0.008437967123079412,0.02912343380529054,0.09732393162111648,-0.004676834049224448
3.08,8.173119580002094,0.0001428271422763529,2.3125862927871936,0.28641803452301434,0.007304980093346146,-0.007593456084279215,0.7072111783922903,0.7069238472760133,-0.008499674224006595,0.02934204420317274,0.09691006024069979,-0.004298038171951713
3.082,8.173651304001396,0.00012570636268270045,2.3126447202887674,0.2866120601491985,0.007269131882804076,-0.007555993333109811,0.7072087266132873,0.7069270709828797,-0.008559833129274648,0.029213482605904187,0.09701047428948477,-0.004019010677720558
3.084,8.175735903001623,0.00010846316304227114,2.3127035745430544,0.28680524024958176,0.007233584293307638,-0.0075194844792243875,0.7072065230083426,0.7069300293705798,-0.008621763856421855,0.029426753883465898,0.09658700222894018,-0.0036527243504256425
3.086,8.177704544003063,9.1098960175829e-05,2.312762161669452,0.2869985995398529,0.007197669804053978,-0.0074821212360734034,0.7072045130080572,0.7069328031660698,-0.008681547102034661,0.029293301822100555,0.09667726676930838,-0.0033896468194716716
3.088,8.179697799998394,7.361238662528021e-05,2.3128211639039082,0.28719109526831416,0.007162048952347958,-0.0074457229092609765,0.7072027438654935,0.7069353190598698,-0.008743447468260621,0.02950074524759658,0.09624480433052436,-0.0030339687760708007
3.09,8.181736518003163,5.6005317255634554e-05,2.3128798892838227,0.2873837509267542,0.007126084400665498,-0.0074084647147231114,0.7072011531193297,0.7069376652848366,-0.008802993454739115,0.029362416300566713,0.09632537981688219,-0.0027920401785007415
3.092,8.18372084400471,3.827518250245233e-05,2.312939018394528,0.28757552566110467,0.007090424923307511,-0.007372167173899085,0.7071997963531156,0.7069397605621563,-0.008865224728050748,0.029564184794580076,0.09588429526479557,-0.002445949115282268
3.094,8.185677781999402,2.0425738474710332e-05,2.3129978614812132,0.2877674426446856,0.007054437549393923,-0.0073350183276921195,0.7071986055235254,0.7069416982768629,-0.00892418364783312,0.02942128073712989,0.09595603666290646,-0.0022213301755484717
3.096,8.18769572200108,2.451627699386928e-06,2.3130570966439694,0.28795846160203203,0.007018765005749869,-0.0072988188252744194,0.7071976426944314,0.7069433911912532,-0.008987209604646839,0.029617209582705112,0.09550639298480862,-0.0018836679910993173
3.098,8.189617153002473,-1.564026250676625e-05,2.3131160362098084,0.28814960625656705,0.006982741091641918,-0.0072618110729837865,0.7071968314201392,0.706944940611433,-0.0090454138701153,0.029469531405706503,0.09556987357747164,-0.0016796353680984609
3.1,8.191843840002548,-3.385751022611568e-05,2.3131753560596056,0.28833983752790016,0.006947042689610998,-0.007225743219706907,0.7071962430010253,0.7069462505155722,-0.009108779149261054,0.029659549678562814,0.09511253869381485,-0.0013492180859058947
3.102,8.193687020000652,-5.219134971527848e-05,2.3132343705781904,0.2885301793365707,0.006911019323090704,-0.0071888582333564975,0.7071957930091853,0.7069474297847939,-0.009166384939479418,0.02950702152417605,0.09516845392897892,-0.0011635271885152968
3.104,8.195675296003174,-7.0652206232414e-05,2.313293753241221,0.2887195936219282,0.006875343428213639,-0.007152894126830962,0.7071955595978224,0.7069483759394865,-0.009230589711260626,0.029690963871271098,0.094704066168059,-0.0008413339659967698
3.106,8.197696814000665,-8.922806080959543e-05,2.313352821131598,0.288909105287387,0.00683933169444617,-0.007116149404119708,0.7071954466951526,0.7069492090194849,-0.009287355698250904,0.02953372408263696,0.09475337366287767,-0.0006821238467488955
3.108,8.199768826001673,-0.0001079320529894165,2.31341224531371,0.2890976763414715,0.0068036679338113045,-0.007080323467590178,0.7071955477832157,0.7069498117390216,-0.00935220776387719,0.029711758139718786,0.09428257778452254,-0.0003608310586281306
3.11,8.20175016400026,-0.00012674919846824163,2.3134713455623808,0.28928633211771887,0.006767678494583724,-0.007043727634873648,0.7071957536229009,0.7069503168444987,-0.009408003280512658,0.029549905628315606,0.09432542932145942,-0.00022575395576667563
3.112,8.491712089002249,-0.00014569672209113586,2.313530789570616,0.28947403607145716,0.006732075897591314,-0.007008011905468371,0.7071961721642693,0.7069505930398863,-0.009473971247081896,0.02972167697540668,0.09384903364292,9.423502109031558e-05
3.114,8.493698987003881,-0.00016471025410189077,2.313589180238996,0.28966349789835777,0.006696291806983928,-0.006970136075899,0.7071962365507889,0.7069512429351262,-0.009507648639176565,0.029195472115394135,0.09473008641541747,-0.00040464609664471473
3.116,8.49560739500157,-0.00018361686618265614,2.3136478714163933,0.2898526633904586,0.006656237381182926,-0.006939124660917474,0.7071963968096041,0.7069517659588798,-0.009453366062879517,0.029345418821129846,0.09458104585518326,-0.00032977675639711925
3.118,8.497688966002897,-0.0002027947121604175,2.3137071909078215,0.29004075640005894,0.006620465361438179,-0.006904509450972175,0.7071971483538483,0.706951688977277,-0.009589148532460502,0.029659453062299952,0.09404364023712268,0.0005706677641251724
3.12,8.499606745004712,-0.0002222695845521998,2.3137668812159355,0.2902277692397279,0.006589970807199,-0.006865032453476079,0.70719812534402,0.7069513810185794,-0.009737455860682533,0.02984473185011793,0.09350275048340857,0.0009593607810556404
3.122,8.501623691001441,-0.00024181149351507232,2.3138258888624743,0.29041493172370164,0.006554462364679761,-0.006828177190271884,0.7071990202575678,0.7069511728302772,-0.00977113715326718,0.029503507272625722,0.0935780026153794,0.0007792026554716044
3.124,8.503586634004023,-0.00026139014333024634,2.3138851643082203,0.2906012065766037,0.006516546866689838,-0.006795618296297084,0.7071999731376427,0.7069508838547574,-0.009789494046812544,0.02963738338653429,0.09313429976329078,0.0008327734126370749
3.126,8.505585491999227,-0.00028110108464718137,2.3139441402768783,0.29078741879435666,0.006480291433298029,-0.0067607541449984,0.707201066978005,0.7069504571690309,-0.009854940904742048,0.029487772381860275,0.09310370350711678,0.0010488966683197718
3.128,8.690494228001626,-0.00030094602216239677,2.314003451057139,0.29097252487775743,0.006445819343443415,-0.006725394347936241,0.7072023772892115,0.7069497988120119,-0.009922627391863946,0.029655052891648305,0.09254986959537263,0.0013883966060767733
3.13,8.692495095005143,-0.00032086049927901317,2.314061666597283,0.29115918399682406,0.006411568006482677,-0.0066871591616919435,0.7072032779681857,0.7069495719845211,-0.00995788020499665,0.02910789958361661,0.09332867724569821,0.0008119229238591831
3.132,8.694248564999725,-0.0003407105244682424,2.3141201582205486,0.29134541790475027,0.006372973883836762,-0.006655840878789345,0.7072043835518519,0.706949110524313,-0.009924890227498795,0.029245617002711978,0.09311506298253375,0.0010447834900444526
3.134,8.69627315600519,-0.000360826862196407,2.314179250471247,0.2915304795211893,0.006338090218706528,-0.006621634283725374,0.707205997186931,0.7069481311345485,-0.010058357945034006,0.02954579310504914,0.0925277641659046,0.0018195952614964122
3.136,8.698208503003116,-0.0003812151303019106,2.3142386671837585,0.2917143744697055,0.006307512113203434,-0.0065836106200734615,0.7072077788630744,0.7069469774160592,-0.01019415295587038,0.029707952622342614,0.09194380017193103,0.0021141196176524706
3.138,8.700245662999805,-0.00040167064490514125,2.3142973676683183,0.29189830626321683,0.0062723073733283235,-0.0065478651992574065,0.707209454201816,0.7069459466671524,-0.010227944220796106,0.029349944957746885,0.09196268179842278,0.0019072257575471895
3.14,8.70221060300537,-0.00042216671527515494,2.314356298228697,0.29208124467301855,0.006235135658712293,-0.006515987326542075,0.7072111795449884,0.7069448440430582,-0.010248201217593324,0.02946495101848179,0.09146608010315337,0.001956355851876035
3.142,8.704195908998372,-0.000442795710770787,2.314414899100731,0.29226401455851897,0.0061997594137922175,-0.006481695059672029,0.7072130113481481,0.7069436379176552,-0.010313978692727089,0.029300229166935327,0.09138251818967015,0.002124260673722997
3.144,8.706178499000089,-0.00046355920989529266,2.31447379411275,0.29244558750080507,0.006166031126337769,-0.006447031095018233,0.7072150274356207,0.7069422330144403,-0.010381906088563153,0.029447186309733295,0.09078328177137013,0.002415520017530751
3.146,8.70826370100258,-0.0004844517137628365,2.3145322802595834,0.29262699341167697,0.006132169083128999,-0.00641127589490853,0.7072170951775247,0.7069407841767223,-0.010445734661281092,0.0292428747060295,0.09070054195005833,0.0024814366320819402
3.148,8.710362105004606,-0.0005054558152339326,2.3145910148999898,0.29280725752730646,0.006098000848752738,-0.0063771782236328465,0.7072192434017294,0.7069392390763424,-0.010502240921703333,0.029367030940993525,0.09012904134845505,0.0026034440571634015
3.15,8.712255746002484,-0.0005265677222291007,2.3146493430939805,0.2929873874048028,0.006063353107700612,-0.0063425844447442,0.7072214022593629,0.7069376885963522,-0.010555365808118937,0.029163924740676486,0.09006255151282147,0.0026042901437779834
3.152,8.714217742002802,-0.0005478079365060992,2.314707911285299,0.2931663691750801,0.006029130321196523,-0.0063088523868595125,0.7072237247208396,0.7069359597312285,-0.010620299623730754,0.02928383005903126,0.08948792260850552,0.0028547844534798153
3.154,8.716242289003276,-0.0005691539779020529,2.3147660645452133,0.2933452200228024,0.005994835663724797,-0.006274212635642425,0.7072260281426318,0.7069342553015555,-0.01067245776448651,0.029076469384961074,0.08942306633437361,0.0028179944586029545
3.156,8.718258491004235,-0.0005906403610332778,2.31482444180568,0.29352293003646696,0.005961031231500859,-0.006240335389330845,0.7072285217903759,0.7069323463296088,-0.010743344403800294,0.029188361892218045,0.08885204428642675,0.003106442479444668
3.158,8.720177896000678,-0.0006122250694766537,2.314882396702072,0.29370052349312936,0.005926847892899611,-0.006205902998006233,0.7072309554882418,0.70693050212961,-0.010791791974712837,0.028977292883568862,0.08879438231952845,0.003008373253242027
3.16,8.722246094999718,-0.0006339530445404092,2.3149405626683204,0.29387698754012015,0.005893072657221052,-0.0061723098883571465,0.7072335920558211,0.7069284408998688,-0.010863958183499408,0.0290828728489916,0.08822927711170064,0.003315919344056862
3.162,8.724198971998703,-0.0006557747672370018,2.314998297929418,0.29405334928893545,0.005858919652919638,-0.006138198401806173,0.7072361412650431,0.7069264714731036,-0.0109103000810098,0.028867479645240862,0.08817854276835725,0.003176856491641539
3.164,8.726281889001257,-0.0006777431591105491,2.3150562319514387,0.2942285932841487,0.00582524896590283,-0.006104848563252619,0.7072389111089648,0.7069242674515502,-0.010984157542474633,0.028966900448359017,0.08761926391119419,0.0035100747274028157
3.166,8.72836213499977,-0.0006998049355772806,2.31511372658193,0.29440374678761394,0.0057912837074124875,-0.006070934125701959,0.7072415633943553,0.7069221851090612,-0.011030327629552538,0.028747169571315637,0.0875744306029443,0.003329554619764628
3.168,8.73030111999833,-0.0007220104307761018,2.3151714079891086,0.2945777925226831,0.005757545884860711,-0.006038008532150343,0.7072444396318349,0.7069198651390419,-0.011102699573607338,0.028840594774392745,0.08702014479429854,0.0036641579098197607
3.17,8.732454604003578,-0.0007443145460048293,2.3152286421637087,0.29475175784592866,0.005723831434669158,-0.006004234685294426,0.7072471752561701,0.7069176897006608,-0.011151498555829413,0.028616945660914394,0.08698034606005105,0.0034549911369616856
3.172,8.734460917003162,-0.0007667587991701018,2.3152860526734558,0.2949246255423851,0.005690121663506074,-0.005971662600210175,0.7072501404142162,0.7069152711926056,-0.011222070840268097,0.028705148556138756,0.08643113494595306,0.003794656176887278
3.174,8.736349604005227,-0.0007893057303603214,2.315343008357821,0.2950974236470443,0.005656677861740044,-0.005938039233844782,0.7072529421847217,0.7069130197249734,-0.011272909232923824,0.028477708940696157,0.08639678929527157,0.00355610416599108
3.176,8.73828016799962,-0.0008119898122346519,2.3154001292533097,0.2952691354667894,0.005623038463250725,-0.005905811979375287,0.7072559765708192,0.7069105222219866,-0.011341978337685958,0.028560343197112113,0.08585320623267148,0.0038977689784063163
3.178,8.740277928001888,-0.0008347794888990115,2.315456788228541,0.29544078902388893,0.005589870062171171,-0.005872370681439224,0.7072588283391086,0.7069082106975836,-0.011394284460051063,0.02832935689147085,0.08582451532960428,0.003634495429642505
3.18,8.742611991998274,-0.000857703216805351,2.3155136021358946,0.29561136720584735,0.005556342219785629,-0.005840489623388273,0.7072619186429122,0.7069056472964708,-0.01146151339458655,0.028406794217082577,0.08528656821573073,0.003975364956128699
3.182,8.744432047002192,-0.0008807364203405471,2.315569947317191,0.2957818973742962,0.00552349833829513,-0.005807218101389186,0.7072648069507252,0.7069032890240243,-0.011516050563963601,0.02817246103402196,0.08526282500826515,0.003694294673265065
3.184,8.746343311999226,-0.0009038994043834578,2.315626437264887,0.29595136362963825,0.005490121837385337,-0.005775693026877825,0.7072679298285067,0.7069006828178683,-0.011581024208727477,0.028244796091192466,0.08473069815660329,0.004024585422151955
3.186,8.748399818003236,-0.0009271759308787158,2.3156824520708907,0.2961207916619802,0.005457619466111401,-0.0057426115544441,0.7072708473497754,0.7068982849685155,-0.011637734952603075,0.02800727672033132,0.08471175910293206,0.0037438297494624246
3.188,8.750388208005461,-0.0009505784533876483,2.3157386014014434,0.29628916703911307,0.005424440572309987,-0.005711433483295975,0.7072739880793921,0.7068956505442052,-0.011700794030181181,0.02807449160539787,0.08418525883055297,0.004056448749784853
3.19,8.752533122999012,-0.000974099047143945,2.315794269133752,0.29645751303494494,0.005392294321530376,-0.005678555939312181,0.7072769241915059,0.7068932236700229,-0.011759805872750367,0.02783374489525323,0.08417073923470238,0.003778402632224178
3.192,8.75448245100415,-0.00099774136249557,2.315850061753073,0.2966248166212331,0.005359308835991949,-0.005647752719591435,0.7072800773796325,0.7068905663820105,-0.011820691545410985,0.027896138106744787,0.08364937432376615,0.00408054893691206
3.194,8.756586134004465,-0.0010215059167574562,2.315905367115891,0.2967920981655976,0.005327517376833262,-0.005615104527827963,0.7072830249374592,0.7068881175936249,-0.011881795224782625,0.027652560613211346,0.0836385091313997,0.003802714162603822
3.196,8.758341690001544,-0.001045387953531006,2.315960787443379,0.2969583484401883,0.0052947824572653745,-0.005584655242359451,0.707286183361382,0.7068854445598972,-0.011940555732040304,0.02770999615531539,0.08312271773998661,0.004094979969233832
3.198,8.760336586004996,-0.0010693971309421848,2.31601571476097,0.2971245829867944,0.00526338155714318,-0.005552226704389504,0.7072891361034195,0.7068829800916737,-0.012004110415039024,0.027463538891688424,0.08311500978475152,0.003818394239305881
3.2,8.762407845002599,-0.0010935199145236107,2.316070747852168,0.29728979617866763,0.005230907074294581,-0.005522139922033928,0.7072922919033743,0.7068802991991879,-0.012060939028829992,0.02751638078735811,0.08260417139281434,0.004098323544021846
3.202,8.764380289998371,-0.0011177733883777023,2.3161252833961625,0.2974549990531193,0.005199862245924907,-0.005489986163156906,0.7072952409231997,0.7068778279532782,-0.012126260947509689,0.027267655901937013,0.08259918450084298,0.0038209133447827583
3.204,8.766373680999095,-0.0011421377629659193,2.3161799166935992,0.2976191891329491,0.005167679410635706,-0.005460257049466269,0.7072983853500242,0.706875147931876,-0.012181741107166936,0.02731648615758629,0.08209261244099943,0.004089515582393743
3.206,8.768351667000388,-0.0011666346651265837,2.3162340473811485,0.2977833746791509,0.00513699837467903,-0.00542839925019387,0.7073013207286243,0.7068726797838653,-0.012247976227198185,0.02706523392878352,0.08209052072114263,0.003809390207082589
3.208,8.770323149001342,-0.0011912399348899608,2.316288266886518,0.2979465564478473,0.005105124632904717,-0.005399033116010349,0.7073044457620238,0.7068700086643733,-0.012302198430664964,0.027109592508165706,0.0815884489473731,0.004069432705513037
3.21,8.772387413002434,-0.0012159810777971816,2.3163419795470443,0.2981097376483052,0.005074845594619702,-0.00536744965558887,0.7073073606713169,0.7068675505118063,-0.012370098350580547,0.026856226096098744,0.08158834281552728,0.003788464769484837
3.212,8.774345320998691,-0.001240827905410801,2.316395773329384,0.29827192220267,0.005043281478211126,-0.0053384620205855805,0.7073104596309611,0.706864895034281,-0.01242297880112042,0.026896733585559357,0.08108985554604262,0.004039732740090461
3.214,9.11087412800407,-0.0012658129751089925,2.316449056427835,0.2984341093538247,0.005013376143362019,-0.0053071987403275015,0.707313346156397,0.7068624548313605,-0.012492069366755293,0.02664145872929117,0.08109138239252497,0.0037556856613819704
3.216,9.112678659999801,-0.0012908435103846753,2.316501445828956,0.2985976459292134,0.004982753866349392,-0.005275911244199714,0.7073158221964706,0.7068604279452779,-0.01251542629560854,0.026195199981155437,0.08176840213168952,0.0031777515984188287
3.218,9.114661505002005,-0.0013157312933994737,2.3165539758076856,0.29876072116193997,0.004948100978032859,-0.0052519248045037326,0.7073181526116499,0.7068585180703434,-0.012443803419555048,0.02626489292390519,0.08153574980390575,0.002928290127905806
3.22,9.116591960002552,-0.0013408526567823022,2.3166067916408597,0.2989227650088531,0.004917571064490011,-0.005224636455709198,0.7073208587651074,0.7068562254267289,-0.012560254655687381,0.02640776859525675,0.08101947651735603,0.003502560247491108
3.222,9.118642697998439,-0.001366302637879414,2.3166596667117476,0.29908369641394084,0.004893295827693081,-0.005191228725351982,0.7073236205974971,0.7068538763741145,-0.012725021187179726,0.02643713045523873,0.08046238159453735,0.0036507915198533882
3.224,9.120654468002613,-0.0013918264062436157,2.316711747492877,0.29924475936595024,0.004864029569172417,-0.005160890003602558,0.707326188801726,0.7068517306097128,-0.012761842980162913,0.02604040256377327,0.08052877538402586,0.003333929944617981
3.226,9.122636204003356,-0.0014173765913625055,2.316763857811726,0.2994049037369377,0.004832018774426437,-0.005135361856547106,0.7073286729089779,0.7068496503033653,-0.012775086297963,0.026055163806718434,0.08006957108576444,0.0031913929601857624
3.228,9.124592124004266,-0.0014430229240911504,2.3168154933004277,0.29956496797638854,0.004802143940718958,-0.0051075162702516426,0.7073309898556756,0.7068477371265414,-0.012822640585996973,0.02581764644082571,0.08002984497372503,0.002963777255754395
3.23,9.309796567999001,-0.0014688153988922717,2.3168672075845085,0.2997239163228757,0.004773674182138504,-0.005079465798519329,0.7073335766187003,0.7068455435594128,-0.012895789058307027,0.025857021159025995,0.07947174937706233,0.0033626340960403226
3.232,9.311662798005273,-0.0014947087531995504,2.31691775411895,0.29988430533218824,0.004747198279049437,-0.005046967937874685,0.7073354983693348,0.7068440315725516,-0.01294722963637276,0.02527371771559475,0.08019389458039736,0.0024445086109758
3.234,9.31359605200123,-0.0015204518307676993,2.3169683338187017,0.30004428276744644,0.004714985399488148,-0.005023427367967036,0.7073373804323763,0.7068425314970976,-0.012871647564466852,0.02528980761926669,0.07998707786648927,0.0023375183662175023
3.2359999999999998,9.315614876999462,-0.0015464003077019827,2.317019225471703,0.30020313659605014,0.004685659754111293,-0.004998249548854812,0.7073396259027557,0.706840657943405,-0.012973816631189058,0.02544569596963597,0.07942450972388367,0.002877195774424627
3.238,9.317700462001085,-0.0015726815509486194,2.3170702035026487,0.30036076795621125,0.004662878102900424,-0.004966732426715512,0.7073419396404156,0.7068387153817579,-0.013140648104432774,0.025488626436419505,0.07881235626072203,0.0030429159307275634
3.24,9.319759215002705,-0.0015990437639896507,2.317120380992808,0.30051843896923186,0.0046355242390199195,-0.004937739993473743,0.7073440665680955,0.7068369699794262,-0.013181073584008121,0.025088774088065292,0.07883275349271947,0.0027418004052474545
3.242,9.321762587998819,-0.001625432518521405,2.317170560768524,0.3006751369819772,0.004605404345413725,-0.004913492522213705,0.707346130043589,0.7068352708760418,-0.013194379538573544,0.02508991396100799,0.0783464140338617,0.0026291859701526466
3.2439999999999998,9.323677583000972,-0.0016519192814720357,2.317220258386732,0.30083168935302773,0.004577356643816045,-0.004886990972362017,0.7073480358601137,0.7068337295929152,-0.013242877913096583,0.024848711328113976,0.07827390827846861,0.0024130663132511778
3.246,9.325678042005165,-0.0016785512805677274,2.3172700207171606,0.30098707090748256,0.004550658702106349,-0.004860340821728762,0.7073502123643218,0.7068319076418539,-0.013315555184195044,0.024881066025526002,0.07768844574772056,0.002811830172462863
3.248,9.327759781001077,-0.001705324531910266,2.317319246110428,0.30114228461473397,0.004525511082112082,-0.0048312792866465875,0.7073521957919658,0.7068302834472958,-0.013386128499622993,0.024612599575006423,0.07760447947770215,0.0025524178351303754
3.25,9.329824658998405,-0.0017322142749742362,2.317368505763519,0.3012963800969176,0.004498841360543684,-0.004804960633830849,0.7073543611550199,0.7068284661321259,-0.013444428910914139,0.024629728878287658,0.07704540592705332,0.0027994498691520024
3.252,9.331732228005421,-0.0017592146858891626,2.3174172354483216,0.30145034722944497,0.004472545801501659,-0.0047776451050929305,0.7073562809245832,0.7068268969683068,-0.013499711567938628,0.024364739564843706,0.07698117631986676,0.0024552335798416346
3.254,9.333760402005282,-0.001786324805993715,2.3174659998797273,0.30160320872736945,0.0044453098722304464,-0.004752551646443097,0.7073583964594354,0.706825120826449,-0.01355461149028135,0.024382119716688723,0.07642845822333928,0.00272692388352287
3.2560000000000002,9.335678421004559,-0.0018135023751773907,2.317514503570041,0.30175547701882544,0.004416951761093303,-0.00473146789555324,0.7073602286494312,0.7068236064773997,-0.013588353511603292,0.024251689082904333,0.07613169238950807,0.0023174242026134384
3.258,9.337820159002149,-0.0018409000358993515,2.317562597450897,0.3019069286631487,0.004392391528042987,-0.004703951661232337,0.7073622306172506,0.7068219396931738,-0.013698339981324156,0.0240468592379706,0.07572351049184495,0.002590818069979667
3.26,9.339795213003526,-0.0018682973212246594,2.3176104793934034,0.30205779458637005,0.004365531111635618,-0.004682677949915097,0.7073643522460464,0.7068201241029163,-0.01369821488629574,0.023940873868258956,0.07543055849101625,0.0027433659971235883
3.262,9.34162148500036,-0.001895948496579182,2.3176580182440834,0.30220782933411977,0.0043423149232630935,-0.00465542867562105,0.7073664296593035,0.7068183680946636,-0.01382509726159266,0.023769358180694363,0.0750151156534083,0.0027121605355756077
3.2640000000000002,9.343758858005458,-0.0019237361785379992,2.317705173466516,0.3023574999772376,0.004313817408655152,-0.004635469888030491,0.7073676189303343,0.70681748357487,-0.013893409878276192,0.023577512723043495,0.07483289618069264,0.001412557851890092
3.266,9.345830739999656,-0.0019514609926833248,2.317752204736628,0.30250630096345693,0.004284351023422689,-0.004615662371593728,0.7073701628063547,0.7068152465591635,-0.013861917562379025,0.023515566104821382,0.0743983130959205,0.003320848615171147
3.268,9.347762814002635,-0.0019794088555516644,2.3177993194276114,0.30265373035227106,0.004260250730472901,-0.0045915925455208405,0.7073728463427169,0.7068128633511224,-0.01397411325115207,0.02355710389511929,0.07371175222071162,0.003574330669554529
3.27,9.349854897001933,-0.002007626425384269,2.317845748700429,0.3028008769393978,0.004240690467521581,-0.0045613400984909095,0.7073751456504139,0.7068108757205992,-0.014108261709606357,0.023214569590295626,0.07357099280341925,0.003061319115334758
3.2720000000000002,9.351729161004187,-0.0020358069251644254,2.31789212304537,0.3029469429800511,0.004213408765309037,-0.004540422309275203,0.7073772452739842,0.7068090722539007,-0.014089794007539052,0.023187102221591746,0.0730308761703097,0.002717031111820732
3.274,9.353876152999874,-0.002064153026231503,2.317937952548291,0.3030927123293249,0.0041896657302698025,-0.004515012429394931,0.7073791308148594,0.7068074891025458,-0.014172650133237534,0.022914700878255624,0.07288239496702362,0.00244342022525991
3.276,9.355654332000995,-0.002092558416227356,2.3179837798215375,0.3032372531591213,0.0041642898438549155,-0.004492279699115136,0.7073812343855229,0.7068056786362255,-0.014202192053439108,0.022913550327751293,0.07226827210078762,0.0027396524023211785
3.278,9.35762924500159,-0.0021211618898133375,2.318029066941108,0.303381517990573,0.004142425135139953,-0.004464996694636369,0.7073831886371666,0.7068040241481589,-0.014301350168597748,0.02264347405505793,0.07213010858799253,0.002558569912520029
3.2800000000000002,9.359932157000003,-0.002149834205683286,2.3180743409408557,0.30352460206339305,0.00411762525336051,-0.00444173068220686,0.7073852690661723,0.7068022335130236,-0.014335656839939898,0.022636920527111703,0.0715399230590672,0.002714209467295879
3.282,9.361915038003644,-0.002178690164733434,2.3181190786093957,0.3036674756273867,0.004095168078029537,-0.0044152798272200896,0.7073871540411928,0.7068006431802125,-0.01442757411157313,0.022368776775827943,0.07143463018427451,0.002458124067267171
3.284,9.363708636999945,-0.002207604822834308,2.3181638049106215,0.30380922565934626,0.004069844771989924,-0.0043929503958996564,0.7073891694043903,0.7067989115439538,-0.014456831539335704,0.02236309159153068,0.0708729941848535,0.0026203780583662125
3.286,9.365709926998534,-0.002236676879232108,2.318207699633255,0.30395155380305694,0.00404759583192629,-0.004365927816845167,0.7073907488241381,0.706797626000756,-0.014536113419497803,0.021947653319343306,0.07116295979722052,0.0020280003172649143
3.288,9.367742788999749,-0.0022656752112660845,2.3182515664478225,0.30409311811699885,0.004020767330444546,-0.004345775206608554,0.7073923762697201,0.7067962745115502,-0.014498923413685147,0.021933338575810424,0.07078022729014136,0.0020623259263941817
3.29,9.37004289199831,-0.002294884156790083,2.318295282146221,0.304234005197463,0.003997108343353591,-0.004322616388818054,0.7073941100545044,0.7067948154681404,-0.014604054563021883,0.021857807239928164,0.0704413932909775,0.0022393400798960037
3.292,9.371669311003643,-0.0023243723566075177,2.3183390176246337,0.3043736792076248,0.0039761626936322585,-0.004297062014681772,0.7073960641115514,0.7067931337157721,-0.01474430123755709,0.021867529244200087,0.06983437876976946,0.0025845710124957465
3.294,9.37373816100444,-0.002353965659360145,2.318381833805994,0.304514074978536,0.003954110440332776,-0.004270504724369363,0.7073975440784367,0.7067919371581859,-0.014796300951007577,0.021408323020896566,0.0701965707843743,0.0018920821867274068
3.296,9.375658621000184,-0.002383529889294629,2.318424608575216,0.30465377890892253,0.003928017495629011,-0.004250528180354579,0.7073990805382558,0.7067906652909137,-0.01478174056322353,0.02138738176332015,0.0698503327109505,0.0019436980311046442
3.298,9.377744158999121,-0.002413241509651675,2.3184669610773936,0.3047935650576663,0.003904752700999822,-0.004227628163406795,0.7074004758779234,0.7067895350061034,-0.01485568618628097,0.02117629478684881,0.069891365981236,0.0017669788883997281
3.3,9.379772252999828,-0.0024430659851204274,2.318509317448523,0.3049325139870736,0.003881613311239638,-0.004205888650945796,0.707402089172051,0.7067881774717056,-0.014911801737337525,0.02117812175861152,0.06947241668263177,0.002079036663175587
3.302,9.381842604998383,-0.0024731588543250157,2.3185511538431727,0.30507157750108854,0.003862195372143171,-0.004179291928880923,0.7074036221931415,0.7067869072598217,-0.015046125619024598,0.020918232100023325,0.06952992368392728,0.0019935329999391
3.304,9.383641599000839,-0.0025033344354376203,2.3185929766156046,0.30520988201164684,0.003839468146216189,-0.004157496356108679,0.707405307087078,0.7067854732614699,-0.01508735056494474,0.020911341426919777,0.0691503446613568,0.0021868350134987657
3.306,9.38565612900129,-0.002533646558367209,2.3186345721051542,0.3053477352259208,0.003816946995021589,-0.004136014286863388,0.7074068812385754,0.7067841457459048,-0.015155592165397084,0.02079768607134964,0.06892456814998066,0.0020333113187916987
3.308,9.387616177999007,-0.0025640651357188866,2.318676127397289,0.3054846157998274,0.003794681878064633,-0.004115607003052661,0.7074083922635733,0.7067828724038997,-0.015209427376713864,0.02077751679269053,0.06843771894472613,0.0019578458916529474
3.31,9.389693488003104,-0.002594546549132746,2.318716760150158,0.30562227261479447,0.0037735728089317564,-0.004092377616603476,0.7074093735975235,0.7067821381020166,-0.015240506149496975,0.020316626043099344,0.068827151000317,0.001203319478189095
3.312,9.680116513001849,-0.0026249839617423307,2.3187573312257688,0.3057592357190166,0.003749874231616373,-0.004074202113286224,0.7074104694483448,0.7067812724140753,-0.015218782832700117,0.02028553355140014,0.06847966233928572,0.0013508788367361864
3.314,9.681692684003792,-0.0026555547966034933,2.3187969582579435,0.30589773730425535,0.003730336060640663,-0.004049510907261016,0.7074111545072947,0.7067808320356058,-0.015284842439816699,0.019814229921709652,0.06925126974072245,0.0008043857210981867
3.316,9.683573987000273,-0.0026861096296047597,2.3188365733041136,0.30603590293214594,0.0037087948041900584,-0.004030138618448989,0.7074118387406163,0.7067803712847696,-0.015277460115572631,0.019807713984175985,0.06908165316367583,0.0007848520365639324
3.318,9.685762879998947,-0.0027168182571877357,2.318876384745728,0.3061732085012152,0.003687649307843101,-0.004011899418813785,0.7074127631927577,0.706779660415906,-0.015353817103780499,0.019905664240405532,0.06865079553749329,0.001129685720455128
3.32,9.68776969100145,-0.002747860455208774,2.318916208199651,0.3063095965888287,0.003672019077923317,-0.003988353322565372,0.7074136685848788,0.7067789688530276,-0.015521186235397172,0.019911439029185237,0.0681910545088,0.0011524916098639571
3.322,9.689833673000976,-0.0027789641487006777,2.318955572362952,0.306445666434447,0.0036519134414951236,-0.003968450861269947,0.7074143946299135,0.7067784583562028,-0.015552000735436911,0.019681830854367442,0.0680320250786926,0.0008667492335610619
3.324,9.691661037002632,-0.0028101058056512517,2.3189948364108273,0.306580796659539,0.0036295042952523603,-0.003952176984243847,0.707415084128629,0.7067779748569848,-0.0155710773818108,0.019631861615232494,0.06756244342982871,0.0008022125217502543
3.326,9.693824651003524,-0.002841350245602654,2.319033521150401,0.30671582480908144,0.003609520818983035,-0.003932882611890318,0.707415625248542,0.7067776432146342,-0.015621776939758709,0.019342345364290595,0.06751209265582314,0.0005985200320769163
3.328,9.875359167999704,-0.002872709064620718,2.3190721981785307,0.306849705824858,0.00359080447262639,-0.003913732219163851,0.707416416481449,0.7067770529069978,-0.0156789193334965,0.019338457075302247,0.06693846267597311,0.0009635073681145221
3.33,9.877664031999302,-0.0029041483556037067,2.3191095958684085,0.3069855729504931,0.0035749824449483026,-0.003887907398785179,0.707416528915605,0.7067771631098261,-0.01571941608858407,0.0186996203255848,0.06793427511801248,3.5597146941372086e-05
3.332,9.879397386001074,-0.0029352817697705473,2.3191469106013787,0.3071212207703748,0.0035501605150329014,-0.003875118831663702,0.7074165856853449,0.7067773016386752,-0.015566333806211247,0.018657938580113095,0.06782374699681336,-0.00010319296752790809
3.334,9.881268624005315,-0.002966628290985038,2.319184523845835,0.30725580553990356,0.0035320587497139227,-0.003858932527830584,0.7074165343791192,0.7067775322460178,-0.01567282961621109,0.01880656126903533,0.06729047816844089,-0.000221043265733688
3.336,9.883366940004635,-0.002998301274159611,2.3192218708953396,0.30738991911939634,0.00351892844022482,-0.0038363878577138237,0.7074165712262668,0.706777683593158,-0.015835991307110563,0.01867343621089076,0.06705475678921988,-6.08293724408344e-05
3.338,9.885370647003583,-0.0030301196913348075,2.319259091597918,0.30752320400792915,0.003503383566160042,-0.0038160392555308727,0.7074166798372501,0.7067777622676243,-0.01590946634635604,0.018610192473309282,0.06663981736330342,3.5273703888891156e-05
3.34,9.88746404000267,-0.003061970878003229,2.31929570407103,0.30765664048060554,0.0034836399625791455,-0.0037986519456521916,0.7074166111247684,0.7067780222960779,-0.015925193198302757,0.01830630753026843,0.06671652480414736,-0.00025796228760331696
3.342,9.889345257004607,-0.0030939100771543533,2.319332314833534,0.30778917216350654,0.003464366050451896,-0.00378253196342352,0.7074167577260054,0.7067780567534905,-0.015969089126223926,0.018305365881591994,0.06626395342809782,5.29720862616051e-05
3.344,9.891468995003379,-0.0031259629274384753,2.319368459638298,0.30792163777237147,0.003447365414203461,-0.0037635585866601542,0.7074167411511711,0.706778257756648,-0.016026129339127115,0.01807243205277104,0.066231091508222,-0.00016288966460574822
3.346,9.893436764999933,-0.003158096776821118,2.3194045941226973,0.3080531230582502,0.0034293976109782253,-0.0037467084397164014,0.7074169143687835,0.706778261318812,-0.016066462131982234,0.01806714940223491,0.06574066042708362,0.00010165636087536802
3.348,9.89552738200291,-0.0031904426837315626,2.31944025280052,0.30818448374794466,0.003414334489158715,-0.0037258931291531557,0.7074169908299504,0.7067783677543368,-0.016172662931669742,0.01782937133607157,0.06567864763196338,-1.672349967811227e-05
3.35,9.89772061900294,-0.00322285642324493,2.319475915119041,0.3083148504946664,0.0033961632968266733,-0.0037093530499988717,0.7074172834332152,0.706778249435268,-0.01620640491932168,0.01783108094366723,0.06518144361605605,0.00027040739892463564
3.352,9.899599716998637,-0.0032554565323268435,2.3195111218855593,0.30844510981382334,0.003380217668740444,-0.003689798452941264,0.7074174381328896,0.7067782733937059,-0.01629969678656153,0.01760342608614252,0.06512798207196635,8.913937569402963e-05
3.354,9.901533937001659,-0.0032881243289778197,2.3195463377705834,0.3085743904491884,0.0033619713703928297,-0.003673872536243643,0.7074177890777323,0.7067780921233094,-0.01633341991455189,0.017607873591085232,0.06463840227548535,0.00035383592079063004
3.356,9.903414109998266,-0.0033209507120729904,2.319581091865119,0.30870359548680565,0.0033459692902482337,-0.0036550424586685713,0.7074179500971924,0.7067781045239167,-0.01641287787044272,0.01737709627488473,0.06460085273671619,9.90783043169922e-05
3.358,9.905412311003602,-0.0033538391403906843,2.3196158447775503,0.3088318352383702,0.003328072152585734,-0.003639488001295599,0.7074182921729808,0.7067779269062517,-0.016443758229512894,0.017376375062560567,0.06411788580499542,0.0003453469242883106
3.36,9.907508474003407,-0.0033869158195787242,2.3196501440851294,0.30895997313860046,0.003312968772430386,-0.003620345048572962,0.7074184928772456,0.706777895293089,-0.01653803717476426,0.01714970376091551,0.06406728289931118,0.00016250948231597188
3.362,9.909417852002662,-0.0034200491597422885,2.319684446268826,0.3090871355298146,0.0032953084182942736,-0.0036050608416057866,0.7074188797636793,0.706777668742199,-0.016566248477473747,0.01715103431666163,0.06357931830488311,0.0004111523276233999
3.364,9.91147144199931,-0.0034533816328451384,2.3197183063718843,0.3092141829741297,0.00328036004639378,-0.0035862278288467395,0.7074191295358994,0.706777584091768,-0.016665969472327874,0.016930209287230286,0.06352227579171305,0.00023310685855197066
3.366,9.9134330970046,-0.003486774741034055,2.319752173911883,0.30934025942199467,0.0032629117866721145,-0.003571210940907075,0.7074195661760694,0.706777303859108,-0.016696133583346363,0.016933716061872217,0.0630363631388806,0.0004842587027089678
3.368,9.915364336004131,-0.003520356685520821,2.3197856018865513,0.30946624193278677,0.003248167084423703,-0.0035527334279657663,0.7074198493937751,0.706777181422455,-0.016790705839256577,0.016714176846058845,0.06298988241707257,0.00028272659663414483
3.37,9.917560649002553,-0.0035539915493071573,2.3198190343472875,0.3095912688821488,0.0032309263718800258,-0.0035381192146843286,0.7074203047455858,0.7067768779896983,-0.01681701429572858,0.016716181469880586,0.0625116158416101,0.0005134201397788564
3.372,9.919526914003654,-0.0035878122999163957,2.319852029655296,0.30971620600144195,0.00321633933009861,-0.003520070717894198,0.7074205942034671,0.7067767449203944,-0.016910104018132383,0.016497849907791157,0.0624672056010676,0.0002937639799918593
3.374,9.921474061004119,-0.0036216852095152623,2.3198850270849642,0.3098401913992871,0.0031993637530257604,-0.0035057714691174484,0.7074210569799575,0.7067764298413904,-0.016936039654798826,0.016498667747761972,0.061990842501530564,0.0005269374310847675
3.376,9.92341929399845,-0.003655750815856211,2.3199175950221727,0.3099640754141842,0.0031849914818727087,-0.003487990892918747,0.7074213650231553,0.706776274401997,-0.017032527460210868,0.016284170564709544,0.06194067167066527,0.00032256424712491413
3.378,9.926015611003095,-0.003689873989335282,2.319950167503093,0.3100870063978804,0.003168351375259613,-0.003473828780722513,0.7074218541836277,0.7067759293344414,-0.01706117349715467,0.016286194625655982,0.061463639360755724,0.0005676466737462279
3.38,9.927924166004232,-0.003724191627591602,2.3199823182148718,0.31020983658708795,0.0031542493000823128,-0.003456253407830472,0.7074221880997505,0.7067757443545265,-0.0171585377603101,0.016075564048341016,0.06141377643875815,0.0003619771509152314
3.382,9.92966145700484,-0.003758566091232678,2.32001447457358,0.31033172185786895,0.0031378537610476415,-0.0034423441141214193,0.707422697957824,0.7067753748927925,-0.017186818487063205,0.016078136892037843,0.06094080110088003,0.000599674604936057
3.384,9.931634777,-0.0037931301410262276,2.320046213347811,0.3104535165841324,0.0031239385415401163,-0.0034251061484876213,0.7074230430676006,0.7067751748560753,-0.017281737623912496,0.01586960146000345,0.06089606413256398,0.0003800630923444029
3.386,9.933742285000335,-0.0038277475106722877,2.3200779564923257,0.31057437684806366,0.0031077784256296833,-0.0034115147952043395,0.7074235609062648,0.7067747935196612,-0.017308334366512062,0.015871582406761866,0.060428461492912776,0.0006127391595514577
3.388,9.935757395003748,-0.003862554457192434,2.320109286869202,0.31069514724836805,0.0030940593890300943,-0.0033946038173576424,0.7074239119437227,0.706774583775945,-0.017403181462639854,0.015665407413528336,0.06038392457256381,0.00039071001590871885
3.39,9.937639356001455,-0.0038974157588176706,2.3201406214324116,0.310814987354084,0.003078187432555603,-0.0033812363064700426,0.7074244373747722,0.7067741912436794,-0.017430303294817005,0.015667299637973323,0.05991840118589722,0.0006263528064546317
3.392,9.939611589004926,-0.003932469884354332,2.320171550004564,0.31093473258575227,0.00306470541463954,-0.003364551748026273,0.7074248023208648,0.7067739641735126,-0.01752636153349076,0.015464595631349923,0.05987195102387673,0.0004153126400165774
3.394,9.941684502002317,-0.003967581065459604,2.3202024843736675,0.31105355134083884,0.003049124778494259,-0.003351359133106538,0.7074253418859635,0.7067735541795364,-0.017555243755245867,0.015467206599539512,0.05940774855281403,0.0006491938910879215
3.396,9.943620563004515,-0.004002882441896514,2.320233018753005,0.31117228066539315,0.0030358620874710125,-0.003334914952246191,0.7074257229019975,0.706773307687998,-0.01764998820944237,0.015267504750590827,0.05936400823339736,0.00044031530547718276
3.398,9.945833199002664,-0.004038241858117724,2.3202635592690424,0.31129009025035065,0.0030205444741183613,-0.0033219485537263134,0.7074262703077838,0.7067728864687047,-0.017679353104480624,0.015270282486178692,0.05890317269790241,0.000662970329652565
3.4,9.947838339001464,-0.00407378744699943,2.32029370512422,0.31140781565927744,0.003007461143415,-0.0033058044723067942,0.7074266585095194,0.7067726293966948,-0.017772096387408256,0.01507324713969613,0.0588620664324804,0.0004524642808490668
3.402,9.949795451000682,-0.004109392257372456,2.3203238568223044,0.31152462623933463,0.002992404224511589,-0.0032930696820335473,0.7074272076754775,0.7067722030820847,-0.01780204241274405,0.015075874403560166,0.05840368343480922,0.0006681002789818591
3.404,9.951752929999202,-0.004145181197309086,2.320353619389915,0.3116413545825323,0.0029795351627052947,-0.003277175541359388,0.7074276037853013,0.7067719348511742,-0.017893774177982935,0.014881607708832102,0.058363549186503584,0.0004658073201008368
3.406,9.95363143600116,-0.004181033693136134,2.3203833881967166,0.3117571696574249,0.0029647776640193365,-0.003264608896462887,0.7074281576864547,0.706771500652442,-0.017925884900279833,0.01488443304098654,0.05790596207081076,0.0006775974956664387
3.408,9.95555908499955,-0.004217069048625605,2.3204127740471487,0.3118729037755476,0.0029521203656516807,-0.003248946309223778,0.7074285626514617,0.7067712204653733,-0.018016984056292384,0.014693248857014828,0.05786643675224658,0.0004804569094933018
3.41,9.957788191000873,-0.00425317110648077,2.3204421680607084,0.31198772668088304,0.002937625193200628,-0.00323656798374476,0.707429125372595,0.7067707744102584,-0.018050663354363408,0.01469703769743509,0.05740993412901297,0.0006926669180629915
3.412,10.257898071002273,-0.004289454037899704,2.320471185603541,0.31210247144501413,0.0029251727377370505,-0.003221145918272303,0.7074295406866031,0.7067704808121019,-0.018140774374548203,0.014509082956201803,0.05737173894551307,0.0004971775025236295
3.414,10.259783984998649,-0.00432573174420423,2.3204995313420276,0.31221822896259127,0.002911557972805454,-0.0032052469128152038,0.7074296457518146,0.7067705041481719,-0.01813853683014361,0.014173456047088384,0.05787872672187136,6.268562057313628e-05
3.416,10.261914777001948,-0.004361834921597338,2.320527929539001,0.31233354940679225,0.0028925165265631892,-0.003197942180683315,0.7074299288363184,0.7067703320744259,-0.018051202582082086,0.014199420655575484,0.05765968329535485,0.00027530916403519136
3.418,10.263701333999052,-0.0043982641502876745,2.320556547357327,0.3124477664740115,0.0028813247353804746,-0.0031856458063078503,0.7074301715069276,0.7067701904227747,-0.01821420719884668,0.014308935000740734,0.057106796205255037,0.00026219294042722195
3.42,10.265966322003806,-0.004435028509486395,2.320585213851803,0.31256090530994923,0.002873903004114938,-0.0031694328644241545,0.7074303998501568,0.7067700649749451,-0.018382404002975538,0.014333164874691743,0.056567020530978465,0.00027497508009479
3.422,10.267776938002498,-0.004471851997444394,2.3206133061108662,0.31267416915214113,0.002861566463039425,-0.003155954904533752,0.7074303667951082,0.7067702084285648,-0.018411358361463025,0.014046296209035847,0.05663068251039038,-0.00013658832526571363
3.424,10.269764939999732,-0.004508691720976803,2.3206413622859587,0.3127866472592989,0.0028468307590507028,-0.003146225540548227,0.707430486297439,0.7067701917005601,-0.018419500816474907,0.014028261772141903,0.05623782037338653,6.627433716293326e-05
3.426,10.271747641003458,-0.004545614544134957,2.3206690616640357,0.31289904453015777,0.002834402536339803,-0.003133640787785873,0.7074304846651062,0.7067702991949847,-0.01846072738883097,0.013850021920548563,0.056198012258088306,-8.961286488549988e-05
3.428,10.463892441999633,-0.004582584346779448,2.320696767514563,0.3130104732259515,0.0028215595613895065,-0.0031228439159736343,0.7074306296598508,0.7067702532411682,-0.018484653601506314,0.013853059209297223,0.05571299461380948,0.00011431491824378173
3.43,10.465912133004167,-0.004619703134067373,2.3207236650712164,0.31312296015149177,0.002811764183518592,-0.003105454515470076,0.7074304266342789,0.7067705721140848,-0.018559118855396853,0.01344931514454102,0.056243041771450765,-0.00034775261261405584
3.432,10.467703449998226,-0.004656651717042934,2.3207505629712015,0.3132350248521201,0.0027955733262733646,-0.0030970082748093073,0.7074303704456779,0.7067707296433648,-0.01847391203960148,0.013449289803918785,0.05603186763173397,-0.00018447496051686896
3.434,10.469678696004848,-0.004693840199413995,2.3207776911972204,0.3133459279539643,0.002783602187526574,-0.0030872601265413534,0.7074303603930753,0.7067708296031298,-0.018593898350526467,0.013564214762971667,0.055450039887311474,-9.793589136506732e-05
3.436,10.471666520999861,-0.004731397001278741,2.3208049151086274,0.31345563939776994,0.002776871783474919,-0.0030723336677021167,0.7074303218788414,0.7067709596717536,-0.01877860959470062,0.01361187783160503,0.054853403779413744,-9.687866664589954e-05
3.438,10.473745827999664,-0.004769027194546328,2.3208316037875547,0.31356538104949117,0.002766078012742585,-0.0030592600863684955,0.7074300160117584,0.706771364859779,-0.018814740710000267,0.013344494898696983,0.05486956465087947,-0.0005107893234980103
3.44,10.475807964001433,-0.004806672335848162,2.3208582567900837,0.3136743055801571,0.0027526555471245892,-0.00304991448107533,0.7074298738907395,0.7067715999076573,-0.01882220777639103,0.013326704276614585,0.05446106322575116,-0.0002932360513585343
3.442,10.477690284002165,-0.004844395821709243,2.3208845706971473,0.31378310078817795,0.0027412877054802326,-0.0030378466268729284,0.7074296403179912,0.7067719298537153,-0.018860974371405343,0.013157343763563974,0.05439697885016811,-0.0004084262611582079
3.444,10.479757268003596,-0.00488215956994855,2.320910898061389,0.31389089375211077,0.0027292115700681915,-0.003027802363463943,0.7074295413436913,0.7067721187563274,-0.018881635891105794,0.013163838081905577,0.05389519651203387,-0.00022368882038600887
3.446,10.481616748998931,-0.004920110686110945,2.3209368762325426,0.3139984339289369,0.002719671407906698,-0.0030137404546241157,0.7074293448307699,0.7067724123281929,-0.018974958469742103,0.012989423649725421,0.05376942435141862,-0.00034528856162348363
3.448,10.483626961999107,-0.00495818688916019,2.320962892809672,0.3141049141883493,0.002708792811042585,-0.003001952772318396,0.7074293500701091,0.7067724990266974,-0.01903778800436513,0.013008459803797636,0.053238940054460386,-6.92431034722104e-05
3.45,10.485619147999387,-0.00499645498472468,2.3209886058679348,0.3142111396580034,0.0026987792586227774,-0.0029879340430545103,0.7074293004851455,0.7067726463692305,-0.019133267592227055,0.01285688410253752,0.053112106811274755,-0.00013975188145290128
3.452,10.487705796003866,-0.005034813105625251,2.3210143639638057,0.3143163680507522,0.00268677272875379,-0.0029771945205799744,0.7074293932961071,0.7067726445369774,-0.019178481525578814,0.012879281067932923,0.0526134424366888,5.041824440872456e-05
3.454,10.48959122299857,-0.005073301171735217,2.321039803447747,0.31442145831935026,0.00267625107327915,-0.0029641740091276457,0.7074293338433961,0.706772798691719,-0.019243270576257705,0.012720142192434697,0.05254453522415419,-0.00015593622993843157
3.456,10.491834047003067,-0.005111835413062207,2.3210652571373465,0.31452563004529566,0.002664127927433736,-0.0029542000710272233,0.7074293486657675,0.7067728714167338,-0.019266496937473745,0.012727085423979535,0.052085235154353364,-5.906616491919555e-05
3.458,10.493796683003893,-0.005150505214335361,2.3210903830170797,0.31462964418661366,0.0026537264899035304,-0.0029415104899547895,0.7074292273683217,0.7067730848842602,-0.019334289974036294,0.012563329851915208,0.052006515469759505,-0.00024193609790608027
3.46,10.495785869999963,-0.005189259144532067,2.321115535215838,0.3147327028708808,0.00264232120543566,-0.0029310894153744627,0.707429238943077,0.706773159324762,-0.019376346034286514,0.012576327406581916,0.05152870800519694,-5.91731924104003e-05
3.462,10.497712238000531,-0.005228185453064961,2.3211403824625405,0.3148355557339263,0.002632543082665398,-0.00291787077135768,0.7074291686479565,0.7067733208696695,-0.019462540069076294,0.01242400996927429,0.05142588881783334,-0.00016592281810451492
3.464,10.499683907000872,-0.0052672114707920485,2.321165268488158,0.3149374297051428,0.0026210578950993124,-0.0029074650191462225,0.7074292726836241,0.7067733023063277,-0.019512386591504654,0.012443242588435844,0.05093635529077783,7.172148556264806e-05
3.466,10.501853959998698,-0.005306428096306068,2.321189868270052,0.3150391027506616,0.0026114011244650704,-0.00289415156543167,0.7074292943826904,0.7067733709755144,-0.019607564661973147,0.01230029016939358,0.05083597490177765,-3.480214132065837e-05
3.468,10.503597843002353,-0.005345721621240531,2.321214506981213,0.3151398501032812,0.002599626114871888,-0.002884254122941629,0.7074294576224752,0.7067732914522079,-0.01964605633414663,0.012319605935581464,0.05037306250133643,0.00015466773239290141
3.4699999999999998,10.505806515000586,-0.005385174513900274,2.321238850331308,0.3152404604649539,0.002589789852691606,-0.0028715914519284774,0.7074294759502138,0.7067733607797185,-0.019725705701893356,0.012172063610872332,0.05030460031521856,-3.996170812711074e-05
3.472,10.507824562002497,-0.005424664766834595,2.3212632134629234,0.3153401984250326,0.002577630280770056,-0.0028626679075580866,0.7074296075938996,0.706773309664512,-0.019744416640929862,0.012181861394920326,0.04986836465771247,0.00010916013959078726
3.474,10.509664265002357,-0.005464322709141501,2.3212872718599926,0.3154397995400426,0.0025681591409712047,-0.0028501386062584635,0.7074295985338708,0.7067734038479081,-0.019828382911230645,0.012029565889180081,0.049799943832359736,-7.613626225759131e-05
3.476,10.511837401005323,-0.005504038036831686,2.3213113605684743,0.3155385080059648,0.0025565394132701542,-0.0028410566129893266,0.7074297469140857,0.706773334022035,-0.019856959201715166,0.012044653070156697,0.049353621472334464,0.00013624296252860097
3.4779999999999998,10.514324622999993,-0.005543947421090748,2.3213351585939823,0.3156370534209736,0.002547698641081049,-0.0028281544993544972,0.7074297760342099,0.706773388543987,-0.019954103805186973,0.011899379519209233,0.04927207265360214,-1.8421545704588588e-05
3.48,10.515776657004608,-0.005583918232916714,2.3213589915456,0.31573469890056866,0.002536083245084366,-0.00281920855613289,0.7074299799442069,0.7067732619596121,-0.019984703536892627,0.011916769346348267,0.04882213249551869,0.00021541262430991955
3.482,10.517801071000576,-0.005624092498428677,2.3213825442847504,0.3158321877473052,0.002527358037798033,-0.0028063460144105903,0.707430064092534,0.7067732601771444,-0.020086414677234262,0.011776746176845269,0.04874376822565205,6.0327293149384616e-05
3.484,10.519662457998493,-0.005664313513545819,2.3214061305342018,0.315928805489159,0.0025155741216671694,-0.0027977728795375986,0.7074303165523915,0.7067730835114876,-0.020109806698293046,0.011793416054744843,0.04830827318799371,0.00028380411160429863
3.4859999999999998,10.521732326000347,-0.005704730080271988,2.321429434914835,0.3160252928715174,0.0025069232980939574,-0.0027851343435603346,0.7074304240314524,0.7067730565867274,-0.02020759412256172,0.011652568551703006,0.048243018970965,9.416961579560416e-05
3.488,10.523630568000954,-0.0057451759008071025,2.321452765199885,0.316120936803984,0.0024950527527443974,-0.002776941795314144,0.7074307035438554,0.7067728510557493,-0.02022221353285623,0.011665443843646268,0.04782137896796375,0.0003221867939252182
3.49,10.52591618700535,-0.0057858846625456,2.32147589908687,0.31621612848485114,0.002483783227758826,-0.0027699617620274885,0.7074303682002729,0.7067732537955443,-0.020354240457949778,0.011567157393926266,0.04759470611062956,-0.0005468865073820865
3.492,10.527710018999642,-0.005826551516260349,2.321498973760686,0.3163107300124447,0.0024710732396600555,-0.002762916262642806,0.707430805841913,0.7067728878760358,-0.02033274716299548,0.011537610520300648,0.047299906507209326,0.0005426554344403833
3.4939999999999998,10.529611048004881,-0.005867396787914465,2.3215217360496645,0.3164052761004899,0.002463256351037387,-0.0027493750894616513,0.7074313882177748,0.7067723850498395,-0.02042209160011593,0.011381446812139128,0.04727211015501522,0.0007710136473072951
3.496,10.53185455500352,-0.005908239790337707,2.3215445182068266,0.31649899340226045,0.002451712901280088,-0.0027408834155766984,0.7074323245508238,0.706771520961739,-0.020420805873880968,0.011391440085308685,0.04685808084953137,0.0012536758480038107
3.498,10.533767801003705,-0.005949499847626264,2.3215673311276115,0.3165916296076805,0.0024432505239270342,-0.0027323258461749347,0.7074330736267171,0.7067708336238865,-0.020629349291851715,0.011406758835844109,0.04631759795991507,0.0010040269554806684
3.5,10.53592810700502,-0.005990856145722745,2.3215899477514585,0.3166838771822085,0.0024349373568116777,-0.0027223865641836736,0.7074332150767655,0.7067707590850195,-0.020677416309344592,0.011308606689732562,0.04612310984200893,0.00014604534457760134
3.502,10.53761544200097,-0.006032299974000073,2.321612408232664,0.3167755554842975,0.0024238512960831197,-0.0027164659557059566,0.7074333890769792,0.7067706458085716,-0.020721242264681375,0.011230524913509348,0.04583864555507199,0.00017823611802289362
3.504,10.539727554998535,-0.006073657234693787,2.321634628539126,0.3168670291462898,0.002411997027518605,-0.0027094975277976523,0.7074334748707553,0.7067706272375607,-0.020678098483925916,0.011110418564979746,0.045735961682123225,5.061919312510682e-05
3.5060000000000002,10.541615091002313,-0.00611504625951992,2.3216568471053276,0.3169576269421939,0.0024017930802934994,-0.0027018519085799018,0.7074338482294996,0.7067703175469844,-0.020693971111261818,0.011109630741250442,0.04529828850564453,0.0004654027076827321
3.508,10.543655020999722,-0.00615665507051051,2.321678745056468,0.3170479708127917,0.002396542514356935,-0.0026884617379264696,0.7074340442484708,0.706770190228559,-0.02080410849154007,0.010949383383026924,0.04517122873752855,0.00023930483196053863
3.51,10.545684497003094,-0.006198288771931466,2.3217006487153204,0.3171374125447,0.0023874233856973864,-0.0026800327044170453,0.7074343018936374,0.7067699952166495,-0.020816180861919827,0.010952101785561974,0.04472023900484551,0.00030747143696054514
3.512,10.842660065005475,-0.006240105223390702,2.321722278963679,0.3172265785876856,0.002379864234978624,-0.002669164323315846,0.7074342198464115,0.7067701439636068,-0.020907855799411887,0.010815523351392143,0.044582327135982716,-0.00016534814665537876
3.5140000000000002,10.84449811000377,-0.006281871389794427,2.321743242104529,0.31731696771753126,0.002370026731753958,-0.0026581781848631063,0.7074338048840221,0.7067706337768597,-0.020882741676845368,0.010482207762826533,0.045195014990872036,-0.0006463100862369215
3.516,10.84656911300408,-0.006323314336713704,2.321764235623741,0.31740725716694945,0.0023531979052230823,-0.0026557762639346535,0.7074337424520186,0.706770761529073,-0.02072136747790341,0.010497128978597751,0.04514437524832688,-0.000175738338798425
3.518,10.848437714004831,-0.006364805168924351,2.321785409180087,0.31749682561963316,0.0023415005920532487,-0.002650723194834096,0.7074339134468393,0.7067706481927585,-0.020744869031846917,0.010587179450009454,0.04478373224891797,0.00017336298935820787
3.52,10.850442697999824,-0.006406663747455887,2.3218064751878402,0.31758587789545595,0.002339558819700774,-0.002636820821653769,0.7074336758533212,0.7067709444432061,-0.02092876444192712,0.010533344959882774,0.04452548964661186,-0.00035874176018991816
3.5220000000000002,10.852373264002381,-0.006448675401073908,2.3218275190211175,0.31767415789662506,0.0023352047664890996,-0.00262558178203839,0.7074332830083033,0.7067713938969928,-0.021005569572298457,0.01052217279020556,0.04413896476279129,-0.0005918508294288822
3.524,10.854369230000884,-0.006490756787501552,2.3218482329616754,0.31776245706254175,0.002326680420604587,-0.0026160817681675575,0.7074327999024669,0.7067719407960102,-0.02104004198282144,0.01035727745892512,0.04414868740637662,-0.0007367710403507423
3.526,10.856364200000826,-0.006532847616596971,2.321868966732427,0.31785001968946847,0.002315372922993971,-0.0026096553774885953,0.7074326028304634,0.7067721989435877,-0.021044745265020405,0.010367179333435518,0.04378075423869832,-0.0003447465019799945
3.528,11.039417061998392,-0.006575083098281672,2.3218894697693995,0.31793742159085536,0.002307369447765471,-0.00259883703302962,0.7074324613444793,0.7067724065980497,-0.021117215621665707,0.010251879985353058,0.04370015426871205,-0.00025097443375126527
3.5300000000000002,11.040900500003772,-0.006617290419121828,2.3219095031302186,0.31802550637997956,0.0022980129946993154,-0.002587915069256273,0.7074322773074134,0.7067726613668059,-0.021103530103837507,0.010017272125757542,0.04404224099168364,-0.0003090619130137871
3.532,11.042997996999475,-0.0066593320625469,2.3219296254486186,0.3181132458080838,0.002284483050446927,-0.0025832487228313055,0.707432245909407,0.7067727537269676,-0.021020510392525924,0.01006155154038821,0.043869228321096125,-0.00011901932080096135
3.534,11.044988462002948,-0.006701531386527725,2.3219499188841786,0.3182000874934026,0.002275539728992953,-0.0025765819702992694,0.7074322962936866,0.7067727564818368,-0.021098997654467547,0.010147098251649724,0.04342030170636341,1.7143722624050192e-05
3.536,11.047042324003996,-0.006744121805531398,2.3219703085980186,0.31828582125368265,0.0022739228396026104,-0.002564019431187857,0.7074320566992099,0.7067730471895499,-0.021294864922483978,0.010195016235007796,0.042865541362443284,-0.000360689693897346
3.5380000000000003,11.049055162002333,-0.006786851177578441,2.321990360747204,0.3183714620803917,0.002269223116477216,-0.0025522538764631464,0.7074315632232941,0.7067735988150975,-0.021364038999904987,0.010026404468321688,0.04281953536613972,-0.0007326328223152214
3.54,11.05129363600281,-0.006829533649368527,2.3220103977470514,0.3184564100444366,0.002258553652784456,-0.002546469599610265,0.7074312149984069,0.7067740024037766,-0.02134057298015873,0.010018845651731051,0.04247339890779872,-0.000553957360081551
3.542,11.052994839003077,-0.006872021276455627,2.3220303545040184,0.31853128734147906,0.00224136694628967,-0.002540741599971639,0.707429812247598,0.7067754817830502,-0.021243806320608266,0.009979042295636212,0.03743962572088636,-0.0020686509360997563
3.544,11.055039935003151,-0.006914233852641019,2.322049069693303,0.31861139617879347,0.002207406132304974,-0.0025377792150292062,0.7074279913404237,0.7067774218966509,-0.021106284946883696,0.009358318186894988,0.040055088096184084,-0.0027389898498411578
3.5460000000000003,11.05702739499975,-0.006956118126720565,2.322066821867225,0.3186951136094711,0.00215598412868377,-0.002541741612268995,0.7074260082621204,0.7067795512862097,-0.02094214043632627,0.008876817983955782,0.04185936680194149,-0.003047108416702522
3.548,11.05895248700108,-0.006997689792162716,2.322083857404292,0.3187806304946474,0.002089735844961595,-0.0025514223985603694,0.7074239960623064,0.7067817294208166,-0.020785843512013177,0.008518506864714075,0.04275911441194649,-0.0031521852329761896
3.55,11.061096028002794,-0.00703888703504039,2.3221002487218456,0.3188676531498934,0.002017050019445939,-0.002561621808498095,0.7074222355973886,0.7067836657601264,-0.02059862967006356,0.008196403832077091,0.04351200527203254,-0.002820729677678954
3.552,11.063081156004046,-0.007079723948355135,2.3221160381818837,0.31895604043473214,0.0019393752234891583,-0.00257131549194967,0.7074207901005559,0.7067852947634723,-0.02041846716369628,0.00789548070466034,0.04419432391022915,-0.002392460654199802
3.5540000000000003,11.065212017005251,-0.0071201751026753616,2.3221311894429166,0.3190454753620051,0.001870444749010551,-0.002570923054890617,0.7074199195680451,0.7067863532846596,-0.02022557013600059,0.007576379280763726,0.0447181418506522,-0.001540474808165486
3.556,11.067137782003556,-0.007160206850365713,2.3221457121832656,0.31913603203315144,0.0018082970845337664,-0.0025623003850158096,0.7074196236675275,0.7067868424981358,-0.020015860642075653,0.007262119638232264,0.045279017462475056,-0.0006987616009263379
3.558,11.0690581020026,-0.007199746504546406,2.322159585364197,0.31922745877137754,0.0017573916100942777,-0.0025426450056363374,0.7074199323928191,0.7067867328865501,-0.019769803304217595,0.006937337557698393,0.045714046220422695,0.0002009495046880074
3.56,11.071278837000136,-0.0072387507101471325,2.3221728185921098,0.31931977602165523,0.0017150884673302587,-0.00251457035260074,0.7074207754796544,0.7067860934025623,-0.019502075114371242,0.0066173608336175405,0.04615930560867024,0.0009901400324288728
3.5620000000000003,11.072985527003766,-0.007277118906842076,2.3221853998764885,0.31941278065747386,0.0016835762953815374,-0.002477909886387864,0.7074220706524674,0.706785002307794,-0.019184064402064292,0.006291386303125962,0.04650299727426535,0.0016710016582388765
3.564,11.075074601998494,-0.007314813932838138,2.322197332073942,0.3195065044212373,0.0016603000526555158,-0.0024349289133073814,0.7074237393146259,0.7067835365789407,-0.01884747826744693,0.005966842599900963,0.04686256484793016,0.0022310502266778645
3.566,11.077117314998759,-0.0073516482711355425,2.3222085865829096,0.31960088220681987,0.0016309162767364173,-0.002400763121056406,0.7074253610923134,0.7067820986215942,-0.018417141771733724,0.005628000900158456,0.04718957427555268,0.0021487774562367833
3.568,11.079039876000024,-0.007387656589912877,2.3222191672816974,0.3196959069077936,0.0015970819787379398,-0.002373507902229884,0.7074268744534292,0.7067807531975125,-0.018004134135089753,0.005291098477543938,0.047513038463934294,0.0019847251565787583
3.57,11.08113340500131,-0.007422780909897258,2.3222290723801273,0.31979145260157144,0.0015558176699402159,-0.0023560083209965372,0.7074282131493005,0.7067795638645454,-0.017562138440197692,0.004953300497982689,0.04777353573241389,0.0017176396985852738
3.572,11.08301278300496,-0.00745706872889762,2.3222383043107055,0.31988751876357224,0.0015092939610379277,-0.0023459499865756176,0.7074294115519969,0.7067784986978559,-0.017143890714627574,0.004616719714476919,0.048033773263727444,0.0015066758279885025
3.574,11.085007332003443,-0.00749050522147345,2.322246861639443,0.31998399911350883,0.0014541705541705053,-0.00234581285771604,0.7074303762471625,0.7067776491321962,-0.016718234860255338,0.00427942141466966,0.048240868436978675,0.0011538306981985886
3.576,11.087032438001188,-0.007523144866628931,2.322254748874083,0.3200808835547699,0.0013930439119067455,-0.0023529881386751194,0.7074311505946547,0.7067769733401066,-0.016319815715138866,0.00394437770032257,0.04844291772154901,0.0008716476424697151
3.578,11.089018591999775,-0.007555074181792674,2.3222619853714033,0.3201780006198138,0.0013343267974252947,-0.0023583783188348604,0.7074319134749885,0.7067763050787848,-0.01596464484379053,0.003619008899924038,0.0485592326124586,0.0008663625336680282
3.58,11.090995743004896,-0.007586301689855586,2.3222685745307823,0.3202753629636985,0.001277846602914631,-0.0023621983219711627,0.707432712102789,0.7067755973249498,-0.015613739669473293,0.0032953417960317607,0.048681874595648884,0.0009269407812781122
3.582,11.092969099001493,-0.007616868268307364,2.3222745307970896,0.3203728402614627,0.0012265408678596094,-0.0023611960093198616,0.7074335940697702,0.7067748087845468,-0.01528327037761146,0.0029788949301395883,0.04873935350276724,0.0010613773481490682
3.584,11.09506570600206,-0.007646765574921563,2.322279857441913,0.3204704497989562,0.0011793808196617769,-0.00235643694602948,0.7074345448207755,0.7067739532976747,-0.014948632477066338,0.0026640856647659112,0.04880547693954173,0.0011717498067493227
3.586,11.09722794600384,-0.007676031894900834,2.3222845749267798,0.3205680525517961,0.0011426316461293823,-0.0023414558996923147,0.7074356707706231,0.7067729364502503,-0.014633130487361637,0.0023595043831923413,0.04880208649550185,0.0014463098935247123
3.588,11.098937540002225,-0.0077046341647087875,2.3222886853531683,0.32066567748870234,0.0011138086958467266,-0.002318784976652197,0.7074369392189344,0.7067717875629778,-0.014301103309503672,0.002055975949434804,0.04881318216240138,0.001667781012058674
3.59,11.101090538002609,-0.007732534727067682,2.322292222810499,0.3207632392004671,0.001091078156633381,-0.002290188624275946,0.7074382852252588,0.7067705689840705,-0.013950248736719656,0.0017694912129659329,0.04878157215653265,0.0017926264343436369
3.592,11.102896427000815,-0.007759715052504007,2.3222951890454824,0.32086076256706225,0.0010729308724190592,-0.0022572241211128827,0.7074396467071489,0.7067693400434646,-0.013590130369931381,0.001483881601806178,0.04876240338371788,0.0018261575973872936
3.594,11.105003545999352,-0.007786100592480455,2.3222976117851526,0.32095819586406005,0.0010535684143086303,-0.0022257868923780564,0.7074408989609876,0.7067682154310392,-0.013192740254275727,0.0012121354040235432,0.048717371539960044,0.0016707744506392103
3.596,11.106925562999095,-0.0078117038284311454,2.3222994930479097,0.3210555518270402,0.0010332930951602263,-0.0021955842379463896,0.7074420041456211,0.7067672335965077,-0.012801588827578822,0.0009413995499174348,0.04867870917724012,0.0014624889384932712
3.598,11.108986962004565,-0.00783645053513292,2.3223008475142093,0.32115282272192003,0.0010010176104090908,-0.0021780064273925763,0.707442775158624,0.7067665626836138,-0.012373333569995098,0.0006780051842090003,0.048636178061383026,0.0009669676511980643
3.6,11.111100760004774,-0.007860400265521296,2.32230167846814,0.32124999703779145,0.0009597741787652627,-0.00216997875565124,0.7074432217357299,0.706766197582975,-0.011974849238448137,0.0004162532614279539,0.048587892488530626,0.0004922290886731957
3.602,11.113087754005392,-0.007883603149060607,2.322302010036214,0.3213469985406737,0.0009102640157127031,-0.002170941841218433,0.7074434078640361,0.7067660738183905,-0.01160143123764196,0.000166563098620297,0.04850148929440624,0.00011085503579180322
3.604,11.115010141998937,-0.007906109111991882,2.3223018435297447,0.32144382743111355,0.0008547862416038042,-0.0021785604785400175,0.7074434046867067,0.7067661228298955,-0.01125297475234381,-8.247059534433502e-05,0.04841518716893122,-0.00016418323302310993
3.606,11.11706683599914,-0.007928022065303547,2.322301211349487,0.3215403646423994,0.000801577672282206,-0.0021846113495230276,0.7074434043227833,0.706766166866155,-0.010956465012979165,-0.00031530685233839497,0.04826935027417276,-0.00015239642907864318
3.608,11.119084401005239,-0.007949349806519268,2.3223001120561335,0.32163663299185746,0.0007504719987709869,-0.0021892286358170935,0.7074434526740563,0.706766160295164,-0.010663857628993304,-0.0005488613061208032,0.04813492336551101,-7.642034414239869e-05
3.61,11.121137540998461,-0.007970174588368375,2.3222985781556362,0.3217325174318843,0.0007101818489808261,-0.0021836478433827893,0.7074437191987449,0.7067659524128798,-0.010412367567753099,-0.0007661657002512553,0.04794297102433354,0.00025151768004582254
3.612,11.409078595002939,-0.007990464313863598,2.32229660640448,0.3218280570340609,0.0006782771310942553,-0.0021702703326816,0.7074441884175465,0.7067655552876468,-0.010144836469141863,-0.0009850899535268694,0.04777055608419725,0.0005525034438826937
3.614,11.410942387999967,-0.00801020400339571,2.3222942549920327,0.3219231265968751,0.0006548520368166551,-0.00214896641617549,0.7074448354387295,0.7067649948343657,-0.009869815886989385,-0.001174921920658225,0.047535538350811465,0.0008174923626979376
3.616,11.41286955200485,-0.008029365383642583,2.3222915198592644,0.3220177628491975,0.0006378435291023645,-0.0021217852273439225,0.7074455963500966,0.7067643308684569,-0.009580661028818011,-0.0013667805620913352,0.04731888711561935,0.0009888545611868916
3.618,11.415059047998511,-0.008047926991126747,2.3222883984979057,0.32211199904375803,0.0006255558105473902,-0.0020903629662641825,0.7074464130442868,0.7067636180034803,-0.009280775099229527,-0.0015598928549035696,0.04711886239752984,0.0010755955658284732
3.62,11.417183233003016,-0.00806581833426575,2.3222848958352627,0.322205863089243,0.0006118763862600078,-0.0020608056147216097,0.7074471549436893,0.7067629741643136,-0.008945645851417812,-0.0017505409960083792,0.04693279167053068,0.0009698296609301205
3.622,11.418993814004352,-0.008083050693272153,2.322281010219349,0.3222993715484225,0.0005971008442891149,-0.0020327741153290716,0.7074477850159445,0.7067624372984261,-0.008616154277948535,-0.001942014735377638,0.04675500260441036,0.0008119236413943817
3.624,11.42089906900219,-0.00809956518025168,2.3222767524138805,0.322392548145808,0.0005708294742878195,-0.0020167673116141456,0.7074481187627893,0.7067621707917823,-0.008257226748820429,-0.0021281058269409705,0.04658907557195464,0.0003806894117003709
3.626,11.422920917000738,-0.008115416516884423,2.3222721224817113,0.32248538697840784,0.0005358974853228495,-0.002009899969557561,0.7074481705533725,0.7067621658639375,-0.007925654557906885,-0.002314165113353941,0.04642019718661544,-2.6325061761813247e-05
3.628,11.606931431000703,-0.00813066040697872,2.3222671419030454,0.32257784319575306,0.0004929554124682412,-0.0020115801445690865,0.7074479945102912,0.7067623685537103,-0.007621936078499954,-0.0024894855357299427,0.04622889311195471,-0.00035490596971959534
3.63,11.60870484499901,-0.008145441545666716,2.3222618531615247,0.32266976573976425,0.00045466359991892493,-0.002009196283457738,0.7074478720245249,0.7067625236097885,-0.007390552284193087,-0.00264356701592427,0.0459620585641033,-0.00027200756174720794
3.632,11.610773912005243,-0.008159755025017281,2.3222562520290957,0.3227611860016721,0.00042016334826462415,-0.002003566772664581,0.7074478625868043,0.7067625703900218,-0.0071567208104145906,-0.0027997604671486207,0.045710921639048614,-0.00010641508657505265
3.634,11.612650956005382,-0.008173599797575027,2.322250334982396,0.32285213316841893,0.00038900528305794264,-0.0019950729959031205,0.707447940742051,0.7067625340228939,-0.006922366694726443,-0.0029577153728063688,0.04547437814395261,2.2215029862244662e-05
3.636,11.614911340999242,-0.008186972021804203,2.3222440982045587,0.3229426369311278,0.00036061513446759174,-0.001984230293550158,0.7074480749197676,0.7067624452948683,-0.006686092094728471,-0.003117578658734433,0.04525268021005309,0.00010528871323664443
3.638,11.616740950004896,-0.008199910556435272,2.3222375715396484,0.3230326509963675,0.0003384689271654783,-0.0019675300431576713,0.7074483362953392,0.7067622413069837,-0.006469244068460538,-0.003262521448689412,0.04500783470163845,0.00029122741263791946
3.64,11.618829648999963,-0.008212395434542427,2.3222307505911264,0.3231222100133369,0.0003209797307292522,-0.0019465343167976725,0.7074487079677673,0.7067619355701769,-0.006242415444682605,-0.003409661300524327,0.04478031462906131,0.00045178090120576674
3.642,11.62076129000343,-0.008224384731523766,2.3222236472837525,0.32321131501020933,0.0003021908370195068,-0.0019272668369693395,0.7074490448467464,0.7067616594501029,-0.005994628778967719,-0.0035508388958694704,0.04455330796922565,0.0004031586503847705
3.644,11.62266630600061,-0.008235888008099762,2.3222162589076283,0.3232999805447887,0.0002823733646907337,-0.001909403464848328,0.7074493148786439,0.7067614458368741,-0.005751619204803065,-0.0036933704744323316,0.04433358077988567,0.0003092864429252829
3.646,11.62474885800475,-0.008246911226275081,2.322208610732664,0.32338818543264797,0.00026052463673598917,-0.0018939657547501292,0.7074495030500443,0.7067613074121127,-0.005511591347866116,-0.0038232678995086967,0.044103260875252945,0.00019367699311183804
3.648,11.626628944999538,-0.008257468816030894,2.322200699507061,0.323475947653804,0.0002371321340044464,-0.001880433635632767,0.7074496200527539,0.7067612346647961,-0.005278777585143631,-0.003954790381919548,0.043881931531678145,9.349376291092217e-05
3.65,11.62883571400016,-0.008267555706643219,2.3221925392716853,0.32356326658403706,0.00020844614105403132,-0.0018726622234263828,0.7074496022851318,0.7067612821264422,-0.005043432462492773,-0.004079292736840415,0.0436602896813034,-9.811321232577137e-05
3.652,11.630737535000662,-0.008277200909570258,2.3221841273867136,0.3236501510601989,0.00017586305253080323,-0.0018691967220816567,0.7074494644416307,0.7067614381366961,-0.004822590073842199,-0.004205114404182552,0.043443066616571074,-0.0002679669650564405
3.654,11.632707564000157,-0.008286457594303428,2.322175482323069,0.3237365621003684,0.0001421134679027116,-0.001867366476056006,0.70744927750711,0.706761637683367,-0.004628330798562705,-0.0043217019503766305,0.0432063519045004,-0.0003359315243914133
3.656,11.634623351004848,-0.008295339220622358,2.3221666004297727,0.32382251793906475,0.00010761003818617164,-0.0018667074951531813,0.7074490738588934,0.7067618493661079,-0.004440801886485733,-0.004440114123772304,0.04297875516723188,-0.000357903835320652
3.658,11.636650316002488,-0.0083038990670511,2.3221575013555062,0.323907973540773,7.632973449494737e-05,-0.001863272927167493,0.7074489316663378,0.7067620048304294,-0.004279909087733708,-0.004548703437557395,0.04272863977020169,-0.0002683853637341057
3.66,11.63865942999837,-0.008312131762154375,2.322148180516468,0.3239929557160109,4.761419449883811e-05,-0.001857670541972059,0.7074488580180067,0.7067620958158866,-0.0041163327202645966,-0.004659583615058733,0.04249193050953992,-0.000169380352338221
3.662,11.640610991998983,-0.00832006597379599,2.3221386550855017,0.32407743254907334,2.3851184063060843e-05,-0.0018475408040974763,0.7074488893425874,0.706762092214939,-0.003967088563507797,-0.004761878566452908,0.04223926256685014,-1.8860707780546996e-05
3.664,11.64260748700326,-0.00832768653438962,2.3221289202400452,0.3241614333199487,3.851576889327923e-06,-0.0018340234174649827,0.7074490080306471,0.7067620090099093,-0.0038102625823455685,-0.004866583751911666,0.04200123552594298,0.00010623528330294369
3.666,11.64461381000001,-0.008334985148250002,2.322118988400712,0.3242449536489515,-1.397419733796919e-05,-0.0018187520951281574,0.7074491684627192,0.7067618877577834,-0.003649290012345412,-0.004965079192804926,0.04176101797837419,0.00016665040198657327
3.668,11.64661467300175,-0.00834195591573592,2.3221088552459586,0.32432801653209153,-3.02190179848014e-05,-0.0018022656922526926,0.7074493452831084,0.7067617524906727,-0.0034853669911575507,-0.005065734563619413,0.041532299091586775,0.0001910070637083366
3.67,11.648819843998353,-0.00834857965895722,2.3220985303809414,0.3244106320107304,-4.85238064209682e-05,-0.001788264160386531,0.707449463346232,0.7067616688586479,-0.0033118576686351777,-0.005161587596403863,0.04130860032340998,0.00010931746548559524
3.672,11.650746742998308,-0.008354867826215973,2.3220880102307424,0.3244928146457244,-6.844025622354416e-05,-0.0017762444469008251,0.7074495146624924,0.7067616461547699,-0.0031440701931548967,-0.005259227479107228,0.04109218250296687,1.625395499045319e-05
3.674,11.652649216004647,-0.008360821757888208,2.322077305304125,0.3245745660181638,-9.216644716533674e-05,-0.0017684556244741648,0.7074494642333905,0.7067617134692139,-0.0029769551527261346,-0.005351613416817116,0.0408765546603546,-0.0001258132407252218
3.676,11.654776916002447,-0.008366461823395325,2.322066412236672,0.3246558977103031,-0.00011874057773495168,-0.0017638829106333867,0.7074493276630655,0.7067618576344012,-0.0028200228853048803,-0.0054456810238903445,0.04066671847977333,-0.0002458027723575718
3.678,11.656721135004773,-0.008371820055569384,2.3220553448311865,0.32473679049753756,-0.00014694090337400575,-0.0017613346826563883,0.7074491401435096,0.7067620463909446,-0.0026791067111943054,-0.0055328481268006845,0.04044726931600028,-0.0003159860311450542
3.678,11.659495400999731,-0.008376909378014726,2.322044099296959,0.32481726052476756,-0.000176262557146839,-0.001760257960976807,0.7074489250659587,0.7067622576556006,-0.0025446521964082014,-0.0056219099308703465,0.04023589325482661,-0.0003531449895270291
3.682,11.66074497000227,-0.008381772556505664,2.3220326914457474,0.32489727693001486,-0.00020341574709950488,-0.0017573779345717026,0.7074487496546588,0.7067624331109351,-0.002431578090893387,-0.005703067004484628,0.0400090854339443,-0.00029628063019469304
3.684,11.66270612399967,-0.008386406611651909,2.3220211167953653,0.3249768630203412,-0.00022882574192421558,-0.0017530763146610651,0.7074486231938052,0.7067625626074179,-0.002317015986495457,-0.0057864641525122345,0.03979393026497715,-0.0002263977058614026
3.686,11.664638564005145,-0.00839083514549948,2.3220093894791614,0.3250560023708364,-0.0002512409148495057,-0.0017461185540800378,0.7074485625185315,0.7067626329528616,-0.0022142542912770113,-0.005862795626669116,0.03957056321983664,-0.00013341517427196454
3.6879999999999997,11.666660496004624,-0.008395049455848642,2.3219975050249926,0.3251347187332337,-0.00027138342473889015,-0.0017371850254770406,0.7074485572290176,0.7067626528147944,-0.002107142303474214,-0.005941362312202246,0.03935907205784441,-5.508446132620597e-05
3.69,11.668659430004482,-0.008399054583836187,2.3219854729913827,0.32521300406962994,-0.00028893671750912183,-0.0017260087217374487,0.7074486036089349,0.7067626268141474,-0.0020025506025197677,-0.00601515055879299,0.03914356232402407,1.7768186428719714e-05
3.692,11.670617864998349,-0.008402842386014672,2.32197328901926,0.32529088081068885,-0.0003045686969184718,-0.0017132078280286756,0.7074486860287363,0.7067625688964161,-0.001893887678988076,-0.00609111756240685,0.038939268060073785,6.86665187028623e-05
3.694,11.672601101003238,-0.008406397783154242,2.321960961976308,0.32536835879890375,-0.00032067714330867277,-0.0017012350864473468,0.7074487504811839,0.7067625261769065,-0.0017776868736182842,-0.0061626510242474225,0.0387398945389606,4.4654432025349905e-05
3.6959999999999997,11.674643051002931,-0.008409724646056434,2.3219484880915893,0.32544545379782763,-0.0003371868541262129,-0.0016899677141837448,0.7074487851223499,0.7067625108500462,-0.001663420022850094,-0.006236069547510351,0.03854840416510868,3.7504084479048827e-06
3.698,11.67662682000082,-0.008412817606745377,2.321935876246902,0.3255221737195563,-0.00035608907698945244,-0.0016814491403778138,0.7074487541143092,0.7067625529351914,-0.0015464708946037091,-0.0063050473415944604,0.03836086810183901,-8.637844237309942e-05
3.7,11.67888746799872,-0.008415689215695545,2.3219231230368305,0.3255985304129131,-0.00037680038286722664,-0.001675049475931529,0.7074486633928548,0.7067626482026251,-0.001435795448430162,-0.006375727515612431,0.038179257747910644,-0.00016849273055494668
3.702,11.680709289001243,-0.008418354157032093,2.3219102392188904,0.3256745197896599,-0.00039932935454100346,-0.0016708119085707281,0.7074485201547586,0.7067627892401206,-0.001332462563497083,-0.0064410293646431785,0.03799560180201697,-0.0002402197094383331
3.7039999999999997,11.682705204999365,-0.00842082387460423,2.3218972212977644,0.3257501547633601,-0.00042316794712718995,-0.0016681860213120976,0.7074483399974849,0.7067629619038406,-0.0012348509997371553,-0.006508078423349373,0.037818403264096224,-0.00029023215297002285
3.706,11.684675204000087,-0.00842312715837585,2.3218840819538413,0.3258254194593483,-0.0004463447627842105,-0.0016652202328325347,0.7074481658095504,0.7067631289977087,-0.001151633162318093,-0.006568788087071609,0.03763326699136544,-0.0002811149940589762
3.708,11.686678279998887,-0.008425265561319797,2.32187081727325,0.32590033152685166,-0.0004689391282626822,-0.001661955654008922,0.7074480084580859,0.7067632795555994,-0.0010691926215241315,-0.006631454018707717,0.03745695513807288,-0.0002566818896400628
3.71,11.688817832000495,-0.008427261810097559,2.321857439789422,0.32597487626278415,-0.0004889743795360176,-0.001656432112145354,0.7074479032581025,0.7067633842471104,-0.0009981139997878642,-0.006687854135817026,0.03727329231015011,-0.00018418336997057364
3.7119999999999997,11.97117233100289,-0.008429108668788744,2.32184394537056,0.3260490741980353,-0.0005070325872530319,-0.0016491950637448234,0.7074478464989109,0.7067634452613197,-0.0009234187101963844,-0.00674631942948046,0.037099894597785274,-0.00011661137209179292
3.714,11.972682847001124,-0.008430804903380728,2.3218303566624456,0.3261229087071782,-0.0005240949144155781,-0.0016413350072788438,0.7074478120870876,0.7067634855573026,-0.0008481074186510346,-0.006793462833495871,0.0369181843344481,-8.4831745631781e-05
3.716,11.97476059100154,-0.008432348125926706,2.3218166702097247,0.32619638998463013,-0.0005404228467087612,-0.0016330731435239365,0.707447788039815,0.7067635164698499,-0.0007716014965110556,-0.006842333022330212,0.03674157255712733,-6.987232852566388e-05
3.718,11.976849102000415,-0.008433736965446229,2.3218028815091767,0.3262695431656741,-0.0005562238465566729,-0.0016245659561757637,0.7074477671718417,0.7067635447050608,-0.0006944100282030852,-0.006893454610374435,0.03657752759715439,-6.500354201490402e-05
3.7199999999999998,11.978813664005429,-0.008434971052774638,2.321788986238696,0.32634239167940915,-0.0005716409270899242,-0.0016159131780394565,0.7074477448562587,0.7067635745771322,-0.000617033985848837,-0.006946737264182357,0.03642519701669023,-6.664235625112543e-05
3.722,11.980822341000021,-0.008436049588002925,2.321774983487061,0.3264149459503807,-0.0005875550615713449,-0.0016080468238280523,0.707447694948233,0.7067636294242183,-0.0005392588003802468,-0.0070004759114235355,0.03627807896914421,-0.0001041645425149859
3.724,11.98281859599956,-0.00843697647123745,2.3217608702546744,0.32648721679446413,-0.0006038462053552245,-0.0016008096757216268,0.7074476169577206,0.7067637101881962,-0.0004634329503682183,-0.007055714061528617,0.03613636920807003,-0.0001425833872900705
3.726,11.98474014000385,-0.008437756258501707,2.3217466612117375,0.326559213362885,-0.0006211834553865286,-0.0015948349633656158,0.7074474992857942,0.7067638264560736,-0.0003898858795676088,-0.007103617337876467,0.035999234798135715,-0.00019665657433343194
3.7279999999999998,12.165653267999005,-0.00843839516106248,2.321732353359618,0.3266309474741586,-0.0006392991246776218,-0.0015898242871106628,0.7074473469183072,0.7067639741056512,-0.00031944370351735113,-0.0071530196913269185,0.03586800988117421,-0.00024402148565642895
3.73,12.167716984004073,-0.008438915207897909,2.321717974123744,0.3267023874833354,-0.0006574021253561547,-0.0015851026856740287,0.7074471895630443,0.7067641256114174,-0.00026001591206908513,-0.007188710411449254,0.03572096149580067,-0.00025006961927441864
3.732,12.169408890003979,-0.00843931863824173,2.3217035205540504,0.3267735406315757,-0.000675470747309858,-0.0015806323196390394,0.7074470359513924,0.7067642723456876,-0.00020170769175411224,-0.007225875209461228,0.0355775345909956,-0.00024382819583888227
3.734,12.171456091004075,-0.008439608026651786,2.3216889888651986,0.32684442701677263,-0.0006934472220320465,-0.0015763107841986579,0.7074468865644337,0.7067644141194089,-0.00014468674994955747,-0.0072649326049764994,0.03544415677671319,-0.000237086513235683
3.7359999999999998,12.173471540998435,-0.0084397853954934,2.3216743752887155,0.3269150660361042,-0.0007113004098532776,-0.0015720693556894054,0.7074467408232485,0.7067645517060341,-8.867699417177002e-05,-0.007305874274329716,0.035320477523765,-0.0002312974566230824
3.738,12.17543036400457,-0.00843986364694804,2.3216596846122934,0.32698546719618937,-0.0007279638882804328,-0.001566870377974698,0.7074466203529444,0.7067646668708001,-3.911758714395928e-05,-0.0073444222965395965,0.035201551453280376,-0.0001963863386719628
3.74,12.177538725998602,-0.008439839788864093,2.32164491374909,0.32705564509848895,-0.0007437117330728243,-0.0015609581885025624,0.7074465249809073,0.7067647590215788,1.1937262018307209e-05,-0.007384513651185428,0.035089926187919486,-0.00016145063700532102
3.742,12.179460350002046,-0.008439716203559083,2.321630070154299,0.327125601684216,-0.0007584958670481841,-0.0015543037616174414,0.707446451053529,0.7067648319742594,6.180093576747051e-05,-0.007420877763378456,0.03497927117871363,-0.0001317601326189821
3.7439999999999998,12.181465325003956,-0.008439490273367607,2.321615150996418,0.3271953489445758,-0.0007725438837886618,-0.0015471119653995135,0.7074463927331707,0.7067648909144673,0.00011297336830455567,-0.00745865729126343,0.034874612068483565,-0.00011007952166386654
3.746,12.183433949998289,-0.008439161533724152,2.3216001613261716,0.32726489272347165,-0.0007863670927051034,-0.001539947339746316,0.7074463360975488,0.7067649480068606,0.00016437763567637737,-0.0074939117191305,0.0347728746322444,-0.00010721166956373826
3.748,12.185482772998512,-0.008438730054277092,2.3215850984272883,0.327334243610883,-0.0008000316468885504,-0.0015328464397266442,0.7074462774368545,0.7067650068246824,0.00021574746366420663,-0.007530523994212926,0.034676432446222656,-0.00010956880365007907
3.75,12.187445574003505,-0.008438196221605816,2.3215699680946105,0.3274034088927143,-0.0008142727457121282,-0.00152658343434241,0.707446201262651,0.7067650803640192,0.00026692329671798635,-0.007564239068342255,0.034583632961734834,-0.00013257326959504624
3.752,12.189488907999475,-0.008437563496633285,2.3215547677829664,0.32747239725967126,-0.0008289491738826901,-0.001520990252151687,0.7074461086362586,0.7067651680773006,0.000316369336291733,-0.007599226481889789,0.034495179061759695,-0.0001543473581636847
3.754,12.191364928999974,-0.008436835776386827,2.3215395052951235,0.32754120811246284,-0.0008441859354581544,-0.001516232166339611,0.7074460020663458,0.7067652669383719,0.00036386661055649595,-0.0076303128668150895,0.034406425176244496,-0.0001722477159212382
3.7560000000000002,12.193500979999953,-0.008436016971828816,2.321524178071946,0.32760984971451307,-0.0008598104301480426,-0.0015121151682910867,0.7074458859368195,0.7067653731648225,0.00040940869868139523,-0.007662678492548504,0.034321803317539555,-0.0001842612373682071
3.758,12.195371583999076,-0.008435116908043598,2.3215087942537145,0.32767832637103117,-0.0008753415020923399,-0.0015081456468847322,0.7074457673075063,0.7067654813250689,0.0004500384321396296,-0.007690974184660419,0.034239333904476615,-0.0001871284307102583
3.76,12.19753896399925,-0.008434136965698849,2.3214933512559646,0.32774664819697436,-0.0008907665273202131,-0.0015042852752870462,0.7074456505251456,0.7067655871743177,0.0004899777154979696,-0.007720561943001924,0.03416192213993071,-0.00018393241755432297
3.762,12.199483265001618,-0.008433084431934832,2.3214778583394744,0.3278148159204523,-0.0009057568959645742,-0.0015002045863275397,0.7074455415143586,0.7067656859116045,0.0005262735229814542,-0.007745519599020124,0.03408487417140095,-0.00017295079686267356
3.7640000000000002,12.201484871999128,-0.00843195894527854,2.3214623130167413,0.3278828391648855,-0.0009203896030409244,-0.0014959651844352142,0.707445440411276,0.7067657771938604,0.0005627499754116115,-0.007771720755220306,0.03401263815154245,-0.00016169471770022546
3.766,12.203524551005103,-0.008430769297828555,2.321446721830791,0.327950711621073,-0.0009340242792472899,-0.0014909094932977706,0.7074453492744702,0.7067658612139183,0.0005948307850612101,-0.0077946508240471215,0.03393724715402945,-0.00014877227238540699
3.768,12.205577589003951,-0.00842951238044004,2.3214310823272233,0.32801844338503267,-0.0009468986349064467,-0.0014852538299890816,0.7074452664739282,0.7067659388706196,0.0006284657877942826,-0.007818807707910264,0.03386690452678961,-0.00013780514929432168
3.77,12.207632115998422,-0.008428187554576905,2.3214154058532235,0.3280860405769882,-0.0009591898004636978,-0.0014792375810683469,0.7074451870441952,0.7067660144199841,0.0006624198879863175,-0.007837291155458382,0.03379962186630828,-0.00013340636727987156
3.7720000000000002,12.209537294002075,-0.008426793181014525,2.321399689978354,0.3281535125836382,-0.0009710282956940041,-0.0014729840815845118,0.707445106304549,0.706766092132107,0.0006971937058938091,-0.007856989654720845,0.03373703270381358,-0.00013541974557701637
3.774,12.211598617002892,-0.008425330067041754,2.321383937688943,0.3282208651219555,-0.00098301764743241,-0.0014671054125954682,0.7074450171896944,0.7067661769860569,0.0007315633268923496,-0.00787519520432077,0.03367730177916554,-0.0001462489081344451
3.776,12.213501569000073,-0.008423799427161502,2.3213681469095935,0.32828810444687584,-0.0009951364489548921,-0.0014615573584918918,0.7074449190748209,0.7067662697304931,0.0007653262081573953,-0.007894438216366964,0.0336206985491899,-0.00015805659315095856
3.778,12.215564217003703,-0.008422203565308047,2.321352327112693,0.32835523362825736,-0.0010078479177761787,-0.0014568054944418135,0.7074448101479593,0.7067663705603455,0.0007979366112151724,-0.007908945255262942,0.03356563001702579,-0.00017149069060046183
3.7800000000000002,12.217727369003114,-0.008420545565298084,2.321336476184992,0.3284222592874422,-0.0010209992680790805,-0.0014526809446351258,0.7074446929299198,0.7067664775043161,0.0008290056213549078,-0.007924508688976487,0.03351387237677406,-0.00018168445386000708
3.782,12.220160025004589,-0.00841882975391891,2.32132059964808,0.328489183233789,-0.0010343985950044174,-0.0014490314086794138,0.707444563045222,0.7067665955216607,0.000857911267350627,-0.007937311547316833,0.03346301922797276,-0.00019834577447595177
3.784,12.221631548003643,-0.008417058386854342,2.3213046953612575,0.3285560122685254,-0.001047944592387844,-0.0014457422927234866,0.7074444243692667,0.7067667211111396,0.0008856891013431864,-0.007951184568016807,0.033415566881701844,-0.00020975554528453085
3.786,12.223567815002752,-0.008415240777813224,2.3212887603609795,0.3286227452536037,-0.001061072502540977,-0.0014422450013374284,0.707444309080071,0.7067668240690994,0.0009088103518433426,-0.007966539640974829,0.033367545271645774,-0.0001768296335035549
3.7880000000000003,12.22565113499877,-0.008413376277150997,2.321272792558121,0.3286893897171943,-0.0010738609799292654,-0.0014385936779468882,0.7074442192382258,0.7067669021234957,0.0009322561918940179,-0.007982939032587896,0.033323287987654625,-0.0001408999945766546
3.79,12.227885876003711,-0.008411468597315227,2.3212568016488664,0.32875595242866046,-0.0010860694732563027,-0.0014345257289194284,0.7074441266809428,0.7067669843828802,0.0009538459051423247,-0.007994490413352562,0.033282415332635554,-0.0001454070549371475
3.792,12.229629922003369,-0.008409516026293475,2.321240785661389,0.32882244096499574,-0.001097816325334866,-0.0014301532243341949,0.7074440294914391,0.7067670723781538,0.0009762915062706928,-0.008007027638501807,0.03324533123200113,-0.00015240692452998447
3.794,12.231609505004599,-0.008407522649539714,2.321224753656827,0.32888885440425264,-0.0011089464718817325,-0.0014253440841097873,0.7074439438206132,0.7067671504700126,0.000996694432856134,-0.008015034555083499,0.033207785896760385,-0.0001368571912315823
3.7960000000000003,12.233677993004676,-0.008405486410292255,2.3212087036603353,0.3289551998765395,-0.0011196100164721774,-0.001420240170754725,0.707443867711483,0.7067672201147178,0.0010181256736110117,-0.00802402864940861,0.03317380585499389,-0.00012378488806825068
3.798,12.235597708000569,-0.008403406174632796,2.3211926371127,0.3290214915615709,-0.0011301997793212398,-0.0014152382156778064,0.7074437871279424,0.7067672939541886,0.0010401235526885577,-0.008032302290515369,0.033146915733600575,-0.00012969550548061926
3.8,12.237730207001732,-0.00840128195826253,2.321176552225903,0.3290877359661535,-0.0011407337038386758,-0.0014103435512703446,0.7074437001106832,0.7067673739154842,0.0010621138698365964,-0.00804146997563425,0.03312327897754977,-0.00013837298927460144
3.802,12.239626706999843,-0.008399112962953103,2.321160456578021,0.32915393244304014,-0.0011515793568573538,-0.001405945042564688,0.707443605245125,0.7067674600470101,0.0010845029646092985,-0.008046848896891957,0.033099318298667975,-0.0001481572008258705
3.8040000000000003,12.241717529002926,-0.00839690076097517,2.3211443485405656,0.3292200850523797,-0.0011626472486717051,-0.0014019436975462023,0.7074435030992664,0.7067675521187162,0.0011061062691194504,-0.008053041799712887,0.033077387946251154,-0.00015735991364911438
3.806,12.24362698999903,-0.008394648319182131,2.3211282327922933,0.3292861982806882,-0.0011739941897368055,-0.0013984016877591292,0.7074433939559154,0.706767649626451,0.0011262259840368004,-0.008056895430146396,0.03305770076459178,-0.0001660078892041274
3.808,12.245674732002954,-0.008392357371124752,2.3211121076644954,0.32935227722158994,-0.001185530420990716,-0.0013952187479478683,0.707443280672183,0.7067677500523387,0.0011454791045092116,-0.008061583306551892,0.033040560506680645,-0.00017084160257880207
3.81,12.247692035001819,-0.008390033060268264,2.3210959784961194,0.3294183252145854,-0.0011971450655297435,-0.0013922802862529479,0.7074431664923314,0.7067678505581589,0.0011621604149532028,-0.008063601834217863,0.03302508988874356,-0.000171350790028059
3.8120000000000003,12.249710340001911,-0.00838767629485726,2.3210798437067184,0.3294843470536332,-0.0012087936313091865,-0.0013895357945955915,0.7074430541412461,0.7067679485910057,0.001178387692501817,-0.00806641047907307,0.03301201635812759,-0.00016812359120779317
3.814,12.528829239003244,-0.00838529434593523,2.3210637070615094,0.3295503432586184,-0.0012198486599200916,-0.0013863620112373515,0.707442954877637,0.7067680351880795,0.0011909798424441416,-0.008067336666038278,0.03299920265064114,-0.00015047844876259943
3.816,12.530646626000816,-0.008382890515236165,2.321047575252263,0.3296163117612058,-0.0012300718399777175,-0.001382532777804076,0.707442874667175,0.7067681052573258,0.0012019209542051199,-0.00806491703417637,0.03298535471878699,-0.00012496626278154772
3.818,12.532556983001996,-0.008380461965236948,2.3210314467126536,0.32968225762516357,-0.0012396411246207767,-0.0013782197034597776,0.7074428107590801,0.7067681609308839,0.0012142806084171156,-0.008063280385361013,0.03297403885551737,-0.00010295086086520477
3.82,12.534659312004806,-0.008378006380862734,2.3210153194964356,0.3297481905258747,-0.001248697494269228,-0.0013735477406405217,0.7074427576486528,0.7067682072445262,0.0012277977756762388,-0.0080626168364949,0.03296756071837152,-8.843543945908043e-05
3.822,12.536549754004227,-0.008375521780400044,2.320999191807304,0.3298141191077656,-0.0012573626029772722,-0.0013686260466537529,0.7074427109530425,0.706768248170105,0.0012423058004200796,-0.008062851446132415,0.0329654047854588,-7.986402207910988e-05
3.824,12.538585703005083,-0.008373005756646281,2.320983068771086,0.32988004885471606,-0.0012659433630088119,-0.0013637559930951,0.70744266353725,0.706768289727485,0.0012580172368253798,-0.008060523219543035,0.03296599069950455,-8.063895724294262e-05
3.826,12.540559669003414,-0.008370457939939832,2.3209669491174614,0.3299459835833796,-0.0012744581966445448,-0.0013589560514646205,0.7074426134326359,0.706768333822588,0.001273913693716182,-0.008058830077027323,0.0329684850085241,-8.415573599274559e-05
3.828,12.542521636998572,-0.008367874438955276,2.320950836480376,0.330011930821883,-0.0012834952852571317,-0.0013548126120039854,0.7074425489611756,0.7067683899566771,0.0012917553636526285,-0.008055319998987407,0.03297474333330972,-0.00010269853462841635
3.83,12.71586558999843,-0.008365257493480691,2.3209347297347884,0.3300778932479379,-0.001292913943853914,-0.001351182911924641,0.7074424706768011,0.706768458097117,0.0013084775836307682,-0.008052372387630846,0.03298234056333288,-0.00012081234432178503
3.832,12.717542019003304,-0.008362612158891426,2.3209186367475083,0.3301438729084888,-0.0013029150647965997,-0.0013482858232478764,0.7074423766382363,0.7067685393918695,0.0013226717127432187,-0.008045491515151215,0.032990961123234165,-0.00014109167222792305
3.834,12.719693074002862,-0.008359941025466956,2.3209025566157506,0.3302098696964665,-0.001313342296440187,-0.0013459668909480106,0.7074422718233053,0.7067686294273549,0.001335571114277379,-0.008039061902662278,0.03299952828038837,-0.00015471276247893054
3.836,12.721594198003004,-0.008357246329568368,2.3208864879546107,0.33027588964806365,-0.001324057820527527,-0.0013440772305946514,0.7074421606112845,0.7067687243483004,0.001347352378005073,-0.008033324731436184,0.03301111357137199,-0.00016251438187386887
3.838,12.723556188000657,-0.008354529848030243,2.3208704293902715,0.33034193858365896,-0.0013349499314633233,-0.0013424961024343534,0.7074420463527706,0.706768821231596,0.0013582452179337985,-0.008028274478265622,0.033025609056243806,-0.00016588452799208393
3.84,12.725787820003461,-0.008351801358541949,2.320854383771305,0.3304080137140958,-0.001345075774071261,-0.001340288837838569,0.7074419474286784,0.7067689052408237,0.0013642498244600754,-0.008021800085625861,0.033038709841136965,-0.00014574735142493584
3.842,12.727609558998665,-0.008349058300286158,2.320838349897397,0.3304741195731731,-0.0013545939977944407,-0.0013376115468438092,0.7074418654414568,0.7067689741996056,0.001371534268123856,-0.008015925746819067,0.03305407764495945,-0.0001229471018142445
3.844,12.729670992004685,-0.008346303829647907,2.3208223311941123,0.33054025722603453,-0.0013631497425664629,-0.001334104808005375,0.7074418042181727,0.7067690256594988,0.0013772407492045153,-0.0080083387130278,0.03306997794731891,-9.572885247505734e-05
3.846,12.7315838229988,-0.008343534131616454,2.320806326482566,0.33060643151913405,-0.0013709656706485276,-0.0013299911657551934,0.7074417597001306,0.7067690628550545,0.0013848544463314614,-0.008001341038160102,0.033088301562265665,-7.367081429091694e-05
3.848,12.73369834299956,-0.008340746357911662,2.320790338426039,0.33067264755279274,-0.0013783663568056126,-0.0013255944635085963,0.7074417227723234,0.7067690936836668,0.0013938920813734747,-0.007993011766504842,0.03310917529009279,-6.363709802218007e-05
3.85,12.735764352000842,-0.008337938538322402,2.3207743659856805,0.33073890890824537,-0.0013854590113969655,-0.0013210210531137202,0.7074416889296722,0.7067691222535392,0.0014039149899459076,-0.007985201857147455,0.0331318396904761,-5.969360843359924e-05
3.852,12.737689418005175,-0.008335105809787802,2.3207584112644493,0.33080522304384413,-0.0013929582107318496,-0.001316985201019189,0.7074416433026575,0.7067691607156038,0.0014163689170648283,-0.007976340480552188,0.03315823324439011,-7.48114151524771e-05
3.854,12.739622270004475,-0.008332249534785324,2.320742473432582,0.33087159176687647,-0.0014007658255887456,-0.0013133885561606561,0.7074415850706394,0.7067692102648104,0.0014281421243021624,-0.00796789395289101,0.033185530465727066,-9.135799973605493e-05
3.856,12.741657210004632,-0.008329369745067445,2.320726556042659,0.33093801900992476,-0.0014091146205350645,-0.0013104524102042056,0.7074415110325595,0.7067692732274343,0.0014398992273649599,-0.007957671176171112,0.033214793940707636,-0.00011180335848624652
3.858,12.743653877005272,-0.00832646872644597,2.32071065834719,0.33100450622696226,-0.0014178526463329872,-0.0013080283096789922,0.7074414245565365,0.7067693468008024,0.0014505136877864132,-0.00794782210502445,0.03324478444377439,-0.00012788907656492354
3.86,12.745652341000095,-0.008323549997969023,2.3206947825191064,0.3310710552565256,-0.001426885696532668,-0.0013060213843855018,0.7074413294511697,0.7067694275290309,0.0014593685573272713,-0.007936886622776541,0.033275694174825204,-0.0001388438539273027
3.862,12.747726754001633,-0.008320615071888858,2.3206789278041473,0.33113766802757505,-0.0014361101727220368,-0.0013043296380752854,0.7074412296132692,0.7067695119025955,0.0014674673807725486,-0.007926328220397141,0.033307568444997195,-0.000144567687349786
3.864,12.749690197000746,-0.008317670928229791,2.3206630972541618,0.3312043430617477,-0.0014449575940915873,-0.0013023767944142005,0.7074411367043855,0.7067695904682401,0.0014720765088434777,-0.007914243984162416,0.03333870346357488,-0.0001354455181841194
3.866,12.751636772001802,-0.008314716372449456,2.320647290012801,0.3312710835128253,-0.001453491438115828,-0.0013002296876477987,0.7074410526824444,0.7067696610246889,0.001477282609451322,-0.007902587846427406,0.033371415462868786,-0.00012337052127458326
3.866,12.753729076001036,-0.008311755354176026,2.320631508955467,0.3313378889819513,-0.0014613314351391083,-0.0012975003122837373,0.7074409835286306,0.70676971909344,0.0014805141290943503,-0.007889494086403407,0.03340392796927196,-0.00010397243820149293
3.87,12.755846022002515,-0.00830878512297337,2.320615753234478,0.33140476301043864,-0.00146863026101405,-0.001294345503935643,0.7074409274252718,0.7067697659058036,0.001485120604938345,-0.007876824092544744,0.03343821121524679,-8.670472124631673e-05
3.872,12.757644958001038,-0.008305805030986711,2.320600025104646,0.33147170808726456,-0.0014754881835110502,-0.0012908590728141528,0.7074408802274333,0.706769805241076,0.0014900509385190382,-0.007863026741701811,0.03347373890450762,-7.503694280192937e-05
3.874,12.759656843001721,-0.008302813022593867,2.3205843237843684,0.3315387272559564,-0.0014820105918598604,-0.001287149969133406,0.7074408386995374,0.7067698399264486,0.0014960091253377475,-0.007849620127959638,0.03351078842167516,-6.763521258142126e-05
3.876,12.762330773999565,-0.00829980603214806,2.320568651038401,0.3316058248380899,-0.0014886598215209737,-0.0012836772274108115,0.7074407926713887,0.7067698783403186,0.0015034997982431336,-0.007835331172693352,0.033549998687680486,-7.326543982547403e-05
3.878,12.763813859004586,-0.008296784215700011,2.320553006243002,0.33167300254487825,-0.0014954037443380983,-0.0012804130322666507,0.707440740816866,0.7067699219283401,0.0015109127852900308,-0.007821354038619409,0.03359006460523585,-8.085467624548384e-05
3.88,12.765890157003014,-0.00829374649270255,2.3205373911543576,0.3317402639296018,-0.0015026033925320868,-0.0012777135277355675,0.7074406767647567,0.7067699756567258,0.0015188657223689397,-0.007806498846415815,0.03363190713121294,-9.638738269606465e-05
3.882,12.767728355000145,-0.0082906945642174,2.3205218052173264,0.33180761006173093,-0.0015101355380044246,-0.0012754594173114311,0.7074406024962918,0.7067700380135077,0.0015259684703448505,-0.007791921180379605,0.03367428443624485,-0.0001094675612643764
3.884,12.769659322002553,-0.008287630959834445,2.3205062509448053,0.3318750419301119,-0.0015180303799413684,-0.0012736683456478412,0.7074405188026986,0.7067701081036744,0.0015318062816732502,-0.007776087124245389,0.03371715611611541,-0.00012136279636051207
3.886,12.771708968000894,-0.008284557208013386,2.320490727806016,0.33194256064201816,-0.0015261749039021859,-0.0012722338358963693,0.7074404291064202,0.7067701829286189,0.0015368800227571772,-0.007760518399611031,0.03376058149608056,-0.00012873155180060088
3.888,12.773614511999767,-0.008281478590762874,2.3204752376155753,0.33201016519276316,-0.0015343046457553951,-0.00127088393746679,0.7074403395427925,0.7067702574039529,0.0015393128128666756,-0.007744042443134351,0.033803504470456894,-0.00012824258366667324
3.89,12.77581260399893,-0.008278395162225578,2.320459779788157,0.33207785750029906,-0.0015423985640414099,-0.0012696023133690363,0.7074402529220869,0.7067703287930027,0.0015417184853642667,-0.007727859072606636,0.0338473865098781,-0.00012382877917428893
3.892,12.777743357000872,-0.008275313448535354,2.3204443561311963,0.3321456338118741,-0.0015497680724313372,-0.0012676955248523655,0.7074401817239805,0.7067703873602228,0.0015408615596352953,-0.00771077209278194,0.03388939207950861,-0.00010390342676677346
3.894,12.779731842005276,-0.008272230608356619,2.3204289659514497,0.3322134976770424,-0.001556568494820145,-0.001265324350839753,0.7074401259289943,0.706770432512833,0.00154142483754521,-0.007694031632574792,0.03393317254881333,-8.352485114885384e-05
3.896,12.781618264001736,-0.008269147345032883,2.3204136117093133,0.33228144884330396,-0.0015627534541575716,-0.0012624267548674586,0.707440083809598,0.7067704662051175,0.0015416364551045808,-0.0076760610550478696,0.033976826693865605,-6.579238382157222e-05
3.898,12.783595703003812,-0.008266060830077363,2.3203982927854567,0.33234949040743944,-0.0015684679724075556,-0.0012591557532789196,0.7074400519137619,0.7067704913076539,0.0015432622556043566,-0.007658400052821626,0.03402202932216636,-5.2479220694663814e-05
3.9,12.785797944001388,-0.008262967690027188,2.320383010137797,0.33241762455669827,-0.0015740545468325396,-0.0012558532645481461,0.7074400214727566,0.7067705152335424,0.0015465745833088576,-0.007640260152930584,0.03406832551495278,-5.050608870291809e-05
3.902,12.787633199004631,-0.008259866978815795,2.320367763212216,0.3324858533274782,-0.0015795470607328677,-0.0012525569329146008,0.7074399897750867,0.706770540557003,0.0015503601471695597,-0.007622397235402016,0.0341156399818244,-5.225490918279703e-05
3.904,12.789739070998621,-0.008256755403904841,2.320352553214798,0.33255417953844746,-0.0015854596989794702,-0.0012497758092259424,0.7074399466132997,0.7067705754442112,0.0015557915881868078,-0.007603931330137874,0.03416436373056064,-6.68344058739346e-05
3.906,12.791595469003369,-0.008253634289983979,2.3203373797279756,0.33262260416611233,-0.0015916840929416924,-0.001247408068302056,0.707439892540672,0.7067706197606843,0.0015605610953757679,-0.007585674139791647,0.034213575797112,-8.095062382511503e-05
3.908,12.793550729002163,-0.008250504448913117,2.320322244295936,0.33269112742001467,-0.0015983616818605545,-0.0012455865494615684,0.7074398260946051,0.7067706744123703,0.0015649244850942526,-0.00756664493028023,0.03426289256808055,-9.670268154215287e-05
3.91,12.795643899000424,-0.008247367596985876,2.3203071465320466,0.3327597502687869,-0.0016053614168342375,-0.0012441864274080464,0.7074397506567853,0.7067707365231816,0.0015684299415233748,-0.007547808957905991,0.034312693740012744,-0.00010806232881424615
3.912,13.072971391004103,-0.008244227357073494,2.3202920883236864,0.3328284711094293,-0.001612601224138352,-0.0012431104755636795,0.7074396692526937,0.7067708034159849,0.0015701238770086683,-0.0075280293876479,0.03436169333167565,-0.00011544011611758844
3.914,13.074769416998606,-0.008241092452559363,2.3202770727834565,0.3328972807019767,-0.0016193435655023512,-0.0012416073203169507,0.7074395975100246,0.706770862452983,0.0015674566387761113,-0.007506693617590052,0.03440607283706435,-0.00010312573458839562
3.916,13.076803768999525,-0.00823796087553634,2.320262099374464,0.3329661820254069,-0.0016256869133428563,-0.0012397861025761733,0.7074395376203227,0.7067709110341366,0.0015657929415347869,-0.007485626104508744,0.0344519420549216,-8.737091730367834e-05
3.918,13.078780847004964,-0.008234831119571472,2.320247167514198,0.33303517873041866,-0.0016316966594792006,-0.0012377119936038514,0.7074394867975367,0.7067709516913315,0.0015648824047597197,-0.0074648498295854515,0.03449963666093953,-7.535417408925663e-05
3.92,13.080753444002767,-0.008231704415928754,2.320232277788724,0.33310427073678844,-0.0016372504369149097,-0.0012352562581962971,0.7074394457204136,0.7067709842599493,0.0015633563411232168,-0.007443780588533478,0.03454729108909684,-6.280238896884674e-05
3.922,13.082808621002187,-0.008228578537327343,2.320217429654483,0.3331734615339624,-0.0016424581988952458,-0.001232534453749463,0.7074394124870688,0.7067710101934265,0.0015629438190019496,-0.007422983057779887,0.03459669031983392,-5.25725865334489e-05
3.924,13.084710301001905,-0.008225450807205662,2.320202623959695,0.3332427513090646,-0.0016475973335162185,-0.0012298283007928599,0.7074393801272062,0.7067710353364883,0.0015638693914704152,-0.007401761515607055,0.03464618301034228,-5.128507048765731e-05
3.926,13.086761216000014,-0.00822232049810288,2.32018786029323,0.33331214190164765,-0.0016526806467453113,-0.0012271566332702577,0.7074393468994423,0.7067710613711966,0.0015651588779916229,-0.007380745430656744,0.03469659558867476,-5.240356735533599e-05
3.928,13.26243961900036,-0.008219185607915801,2.3201731398876,0.3333816332455154,-0.0016580340806459338,-0.0012248411214997126,0.7074393062976575,0.7067710934894718,0.00156744915614798,-0.007359113191449752,0.034746974968770224,-6.166106844906696e-05
3.93,13.264153052004986,-0.008216047512245379,2.3201584652783085,0.333451219285552,-0.0016637334833882573,-0.0012229448551132008,0.7074392557512487,0.7067711339740023,0.0015690517324078793,-0.007336213286029235,0.03479432668780806,-7.433639958013204e-05
3.932,13.266192756003875,-0.00821290723153361,2.3201438360699265,0.33352090169017146,-0.0016696861643513562,-0.0012213860308044236,0.7074391979215338,0.7067711805163065,0.0015701442872268004,-0.0073135108851483666,0.034842512843214414,-8.351778349066973e-05
3.934,13.268108383002982,-0.008209765637014026,2.3201292518294245,0.3335906832580821,-0.0016758118489378871,-0.0012200844732537406,0.7074391355262317,0.7067712307206787,0.0015708012370061742,-0.007291024987219654,0.03489209839253949,-8.911697997345834e-05
3.936,13.270078667002963,-0.008206623366325331,2.320114712102804,0.3336605665640082,-0.001682041568478084,-0.001218972341864622,0.7074390708549428,0.706771282573427,0.001571139361797025,-0.007268766093604151,0.03494297131081413,-9.170108438856426e-05
3.9379999999999997,13.272115541003586,-0.008203483474083794,2.3201002145367395,0.33373054796031554,-0.0016881784626029221,-0.0012178399709412075,0.7074389984671222,0.7067713423499276,0.001569950228502796,-0.0072476840096177345,0.034992020261371354,-0.0001026815962906282
3.94,13.274297068004671,-0.008200345488933801,2.320085758769752,0.3338006293932078,-0.0016942250488142141,-0.0012166963248364108,0.7074389200099488,0.7067714083822961,0.0015689967101794313,-0.007226782519865032,0.035042042476034346,-0.00011130573997932915
3.942,13.276150930003496,-0.008197213731526234,2.320071350076719,0.333870804511718,-0.0016997182416938082,-0.0012150716109614918,0.7074388533728028,0.7067714646881645,0.0015658831888798938,-0.007203243758997899,0.0350888890329144,-9.621307627243495e-05
3.944,13.278328566004348,-0.008194085814601258,2.320056987921583,0.3339410769161448,-0.001704777145350914,-0.0012130958023885848,0.7074387980292917,0.7067715112936642,0.0015639629677483369,-0.007179972854406328,0.03513753594035092,-8.143739330712721e-05
3.9459999999999997,13.280315793002956,-0.008190961214589742,2.320042673951627,0.3340114432790192,-0.0017094181465898335,-0.0012107728482899803,0.7074387527563275,0.7067715493830251,0.001562304524663371,-0.007155878460376216,0.03518451896178841,-6.837984337855622e-05
3.948,13.282172254002944,-0.008187837825096626,2.320028407688455,0.3340819066130693,-0.001713737864722327,-0.0012082071249248064,0.7074387148910235,0.7067715812137692,0.0015616992559627113,-0.007132023100286591,0.03523300852477077,-5.874240620121543e-05
3.95,13.284268342002179,-0.008184712925279305,2.3200141901439353,0.33415246513517516,-0.001718054163038101,-0.0012057081334090399,0.7074386781287875,0.706771611799161,0.0015624541943622303,-0.00710766195492635,0.03528060637739942,-5.696247600301209e-05
3.952,13.286202600000252,-0.008181585970146874,2.3200000209036045,0.3342231212776683,-0.0017223678718770782,-0.0012032847132991903,0.707438640915315,0.7067716426786694,0.001563481849598091,-0.007083507873524483,0.03532942057121173,-5.735629931240979e-05
3.9539999999999997,13.288182331998541,-0.008178454800249932,2.319985900815568,0.3342938731354047,-0.0017270298308629517,-0.0012012792621860873,0.7074385962918862,0.7067716793793191,0.001565588947234274,-0.00705892989728655,0.03537728203434418,-6.640975146209403e-05
3.956,13.290274202001456,-0.008175320415941916,2.319971829525187,0.33436472245783366,-0.0017319482012848491,-0.001199606494995784,0.7074385452019109,0.706771721323292,0.0015671961719304851,-0.00703452907393169,0.03542601839669426,-7.442282072475189e-05
3.958,13.292299774002458,-0.008172183916350174,2.3199578081673318,0.3344356650046846,-0.0017371616407283554,-0.0011982958389992369,0.7074384876270697,0.7067717683810246,0.001568253731691464,-0.007009560991242476,0.03547263444656799,-8.235025364726372e-05
3.96,13.294392746000085,-0.00816904629343488,2.319943836345138,0.3345067028728044,-0.0017425803112272574,-0.001197264445192785,0.7074384262502029,0.7067718182244843,0.0015688154308117624,-0.006984791154759431,0.03552029912497331,-8.676886241396593e-05
3.9619999999999997,13.296211195003707,-0.008165911124716794,2.319929915468079,0.33457782955617127,-0.0017479272933799642,-0.001196223514826688,0.7074383669209563,0.7067718661687731,0.0015675884972843192,-0.006959316782868599,0.03556471058708609,-8.390918872131307e-05
3.964,13.298308076002286,-0.008162778012323553,2.3199160450587932,0.3346490481222697,-0.001753198290489934,-0.0011951760337417041,0.7074383115284486,0.706771910330186,0.0015665603737159528,-0.006934080881201799,0.035610656031170265,-7.837104181682749e-05
3.966,13.30033162500331,-0.008159650051758534,2.319902226557133,0.33472035160304375,-0.0017580770524398856,-0.0011937935317964984,0.7074382653669911,0.706771946752716,0.0015639846915178252,-0.006908125269613577,0.03565311722307983,-6.64910313138716e-05
3.968,13.30225337199954,-0.008156525462548893,2.3198884594429696,0.3347917437263549,-0.0017626435475856538,-0.0011921639913659982,0.7074382280751175,0.7067719754564976,0.0015622990328034707,-0.006882429499581967,0.03569744260050553,-5.482297913815093e-05
3.9699999999999998,13.30440744200314,-0.008153404633403867,2.3198747448885473,0.33486321878436004,-0.0017668396051126693,-0.0011902197727984018,0.7074381991677877,0.7067719971907065,0.0015604190564496088,-0.006856147825184036,0.03573891382848763,-4.4079449872214414e-05
3.972,13.306340889001149,-0.00815028572004655,2.3198610823880195,0.33493478051067327,-0.0017707511296640344,-0.001188055052927142,0.7074381766786082,0.7067720135540699,0.0015594611577297976,-0.006830118844802239,0.03578225211891178,-3.579437510340987e-05
3.974,13.308368805002829,-0.008147166751280535,2.3198474727624485,0.3350064246813901,-0.0017746102059957173,-0.0011858950049845223,0.7074381544354487,0.7067720297667561,0.001559488695325019,-0.00680367954944717,0.03582347823042477,-3.544266155989515e-05
3.976,13.31043205899914,-0.008144047013633261,2.319833915541345,0.3350781545458088,-0.0017784291622042461,-0.0011837594095581263,0.7074381311239144,0.7067720470811496,0.00155987313635704,-0.006777475267795329,0.035866329241899586,-3.6885944613373534e-05
3.9779999999999998,13.312297037999087,-0.00814092482164244,2.3198204115028807,0.33514996580782885,-0.0017824948868508422,-0.001181928659484228,0.7074381008937997,0.7067720701615172,0.0015611000710157614,-0.006750882126884723,0.035907031966556216,-4.5603997614558586e-05
3.98,13.314415051005199,-0.008137800709638349,2.3198069601869684,0.33522186134655385,-0.0017867421805699592,-0.001180344184541314,0.7074380643957637,0.706772098617342,0.001562060098075314,-0.006724518788646692,0.03594917450352171,-5.361227878999431e-05
3.982,13.316434894004487,-0.00813467534905071,2.319793562547831,0.33529383519359296,-0.0017912411889572852,-0.0011790688321158338,0.7074380208549573,0.706772132939969,0.0015626842922522393,-0.006697678585556409,0.035988332587080785,-6.248466402058282e-05
3.984,13.318611082999269,-0.008131549482083236,2.3197802181129568,0.3353658903774233,-0.0017959169049846322,-0.001178034480667753,0.7074379723932026,0.7067721713065869,0.0015629375170356787,-0.006671074383026751,0.0360290051920502,-6.860007256105123e-05
3.9859999999999998,13.320518284999707,-0.008128425913286108,2.319766928087917,0.33543801890631236,-0.001800574608306409,-0.0011770370971339653,0.7074379234820972,0.7067722100748515,0.0015617885400131533,-0.006643867663933909,0.036065681645764264,-6.911432736300746e-05
3.988,13.322430471002008,-0.00812530440421724,2.319753691916622,0.3355102245567439,-0.0018052008756844092,-0.0011760699536161982,0.7074378758136401,0.7067722475971645,0.0015607587120121291,-0.006616938711027442,0.03610424665867065,-6.726300725105097e-05
3.99,13.32440726400091,-0.008122187770577634,2.3197405108810565,0.3355824987003256,-0.001809536311154088,-0.0011748632246779925,0.7074378343293102,0.7067722800408897,0.0015583211791004295,-0.006589369050250963,0.03613849717064182,-5.939024015980087e-05
3.992,13.326400500998716,-0.008119074600167909,2.31972738437906,0.33565484578905347,-0.001813637834257993,-0.0011734810134979435,0.7074377990470149,0.706772307139741,0.001556589585392922,-0.006562100175645343,0.036174974017584856,-5.126811715803979e-05
3.9939999999999998,13.328399218000413,-0.008115965657895487,2.319714313474407,0.3357272579551085,-0.0018174240127926536,-0.0011718334110857283,0.707437770303219,0.7067723289184605,0.0015544755828552702,-0.006534299706870358,0.03620751663936124,-4.2994492127425164e-05
3.996,13.33034547400166,-0.00811285930875331,2.319701297533535,0.3357997397712596,-0.0018209667991852686,-0.0011699984946148614,0.7074377467201998,0.7067723464446564,0.0015531790200528086,-0.006506815715880064,0.03624234598880452,-3.639352962807633e-05
3.998,13.332451900001615,-0.008109755089509545,2.319688338035915,0.3358722837593355,-0.001824314364579494,-0.001168010587787877,0.7074377262940035,0.7067723615453116,0.001552114046890332,-0.0064785922888679235,0.03627343593000813,-3.249636521242219e-05
4.0,13.33454578200326,-0.008106651730696052,2.3196754343016908,0.3359448947030828,-0.0018275139074547886,-0.0011659246174101088,0.7074377076689713,0.7067723753661966,0.0015516838346001586,-0.006450708475176775,0.036306918096062485,-3.0323741231197105e-05
4.002,13.336387262002972,-0.008103546470836468,2.3196625867382408,0.3360175668768099,-0.001830928653176926,-0.001164103889971734,0.7074376831046291,0.7067723941170556,0.0015526340720653914,-0.00642262127421306,0.03633753709311175,-3.777428753824173e-05
4.004,13.338409759999195,-0.008100439645978823,2.3196497947526074,0.33609030411140495,-0.00183450400203239,-0.0011624979676087806,0.7074376524610982,0.7067724181615127,0.001553416586955845,-0.006394830238571555,0.03637007187765739,-4.5609288306837866e-05
4.006,13.340341707000334,-0.00809733139431092,2.3196370591322872,0.33616309876682665,-0.0018383734252761113,-0.0011612359245574747,0.7074376136905417,0.7067724489891415,0.001554129847322282,-0.00636664577969096,0.036398786291266715,-5.5862351533248225e-05
4.008,13.342322324999259,-0.008094222498906511,2.319624379260498,0.33623595484787216,-0.0018424559198844473,-0.001160241934420539,0.7074375689018962,0.70677248482168,0.0015544517544903407,-0.006338769373627428,0.03642950348079466,-6.341097872055382e-05
4.01,13.344419754001137,-0.008091114851060361,2.3196117561224834,0.3363088634158183,-0.0018467432813874772,-0.0011594980414729678,0.7074375192090683,0.7067725245925054,0.0015538279140947246,-0.006310400692392344,0.03645575093568236,-6.943977283315076e-05
4.01,13.6306736750048,-0.00808800903886598,2.319599189034853,0.3363818289738808,-0.0018511713666761593,-0.001158945707385942,0.7074374668937283,0.7067725662788588,0.001552910125398341,-0.006282373347978663,0.03648425040249427,-7.245768685479006e-05
4.014,13.632329603999096,-0.00808491293231028,2.319586680358804,0.3364548237993258,-0.0018551983267177817,-0.0011580306428177992,0.7074374225609042,0.7067726015944474,0.0015480576067889433,-0.006253166193419026,0.036498887600170164,-6.251634676722948e-05
4.016,13.634369036000862,-0.008081824683287603,2.3195742291448815,0.33652785354604775,-0.0018589163343583582,-0.001156853060468068,0.707437387734385,0.7067726286130552,0.001544128863534337,-0.006224432981682899,0.03651635264168384,-5.00569071219607e-05
4.018,13.636425270000473,-0.008078742905180295,2.3195618346193023,0.33660092511915385,-0.0018623831728449079,-0.0011554685820260038,0.7074373601165916,0.7067726493947976,0.0015408933986154898,-0.0061960865942325685,0.03653727037376739,-4.0643478438515026e-05
4.02,13.63844121999864,-0.008075666200195177,2.319549495932984,0.33667404527088385,-0.001865652897561555,-0.001153930312307771,0.7074373374268379,0.706772665995599,0.0015383568389237576,-0.0061681647638354205,0.036561564219145,-3.426109955223871e-05
4.022,13.640768044999277,-0.008072595437444145,2.3195372144024615,0.33674720319793483,-0.0018685650672934059,-0.0011520725521241718,0.707437321571085,0.706772677203748,0.0015353858739497136,-0.006139585101664064,0.03658045589755248,-2.579977696074961e-05
4.024,13.642487670003902,-0.008069528749650706,2.3195249891470597,0.33682040516079237,-0.0018712102541603509,-0.0011499906128454847,0.7074373113251802,0.706772683851587,0.001533348396452001,-0.006111445359242951,0.03660247829864987,-1.871974853186321e-05
4.026,13.817943090005429,-0.008066462154298145,2.319512820752682,0.33689364385968507,-0.0018740397397206273,-0.0011481399832733413,0.7074372964979007,0.7067726942047027,0.001533301831797617,-0.006083013055557442,0.036620850386265016,-2.4356881539043757e-05
4.028,13.819788084998436,-0.008063395195937358,2.3195007110608983,0.3369669005473457,-0.0018773547542809644,-0.001146821668417169,0.7074372689644919,0.7067727151066661,0.001533482977961315,-0.0060536602440962204,0.03662984848198176,-4.035863370511593e-05
4.03,13.82181041900185,-0.008060329134859635,2.3194886591444144,0.3370401805799939,-0.0018810461359460699,-0.001145929514536749,0.707437230861002,0.7067727448782243,0.00153303437919121,-0.006024770379018892,0.036641525496084855,-5.3735475586337096e-05
4.032,13.823681642003066,-0.008057265078456558,2.3194766641661637,0.337113490725406,-0.00188501874841163,-0.0011453646960960587,0.7074371857767333,0.7067727803363162,0.0015320321140441864,-0.005996299004560202,0.03665658650538815,-6.239865889572872e-05
4.034,13.825717630003055,-0.008054205191894166,2.319464726580371,0.3371868283156355,-0.0018891895646800255,-0.0011450365169134184,0.7074371365723732,0.7067728189824827,0.0015299472013240738,-0.005967600780742672,0.03667031324470163,-6.734676696437153e-05
4.036,13.827766868002072,-0.008051150081038985,2.3194528454699417,0.33726019971634,-0.0018934923482177696,-0.001144880929170596,0.7074370858667114,0.7067728584734988,0.0015275593938577797,-0.005939360866811699,0.036687223085725494,-6.883044227825775e-05
4.038,13.82967389600526,-0.008048105597215329,2.319441022328601,0.3373335901667515,-0.0018973303727743795,-0.0011443021889071454,0.7074370453757943,0.7067728896469669,0.001522246321429452,-0.005910374588395687,0.036696751960554094,-5.599709588505864e-05
4.04,13.831729780999012,-0.00804506975170658,2.319429256164617,0.3374070064217328,-0.0019008044511938417,-0.0011434027562919463,0.7074370158395643,0.7067729113319123,0.001517927194124202,-0.005881883688465246,0.036709658846493416,-4.173378311386946e-05
4.042,13.833641343000636,-0.00804204367155648,2.319417548260475,0.3374804365206388,-0.0019038296499221637,-0.0011420917911356045,0.7074369972023982,0.7067729239637429,0.0015130445643289918,-0.00585275202058193,0.03671658487665678,-2.7895049928346755e-05
4.044,13.835686503000034,-0.008039025098011339,2.319405897555086,0.3375538877719462,-0.0019065163338090885,-0.0011404823888487763,0.7074369871767379,0.7067729293554541,0.0015092912485724394,-0.005824150406602257,0.036727165712185296,-1.6867919690596984e-05
4.046,13.837679272000969,-0.008036013989675322,2.3193943054163966,0.33762734764371155,-0.0019087490088031975,-0.001138454480880759,0.7074369859427956,0.7067729278338194,0.001505558780006728,-0.005794865316793029,0.036731480009683744,-6.043728677572481e-06
4.048,13.839712451001105,-0.00803300800399247,2.319382770700191,0.3377008239921952,-0.0019106471608649023,-0.0011361287057255936,0.7074369909673501,0.7067729214182249,0.0015029974402717679,-0.005766151826998584,0.036739723028786024,1.6544142597225796e-06
4.05,13.841775435001182,-0.00803000233957442,2.319371294532336,0.33777430716011636,-0.0019126419717153556,-0.0011339339457828279,0.7074369922034903,0.7067729183100986,0.0015028365192121815,-0.00573687589834513,0.03674313685370685,-3.2213626510623293e-06
4.052,13.843765486999473,-0.00802699674956154,2.3193598758682787,0.33784780395965447,-0.0019147162919368017,-0.0011318542937452964,0.7074369878577992,0.7067729203768799,0.0015027993218290924,-0.005708121740885859,0.0367499573378173,-1.0697149818026721e-05
4.054,13.845701532998646,-0.008023988331171555,2.319348515891791,0.33792130374121787,-0.0019171979718750932,-0.0011302169252896542,0.7074369717570851,0.7067729323855035,0.0015042132705439866,-0.005678776208802476,0.03675145245206843,-2.5651803161369286e-05
4.056,13.84770251900045,-0.008020978213284069,2.3193372135295585,0.33799481307079154,-0.0019199864047608527,-0.0011289223011479313,0.7074369453254232,0.7067729533416496,0.0015050630630005035,-0.005649966809853172,0.03675623115457161,-3.897275304130657e-05
4.058,13.849680890001764,-0.008017965634447533,2.3193259696564086,0.338068320416026,-0.001923349756313247,-0.0011282409792564185,0.7074369048672946,0.7067729857810005,0.001506293265877948,-0.005620720533144122,0.036755243081858464,-5.648043906105211e-05
4.06,13.851731239999935,-0.008014952595960025,2.319314783182152,0.3381418320451649,-0.001927137831672949,-0.0011280213044663487,0.7074368535515363,0.7067730271769124,0.0015065231444010433,-0.005592018806901808,0.03675738975203729,-7.008178720928625e-05
4.062,13.85375811799895,-0.008011943540364136,2.3193036549618267,0.33821533316453684,-0.0019311301214007997,-0.0011280454705184068,0.7074367976177768,0.7067730722276955,0.0015045317693619222,-0.005562890129128933,0.036752138939673634,-7.569177986752905e-05
4.062,13.855814905000443,-0.008008939130653498,2.3192925838167753,0.3382888311170633,-0.0019352622510590803,-0.0011282480947611422,0.7074367407512515,0.7067731175218134,0.0015022088825176693,-0.0055343502012101045,0.03675056026884427,-7.633618048997498e-05
4.066,13.857699963999039,-0.008005945154092312,2.3192815705389904,0.3383623095903937,-0.0019391129016845914,-0.0011282093293034157,0.7074366918222857,0.7067731560043888,0.0014969925565961177,-0.005505414873622289,0.03674082473411491,-6.605755545201253e-05
4.068,13.859853785004816,-0.008002960313796378,2.3192706137845445,0.3384357771597349,-0.001942740929849255,-0.0011279859405969248,0.707436651981489,0.7067731862759218,0.001492424452993719,-0.005477150902476405,0.036735377526531644,-5.3932047279974665e-05
4.07,13.861765514004219,-0.007999989249396572,2.319259714649441,0.3385092168725383,-0.0019456738918458328,-0.001127104285034033,0.7074366289237741,0.7067732026937663,0.0014855368613968707,-0.00544833955074402,0.03672145332002892,-3.2765343207607044e-05
4.072,13.863784808003402,-0.007997028898347393,2.319248871672362,0.3385826385835241,-0.0019480845626219296,-0.0011257347732894682,0.7074366207766457,0.7067732063907612,0.001480180173104734,-0.005420258223992289,0.03671245723411788,-1.3587829772117501e-05
4.074,13.865795853002055,-0.00799407787437673,2.3192380857579744,0.3386560281877878,-0.0019499917742966159,-0.0011239006828786516,0.7074366240983841,0.7067732007253931,0.0014755166594013452,-0.005391725189217827,0.03669640796922068,8.031686602227124e-07
4.076,13.867867175998981,-0.007991133641975737,2.3192273554382417,0.33872939506371563,-0.0019515310609213884,-0.001121734712033463,0.707436635099735,0.706773188906115,0.0014721208402138644,-0.005363925539903143,0.036685048641801256,1.0351195263306136e-05
4.078,13.869724569005484,-0.007988193038775916,2.3192166824164797,0.33880272556784596,-0.0019528851543644035,-0.0011194146777735122,0.7074366479024993,0.7067731760295012,0.0014703061643085158,-0.005335274868261667,0.036666866848332355,1.2279867872610712e-05
4.08,13.871826996000891,-0.007985254690689735,2.319206065180724,0.3388760293046881,-0.0019541138801229757,-0.0011169983854912697,0.7074366599965213,0.7067731643508522,0.0014691786001884478,-0.005307379529330956,0.03665348806669542,1.0884114822483684e-05
4.082,13.87371086100029,-0.00798230759283167,2.319195503028202,0.3389493097796055,-0.001955975205913609,-0.0011151569028725525,0.707436670954996,0.70677315114129,0.0014735531172163703,-0.0052798358121418105,0.03664186174533193,1.1584894542210989e-05
4.084,13.875735066001653,-0.007979357899918143,2.319184996173537,0.33902256146760595,-0.001958356156009113,-0.0011138708916202987,0.7074366639134462,0.7067731536241433,0.0014748504257452535,-0.005252184939563952,0.03662747268113157,-1.1732647163297776e-05
4.086,13.877707894003834,-0.007976405598697018,2.3191745444575487,0.3390957805360758,-0.0019613438800633754,-0.0011131516797872293,0.7074366457164843,0.7067731646864724,0.0014761545190983974,-0.005224613601621616,0.03661116740129637,-2.5251100085413667e-05
4.088,13.879964705003658,-0.007973453283801087,2.3191641481426206,0.3391689624587505,-0.0019648375163857468,-0.0011129879241377981,0.7074366147015713,0.7067731862846777,0.001476161313786509,-0.005196911079287738,0.036592598958516985,-4.123827785798869e-05
4.09,13.881750653999916,-0.007970502528931106,2.319153806239277,0.3392421109130818,-0.001968638695170863,-0.0011131451528266273,0.707436574649014,0.7067732155496744,0.0014753814825990326,-0.005169703057875211,0.03657586955912189,-5.276242750597866e-05
4.092,13.884017930002301,-0.007967556401965496,2.3191435195308343,0.33931521443807283,-0.0019727537419623508,-0.0011136655270546447,0.7074365289071117,0.7067732490407547,0.0014730673688475285,-0.005142103839618714,0.03655340911220734,-5.94062739915825e-05
4.094,13.88570118300413,-0.00796462120154902,2.3191332868649774,0.33938827854754317,-0.001976899087738999,-0.0011142491965590127,0.7074364921480715,0.7067732733316651,0.0014676041626670373,-0.005115080219848305,0.03653370625169353,-4.645787042262218e-05
4.096,13.887907290998555,-0.007961699084928076,2.319123109522764,0.3394612870545652,-0.0019804101042464337,-0.0011142816860931198,0.7074364693660466,0.7067732862545425,0.0014610629447257117,-0.0050874167567885285,0.036505909082046185,-2.892165002770084e-05
4.098,13.889645150004071,-0.007958788239122447,2.3191129865857643,0.3395342383454419,-0.001983282238554999,-0.0011136748686489668,0.7074364605117585,0.7067732880198888,0.0014554277637995473,-0.005060212052933032,0.036477305645278214,-1.1740603673215441e-05
4.1,13.891856735004694,-0.007955889208498837,2.3191029186932535,0.3396071254603342,-0.0019855240661172564,-0.0011124995588976542,0.7074364655036954,0.7067732785798805,0.0014495200971861985,-0.005032687938606913,0.03644522202057179,5.548915238993954e-06
4.102,13.893678562999412,-0.007952999057148108,2.3190929041203274,0.3396799597081082,-0.0019873029646609807,-0.001110915118584264,0.7074364801928064,0.7067732613695422,0.0014450804026838468,-0.005006025750188047,0.036418793489029544,1.7602960319556875e-05
4.104,13.895723039000586,-0.007950118472039944,2.3190829440518907,0.33975272248155836,-0.0019883637801514555,-0.0011086703782498756,0.7074365058141961,0.7067732362652613,0.0014402975458678005,-0.004978771911102073,0.036383060377812665,3.039884814079227e-05
4.106,13.897712163001415,-0.00794724407676592,2.3190730365296046,0.33982542594311177,-0.001988903113699655,-0.001105951968866184,0.7074365386468738,0.7067732061432276,0.0014372025866190654,-0.004952496449697896,0.03635340943805513,3.868212569533268e-05
4.108,13.899682273004146,-0.007944369389317389,2.3190631824691432,0.3398980565146904,-0.0019896038870701287,-0.0011034455827048074,0.7074365636087532,0.7067731831030784,0.001437348145436303,-0.004925763924263529,0.0363169685591413,2.8354361450400257e-05
4.11,13.901712229999248,-0.007941494298977317,2.3190533800351374,0.3399706246324842,-0.00199044852260463,-0.0011011245031472877,0.707436577928896,0.7067731700112566,0.001437549582544039,-0.004899948299237931,0.03628574668394798,1.400544628754097e-05
4.112,14.174831242999062,-0.00793861576127045,2.319043630240507,0.3400431148927001,-0.001991896363893246,-0.0010994441705147288,0.707436573382111,0.7067731730992401,0.0014392728840730477,-0.004873627016123208,0.03624682197558226,-1.0162749789440844e-05
4.114,14.17665022300207,-0.007935734143019672,2.3190339371362905,0.34011547804833986,-0.001994205262686323,-0.0010986715043383149,0.7074365462451668,0.7067731949522462,0.0014408127871441826,-0.004845281173747825,0.03618327250006663,-3.8541547760557137e-05
4.116,14.178577470003802,-0.007932852286923621,2.3190242985561063,0.3401877243837274,-0.0019971702875532715,-0.0010985923198885113,0.7074365016865228,0.7067732313035713,0.00144093180830909,-0.00481801673924653,0.03612486734705861,-6.044943084379586e-05
4.118,14.180599356004677,-0.007929972559800715,2.319014712611224,0.3402598675567349,-0.002000623127969099,-0.0010990228779544004,0.7074364459103408,0.7067732766973854,0.00143986744114366,-0.004791696550971517,0.03607329141014042,-7.429263042110643e-05
4.12,14.182724443002371,-0.007927096857609712,2.3190051772713103,0.3403319208711798,-0.0020044232881144867,-0.0010998090600959065,0.7074363838966725,0.7067733267791824,0.001437855067978221,-0.004766391576854144,0.036028367343783084,-8.168782114729361e-05
4.122,14.184556697000517,-0.007924226529666813,2.318995690654949,0.34040389693732903,-0.0020084624103041725,-0.0011008326201529632,0.7074363193654689,0.7067733783108465,0.0014351680181514516,-0.004742027333064213,0.035989748389250224,-8.427976358196712e-05
4.124,14.186503138000262,-0.007921368231484455,2.3189862542157336,0.3404757728753587,-0.002011939804175053,-0.0011013054042832203,0.7074362687227568,0.706773418374131,0.0014291538145121997,-0.004716937236594593,0.035939688306554585,-6.684046964111548e-05
4.126,14.188547500998538,-0.007918519732415401,2.3189768659700984,0.34054756052681934,-0.002014979872033731,-0.0011013442996119882,0.7074362327704644,0.7067734456389702,0.0014242542971438662,-0.004692838033414921,0.03589555010457835,-4.779455800058879e-05
4.128,14.363745437003672,-0.007915683900696288,2.318967528364076,0.34061923773707337,-0.002017089186716016,-0.0011004637466266456,0.7074362189130626,0.7067734548642476,0.001417921077220715,-0.004667516716900646,0.03584033348374707,-2.0245542077601184e-05
4.13,14.365676072004135,-0.007912857577276377,2.3189582480016404,0.3406907505849402,-0.002018587440078044,-0.0010990264565891232,0.707436219349189,0.7067734523866334,0.001413166707154204,-0.004638894404506902,0.035758154145834144,-2.314548933091115e-06
4.132,14.3676026739995,-0.007910037910063991,2.318949022171499,0.3407621130606973,-0.002019643846626827,-0.0010971881726048475,0.7074362283760892,0.7067734431894427,0.0014098385385668442,-0.004611625427574344,0.035682969837296116,8.184750600701981e-06
4.134,14.369573253999988,-0.00790722246404756,2.318939848537732,0.34083334249507174,-0.0020203969881429536,-0.001095069098754999,0.7074362414597379,0.7067734312274329,0.0014077279600051855,-0.004585523813445484,0.03561644715478797,1.2767722648470393e-05
4.136,14.371470035002858,-0.007904409234592073,2.3189307277470874,0.3409044373980974,-0.0020209490276571975,-0.0010927600214320037,0.7074362552492076,0.7067734194206382,0.001406619733986906,-0.0045590992759270785,0.03554917762742839,1.2986212271147288e-05
4.138,14.373568023002008,-0.007901596753366399,2.31892165731749,0.34097541305065515,-0.002021375333920627,-0.0010903249479854715,0.7074362677367778,0.7067734094629803,0.001406245679653359,-0.004533915472813943,0.03548955065184537,1.063521394748809e-05
4.14,14.375638704004814,-0.007898778329863194,2.318912639643486,0.3410462530888405,-0.0020224006551176777,-0.0010885092122031106,0.7074362639810373,0.706773413087842,0.0014092163245560557,-0.004507535102921772,0.03542173782797746,-9.861061943322295e-06
4.142,14.377594955003588,-0.007895955707088807,2.3189036724663263,0.34111696876950615,-0.002023893738123714,-0.0010871692367708135,0.7074362443261188,0.7067734305496658,0.0014113160514145496,-0.00448228374546885,0.03535955990173616,-3.0437323729724014e-05
4.144,14.379679787998612,-0.007893128396527331,2.318894758020884,0.3411875406154823,-0.002026077185299986,-0.001086541927608525,0.707436206469335,0.7067734631507858,0.0014136597893957192,-0.004455915400041852,0.0352876374444608,-5.332653941075934e-05
4.146,14.381746243001544,-0.007890298761206744,2.3188858939487123,0.34125798100796606,-0.0020287827995313897,-0.001086446908317247,0.7074361548039244,0.7067735072494621,0.0014148222786099075,-0.00443072620472871,0.03522191484214096,-7.070927917390534e-05
4.148,14.383680643004482,-0.00788746985749292,2.3188770818571505,0.34132826858122084,-0.002032012728129752,-0.0010869075188091218,0.707436091992522,0.7067735601327106,0.0014144563344901798,-0.004404734468665073,0.0351455090533866,-8.424266939559997e-05
4.15,14.385866081000131,-0.007884643612180296,2.3188683192441752,0.3413984163329337,-0.0020356314933891316,-0.0010877717868158084,0.7074360227319397,0.7067736177151617,0.001413127206548666,-0.004379992722835634,0.03507560345110915,-9.172723037235807e-05
4.152,14.387763901999278,-0.007881828518885678,2.3188596079340957,0.34146839862820616,-0.00203900457519803,-0.0010884229816673589,0.7074359611570208,0.7067736686221394,0.0014075516007444242,-0.004354339894533034,0.03499287910739151,-8.173984144996282e-05
4.154,14.389736192999408,-0.007879023583166594,2.318850945166628,0.34153823060984273,-0.0020421878478046533,-0.0010889006453758418,0.7074359099070692,0.7067737099936131,0.0014024728601301228,-0.004330066119060835,0.034917727469149396,-6.784326609212737e-05
4.156,14.391691180004273,-0.007876235675136069,2.318842333501696,0.3416078852958342,-0.002044337666631105,-0.0010883793705207525,0.7074358840056432,0.7067737305071579,0.0013939597365741176,-0.004304513498965855,0.03482908355391981,-3.6088386778695e-05
4.158,14.393657767999684,-0.00787346060909961,2.3188337700024633,0.34167737940090265,-0.002045711604942264,-0.001087099062565865,0.7074358808656455,0.7067737316450762,0.001387538713674442,-0.0042804281757203985,0.03474879826670983,-7.00044540804477e-06
4.16,14.395889220002573,-0.007870696172841456,2.31882525674599,0.3417466911564997,-0.0020463691341641734,-0.0010851364493231121,0.7074358949947388,0.7067737186152623,0.0013822238138395122,-0.0042553054309455475,0.03465762741266036,1.4611378395144365e-05
4.162,14.397667882003589,-0.007867938966505575,2.3188167907490143,0.341815836961335,-0.0020465154856114695,-0.001082677902204793,0.7074359203883306,0.7067736965445468,0.0013786087747529167,-0.004231673204256106,0.03457465724396011,2.850943453010789e-05
4.164,14.39975089100335,-0.007865184656638238,2.3188083747952954,0.34188479551685047,-0.0020463596643508514,-0.0010799427860371962,0.707435949767013,0.706773671774032,0.0013771604680148986,-0.004206650221343094,0.03448103645090484,3.2998008169214096e-05
4.166,14.401709133002441,-0.007862431331003856,2.318800005831717,0.3419535835026661,-0.0020460092882885364,-0.0010770206897838957,0.707435979317206,0.7067736476694161,0.0013766683234954448,-0.004183152667002099,0.03439575681690818,3.2476338165251686e-05
4.168,14.403739036999468,-0.007859669986281952,2.3187916861384705,0.34202218296048487,-0.002046341420513427,-0.0010748043542292748,0.7074359904181059,0.706773638970459,0.0013806772105050774,-0.004158516144504337,0.0343014966162593,9.250413913553905e-06
4.17,14.405960563999543,-0.007856902612260328,2.318783412825999,0.34209060852586565,-0.002047211926505538,-0.0010731308507239995,0.7074359827756499,0.7067736466420885,0.0013836919005318646,-0.004135323278380167,0.03421455558043769,-1.5045627779682133e-05
4.172,14.407623149003484,-0.007854126304141524,2.3187751877458127,0.3421588400697217,-0.0020492006765134483,-0.0010726052444445329,0.7074359474565568,0.7067736770288074,0.00138815836991597,-0.004111205806628287,0.034117548462901354,-4.952351429192108e-05
4.174,14.409610504000739,-0.007851345016994058,2.3187670080324803,0.3422268912547197,-0.002052040170251317,-0.001072939979034023,0.7074358902233916,0.7067737255690668,0.0013906479725746563,-0.004088519900857469,0.03402737418019095,-7.700377525310827e-05
4.176,14.411541980000038,-0.00784856525140824,2.318758876409038,0.34229473532941074,-0.0020552754631702136,-0.0010737005632381186,0.7074358235749341,0.7067737817241991,0.0013898874446845475,-0.00406447368423228,0.03392382261922536,-8.859646321020003e-05
4.178,14.413500750000821,-0.007845788620265937,2.3187507898072868,0.3423623879790191,-0.0020587931011471715,-0.0010747535091343288,0.7074357538337449,0.706773839692403,0.0013883203237765268,-0.0040419603522106285,0.03382811523763828,-9.176696728451845e-05
4.18,14.415544317998865,-0.007843021847380073,2.318742750019613,0.3424298225056561,-0.0020622189744916764,-0.001075744564068474,0.7074356896679004,0.7067738924229137,0.001383391319958775,-0.004018552062894919,0.03371905729821821,-8.414980724721792e-05
4.18,14.4182741370023,-0.007840264543928558,2.318734753825104,0.34249705583388373,-0.0020655713024958526,-0.0010766714467807823,0.7074356333269237,0.7067739376159285,0.0013786566313845779,-0.003996752989299934,0.033618463267188,-7.333978496013218e-05
4.184,14.41957481400459,-0.007837526282880621,2.318726803668245,0.3425640577136736,-0.002067890988666361,-0.0010765921106125388,0.707435602681909,0.7067739616273161,0.0013691361640392275,-0.003973732952713028,0.03350274259130671,-4.1162651171815535e-05
4.186,14.421522674005246,-0.007834802921753523,2.318718896025953,0.34263084762312046,-0.0020694447512074002,-0.0010757513021012622,0.7074355958725351,0.7067739651755919,0.0013616861719029944,-0.003952473173342242,0.03339676270976846,-1.0589242922089707e-05
4.188,14.423542336000537,-0.007832094763394373,2.3187110334489587,0.3426973995757925,-0.002070039219999016,-0.0010739742686387273,0.7074356125981738,0.7067739493959471,0.0013540849416001429,-0.003929939319778313,0.03327778798709311,1.881200063906947e-05
4.19,14.425739980004437,-0.00782939753650417,2.31870321233513,0.3427637331924239,-0.002069943578718983,-0.0010715072639152327,0.7074356463940794,0.7067739195929315,0.001348619099039378,-0.003909205239307788,0.03316862524405512,4.011113633780511e-05
4.192,14.42754101400351,-0.007826706236792401,2.318695435884233,0.34282982460148903,-0.0020693722729745677,-0.001068581491491791,0.7074356885951668,0.7067738834548671,0.0013456554453389323,-0.0038868726953716053,0.03304752526938541,5.009393060223302e-05
4.194,14.429587380000157,-0.007824018235485624,2.3186877004953987,0.342895693090746,-0.002068483085355583,-0.0010653331517392758,0.7074357337833143,0.7067738457310552,0.001344006202644095,-0.003866339284615474,0.03293607079872815,5.299975097880919e-05
4.196,14.431645911005035,-0.007821321661414369,2.318680008007733,0.3429613208280568,-0.0020686197254865726,-0.0010631405656260644,0.7074357533692428,0.7067738290283966,0.0013482915239862938,-0.0038448877468106567,0.03281569877217909,2.1129170562008717e-05
4.198,14.433753782002896,-0.007818619558177928,2.3186723550542228,0.34302672347470425,-0.002069568156256857,-0.00106176419080083,0.7074357472945391,0.7067738344012652,0.001351056162504745,-0.003825118313735499,0.03270315884850524,-1.1798663081998386e-05
4.2,14.43579237400263,-0.007815911665173987,2.3186647447565614,0.34309187565903426,-0.002071466534596789,-0.001061366057268312,0.7074357155785017,0.7067738611836332,0.0013539509685996964,-0.0038037894961869935,0.03257793157326269,-4.4050312824953245e-05
4.202,14.43786581599852,-0.007813201391109085,2.318657173608136,0.3431567943953278,-0.0020740837494985197,-0.0010616906613681852,0.7074356650160699,0.7067739036302987,0.0013551416506660718,-0.003784212506735781,0.032461212950636,-6.771784546054447e-05
4.204,14.439569861999189,-0.007810490741868639,2.3186496403351713,0.3432214800583718,-0.0020775028091299503,-0.001062666448890668,0.7074356033102457,0.7067739538856573,0.001355329164857639,-0.0037652730120798597,0.032344681090255775,-8.061583551612455e-05
4.206,14.441647313004069,-0.007807782942847512,2.3186421452769377,0.34328592351716647,-0.0020816080928005233,-0.0010643485161402632,0.7074355287767142,0.7067740138788317,0.00135390395911161,-0.0037461642152386474,0.03222358356879212,-9.583390346666684e-05
4.208,14.443632057998911,-0.007805080623322557,2.3186346851570776,0.3433501430624631,-0.002086216382528242,-0.0010665372831935485,0.7074354472332206,0.7067740786116607,0.001351164332102091,-0.0037286926491231728,0.03211163220093115,-0.0001036220668509437
4.21,14.44578482900397,-0.007802397714254952,2.318627264086332,0.34341410190487076,-0.002089849613247334,-0.0010677817719456342,0.7074353898273692,0.7067741234584636,0.0013414603905409297,-0.003709167383445541,0.03198128450190783,-7.342814029504474e-05
4.212,14.7226313880019,-0.007799730677421688,2.318619878290172,0.343477820080291,-0.0020927365263889042,-0.0010682860736759205,0.7074353581560117,0.7067741458552168,0.0013335243591374643,-0.0036915277311443365,0.03186095637680864,-4.010698366321706e-05
4.214,14.72444700699998,-0.007797085991557969,2.3186125405186253,0.343541189389288,-0.002094054128521993,-0.0010673534958029886,0.7074353618397058,0.7067741396744414,0.001322349581516622,-0.0036675171973596958,0.03168652425712062,3.7652918888199897e-06
4.216,14.726524745005008,-0.007794457557319329,2.318605245645773,0.3436042307385659,-0.0020942135692733808,-0.0010653517251072726,0.7074353939209127,0.7067741101109968,0.0013142236280914198,-0.003646065436915299,0.03152254946532108,3.937588511891241e-05
4.218,14.728535924004973,-0.0077918405127235585,2.3185979895061912,0.3436669720969109,-0.00209353189469269,-0.0010625601961836313,0.7074354437621592,0.7067740664449088,0.001308528672543412,-0.0036266962500286016,0.031372559934908326,6.114830126012987e-05
4.22,14.730510824003431,-0.007789230741765536,2.318590767736335,0.34372943973312925,-0.002092273128178223,-0.001059207564536313,0.7074355027166148,0.7067740161951223,0.001304891773614261,-0.003609508959071339,0.031235704688895596,7.168635442635632e-05
4.222,14.732527161999315,-0.007786621989136135,2.318583579368387,0.34379162497859184,-0.0020909457561938713,-0.0010558124554200024,0.7074355572377162,0.7067739706311104,0.0013043823240419757,-0.0035928067543616266,0.031094513727843772,6.522366491115482e-05
4.224,14.734488815003715,-0.007784013046099618,2.3185764202937356,0.34385354958320724,-0.002089621961299093,-0.00105241561269592,0.7074356036375997,0.706773933169116,0.0013044775367579784,-0.0035781577430967085,0.030964198827082554,5.374529612612922e-05
4.226,14.736470541000017,-0.007781392020230737,2.3185692959859305,0.3439151898291202,-0.0020899506675084644,-0.0010506571592982822,0.7074356173020043,0.7067739211362238,0.0013105175751745718,-0.003560773642533437,0.03082202274104423,1.4310154117495033e-05
4.228,14.911815031002334,-0.007778764264872599,2.3185622026797046,0.3439765621992124,-0.0020915678985966484,-0.0010501463749299977,0.7074356014887647,0.7067739329393427,0.0013138824337797332,-0.0035452705283014435,0.030688090222977776,-2.213270562542114e-05
4.23,14.913638527999865,-0.007776137614670756,2.3185551486808516,0.34403757206543767,-0.0020936458891595037,-0.0010501504686911641,0.7074355799812383,0.7067739483084339,0.0013133306286310798,-0.0035256182811038692,0.030506839757050472,-2.8088979194871816e-05
4.232,14.91564729300444,-0.007773514057187119,2.318548129195447,0.3440982376692754,-0.002096060797745783,-0.0010505095833144825,0.7074355614320715,0.7067739591835832,0.0013117844318368992,-0.003508359157646568,0.030334713566411178,-2.2429551202515978e-05
4.234,14.917519848000666,-0.007770895192836988,2.318541140203454,0.3441585849843282,-0.002098701762282681,-0.0010510793713368988,0.7074355496110688,0.7067739623313477,0.0013094379837274804,-0.0034931099348914293,0.03017557506140995,-1.2003304827044367e-05
4.236,14.919644744004472,-0.007768281993525216,2.3185341774640005,0.34421863892804155,-0.0021015007036678844,-0.0010517634208506055,0.7074355466144271,0.7067739559964316,0.0013066055594629586,-0.0034799812652256167,0.030028895205730297,1.0159363318343597e-06
4.2379999999999995,14.921554603999539,-0.007765683421934963,2.3185272497398604,0.34427835856887434,-0.0021035577113586285,-0.0010517291861823481,0.7074355584261156,0.7067739381053917,0.0012992924479644436,-0.003462473280746381,0.02986174722830844,1.8925230976210847e-05
4.24,14.92357053700107,-0.007763096602980787,2.3185203525009377,0.3443377651334345,-0.002105066355812035,-0.001051142120759202,0.7074355849212255,0.7067739079670692,0.0012934161365011972,-0.0034472282598156053,0.029705214319056338,3.738161844726492e-05
4.242,14.925622034003027,-0.007760521737218864,2.318513490135487,0.34439682824936524,-0.002105945446171906,-0.0010499573273682733,0.7074356235230423,0.7067738684713469,0.001287439586737686,-0.0034297907081447987,0.029533493211945195,5.196165516999618e-05
4.244,14.92759728999954,-0.007757955988837511,2.318506657963008,0.3444555707149315,-0.0021063816076133043,-0.0010483274010087494,0.7074356697711647,0.7067738232996517,0.0012828808344860572,-0.0034146917652025746,0.02937317322030845,6.090956914138882e-05
4.246,14.929594692002865,-0.007755396067008407,2.318499859356128,0.34451396371547954,-0.0021066089517139705,-0.0010465388002057687,0.7074357138635086,0.7067737811391228,0.0012799673711258058,-0.0033979081740159226,0.029198443869309476,5.714134591503051e-05
4.248,14.931581894001283,-0.007752840544181653,2.318493089528975,0.3445720299132751,-0.0021067203842743657,-0.001044644926748437,0.7074357528490366,0.7067737445867074,0.0012777678473925714,-0.003383515861389057,0.02903504765807451,4.946461560863377e-05
4.25,14.933732688004966,-0.007750284461805936,2.31848635169278,0.3446297417485083,-0.002107269786249057,-0.0010432393569191328,0.70743577486667,0.7067737229867044,0.0012780471295812377,-0.0033675196183368347,0.028857869486123407,2.7467528236599566e-05
4.252,14.93577694400301,-0.00774772892409638,2.3184796410654713,0.3446871209619677,-0.0021081846162023586,-0.0010422098520607012,0.7074357802295221,0.7067737164094995,0.0012777748382559791,-0.003353912736453688,0.028691563731710824,5.480138330717125e-06
4.254,14.937736181003856,-0.007745173286859371,2.318472961442821,0.3447441371006304,-0.0021095693856008923,-0.0010416922277077599,0.7074357681006014,0.7067737251809961,0.0012778245023661327,-0.003338409674822406,0.028510029377638843,-1.7150827065797403e-05
4.256,14.939622698999301,-0.007742619100665,2.318466307913989,0.3448008129257802,-0.0021113240877984507,-0.0010415491056858844,0.7074357416325016,0.7067737466452254,0.001277099065809326,-0.003325360327516444,0.028339877739577763,-3.5859927315499043e-05
4.258,14.94157905800239,-0.007740067934372202,2.3184596839751417,0.34485711688730647,-0.0021134674781587183,-0.0010418291869780084,0.707435703183085,0.7067737783117156,0.001275589005824263,-0.0033105646421157995,0.02815394890586142,-5.105616083813626e-05
4.26,14.943928322005377,-0.00773752111174037,2.318453084649837,0.3449130717856898,-0.0021159148818796028,-0.0010424087462495174,0.7074356560639041,0.7067738172977632,0.001273417247883869,-0.0032982554466408644,0.027979422424339435,-6.204549760974762e-05
4.2620000000000005,14.945666305000486,-0.007734985435718139,2.318446514486948,0.344968641432152,-0.0021179370928933543,-0.0010425873445348887,0.7074356172185922,0.706773849859097,0.00126784457270846,-0.0032836735984527734,0.027786799352692383,-5.2059886398878414e-05
4.264,14.947800270005246,-0.007732459254557514,2.31843996832847,0.3450238503898694,-0.002119647876413374,-0.0010424410328698363,0.7074355878362489,0.7067738743561153,0.0012630971798147305,-0.0032716689688743056,0.027606460058789875,-4.002972934317149e-05
4.266,14.9498648420049,-0.007729941258504067,2.3184334416131462,0.34507872638113785,-0.002121131300666378,-0.0010420206118137252,0.7074355651499702,0.706773893233184,0.001259004600321722,-0.0032619448478746244,0.02743998222444715,-3.1664784457229285e-05
4.268,14.951804864002042,-0.007727433090218848,2.3184269384885923,0.3451332347618004,-0.002122236711672759,-0.001041216058906511,0.7074355509341472,0.7067739053296731,0.001254090808105425,-0.0032501489316422673,0.027256179665740843,-2.130229405126363e-05
4.27,14.953831686005287,-0.007724930186917676,2.318420455946603,0.34518738255865694,-0.0021229616951225026,-0.0010399001295270164,0.7074355389961158,0.7067739170389898,0.001251458674931171,-0.003239855806151758,0.027075892052075046,-2.0111351714256258e-05
4.272,14.95584269700339,-0.007722434763663154,2.3184139966253094,0.3452411511219446,-0.0021233444580512806,-0.001038252713299443,0.7074355336001885,0.7067739237121247,0.0012477184043946598,-0.0032282444295087705,0.026886278600360098,-1.2268945518803918e-05
4.274,14.957668379000097,-0.007719944728387399,2.3184075566285367,0.34529456370562367,-0.0021234978187186994,-0.0010363571445774866,0.7074355341295899,0.7067739255035268,0.00124502438850871,-0.0032185798118546183,0.02670829378503054,-4.915710226772035e-06
4.276,14.959927036004956,-0.0077174571321243545,2.3184011391262658,0.3453475895982429,-0.002123730114161834,-0.001034569826332815,0.7074355313177765,0.7067739302385255,0.0012438045959608447,-0.0032073320037005835,0.02651495098439174,-9.2100863963048e-06
4.2780000000000005,14.961776143005409,-0.007714971727507743,2.318394738919005,0.3454002532263686,-0.0021240614889879166,-0.001032871637972831,0.707435523772825,0.7067739392784932,0.001242708780562337,-0.003198682139289163,0.026333823683341223,-1.551371570947228e-05
4.28,14.964621220999106,-0.007712486102308119,2.318388360419596,0.3454525218571695,-0.002124820667820159,-0.0010316578869474745,0.707435505586226,0.7067739569728747,0.001242818733584511,-0.0031878277314453967,0.02613632762594188,-2.856882230440916e-05
4.282,14.965660851004941,-0.007710001474751714,2.318381998355694,0.3455044192447765,-0.002125931720016164,-0.001030807556854643,0.7074354784679525,0.7067739820161192,0.0012423199716836246,-0.0031796076313676904,0.025950710933434942,-3.967099462642854e-05
4.284,14.967833706003148,-0.007707517557803819,2.3183756575270924,0.3455559106944308,-0.002127438027899664,-0.0010304012072813904,0.7074354424605782,0.7067740141172392,0.0012419646190522356,-0.003168989540954471,0.02574774448880639,-5.0409753511196016e-05
4.286,14.96969896700466,-0.007705035705926196,2.3183693325257315,0.34560702044524744,-0.002129254916449275,-0.001030311960076913,0.7074354004481008,0.706774050827845,0.0012409321669478064,-0.0031610735797098577,0.025556899947251875,-5.756025662201041e-05
4.288,14.971760642001755,-0.007702557487751288,2.318363028048198,0.3456577128561772,-0.002131297813874084,-0.0010304988318944074,0.7074353551818153,0.70677408970658,0.0012391153321962692,-0.0031508112573367746,0.025348232469917135,-6.103858972886911e-05
4.29,14.973892270005308,-0.0077000836678658,2.3183567384630623,0.34570801341377694,-0.0021335223649400392,-0.0010308724961725297,0.7074353090863931,0.7067741285885151,0.0012369162537679379,-0.0031433627182539826,0.025152310668747797,-6.141579108065357e-05
4.292,14.975786827002594,-0.007697618704986015,2.318350468991168,0.34575788411853287,-0.002135467623176383,-0.0010310002993894102,0.7074352713768809,0.7067741602720998,0.0012324881392187632,-0.0031333057276554245,0.024937386641880475,-5.063436278942952e-05
4.294,14.977647414001694,-0.007695161462589803,2.318344213853484,0.34580735175791716,-0.0021372182324600744,-0.001030923855129839,0.7074352426939787,0.7067741838018301,0.0012286279279226052,-0.0031261362880230766,0.024735858797029858,-3.872134623061022e-05
4.296,14.979822001005232,-0.007692714564265997,2.3183379783107245,0.34585638023883375,-0.002138432286932383,-0.0010303345435105046,0.7074352280239643,0.7067741956726803,0.0012234561914747817,-0.0031163384442427396,0.0245162819572472,-2.111338027695379e-05
4.298,14.981683486003021,-0.007690275730262447,2.3183317564842563,0.3459049969233681,-0.002139271510388163,-0.0010293505529724418,0.7074352250149405,0.7067741975786217,0.0012194240071978376,-0.0031094779752586267,0.024310388579105106,-6.279390639199969e-06
4.3,14.984008803003235,-0.007687845617797722,2.3183255535962077,0.34595316783629493,-0.0021395857224910876,-0.001027858056359088,0.7074352338585878,0.7067741899476785,0.0012150633690796698,-0.0031000083806834388,0.024087505155365244,8.29677148374725e-06
4.302,14.985738554998534,-0.007685421734681677,2.31831936371547,0.3460009203069316,-0.0021395472061658013,-0.0010259858037075923,0.7074352510639446,0.7067741755631547,0.0012119486512615421,-0.0030935024185375576,0.023878288782967317,1.8534954654066172e-05
4.304,14.987655267999799,-0.007682999420972868,2.3183131941638333,0.34604820583910234,-0.002139321131202695,-0.0010239664153579972,0.7074352705574712,0.7067741596642844,0.0012111639000749205,-0.0030833380514698923,0.023644821149597782,2.1101416571294437e-05
4.306,14.989733310001611,-0.007680577520924977,2.3183070387728892,0.346095050770234,-0.002138993359874995,-0.0010218366252668558,0.7074352893471171,0.7067741449315182,0.0012109570583444787,-0.0030762554240399325,0.02342452528934569,1.9647345857833316e-05
4.308,14.991630342003191,-0.007678149651697101,2.318300900042514,0.34614143061332886,-0.0021393157700382837,-0.0010204053554781999,0.7074352906558415,0.7067741447135937,0.0012139409372652196,-0.003067924660094745,0.023191983729328562,-2.1433844696182523e-06
4.31,14.993826573998376,-0.007675717736547255,2.3182947719255695,0.3461873713316113,-0.0021401714547231885,-0.0010195040242334588,0.7074352752601034,0.7067741588338885,0.0012159639540201344,-0.00306261565418415,0.02297242602981342,-2.3503419648184815e-05
4.312,15.269297632999951,-0.007673282010524146,2.318288657873518,0.3462328453166669,-0.002141668824462828,-0.001019290150666627,0.7074352426719561,0.706774187225245,0.0012178692353835674,-0.0030555827610388915,0.022739061796692567,-4.493258238932586e-05
4.314,15.270991659999709,-0.007670851675715421,2.3182825692121987,0.3462777751269588,-0.002143080411364583,-0.0010191199567782699,0.7074352086434539,0.7067742172521978,0.001215174076380041,-0.0030428884485045994,0.022466974591159115,-4.6928552256075704e-05
4.316,15.272879499003466,-0.007668426533585136,2.3182764990716884,0.3463221880562907,-0.0021444445670797756,-0.0010189692929336769,0.707435177332216,0.7067742446722397,0.001212577820538385,-0.0030336257314722273,0.022208538677290654,-4.307344982124173e-05
4.318,15.274852282003849,-0.0076660065545628535,2.3182704410846324,0.3463661203568468,-0.0021457748748987143,-0.0010187968160935022,0.7074351485963492,0.7067742696460415,0.0012099962962979014,-0.0030275464708627363,0.021968229442275274,-3.953458509027194e-05
4.32,15.2769353160038,-0.007663591447622941,2.3182643888792307,0.34640960571723217,-0.0021470977667560833,-0.0010185795234309146,0.7074351218111644,0.7067742927519065,0.0012075602854716282,-0.0030246532502300823,0.021744764335098376,-3.6922707347361195e-05
4.322,15.278788652001822,-0.0076611822650005015,2.3182583472898215,0.34645262745942196,-0.0021480847432630355,-0.0010180136393955364,0.7074351088217143,0.7067743035697993,0.0012045985162497828,-0.003019344481574644,0.02151295800532588,-1.888663892383427e-05
4.324,15.280829379000352,-0.007658777481654267,2.3182523103798065,0.3464952116894464,-0.0021488459382517215,-0.0010171660729273034,0.7074351083612067,0.706774302937141,0.001202398894363244,-0.0030170025753102833,0.021294206465619376,-2.305774823028751e-06
4.326,15.282808953001222,-0.007656375048060437,2.318246285879988,0.34653733001071335,-0.0021494002892671073,-0.0010161154877814972,0.7074351053210114,0.7067743058057231,0.0012012240176927582,-0.00301079716176361,0.021061254224683953,-6.8315848674319455e-06
4.328,15.454754591999517,-0.00765397378935011,2.318240267821365,0.3465790078564765,-0.0021498306159004397,-0.0010149044962213202,0.7074350974031856,0.7067743141621178,0.0012006365704356956,-0.003007574411489513,0.020841020880656168,-1.4379553324864493e-05
4.33,15.456785966998723,-0.007651574194029473,2.318234266109664,0.3466201653064936,-0.0021504853493625577,-0.001014029693267101,0.7074350892276089,0.7067743216091461,0.001199804301146594,-0.002999402482398239,0.020580822560519477,-1.3421820989172822e-05
4.332,15.458607872998982,-0.007649176761891885,2.3182282742582427,0.3466608229283582,-0.002151366551530821,-0.0010134237358869606,0.7074350814534551,0.7067743275779306,0.0011987227193515026,-0.00299447027254402,0.02033091258909876,-1.1743710971158051e-05
4.334,15.460617994998756,-0.007646781898480635,2.318222286169444,0.3467010157832249,-0.0021524533028006573,-0.0010130172226849473,0.7074350754331922,0.70677433087777,0.0011974384384388914,-0.0029925865731950337,0.020098533934021324,-8.39503141803265e-06
4.336,15.462654451999697,-0.00764439008090825,2.318216295742126,0.3467407764483074,-0.002153722543464872,-0.0010127430683571491,0.7074350724830284,0.7067743303570211,0.0011959155840217414,-0.0029937535825064004,0.0198824437211607,-3.4221129350573694e-06
4.338,15.464696422000998,-0.007642001008820955,2.318210310959893,0.34678008328353205,-0.002155140983693879,-0.0010126279590451804,0.7074350701956176,0.7067743284877278,0.0011945428409945319,-0.002990930575050769,0.019655531055584763,-1.8071723612052482e-06
4.34,15.466890718998911,-0.007639614968498862,2.318204325957367,0.346818960860899,-0.002156688894261638,-0.00101261176677905,0.7074350694925707,0.7067743244929492,0.0011930270150416764,-0.002991038658859799,0.019440906352480913,8.986072784777722e-07
4.342,15.468719169999531,-0.007637236487028841,2.3181983486346796,0.3468573799299068,-0.0021580577301151867,-0.0010124339119404484,0.7074350713139068,0.7067743187464406,0.0011892477627732905,-0.0029871985288529596,0.019211654011756035,3.753328356011033e-06
4.344,15.470740463002585,-0.00763486473089686,2.3181923732277174,0.3468953636573331,-0.0021593216795377044,-0.0010121248213136418,0.7074350765612282,0.7067743100764484,0.0011858851165777251,-0.0029862386526121236,0.018993987338145942,8.066178631515613e-06
4.346,15.47267611999996,-0.007632502048153908,2.318186405612109,0.34693289085101214,-0.002160291567012793,-0.001011554014513451,0.7074350861493126,0.7067742983327394,0.0011813485175674206,-0.002982342543885227,0.01876572258079274,1.3040895205419548e-05
4.348,15.474672492004174,-0.007630147058787949,2.3181804398852437,0.3469699868655765,-0.0021610727237002364,-0.001010780163522355,0.7074350988832916,0.7067742843059099,0.001177501824209195,-0.002981396165344497,0.018550137133938806,1.6632206944782927e-05
4.35,15.476736853001057,-0.007627800735447984,2.3181744816867047,0.3470066315088884,-0.0021615472398721766,-0.0010097376612850815,0.7074351144773291,0.7067742687363721,0.0011731688840994695,-0.0029776315725624425,0.01832445359918726,1.9474234772519663e-05
4.352,15.478620234003756,-0.007625461605266913,2.318168525119763,0.34704284980338695,-0.002161828939341171,-0.0010084933436360192,0.7074351310582211,0.7067742530549982,0.0011695722907652363,-0.002976813799663346,0.01811128323492282,2.0009732586764205e-05
4.354,15.480736896999588,-0.007623127107802817,2.3181625750151897,0.34707862423765207,-0.002162189287060936,-0.0010073736018010987,0.707435142154582,0.7067742424428324,0.0011672556528099524,-0.002973582197629416,0.01788935517405564,1.2738488595028459e-05
4.356,15.482657141001255,-0.007620797105604176,2.3181566256343307,0.3471139781406539,-0.0021626474613411924,-0.0010063497104064218,0.7074351468748973,0.7067742377749142,0.001165008035503406,-0.002973218409009034,0.01767909349685608,4.135884853007985e-06
4.358,15.484702770001604,-0.007618471061390771,2.318150682229161,0.34714889362851997,-0.002163249416681665,-0.0010055156477896498,0.7074351441143092,0.7067742398830124,0.0011630289915138343,-0.0029702301465565064,0.017459887949546896,-5.6788248537765615e-06
4.36,15.486872348999896,-0.007616149190010939,2.318144739083127,0.347183394159829,-0.0021639886064227756,-0.00100481794492698,0.7074351348970496,0.7067742478383053,0.0011609426274970444,-0.002970098679239523,0.01725241355760301,-1.4221575437610998e-05
4.362,15.48863470699871,-0.0076138309791901355,2.3181388008396566,0.3472174627043088,-0.0021649847261910665,-0.001004419860084417,0.7074351179938636,0.7067742622725365,0.0011591121908904763,-0.0029676469909376327,0.01703642212317365,-2.384627451232061e-05
4.364,15.49069679400418,-0.00761151713559953,2.318132861937408,0.34725112164495964,-0.002166198285172628,-0.0010042355123289343,0.7074350947967963,0.7067742820348467,0.00115692863530556,-0.002967974522120006,0.016831624014119587,-3.181946484127888e-05
4.366,15.49274305900326,-0.00760920987493966,2.318126927151912,0.3472843527384024,-0.0021674232066820945,-0.0010041020280238317,0.7074350705119238,0.7067743027767422,0.001153637326267589,-0.002965915751388298,0.01661770233761658,-3.318295147956882e-05
4.368,15.49469737400068,-0.00760690910582243,2.318120990897212,0.34731717865965955,-0.002168676189630056,-0.0010039909748317801,0.707435046546459,0.7067743230788147,0.0011503916073922827,-0.0029666485269131096,0.016415119986068337,-3.262541523196843e-05
4.37,15.496846355003072,-0.007604616414307095,2.3181150577529674,0.3473495824449362,-0.0021698469173213647,-0.0010038369404741017,0.7074350249251257,0.706774341345906,0.0011463528497867178,-0.002965092902321889,0.016204053901388512,-2.953968841720832e-05
4.372,15.498686618004285,-0.007602331343541939,2.3181091221883103,0.34738158683906695,-0.0021709806827511437,-0.001003640090724079,0.7074350057359813,0.7067743573508986,0.0011425424962566548,-0.002966301314965812,0.016004362006050696,-2.627589040537686e-05
4.374,15.50066441600211,-0.007600055974897583,2.3181031887603694,0.34741317423000717,-0.0021718045746410603,-0.00100316726241229,0.7074349938800353,0.7067743673579907,0.0011376916833819618,-0.0029652325817491002,0.015795862258756843,-1.713878171550084e-05
4.376,15.502747680999164,-0.007597788940635648,2.3180972520129717,0.3474443670924392,-0.0021724217799358346,-0.0010024789682141796,0.7074349884041954,0.7067743719187082,0.0011335244983017975,-0.002966890554396187,0.015598601605591225,-9.036753077269838e-06
4.378,15.504718078002043,-0.00759552938071443,2.3180913163609436,0.3474751503900006,-0.0021728636304593142,-0.0010016500133072758,0.7074349868685117,0.7067743732728593,0.0011297872930870752,-0.002966342488365635,0.01539382100587487,-4.1130570369441275e-06
4.38,15.506885936003528,-0.007593276307255637,2.3180853764249925,0.34750554605122436,-0.0021732063995953195,-0.0010007133469325383,0.7074349875926349,0.7067743728210233,0.001126544059112611,-0.0029684827300445285,0.01520000636720591,-1.3727011059590138e-06
4.382,15.50864005600306,-0.007591028027141373,2.3180794363766575,0.34753554034667056,-0.002173603722149353,-0.0009998670255452955,0.7074349862847285,0.7067743741061332,0.0011241472362058201,-0.0029685385437385726,0.014999325283908715,-3.895180924480137e-06
4.384,15.510692524003389,-0.007588784365539115,2.3180734909781746,0.34756515425805456,-0.0021740749469314345,-0.0009990886157536633,0.7074349825171353,0.7067743775286733,0.0011218380046251113,-0.0029712119406370635,0.014809136698847238,-7.071768785253218e-06
4.386,15.512736260003294,-0.007586544463958929,2.3180675447554946,0.3475943740183078,-0.002174679346498241,-0.0009984792819194848,0.7074349744546793,0.706774384600327,0.001119957940238992,-0.0029716236666632555,0.014612062900175313,-1.2453918399264762e-05
4.388,15.515748547004478,-0.007584308534078526,2.318061592527939,0.34762322051411354,-0.002175409016441805,-0.0009979898263011602,0.7074349628651111,0.7067743946465216,0.0011179721392071153,-0.0029746244580049074,0.014425434057481264,-1.691531033974466e-05
4.39,15.516831559005368,-0.007582076509489549,2.3180556385359896,0.3476516800956313,-0.002176298450448475,-0.0009976933198944887,0.7074349470505691,0.7067744081562748,0.0011160194336275202,-0.002975506297918428,0.014231978632427632,-2.2090998444166134e-05
4.392,15.518712347002293,-0.007579848749545292,2.318049677730577,0.34767977277942863,-0.002177328737949763,-0.00099753097036726,0.7074349281826929,0.7067744240977301,0.0011138871653332012,-0.0029789114245467375,0.014048533073714588,-2.5817729069295157e-05
4.394,15.520695550003438,-0.007577626841858488,2.3180437145132733,0.34770748431220067,-0.002178333396833937,-0.0009973758631207693,0.7074349097742649,0.7067744396465377,0.0011109611707650743,-0.0029801170229846485,0.013857959234966783,-2.5174277969897046e-05
4.396,15.522715709004842,-0.007575410578768206,2.318037743850304,0.3477348347433824,-0.002179338352609088,-0.0009972138517287384,0.707434892508559,0.7067744540589187,0.001108138912018082,-0.002983838284716651,0.01367741167369636,-2.3577825729711052e-05
4.398,15.524594139998953,-0.007573201300123917,2.318031770112794,0.34776181033896447,-0.0021801704453699713,-0.0009969108689587983,0.7074348793575869,0.7067744650833566,0.0011046468371262875,-0.002985375212319621,0.013489995517926293,-1.8408143992302992e-05
4.4,15.526676825000322,-0.007570998201080557,2.3180257883371826,0.3477884310478122,-0.002180893634683645,-0.0009964920997568042,0.7074348698575489,0.7067744729516499,0.0011015570544263894,-0.0029893927261455326,0.013312555317768052,-1.3738570922057443e-05
4.402,15.52873429399915,-0.0075688016563434605,2.318019802920219,0.34781468432163176,-0.002181440560168143,-0.000995929607436666,0.7074348643236326,0.7067744775957203,0.0010982802521410477,-0.002991214303443249,0.01312884274730563,-8.789091128598382e-06
4.404,15.530609387998993,-0.007566610735213322,2.3180138089763656,0.3478405898513475,-0.002181881005556293,-0.0009952551402502337,0.7074348617105618,0.7067744798017555,0.0010954684516416605,-0.002995476282446289,0.012954974014688328,-5.137773298924701e-06
4.406,15.532677946001058,-0.007564424535850589,2.318007810521108,0.34786613624632223,-0.0021822916077988866,-0.000994582419727746,0.7074348593245772,0.7067744818692627,0.0010931079437393328,-0.00299773353766815,0.012775413268297639,-4.8404386198098786e-06
4.408,15.534757064000587,-0.007562242613310268,2.318001802758148,0.3478913422669472,-0.0021827079277984794,-0.0009939091006884995,0.7074348563988337,0.7067744844593379,0.0010909695409830257,-0.0030023859619514827,0.012605229412440086,-5.598276991452884e-06
4.41,15.536820927998633,-0.00756006410810736,2.31799578968399,0.34791619702603743,-0.002183234514905333,-0.0009933781300394042,0.7074348501578154,0.7067744898262338,0.0010892611956605186,-0.003005043056853895,0.012429605042000292,-9.699468666056454e-06
4.412,15.812603327998659,-0.007557889100030222,2.3179897666438913,0.34794071861264286,-0.002183869117741979,-0.000992950280878016,0.7074348410063948,0.7067744976268411,0.0010875126650043362,-0.0030100246447632827,0.012263022051820328,-1.3360057914232455e-05
4.414,15.81440337299864,-0.0075557187581551275,2.317983746137943,0.347964861842795,-0.0021845187491791643,-0.0009926362857342829,0.7074348300824376,0.7067745069944668,0.001085180240654162,-0.0030087612239964355,0.012073851185497635,-1.5480542270818145e-05
4.416,15.816327546999673,-0.00755355306603529,2.317977723215815,0.3479886411150714,-0.002185199140749513,-0.0009924063982892203,0.7074348183423097,0.7067745169650921,0.0010828551908853492,-0.0030099671966375,0.011891873237293144,-1.6332596996405804e-05
4.418,15.818457384004432,-0.007551391944487685,2.3179716930878276,0.3480120821253596,-0.0021859183073617804,-0.000992228433156064,0.7074348059800507,0.7067745273648859,0.0010805701246540237,-0.003013569266066035,0.011722747212603683,-1.699900992170466e-05
4.42,15.820423570003186,-0.0075492357758763055,2.3179656523413166,0.34803520145118416,-0.0021866757118159416,-0.0009920295453004085,0.7074347942209533,0.7067745370712433,0.0010780938880651748,-0.0030188780749651565,0.011561909812552494,-1.616391894080953e-05
4.422,15.822321022998949,-0.007547084707729097,2.3179595984183017,0.3480580102049052,-0.002187425559988992,-0.000991803121743088,0.7074347832967913,0.706774546003044,0.0010755440006603014,-0.003025466490806394,0.011406629648978952,-1.5075175679458477e-05
4.424,15.824323710003227,-0.007544939547087768,2.3179535357946746,0.3480804954079407,-0.002188092010741775,-0.000991501368829241,0.707434774371095,0.7067745532975179,0.0010725906340794567,-0.0030298179856388077,0.011244859494626714,-1.2582988093755172e-05
4.426,15.826451614004327,-0.007542799735591655,2.3179474602312857,0.3481026732806193,-0.002188716668404851,-0.0009911356094207226,0.7074347671698378,0.7067745590843707,0.001069916055966079,-0.003036286510804988,0.011091197022699442,-1.0396210603783462e-05
4.428,16.006222144002095,-0.0075406617895375444,2.317941373890256,0.3481245419874701,-0.0021892926724601403,-0.0009906719837699883,0.7074347755643272,0.7067745495480614,0.0010689839451245907,-0.003041676404671682,0.010936620215970885,1.130584894016463e-05
4.43,16.00809900800232,-0.007538529639524433,2.3179352861898863,0.3481460656886577,-0.002189810951733907,-0.0009902439217982838,0.7074347830319161,0.70677454106777,0.0010660859510577953,-0.0030423579828624064,0.01076412117681598,1.0041608949232113e-05
4.432,16.01009542799875,-0.007536402872661656,2.317929192661313,0.34816725884493865,-0.0021903186885317612,-0.0009898643372222749,0.7074347903733095,0.7067745326779316,0.0010633942745010322,-0.003045270495150349,0.010598850491514582,1.0004221524416433e-05
4.434,16.01207352000347,-0.007534281164534602,2.3179230888068196,0.34818814511978124,-0.002190838001129251,-0.0009895174053379746,0.7074347973282271,0.706774524592764,0.0010608651012465613,-0.0030504326852370716,0.010445414296605986,9.577390759256988e-06
4.436,16.014050989004318,-0.007532164273210214,2.317916970261492,0.3482087460279301,-0.0021913849816188164,-0.000989186212063045,0.7074348036375354,0.7067745170454449,0.0010584567399441434,-0.003057776811050708,0.010302733811850895,8.747913844467686e-06
4.438,16.016109686002892,-0.007530051486352468,2.3179108393794374,0.3482290580399298,-0.0021919394368927233,-0.0009888731527826493,0.7074348093750038,0.7067745100213679,0.0010564045788029669,-0.0030639447145073347,0.010158287246109628,8.005898682263874e-06
4.44,16.01808148300188,-0.007527942615569246,2.3179046922094693,0.34824909668398724,-0.0021925159508115236,-0.000988563990192783,0.7074348146106177,0.7067745034251617,0.0010544465793681543,-0.003072087490957471,0.010021605771707477,7.335383375479638e-06
4.442,16.020096159001696,-0.007525838248348262,2.3178985296144186,0.34826886089443304,-0.002193137087535273,-0.0009882841612293759,0.7074348173025067,0.70677449919497,0.0010521947550458757,-0.003079799512663686,0.009884390545732596,3.884310791419766e-06
4.444,16.022078831003455,-0.0075237382124558804,2.31789234781648,0.34828836642227085,-0.0021938135977135893,-0.000988020727372414,0.7074348177233271,0.7067744970425178,0.0010500291248204464,-0.003089399811616133,0.009755051674686616,7.906763623326527e-07
4.446,16.024048067003605,-0.007521642225394539,2.3178861544783738,0.34830759468802797,-0.002194478308108052,-0.0009877623240269833,0.7074348165242516,0.7067744965403358,0.001048004797827659,-0.003095169980231215,0.009616421300824783,-1.4991737874886023e-06
4.448,16.026121199000045,-0.007519550008017598,2.3178799458945623,0.34832655827011016,-0.002195146848270561,-0.0009874977759670583,0.7074348137969444,0.7067744975637843,0.0010461199950561604,-0.0031027917588280682,0.009484081737893729,-3.67576324891823e-06
4.45,16.02835232600046,-0.00751746162442965,2.3178737258855024,0.34834524893722474,-0.002195785103542363,-0.0009872225642557969,0.7074348098408855,0.706774499925385,0.0010442031437508388,-0.003108504135664154,0.009347625387656652,-5.48435111368856e-06
4.452,16.03003003699996,-0.0075153767387900585,2.3178674906815635,0.34836368144997415,-0.002196416147373013,-0.0009869337097580186,0.7074348046138407,0.7067745035999371,0.0010424541991045256,-0.0031161004941084934,0.009218550499055211,-7.3341704815141905e-06
4.454,16.032073061003757,-0.007513295747557937,2.3178612442719966,0.34838184736943134,-0.0021969849515054564,-0.0009866105641141397,0.7074347989850922,0.7067745079172281,0.0010405070481483186,-0.0031217030755418766,0.00908525494971416,-8.086708295691574e-06
4.456,16.034182185001555,-0.007511218195351829,2.3178549829146835,0.3483997610899753,-0.00219752333175689,-0.0009862570664156145,0.7074347928858682,0.7067745128417792,0.0010387875615405294,-0.0031291758952122764,0.008959157733105133,-8.885329923013468e-06
4.458,16.036177766000037,-0.007509144158335262,2.3178487103008627,0.34841741448994434,-0.00219802706347786,-0.0009858980839921887,0.7074347864508019,0.7067745182173056,0.0010370299671879752,-0.00313480393417897,0.008828998504947009,-9.41942909235463e-06
4.46,16.038246235999395,-0.007507073263894026,2.317842422786618,0.34843482107004514,-0.002198521384232933,-0.000985532068739136,0.7074347794980997,0.7067745241494913,0.0010354587055771717,-0.003142253126333404,0.008705590746148552,-1.0185118981011627e-05
4.462,16.0401707120036,-0.007505005675760298,2.3178361240411687,0.3484519732387356,-0.002199017504928722,-0.0009851958911619829,0.7074347717725312,0.7067745308075383,0.0010338055300371093,-0.00314786851806049,0.008578386081762304,-1.1180805543726046e-05
4.464,16.042298683001718,-0.007502941131108819,2.317829810488861,0.34846888421493466,-0.0021995319795899025,-0.000984879468426193,0.707434763278052,0.7067745381500595,0.0010322838200788789,-0.003155270952140884,0.008457791960366296,-1.2183008209968667e-05
4.466,16.044224960001884,-0.007500879975962123,2.3178234860082756,0.3484855466570916,-0.002200056327743087,-0.0009845998180930348,0.7074347539886124,0.706774546205807,0.0010305890647084525,-0.0031607348824571474,0.008333525960820347,-1.3178102212559224e-05
4.468,16.04618155400385,-0.00749882203871482,2.3178171470769637,0.3485019735293954,-0.0022006038112850823,-0.0009843450013660628,0.707434744115776,0.7067745547383766,0.00102898014631626,-0.0031679592791035134,0.008215743102994402,-1.3895780872517999e-05
4.47,16.0481947340013,-0.007496767715406042,2.3178107980310285,0.3485181574248839,-0.0022011566931311654,-0.0009841182949318766,0.7074347363461909,0.7067745611092615,0.0010271731895660143,-0.003173016397970279,0.008094255682271335,-1.0823294379296802e-05
4.4719999999999995,16.050223997001012,-0.007494716809460744,2.317804435416514,0.3485341111144052,-0.0022017278286237505,-0.0009839088127912448,0.7074347309289959,0.7067745650442128,0.0010254645409677311,-0.0031797997412475547,0.007979154723276358,-7.4173479278347755e-06
4.474,16.05225782799971,-0.007492670336763511,2.3177980620586016,0.34854982650838245,-0.002202273233405343,-0.0009836917445256957,0.707434724112791,0.7067745704696914,0.0010232479285958325,-0.0031851712847248714,0.00786000785924555,-9.452105165914656e-06
4.476,16.054673097001796,-0.007490627968912988,2.3177916746086904,0.3485653155509973,-0.0022028151761741143,-0.0009834656249617677,0.7074347161728363,0.7067745770428666,0.0010211955330995056,-0.0031922163731921134,0.007746834135137982,-1.1074668588325661e-05
4.478,16.056160246000218,-0.007488590834646147,2.317785276471205,0.3485805710747291,-0.0022033223686231287,-0.0009832350562624056,0.7074347095706477,0.7067745823910603,0.0010185787229320755,-0.0031975599878524656,0.007630075609032462,-9.238009512724144e-06
4.48,16.058178106002742,-0.007486558601763607,2.3177788642691177,0.3485956052801469,-0.00220381990014513,-0.0009830022991134983,0.7074347043468102,0.706774586392344,0.0010161280525230658,-0.003204591394011617,0.007519418375465321,-7.306166281694914e-06
4.482,16.060086898003647,-0.0074845313306791846,2.317772442704064,0.34861041153745986,-0.0022042916593397535,-0.0009827719677693624,0.7074347000795015,0.7067745895127849,0.0010136471755318765,-0.003209272700706566,0.0074054452395835735,-5.97623547400114e-06
4.484,16.062128448000294,-0.007482508722110614,2.317766008522018,0.34862500149846676,-0.0022047567271468262,-0.0009825414182094024,0.7074346967156813,0.7067745917496805,0.0010113159455255138,-0.0032155803340395005,0.007297298948437704,-4.706395322008016e-06
4.486,16.064124638003705,-0.007480506050712991,2.317771409208931,0.348637802436064,-0.0022032598073687586,-0.0009834588863554903,0.7074350700643076,0.7067742214441246,0.0010013092952781588,0.0027020439722269768,0.006403069278538015,0.0005296637242958255
4.4879999999999995,16.0661380140009,-0.007478529731682525,2.317788539894733,0.3486490076439564,-0.0021973839524517913,-0.000987888715289952,0.7074357655628086,0.7067735374094128,0.0009881330160158132,0.008567025779578139,0.005605194164348735,0.0009913127360363344
4.49,16.068170065998856,-0.00747657413901597,2.317817569539766,0.3486587542140049,-0.0021889901574340814,-0.0009943389850471226,0.7074368036409794,0.7067725153585895,0.000977758592630108,0.01451655085928082,0.004875931839748328,0.0014796256116892488
4.492,16.07016582500364,-0.007474638023583634,2.3178584043000647,0.3486672411703548,-0.0021791271750318687,-0.0010020811570802814,0.7074381742529499,0.7067711629995687,0.0009680198633479123,0.020419115349086865,0.004246131959145257,0.0019526050368926513
4.494,16.07210774100531,-0.007472718319072511,2.317911128629721,0.3486744263822695,-0.0021681014386956787,-0.0010112801470503693,0.7074398230773478,0.7067695334215437,0.0009598140659272386,0.026363900068223523,0.003595258808077273,0.00234969423929211
4.496,16.074170821004373,-0.007470815460662078,2.3179756601486816,0.34868045640002016,-0.002156540448277869,-0.0010214255384080292,0.7074417450857642,0.7067676303660018,0.0009513909337554188,0.03226750066162458,0.0030176666586668815,0.002738828265775048
4.498,16.076182043005247,-0.007468917641380786,2.3180512537380387,0.3486854017764485,-0.0021454276640474955,-0.0010321559427877373,0.7074438309852582,0.7067655607025215,0.0009488733566864378,0.03779849315074977,0.0024752857823066333,0.002973287845978455
4.5,16.0782315510005,-0.007467026547307204,2.3181378447809626,0.3486893952376635,-0.0021352595794854137,-0.001042824265466221,0.7074460800754573,0.7067633245789918,0.0009455116257393844,0.04329722477956553,0.0019993278971821003,0.0032052707393572456
4.502,16.080151365000347,-0.007465137194029545,2.3182345839989105,0.34869249636661603,-0.0021257189736697247,-0.0010536831739596949,0.707448415594326,0.706760999450091,0.0009446432204443882,0.0483712532014674,0.0015530807543140263,0.0033290481058023016
4.504,16.08218696500262,-0.007463250537058889,2.318341419602967,0.348694816633629,-0.002117291864451521,-0.0010641132947097761,0.7074508403855081,0.706758581961263,0.0009432946746900147,0.053419445459881816,0.001162639263415836,0.003455393554269719
4.506,16.08416113199928,-0.007461378281253234,2.3184575677662678,0.348696401049077,-0.0021093337965104484,-0.0010738349026296879,0.7074532411606663,0.7067561879182983,0.0009360987105077347,0.05807567246460565,0.0007946352034085011,0.0034197970497584613
4.508,16.086318890003895,-0.00745951959956492,2.3185829876425976,0.34869734098479266,-0.0021023746789629377,-0.0010825081072735711,0.7074556242742953,0.7067538099505191,0.0009293114959099706,0.06271153334314976,0.00047239320767732677,0.003392653470301192
4.51,16.088418338003976,-0.007457680909565525,2.318716888225661,0.3486976704422703,-0.0020955382610731775,-0.0010905528330289692,0.7074579485579154,0.7067514912868178,0.0009193251482688353,0.06695188061972294,0.0001671338648544363,0.0033075404310646222
4.5120000000000005,16.364698015000613,-0.0074558604122886216,2.3188592354680893,0.34869746936212104,-0.0020893969259366883,-0.001097635111249603,0.7074602185423693,0.7067492262448059,0.0009102281002378216,0.07117521613409461,-9.812865237730512e-05,0.003228454217532329
4.514,16.366446489002556,-0.0074540565440874,2.3190087334905956,0.3486967050456223,-0.0020822830384440317,-0.0011049847016797337,0.707462359410585,0.7067470927590471,0.0009019344235473776,0.07475056145741052,-0.0003798144821508307,0.0030457744835423175
4.516,16.368489919004787,-0.00745226747712147,2.319165355479819,0.348695423036243,-0.002075051545477919,-0.0011120502376714327,0.7074643813678063,0.7067450789366839,0.0008945335670131931,0.07831254981513967,-0.0006386577789533476,0.002876614691135465
4.518,16.37050589000137,-0.007450492100148695,2.319329068985275,0.34869372786886726,-0.002067868470565541,-0.0011188289082412796,0.7074662805695153,0.7067431881518196,0.0008876916886264431,0.08185830314505606,-0.0008452465051268774,0.002702147344969766
4.52,16.372741094004596,-0.007448729480443238,2.3194998469452246,0.3486917106498571,-0.002060937427660048,-0.001125232942551228,0.7074680557042407,0.7067414212749992,0.0008813168719633178,0.0853905226338165,-0.001006287082474261,0.002525720914674523
4.522,16.37449578000087,-0.007446978923983222,2.3196776647412873,0.348689448840274,-0.002054469554542763,-0.0011311377392354842,0.7074697063963961,0.7067397782873563,0.0008752852795244252,0.08891044458718823,-0.001128579857164664,0.0023485753292718458
4.524,16.37676076200296,-0.007445242690583102,2.319861897340991,0.3486869687044283,-0.0020480824807406423,-0.0011370776320370254,0.7074712136299385,0.7067382785003179,0.0008681238109611985,0.09211784775684015,-0.0012377460499149791,0.0021458641880876205
4.526,16.578241030001664,-0.007443519915335404,2.320052526980191,0.34868431022408436,-0.002042181093249239,-0.0011426952819958455,0.7074725822663303,0.7067369164585118,0.0008613946673097992,0.0953163708616047,-0.0013269158641321358,0.0019492484101045896
4.5280000000000005,16.579902160003257,-0.0074418151952917915,2.3202483107105563,0.3486814448208782,-0.002036146942700324,-0.001149176089986816,0.7074738142013164,0.7067356901412178,0.0008523670058623115,0.09789341492565672,-0.0014303867601300423,0.0017585415034550602
4.53,16.582007418001012,-0.007440128015779633,2.320449238048545,0.3486783803746806,-0.0020305120716471244,-0.0011559051143038008,0.7074749184764544,0.7067345899493163,0.0008435966023125523,0.10046522165685669,-0.0015299063812603294,0.0015791331548957734
4.532,16.583818674000213,-0.00743845944376797,2.320655296765078,0.34867517825074834,-0.002025237873002823,-0.0011627758388850322,0.7074758968758014,0.7067336143864158,0.0008342929564119165,0.1030309143392099,-0.001598743216997634,0.0014018719972200497
4.534,16.58576345899928,-0.0074368123788087805,2.320866233113683,0.34867189213235456,-0.002020060370951744,-0.0011697990156458288,0.707476782896233,0.7067327306621345,0.0008235396084215323,0.10546973343944378,-0.0016407401763912947,0.0012718097480419693
4.536,16.587859626000863,-0.007435186622160966,2.321082040989605,0.34866855722768425,-0.002015159794997497,-0.0011767393881505792,0.7074775803203815,0.7067319348659936,0.0008128854709472936,0.10790550009620666,-0.0016651320505890136,0.0011464976170253575
4.538,16.589748777005298,-0.007433586339200302,2.3213023430518382,0.3486651985133591,-0.002010096747083461,-0.0011833064156103823,0.7074783102099246,0.7067312076592512,0.0008001490824296026,0.11015259534638103,-0.0016770384754740213,0.001049684313150675
4.54,16.591884321002,-0.0074320099267775564,2.321527138004249,0.3486618378267178,-0.002005153749568436,-0.0011893636781524174,0.7074789749028098,0.706730546136893,0.0007882137588896582,0.11239904319516221,-0.0016780238457834089,0.0009559707285648819
4.542,16.593854992999695,-0.007430458613318354,2.3217560630426486,0.3486584997993137,-0.0020000140410752127,-0.0011949299101201153,0.7074795868361121,0.7067299387294623,0.0007756645606040457,0.11446408834016907,-0.0016666959064748155,0.0008796509688182247
4.5440000000000005,16.59594119800022,-0.007428930355516214,2.3219891206612626,0.34865520228299746,-0.001994963828727707,-0.0011999149559450302,0.7074801463223086,0.7067293844769618,0.0007641366421958903,0.11653038106898629,-0.0016464398992020724,0.0008037096536069598
4.546,16.597811280000315,-0.007427469781616375,2.322226270715097,0.34865219100464906,-0.001990672417455169,-0.0012058488088277166,0.7074806961659809,0.7067288360499209,0.000730290620822494,0.11857660848481018,-0.0015033110879386392,0.0007938028152142307
4.548,16.600000367005123,-0.007426030223782809,2.3224672271076012,0.3486492024714257,-0.0019865913876736174,-0.0012112896354439485,0.7074812077046513,0.7067283261458012,0.0007197865622500033,0.12047977262811863,-0.001491949618032514,0.0007382031471399408
4.55,16.602066684004967,-0.007424613068611766,2.3227119880560907,0.3486463125234816,-0.0019826082409065827,-0.0012160980291407422,0.7074816723358276,0.7067278639469703,0.0007085855849151989,0.1223820528310682,-0.001442657812038626,0.0006699215956113783
4.552,16.604043056999217,-0.0074232157351749,2.3229602434078593,0.3486435357414014,-0.0019788259283674467,-0.001220751070589386,0.7074820902530103,0.7067274481623027,0.0006986743359211266,0.12412925741423776,-0.0013860789624240795,0.0006035190542998561
4.554,16.605899752001278,-0.007421765838563423,2.3232119666981483,0.3486409692922468,-0.0019788762212096978,-0.0012286461897156034,0.7074822447580954,0.7067272796698089,0.0007249546037927965,0.1258632308535787,-0.00128090694564784,0.00024416463921921256
4.556,16.60805515100219,-0.007420349673656878,2.3234668833703505,0.34863849403465597,-0.0019782847638274126,-0.0012355059376728593,0.7074823545879599,0.7067271594194943,0.0007080900871228046,0.12745992315409915,-0.001235324412627293,0.00017716892342985513
4.558,16.60983438000403,-0.007418960583490385,2.323725001074734,0.34863615280657506,-0.0019774694936045057,-0.0012416313927207285,0.7074824404299328,0.7067270650323172,0.000694552794340812,0.12906044164178104,-0.0011683104671430797,0.00014074137161124826
4.5600000000000005,16.611944798998593,-0.007417598876199679,2.323986029262933,0.3486339565242941,-0.001976042047887762,-0.0012470293486872871,0.7074825025122907,0.7067269973720934,0.0006808616807469624,0.13051568598591684,-0.0010958389704667222,0.00010436562768398927
4.562,16.613724447001005,-0.007416262198960497,2.3242499818580633,0.3486319054200225,-0.0019742697230136982,-0.0012516765232246018,0.7074825371048167,0.7067269594805861,0.0006683465209413709,0.13197789183635306,-0.0010232502439618653,6.282371106550993e-05
4.564,16.615881833000458,-0.00741496456885375,2.324516591418312,0.3486300070777118,-0.0019704548000047503,-0.0012542062887311222,0.7074825896013445,0.7067269130898031,0.000648824466655783,0.1333063769503611,-0.0009468705416114655,7.986344772732881e-05
4.566,16.617747526004678,-0.007413697517821952,2.3247858732248017,0.3486282671898627,-0.0019652615048406405,-0.0012550270187647327,0.7074826537638537,0.7067268618622438,0.0006335346114938473,0.13464250248124315,-0.0008676436531510949,8.989225610564748e-05
4.568,16.619779799002572,-0.007412448730514214,2.325057577031702,0.34862670545460317,-0.001959480851856133,-0.001255254634703449,0.707482709229778,0.7067268219839168,0.0006244020672183432,0.13585350526796836,-0.0007785685163927812,7.529459843375805e-05
4.57,16.621748908000882,-0.00741121472868875,2.325331720289262,0.34862532013051695,-0.0019534323643866196,-0.001254964516690869,0.7074827471164169,0.7067268013162284,0.0006170090767284155,0.13707323291248605,-0.0006903634206151225,4.8601831065329555e-05
4.572,16.62368908800272,-0.00740998903105142,2.325608073519024,0.3486241285651526,-0.0019474848563736289,-0.0012547124089920193,0.7074827550771745,0.7067268102088075,0.0006128562910761179,0.13817822306989597,-0.0005934924200708861,6.479079061136751e-06
4.574,16.62571462100459,-0.007408770764724326,2.3258866560732914,0.348623125816346,-0.001941767000051722,-0.0012544177853534135,0.7074827321317959,0.7067268494349617,0.0006091406167822223,0.13929288761456732,-0.0004990850454532717,-3.719469309189696e-05
4.576,16.627765215002,-0.007407545250282342,2.326167257280547,0.3486223322420923,-0.0019373882478718079,-0.0012553948186005176,0.7074826572554397,0.7067269346737879,0.000612763958535219,0.14030221675408713,-0.00039449859910776764,-0.00010565265017095178
4.578,16.630933461005043,-0.007406316589106923,2.32644989827619,0.3486217386886524,-0.0019341211876587518,-0.0012572260890938638,0.707482534428117,0.7067270633256948,0.0006143374756489318,0.1413221131572488,-0.00029448885812773915,-0.00016999633106186342
4.58,16.63307719200384,-0.007405079912146331,2.3267343103610965,0.3486213524240926,-0.0019325888297492472,-0.0012608605170287153,0.7074823500287906,0.7067272456393,0.0006183447683872998,0.1422076600112425,-0.00019084602691214766,-0.00025016249791791004
4.582,16.634750427001563,-0.007403841346017683,2.3270203187589518,0.348621183300857,-0.001932571960012331,-0.0012660084167765524,0.7074821128911303,0.7067274738733523,0.0006192893520948008,0.14300581925648104,-8.227577301263507e-05,-0.00031890640109157514
4.584,16.6369648530017,-0.007402606385541645,2.3273079466819846,0.34862121936406765,-0.0019337255845894403,-0.001272204321084206,0.7074818357986993,0.7067277369796882,0.0006174867668438807,0.14381558403665115,2.0316750543695018e-05,-0.0003712727722639654
4.584,16.638919764998718,-0.007401388386745713,2.3275970957113663,0.34862147264627097,-0.001934654578698887,-0.0012780738188623833,0.7074815559613962,0.7067280039827322,0.0006090072610872,0.1445761404149332,0.00012892630966880714,-0.00037631850099783637
4.588,16.64077708900004,-0.007400187008336309,2.3278877903211623,0.3486219335616937,-0.0019354004894180047,-0.0012835662044591216,0.7074812788949034,0.7067282693482526,0.0006006972171904247,0.1453489326366774,0.0002327426840201871,-0.00037369688464148915
4.59,16.64287897000031,-0.007399011677963031,2.3281798811437024,0.34862260824200875,-0.0019351286630786856,-0.0012878856638233365,0.7074810185581232,0.7067285228484379,0.000587675593752815,0.14604703454357604,0.00033964111382272496,-0.00035443274072073996
4.592,16.644853814003,-0.007397858321462081,2.3284733936481588,0.348623486697689,-0.0019341498844542414,-0.0012912273543849058,0.7074807720485238,0.70672876620226,0.0005766893660649908,0.14675787386242078,0.0004415373027688805,-0.0003384578752701599
4.594,16.6468797790003,-0.0073967319656035955,2.3287681966517018,0.3486245744794067,-0.0019314957194907984,-0.0012926779062872441,0.7074805568748523,0.706728986211946,0.0005631913148564016,0.14740312102765243,0.0005462120210156032,-0.00030128590318523606
4.596,16.648780447998433,-0.00739562558861017,2.3290643164485143,0.3486258627375911,-0.0019276621258839132,-0.0012926429568934075,0.7074803646552221,0.7067291891667049,0.0005532016093700014,0.14806151988654892,0.0006464497559392604,-0.0002743411301792002
4.598,16.65078701099992,-0.007394527482708379,2.3293616288568,0.3486273673424653,-0.001923555850527128,-0.00129211695609477,0.7074801720756787,0.7067293941010448,0.000549065357035878,0.14865782876428796,0.0007546221512849137,-0.00027658492167144296
4.6,16.65298164699925,-0.007393435125517642,2.3296601612036385,0.34862907605244214,-0.001919362097906986,-0.0012912023046889873,0.7074799719177725,0.7067296075451865,0.0005461908504235302,0.14926780029272563,0.0008566736299133128,-0.0002885953851810825
4.602,16.65489732399874,-0.007392336110452157,2.32995979578763,0.34863100609743375,-0.0019163553478057916,-0.0012912833185603613,0.7074797378893203,0.7067298498334641,0.0005495187460744137,0.14981892201835323,0.0009673402451736771,-0.00033255397931050435
4.604,16.65694241700112,-0.0073912334211047445,2.3302605608297933,0.3486331418246989,-0.0019143416140162985,-0.0012920876723247752,0.7074794719749132,0.7067301200173441,0.0005513559879115886,0.15038415334546953,0.0010701802892515149,-0.00037472096837521193
4.606,16.658860094001284,-0.007390122843234194,2.3305623456845295,0.3486354959741061,-0.0019139063222344082,-0.001294308513487107,0.707479164750762,0.7067304246823012,0.0005552997411685677,0.1508940628130247,0.0011793905084494512,-0.0004276338787846819
4.608,16.660927454002376,-0.007389009619559524,2.33086517913953,0.3486380521044208,-0.0019147008394933434,-0.0012975222274233685,0.7074788246578257,0.7067307570903831,0.0005566228404126883,0.1514183652243385,0.0012803799116624277,-0.00047018343866039246
4.61,16.66286511100043,-0.0073878983164739065,2.331168948266196,0.3486408171707642,-0.0019165127832732505,-0.0013016076886748194,0.7074784576250729,0.7067311120876343,0.0005556626532300506,0.15188620427280636,0.001384846639627619,-0.0005048526816809869
4.612,16.932209520004108,-0.007386792702015086,2.331473682328658,0.34864377476980685,-0.0019190984892866383,-0.0013062464560134926,0.7074780721996186,0.7067314823452369,0.0005528184910981032,0.1523686744781464,0.0014811121771250034,-0.0005285956649263568
4.614,16.93378124300216,-0.007385714788044199,2.3317791638189114,0.34864694379655387,-0.0019196151905682905,-0.0013087505784857045,0.7074777261443581,0.7067318227298471,0.0005389711079827371,0.15274239277084795,0.0015868222111167357,-0.0004810405210155025
4.616,16.935697280001477,-0.007384657506896903,2.332085422294339,0.3486503171644065,-0.0019185686076867753,-0.001309503692556167,0.7074774178684919,0.7067321327778355,0.0005286546522931107,0.15313088787064896,0.0016889921711085612,-0.0004341923333750461
4.618,16.937695649001398,-0.007383615631227726,2.3323924873931867,0.34865387635634826,-0.0019163012556596161,-0.0013088777628006744,0.7074771353727589,0.7067324228824191,0.0005209515552284608,0.15353420194989598,0.001781903239076638,-0.0004029078286992226
4.62,16.939710266000475,-0.007382583857719557,2.3327003890188416,0.3486576048520307,-0.001913157660796094,-0.0013072217790148807,0.7074768675849055,0.7067327025341588,0.0005159002211333907,0.15395246767728918,0.0018665544233903105,-0.000385943533189783
4.622,16.941599588004465,-0.007381557790526573,2.3330091568446263,0.34866148718888196,-0.0019094326930098548,-0.0013048212907728102,0.7074766061490672,0.7067329787550513,0.0005130468779100886,0.1543855700718412,0.0019434744833531153,-0.00037969034488481024
4.624,16.943656645002193,-0.0073805224560020925,2.3333186808103257,0.3486655372055797,-0.0019066717747031761,-0.001303343366885434,0.7074763197735247,0.7067332756128872,0.0005176792995421235,0.1547636443780058,0.002027306303034884,-0.00041139683279956034
4.626,17.11492943000485,-0.0073794801524274915,2.333628990891284,0.3486697408520455,-0.0019047394043509732,-0.001302563290363708,0.7074760080243825,0.706733594338461,0.0005211637671706588,0.1551567040264239,0.002104123375826089,-0.00044455410444960684
4.628,17.116582577000372,-0.007378424936406213,2.333939853891653,0.348674151810908,-0.0019044250729709279,-0.0013033428244757302,0.7074756728502927,0.7067339292744116,0.0005276197224749818,0.155433168685384,0.0022077757152568493,-0.00047170137267295596
4.63,17.118632350000553,-0.007377362156153113,2.3342513012760677,0.3486787558607904,-0.0019053952709704998,-0.001305224825662535,0.7074753221245498,0.7067342742797894,0.0005314019927886155,0.15572536338333387,0.0023043204806325887,-0.0004893921652099713
4.632,17.12062419400172,-0.007376296313845786,2.3345633640345858,0.3486835303264524,-0.00190730815409141,-0.0013079037428363172,0.7074749646639488,0.706734622002594,0.0005329332564746669,0.15603305293502479,0.002389527238596199,-0.0004957871830405414
4.634,17.122596512999735,-0.007375231154383754,2.3348760735578358,0.34868845451274044,-0.0019098889107158467,-0.0013111151945108467,0.7074746077737646,0.7067349663464046,0.0005325919985858438,0.15635643789429196,0.002464386468314286,-0.0004928516873895106
4.636,17.124555413000053,-0.007374179931820043,2.335189352350157,0.3486935338626657,-0.0019118841920227325,-0.0013136344790721495,0.7074742618656772,0.7067353025432556,0.0005256247141932152,0.15664107571342284,0.002541968675485598,-0.0004798840876944806
4.638,17.126634321000893,-0.007373140739900195,2.3355032314941497,0.3486987564255284,-0.0019134235101964988,-0.001315540556640799,0.7074739285656991,0.7067356284802193,0.0005196094186856409,0.15694125428331046,0.0026135745482320696,-0.0004642878932182511
4.64,17.128691194004205,-0.007372119901235005,2.335817637506251,0.34870412426026975,-0.0019135970291511962,-0.0013159795663475328,0.7074736199343721,0.7067359361466962,0.0005104337835457179,0.15720469145118868,0.0026862107898040074,-0.0004349413205953526
4.642,17.130506426001375,-0.007371112226455435,2.336132601621508,0.3487096257825722,-0.0019127625379376499,-0.0013152624424733748,0.7074733304608601,0.7067362295162176,0.0005038516871772723,0.15748374578533747,0.002753054038381267,-0.00041217192877757104
4.644,17.132549706002465,-0.007370112436250326,2.336448052835522,0.34871526995306806,-0.0019111552474487153,-0.0013136724137537891,0.7074730509712593,0.7067365166027771,0.0004999093674116574,0.15772729832098428,0.002824378610388842,-0.0004013227622319536
4.646,17.13451174700458,-0.007369116806977405,2.336764022695376,0.34872104427000233,-0.0019090310874549008,-0.001311420938459702,0.707472774802211,0.7067368029819087,0.0004978287248210276,0.15798662402752964,0.0028894513352796716,-0.00039905982158573364
4.648,17.136498924002808,-0.007368113751772096,2.337080442606412,0.3487269622205133,-0.0019074393930198906,-0.0013096095611738372,0.7074724809012146,0.7067371048453873,0.0005015409276387771,0.15821165281238828,0.0029612687075455807,-0.0004223996193249293
4.65,17.138605232001282,-0.007367104168374442,2.337397344513576,0.3487330091043736,-0.0019063190825317595,-0.0013081349985003654,0.7074721680025671,0.7067374238231119,0.0005048050146535041,0.15845265369642186,0.0030257349029649294,-0.00044790868687881035
4.652,17.14050027600024,-0.007366096777875883,2.337714704799365,0.3487392391710099,-0.001904930003974911,-0.0013065079200157606,0.7074717322742202,0.7067378667594154,0.0005037088403202308,0.1586818481980554,0.0031173294302608246,-0.000622346903163712
4.654,17.14276294100273,-0.0073650748365565195,2.338032514374424,0.348745589439499,-0.001904894775300484,-0.0013061036081612352,0.7074712693542566,0.7067383310020313,0.0005109833869323642,0.15890649375399504,0.0031774275270187754,-0.0006560787333041225
4.656,17.144475494998915,-0.007364042699943312,2.3383508038429515,0.3487520468727882,-0.0019058755966189739,-0.001306581066514486,0.7074707799923923,0.7067388173442031,0.0005160811242501076,0.1591464431805391,0.003231009042104356,-0.0006900496689533876
4.658,17.146581947999948,-0.007363003349903574,2.338669511413607,0.34875861803028324,-0.001907709381623174,-0.0013078106421851418,0.7074702718612272,0.7067393187794497,0.000519688040554235,0.15935549765901197,0.003287871817460206,-0.0007136731557141018
4.66,17.148665533000894,-0.007361959863319321,2.338988669262825,0.3487652883819003,-0.0019101869456596555,-0.001309540635318491,0.7074697513830086,0.7067398299000992,0.0005217564492633137,0.15958063988824453,0.0033374686041844005,-0.0007291392145967056
4.662,17.150484284000413,-0.0073609152296659095,2.339308213962545,0.34877206464823757,-0.001913056020386987,-0.001311524209901914,0.7074692406301138,0.7067403297415255,0.0005223302991718956,0.15977406853728776,0.0033904266562299022,-0.000714314927343587
4.664,17.1524883029997,-0.007359870898935009,2.3396281777325467,0.3487789342318113,-0.0019162101940675149,-0.0013136211858874505,0.7074687424667033,0.7067408159788522,0.0005221789089276828,0.15998360667249342,0.0034370850897867474,-0.0006959500656119345
4.666,17.154494123002223,-0.007358837048721121,2.339948497346348,0.34878589739612725,-0.001918511462154793,-0.0013147566920504023,0.7074682789153312,0.7067412716526391,0.0005169395958964862,0.16016153276580672,0.0034838696034954725,-0.0006505893010807748
4.668,17.15647633700428,-0.007357810664605475,2.3402692050634,0.3487929426241337,-0.0019201677599126204,-0.0013150993585262993,0.7074678486017331,0.7067416972729759,0.0005132062764450037,0.160355588326323,0.0035248940745820456,-0.0006065067942913475
4.67,17.15887394400488,-0.007356791956065553,2.340590238175115,0.348800081057653,-0.0019206624673472066,-0.001314226867639668,0.7074674491063154,0.7067420974573609,0.0005093688578690928,0.160518290688814,0.003571487236524996,-0.0005675365338921111
4.672,17.160525712999515,-0.007355776488533233,2.3409116289176732,0.3488073031488663,-0.0019203038420471206,-0.001312407925868512,0.7074670742120069,0.7067424770908377,0.0005077479314652544,0.16069711020309513,0.0036133080150661254,-0.0005363036743141328
4.674,17.16251591800392,-0.00735518901767421,2.3412396336788044,0.3488004274366075,-0.0019076016572159033,-0.0013343640657104932,0.7074545575316543,0.7067549996683069,0.0002938072625844305,0.16400399967263776,-0.0034356976861348344,-0.017654335052038395
4.676,17.16500993700174,-0.007354896091717742,2.3415686508622855,0.34879161287308574,-0.001897511834292384,-0.0013626325163065963,0.7074422769176336,0.7067672654495669,0.00014613160804910523,0.16450318156900498,-0.004415375597561733,-0.017262667997331466
4.678,17.166473818004306,-0.007354999162074238,2.3419013059095977,0.348774445036246,-0.00187820356396157,-0.0014022284091544837,0.7074258221535318,0.7067837096716794,-5.168933072225983e-05,0.1663192744625357,-0.008596641874703074,-0.02312201339139701
4.68,17.168467556002724,-0.007355559423159938,2.3422338224814814,0.3487573658776223,-0.0018609017390900416,-0.00144354397132798,0.7074132737064764,0.7067962318868192,-0.0002802745309675625,0.1662504594302745,-0.00855185170856459,-0.01758809834172647
4.682,17.170519705003244,-0.007356576067147659,2.3425735444415903,0.348723544766261,-0.0018199640721075685,-0.001502573252604662,0.7073925193084224,0.706816987367225,-0.0005083999292747098,0.16985262734195067,-0.016923607263544607,-0.029143143483592326
4.684,17.172455872001592,-0.007357966822970773,2.342913819202034,0.3486875403196624,-0.001777259759733901,-0.001561818550987631,0.7073779584785183,0.7068315399933168,-0.000696089681696482,0.1701267542293267,-0.018018449786750112,-0.020361272768146067
4.686,17.174560535000637,-0.0073598293634864415,2.343257258245039,0.3486457385380848,-0.001722618896831942,-0.001638789520394277,0.7073679061395947,0.7068415609715728,-0.000931901865209102,0.17170800848338033,-0.020918548664604818,-0.013914971315300062
4.688,17.176589344002423,-0.00736208004870042,2.3436011552209894,0.3486040096860287,-0.0016642387805659072,-0.00172054606070236,0.70736747839925,0.7068419346173661,-0.0011260117729338301,0.17193622854078514,-0.020883180348796535,-0.00026979310021248555
4.6899999999999995,17.178555757003778,-0.007364836286907745,2.3439488125919095,0.348552629612758,-0.0015874520063893947,-0.0017991387482484296,0.70736787671227,0.7068415169551564,-0.0013786533075199384,0.17381593425308323,-0.025709568495906828,0.0009018406497513555
4.692,17.180529878001835,-0.007368168188974632,2.3442966534565954,0.3484995453228859,-0.0015098853745091122,-0.0018724884455898934,0.7073758170976193,0.7068335500092312,-0.0016662702064763986,0.173905614026207,-0.026564694797024765,0.011574414471080433
4.694,17.182503722004185,-0.007372179089547267,2.3446464842231154,0.3484410596706207,-0.001427816203621338,-0.0019509800856856614,0.7073857221260615,0.706823595495923,-0.0020056893971836594,0.17490001239393746,-0.029266270163730672,0.014387308631611898
4.696,17.18450167600531,-0.0073768014221931195,2.344995838829124,0.34838293328596215,-0.0013517885887428145,-0.002028573029271368,0.7074024930494586,0.7068067418937704,-0.0023112954572514157,0.1746609374468662,-0.02908806574177691,0.024111358834837185
4.698,17.18656038300105,-0.00738198471781251,2.345346488497443,0.3483197868073334,-0.0012778426207553963,-0.002106591192671535,0.7074184790386265,0.7067906514000166,-0.0025917878071725757,0.17530807289786274,-0.03159868061717739,0.023014736236976814
4.7,17.188674485005322,-0.007387685518144951,2.3456962024400725,0.3482570139842877,-0.0012147536234369113,-0.002179607682380678,0.7074386712169376,0.7067703305535674,-0.0028504968910949497,0.17483902009337418,-0.03141352013806377,0.02895592387356836
4.702,17.19053729499865,-0.007393854785218081,2.346046279886247,0.3481928364998691,-0.001169191009249584,-0.0022725949571273433,0.7074589162719505,0.7067498497289278,-0.003084842268554702,0.17502048609208867,-0.03211622827659944,0.029094107014418964
4.704,17.192474203002348,-0.007400312936193855,2.3463953583738575,0.34813043260333176,-0.0011388272050585513,-0.00236825862387512,0.7074829237064371,0.706725552875711,-0.0032295751571658113,0.17452018953163329,-0.031230525342928705,0.03442618907120752
4.7059999999999995,17.194509122004092,-0.007406759804588407,2.346744365062887,0.34806803899265343,-0.0011041264377843075,-0.0024474416248879433,0.7075060230629194,0.706702213286469,-0.0032241151587458126,0.1744841893813138,-0.03122546999004023,0.033099696860540685
4.708,17.19659954200324,-0.00741339994451316,2.347092402770695,0.34800772934157875,-0.0010727749673759117,-0.0025165380102872064,0.7075298943433203,0.7066781196562141,-0.003321352332513167,0.17399900434829835,-0.030184339803448812,0.034164951331413194
4.71,17.198714404003113,-0.007420143664941335,2.347438944680701,0.3479474191038087,-0.0010347291746060224,-0.0025568367795591462,0.7075503300147103,0.7066575708341999,-0.003373298598262885,0.17325115889752127,-0.030184515664197727,0.02921518931858708
4.712,17.47104271200078,-0.007427042453056227,2.347783171077879,0.34788953287304053,-0.0010026175862804885,-0.002581910355143957,0.7075697975897345,0.7066380332502035,-0.0034516960139991774,0.1720932382833946,-0.028972504107655526,0.02778897243612988
4.714,17.472614660000545,-0.007433449911631386,2.348122836137458,0.3478357224441795,-0.001006401656768197,-0.002612596906348587,0.7075870437983868,0.7066206457086928,-0.0032062097147005216,0.1698126858796564,-0.02693434189269872,0.024610965197724807
4.716,17.474664858003962,-0.007439090111022197,2.348458368829263,0.3477857944174847,-0.0010353250975210283,-0.0026387581665501853,0.7076034977082623,0.7066040299123082,-0.0028240850146689506,0.16774791571932765,-0.02499078658448639,0.023435092597797358
4.718,17.47643402600079,-0.007443760856453712,2.3487903260935736,0.34773901705787347,-0.001080695796353637,-0.0026543329619040687,0.7076197525726832,0.7065876254096853,-0.0023398045790990777,0.16596062593031802,-0.02341465758288445,0.02309053830743517
4.72,17.47873208099918,-0.007447439234261201,2.3491192136559405,0.347694791710602,-0.0011368374852273454,-0.0026596173952960233,0.7076360290414954,0.70657121681981,-0.0018439715489869122,0.1644262266514063,-0.022137888226849232,0.0230684177948781
4.7219999999999995,17.48049647600419,-0.007450153114749711,2.3494454043184865,0.34765280307694857,-0.001200483858404466,-0.002657245123896151,0.7076525521461147,0.7065545720805633,-0.0013620164765637765,0.1630781878453208,-0.021018838228904536,0.023380497177345128
4.724,17.48255172100471,-0.007451649550084031,2.349768642956323,0.34761409800501575,-0.001270890757129507,-0.002650334520792909,0.7076703742341508,0.7065366246663427,-0.0007535077141877795,0.1616025223576485,-0.019376474874704005,0.025196037379402746
4.726,17.48458484800358,-0.007451967094876155,2.3500894662701013,0.3475777936279962,-0.0013430758192422782,-0.002638858866514671,0.7076890783487758,0.7065177994623255,-0.000164909908435698,0.16039554622484656,-0.018174940155490225,0.026430631459736904
4.728,17.652628601004835,-0.007451186020264659,2.3504073989463805,0.3475452009844926,-0.0014140117632768395,-0.002614509573061748,0.7077088940913698,0.7064979024274566,0.0003842677040285919,0.1589505370574223,-0.01631854796059326,0.027959725150639703
4.73,17.65444078300061,-0.007449132107553017,2.350721252720203,0.3475218389932486,-0.001478761994026097,-0.0025680689842906205,0.7077322169039816,0.7064745766415326,0.0010207182679488809,0.15691170997656811,-0.011702316138450946,0.032846053297105604
4.732,17.65647365800396,-0.007445750685325634,2.3510329252834525,0.3475027712614523,-0.0015322897502769908,-0.0025119475123606986,0.7077544616706929,0.7064523792818905,0.0016833601878113748,0.1558217925474793,-0.009553918913588222,0.03130235664474778
4.734,17.658508851003717,-0.007441008757564606,2.351343570334411,0.34748506470327367,-0.0015732901334243178,-0.0024538785898175685,0.7077738581012917,0.7064330605417862,0.0023635776677105066,0.1553085901390567,-0.008872475337286074,0.02727898255912485
4.736,17.66045586200198,-0.0074348992392434445,2.3516529186594974,0.347469321772798,-0.0016050966180535346,-0.002392808615440265,0.7077914146994783,0.7064156081298655,0.00304745475973138,0.15466059434197324,-0.007890100378064785,0.024674117190695767
4.7379999999999995,17.662380819005193,-0.007427438236435783,2.3519611409663534,0.3474555612974669,-0.0016268990882961113,-0.0023294930850661557,0.7078081720565582,0.7063989794947872,0.0037234225694854316,0.1540979491905726,-0.00689836143643034,0.023544091345212903
4.74,17.664435318998585,-0.007418609221611208,2.3522668689520567,0.3474480138194706,-0.0016507042523550345,-0.002261491985270258,0.7078269982758009,0.7063802809686445,0.004407557376500523,0.15285093399265381,-0.0037916460903687555,0.026457047961104686
4.742,17.666418430002523,-0.007408455062259874,2.3525712604046873,0.34744374972296305,-0.0016698080174603037,-0.0021931739374294185,0.7078453514174411,0.7063620602821081,0.005070494243548433,0.1521831630328948,-0.0021493111436076576,0.025790872907406524
4.744,17.66849182700389,-0.007397140223362105,2.3528732965302432,0.3474471076275567,-0.0016919582130791306,-0.0021180861524686,0.7078667240888665,0.7063408185261224,0.005650902198789702,0.15100583021842146,0.0016621773749582187,0.030042442157333173
4.746,17.670399096001347,-0.007384644996003485,2.3531745465101137,0.34745357691553674,-0.0017098161557998655,-0.002043593568574705,0.7078870766818639,0.7063205978313564,0.006241682391415852,0.150613145365935,0.0032183245041228145,0.02860478184520126
4.748,17.672523995002848,-0.007371181054533558,2.353474055860471,0.34746667141248944,-0.0017284264467637498,-0.0019613712615704623,0.7079084794362667,0.7062993347774196,0.006726095320610247,0.1497432760828031,0.006531575543046196,0.0300674422779911
4.75,17.674491481004225,-0.0073566754683869195,2.3537731828855972,0.34748250126518726,-0.0017429675231546912,-0.0018797266241884975,0.7079277705468549,0.7062801854650823,0.007247420046090986,0.14955295049929943,0.00790035014572751,0.027082672063299024
4.752,17.676442033000058,-0.007341290722375323,2.3540706262277764,0.3475050139458084,-0.0017597112548834797,-0.0017890901438150574,0.7079481223832401,0.7062599794599731,0.007687052970094639,0.14871151816764197,0.011242377933542012,0.028558068143540914
4.754,17.678498674002185,-0.007324934540706448,2.3543677321987295,0.34753030224249987,-0.0017743341661199345,-0.0016988260812090539,0.7079665059245585,0.706241737804546,0.008173108549220908,0.14854342897441697,0.012630978875206362,0.025777584329780175
4.756,17.680466382000304,-0.007307716366065556,2.354663483420423,0.34756188784476455,-0.0017912999684168269,-0.0016016885081633913,0.7079854269320185,0.7062229542362902,0.008604131814907347,0.14786646105870266,0.015780231491167116,0.02652279068103801
4.758,17.682425628998317,-0.007289543979145935,2.3549592308001346,0.3475958764172055,-0.0018059051037486813,-0.001506979229285611,0.7080018069551416,0.7062067042082035,0.009081404520121203,0.14786544517522324,0.016982967708455476,0.02293810359077555
4.76,17.68457815900183,-0.007270511501331976,2.3552534084520143,0.34763724803229384,-0.001826010997411283,-0.0014051104492770925,0.7080200307562996,0.7061885919471591,0.009511465738700124,0.14708096568783696,0.020675065645140128,0.025535772588329973
4.7620000000000005,17.686446283005353,-0.007250531060263382,2.355547639522838,0.3476811558604183,-0.0018449551722147268,-0.0013064514753078052,0.7080358772582388,0.7061728441678504,0.009985622761136227,0.1471085929762265,0.02194443405700119,0.022185668643578987
4.764,17.68845144900115,-0.0072297377104100355,2.3558407415200984,0.3477315586845654,-0.001867496086166173,-0.0012023572650270919,0.708053121358481,0.7061556798113907,0.010392132302990425,0.1465444076788946,0.025192454950005702,0.024159168392678808
4.766,17.690354917998775,-0.00720803957060174,2.3561343058841984,0.3477836665987348,-0.001887229116160881,-0.0011028223418118428,0.7080676453798227,0.7061412264663628,0.010844845638753877,0.14677614741287576,0.026045730486515678,0.020326865193457187
4.768,17.692469257002813,-0.007185613380208212,2.3564270507038496,0.34784174191739803,-0.0019079864909376562,-0.0009973862383739062,0.708083547796385,0.7061253813228402,0.011208994244490232,0.14636658720394188,0.029029731198179066,0.02227197361346661
4.77,17.694448378002562,-0.007162350538253855,2.3567205193574616,0.34790108739776987,-0.00192429057626612,-0.0008965082424891701,0.7080967203397281,0.70611226304524,0.011627662741644134,0.14672910713362902,0.02966559366737993,0.018422457157075352
4.772,17.696378095999535,-0.0071384396132624746,2.3570133948317884,0.34796590577960484,-0.001940037066471886,-0.0007895562337883424,0.7081113906561879,0.7060976357984028,0.01195182569871507,0.14643272904408222,0.03240234495767797,0.02053590737332525
4.774,17.69843211999978,-0.007113763136326478,2.3573072279198004,0.3480314409291618,-0.001950353243661927,-0.0006875825762468606,0.7081232963715957,0.7060857741721263,0.012334915115499659,0.1469120903857742,0.03276144898969706,0.016635569457026808
4.776,17.700415359002363,-0.007088513412583114,2.3576006767907556,0.34810192448326865,-0.0019604292446716957,-0.0005808428142374071,0.7081368343073551,0.7060722648822565,0.012621656346242406,0.14672019076650505,0.03523594762138395,0.01894424416277132
4.7780000000000005,17.702325862999714,-0.0070625774944979135,2.357895294845514,0.34817256965893706,-0.0019652483053931584,-0.000480092933834588,0.7081476036511754,0.706061526180949,0.012965082565275638,0.14730536794985183,0.035317515716451836,0.015038208285323639
4.78,17.70453882500442,-0.007036112900562879,2.358189637637593,0.34824751866019066,-0.001971080423872996,-0.0003760923661086605,0.7081603742360485,0.7060487644337,0.013229534282645172,0.14716794349504406,0.0374697209256416,0.017875545437641076
4.782,17.70649030200002,-0.0070090250215938165,2.3584852363537436,0.34832205571952596,-0.0019723312402573647,-0.00027846819763742935,0.708170762246842,0.706038386961834,0.013541346150605732,0.14779620868320117,0.03726415132809561,0.01451708051725813
4.784,17.708332250003878,-0.006981463739785618,2.358780739933414,0.3484003618200662,-0.0019751793462104202,-0.00017903221000834446,0.7081829597672686,0.7060261766459437,0.013778143731633106,0.1477488122168599,0.03914890596571484,0.017087451700935587
4.786,17.71048411299853,-0.00695334433192534,2.3590776738525627,0.34847780695298286,-0.001973685377601338,-8.692449334839866e-05,0.708192498193081,0.7060166304792017,0.014057492842553101,0.1484644962902885,0.038719092732514226,0.01333504832331505
4.788,17.712539641004696,-0.006924856378491847,2.3593747181366265,0.34855836733670675,-0.001973571020689744,6.092155284136437e-06,0.708203790225152,0.7060053091096701,0.014241847766970798,0.1485198302046128,0.04027693757185422,0.01582737016526704
4.79,17.714715529000387,-0.006895914060080535,2.3596733810986135,0.3486374506768252,-0.001969172033210332,9.127451232511639e-05,0.7082123518855727,0.7059967270938109,0.014469315345618898,0.14932968265394242,0.03953907635620945,0.011971575100242089
4.792,17.71725594199961,-0.0068666539592271,2.3599722806293086,0.3487188684379025,-0.0019661784676775476,0.00017666127223845207,0.7082229681954809,0.7059860694471323,0.014628287199723883,0.14944811641349232,0.04070649233948661,0.014890861669830191
4.7940000000000005,17.718348998001602,-0.006837002030516604,2.360272866868071,0.34879822524090454,-0.001958954196353715,0.0002544364177898443,0.7082312944767161,0.7059777130224445,0.014824272208395335,0.15029160387589077,0.03967620045829478,0.011657663244239619
4.796,17.720335758000147,-0.006807112304112691,2.360573842494384,0.34887928919570615,-0.0019524229346075594,0.00033210289669641935,0.7082414572154448,0.705967503525264,0.01494322795943772,0.15048640366069038,0.04052992174073187,0.014266246803287176
4.798,17.72244036399934,-0.006776913554241154,2.360876623142746,0.34895786148702557,-0.0019412580976060575,0.00040218758880779254,0.7082491435475777,0.7059597866920356,0.015097920815414773,0.15138924581832489,0.039284515978666765,0.010763558551195002
4.8,17.72443357800512,-0.006746553108124004,2.361179979850053,0.34903743471895166,-0.0019313032623203507,0.0004705852745894066,0.7082586903453908,0.7059501938291683,0.015178814532458425,0.1516773648863056,0.039785115725251084,0.013408841767633352
4.802,17.726479133001703,-0.006715972684822659,2.361485284748671,0.34911395277062374,-0.0019171193951172867,0.0005309380532320367,0.7082658625643223,0.705942993933664,0.015288979265451476,0.15265178448271485,0.03825794166041706,0.010048982621207769
4.804,17.728411943004176,-0.006685249311183398,2.361791293399362,0.3491906699375267,-0.0019045995189029786,0.0005885093969399829,0.7082752356271396,0.7059335781464728,0.015360496310943512,0.15300374254423632,0.03835760779425025,0.013177782426402416
4.806,17.73041860700323,-0.006654347901056157,2.3620992884689604,0.3492638403485395,-0.0018880710120191485,0.0006384292795006763,0.7082828111315901,0.7059259784506029,0.015449472044404037,0.1539968836495626,0.03658415167922671,0.010635262887628569
4.808,17.73246589000337,-0.006623386370336532,2.3624081143365583,0.3493366260534071,-0.0018730800430634274,0.0006854533102489155,0.7082923471518145,0.705916406305368,0.015479546012752669,0.1544123154034118,0.03639183752924785,0.013422567091524456
4.8100000000000005,17.734411896999518,-0.006592334389360846,2.362718993400743,0.3494055700226818,-0.0018542725952681274,0.0007253164912350031,0.7082999986266375,0.7059087388144698,0.015524867585270063,0.15543909590891739,0.03447120093344242,0.010752747886017466
4.812,17.99799514800543,-0.006561295809512602,2.3630308819062793,0.34947348759479113,-0.0018370036168002027,0.0007618069637838905,0.7083095628127153,0.7058991488137112,0.015518168105756732,0.15594382903574097,0.03395802789374942,0.013471990992563966
4.814,17.9997450890005,-0.006530324563058049,2.3633426575740737,0.3495432511417911,-0.0018251558830023578,0.000797997702909134,0.70832515698185,0.7058834917975533,0.015484558577578782,0.15588752423330107,0.03488115698637906,0.022029818049070508
4.816,18.001838431999204,-0.006499390620001092,2.3636565093091453,0.349608789997675,-0.0018094436576354465,0.0008269300149915917,0.7083401530097905,0.7058684507289349,0.015465949795742421,0.15692564000402165,0.03276892162748708,0.02118092088426757
4.818,18.003690877005283,-0.006468554499541608,2.3639736196120493,0.3496671200889118,-0.001786939250803537,0.0008465326973156962,0.7083518356959947,0.7058567610334414,0.015417068640978417,0.158554990415429,0.02916462912720668,0.016479071415015457
4.82,18.005705404000764,-0.006437857379733989,2.364293850190019,0.34971866638562865,-0.0017587177643958395,0.0008596262501877004,0.708360451781241,0.7058481694435508,0.01534752742935643,0.1601150706548455,0.02577266468005443,0.012127207915988997
4.822,18.007690313002968,-0.006407314511493076,2.364615321923309,0.34976792013167524,-0.001732114989302321,0.0008718069727085521,0.7083696696265049,0.7058389695132328,0.015270439376468168,0.16073524846414286,0.024625838837041423,0.012987318366031456
4.824,18.00963894600136,-0.006376917364342065,2.3649385505131715,0.3498135572183651,-0.0017045556851359638,0.0008815396716295547,0.7083773943257141,0.7058312720374718,0.015197579683010325,0.161613567088476,0.022817344701502935,0.010872989041396294
4.826,18.011786144001235,-0.006346631214702106,2.3652629679593584,0.34985697385060527,-0.0016797433159426326,0.000888837296336859,0.7083862809587873,0.7058224035690787,0.015142140828585983,0.16220763425401274,0.021706615388902877,0.012530356920902791
4.828,18.18158584000048,-0.006316458649606344,2.3655895899582746,0.3498956497814154,-0.0016529528636679953,0.000891943460363357,0.7083933776226436,0.7058153403859092,0.015085212509587683,0.16330929779270836,0.019335452736342566,0.009996657082282723
4.83,18.183659962000092,-0.006286238104209935,2.3659174183415073,0.34993214610536083,-0.0016321062861184355,0.0008878930445012993,0.7084052748869747,0.7058034530854338,0.015109238271737423,0.16391224514451233,0.018245291395148692,0.01682033932587553
4.832,18.185361980999005,-0.006256012521034987,2.3662474908697164,0.34996376053153067,-0.0016094968222422961,0.0008781660244305713,0.708418298002858,0.7057904458117485,0.015111466827685448,0.1650330905005294,0.015802744725068565,0.018422647929607516
4.834,18.187484062000294,-0.006225878027620191,2.3665803875890976,0.34998926892054777,-0.0015825685857875583,0.000864526484025731,0.7084307511757714,0.7057780237859225,0.015065941104671509,0.16644493462702895,0.012749338862754105,0.017609269849186423
4.836,18.189489572003367,-0.006195933442858192,2.3669158637917325,0.35000928064974707,-0.001553260244504675,0.0008460775553655271,0.7084433072751538,0.7057655077378215,0.014971058510654618,0.16773421629994234,0.010000375378694672,0.01775555488190118
4.838,18.191400909003278,-0.006166059470773476,2.36725353786401,0.35002494629138425,-0.0015206685209181454,0.0008311567577287759,0.7084563046762433,0.7057525494889662,0.014935726557157344,0.1688324441121128,0.007826382311986348,0.018375033133962267
4.84,18.193602965999162,-0.006136231902108796,2.3675931418273883,0.3500366778734333,-0.001485008517879314,0.0008203136301625693,0.708469813060191,0.7057390777176138,0.01491258356611363,0.16979685940303704,0.005858618506437091,0.01909252334548428
4.842,18.19561867500306,-0.006106476711190905,2.3679348067561325,0.3500443353371588,-0.0014473845362918006,0.0008113361276076126,0.7084827289969041,0.7057262001121906,0.014876103840538444,0.1708266478484543,0.0038206852300123645,0.018253503189026746
4.844,18.197474020998925,-0.006077044781272274,2.368278614168397,0.35004770453385997,-0.0013978058305476745,0.000816423760596651,0.7084953781541193,0.7057135953950121,0.01471448315012704,0.17189747867466476,0.0016759844038445298,0.017843426821869183
4.846,18.199553454003762,-0.006047428774110932,2.3686246999138842,0.3500469167989991,-0.0013543624151556922,0.0008136835123054186,0.7085077280949887,0.7057012844336249,0.014806369565854615,0.1730358177421014,-0.00040354370577214496,0.01744428593828841
4.848,18.201415903000452,-0.006017950141168281,2.3689729169725835,0.3500422028531673,-0.001306319760644085,0.000817649179453357,0.7085198051207976,0.7056892451568817,0.014737698365405155,0.17410107156560897,-0.0023671973072490362,0.01704789794274419
4.85,18.203423929000564,-0.005988066021230476,2.3693239220415716,0.35003273095659604,-0.0012667442206462365,0.0008083937663199288,0.7085312625829779,0.7056778243654601,0.014940444331063478,0.17549468174335472,-0.004746684221146463,0.016198252908505614
4.852,18.205353312005172,-0.005957931494742617,2.3696779339852645,0.35001827695051424,-0.0012179890417204,0.0008116696770280343,0.7085430296553759,0.7056660915913494,0.015065399757580344,0.17699750343528314,-0.007238495317049057,0.016618311479564263
4.854,18.207341506000375,-0.005927426726423203,2.3700348083688785,0.34999933745743106,-0.0011811053274177368,0.0007926023277721986,0.7085541046399422,0.7056550556537137,0.015250508748751059,0.17842828701893884,-0.009481803373153724,0.015674894230751062
4.856,18.209381550004764,-0.005896652765527167,2.3703938376782254,0.34997744867312935,-0.0011512519134879706,0.0007645394293664659,0.7085650547408542,0.7056441406959906,0.015384771955513108,0.17950500282246515,-0.010957348020565989,0.01552210708416818
4.858,18.211269434003043,-0.005865428989129162,2.370756464330616,0.3499497190920969,-0.0011205266770038928,0.0007302803021826128,0.7085752485068018,0.7056339903336364,0.015609645064498846,0.18130324930404426,-0.013878293752299816,0.014454997320409358
4.86,18.213360799003567,-0.005833866762515359,2.371121568330123,0.3499186323549474,-0.0010886857254174967,0.0006992250774145307,0.7085857846634401,0.7056234914035808,0.015778582624987048,0.18254124091274465,-0.015557688331363036,0.014943501814215436
4.862,18.215329113001644,-0.005801777008945449,2.3714922785067136,0.3498783489756958,-0.0010451455267856704,0.000661422558456915,0.7085939071072638,0.7056154370487436,0.016042336795171256,0.18534385847709867,-0.020156619615756807,0.011509224002071793
4.864,18.217348222999135,-0.00576927930622906,2.371865850574751,0.349834736316049,-0.00099873753415819,0.0006252307508126491,0.7086028602348501,0.7056065462258947,0.01624578752670422,0.18677378624278376,-0.021822462557008614,0.012691501194407536
4.866,18.219322728000407,-0.005736462508010832,2.3722435703844007,0.3497848799272911,-0.0009360427706675509,0.0005974296371339756,0.7086112637292502,0.7055982169888154,0.01640537399572116,0.18884693734748167,-0.024945273263904073,0.011889742104101347
4.868,18.221521584004222,-0.00570331562877026,2.3726233377930708,0.3497332086857778,-0.0008681850863841814,0.0005798330702853098,0.7086212005652718,0.7055883390176593,0.016570012091249278,0.18986999952188266,-0.025853557277330866,0.014061635472584821
4.87,18.223873920003825,-0.005669700804953005,2.373007768725419,0.3496744828918206,-0.0007880838595405186,0.0005655293618184272,0.7086295720840383,0.7055800370392886,0.01680404125106681,0.19220120816734815,-0.02938154430411936,0.011832198647057684
4.872,18.22620470000402,-0.005635616413811749,2.3733944327804797,0.34961377528899956,-0.0007064517497825037,0.0005587029781052101,0.7086390192355007,0.705570640824755,0.017038591314455835,0.19331717316296967,-0.030373136900561613,0.013363393067429436
4.874,18.227413328000694,-0.0056009467215042815,2.3737860295608195,0.3495459554648002,-0.0006181400040585135,0.0005512571993677125,0.7086464825310319,0.7055632337465094,0.017331261533299697,0.1957829953895253,-0.033929915379982696,0.010552685595490562
4.876,18.229414590001397,-0.0055657394064759485,2.374179673839703,0.3494768873122563,-0.0005328052306081206,0.0005505154384133534,0.7086551881834968,0.7055545601241276,0.017600114424767877,0.19680609020881767,-0.034554875947570285,0.012326472160684958
4.878,18.23136440700182,-0.0055297269250160685,2.3745786220649108,0.3494002633542778,-0.000448049364294804,0.0005437217111764373,0.7086611020530139,0.7055486843978067,0.018002687307139085,0.19945754113623132,-0.03833340330882889,0.00837954190890477
4.88,18.23345975200209,-0.0054930165028111485,2.374979455758639,0.3493229147952146,-0.00037217914779214933,0.0005416809345948298,0.708668203592244,0.7055415971307355,0.018351601052872157,0.2003993219754363,-0.03869681153143381,0.010082637455792135
4.882,18.23538044599991,-0.005455389774477652,2.3753857517180195,0.3492386114468541,-0.00029093503678844466,0.0005370993961297352,0.7086725025340578,0.7055373207939882,0.018809667776885586,0.20312995886403598,-0.042174823904338965,0.006113683310256605
4.884,18.237466527003562,-0.005417014607547116,2.3758016522025076,0.3491693323295662,-0.00021918661162157946,0.0005358604068665242,0.7086901320332002,0.7055196393932767,0.019207537981773524,0.20631021859256707,-0.037822417327390105,0.01825751301099264
4.886,18.239522836003744,-0.005377685671027431,2.3762073164783697,0.3491253400185753,-0.00018491821759340513,0.0005857483229788645,0.7087200109164818,0.7054895951257516,0.019649688357507307,0.20279699374569202,-0.022238399524112717,0.04239184777587053
4.888,18.241424928004562,-0.005337450700864543,2.3766067428689404,0.34910886030110805,-0.00018294970134002218,0.0006737261329387454,0.7087643620213135,0.7054449601145543,0.020111175364293958,0.19969701957937858,-0.008277366196695375,0.06301909711903254
4.89,18.243623294001736,-0.005296202423669687,2.377004862991715,0.3491003071685772,-0.00018045221486822093,0.0007802663334894724,0.7088139393977532,0.7053950367963225,0.020617902141022625,0.1990437594038267,-0.0042980072210766,0.07043883502097678
4.892,18.24542142500286,-0.0052540621513828,2.3774021477844682,0.3490961904099297,-0.00017853359129460798,0.0008966813753251185,0.7088691198926081,0.705339446614853,0.02106260717770353,0.1986273926994191,-0.0020765918364565334,0.07840941155069585
4.894,18.247467298002448,-0.005211574825480875,2.3777978440486214,0.3490894503456198,-0.0001944129611384901,0.000971337330373611,0.7089221756691416,0.7052860182592038,0.021243580133051432,0.19784949451205044,-0.0033679313625399423,0.07530194399244891
4.896,18.249374889004685,-0.005169316613682743,2.3781911687330006,0.34908133813526754,-0.00022841026472119623,0.0010164445249093298,0.7089693913601475,0.7052384822056301,0.021130545924100463,0.19665907864913593,-0.0040625101695148345,0.06700160077062299
4.898,18.2514534869988,-0.005127672902705892,2.3785851511767526,0.349062887272804,-0.00025782391535463764,0.0010267086422901751,0.7090152677941929,0.7051923350625143,0.02082314982077014,0.19698588601693345,-0.009236294250472071,0.06506798315497866
4.9,18.253562632999092,-0.005086681620863677,2.3789768720800284,0.34904280379085695,-0.0002906618846043885,0.0010140361247272308,0.7090513944801256,0.7051560162348443,0.02049733866786884,0.19585780327373767,-0.010047715758696979,0.051241357132304675
4.902,18.255422305999673,-0.005046523162646803,2.3793699473701793,0.3490111574264125,-0.0002965127151645173,0.0009805115328711657,0.7090842469378126,0.7051230257352109,0.020080868092342413,0.19653485614013022,-0.015829101644896485,0.04655109521869418
4.904,18.25840250300098,-0.005007055789383302,2.3797610667729883,0.34897743527714026,-0.00029486764204631296,0.0009318209998727315,0.7091047018906337,0.7051025219918685,0.01973519741012611,0.19555635910736952,-0.016868013925487823,0.02895114751857251
4.906,18.25942100300017,-0.00496852677273313,2.3801533090967992,0.34893172493612457,-0.0002443136601130646,0.0008925285065367408,0.7091199855947634,0.705087221366111,0.01926587528400519,0.1961174343105024,-0.022862928539421384,0.021566468914900883
4.908,18.261436988999776,-0.004930648208205134,2.3805433786432864,0.34888408149956424,-0.0001791059407699764,0.0008562341414665151,0.7091210699045595,0.705086195441075,0.018939703794667716,0.19503015341486468,-0.023831256291800943,0.001421296982016411
4.91,18.263477368003805,-0.00489301555117309,2.380933755397111,0.34882527083673437,-0.00010388923349081373,0.0008130142541949474,0.7091184318568591,0.7050889148296965,0.01881666048646875,0.19518326182413795,-0.029415906762529045,-0.003867498106967213
4.912,18.528480312001193,-0.004855334918982124,2.381321460722295,0.3487648911957948,-3.246803055411006e-05,0.0007688923028454217,0.7091040025650707,0.705103482686513,0.018839816663562763,0.19384657089873852,-0.03020231088611003,-0.020578278164523386
4.914,18.530094968999038,-0.004816998092262272,2.381714038116022,0.3486863945342356,6.555041444259662e-05,0.0006954263408194758,0.7090981176905728,0.7051094748853075,0.019167869688247678,0.1962821907863348,-0.03926175101738432,-0.008493132003455615
4.916,18.532033670999226,-0.004778008512776697,2.3821061163819746,0.34860631623191635,0.00016386149678628093,0.0006110937905134212,0.7090850996312644,0.7051226284801169,0.019493304480599927,0.19603084925084796,-0.04005598116876301,-0.018602331054944198
4.918,18.53408996199869,-0.004738383604106809,2.3824955171551534,0.3485305935840807,0.0002538960760343823,0.0005230335796911413,0.7090603844411587,0.705147525833292,0.019810827814395842,0.19469127910991973,-0.037879859438802274,-0.035175004457993014
4.92,18.536152584005322,-0.004698159354865712,2.38288289627409,0.34845650280120977,0.0003445430117632925,0.00043589063610742056,0.709027548863105,0.7051805628650323,0.02011042199031614,0.19368019994521604,-0.03706447692025799,-0.046673112211208366
4.922,18.538040767001803,-0.0046574821989154224,2.3832715708548995,0.3483737026294887,0.0004625448371844912,0.0003542556338921915,0.7089979792304363,0.7052102707720423,0.02033682047206162,0.19432803070255655,-0.041419039603149826,-0.04201901323807359
4.924,18.540051831005258,-0.004616286563330682,2.383659196308243,0.34828931835394117,0.0005884965114907062,0.0002809916256067239,0.7089647689094001,0.705243597036374,0.020595750148127978,0.19380196430559588,-0.04221384550799554,-0.04715456145629288
4.926,18.705729437002447,-0.004574726029056401,2.3840453590308504,0.34820181526613875,0.0007271749463449728,0.0002293295331132989,0.7089325220026418,0.7052759019501066,0.020778179874677106,0.1930703066521895,-0.043773910511004106,-0.045742906632035535
4.928,18.7073964049996,-0.004532667798093881,2.3844295643464903,0.34810971503204635,0.000872468661532342,0.00020021005607896914,0.7089051506290271,0.7053032582698058,0.021026668084778453,0.19209164450175686,-0.04607240678040737,-0.0387786983077628
4.93,18.709582046001742,-0.0044899308675681576,2.3848097485214894,0.34802080280335834,0.001007848256944694,0.0001933264468793599,0.7088748811406024,0.7053335025040798,0.021366065534002065,0.19007960154527387,-0.044481006554226356,-0.04285429947337347
4.932,18.711375819999375,-0.004446486211590082,2.3851855066166507,0.34793696067997076,0.0011302852489978468,0.00020620700161258094,0.7088400170243145,0.7053683507210246,0.021720066885648037,0.18786637348512183,-0.04194635978450852,-0.049337766228657084
4.934,18.71341958400444,-0.004402387894399042,2.3855575085334477,0.3478564081546729,0.0012446985427446156,0.00023647732887456803,0.7088022947901601,0.7054060544850841,0.02204705708029873,0.1859884266269524,-0.040301243880939384,-0.053357048715579176
4.936,18.71540892700432,-0.004360874568441658,2.385917540460714,0.34777762000268164,0.0012693411041738573,0.00021812595925570032,0.7087662577655627,0.7054422251660493,0.020754541165431177,0.1800035427314862,-0.039418639483390604,-0.05111931858901185
4.938,18.717515326003195,-0.004322193986833819,2.386265502536566,0.3477019058859588,0.0012199238878384795,0.00015238226699070348,0.7087309857340788,0.7054777660747031,0.01934859408310256,0.17396370942776077,-0.03789013657221633,-0.0502639355537973
4.9399999999999995,18.719517290999647,-0.004287419158761968,2.386600852628641,0.3476288265160004,0.001122420607836438,6.109395847836188e-05,0.7086993931877544,0.7055096785550259,0.017395758835007817,0.16765706768850386,-0.03657458993822141,-0.045126570926117576
4.942,18.721394025000336,-0.004256873425237281,2.3869235852450528,0.3475601681699986,0.000994267552093918,-4.0998070398310624e-05,0.7086696617099207,0.7055397368845638,0.015281493778954415,0.16134754708962162,-0.03436560905402349,-0.04251515803244045
4.944,18.723527007001394,-0.00423126792185507,2.3872338484794198,0.34749541111113114,0.0008590649310523165,-0.00013263687927616153,0.7086449089895956,0.7055647648359645,0.012811377084280866,0.1551127991710924,-0.03241515751205505,-0.0354278297407192
4.946,18.725701734001632,-0.0042104311374806845,2.3875320098482304,0.3474345058619658,0.000711239183673458,-0.00022378721914814297,0.7086248791865023,0.7055850229816527,0.010426919576666646,0.14906200624470525,-0.030489009270263948,-0.028715657022223375
4.948,18.72775493199879,-0.004194628120866159,2.3878188470321993,0.34737809549473875,0.0005753964656075276,-0.00028853295636308446,0.7086109610940864,0.7055991011083812,0.007910080582592193,0.1433999883682772,-0.028241516093759234,-0.02000242435268036
4.95,18.729621598002268,-0.00418351182906062,2.388094863808957,0.3473254337420596,0.0004377741219558615,-0.0003451703879184449,0.7086035524105625,0.7056066147098911,0.005566022210363051,0.13799127633759994,-0.02636450897486056,-0.010743343134568538
4.952,18.731517583000823,-0.004176449557654195,2.3883604286589546,0.34727804112450006,0.00027941398684869803,-0.0004072892890230635,0.7086028723696863,0.7056073449962728,0.0035389863040990246,0.13276554243659885,-0.023729404121057732,-0.0011980044725545403
4.954,18.733452170003147,-0.004173460656115002,2.3886161776276302,0.34723437248635575,0.00010418606202276158,-0.00047730898521949834,0.7086097040205221,0.7056004880166575,0.0015017870579915053,0.1278586440872572,-0.02186550463592984,0.009476645980671456
4.9559999999999995,18.735535398998763,-0.004173789741853735,2.3888621535382697,0.34719669326002667,-0.00011391731661232184,-0.0005743254932353541,0.7086227676788593,0.7055872945994891,-0.0001573790452969385,0.1229723141476915,-0.018870341917757258,0.01834192670127465
4.958,18.73764472100447,-0.0041778001673119375,2.3890991326317286,0.34716267076379353,-0.00035434478245704163,-0.0006870331774433507,0.7086434042425306,0.7055663881228651,-0.0019984861830882493,0.11847472342155055,-0.01704047682480937,0.029145352270822277
4.96,18.739626328002487,-0.0041850854660536825,2.3893270538262725,0.3471350297913512,-0.0006281569058918923,-0.0008178825765330243,0.7086692852163726,0.7055400631274656,-0.0036361301505210717,0.1139460571735935,-0.013849136081291829,0.0366705386311276
4.962,18.741612908001116,-0.004196000491348632,2.3895467986547287,0.3471108580392416,-0.0009147410285986581,-0.000957746556220554,0.7087024687887806,0.7055062414345261,-0.005451478540323785,0.1098588399696706,-0.012112757906748109,0.04713718154909127
4.964,18.74378498599981,-0.004210467588778093,2.389758315574306,0.34709323556174776,-0.001210440619174541,-0.001092446532364751,0.708740028241977,0.7054678686954092,-0.007227631766365543,0.10574515656685894,-0.008837529086434428,0.053437901658812854
4.966,18.745667420000245,-0.0042286183925400594,2.3899625623876886,0.3470788549309768,-0.0015045307542126743,-0.0012239290974356393,0.7087847077500615,0.7054221973006195,-0.009070029011162179,0.10211130759605794,-0.007214396790936137,0.06363971889010765
4.968,18.747672176003107,-0.004250215424672043,2.3901593496313005,0.3470710622677055,-0.001800363688705631,-0.0013438130777916255,0.7088341056998149,0.7053716491706651,-0.010793207902503908,0.09838174783945451,-0.0039198887260533345,0.07040654203314825
4.97,18.74976741700084,-0.004275297136270184,2.390349654321958,0.3470664428600566,-0.002091098900985867,-0.001457612349386366,0.7088911279837276,0.705313314306191,-0.012536013587443681,0.09514153206709114,-0.002331317734211421,0.08130708312829035
4.9719999999999995,18.75160964600218,-0.00430352885491016,2.390533190294801,0.34706903532204186,-0.0023922603750836887,-0.0015666644940975929,0.7089511752826742,0.7052517661927374,-0.014111104966568996,0.09175737570180169,0.0012750842489533737,0.0856945367866715
4.974,18.753621945004852,-0.004335057748441048,2.390711039610094,0.34707465629401424,-0.002690258556937109,-0.0016732524325190825,0.7090179260391497,0.7051833401962476,-0.01576007132586657,0.08891489912848284,0.002790929993279851,0.09530307157739179
4.976,18.755751958000474,-0.004369363435482137,2.3908827265136883,0.3470874583159588,-0.003007228668584744,-0.0017854664809909392,0.7090872458515948,0.7051120807756595,-0.017148608767434452,0.08583391930867576,0.0063819224808521905,0.0991083167437267
4.978,18.75769551400299,-0.004406748339744192,2.391049367272948,0.34710304439909784,-0.0033217765110631404,-0.0018984352949213332,0.7091630075605292,0.7050341767970872,-0.018688533138926943,0.08331154417051322,0.007775244424972339,0.10837342954621494
4.98,18.759739893001097,-0.004446828361030313,2.39121041309726,0.3471257706026215,-0.003651620726600063,-0.0020154877757978247,0.7092408105585036,0.7049539531865975,-0.020036233297402166,0.08051431969291785,0.011345786396612502,0.11144352289082167
4.982,18.761871470000187,-0.0044898981504798915,2.39136699726395,0.34715103230810046,-0.003975191165009552,-0.0021324655471909467,0.7093248258652581,0.7048673221657485,-0.021531415329715684,0.07828417047332051,0.012614806086034972,0.12038430266741176
4.984,18.763660712000274,-0.0045360357776297764,2.391519875135623,0.3471761477724753,-0.004282168316899069,-0.002248836566819051,0.7094165484014504,0.7047728475351287,-0.02306537974126144,0.07643121499982167,0.012542166560379112,0.1314149583337148
4.986,18.76593982900522,-0.0045848082967505435,2.3916679928206026,0.3472076490626186,-0.004594064586698693,-0.0023638215298758336,0.7095099945047431,0.7046764325676199,-0.02438288829773374,0.07405127084944611,0.015735361469112696,0.13398999078101081
4.9879999999999995,18.767596654004592,-0.0046363659795923655,2.3918122406234885,0.3472417738617688,-0.00489728489751395,-0.002477733417463252,0.7096087578201906,0.7045745441489003,-0.025775765627499513,0.07211701577843996,0.017048379830889023,0.14164063611395641
4.99,18.769774327003688,-0.00469046502487395,2.391951993520136,0.3472830060439969,-0.005206070002089505,-0.0025886302561243385,0.709707982393965,0.7044719835130547,-0.027046528142536705,0.0698697523735029,0.020602469657064602,0.14241521307116975
4.992,18.77165958400292,-0.004747281644352694,2.392088471450481,0.3473260652819916,-0.0055021681960286915,-0.002697583048834706,0.7098129390771152,0.7043635713958699,-0.028405598214512082,0.06823294322000513,0.021517254690681987,0.15063355757060162
4.994,18.77367590799986,-0.004806246714153301,2.3922208946195456,0.34737588819815224,-0.005808570872532503,-0.0028087540770744724,0.7099178439024608,0.704254944117423,-0.029479929574870504,0.06620577790043086,0.02489953467156043,0.15073542281122207
4.996,18.77556628000457,-0.0048676402704267,2.392350448782619,0.34742721677815147,-0.006103956331817263,-0.0029188713290049465,0.7100277322994837,0.7041412083331844,-0.030694425555993984,0.0647718733251126,0.025653487910815235,0.15790072424159576
4.998,18.77770184200199,-0.004931126131492683,2.392476372717933,0.3474848515469513,-0.006403863600909754,-0.003026742984693921,0.71013894709844,0.7040259264912084,-0.03174067613522573,0.06295698158260521,0.02880703105057324,0.15990692318274924
5.0,18.77972717599914,-0.004996502141312845,2.3925981472467095,0.3475511418459732,-0.006721677527676261,-0.0031388996702511793,0.710248172576594,0.703912281262149,-0.03268617239624278,0.060883078818803546,0.0331362031446731,0.15732272429687863
5.002,18.781739236001158,-0.005064035766982048,2.392717447214219,0.3476187590864777,-0.0070262705890131,-0.003247440045842849,0.7103632247255056,0.7037927071321066,-0.03376519100960594,0.05964635041094099,0.03380076639012321,0.1656562133038362
5.004,18.783656111998425,-0.0051335854230401675,2.3928337703887306,0.34769135767329706,-0.0073232940923740625,-0.0033456693031636967,0.7104810284705118,0.7036702949848278,-0.03477327784225768,0.05815819417815846,0.036291927318852786,0.16956253603874644
5.006,18.785743077001825,-0.0052052492079481235,2.3929482407825873,0.34776417378062763,-0.007599562349546171,-0.0034375760435118074,0.710606022932802,0.7035406952655024,-0.03583064939964096,0.057232556186394494,0.036402078390008,0.17975751925701583
5.008,18.78770497700316,-0.005278973296609568,2.393061534455297,0.34783447767213677,-0.007851618299289726,-0.003527434880923432,0.7107393935470344,0.7034027464785996,-0.03686080635471171,0.05664430771761167,0.03514630196159121,0.1916519869058939
5.01,18.789955248001206,-0.005354496652676744,2.39317213347722,0.3479087531595058,-0.008098132002411152,-0.003610268706371254,0.7108733247710101,0.7032641767834826,-0.037760439714499175,0.055297039940238116,0.03713222180609697,0.19245235419907272
5.012,19.056999813001312,-0.005431843517170223,2.3932809130725543,0.3479831024878622,-0.008329719832829487,-0.0036906263617728775,0.7110118312691464,0.7031210214748661,-0.038672446944558486,0.05438791471073522,0.03717020628009955,0.19896774745230347
5.014,19.058729845004564,-0.005510035271074562,2.393384717660357,0.34807236108524137,-0.008600104893068769,-0.003775695050113502,0.7111370910468746,0.702990625869297,-0.03909500304754865,0.051900549350937776,0.04462510150212294,0.18047813745696256
5.016,19.060650977000478,-0.005589587740911154,2.3934862636687093,0.34816425897438613,-0.008865280483103368,-0.00386242782802098,0.7112635416263199,0.7028589209837303,-0.03977576971216965,0.050772126925448156,0.0459463093968885,0.18228646363922682
5.018,19.062641112002893,-0.005670621874899347,2.3935876027377585,0.34825071469536,-0.0091019837447501,-0.003950735846135585,0.7113983896129119,0.7027189173733264,-0.04051671742404405,0.05066899262452372,0.043225974202000604,0.19421779922327315
5.02,19.064766136005346,-0.005753009141011448,2.3936882742850636,0.3483344480102755,-0.009318988384501509,-0.0040388839560367975,0.7115394403431625,0.7025727497619151,-0.04119332727608545,0.05033539071070055,0.041865126607800056,0.2030392197760502
5.022,19.066670849999355,-0.005836705851728478,2.393788334380678,0.34841489948779925,-0.009519304840749261,-0.004130508638030326,0.7116864757402508,0.7024205876696393,-0.0418481625453253,0.05002994090574454,0.04022473815253579,0.21161098252287783
5.024,19.068755706000957,-0.0059217120910945486,2.3938864070024657,0.3484972137808767,-0.009710126476282012,-0.00421660054879565,0.7118348265445386,0.70226712399338,-0.042502905194519484,0.049036206508232476,0.04115618506045795,0.21344786259733142
5.026,19.234931511004106,-0.006007990277264397,2.393983363657802,0.34857781176708535,-0.009884596807455346,-0.004302568419061479,0.7119882801310541,0.702108589612018,-0.04313901497838379,0.04847854484544748,0.040298606673283326,0.22071091528465234
5.028,19.23659018000035,-0.006095185393357136,2.394077152727114,0.34866552693829544,-0.010053927095800915,-0.0043735877550216675,0.7121331891566939,0.7019587674369612,-0.043597443790441136,0.04689478057769988,0.04385729239192657,0.20838330768528096
5.03,19.238525401000516,-0.006183358175621512,2.394169889233609,0.3487515522091569,-0.010202486786907087,-0.004438676236769184,0.7122797252899518,0.7018075237253437,-0.04408670084891766,0.04636943117245086,0.04301398766848887,0.21057574181079713
5.032,19.24056539400044,-0.0062723733535165645,2.3942630554737274,0.34883060243603026,-0.01032585278702504,-0.004505597213827709,0.7124325848584776,0.7016501182140821,-0.04450798267004678,0.04658452104398823,0.039526966483520456,0.21953472962820178
5.034,19.2425058230001,-0.006362205020299652,2.394356612673975,0.34890477385092383,-0.010426327484147287,-0.004573640815773168,0.7125898205375925,0.7014885039479146,-0.04491621907818024,0.046780026380601546,0.03708764173796865,0.2257186176646188
5.036,19.244445643998915,-0.006452688478538063,2.394450424367563,0.34897391613324635,-0.010510826088516624,-0.004647548219055701,0.7127517356293472,0.7013222413326425,-0.045242112156943674,0.04690728431054833,0.03457309994125841,0.2324477713372104
5.038,19.2465610069994,-0.006543611733254879,2.3945430205682627,0.349041222853013,-0.010586773089871824,-0.004720005239539731,0.712913183400943,0.701156498022528,-0.045461995820536186,0.04629952906308813,0.0336553091211054,0.2317743493899153
5.04,19.248620908001612,-0.006635003646021092,2.3946350612410816,0.34910416857225907,-0.0106505064188551,-0.004793548979264978,0.7130774726013522,0.7009879504454216,-0.04569632240755615,0.04602177510243566,0.031474817120986404,0.2358350045842877
5.042,19.25054426400311,-0.006726632057223591,2.394725765068807,0.3491655739868062,-0.01070643504293498,-0.00486235126784223,0.7132386980634183,0.7008225805249282,-0.045814549564003264,0.045353356223607096,0.03070467566624197,0.23140835940266768
5.044,19.252516813998227,-0.0068185072455156275,2.39481613735252,0.3492217663173169,-0.010751073163947935,-0.004930533738898643,0.7134012451880181,0.7006559552498346,-0.045938028965747085,0.04518735672480892,0.028097728163370694,0.23327814051430992
5.046,19.254593372999807,-0.006910724326004795,2.394906186942652,0.3492751908534227,-0.010768245194425765,-0.00498385096778944,0.7135612814127239,0.7004923295751317,-0.046109003785363735,0.045025870666453256,0.026713550708162285,0.22935449909307284
5.048,19.25658170800307,-0.007003123569249307,2.3949965882643593,0.34932325364350214,-0.010767443998563657,-0.0050340065117719665,0.7137222062955758,0.7003280182662642,-0.04620033705040209,0.04520112080613701,0.02403157561739094,0.23052151629571616
5.05,19.258617412000604,-0.0070955257756065765,2.395086529540838,0.34936772281798323,-0.010761529177389095,-0.005081964997863017,0.7138824467247032,0.7001644202470416,-0.04620188115063886,0.04497094092224081,0.022234409401418114,0.22953519589321092
5.052,19.26059571299993,-0.00718778666103144,2.3951764801036344,0.3494068972561866,-0.010751702060764708,-0.005132404730996865,0.7140445065053543,0.6999989300377528,-0.04613140558266415,0.04497515139398683,0.01958626054559177,0.23220627475718136
5.054,19.262513115005277,-0.0072798456060417125,2.395266103397248,0.34944241323294883,-0.010735788284899433,-0.005181415093192761,0.7142067114754038,0.6998333152051446,-0.04603050201488033,0.044811362561889174,0.017756711091845047,0.23241277738989208
5.056,19.264628857003117,-0.007371663494553508,2.3953557863622166,0.34947288774959556,-0.010713977329289354,-0.005231388955990857,0.714371007138685,0.6996655682674686,-0.0459101411645361,0.04484081229429727,0.015235282841517622,0.23543944132352027
5.058,19.26653653899848,-0.007463100069386818,2.3954442747636726,0.34949960492562054,-0.010693592858503255,-0.005276402537693266,0.7145359033781568,0.6994971404027311,-0.04571954750431191,0.044243384582110745,0.013356316128650162,0.2362854860245137
5.06,19.268517160002375,-0.007554164115549624,2.3955319753531623,0.34952154654991224,-0.010674621714183383,-0.005318490072462406,0.7147027612202499,0.69932662556116,-0.045533451489299416,0.043849084526658255,0.010967836799643943,0.23910995352925282
5.062,19.270538105003652,-0.007645094300746279,2.395619969847631,0.34953922934206955,-0.010639869485842595,-0.0053548186091299625,0.7148699567721798,0.6991559654322701,-0.04546656509943105,0.04399594637715838,0.008838208893337219,0.23947244844877935
5.064,19.27274161400419,-0.00773576852846899,2.395708418273753,0.3495519765926242,-0.010597028876583262,-0.005391674884261491,0.7150386546584477,0.6989838017902622,-0.0453387263938061,0.04422259225982868,0.006369862826863488,0.24164643869707186
5.066,19.2745418600025,-0.007826344307633931,2.395797698854484,0.3495597451487367,-0.010537896186041434,-0.0054249884571224765,0.7152076574729146,0.6988115117371195,-0.045289562239027074,0.04463855414713858,0.00388026680161994,0.2420002801311702
5.068,19.276553105002677,-0.007916623212690287,2.3958876476557225,0.34956259811339024,-0.010473003411643308,-0.005461015783311802,0.7153775346977503,0.6986383015237018,-0.045141266245491425,0.04497233545551047,0.0014218862044344462,0.24332915553899456
5.07,19.278695264998532,-0.008006685573875027,2.395978679429667,0.34956007529685135,-0.010397941686558346,-0.005499678644664412,0.7155475947012004,0.698464942614026,-0.04503307123868786,0.04551366431746186,-0.0012663154097097061,0.2436463671544045
5.072,19.280624263999925,-0.008096367483528745,2.3960703511776758,0.3495529559492325,-0.01032167303983883,-0.0055438874527226545,0.7157178451274941,0.6982912676982481,-0.0448429519784716,0.04583339272564573,-0.0035650357826479593,0.24406970134506095
5.074,19.28265145399928,-0.008185643360766,2.396163128862537,0.34954016568281443,-0.010242298322241663,-0.0055936784484291475,0.715888282882663,0.6981173056999846,-0.04464001212183936,0.0463861821564809,-0.006400824088761335,0.24448077991852374
5.076,19.284582018000947,-0.008274410553823469,2.396256334875794,0.349523145013218,-0.010166444132693584,-0.005648512108121975,0.7160583664056405,0.6979435175034918,-0.04438585143632027,0.046599882132836085,-0.008516821598580637,0.24414082119547353
5.078,19.286603575004847,-0.008362744194877095,2.39635074475269,0.3495001299759858,-0.010087787313479877,-0.005705652550089401,0.7162288702173987,0.6977692222670789,-0.04416915116687777,0.0472016351183816,-0.011514351360955457,0.24483648297449812
5.08,19.28874015600013,-0.008450529256632512,2.396445417481657,0.3494732826800942,-0.010013833372930351,-0.005764471472356723,0.7163986682529113,0.6975954716992353,-0.04389502399348777,0.04733249742972387,-0.01343144001766243,0.24394333653107866
5.082,19.290582106004877,-0.008537954123708957,2.396541528134045,0.3494401031628193,-0.009934197852155503,-0.0058208914562374765,0.7165692824722152,0.6974208860888407,-0.04371492537220122,0.04805118347269977,-0.016598072605128168,0.245118671703246
5.084,19.29253728200274,-0.008624848107181341,2.396637823587741,0.34940352887451537,-0.00985901369886593,-0.005875597290250416,0.7167389600933716,0.697247115655304,-0.043449604088251756,0.04814300955775382,-0.01829644020971639,0.24383735922834002
5.086,19.29464387400367,-0.008711444049744452,2.3967359019286385,0.3493603196028006,-0.009777371265487719,-0.005927457482220208,0.7169098612141453,0.6970721047014065,-0.04330055080531841,0.04903417663715554,-0.02161445436793489,0.2455882058075787
5.088,19.296592673003033,-0.008797534925340647,2.396834151694726,0.34931420597206836,-0.009701069089528093,-0.005977114774212012,0.717079601644563,0.6968981333471708,-0.04304800280531624,0.04911929927536969,-0.023067628635495465,0.24397853471981099
5.09,19.298705399000028,-0.008883360636888032,2.3969345657788543,0.349261252555013,-0.009619712530763075,-0.006026908182327088,0.7172513151841468,0.6967221026888691,-0.04291536893641144,0.050201177221616704,-0.026488046069129786,0.2468603483575674
5.092,19.300612010003533,-0.008968709038539212,2.397035199812442,0.34920590873263674,-0.009544992543809307,-0.006075877703314466,0.7174221084698987,0.6965468362616242,-0.04267663385422919,0.050310781488163425,-0.02768386600049861,0.24562129332922564
5.094,19.302616084001784,-0.00905380268533742,2.3971384628368977,0.3491433752921177,-0.009467402413216272,-0.006129861254672704,0.717594853037899,0.6963694565286884,-0.04254920117219633,0.05162499157722174,-0.03127917694125778,0.24856038252012178
5.096,19.304609851998976,-0.00913844423107013,2.397241933621577,0.34907890754221255,-0.009398923136184989,-0.0061853619272337354,0.717765954062084,0.6961935339624001,-0.042322938756005284,0.05172817333471718,-0.032247476064348024,0.24632483402028613
5.098,19.30668035200506,-0.009222932579434857,2.397348326474324,0.3490070614021157,-0.009328352394911553,-0.006247799368441641,0.7179391462178312,0.6960153225128449,-0.042246296215912776,0.053188933109652,-0.035937176179737636,0.24950027981174044
5.1,19.308763011998963,-0.009307049136727752,2.3974547954827137,0.3489339544883844,-0.00926819348846279,-0.006312497084799389,0.7181102643551481,0.695838990857651,-0.04206014497616337,0.05322633483794452,-0.036568660749462294,0.24665906554482653
5.102,19.310645235003904,-0.009389431746116887,2.3975679388890816,0.34885920608462495,-0.009144417086154006,-0.006364019421089366,0.7182747042314483,0.6956704163281547,-0.04125671127189325,0.05643699311874286,-0.03758429860536853,0.2376429404014032
5.104,19.31261416200141,-0.009467621849955882,2.3976770951170168,0.3488007670538881,-0.008892513584774657,-0.006353187418578953,0.7184328486913891,0.6955104615553562,-0.03910125385271733,0.05455900361582247,-0.029261781303701516,0.2264839036087654
5.106,19.31470078100392,-0.009542455819380739,2.397787699372411,0.3487624126596313,-0.008572903617433068,-0.006323283068705881,0.7185873744907036,0.6953550939177452,-0.03720889651665351,0.05487567179364758,-0.020050034408193147,0.22115229215578955
5.108,19.31658881000476,-0.009614297347304724,2.397888675268956,0.3487607357753,-0.008375383835559592,-0.006328988907296701,0.7187152016064218,0.6952253273758507,-0.035916774796524185,0.05046819105887916,-0.0009167691923523014,0.1833544709739267
5.11,19.318691583001055,-0.009684593194347621,2.3979825418976555,0.3487865419921469,-0.008299645371594708,-0.006372416630518331,0.7188253131413052,0.6951119890926191,-0.035149465634493136,0.046925452690775304,0.0128850940233896,0.15882381346902205
5.112,19.580468730004213,-0.00975384309219694,2.398069803468796,0.34883721284373304,-0.008314148199759328,-0.006430497897904674,0.7189178427290722,0.6950155818701294,-0.03462598737890777,0.0436239818109346,0.02532266635517956,0.133986192014341
5.114,19.582230838001124,-0.009820514223215268,2.398152291636416,0.34888939235162525,-0.008363423345909055,-0.00650174487577268,0.7190186835894072,0.6949100036068434,-0.03333557401370319,0.041245571902225234,0.026091639026613732,0.14625797803327437
5.116,19.58443731800071,-0.009885268805584092,2.3982304204702722,0.34893819078672084,-0.008420408140254404,-0.006571458653532,0.7191268752558365,0.6947966968421,-0.032380426641284564,0.03905934149972321,0.024391408620271074,0.15690565798827258
5.118,19.58624778399826,-0.009948448360187538,2.3983036569822613,0.34898546181105833,-0.008477030819953909,-0.006632760589478095,0.7192439572263978,0.6946742232361525,-0.03159308139466063,0.03661278382487778,0.0236264518739348,0.16960973503664326
5.12,19.58843898500345,-0.010010088622577117,2.3983720831797015,0.34903183471031973,-0.008528769322840817,-0.006680957520788639,0.7193708437322379,0.6945417295515158,-0.03082329246472037,0.03420795860164953,0.02317775320066512,0.18354669880262475
5.122,19.590241156001866,-0.010070424419765737,2.3984412616092783,0.34906561209847814,-0.008517400987742467,-0.006701394105026538,0.7195036775160061,0.6944040633798209,-0.03017102525370502,0.03458408620620454,0.016879973076872053,0.1915829169723816
5.124,19.59223946199927,-0.010129221809000527,2.398507402455666,0.34909583135910216,-0.008471833077683105,-0.00669944266186309,0.7196490811329207,0.6942539488810036,-0.029402618940752655,0.03306376885007712,0.015098450333244025,0.2093175808182291
5.126,19.759022361999087,-0.01018675641457908,2.39857383624272,0.34911532319442495,-0.008374762527666838,-0.006678173585397455,0.7198037323128824,0.6940949879509382,-0.02877130766917629,0.033210244055971574,0.009734505110949244,0.22228590165417383
5.128,19.760665134999726,-0.01024271821278921,2.398645213915149,0.3491158296199375,-0.00823852371891044,-0.0066750324554988305,0.7199621913838369,0.693932283185063,-0.027984819135665966,0.0356825670498812,0.00024232345675761276,0.22803501773668053
5.13,19.762658943000133,-0.010297222544064823,2.3987140335717454,0.34911509702573595,-0.008094089467296237,-0.006677606348261359,0.7201355074912343,0.6937540963046601,-0.0272559772507762,0.03440396446344252,-0.0003766198023988066,0.24959067872612556
5.132,19.76462403700134,-0.010350358479181414,2.398777800221478,0.34911860296570896,-0.007946895011438547,-0.006677557814685459,0.7203258344490239,0.6935581801886747,-0.0265717496974847,0.0318769467708456,0.0017416014892043658,0.2741583379647604
5.134,19.766622568000457,-0.01040210256150666,2.3988403854386013,0.3491179881972421,-0.007805640498875447,-0.006697461676163691,0.7205243420578531,0.6933533648044095,-0.025875718134008276,0.03128596734280895,-0.0003193639459406079,0.2863617695738317
5.136,19.76862039000116,-0.010452664225471926,2.3989012431110956,0.349114732220752,-0.00766904751292174,-0.006729320920871923,0.720731389698392,0.6931393552912811,-0.025283229904039327,0.030422155707196773,-0.0016407485454977486,0.29896185545111975
5.138,19.77058812500036,-0.010502557176938897,2.3989635964985245,0.3491025514449713,-0.007531850121970717,-0.0067786885315966935,0.720940025634574,0.6929233724255166,-0.024948810470394676,0.031169762304989645,-0.0061037401821685345,0.3016235961997871
5.14,19.772653906002233,-0.010551921889904083,2.3990242502227854,0.3490890001033329,-0.007405392109076222,-0.006835129897134393,0.7211550930017667,0.6927003486390151,-0.024683179419653048,0.030319835860698686,-0.006790006845210443,0.31112743864282766
5.142,19.774713812999835,-0.0106010916740736,2.399085205820664,0.34906817284335434,-0.0072754992466869724,-0.006891760685691381,0.7213691577145293,0.6924782372346392,-0.024585625805836498,0.03047029714497149,-0.010428899341296935,0.30980073100557864
5.144,19.776699020003434,-0.0106500807782442,2.399143626923402,0.34904711067818595,-0.007156364553713666,-0.006944949032688384,0.7215868343402501,0.6922521178271137,-0.02449484050536674,0.02920277922231551,-0.010547109156621553,0.3150921649261126
5.146,19.778635276001296,-0.010699076774985966,2.3992014506761543,0.34902124412740115,-0.00703616071041632,-0.006994116539613667,0.7218035417529074,0.6920268939060437,-0.02449827356546193,0.02890368977519254,-0.012950089369418067,0.3137551450047667
5.148,19.78053268000076,-0.010748004579305036,2.3992566805718973,0.34899543165167907,-0.006927484035397431,-0.007039248465808438,0.722022703150283,0.6917988689507479,-0.024463888033192247,0.027606370741865824,-0.012923950008695761,0.3173658423754334
5.15,19.782641313999193,-0.010796936781994667,2.3993110738382692,0.34896551070167925,-0.006823162926110263,-0.007084679054287234,0.7222396039441148,0.6915729941698342,-0.024466103714511814,0.02718783127505217,-0.014978608081355456,0.31422183340012816
5.152,19.784737508001854,-0.01084582913417497,2.3993628606219777,0.3489359195456803,-0.006732681832788199,-0.007127959288526389,0.7224575267606193,0.6913457783328462,-0.024445946438773975,0.025883973332143054,-0.014814936784784797,0.3157854875334613
5.154,19.78666594900278,-0.010894568563197283,2.399413253572184,0.34890407799237627,-0.006652998693791945,-0.007176752583483657,0.7226736197317645,0.6911201568284091,-0.02436951406783046,0.025186864419431344,-0.01594049792122604,0.3133296858128258
5.156,19.788897999002074,-0.010943206987733161,2.3994609918600927,0.3488730339493545,-0.006587530877490072,-0.007225684429817867,0.7228903315502222,0.6908935970702499,-0.024318995413518247,0.023859262951586812,-0.015542248473705167,0.3143353209031006
5.158,19.79065885700402,-0.010991173709389344,2.3995063588497962,0.3488423299648798,-0.0065290810002579585,-0.007260182433789618,0.7231079024002454,0.6906660715125923,-0.02398321606026026,0.022673553879169632,-0.015372350683484977,0.31548184462767537
5.16,19.792662700005167,-0.011039307141503198,2.39954966266587,0.34881118618696905,-0.006482641141677876,-0.007310478394631215,0.72332316952824,0.6904405294397852,-0.024066826185616206,0.02164167091166261,-0.015592627317720103,0.31247525320232145
5.162,19.79467042900069,-0.011086991070350254,2.399590295399391,0.34878025570491467,-0.006448073751617468,-0.007364659876095403,0.7235371816293436,0.690216003095893,-0.023842087556377393,0.02030608011189876,-0.015486066636361052,0.31081278178764243
5.164,19.796761821999098,-0.011134422970745132,2.399628097678734,0.348749914599704,-0.006422236322554971,-0.007422464959855951,0.723749957565451,0.6899925077988489,-0.023716604013183755,0.01889167820722395,-0.01518965837803101,0.30917263847816945
5.166,19.79861876799987,-0.011181503995828894,2.399662761540855,0.34872076647374917,-0.006403404590599228,-0.007476458517877429,0.7239625515330231,0.6897690359500596,-0.02354125236922818,0.017322555112946413,-0.014592903761708463,0.30895393161609164
5.168,19.800831689004553,-0.01122795198211531,2.399694573388733,0.34869169459430427,-0.006388877129260645,-0.00753075016659017,0.7241732030911038,0.689547418221348,-0.023224774779568982,0.01589662082155067,-0.01455460677396781,0.3062415324662833
5.17,19.802774975003558,-0.01127380434475058,2.399723305398814,0.3486632814003383,-0.006377614908361663,-0.00758217000924114,0.72438269811891,0.6893268770271473,-0.022927555972660288,0.014357131448877567,-0.01422423414542563,0.3046234751341433
5.172,19.80498196300323,-0.01131903545346732,2.399748754124964,0.34863594436098133,-0.0063680609600649035,-0.00762943657683694,0.7245908278557673,0.6891076633476243,-0.022616980329507652,0.012715554761418247,-0.013685978618990038,0.30268147205853857
5.174,19.80669203599973,-0.011363679938018411,2.399770901830496,0.3486096114010687,-0.006359971371376971,-0.007672220274338654,0.7247979143585465,0.6888894476922394,-0.022323825871772757,0.011065187134962946,-0.01318361715230621,0.30120011077317116
5.176,19.808864835998975,-0.011407606797903971,2.3997895030999143,0.3485850976988274,-0.00635676067287771,-0.0077141992721944126,0.7250037303458363,0.6886723994091518,-0.021965032422268577,0.00929207634202251,-0.012273775287494812,0.2994359287101987
5.178,19.81066612200084,-0.011450890610536293,2.3998047749174245,0.34856173265609947,-0.006354882332841402,-0.007753332490673777,0.725208197492351,0.6884566591991977,-0.021643616900125208,0.007627517573061427,-0.011699095232001452,0.2975302956114091
5.18,19.812985415002913,-0.011493443104934071,2.399816371679412,0.3485410055640367,-0.006359924093253619,-0.007793855701197361,0.7254118433747749,0.6882415743548538,-0.021277982644593234,0.0057901276961841745,-0.010379848585877774,0.29644441076137906
5.182,19.814641285003745,-0.011535359293121054,2.399824706581207,0.34852161884938043,-0.0063659389895662655,-0.00783245260249007,0.7256141938046148,0.6880277387259106,-0.02095979694184265,0.004159289141360967,-0.009709501842782688,0.2946262322791
5.184,19.816825423004047,-0.011576579955242604,2.3998293310894674,0.348505607337474,-0.006380518025313795,-0.007873621779822978,0.7258162740233014,0.6878139511762817,-0.02061205875136763,0.0023042664220521126,-0.008021575859588341,0.2943541606829793
5.186,19.818627818000095,-0.011617217659888494,2.3998308251637512,0.34849111645521524,-0.006395960265914026,-0.00791361773053071,0.7260172317842646,0.687601225638091,-0.020320435763646474,0.0007391414223182658,-0.007261135043839535,0.2927957657815738
5.188,19.820591850999335,-0.011657222738261596,2.399828385753794,0.348481527834296,-0.00642387383794951,-0.007957899612389963,0.7262190875619124,0.6873872580572153,-0.020004154403305344,-0.001227391789848343,-0.004809608966601193,0.2942429941055587
5.19,19.82266881200485,-0.011696732515202504,2.3998229348629874,0.34847392265617533,-0.006453408172534662,-0.008002520390196024,0.7264200771417204,0.687174057074174,-0.01975625460289828,-0.002732977400889263,-0.0038176798143505345,0.2930779607708459
5.192,19.82464240799891,-0.011735785658795416,2.399813858829851,0.3484709507993217,-0.0064876146504412365,-0.008046280657612051,0.7266214087061279,0.6869603311936203,-0.019527964068927997,-0.004545287130762823,-0.0015005423444791818,0.2936503461141899
5.194,19.826558332002605,-0.011774460102694256,2.399802087510663,0.34846970873406646,-0.006517504531914647,-0.008087565046553688,0.7268212723374352,0.6867480990174535,-0.019338648681472177,-0.005892579764861772,-0.0006349824025468602,0.29157406844374045
5.196,19.828536854001868,-0.01181277009479825,2.3997867699009907,0.34847383162701184,-0.006548761860200341,-0.008120623098552902,0.7270221785813235,0.6865347194785241,-0.019156437680552273,-0.007665488785497971,0.0020479285789820603,0.2930584877983729
5.198,19.83048670500284,-0.011850792506433467,2.3997689291115907,0.3484799126092863,-0.0065744518079175664,-0.008149180470412111,0.7272218389774322,0.6863226386732173,-0.019012445835330974,-0.008926946338973145,0.0030271573486551685,0.2912729579494546
5.2,19.832592607999686,-0.011888559491467318,2.399747612639605,0.34849161158359054,-0.006606506067519769,-0.008181307137489142,0.7274221129640319,0.6861096777207308,-0.018884735440857288,-0.01066451677277668,0.005836644071644732,0.29230460809278686
5.202,19.834659812004247,-0.011926074974201978,2.399723893631914,0.348505330471994,-0.006634847756959788,-0.008214627609341921,0.7276208430488544,0.685898248612253,-0.0187589697267872,-0.011865521571636619,0.00684710786245324,0.2901681541054282
5.204,19.836576337002043,-0.01196326285005499,2.3996969624481044,0.3485241324854239,-0.006668812178898094,-0.008248675078363571,0.7278200724023056,0.6856861005678011,-0.01859517030405452,-0.013471357632117584,0.009389129811386739,0.29099133552156975
5.206,19.83861424100178,-0.012000202232508774,2.3996678521721173,0.34854456147250035,-0.006697425178254408,-0.008281469291511108,0.7280175096324495,0.6854757963859277,-0.018470796023227376,-0.014560385131645584,0.010203538423906587,0.28845345068166345
5.208,19.84058347300015,-0.01203685638955837,2.399635471302831,0.348570649760376,-0.006735246172750161,-0.008316378364773697,0.7282164410388102,0.6852636640816844,-0.018328194459522378,-0.016195447368930492,0.013033650014450246,0.29074555576369965
5.21,19.84268492100091,-0.012073332094174348,2.3996009793854096,0.3485983950630346,-0.006769984750761294,-0.00835191716186436,0.7284140778287977,0.6850528038093254,-0.018238742897479246,-0.017250748462215203,0.013862518955895633,0.28895970297889756
5.212,20.091262396003003,-0.012109657445144192,2.3995633572213477,0.3486316855349861,-0.006810468208383889,-0.008384955192277888,0.7286134859558788,0.684839906936233,-0.018163583403705115,-0.018815603322837045,0.01663558534327973,0.2915906957672955
5.212,20.092956060005235,-0.012145853852913457,2.3995209347568687,0.34867620463531546,-0.006866741332169566,-0.008409402047937841,0.7288174146366856,0.6846220168406585,-0.018099005887864034,-0.021215426844605343,0.02225041704710818,0.29813177284985587
5.216,20.09500867099996,-0.012181959570343985,2.399476159746946,0.34872365620707063,-0.006919808629458203,-0.008431630233401407,0.7290190484419419,0.684406495343918,-0.018053617932265426,-0.022391077971789,0.023717822277813688,0.29484335012792373
5.218,20.097057769002276,-0.012218054646254846,2.3994304612856747,0.3487691888148864,-0.006962175308136369,-0.008455745313915174,0.7292159994451278,0.684195918315367,-0.018048343235367446,-0.022852337600563145,0.02275930453700186,0.2881355178580716
5.22,20.09902033900289,-0.012254148391873818,2.399383055980637,0.3488154851424857,-0.007000702640342725,-0.008478672056908023,0.7294117127024174,0.6839865902597936,-0.01804766991652954,-0.023705537733343666,0.023141624386739983,0.28640117172016183
5.222,20.101130153998383,-0.012290265875250287,2.3993341676808844,0.3488615762306112,-0.0070314202889693155,-0.008499452751059976,0.7296061522881383,0.6837786052334119,-0.01805942845758366,-0.02444693278101875,0.02303917942426617,0.28460049466674314
5.224,20.103148873000464,-0.012326322763751412,2.3992822153372804,0.34891250130036394,-0.007064431709900566,-0.008513453281367747,0.7298026802261804,0.6835683307852445,-0.018029094499261586,-0.025978917890415697,0.02545620262682091,0.2876312663514214
5.226,20.269294976998935,-0.012362344180468766,2.399228368619718,0.3489644710352641,-0.007090292887715738,-0.008524716430880189,0.7299980115572273,0.6833593198889101,-0.018011511001111497,-0.026925318153905826,0.025980051137904473,0.28593052660569873
5.228,20.27100708799844,-0.012398288657638881,2.3991698561012167,0.3490287143119911,-0.00713943935293771,-0.008530284064908616,0.7302010236886299,0.6831418064088707,-0.017973087038629203,-0.029258017491975652,0.03211719854633342,0.29714670942400867
5.23,20.27315789899876,-0.01243419003218058,2.3991093335737705,0.3490958568082715,-0.007188670569824791,-0.008537287131205712,0.7304029442041656,0.682925308391602,-0.017951033120835583,-0.030262506526629516,0.0335676203550229,0.2956638136284566
5.232,20.275022713998624,-0.012470181534581598,2.3990485575674194,0.34915968817484727,-0.007228146332186714,-0.008551206155719322,0.7305999934625514,0.6827139081096875,-0.017996147865454556,-0.03038875445904317,0.03191308039180122,0.28874494898390585
5.234,20.277104047003377,-0.01250632506937971,2.398986967896325,0.34922286096794203,-0.007263557983522233,-0.008567056915205616,0.7307950027681801,0.6825045862045818,-0.018072159345218764,-0.03079538282799591,0.03158424576109927,0.2858816687134249
5.236,20.279013534003752,-0.012542663329884959,2.3989247452118962,0.34928438393351446,-0.007291298280774782,-0.008584376402637131,0.7309877176372755,0.6822976638642444,-0.018169302460423028,-0.031111879818815035,0.030759314382398498,0.2826370868855422
5.2379999999999995,20.281070445002115,-0.01257924115124821,2.398859930215563,0.34934905773941344,-0.007317002076551121,-0.008589906231098657,0.731181872521005,0.6820892495034866,-0.018289024737414374,-0.032408083025742156,0.03233459747309478,0.28464154311500495
5.24,20.283152602998598,-0.01261597665450181,2.3987935724714697,0.3494134824228868,-0.007335238153502051,-0.008591554725624544,0.731374454412949,0.6818825315996804,-0.01836813920898567,-0.03317904773029907,0.032210902381322994,0.28236406277621384
5.24,20.28499088800163,-0.012652939465642702,2.398724485503499,0.34948200106228494,-0.007357950173730059,-0.008584431805466577,0.7315703507280787,0.681672201307501,-0.018481804927365394,-0.034543563047137946,0.03425806110387467,0.28716305653970975
5.242,20.28701498600276,-0.012690067125719767,2.3986541454674137,0.3495495449654571,-0.007376727568366726,-0.008577548151187941,0.7317650976715776,0.6814630227589775,-0.018563890582236637,-0.035170035192029096,0.03377070371765078,0.28557009749806633
5.246,20.28905178000423,-0.012727423038278889,2.3985816638841735,0.3496199193473013,-0.00740190750972623,-0.008568333912096876,0.7319620657545785,0.6812512970376488,-0.018678032419723697,-0.03624061414981456,0.035186293448754374,0.2888747598948236
5.248,20.291100244001427,-0.01276501180390244,2.398508337450034,0.34968866134953774,-0.007424121711120592,-0.00856273219584311,0.7321573370228462,0.6810412585723238,-0.01879422159090384,-0.0366627405137967,0.03437061482516091,0.2865332009062654
5.25,20.293200473999605,-0.012802922864838332,2.398433188897743,0.34975943671647997,-0.007450497054664737,-0.008554226530087961,0.7323538991774763,0.6808297009250236,-0.018955413006627425,-0.03757374558754747,0.03538743165374182,0.28846741718483127
5.252,20.295144282004912,-0.01284114753095062,2.398357369773848,0.3498282443872549,-0.007473361419658875,-0.008549119001789925,0.7325483268473357,0.6806203128518524,-0.019112219120471098,-0.037909022746394884,0.03440363504369075,0.2854806404889173
5.254,20.29704262800078,-0.012879855328125854,2.39827975429613,0.3498986534222275,-0.0074976567980105414,-0.008536855174205066,0.7327445276381707,0.6804089685347982,-0.01935380882014794,-0.03880716227220205,0.03520436946318724,0.2880547859564302
5.256,20.299048558001232,-0.012918977737913548,2.398201464884367,0.3499667462003286,-0.007518470286062113,-0.008526507938884051,0.732939235870727,0.6801991236308386,-0.019561002676510855,-0.0391443494677479,0.034045809426648345,0.28598478895538054
5.258,20.301148536003893,-0.012958624776370381,2.3981214263847725,0.35003589809791874,-0.007538735349787191,-0.008507841358010462,0.7331350041388786,0.6799881247573661,-0.01982333050419462,-0.0400188748469151,0.034575365082775866,0.28749371744985414
5.26,20.303174174005107,-0.012998707204827549,2.3980407356421622,0.35010250473546833,-0.007554730748099067,-0.008491200415512786,0.7333286922131799,0.6797792691276593,-0.020041097123791495,-0.04034485274411074,0.03330305374959291,0.28455941180058575
5.26,20.305077112003346,-0.013039322180797085,2.39795841589104,0.35016965183702586,-0.007571916174123997,-0.008469155991160174,0.7335234128129992,0.6795692329243723,-0.02030737586036039,-0.04115935827251707,0.033573283204446504,0.2860761618971922
5.264,20.307168782004737,-0.013080397796935275,2.3978755336421096,0.3502337935248892,-0.007586360776241198,-0.008451110038937481,0.7337161502263161,0.6793611975719225,-0.020537647905282848,-0.041440701363887195,0.03207041025547664,0.28331431990762995
5.266,20.30911490500148,-0.013122033332646419,2.397791208057662,0.350297757479607,-0.007603022752569338,-0.0084302864794156,0.7339097942597163,0.6791520729590391,-0.02081760980718512,-0.04216238026117538,0.031981506969734515,0.28468966347658287
5.268,20.311083393004083,-0.013164182346061135,2.397706427724917,0.35035833037849307,-0.007617885323429878,-0.008414842998043924,0.7341015846442407,0.6789447854305473,-0.021074273704154337,-0.04238989920411537,0.030285703762339564,0.28213864899751007
5.27,20.31318841400207,-0.013206986837345187,2.397620324605809,0.3504180596743702,-0.007634137365552174,-0.008396496534438037,0.7342948376745003,0.6787358176471978,-0.021402004393031755,-0.043051311002120146,0.02986382627174515,0.2843313664579375
5.272,20.31562315300107,-0.013250392438571993,2.3975337955937097,0.35047406719422597,-0.007648937917437369,-0.00838325308035235,0.7344870883516365,0.6785277679367745,-0.021702405921587186,-0.04326455937500112,0.028002330278123495,0.2830282111123009
5.274,20.31705469699955,-0.013294506560986097,2.397446065048828,0.35052861012266767,-0.007664123203404293,-0.008367388136123869,0.7346807650433079,0.6783180828392253,-0.022056652319408197,-0.04386535992797666,0.027269918288750302,0.2851736754893632
5.276,20.31901496500359,-0.013339272034832733,2.3973579276844843,0.3505793118486383,-0.007677775995185806,-0.00835676238403259,0.7348737119310207,0.6781090205792487,-0.022382236602786505,-0.04406894901755784,0.02534895598377336,0.2842741096618676
5.2780000000000005,20.320998102004523,-0.013384785605302357,2.39726876340228,0.35062803588288566,-0.007691136469094324,-0.008345012438969642,0.7350673590285398,0.6778990963838314,-0.022756257775268598,-0.04458246819473498,0.024359961188677535,0.2853761653205501
5.28,20.323144729001797,-0.013430993638823403,2.3971792728651127,0.3506728179908324,-0.0077030318218340565,-0.008339458584592433,0.7352598445913636,0.6776902520051115,-0.023103443469276477,-0.04474568369950065,0.02238882819752488,0.2838549280732848
5.282,20.325069919999805,-0.013478020848026379,2.3970890051677403,0.3507150575658737,-0.007714493689540342,-0.008334938778254405,0.7354525708567804,0.677481019219601,-0.023512989489718222,-0.04513435096072642,0.021117372257351767,0.2843152453047007
5.284,20.32702556300501,-0.01352581810200117,2.39699853288787,0.35075317564428504,-0.007725093027190172,-0.00833766284857341,0.735644047841097,0.6772729443820344,-0.02389788737492116,-0.04523688314273958,0.019056137700138948,0.2826804428869936
5.286,20.329034597001737,-0.013574524288534201,2.396907528629148,0.35078811968238854,-0.007734601579068073,-0.008342711708499559,0.7358358838323802,0.6770643449217968,-0.024352301737233715,-0.045502974649681824,0.01746888048839075,0.2833365885673874
5.288,20.33102822500223,-0.013624087565063451,2.3968163895655135,0.35081885390663714,-0.007743570697021977,-0.008355178715545811,0.7360270251173806,0.6768562967117544,-0.024780672104572493,-0.04557071673637027,0.015363276228741994,0.2825226304497964
5.29,20.33311625100032,-0.013674632973226067,2.39672494277992,0.3508458112119023,-0.007751973395537221,-0.008371855527387267,0.736217841258356,0.6766484383757858,-0.02527167821261819,-0.045724697390611094,0.013474542870610512,0.28220015112171953
5.292,20.33504080399871,-0.013726116081431143,2.396633408082774,0.3508686518737922,-0.007760885356051672,-0.008396547519034193,0.7364076952826305,0.6764414039492077,-0.02574038272483111,-0.04576893387066021,0.01141564569321405,0.2810005443722393
5.294,20.337065106999944,-0.013778696889540294,2.396541835657436,0.3508872164964916,-0.007767930280104503,-0.008425984199269243,0.7365974512530885,0.6762343209693596,-0.02628915934408729,-0.045787937709359315,0.009277313572872346,0.2810224896568036
5.296,20.33904680499836,-0.013832311881170687,2.396450251052092,0.3509016628530753,-0.007775459718830688,-0.00846313670487141,0.7367868741519968,0.6760273808216685,-0.026806067212937493,-0.045794384282209145,0.007217441721883656,0.2807480545363335
5.298,20.34105788400484,-0.013887107166824854,2.3963588966546645,0.3509112107441917,-0.007782071168930968,-0.008507248162324857,0.7369754831423148,0.6758211326558071,-0.02739613956127216,-0.04567942534039337,0.00476788839559855,0.27974988919984656
5.3,20.343051693002053,-0.013943022438307246,2.396267556578924,0.3509168562263897,-0.007790727562676528,-0.008559637251297105,0.7371635347456277,0.6756152456949905,-0.02795595358154993,-0.045672609888655256,0.0028159701829044517,0.2791541620039957
5.302,20.345068009999522,-0.014000216580574907,2.3961767608986317,0.3509171820566951,-0.007797176545223258,-0.008619697154152882,0.7373509008762327,0.6754099154113017,-0.028595299013991327,-0.04540057855162691,0.00015577828591286584,0.2783593628914326
5.304,20.347048004005046,-0.014058612145719837,2.396086048383911,0.3509137566741598,-0.0078053840405076375,-0.008687617686702898,0.7375382470159125,0.6752043657053801,-0.029195854870563732,-0.04535929405415096,-0.0017204527813699765,0.27855390589371204
5.306,20.34900603799906,-0.01411838470584311,2.3959962104303547,0.35090437462172713,-0.007812098332992195,-0.008765286134432887,0.7377241687669527,0.6750001419968189,-0.029884264863646884,-0.04492217481431498,-0.004699130812303977,0.2767032731929582
5.308,20.35107429200434,-0.014179446638943955,2.395906465360689,0.3508915644471609,-0.007822280679920095,-0.00885113997156011,0.7379099036719428,0.6747958530615261,-0.03052875516187039,-0.04487611102672699,-0.006413975963469924,0.2766589862593209
5.31,20.353120004998345,-0.014241989483078137,2.395817921923009,0.35087240046999624,-0.007830037525783469,-0.00894720205896343,0.7380939572889579,0.6745931724389056,-0.031269107355915704,-0.044275481874499305,-0.009591277104252506,0.2744390285921637
5.312,20.612207564001437,-0.014305903058253036,2.3957294759030265,0.3508501556601392,-0.007841375318900702,-0.009050608438417932,0.7382780442978988,0.6743901901923488,-0.031954307137358494,-0.044227093314227146,-0.011132360831979963,0.2747097935423666
5.314,20.614026030998502,-0.014371714667351827,2.3956450085824317,0.3508148795946019,-0.007838887722288143,-0.009170952611315878,0.7384572848760632,0.6741923196543783,-0.032903208818574205,-0.04223792357689183,-0.01764835083071784,0.26792552070871306
5.316,20.61601433499891,-0.014439094997958346,2.395561223474549,0.3507758486106749,-0.007839495892649295,-0.0092992322050854,0.7386371754129273,0.6739934641245104,-0.03368729476468257,-0.04189734385079997,-0.019526906171092907,0.26912516876170717
5.318,20.618026588999783,-0.014507859762497905,2.395476275761456,0.35073777882710844,-0.007847983420067631,-0.009429688296536889,0.7388195315734615,0.6737916516998705,-0.03437932937049758,-0.042479011063540385,-0.01904711345702864,0.27291501919886246
5.32,20.62032773499959,-0.014578194523267174,2.3953918117774218,0.3506962949378112,-0.007856395391472938,-0.009566396514006393,0.7390017732957255,0.6735897417382205,-0.035164271232681475,-0.042237332333827475,-0.020754560278782294,0.2729601550846657
5.322,20.622212957001466,-0.01465006255858406,2.395307414270383,0.3506525633182776,-0.007868189418443677,-0.009708795728731895,0.7391842936012968,0.6733872667150199,-0.03593098003248556,-0.04220430962668945,-0.021878814698099398,0.273579176310668
5.324,20.624154051001824,-0.01472384603841611,2.3952259318965328,0.350600330934889,-0.007874676027836206,-0.009866351950327647,0.7393634535659553,0.6731881817944166,-0.03688868655073758,-0.040746854178769984,-0.026129390956442806,0.26898174846328365
5.326,20.78932044400426,-0.01479930130607333,2.395144845504608,0.3505460784234258,-0.00788717657763929,-0.010031454682513461,0.7395429672521658,0.6729883817351141,-0.0377242668363063,-0.04054920174309129,-0.02714019176680789,0.26974796815633384
5.328,20.79117458499968,-0.014877031389612244,2.3950705289807805,0.3504740575043106,-0.00788059865404221,-0.010220396912771773,0.7397141154009695,0.6727974934022571,-0.03886156093330376,-0.03716460222032669,-0.03602503093989596,0.2579077107483699
5.33,20.792979625002772,-0.014956483957568378,2.3949967351293795,0.35040005334904695,-0.007880766421855678,-0.010416256645601975,0.7398862519445616,0.67260518084648,-0.039722894540100244,-0.036904211337526555,-0.03701842483179712,0.2596164543262706
5.332,20.794822570998804,-0.015037382705913819,2.394920414703309,0.3503311191949536,-0.007893865595977725,-0.010609404224240643,0.7400623287592354,0.6724082665906306,-0.04044586594073037,-0.03816822229163209,-0.034484938802104015,0.26551768234088513
5.334,20.79688933199941,-0.015119833001845617,2.394842277205507,0.3502650790826331,-0.007915777357305774,-0.010800869750399789,0.7402404903863502,0.6722088202887854,-0.04122164516515918,-0.03907695448072954,-0.03303836865766669,0.26868754794088273
5.336,20.798851928004296,-0.015205042250912681,2.3947675698049267,0.35019751975232283,-0.007947191917457309,-0.01104042503177694,0.740419934750004,0.6720068983132129,-0.04260133565310148,-0.03736153321855566,-0.03379720402930326,0.27166158698885773
5.338,20.800802948004275,-0.01529238603572539,2.394694336523975,0.35014394858982084,-0.007995898628569992,-0.011293160291070742,0.7405996742379766,0.6718040284594642,-0.04384914967511815,-0.03727416760526112,-0.027830162028985906,0.27226116246301185
5.34,20.802958530999604,-0.01538097023242609,2.394617603845513,0.35009467440710557,-0.008031631554458768,-0.011481295290461744,0.7407865958211903,0.6715942913729085,-0.044289948709854934,-0.03837946258541737,-0.02470615627841647,0.28209064460141303
5.342,20.80494515800092,-0.015470381484437693,2.3945380559866143,0.350051734325861,-0.008067654174139278,-0.011616784733306086,0.7409808071921933,0.6713772461451105,-0.04470256303548254,-0.039782934302878645,-0.02149190343558148,0.2919135577003787
5.344,20.80688170099893,-0.01555802537645731,2.394461857954985,0.35000287743925834,-0.008030972857264012,-0.011622975089261517,0.7411715153092279,0.6711670394315137,-0.04382207785979867,-0.03809766626835164,-0.02442756094004548,0.28427273115414237
5.346,20.8088619859991,-0.01564540461764731,2.394394115119413,0.34995528651060787,-0.007960141785067518,-0.011579358358427931,0.7413677466704084,0.6709518751740767,-0.04305621576652352,-0.03508382322836914,-0.026149612273651552,0.28306717929258945
5.348,20.810840370999358,-0.015730225673357565,2.394330725990741,0.34989759558978334,-0.007850558609324005,-0.011472964351054382,0.7415587787987011,0.6707438537959926,-0.04241058905694901,-0.03174363223998875,-0.029075988436707566,0.28246475173865004
5.35,20.81287209400034,-0.015812621687082307,2.3942705778506843,0.349840704611607,-0.007742880580398982,-0.011345564382491081,0.7417431529744631,0.6705433774072057,-0.041203047129164394,-0.0300896218321688,-0.028486443310272877,0.2725461049434564
5.352,20.81495246999839,-0.0158925641778276,2.394217465012593,0.3497761842619978,-0.007655944319873033,-0.01125638248866431,0.7419236986883452,0.6703461088829006,-0.03997613414395938,-0.02657010888737393,-0.03228489308762606,0.2676819376003804
5.354,20.816925365004863,-0.015969906389663585,2.394167563367906,0.3497117888657363,-0.007592691257489122,-0.011184420110678219,0.7420952471582797,0.6701581186043694,-0.03867510077155751,-0.0249620167476281,-0.032217329709253784,0.254633312709974
5.356,20.818828619005217,-0.016044821581393757,2.3941248050660344,0.3496400152343655,-0.0075425891300827915,-0.011164856509765671,0.7422595970578748,0.66997697415942,-0.03746157924072078,-0.021390404700213465,-0.035906155226754284,0.24497951706660046
5.358,20.820924851999735,-0.016117502370127275,2.394085600381457,0.34956810930396387,-0.0075109479753706,-0.011175404657387323,0.7424122199537895,0.6698080259705321,-0.03634369894007029,-0.01961243683366194,-0.03597049468613951,0.22808884292552753
5.36,20.822926417000417,-0.016188333590211088,2.394052782422359,0.34948897681561114,-0.007492528087085222,-0.011226689071052112,0.7425567644587993,0.6696471272482586,-0.03541897289155112,-0.016419372816727992,-0.0395840742861904,0.2168597293000465
5.362,20.824934848998964,-0.01625728725770226,2.394022820492108,0.3494098539765701,-0.007490584401480666,-0.011299404203736745,0.7426895558364195,0.66949864694521,-0.03447960484818695,-0.014992092583796721,-0.039580675013091024,0.19973694589617264
5.364,20.82688596600201,-0.016325253774166437,2.3939980406046875,0.3493246075825763,-0.007488830243683529,-0.011379400145248538,0.7428185543413234,0.6693541827763401,-0.03398607178877697,-0.012401448502015902,-0.042643169612595185,0.19426640879247728
5.366,20.82893899800547,-0.016391739060379475,2.393975356119764,0.34923990416959916,-0.007487926398607291,-0.01145625961189346,0.7429409881654477,0.6692169851234365,-0.033245469215074736,-0.011354432812992575,-0.04237285758171371,0.1844397900793954
5.368,20.83089998500509,-0.016457551409975388,2.3939576432220777,0.3491510976762281,-0.007441212436267127,-0.011510817322240303,0.7430626193552032,0.6690815145847601,-0.03290894131070025,-0.008868951418289452,-0.04442507249306372,0.18297591205617172
5.37,20.83303087999957,-0.016522233368477107,2.393942546555924,0.3490631883505671,-0.007375764379763195,-0.011551658280577505,0.74318006633784,0.668951079144706,-0.032343729786293046,-0.007561035139803026,-0.04397689311127766,0.1765477563820164
5.372,20.83498777099885,-0.016586296102764724,2.3939317962104476,0.3489702972505843,-0.0072647980375336665,-0.011554144996881904,0.74329725962852,0.6688220303425997,-0.032034084013217626,-0.005388106546797574,-0.04646830863496549,0.17558905625266782
5.374,20.83689840900479,-0.016649201901105682,2.393922797160521,0.34887831729491314,-0.007144824071992034,-0.011534545781377283,0.7434101107954167,0.6686982226010053,-0.03145590820617972,-0.004513022749200878,-0.046013631237380996,0.16873358724754567
5.376,20.838848664003308,-0.016710597483964727,2.393916181456424,0.3487852704056609,-0.007049008588875744,-0.011525623032345724,0.7435220071278354,0.6685749744106679,-0.03070063207521487,-0.003321654590487072,-0.04654769053326293,0.16747485802810358
5.378,20.840849245003483,-0.01677032143165471,2.393910402022433,0.34869446406812404,-0.006971459180937116,-0.011516283969148434,0.7436317745058652,0.6684538562277045,-0.02986433445189025,-0.0029041135428421283,-0.04542863400451788,0.16424896857587004
5.38,20.842906548001338,-0.0168280492197394,2.3939062725391924,0.348603056522473,-0.0069212515885727875,-0.01152684478936551,0.7437419949367957,0.6683315592526549,-0.02886616010061487,-0.0020791632274314896,-0.04572938248466264,0.1652513830061969
5.382,20.84490423399984,-0.016884036219493987,2.3939024730592027,0.3485138534848272,-0.006889556081948856,-0.01153997896631873,0.7438511474123868,0.6682101715745772,-0.027995147231031112,-0.001914706933328641,-0.04462831505113498,0.163659389803421
5.384,20.846861213998636,-0.01693865023906614,2.393899402531782,0.34842540124554655,-0.006871375421258437,-0.011556853733354779,0.7439609734814969,0.6680877885937367,-0.02730861296250287,-0.0015501903916441647,-0.04425292959609058,0.16471921288548355
5.386,20.8487730199995,-0.016992034689335033,2.393896211876079,0.34833961560917603,-0.006864467944984482,-0.011570162319259766,0.7440704307616058,0.6679657210441091,-0.026693308744812638,-0.0016102848578470562,-0.04291991814704534,0.16407912475892417
5.388,20.85073581200413,-0.017044556191776496,2.393892923589753,0.34825568602254275,-0.006857065652319724,-0.011570413878316385,0.744180264148739,0.6678434252314216,-0.026261754381441457,-0.0016590194734715587,-0.041991816329376964,0.16441569312987298
5.39,20.852820303000044,-0.017096184987327956,2.3938893644648354,0.34817404714220657,-0.006851809653427663,-0.01155982134695927,0.7442904451695577,0.6677208671774466,-0.025815394639110777,-0.001793182098377565,-0.040844346941644294,0.1647471257632005
5.392,20.854709947998344,-0.01714701125971255,2.393885652293408,0.3480941796894056,-0.006848877568476972,-0.01154103247535388,0.7444012766397735,0.6675976608575934,-0.025414054568676014,-0.0018695192795424884,-0.039958242290352254,0.16558075659830462
5.394,20.856740178001928,-0.017197007710723602,2.3938817438581337,0.34801619667903627,-0.006850593769279795,-0.011516942526076329,0.7445129278625549,0.6674735422811793,-0.02499897957791417,-0.001967085929648809,-0.03901512155831278,0.16671735713448074
5.396,20.85877366799832,-0.017245978703880085,2.3938774164761076,0.3479404817551041,-0.006865916456932417,-0.011495428033905308,0.7446252284405124,0.6673484723107098,-0.024486182848500956,-0.002176386009520133,-0.03788077188274729,0.16771990211268928
5.398,20.860760223004036,-0.01729407272635475,2.3938727969003635,0.34786672998743884,-0.006890270080198815,-0.011473561820713562,0.7447387452229753,0.6672219142991908,-0.024047646223365977,-0.0023220399514286187,-0.03689846311826475,0.16953407495011222
5.4,20.86284730600164,-0.017341041309807962,2.3938674881983566,0.3477958782122292,-0.006936667362300309,-0.01146414333830688,0.7448525571630534,0.6670945391405058,-0.023484902234470043,-0.0026664233974654046,-0.03544813928754638,0.17017260363665457
5.402,20.864816364002763,-0.017387195657664292,2.3938618401114744,0.3477269822115014,-0.006994192743361904,-0.01145940901716481,0.7449677547577627,0.6669653721026482,-0.02307752144699198,-0.0028358124774788868,-0.03446984158625092,0.17233526014320857
5.404,20.86682160000055,-0.017432494718853636,2.393855303945361,0.34766155344768646,-0.0070690465202944966,-0.01146420118643903,0.745082738517135,0.6668360468932805,-0.022649888119928404,-0.003279643932403985,-0.03273585814225392,0.1721789620104302
5.406,20.86877594300313,-0.017477242685378584,2.393848436737649,0.34759808222824906,-0.007150210286842361,-0.011472640097132435,0.7451990732261264,0.666705027943376,-0.02237404977522838,-0.0034449315035837117,-0.03175679861132348,0.1742935416691876
5.408,20.87077485700138,-0.01752139529373966,2.3938405601332433,0.34753842550787817,-0.007241360793721899,-0.011483190965472375,0.7453154173975156,0.6665737975713363,-0.022076381798542963,-0.003949398931886544,-0.029849156084711927,0.17435847205710564
5.41,20.872838806004438,-0.017565181183026295,2.393832378576465,0.34748077321137616,-0.007334037799052185,-0.011493635921386363,0.7454336137731156,0.6664404217032626,-0.02189298208978423,-0.004101668486719525,-0.02884660139055425,0.17717407623900677
5.412,21.13315750100446,-0.017608626310030434,2.39382319533427,0.34742748260451606,-0.007430194323920919,-0.01149930489495926,0.7455515865088012,0.6663072790038026,-0.021722605226126387,-0.004602296024882591,-0.026665386114184057,0.1767767930095695
5.414,21.13483335300407,-0.017651352152882605,2.3938117966564403,0.34738250851959007,-0.0075454629621087305,-0.011507036419654221,0.7456663156131887,0.6661774537323946,-0.021362988446421108,-0.005709733246170526,-0.022506614159744396,0.17193859527114772
5.416,21.13676876200043,-0.017693874416982478,2.393800228247188,0.3473402692407541,-0.007659117493466744,-0.011513519807322795,0.7457828351892065,0.6660455986777605,-0.0212612603483483,-0.005794204492609925,-0.021138494268675517,0.17465559846650555
5.418,21.138841127001797,-0.017736450586117117,2.393789600220207,0.34729775657935685,-0.007761277491566259,-0.011516331356313754,0.7459033527672089,0.6659093970011439,-0.02128823522393289,-0.005323617488613793,-0.021274468759582197,0.18066561803111628
5.42,21.140716458998213,-0.0177791007925578,2.3937799090830616,0.3472550009115402,-0.007852664583424089,-0.011515381007323484,0.7460277187707343,0.6657690098562192,-0.021325271792330718,-0.004854949873543714,-0.021395562618429922,0.18644592634094045
5.422,21.14277099299943,-0.017821526139085216,2.39377003756947,0.3472151825125893,-0.007945307301025682,-0.01151291409295385,0.7461535897028844,0.6656268815744149,-0.021212851878033803,-0.004945062747771986,-0.01992678740140495,0.18872068789791674
5.424,21.144694927003002,-0.017863828287110372,2.393760258701127,0.347177511842258,-0.00803502229328881,-0.01150800189094399,0.7462818859263115,0.665482044121021,-0.021151337352376856,-0.004898643677838469,-0.0188527303458831,0.192371655509189
5.426,21.307590535005147,-0.01790572861024213,2.3937492955670723,0.34714533827288985,-0.008133234885761328,-0.011500824812941452,0.7464098610951182,0.665337433772429,-0.020950442567890994,-0.005490656787120852,-0.01610396993686773,0.19187296140022256
5.428,21.309395422002126,-0.017946444626122365,2.393734475959792,0.34712757948099104,-0.00827295641083031,-0.011504056563303383,0.7465300967713407,0.6652007437528806,-0.020358354540829918,-0.007418527535573944,-0.008895952382620774,0.1804202648896041
5.43,21.311593717000505,-0.017986977494053154,2.3937191844638077,0.34711437671209566,-0.008414545298725077,-0.011509265541012408,0.7466518292617398,0.6650622362562921,-0.02026661944908433,-0.007654227571681082,-0.006617554119748504,0.1827670200233089
5.432,21.31363852800132,-0.018027840181746378,2.393705451497228,0.3470999039318999,-0.008537808401786686,-0.011511340100050185,0.7467794034361863,0.6649173764313043,-0.020431587777762897,-0.006874346321846201,-0.007251460709271001,0.1915818072607393
5.434,21.31577540899889,-0.018066823510492498,2.3937028025012053,0.3470841426905189,-0.008568552923275628,-0.011451109931344476,0.7469096587746453,0.6647717003688441,-0.019491755793976346,-0.001331932999260536,-0.007894877678686761,0.194508116182839
5.436,21.317752588001895,-0.018103492412938398,2.3937110464156457,0.3470680818634448,-0.008525678374544345,-0.011330042806834428,0.74704160477661,0.6646260479931827,-0.01834009464409954,0.004104189042070786,-0.00806033067370072,0.195950467595573
5.438,21.319685182003013,-0.018137005957066264,2.393728585841063,0.3470563388408533,-0.008439565036512508,-0.011163250018366539,0.7471708322212042,0.6644846898679422,-0.016762552026234313,0.00875162814828993,-0.005903339941087944,0.19103612303554013
5.44,21.321778155004722,-0.01816704403813866,2.393756522521505,0.34704609338650905,-0.00831980472140167,-0.010971869502570796,0.7473004541570957,0.664343608493086,-0.015024907501475952,0.013950054757091622,-0.005154968253860162,0.19125981096455377
5.442,21.32373505400028,-0.018192892126647923,2.393792078791533,0.3470423752037807,-0.008206496408896974,-0.010775996450210549,0.7474228702073575,0.6642104970626339,-0.012929891582505439,0.017759260575458187,-0.0018919100584905337,0.1804081991521438
5.444,21.325741596003354,-0.018215034422067372,2.3938369878028305,0.3470397757323829,-0.008079306627999645,-0.010572148076959895,0.7475430431255702,0.6640800803848972,-0.011076804910373533,0.022436424331679024,-0.0013312908149931283,0.17698886030014463
5.446,21.327733958001772,-0.018233025770366305,2.3938884448927813,0.34704330503119746,-0.007969664451272312,-0.010378412230016646,0.7476557912869696,0.6639575218063074,-0.009001247603352502,0.02571060205006677,0.0017334142767130515,0.16608034336064323
5.448,21.32970058000501,-0.018247460289244156,2.3939480806532134,0.3470482096188486,-0.007853076237337558,-0.010186369684505614,0.7477655109166609,0.6638383144635495,-0.007222367537840728,0.029801643559800185,0.002423839213782602,0.16165050562243707
5.45,21.331735990999732,-0.01825867956562749,2.3940132121905795,0.34705913624417994,-0.0077297895658046374,-0.00997865847922069,0.7478674264450631,0.6637280988406787,-0.005614727978457167,0.032549634959020766,0.005435219957010722,0.1496913818507865
5.452,21.333717205998255,-0.018266858823223438,2.3940854699777376,0.3470715833322579,-0.007591630459190265,-0.00976440080322358,0.747965517087823,0.6636223390389074,-0.004094413895186982,0.03611395667880328,0.0061974272236999615,0.14391879345662822
5.454,21.3357194420023,-0.018272529324720208,2.3941627134169465,0.3470902060217195,-0.007429093399957714,-0.009520715939403854,0.7480577473934794,0.6635237532325797,-0.0028400619879249286,0.03860691162450709,0.009285589069098816,0.1346785338252651
5.456,21.33764554800291,-0.018275534730418368,2.394246595169764,0.34711069140071205,-0.007246943515429762,-0.009269519178835296,0.7481476955521845,0.6634279037422478,-0.001507199279207857,0.04192740413144119,0.010219126243011798,0.13124901879172435
5.458,21.33963722000044,-0.018275938696580642,2.3943351525630003,0.34713756231585685,-0.007051685740821292,-0.009003097277070847,0.7482323848517197,0.6633381612923684,-0.0002064800523710684,0.04426536093690228,0.0134122766905501,0.12320237301051216
5.46,21.341613303004124,-0.018273663310137318,2.3944300250103314,0.3471661828273262,-0.006845308903896573,-0.00873967743548665,0.7483153232627567,0.6632502821367586,0.0011334650165250332,0.047423971781942326,0.014288852941756105,0.12076862923796675
5.462,21.34358645800239,-0.018268442811402927,2.394529315201865,0.3472009357758592,-0.006644943171614633,-0.008482824659089875,0.7483935637155955,0.6631673696776101,0.002606077426258049,0.049632947037839534,0.01735536635550542,0.11392849280977552
5.464,21.34563091900054,-0.01826046523232582,2.394634580198921,0.34723715274640043,-0.006442070931065835,-0.008239200445425142,0.7484705494299833,0.6630855540080166,0.003984907418491293,0.052621398426868346,0.018089085515005716,0.11238529089644798
5.466,21.34756945600384,-0.018249694615148044,2.3947438491496986,0.34727903082907746,-0.0062433895461376605,-0.008001206087693178,0.7485426642644468,0.6630089596408189,0.005381457702751,0.054623410682476226,0.020919823445105113,0.10524920837704752
5.468,21.349637340004847,-0.018236307252803133,2.3948586362673803,0.3473218845886596,-0.006041386815948622,-0.007775937842335973,0.7486133354839065,0.6629337149155051,0.006690082949714229,0.057383417249025286,0.02140916271723267,0.10338833338830267
5.47,21.351631680001447,-0.01822035879979869,2.39497695823112,0.34736968125687306,-0.005839661376161202,-0.007549825757557763,0.7486785458018499,0.6628644910855233,0.007970638707779103,0.05915086042841498,0.023880765185872305,0.09525352234002275
5.4719999999999995,21.353607124001428,-0.018201934360319427,2.3951002872693414,0.347417919603344,-0.0056345052989867925,-0.007333854073554275,0.7487416294301215,0.662797434585251,0.009208796640212907,0.06165500150165823,0.024102593741524903,0.0923066109189267
5.474,21.35570541999914,-0.018181253165406197,2.395226888735542,0.34747045398379145,-0.005418925283758399,-0.007104493932762769,0.7488001735683084,0.662735589416171,0.010337150479031443,0.0632912344837772,0.0262507311612753,0.08539687276474643
5.476,21.35764930699952,-0.018158264716835026,2.3953581997351296,0.34752307972349394,-0.005195300329212254,-0.006878293454784248,0.7488573030725174,0.6626752127313917,0.011490886611581777,0.06564647700473433,0.02629719029753555,0.08343427170223074
5.478,21.359559197000635,-0.01813294368780551,2.3954926312257916,0.34757943774339384,-0.0049669928307802475,-0.0066434337494635605,0.7489103082703198,0.6626194563523546,0.012657170475797685,0.06720674653024787,0.02816344729865347,0.07722844934202776
5.48,21.36163480200048,-0.018105297401404968,2.3956315687921954,0.34763537574482256,-0.004734703593029225,-0.006413961271766369,0.7489621677349105,0.6625648005927527,0.013819915694995374,0.06946023916787748,0.02795418257530259,0.07569845141595813
5.482,21.363581687000988,-0.018075224186160355,2.3957735020571858,0.3476943553349559,-0.004504760856970412,-0.006183460566245745,0.7490104116307325,0.6625140566160147,0.015033397620879428,0.07095811063076239,0.02947508609549806,0.07035320649019221
5.484,21.3655594869997,-0.01804282422090204,2.395919727610948,0.3477524290735056,-0.004274201005923489,-0.005961208001233001,0.7490577982378928,0.6624640443857516,0.01619692456006656,0.07310479730270594,0.029023042735846948,0.06927841819249539
5.486,21.367551864001143,-0.018007974253545764,2.3960687384233506,0.3478127966607985,-0.004051231089018182,-0.005742496170860551,0.749101370678739,0.6624181064189182,0.0174219544171307,0.07449743152793147,0.03017005634675398,0.06366970289370426
5.4879999999999995,21.369526203998248,-0.017970848668043143,2.3962217331301683,0.3478717466416999,-0.003830172051427609,-0.005533128789613486,0.7491436597814155,0.6623733775425767,0.0185598888973049,0.07648979135456259,0.029461929545149795,0.06194096851090791
5.49,21.371589114998642,-0.017931570732457422,2.3963773493197587,0.3479322456761227,-0.0036087456889500116,-0.0053214255775953885,0.7491829840744975,0.6623318773527408,0.019636060157582076,0.07780052477899277,0.030236510511955434,0.057551492345059706
5.492,21.373565286005032,-0.01789021941539515,2.3965367042032946,0.3479909939720341,-0.00338540454541643,-0.005115913491302124,0.7492216001004407,0.6622909937543683,0.020672918202410975,0.07967049931180907,0.029362155119668727,0.05665332039734352
5.494,21.375592467004026,-0.01784688671428296,2.3966986265676695,0.3480505624331606,-0.003158951887726149,-0.004905599633145429,0.7492575808251629,0.6622529982500907,0.021663593178893232,0.08095421679377404,0.0297722839917064,0.05274377981404718
5.496,21.377527418000682,-0.01780159860093694,2.3968641507332205,0.3481078824022632,-0.0029302550338709764,-0.0047005899027813625,0.7492929722024989,0.6622154935275582,0.022641398659504475,0.08275549846704297,0.028648656726867325,0.05201373439024487
5.498,21.379555640000035,-0.017754371712069304,2.397032247819875,0.3481651927359409,-0.002700475164891097,-0.004493802988730207,0.7493261143110709,0.6621804041045417,0.023610774534256623,0.08404193022084899,0.028643851861543577,0.048714329601140076
5.5,21.381631033000303,-0.017705243860271308,2.3972038264758218,0.34821982627748493,-0.0024698900550854603,-0.004293258861993878,0.7493587322926067,0.662145722562849,0.024561347669114202,0.08578304964092687,0.027305997599752788,0.04808228878623218
5.502,21.38360726999963,-0.01765416190155386,2.397377975483739,0.34827365861211856,-0.0022422299230117,-0.004095838025013555,0.749389326236439,0.6621131581827544,0.02553839813877939,0.08706817564307036,0.026905366901697658,0.04515070145255307
5.504,21.38552129299933,-0.01760120764996474,2.397555461462575,0.34832445040444654,-0.00201601632273835,-0.0039062264191939227,0.7494192898975137,0.6620811166336452,0.026474634844250694,0.08873696163098332,0.025385580991095946,0.04435333116902134
5.506,21.387546347999887,-0.01754636747549513,2.397735535836626,0.34837365111152035,-0.0017932368297847738,-0.0037209257564764166,0.7494474296176378,0.6620509717934892,0.02741758822349682,0.09003108519516462,0.024589968735280736,0.04171954775803597
5.508,21.389644861003035,-0.01748972560384901,2.397918811961105,0.34841950817687617,-0.0015722931876541778,-0.003543022233657709,0.7494747881370842,0.6620215380442365,0.02831850871037766,0.09163219065015052,0.02291852056696793,0.040675992038958934
5.51,21.391684747999534,-0.01743133322584651,2.3981047439945025,0.3484629952244773,-0.0013526410376262083,-0.003367794201426064,0.7495005458340098,0.6619937764956416,0.029193741215818945,0.09296005424595066,0.021733408972864694,0.0383625322289666
5.5120000000000005,21.66263535500184,-0.017371235460558188,2.398293772957428,0.3485029080473186,-0.0011341182182852381,-0.003198275472214955,0.7495253581728735,0.6619669344202144,0.03004647980504934,0.09450866169112696,0.01994653106326887,0.03705156951149955
5.514,21.664436279002985,-0.017309597044366506,2.3984853961319055,0.348539799757436,-0.0009134508481029674,-0.00302823064607841,0.7495489683359916,0.6619413414292483,0.030816765099695494,0.09580566822909196,0.018435852171733814,0.035325805405471006
5.516,21.666424378003285,-0.017246419374132134,2.3986798563539002,0.34857301877932606,-0.0006932244382958957,-0.002861913064071476,0.7495715717965283,0.6619167528080656,0.031586472368882575,0.09722448420176166,0.016599978413446553,0.033908839489229375
5.518,21.668375645000197,-0.01718170393295645,2.3988772585661526,0.3486023893719741,-0.0004746496607323187,-0.0027001859475109377,0.7495930254814678,0.6618933296635403,0.032355344539358614,0.09869539840572611,0.01467567965211407,0.03227255940449461
5.52,21.670765463000862,-0.017115424035662435,2.3990776648083805,0.34862776561110764,-0.0002599511410918203,-0.0025460447498951502,0.7496131554749194,0.6618712618179385,0.033137550481977605,0.10019728115833931,0.012678310551591342,0.030373582970114426
5.522,21.672555261000525,-0.017047585516413822,2.39928097566059,0.3486494470386313,-4.8625880128659876e-05,-0.0023980182107603593,0.7496315886796604,0.6618509865504419,0.033916872174961823,0.10164957690763163,0.010830901404950728,0.027899789320061128
5.524,21.674536875005288,-0.016978288778596886,2.399487508681331,0.3486663645663784,0.00016084524867984883,-0.002257374323551361,0.7496491089720025,0.6618316189239163,0.03464595002121515,0.10326052449399405,0.008448755420091452,0.02661104851537621
5.526,21.67662302000099,-0.016907512063392208,2.399696891732237,0.3486795591146408,0.00036731396314431254,-0.002122011025330649,0.7496648037569721,0.661814206675621,0.03538597226821168,0.10468564059230277,0.006587423590469874,0.023929465780363875
5.5280000000000005,21.844066836005368,-0.01683553944982248,2.399909722493487,0.3486873170501176,0.0005787071428836575,-0.0019879464214516665,0.7496800783688403,0.6617971692776855,0.03598386282230483,0.10640934989219146,0.0038689050905731676,0.023380294514290176
5.53,21.845865669005434,-0.016762616546805345,2.40012740131223,0.3486860689258531,0.0007963443468738285,-0.0018633547682719018,0.749697114840355,0.6617780063924279,0.036458994757115004,0.10883341936013705,-0.0006340879682792257,0.02614675664668731
5.532,21.84776531800162,-0.016688419139523868,2.400347835914237,0.34868113282035457,0.001008946789614534,-0.001744896987797966,0.7497117645620186,0.6617614429975369,0.03709630363567897,0.11021146809025095,-0.002477795585499136,0.022604229784943638
5.534,21.849769423002726,-0.016612827264926515,2.400569973005548,0.348675031136185,0.0012140788490481614,-0.0016287032343729954,0.7497225655552133,0.6617491579410069,0.03779349366026721,0.11106246583228567,-0.0030609085607101122,0.016834273015990157
5.536,21.851730075002706,-0.01653590812080008,2.40079400793492,0.34866726696186595,0.0014157731636769782,-0.001512069854354292,0.7497302328495892,0.661740347252913,0.038457094058169605,0.11201122140074196,-0.0038923848413303748,0.0121505701997976
5.538,21.853731187002268,-0.016458064565494136,2.401022529091994,0.3486519698721114,0.001629057810467582,-0.0013981248419631335,0.7497397493384514,0.6617293250865436,0.03891924995344542,0.11425428205429405,-0.007658942803114259,0.01504598215020134
5.54,21.855936031002784,-0.016379109977778805,2.4012540202239143,0.3486329117496549,0.001842401124153453,-0.001285915982915063,0.7497479906650788,0.6617196554975979,0.03947480808806987,0.11573943492506249,-0.009539190177451768,0.013185427405483658
5.542,21.85788129800494,-0.016299311158601573,2.401489646290597,0.3486066975462127,0.002055020234760285,-0.0011781706532447837,0.7497568828794633,0.6617091546749351,0.039896880966083584,0.1178067348716647,-0.013117462337249693,0.014230078041235746
5.5440000000000005,21.859865356003866,-0.016218291190121928,2.4017273664492405,0.34857822626990514,0.0022612521014624223,-0.0010697864689249523,0.7497630825423928,0.6617016414913703,0.04050740491250187,0.11885353421039241,-0.01424633718643912,0.010202018064497189
5.546,21.861789091999526,-0.016136506987023288,2.4019701591186675,0.3485419874491073,0.0024698934987515313,-0.000974008106326569,0.7497703020662139,0.6616928630972623,0.04088947707408713,0.12138963683913893,-0.018130356849906923,0.011799465948706615
5.548,21.86381246500241,-0.016053606768277322,2.4022156782855526,0.3485034513388536,0.0026746465253069604,-0.0008832281997292083,0.7497748749888383,0.6616870128764683,0.04144758508178199,0.12275322765681712,-0.019278467128901022,0.007836824490332737
5.55,21.86589014000492,-0.015970049640032957,2.4024663263810937,0.3484569191634267,0.002895735672743825,-0.0007927975306636279,0.7497809844322548,0.6616792739468177,0.0417759408364712,0.1253175162241321,-0.023276744470140144,0.010282990812100119
5.552,21.867844642998534,-0.015885474707157253,2.4027192827480737,0.3484086134435304,0.003115093096574228,-0.0007004916327028591,0.7497840023442378,0.6616749619980555,0.04228501446419605,0.12647109501895512,-0.024164438299235983,0.0056691805420162385
5.554,21.869797881001432,-0.015802414988170595,2.4029808450199552,0.3483588138649858,0.003269365725588598,-0.0006477190136573624,0.749786665802709,0.6616712533367974,0.04162392058960329,0.1306240992635466,-0.02522169656281744,0.005012307090051743
5.556,21.871808869000233,-0.015720853511917356,2.4032396016408017,0.3483258166228403,0.003231503953988513,-0.0006472575248424738,0.7497695823401025,0.6616907977578655,0.040785509242276696,0.12936011991954258,-0.01654655947950633,-0.025997684452909925
5.558,21.8738431640013,-0.015642420367813017,2.4034977025041457,0.34830511524324276,0.003018788222891848,-0.0006892200426838857,0.7497351557967268,0.6617307670464295,0.039214417704111056,0.12904301346265862,-0.010364722560023893,-0.053033700516077927
5.5600000000000005,21.875906184002815,-0.01556741140209333,2.403754015091159,0.34829933590868234,0.002703743512578803,-0.0007193656805838944,0.7496834477463312,0.661790677222949,0.03750267192830529,0.1281496661678422,-0.0029013020358278517,-0.07945385454298295
5.562,21.87778717400215,-0.015496192690987993,2.4040118497936596,0.34829656447186863,0.0023457160424623247,-0.000723535706008943,0.7496214165708345,0.6618623013366643,0.035607859344095445,0.12891165033615906,-0.0013960915578904503,-0.09502722402974668
5.564,21.879743632998725,-0.015427950754607442,2.4042700797499563,0.348298426368921,0.0019978014574778646,-0.0006754176033416974,0.7495492500864619,0.6619452200108558,0.0341200266377028,0.12911025503794316,0.0009218795217104754,-0.11007311167676732
5.566,21.88176614400436,-0.015363274977387816,2.4045344625889644,0.34829100669976293,0.001760525223243488,-0.0005336407650383923,0.7494744939954897,0.6620306629066941,0.0320335918225077,0.1317445325141847,-0.003765059915567053,-0.11192066970558198
5.568,21.883734474999073,-0.015300829653148721,2.4047996442086563,0.3482842953603276,0.0016935973445557147,-0.00026804589160430873,0.7494004851169106,0.6621147731216797,0.031224579816182527,0.13258791952221355,-0.0033507458865047555,-0.11163880530253867
5.57,21.885712661998696,-0.01524074604993903,2.4050692896400925,0.34826736281937776,0.0017427196729101892,-2.301556430780012e-05,0.7493310076048695,0.6621933278433849,0.030041893308593397,0.1348233272461634,-0.008464900055431244,-0.1044474339520901
5.572,21.887759559998813,-0.015184538150129816,2.405350138437347,0.3482507571477691,0.00179534146058131,0.00017676426704227327,0.7492778087010797,0.662253358535494,0.029030393508640888,0.13890567596852807,-0.011410232410911887,-0.07836635855947394
5.574,21.889690994001285,-0.01512888845756068,2.405635315531144,0.348221600833973,0.0018754472494414368,0.00033169844809149854,0.7492286506269525,0.6623086906824264,0.02786146218153094,0.14253092052700078,-0.01485729853467286,-0.07385477996746238
5.576,21.89169327900163,-0.015075243848002077,2.4059245465411947,0.3481919924238687,0.0019616175442518716,0.0004556820378734912,0.74919075143371,0.6623512379219076,0.026830963810668063,0.14460247630313564,-0.014849630929365677,-0.056779376130486496
5.578,21.893687317002332,-0.015023261245848983,2.4062206713435024,0.34815406815211775,0.0020222780160462557,0.0004948640925012263,0.7491611064493575,0.6623845575530353,0.025996966994197894,0.14805408887768415,-0.01898231985625834,-0.044546666659155194
5.58,21.895696283005236,-0.014973341907179513,2.4065208193293564,0.34811473750674826,0.0020752084514662314,0.00048755598455384826,0.7491442977910142,0.6624034094766219,0.024964928987518432,0.15006633031686054,-0.019682468138177527,-0.025295129279549657
5.582,21.897663162002573,-0.014927321506837182,2.406827228852063,0.3480656764065883,0.0021305914988783933,0.0004574644356214921,0.7491332995352934,0.6624156933780475,0.02301511674421497,0.15319758713225906,-0.024546482230959045,-0.01657452237883093
5.584,21.89973346899933,-0.014884888879119557,2.4071370606099958,0.348014829853258,0.0021767901814934276,0.00041684158240163906,0.7491329795564136,0.6624159318498696,0.021222894218388612,0.1549059403439493,-0.025444657794915313,-0.0004930025933497156
5.586,21.901692127001297,-0.014847091025593971,2.40745231689748,0.347955412614515,0.0022479989280237973,0.0003899217521360211,0.7491384731448408,0.6624094976040601,0.018905687371383387,0.15761788380028155,-0.029730911814438772,0.008376124552397744
5.588,21.90391340500355,-0.014813200006665611,2.4077705631218906,0.3478944364391214,0.0023196975012800044,0.00036847879080593017,0.7491537904538081,0.6623919394705639,0.01695227870785229,0.15911281804269486,-0.030510467383569512,0.023228822996544093
5.59,21.90570078699966,-0.014784074276939528,2.4080933259987476,0.34782548244759204,0.0024162633070376966,0.00036926182185387864,0.7491728873132855,0.6623699949665695,0.014569734763470657,0.1613709193496853,-0.03449983113481201,0.029060964901231588
5.592,21.907745030002843,-0.014758863703200231,2.4084184326745968,0.34775518544640716,0.002508135355663472,0.0003781253159170893,0.7491996144057764,0.6623394175590933,0.012612241497100548,0.16254265370383786,-0.03517165876900718,0.040603830355635064
5.594,21.90968235800392,-0.014737447910020955,2.4087474936171374,0.3476781384359869,0.0025976598229643265,0.0003805022380662593,0.74922976973539,0.6623049596098051,0.01071499277963383,0.16451956742015403,-0.03854708747757399,0.04576644781532966
5.596,21.911620381004468,-0.01471934064072086,2.409078448963465,0.34760029045539653,0.0026711668884826126,0.0003783460641686144,0.7492668879549536,0.6622626762365585,0.009060740303008907,0.1654667535258996,-0.03894757984395965,0.056235282887017075
5.598,21.913626212000963,-0.014704246712931862,2.4094123419754183,0.347517528215476,0.0027216855316512987,0.0003533413751332588,0.7493048631184348,0.6622195177467991,0.007554122154654701,0.16693551392330097,-0.04140481523056929,0.05740616933274248
5.6,21.9157296150006,-0.014692025277008108,2.4097475793090872,0.3474348417089384,0.002747842409749461,0.00031768824718483434,0.7493465375726874,0.662172269929883,0.0061177828813601415,0.1676078230196283,-0.041366612168688,0.06289944505824331
5.602,21.917674128002545,-0.014682594520391203,2.410085116001379,0.34734849463592427,0.0027529434570666166,0.00026570694440888784,0.7493872132283018,0.6621262382295854,0.004722431794911384,0.16875751964434763,-0.04319679499634766,0.06128845740643668
5.604,21.919670260998828,-0.014675840255866318,2.41042366573034,0.3472625369942199,0.0027367350499844056,0.00020799136756883814,0.749429406331339,0.6620785693153903,0.0033841228133661694,0.16926411932771346,-0.04300187165103616,0.06350981693831695
5.606,21.921731681999518,-0.014671919551790561,2.4107635152602915,0.34717454948507576,0.0027192421467457087,0.00015916698416612642,0.7494701792110898,0.6620324998527757,0.001967297631514748,0.16991411287152716,-0.04401658604935287,0.06139517819724795
5.608,21.92372808800428,-0.014670525620640279,2.4111037984826753,0.3470875867282556,0.0026922649468942217,0.00011755607417291855,0.74951157491098,0.6619857528410167,0.0007034649407627969,0.17013123307315928,-0.04350350727840774,0.06233774126855783
5.61,21.92585637600132,-0.014671688427532945,2.411444525202087,0.34700011309127204,0.0026728057858821683,9.57685832406217e-05,0.749551828577661,0.661940256528861,-0.0005750209697999316,0.1703528921373636,-0.04375898654498988,0.06069789492319607
5.612,22.184054844001366,-0.014675029902320166,2.411785236293059,0.346914138197474,0.0026500692879720495,8.537353374674393e-05,0.7495923646547995,0.6618944452821423,-0.001665259071321546,0.17034430982975063,-0.04301046840154311,0.06116030940433346
5.614,22.185866901003465,-0.014680003722753361,2.412125249050154,0.34682908812162283,0.002626514331217835,8.761819066981659e-05,0.7496317523611306,0.6618499298160431,-0.0024815096518556214,0.16999515942125318,-0.042548024310636846,0.05946298498767159
5.616,22.187869359004253,-0.014686364662538282,2.412464441668774,0.34674624353072825,0.0025980395159836086,9.798054176382414e-05,0.749670968492391,0.6618056207000416,-0.0031763492151281342,0.1695841327112127,-0.041446269241503526,0.05922820496382785
5.618,22.18989300400426,-0.014693945593233077,2.412802899874849,0.34666609402705106,0.002562007594631123,0.0001121304714600562,0.7497103276835961,0.6617611715025272,-0.003786482184716092,0.16921699508848034,-0.04009858791526473,0.05943918977488769
5.62,22.19200538500445,-0.01470270466659733,2.41314089492903,0.346588406371371,0.002518771268530843,0.00012707262764767485,0.7497496701269059,0.6617167610000821,-0.004375653280505558,0.16898557169541667,-0.038867329395797366,0.059401787868431546
5.622,22.193866210000124,-0.014712422532222652,2.4134777877195015,0.3465122273364677,0.0024655060150592066,0.000146233547804418,0.7497885232551272,0.661672933019581,-0.004855138434210241,0.16843462710844317,-0.03811262573326493,0.058652779452186075
5.624,22.19586377900123,-0.014723076172606498,2.4138137803005892,0.34643802358605297,0.0024046144868445233,0.00016875258952875265,0.7498272067900161,0.6616293141247716,-0.005323462451308494,0.1679843470926543,-0.037125031952490596,0.0583964516434236
5.626,22.36370669199823,-0.014734321307659101,2.414148551304756,0.34636972942140976,0.002335094831928514,0.00019275992624952681,0.7498671052005088,0.661584336811223,-0.005619325162227574,0.16737370974372165,-0.03416992057116534,0.06022387405282344
5.628,22.36535194500175,-0.014746025104088182,2.4144809223737,0.34630960552679085,0.0022646160532161282,0.00023446743520502317,0.7499085116709295,0.6615376335951301,-0.0058491387923803005,0.16617370270524204,-0.030084595810604145,0.06256031897890559
5.63,22.36756288199831,-0.014758193013435228,2.4148124831335664,0.34625311329903863,0.002198015276697028,0.00028194271098606183,0.7499483617358808,0.6614926635774729,-0.006082029763558857,0.16576842511420284,-0.028268530427818652,0.060248645180183434
5.632,22.369376057999034,-0.014770802871919168,2.415144120914105,0.34619803828836504,0.0021350568477888155,0.0003272012515476509,0.7499857377178896,0.661450472591373,-0.006303112657344408,0.165807311154397,-0.027559211986272078,0.056521105126246696
5.634,22.371315888005483,-0.014783695775761283,2.415475224789394,0.3461462065393674,0.0020764910068231113,0.00037655171525470516,0.7500218516347978,0.6614096827717401,-0.006444657845177862,0.16554061566341388,-0.025937072919647513,0.054641696065300074
5.636,22.37335800200526,-0.014796836584165743,2.4158061338715524,0.34609720733823957,0.0020227586816627652,0.0004258700112037033,0.7500565753614942,0.6613704414615433,-0.006568997596552432,0.1654433716388376,-0.02452030085698656,0.05256048116494107
5.638,22.375361117003195,-0.0148099495160509,2.416135520788887,0.34605429802336396,0.001965600134429989,0.00048082927879148317,0.7500919587530331,0.6613304458690484,-0.006555061891680245,0.16468246175454188,-0.0214750215013938,0.05357466039053004
5.64,22.3776608449989,-0.014823098006645039,2.416464379667043,0.3460148917157987,0.0019105159998358983,0.0005349537178024688,0.7501260446570015,0.6612919029296945,-0.0065731073857610975,0.1644186166026209,-0.019723040595538782,0.051625105227505554
5.642,22.379474380002648,-0.014836236091194641,2.416791576330867,0.34598228116296303,0.0018517623495956158,0.0005975881593615292,0.7501613979252614,0.6612519118516106,-0.006567943526631174,0.1635877913109463,-0.016324643801543925,0.05356672409423468
5.644,22.38142423699901,-0.014849390792446203,2.417118380499748,0.3459529285848904,0.0017949555029261443,0.0006595393245727558,0.7501953496237175,0.6612134908980383,-0.006576294240337268,0.16339173845268756,-0.014695255444543826,0.05145899084258509
5.646,22.383493879002344,-0.014862498984413258,2.417443561905348,0.3459303247840795,0.0017337448004476825,0.0007305485293593227,0.7502303484980012,0.6611738686762968,-0.00655307802280441,0.16258069339082118,-0.01132026305688473,0.05307049090470401
5.648,22.385437582001032,-0.014875569902625514,2.417768417577563,0.34591091008623515,0.0016737250231250171,0.0008006774838695067,0.7502637161754341,0.6611360780888768,-0.006534508986236894,0.16241805304965198,-0.009725244872632011,0.050614801551488814
5.65,22.38756858200213,-0.014888484682179268,2.4180917532490525,0.34589844879655957,0.001610362831986797,0.0008799795190712666,0.7502978031111387,0.6610974504671715,-0.006456478943172323,0.16165837951763024,-0.006247948981232887,0.051735163764590364
5.652,22.389516207003908,-0.014901258342823688,2.4184149267097026,0.34588918047653844,0.0015497384008910662,0.0009576351568270868,0.750329717929236,0.6610612646631387,-0.006386184573430202,0.16157779521011428,-0.004650423140290585,0.04846136938641704
5.654,22.391398380001192,-0.014913807967556753,2.418736644476841,0.3458870120437604,0.0014844067849617123,0.0010427426138072914,0.7503624716870713,0.6610241072063916,-0.006274213131674128,0.1608502795500149,-0.0010998549011529757,0.04975995647987568
5.656,22.39342059699993,-0.014926163350614027,2.4190583228077966,0.3458878621402796,0.0014211207625791993,0.0011247410033832154,0.7503929864808132,0.6609894713335904,-0.006177169016035416,0.16083086220986467,0.0004100019968222582,0.046380224175272315
5.658,22.395420952998393,-0.01493818893712855,2.4193787484392044,0.3458958189929439,0.0013551531092025372,0.0012132883345589197,0.750424196635371,0.6609540200313678,-0.006012302824237565,0.16020484227034615,0.003963976626077471,0.047462844911269286
5.66,22.397515107004438,-0.014949931667337575,2.4196993772140587,0.3459066121967893,0.0012940981862888759,0.00129785756201146,0.7504527664994366,0.6609215430964369,-0.005871186302849303,0.16030697562716875,0.005383280004771397,0.0434738512661681
5.662,22.39941969099891,-0.014961340425424755,2.420018949096336,0.34592435891000844,0.001231529205360736,0.001388127202529697,0.750482080695221,0.6608881925061588,-0.005704233268067052,0.15977884834357772,0.008860638770280637,0.04462965477557463
5.664,22.401651542000764,-0.014972456491051337,2.4203389487008424,0.3459445615331852,0.0011747263968773136,0.0014732480258669793,0.7505086256006099,0.6608579669317988,-0.005557990664200834,0.15999327548196443,0.010089629230099645,0.04043805954426372
5.664,22.403419551003026,-0.014983269416949321,2.4206580806075952,0.34597140226075057,0.0011174558505343964,0.0015637499329232633,0.7505359509202091,0.6608268247845777,-0.005406430783632211,0.15955973655242775,0.013409256369759408,0.04164745351456635
5.668,22.405478919004963,-0.014993816842969701,2.4209778337200154,0.34600029902572305,0.0010668154552034702,0.0016486941505002883,0.7505604384358148,0.6607988891995963,-0.005273727751645164,0.15987090043632965,0.014438270584052875,0.03734682065780206
5.668,22.407629610002914,-0.015004095523836646,2.421296880428957,0.34603547055786754,0.0010152067983567,0.001737715765054738,0.7505857932816752,0.6607699422815742,-0.005139353446395229,0.15951799031023992,0.017576189105100372,0.0386837097310959
5.672,22.40952028099855,-0.015014150923135749,2.4216167097707366,0.3460722756004052,0.0009699108967185578,0.0018202987397717822,0.7506083136472685,0.6607442056264694,-0.005027676687170864,0.15990985472992486,0.01839387161582484,0.034381105468577804
5.674,22.411618019999878,-0.015023953134021759,2.42193590299495,0.346114941397178,0.0009223323010589782,0.0019055142904421628,0.7506319608393038,0.6607171692070345,-0.004901073658729999,0.15959207469675754,0.02132475133881723,0.03610671830449346
5.676,22.41362813700107,-0.015033566818932833,2.422255933167776,0.34615884195581054,0.0008802260670222088,0.0019839906698061985,0.7506530533363822,0.6606930319746529,-0.0048067572348340255,0.16001079298819607,0.021942553827591454,0.032224499266883595
5.678,22.415569486001914,-0.01504292944605612,2.422575460880438,0.3462082616635892,0.0008352862332033201,0.002063495937888135,0.7506752274348308,0.6606676526038548,-0.0046812193236022035,0.1597598136877598,0.02470255824560331,0.03387691919027417
5.68,22.417508777005423,-0.015052129146065778,2.4228959565700596,0.3462585785680481,0.0007959205457953993,0.002135478294079655,0.7506947159612768,0.6606453281986926,-0.004599760187483284,0.16024433758688042,0.02515206573223865,0.02978932795668424
5.682,22.419534300999658,-0.015061147673289,2.4232161313136573,0.34631393470300764,0.0007539420853608128,0.0022071090173888127,0.7507152233430049,0.6606218386355236,-0.004509169059334283,0.16008409558893189,0.027672103969684184,0.0313413903765914
5.684,22.4214501489987,-0.015070080298485552,2.4235374388069117,0.3463696785891313,0.0007175836870321543,0.0022706040581153644,0.7507329967675703,0.6606014660862074,-0.004466141889029268,0.16065096773695947,0.02786678312401606,0.027174140974398023
5.686,22.423527835999266,-0.015078913470877104,2.4238586254691854,0.34642987066983244,0.0006792939550429798,0.002332819684808028,0.7507516491821962,0.660580091860369,-0.004416400269264517,0.16059076099617398,0.03009125650340791,0.02850925345405843
5.688,22.425553188004415,-0.015087749457117166,2.424181096282299,0.3464899592331959,0.0006470757028115238,0.0023868924320756733,0.7507675290093873,0.6605618831136804,-0.004417729437480267,0.16123329446071813,0.03004022984804334,0.024279096364830926
5.6899999999999995,22.427509633998852,-0.015096560315225783,2.424503617087305,0.3465538890262234,0.000612984312246403,0.002438512423907503,0.7507842226340228,0.6605427533106525,-0.004405142435544653,0.1612584679910143,0.03196116111160912,0.025510111167782717
5.692,22.4295163650022,-0.015105461539832464,2.4248275410752416,0.346617227560942,0.000584942128003873,0.0024819367418159395,0.7507981906236022,0.6605267404042334,-0.004450227579174052,0.1619604631986656,0.03166615855196605,0.021347452902015347
5.694,22.431579078998766,-0.015114409518517186,2.4251516646919336,0.34668378820147877,0.0005546576901148619,0.002521643913108856,0.7508129535839805,0.6605098352010528,-0.004473575854229477,0.16206042515351238,0.03327746733046756,0.02254502451317435
5.696,22.433526501001325,-0.015123537195414039,2.4254772880840885,0.34674928298038554,0.0005301392118658078,0.0025532181658715733,0.7508250975649841,0.6604959295074767,-0.004563309240149111,0.1628106536306554,0.032745047816549425,0.018541813881723587
5.698,22.43556317200273,-0.015132785723895948,2.425803254108123,0.3468173658206688,0.0005029062217941978,0.0025799239352995197,0.7508380243917883,0.6604811520439144,-0.0046237034993508435,0.16298208772381262,0.03403927007337028,0.019717015067418086
5.7,22.437600470002508,-0.015142304803066706,2.426130804405386,0.3468839271797308,0.0004810513880146671,0.0025987184205969343,0.750848473403522,0.6604692159667497,-0.004758851957723271,0.16377450102864755,0.03327892924623438,0.015927148521425537
5.702,22.4396645980014,-0.01515289130307074,2.4264595770957547,0.3469495464838753,0.0004545657667337531,0.0025814168643435945,0.7508557589528562,0.6604610199733717,-0.005292532946772943,0.1643857814126608,0.03280803606675947,0.011023557689807818
5.704,22.441565492001246,-0.015163242671558778,2.426789459933916,0.34701510895574167,0.0004320752659439909,0.0025770035375742417,0.750863845190972,0.6604518592212152,-0.005174843206947224,0.16494101344994702,0.03277981445465059,0.012270810882271643
5.7059999999999995,22.44360379200225,-0.015174339756863255,2.4271203195149087,0.34708068631839023,0.00041069666314553,0.002557432349225823,0.7508706751705903,0.6604441838920923,-0.005547634271309877,0.1654292544905151,0.03278703971107038,0.010316347166833877
5.708,22.4456188020049,-0.015185204473096542,2.4274522608228257,0.3471459704945982,0.0003927762280082172,0.002550914427846845,0.7508785605551928,0.6604352548592316,-0.0054314202362378,0.16597006929030836,0.032640345220734494,0.011951248811638471
5.71,22.447638095000002,-0.015197014411449026,2.4277850283045623,0.347210752797336,0.0003744629149017853,0.0025303175844252376,0.7508852593016432,0.6604277285471526,-0.005904004539740613,0.16638310279142826,0.03238931044146286,0.010109731607832094
5.712,22.449637171004724,-0.015208757791047165,2.4281188942590526,0.3472747416256066,0.00035902893965845565,0.0025216244333292944,0.750893251635745,0.6604186832277956,-0.00587053177715583,0.1669319887978772,0.03199192917401447,0.01210188223816232
5.714,22.720359480001207,-0.015221202309368565,2.428453861285219,0.3473377144469656,0.0003377727584441992,0.00248974226391924,0.7509001134617482,0.6604110134576473,-0.00622116946150537,0.1674826440269754,0.031484122158589034,0.010328652885421556
5.716,22.722123390005436,-0.015233009976330411,2.428788506069669,0.34740518930222164,0.0003004211548752742,0.002450999082836355,0.7509112296424152,0.6603985369059671,-0.005902736875267092,0.1673215026224254,0.03373511392322039,0.016785404376448897
5.718,22.72421271300118,-0.015244888461467071,2.4291247110500653,0.34747103753607217,0.0002668694079696779,0.002407612022320361,0.750921047879546,0.6603875468515088,-0.005938373787690752,0.16810195348443105,0.03292248174736637,0.014801465218912131
5.72,22.726277749003202,-0.015257320218256279,2.4294635809090144,0.3475317214469211,0.00024324078400468695,0.0023566999316229948,0.7509272618057526,0.6603806737604213,-0.0062150644280437465,0.16943455384788808,0.030340619271408138,0.009303556789692202
5.7219999999999995,22.72819117900508,-0.015270195505635988,2.429804115701332,0.34758911652371544,0.00021936055772920328,0.002295609348897616,0.7509320274989231,0.6603754781448352,-0.006436791690876065,0.17026695882650866,0.028696104453941395,0.0070855744889898944
5.724,22.730132157004846,-0.015283576825110425,2.430146207012805,0.34764302264286767,0.00019901821647802046,0.002232508979578818,0.7509355744793569,0.6603716675303112,-0.006689701155205022,0.17104497208292874,0.026951191233088458,0.005232380633380657
5.726,22.73221351599932,-0.015297466263625662,2.430489141875077,0.3476952357955167,0.00018943726996139992,0.0021802946433899504,0.7509389478120663,0.6603680088312089,-0.0069436844228643844,0.17146652644859073,0.026104313014073843,0.004982122238050892
5.728,22.734095405001426,-0.01531186571381574,2.430833399944685,0.3477443152849556,0.00019051831930438454,0.0021356369456029065,0.7509410263849629,0.6603657907928794,-0.007198975428808038,0.17212798139002722,0.024537378277028326,0.003026105030704185
5.73,22.900519096998323,-0.015326589979900227,2.4311786080347484,0.34779173500516186,0.00019303499099425326,0.0020902988270997134,0.7509437988389099,0.6603627823959285,-0.007361335851058564,0.1726028461944121,0.023707237007531343,0.0040749216461185905
5.732,22.902360220003175,-0.015341286075307367,2.4315251620405762,0.3478377370922275,0.00018742183331678096,0.0020269060323677116,0.7509474330667572,0.6603588488810008,-0.00734713874749335,0.17327543411864169,0.02299779718075899,0.005352861018203367
5.734,22.904359346001,-0.01535626991703352,2.4318737811105113,0.3478799505177737,0.00018356191889261556,0.0019541908891034148,0.7509501235044993,0.6603560096278128,-0.007491029222414762,0.17430783685839868,0.021103256993909476,0.0039032079803303084
5.736,22.906571341998642,-0.015371729215725943,2.4322246371688605,0.34791754905798367,0.00018582728825471977,0.001879576293486649,0.7509514788333284,0.6603546843168548,-0.007728734756050697,0.17542621778098622,0.018795624869363464,0.0018726403526462708
5.7379999999999995,22.9085192249986,-0.015387719661619545,2.43257743991592,0.34795091724774624,0.00019471814756895876,0.001808272230413113,0.7509518773031882,0.6603544277213571,-0.00799425150329516,0.17639934088899306,0.01668008131608743,0.0004268553935825075
5.74,22.91050037900277,-0.01540406220765432,2.4329313966023887,0.34798094141730684,0.0002026681886432114,0.0017397776269951907,0.7509511042939657,0.6603554883993072,-0.008170237496572086,0.17697603548581128,0.01500761533099979,-0.0013330924129289295
5.742,22.91242939600488,-0.015420794192410615,2.4332864289965244,0.34800772860640766,0.00021013409042003358,0.0016757759302264326,0.7509492650450837,0.6603577431566502,-0.008364914315545795,0.17751360392298046,0.0133886628572364,-0.0029313276540278268
5.744,22.914416922998498,-0.015437927686124973,2.433643708490885,0.3480304918412524,0.00021969530846098907,0.0016080325770197734,0.7509468488896991,0.660360656087137,-0.008565654644071283,0.17863694401958718,0.011376350879052385,-0.003810124770354135
5.746,22.916553863004083,-0.015455494687461999,2.4340029262289256,0.3480497056855444,0.00023148084588353455,0.001541097556747295,0.7509442982374739,0.660363712191673,-0.008782395348276562,0.17960564184114708,0.009601008364084002,-0.004008266694956336
5.748,22.918465241004014,-0.015473396117458875,2.434364728379993,0.34806448284727515,0.0002449277348184789,0.001469281068791026,0.7509415223167876,0.6603670277081459,-0.008949579727117858,0.18089761420396722,0.0073822841852963905,-0.0043548083203767286
5.75,22.920441640002537,-0.015491673524378854,2.434728486294332,0.34807593830523165,0.0002600837518317323,0.0013988399016289699,0.7509392062103121,0.660369808652393,-0.009137627095328615,0.18187508332899216,0.0057208423544567,-0.003649829539858396
5.752,22.922549228998832,-0.015510226413416253,2.4350948863030704,0.3480825028880499,0.00027787165955272364,0.0013253751080705,0.7509371626930991,0.6603722767156429,-0.00927533541514084,0.1831958683720201,0.0032749851028829277,-0.0032385209899346945
5.754,22.9246589530012,-0.01552905698520227,2.435463079139804,0.3480858543812229,0.0002971952306832346,0.0012550449190438769,0.7509363290610189,0.6603733536671565,-0.009414396452496325,0.1840917669680057,0.0016677816250510002,-0.0013923816171556949
5.756,22.926766871998552,-0.015548308895508423,2.4358347508505718,0.34808334689205295,0.00032576333761918274,0.001181723186170718,0.7509341297846703,0.6603759763446119,-0.009625040857121648,0.18583091811656405,-0.0012621665505632117,-0.0034664414186165522
5.758,22.928754674998345,-0.01556786354516792,2.436208535288181,0.3480777816126243,0.0003586738747615012,0.0011120981900527883,0.750932467664089,0.66037797025536,-0.009776574313216485,0.18688687551594957,-0.0027915844433074543,-0.0026406364409721017
5.76,22.930766550001863,-0.01558746599294012,2.4365853163862723,0.3480663070245902,0.0003928689303359944,0.001045594514891726,0.7509311272867298,0.6603795836168735,-0.00980041898697359,0.18838485759493237,-0.005746783378434823,-0.0021417167824392992
5.7620000000000005,22.932879280000634,-0.01560711309575804,2.4369634831773337,0.3480523225177175,0.00042339438402525583,0.0009848428315254669,0.7509318874738008,0.6603787937213215,-0.009822782557402482,0.18907718709436327,-0.007002481522350347,0.0010585277287750924
5.764,22.934758314004284,-0.01562706373861604,2.4373453648291235,0.3480317189705474,0.00045918668386650053,0.0009207871981124498,0.7509310775507276,0.6603797832058674,-0.00997453722551092,0.1909342783893916,-0.01031245024122342,-0.001319852160946213
5.766,22.936859522000304,-0.01564712411240993,2.4377288720648522,0.3480088907629504,0.0004939625684042458,0.00086183740711804,0.7509315993906044,0.6603792442785688,-0.010029556412677753,0.1917464812709554,-0.011425561575210576,0.000714117807869472
5.768,22.938739966004505,-0.015667359701112098,2.4381162440689845,0.34797947636801496,0.0005359106772180825,0.0008039264389421799,0.750930634598377,0.6603803816920257,-0.010117142104673996,0.19367849377252697,-0.01471922879784469,-0.0015307687334179061
5.77,22.9407492140017,-0.015687557409304564,2.438505139645958,0.3479483140463525,0.0005769810777578265,0.0007534902699625512,0.750931222614038,0.6603797379149628,-0.01009839647144809,0.19443991330931104,-0.01559363383634321,0.0008398602043287202
5.772,22.94264744099928,-0.015707866750766724,2.438897944971509,0.3479104805102806,0.000624898859627802,0.0007030247938015118,0.7509298836558916,0.6603812725161908,-0.0101541926137874,0.19639441882395695,-0.01892978538738768,-0.0020723435869233345
5.774,22.944634607003536,-0.015728019764828446,2.4392921214463272,0.34787122172517515,0.0006709603286858945,0.0006597165059467476,0.75092996379598,0.6603811808794505,-0.010076286319390405,0.19707971772125776,-0.01964267177375038,9.479319568496896e-05
5.776,22.946600782001042,-0.01574824921035977,2.4396908471081233,0.34782450556102196,0.0007313033066724782,0.0006276814047279928,0.7509283741698178,0.6603829556236304,-0.010114493637309615,0.19935394017214575,-0.02337189611528956,-0.002409887054577087
5.7780000000000005,22.94871939800214,-0.015768292863654443,2.440091074585707,0.34777652320545194,0.000791740218053052,0.0006059469074816044,0.7509285569291217,0.6603826984136695,-0.010021710918426172,0.20010456495415205,-0.024005331384930106,0.0002958296015953345
5.78,22.95078879200446,-0.015790332458351767,2.44049855259455,0.34772538538502334,0.000848511548670119,0.000536933994382731,0.7509325227123202,0.6603781780638637,-0.010973676763223243,0.2036651234206722,-0.025716466010656167,0.0054299582088502465
5.782,22.952667035999184,-0.015813118635858388,2.4409061271597303,0.34769323467377916,0.000855915187336455,0.0003970736349436785,0.7509409011244126,0.6603687399931767,-0.011416693107302549,0.20370157218985313,-0.01623719238631518,0.012436598050879403
5.784,22.954773413999646,-0.015835594899288343,2.4413082305939433,0.3476838712453101,0.0008275581698921874,0.0002634901823814104,0.7509610779567327,0.660345898082559,-0.011239399162388489,0.2010389475052457,-0.004710253034573549,0.030424277318283486
5.786,22.956726720003644,-0.015857352150767556,2.4417036233348073,0.3477023314095728,0.0007773154603125705,0.00018413588040896064,0.7509982948035584,0.6603036597481498,-0.010879142859780684,0.19768707435706323,0.009215351090235727,0.056290980707870863
5.788,22.958694207998633,-0.01587839531694416,2.442097103798913,0.3477351460891354,0.0007304706022294407,0.00013259966755611177,0.7510451480121898,0.6602504331519786,-0.01052236893023833,0.19673153834563717,0.01639462342668681,0.07092257941959702
5.79,22.96081764200062,-0.01589879179209753,2.442488910166483,0.3477802185547238,0.000684316753518256,0.00010307482539325754,0.7511024264421041,0.6601853270703196,-0.010199867304728027,0.19589571152159843,0.022525674424110017,0.08674552326406298
5.792,22.96260046200041,-0.015919406244703897,2.4428777121273915,0.3478266904319385,0.0006768103301036485,0.0001356437286369423,0.7511547063510357,0.6601258445593882,-0.010309184549315729,0.19439380187437427,0.02322656475329411,0.07926688247474818
5.7940000000000005,22.964555071004725,-0.015939979515574403,2.4432639467329365,0.34787161681518114,0.0006895276646092388,0.0002081339084178136,0.7512036135072029,0.6600701570936207,-0.010288073687363656,0.19311464567855458,0.022457867947531206,0.07416275884116963
5.796,22.966621226005373,-0.015961034927505866,2.4436511819407634,0.3479046551000201,0.0007213257930883475,0.00027553227749963193,0.7512512667520393,0.6600158619113032,-0.010529371891663414,0.19361426809348084,0.016512631367481323,0.07228205637257491
5.798,22.96857213900512,-0.01598198215597052,2.444036848345123,0.34793410265835634,0.0007506964299523088,0.0003366689937179139,0.7512917342842154,0.6599697365069663,-0.010474338241115044,0.19283191976202982,0.01472079708436274,0.061398299353283774
5.8,22.970600906999607,-0.016003025912910692,2.44442307534667,0.34795321424549924,0.0007757257146115294,0.0003699917804426996,0.7513268932902708,0.6599296635055044,-0.010522506261354668,0.1931120076390436,0.009552648325094813,0.053326691352975006
5.802,22.972571734004305,-0.01602378767552226,2.444807354449034,0.34796978717296023,0.0007914000145884808,0.00038907133180081664,0.7513515120437194,0.6599016045283814,-0.010381280213349617,0.19213866134336546,0.00828439340457839,0.037337222828715176
5.804,22.974530268998933,-0.016044603474402584,2.4451927611575335,0.34797497462221216,0.0008004324919925549,0.0003618312050456323,0.751370362574614,0.6598801456556321,-0.010408318936588591,0.19270214426527638,0.002591150755844654,0.02853678559130435
5.806,22.97658823000529,-0.016065208267763743,2.44557675334588,0.3479767657974046,0.0008014241192396469,0.00030946518618241164,0.7513783871706612,0.659871033796374,-0.010302074236471932,0.19199473965989788,0.0008925408403399014,0.012093128699109385
5.808,22.978524006000953,-0.016086271464468643,2.445962070558835,0.34796737109077674,0.0008205502267780549,0.00023919106050077497,0.7513801801709769,0.6598689978557807,-0.010531348239494233,0.19265678772144026,-0.00470127608759148,0.002643264363912378
5.8100000000000005,22.980670764001843,-0.016107257949794077,2.4463462131835483,0.3479546706826907,0.0008445692601948003,0.00015936897878675646,0.7513711931946001,0.6598792248143719,-0.010493475291564993,0.19206897386578176,-0.006355037199103364,-0.013691569125806286
5.812,23.25024911500077,-0.016128900682820697,2.4467318115073944,0.34793078956105716,0.0009054611376560135,9.265414133436097e-05,0.7513581976688355,0.6598939538677238,-0.010821659280448908,0.19279633219138984,-0.011946368758631967,-0.019715330740627566
5.814,23.251875794005173,-0.016151284748352618,2.4471206629277606,0.3478900462992378,0.0010114392566095026,4.403154047256863e-05,0.7513472988455324,0.659906214222427,-0.011193392375380832,0.19442194997267073,-0.020379005986829467,-0.01646058008046118
5.816,23.253865443002724,-0.016173068393635037,2.447508186827165,0.3478477133282214,0.0011243388320366326,1.1012190347446263e-05,0.7513296111733456,0.659926170957806,-0.01089407443543064,0.19375669711889956,-0.021176454306629042,-0.026706158851915636
5.818,23.255816627002787,-0.01619376459013292,2.447892912500776,0.34780845613120015,0.0012295941829045152,-1.0812568121815807e-05,0.7513033649663275,0.6599558635026337,-0.010350251665156206,0.1923567723076092,-0.01964018346235849,-0.03965914522754997
5.82,23.257938681002997,-0.016213507169792755,2.448276692748056,0.347766036257195,0.001330143190198162,-3.241049432654393e-05,0.7512735920613571,0.6599895601749158,-0.009873357613296177,0.19188380878863992,-0.02122207213132631,-0.04499600024036431
5.822,23.259842131999903,-0.016232350307595532,2.4486593419488054,0.347721123515602,0.0014277212659831039,-4.833124787851319e-05,0.7512402379437205,0.6600273207756928,-0.009423656464058995,0.19131775533444867,-0.02246946900747618,-0.05040675023828353
5.824,23.261859536003612,-0.01625025555473053,2.449042061766791,0.3476698788305411,0.0015192194504250454,-7.237740586572562e-05,0.7512069123378372,0.6600650434537688,-0.008954650155015667,0.19135295860743892,-0.025635699830617906,-0.050371931876530524
5.826,23.2639876500034,-0.01626705837172934,2.4494233725333587,0.34761734569933656,0.0016012072170832237,-9.383897037025696e-05,0.7511704447109228,0.6601063477368554,-0.008403433718376188,0.19064795865187684,-0.026280760762802374,-0.055134579696765364
5.828,23.421237679001933,-0.01628325776398134,2.449803602018947,0.347560091907459,0.001685519274905231,-0.00010478466970201776,0.7511349457448411,0.660146530192988,-0.008101676194871156,0.19010709882493798,-0.02864151475146838,-0.05363638251581429
5.83,23.423014617001172,-0.016299363853048924,2.4501825671309696,0.34749710962973124,0.00178711636844167,-8.91992827156063e-05,0.7511020828705804,0.6601836557853044,-0.008054729329906224,0.1894744970637187,-0.031506580008397615,-0.04955691810092952
5.832,23.42486812500283,-0.01631475924973211,2.450558696507755,0.3474350540602307,0.0018875476741210568,-5.37209423077978e-05,0.7510677094854804,0.6602224852624093,-0.007698963354281209,0.18805540616460142,-0.031045532398735823,-0.05180513013913641
5.834,23.426743356998486,-0.016329239156870026,2.4509316319019137,0.3473759663103532,0.001979377101444406,-4.364507180677991e-06,0.7510308757872188,0.6602641181084465,-0.0072410543593770214,0.18645819464774693,-0.029562148017296716,-0.055511054495217683
5.836,23.428729300001578,-0.016342869789232228,2.4513018670580067,0.3473187013362188,0.0020634172816488086,5.4448738002453634e-05,0.7509925331081043,0.6603074697141701,-0.006816293997774117,0.1851081108963126,-0.028650714364322215,-0.05778021087871099
5.838,23.430824857001426,-0.016355767900322008,2.451669904830039,0.34726198017995696,0.002142064426444703,0.00012019183837870666,0.7509536289483579,0.6603514551231086,-0.006449943578488005,0.18400957422288736,-0.028378506433822205,-0.05861242683929036
5.84,23.432926093999413,-0.016368292169456226,2.452036165602996,0.347202458573441,0.00221896900325972,0.0001866325893573603,0.7509157884056218,0.6603942156530465,-0.006262963401662406,0.18312124001100855,-0.029778403442529484,-0.05698837699460569
5.842,23.434859157001483,-0.016380248960730183,2.452400180916996,0.34714284372744025,0.0022892734932389272,0.00025382199595219137,0.7508771348920762,0.6604379025294765,-0.0059785435190228215,0.18199818427241443,-0.029825720301859156,-0.058223423448861535
5.844,23.436887875999673,-0.01639174892653268,2.452761266688042,0.3470848256199551,0.0023508404419766266,0.00032192398961249097,0.7508377140262573,0.6604824729771304,-0.0057500776111618305,0.1805334006561295,-0.02902739973882241,-0.05938981107213569
5.846,23.438943886001653,-0.016402742014610953,2.453119610096052,0.34702876768116153,0.0024036217979564764,0.0003881367168353629,0.7507974694693252,0.6605279947062039,-0.005496084919581064,0.17916213335718262,-0.0280475791206917,-0.060653574322391476
5.848,23.44092849500157,-0.016413393363429476,2.4534747086387565,0.34697504391225004,0.002450287847008728,0.0004602768808780383,0.7507567592981937,0.6605740477817259,-0.005325181735236309,0.17753979268877282,-0.02688032723984195,-0.06134343811366578
5.85,23.44296101800137,-0.016423679578640736,2.4538270595070135,0.3469229958430889,0.002490955938164777,0.000532915960316052,0.750716089974236,0.660620059786931,-0.005142428222660905,0.17616582467483785,-0.026042715837254028,-0.06128320140575417
5.852,23.444793232003576,-0.016433622968800216,2.4541758439608152,0.34687460841751283,0.0025234742935178757,0.0006131562976876854,0.7506750855440834,0.6606664605231808,-0.0049709980032649655,0.1743827699965108,-0.02421211036361708,-0.06177273463596231
5.854,23.446762805004255,-0.01644323076183462,2.454521775982809,0.3468286099323336,0.002548919160841289,0.0006935263733415429,0.7506346603945402,0.6607122131810902,-0.004803040935491733,0.17295651677618593,-0.02301770190419999,-0.06089994303391321
5.856,23.44875308200426,-0.016452462641100413,2.454864712420846,0.3467888987186109,0.002566059116327271,0.0007748627986068231,0.7505934876167589,0.6607588298884588,-0.004615066026963667,0.17145892763337908,-0.0198736880583645,-0.06203374270820946
5.858,23.450759466999443,-0.016461475937597926,2.455205631252512,0.3467523381733327,0.0025794660640901293,0.0008503228678916841,0.7505537531291631,0.6608038188218739,-0.004505660931179465,0.17045020032941183,-0.018298201565956372,-0.05987422245653416
5.86,23.4527937870007,-0.01647020758901766,2.45554383767318,0.3467209133452004,0.002583124638754312,0.0009232581906676033,0.7505144830687974,0.6608483076814149,-0.004364868054040548,0.16909426516347623,-0.01572982269373754,-0.059189168623766095
5.862,23.454849002999254,-0.01647877115872932,2.4558801902000593,0.3466920488183645,0.002582059845412381,0.0009883067982123515,0.7504773170453961,0.6608904242134026,-0.004280716991977971,0.16816749351840662,-0.014449340428037385,-0.056034393587322484
5.864,23.4569161899999,-0.016487069892134422,2.45621373903731,0.3466685693511711,0.0025725745503902752,0.0010556025395037974,0.7504401428283407,0.6609325681151148,-0.004148340701475478,0.1667658910765207,-0.011756332186931324,-0.05604519967215308
5.866,23.458917342999484,-0.016495193967151347,2.4565453934718233,0.346647928557365,0.0025594146423019493,0.001118418893982572,0.7504046513862997,0.6609728116297009,-0.004061098988767063,0.16581874878738656,-0.010336819980210188,-0.05351368483157528
5.868,23.46091237100336,-0.016502965067343126,2.456874150306359,0.34663308717261715,0.0025420610530871735,0.0011880407832350632,0.7503687929636922,0.6610134650904711,-0.0038846503211452978,0.1643701904105454,-0.00743663322424988,-0.05404070381663503
5.87,23.46282300400344,-0.01651058139565144,2.45720106764239,0.34662108066221403,0.00252295894494947,0.0012547104110772547,0.7503346167941684,0.6610522091486383,-0.0038072670825782225,0.16345076503125686,-0.006018579814240498,-0.0515003380090861
5.872,23.464816694999172,-0.016517890633631533,2.4575251404068346,0.34661626767745685,0.002483428777762759,0.0013196838860172722,0.750298840165328,0.6610928387620835,-0.003653750170938624,0.1620287504877391,-0.0024212990613028565,-0.05395078921967542
5.874,23.466700516000856,-0.016525093003719713,2.457847669512251,0.3466145374476423,0.002437159158371982,0.0013775509790314772,0.7502647101354167,0.6611316263301552,-0.0036004161793758887,0.16125728356502075,-0.000879219546818652,-0.05148713064053583
5.876,23.468731838998792,-0.01653198446935813,2.4581677907269075,0.34661950676509196,0.0023792795557862796,0.0014358312778257113,0.7502295602461776,0.6611715997758555,-0.00344500742611262,0.16005366485769373,0.0024711809854924952,-0.053032856692524014
5.878,23.47074410699861,-0.016538812261053977,2.458486783120548,0.3466270505776034,0.0023216186574598592,0.0014887137371464812,0.7501965481381153,0.6612091446583861,-0.003413221123417161,0.159489694615079,0.003759264443856363,-0.04980890740753201
5.88,23.472802112002682,-0.016545477364655458,2.4588036874224186,0.3466412561106344,0.002257623504662093,0.0015449275057007423,0.7501626831980837,0.6612476578954096,-0.0033319276019737245,0.15844594732287753,0.0070907146687262486,-0.0510808838954083
5.882,23.474753581002005,-0.016552205994208858,2.4591197727019813,0.3466579368997699,0.0021959422886560468,0.0015958909937185042,0.750131218825224,0.6612834381059192,-0.0033637388624977683,0.15803698663321666,0.008329365622132405,-0.04745673858536798
5.884,23.47674471299979,-0.01655882374418245,2.4594339648333636,0.34668122795706047,0.002129739834584323,0.00165180922933892,0.7500986575471458,0.6613204515818912,-0.0033083465695564265,0.15709069355090516,0.01163506649853424,-0.04908798043829752
5.886,23.47869949100277,-0.01656553680403423,2.4597475605437515,0.3467067498579365,0.002067266872097267,0.0017035630492360343,0.7500684059583534,0.6613548296215213,-0.003356121692188324,0.1567927260537315,0.012750994827230494,-0.0455971379554853
5.888,23.48077256900433,-0.016572154907207,2.460059451665542,0.346738886417759,0.00199773360235539,0.0017564575421488877,0.7500370657822975,0.6613904473682989,-0.0033087024278307025,0.15594069777042618,0.016058834031982574,-0.047231380648167065
5.89,23.48274896100338,-0.01657891580232505,2.4603709691959814,0.3467730735701266,0.001931637634355738,0.0018025513164993093,0.7500083089039101,0.6614231294412813,-0.0033800685657170227,0.15575447107863613,0.017085154439978014,-0.043339081823729184
5.892,23.484770934999688,-0.0165855528013128,2.460680968390344,0.346813654915561,0.0018579841240049947,0.0018479218790533323,0.7499784186987509,0.6614571071247516,-0.0033181768376648844,0.15499556168953377,0.02028277211315932,-0.04504710401763477
5.894,23.48675211799855,-0.01659235043326038,2.4609908029983623,0.3468558593963144,0.0017888430018054857,0.0018864468187525954,0.7499512165334029,0.6614880302614583,-0.003398596743777503,0.1549137914690031,0.021095316351551104,-0.04099702726695875
5.896,23.488706203999755,-0.016599054912498745,2.461299322689613,0.3469040468572261,0.0017140399180742198,0.0019249000145826315,0.7499229018596858,0.6615202174487497,-0.0033520910323132105,0.15425657826479566,0.024087306314384962,-0.04266918496607028
5.898,23.49076191399945,-0.016605945907017913,2.4616078787835973,0.346953409762846,0.0016452415904608978,0.0019570758072365055,0.7498973714636027,0.6615492387618425,-0.003445479582660294,0.15427529848545257,0.024676001187095373,-0.038473030333504125
5.9,23.49277933400299,-0.016612785223648795,2.4619153205581044,0.3470082713217491,0.0015735712639491164,0.0019910291391606314,0.7498707198898165,0.6615795213943467,-0.003419709644024576,0.1537183602777143,0.02742578719840438,-0.04015093815870676
5.902,23.49473363099969,-0.016619829268300194,2.462222992511177,0.3470638166191494,0.0015096536275151032,0.002020003465791827,0.7498468987119397,0.6616065817568695,-0.0035222509811926365,0.15383393658953393,0.02776858020358891,-0.03588269240087754
5.904,23.496657554002013,-0.01662680805061085,2.4625297510326947,0.3471243290619011,0.0014437947190036075,0.0020506085701869612,0.7498219608477354,0.6616348974258828,-0.0034896861020181622,0.15337741703349764,0.030252565160193978,-0.03755535762920252
5.906,23.498693538000225,-0.016633975537972506,2.4628369252369997,0.3471850140529788,0.0013863722533716872,0.00207658780440544,0.7497998646601014,0.6616599796804694,-0.0035842183901313622,0.15358570308067923,0.03033968499864688,-0.03327210602195847
5.908,23.500716777998605,-0.016640991825156146,2.463143336647843,0.3472500761817017,0.0013256397319222999,0.002101921333165161,0.7497764580604424,0.6616865478036772,-0.00350868589456036,0.15320448231956604,0.03252862139912477,-0.035246281129486697
5.91,23.50272203500208,-0.016648139899735383,2.463450276753258,0.34731481970806377,0.0012726180463628616,0.0021222412187912407,0.7497555642755964,0.6617102616502931,-0.0035746952685849686,0.15346893675424061,0.03236956790847533,-0.03146516754306489
5.912,23.76933608500258,-0.016655072545570315,2.4637565745818355,0.3473834414289084,0.0012145508614748563,0.0021389913293923895,0.7497332939708903,0.661735549516464,-0.003467053624431305,0.1531479457873057,0.034308945581786626,-0.03354903839544758
5.914,23.770976359002816,-0.016661439439436498,2.4640607811867374,0.3474614687129509,0.0011385052247958381,0.002152488115844899,0.7497061386321842,0.6617664061419138,-0.003184228923968595,0.15210247534167015,0.039011976891965866,-0.040921551812103475
5.916,23.77294643300411,-0.016667904991699227,2.464365243160467,0.34754004749725537,0.0010695087741917943,0.0021609744031913965,0.7496816667482646,0.6617942164163683,-0.003233475540501176,0.1522305686200024,0.03928842789112971,-0.03688212510711159
5.918,23.774897873001464,-0.016674766711740084,2.4646714499598485,0.3476140846064261,0.0010187533346475823,0.002163930564721629,0.7496628345864617,0.661815619327578,-0.003431501315612419,0.15310312545262236,0.037017882424770936,-0.02839155357755179
5.92,23.776916931004962,-0.016681802090809147,2.4649784635572343,0.3476868513645707,0.0009775706071784268,0.0021646158549814497,0.7496465680186954,0.661834104479136,-0.0035183380323543225,0.15350647294335823,0.03638264833096216,-0.02452933770522163
5.922,23.778869501998997,-0.01668899447826221,2.4652864932164427,0.34775731632368756,0.0009455246982533284,0.002160222876408777,0.7496331442948522,0.661849369868086,-0.0035968641850609674,0.15401440985867362,0.03523160099228058,-0.02025894190255002
5.924,23.780868656001985,-0.016696056426414915,2.4655937689005056,0.34782955268878674,0.0009200479712313163,0.00216486167505135,0.7496183445719083,0.6618661529092801,-0.0035316848587891615,0.1536372640027505,0.03611704335857049,-0.022313070259164496
5.926,23.783059441004298,-0.01670318140368203,2.4659013394854177,0.3479001865225253,0.0009043767365364905,0.0021717757795038334,0.7496050290968965,0.6618812324317127,-0.003563215654503698,0.15378464558959157,0.03531565837691444,-0.020072849663970466
5.928,23.948282638004457,-0.01670990672054519,2.4662086597018527,0.3479731290468577,0.0008771869461142263,0.002168770988203825,0.7495892062177953,0.6618991984413017,-0.003363396725309602,0.15365942907616295,0.03646994236476959,-0.023880145811111395
5.93,23.950545881001744,-0.01671788229340396,2.466505292990602,0.34805351172908416,0.000741617874121469,0.0020776339004179366,0.7495678348890149,0.6619238584158296,-0.003989017608403885,0.14831547538502737,0.04018928826421494,-0.03241114190737536
5.932,23.95251062999887,-0.01672823266903039,2.4667935268404726,0.34813294626633134,0.0005471293867820352,0.0019122090604332342,0.7495485119635447,0.6619464270763754,-0.005168060660275805,0.1441052137336334,0.03969573437248906,-0.029511799643819822
5.934,23.954592113004765,-0.016741960355635663,2.467074584083771,0.34820715027307625,0.00033581531478720373,0.0017099255359123333,0.7495334975981325,0.6619641224122699,-0.0068566189764268275,0.14051642144795431,0.03707847690267994,-0.02299954404539104
5.936,23.95655707699916,-0.016759440812011035,2.467348313507277,0.34827608743201705,0.0001205022484953923,0.0014889676577924409,0.749521850714019,0.6619779178769896,-0.008733113630752009,0.13685259083027548,0.03444514660595973,-0.017846229056615287
5.938,23.958465813004295,-0.016781185831801226,2.467612528797491,0.3483454092825592,-7.699193136417524e-05,0.001282137726135026,0.7495094825344951,0.6619923608214576,-0.010865353107310589,0.13209551052093108,0.03463750021883871,-0.01883395272272126
5.9399999999999995,23.960508977004793,-0.016806982933193406,2.4678677525308315,0.34841335445171173,-0.00027234823811127994,0.001071699920472621,0.7494981007293415,0.6620055696811225,-0.012891208086956539,0.12759940477585954,0.033948611270752244,-0.017260892107442524
5.942,23.962455288005003,-0.016836733836851983,2.468114839157007,0.3484810608994479,-0.00046016648226676117,0.0008804661105576133,0.7494859798161074,0.6620194703219281,-0.014867978207725055,0.1235308280338387,0.03382903724328899,-0.018283021311518547
5.944,23.964440335999825,-0.016870323827906382,2.4683547757841486,0.3485455064666733,-0.0006436595358839034,0.0006951801868637648,0.7494758060317129,0.6620310556159915,-0.016788842109690866,0.11995798972779682,0.03220256665943999,-0.015249570248607121
5.946,23.96652785900369,-0.016906460363953164,2.468589171081755,0.34860933095974544,-0.0008523013832588935,0.00047582206655950204,0.749466519772068,0.6620415265800608,-0.018062154834234644,0.11718735585057015,0.03189232176417189,-0.013787789763232692
5.948,23.96847516300477,-0.016945652800967125,2.468818636831523,0.34866964116290305,-0.0010653020943535512,0.00024175868770953508,0.7494601549468676,0.6620485502070086,-0.019590943900406242,0.11472390507060974,0.030137569569733604,-0.009245704401217856
5.95,23.970454553003947,-0.016986928911532313,2.4690440112620826,0.3487278403060861,-0.0013015909343351885,-2.8603572020091833e-05,0.7494554601631622,0.6620534859620466,-0.020632932696321965,0.11267833904778674,0.029082428872873482,-0.006530248736850548
5.952,23.972418092002044,-0.01703094196500028,2.469265497802805,0.34878189971517076,-0.0015384418390559066,-0.00030945039299335516,0.7494535977439245,0.6620550145311564,-0.02200212912324963,0.11073555456927602,0.027014707285868772,-0.0020793906708400926
5.954,23.974400166000123,-0.0170774018847237,2.469482779369242,0.3488329880537409,-0.0017740301718470288,-0.0005923116545034329,0.7494520019329327,0.6620560390046846,-0.023225607754297394,0.10863316823488227,0.025529506467587237,-0.001520874800716988
5.9559999999999995,23.976427515000978,-0.017126661392501196,2.4696959639955685,0.34887982291017516,-0.0020004449280307144,-0.0008663646516839169,0.7494515577170069,0.662055594544697,-0.024625799890194092,0.10658541879642171,0.02340408240439685,0.00033746060430067556
5.958,23.97844270900532,-0.017178469353208225,2.469904329575288,0.3489233167460468,-0.002218019437430048,-0.0011151906290225466,0.7494502162017176,0.6620560476083842,-0.02589994362832574,0.10417589223968755,0.021733620254271318,-0.0009723404763893046
5.96,23.98042900099972,-0.017232906741316112,2.4701081323385443,0.3489625285583918,-0.002425438097662663,-0.001339251498354525,0.7494489379281621,0.6620563519020178,-0.027215178144065377,0.10189544204781736,0.019594294747169283,-0.0008557270346996057
5.962,23.982433857003343,-0.017289940337406613,2.470308614429944,0.3489978630288911,-0.0026130173503609595,-0.001539772583851343,0.7494468536629135,0.6620575615273012,-0.02851311782115093,0.10023498581162761,0.017655506687743402,-0.0020993428089941253
5.964,23.984910282000783,-0.017349537075180832,2.470505836342338,0.34902883804899126,-0.002784957314005342,-0.001719629752738781,0.7494445565061848,0.6620590182223338,-0.029794933160716065,0.09860539207177062,0.01547665571542958,-0.002451828354042727
5.966,23.98635372800345,-0.017411265923948375,2.470700481078266,0.3490555300611643,-0.002954467388343162,-0.0018994351779929662,0.7494418850122655,0.662060816132263,-0.030860895104911232,0.09731666148883684,0.013334972831869872,-0.0029523893941138728
5.968,23.988411869002448,-0.017475208436679004,2.47089229144071,0.34907808213587144,-0.0031196530070544608,-0.0020732835910611974,0.7494389022184643,0.6620629132505833,-0.031967669755857395,0.0958993980148622,0.011264875781427841,-0.0033927217328207546
5.97,23.990544195003167,-0.017541066030187073,2.471082032675556,0.3490960549174773,-0.003290242575904799,-0.002260680152713569,0.7494360889161499,0.6620646586694561,-0.03292516923946853,0.0948647155016729,0.008975043790611969,-0.0029866950806276267
5.9719999999999995,23.992412526000408,-0.0176089944351791,2.4712691584844664,0.34911019853989544,-0.003460523442399479,-0.002449715405338405,0.749433020873921,0.6620665909829057,-0.033960369379108006,0.0935566530085541,0.007059856487867063,-0.0032918993435447088
5.974,23.994444397001644,-0.01767891657102797,2.4714546009886202,0.34911937506418267,-0.0036297810008107554,-0.0026464937226582117,0.7494305426382536,0.6620677325786198,-0.03495719044415273,0.09271491424398268,0.004576155171247357,-0.002280178718854419
5.976,23.996407389000524,-0.01775088271906223,2.4716375615875688,0.3491249775624648,-0.003796215314085305,-0.0028417131735323105,0.7494277564911651,0.6620691438332912,-0.035979202890081524,0.09147398111044751,0.0027891891597123073,-0.002684201729555978
5.978,23.998580857005436,-0.01782494659969548,2.471819230656769,0.3491251682222437,-0.0039539979547097,-0.00303589259245702,0.7494260003436634,0.6620693462661149,-0.03702799844291745,0.09082813658100965,8.31602539913581e-05,-0.0010763309312304876
5.98,24.000551383003767,-0.017901001623182103,2.4719985479815856,0.3491220488217479,-0.0041070955302462304,-0.0032246346665543695,0.7494238848842728,0.662069916445791,-0.038023663067908865,0.0896524425547674,-0.0015715496221736928,-0.0015958316403865635
5.982,24.002620031002152,-0.017979168018856573,2.472177040229494,0.34911306472926507,-0.004246626618526583,-0.003404921223109631,0.7494231032306448,0.6620690183190705,-0.039079243679575576,0.08923979951525848,-0.004504040957174888,0.0003958030316181035
5.984,24.004844340001,-0.018059219890490148,2.472353356764958,0.349101029864922,-0.004380660954756247,-0.0035757192290714365,0.7494217889116379,0.6620687323428547,-0.040022200737675734,0.08815233942651678,-0.006028737368220716,-0.000434352811594155
5.986,24.006463107005402,-0.018141202671635166,2.472529374488008,0.3490827080876166,-0.004504139189710394,-0.0037403633117293043,0.7494219738992719,0.6620667847350257,-0.04098754250749695,0.08800279875267109,-0.009172369525650327,0.0018133176344187552
5.9879999999999995,24.00850306999928,-0.018224872716092865,2.472703407970626,0.3490616347482229,-0.004625292975433384,-0.003896437478303414,0.7494213111689497,0.6620657994532576,-0.041831358222557145,0.08701100350492884,-0.010547588451546679,0.000503303623233025
5.99,24.0105169189992,-0.018310281481551834,2.4728776883393246,0.3490338686116374,-0.004740220325136737,-0.004051511420067159,0.7494222121321228,0.6620630359183919,-0.042700612627178294,0.08713429812043673,-0.013894189712652149,0.0028897693939868635
5.992,24.012462976003007,-0.018397195838204733,2.473050160956931,0.34900367783246633,-0.004856260424613367,-0.004200369092975701,0.7494218669186057,0.6620616580186495,-0.04345352542190553,0.0862306227599218,-0.0151061661949523,0.0009937416623188972
5.994,24.014487992004433,-0.01848571844197487,2.4732233808080424,0.34896629177024524,-0.004970985316647387,-0.0043552196603269125,0.7494229555149019,0.6620585737787869,-0.04425756078998435,0.08660409199796011,-0.018704015889294087,0.0032553552932490094
5.996,24.01643792699906,-0.018575611105987412,2.4733948061888804,0.3489268966724692,-0.0050913659660719686,-0.0045079077259826995,0.7494220728022531,0.6620576361294445,-0.044942530565759524,0.08570630503524658,-0.019709417609334562,0.0003041931216290594
5.998,24.01851436200377,-0.01866732134852759,2.473567325210428,0.34888017685525496,-0.005202282827906093,-0.00465959776679186,0.7494228287898979,0.6620548678852666,-0.04585125780165131,0.08625280318314865,-0.023372314968719284,0.0027974086144972425
6.0,24.020632778003346,-0.018760480623984548,2.4737381239060965,0.3488319222232091,-0.005315047058483284,-0.004805693824683533,0.749421512130267,0.6620544182603223,-0.04657584142855589,0.08539236560783668,-0.024140154428664507,-0.0003502792372524423
6.002,24.022584117003134,-0.01885334383632838,2.4739169285887272,0.34878810826175927,-0.005290853941894715,-0.004902298464342313,0.7494065748750254,0.6620708118233388,-0.04706330579271031,0.08771439041455147,-0.024827217809240357,-0.009574250205280271
6.004,24.02465293500427,-0.018940770504066805,2.4740832120223932,0.3487713837885945,-0.005060046308165865,-0.004886841736704288,0.7493904715633665,0.6620909573761259,-0.04370572600529282,0.08310559375547112,-0.008588127061927133,-0.024237162933575463
6.006,24.026582516002236,-0.019024798000893475,2.4742471199171985,0.3487782174804718,-0.0046961598013541385,-0.0048320350228306195,0.749368070203003,0.6621193947324647,-0.04188090510210891,0.08170280687634669,0.002869716023585019,-0.03424859058265762
6.008,24.028460640001867,-0.0191049464653484,2.4744007114960227,0.3488209759891082,-0.004459982967972697,-0.004860034676079957,0.7493213074830347,0.6621737436404347,-0.04006949520409277,0.07677869946592848,0.021319238921780417,-0.0704417425688812
6.01,24.030489786004182,-0.019182697324212544,2.474547149372414,0.3488906729800777,-0.0043621990917603205,-0.004979973942004028,0.7492563869879132,0.6622469612134431,-0.03887262909004145,0.07321358188110515,0.03483515803559429,-0.09688555699219827
6.012,24.291451914999925,-0.019258933783439937,2.4746868445452423,0.3489845779033332,-0.004376877596527945,-0.005162255924880726,0.7491734750766229,0.6623392622349119,-0.03811593371425827,0.06984356660422907,0.046944339183799914,-0.12337883308727864
6.014,24.293328093001037,-0.019333192436694728,2.4748193022999794,0.3490802772777736,-0.004452824258995126,-0.005324315330935254,0.7490989420965785,0.6624217681901481,-0.03712459554838431,0.0662265487560459,0.04785929896498525,-0.11086669646780148
6.016,24.295270814000105,-0.01940607971598259,2.474945337486174,0.3491723070048287,-0.004564112866899316,-0.005448977433831152,0.7490312999516412,0.6624964824143735,-0.03644389157152988,0.06301874863284643,0.04601697965806852,-0.10081748970045588
6.018,24.297180822999508,-0.019477924639349917,2.4750652259886534,0.3492602920159017,-0.004702641339598182,-0.0055444185410671865,0.748970485234181,0.6625634738163191,-0.035922698090865186,0.05994539866573582,0.04399447257579238,-0.09079199679128755
6.02,24.29929408099997,-0.019548878645367283,2.47517930481742,0.34934410530119153,-0.004863976713393195,-0.005618780434717355,0.7489164352994349,0.6626227765292598,-0.035477267647473755,0.057040620990683806,0.041908678272381636,-0.08077730282322543
6.022,24.301206554999226,-0.01962080171496432,2.4752921659766547,0.349412702008675,-0.004946581827016616,-0.005613644562216812,0.7488686439032256,0.6626762199607751,-0.03596161808660523,0.05643169986122837,0.034300310510122875,-0.07218637643887975
6.024,24.303193104002276,-0.01969270351040727,2.475400854893903,0.34947437064920633,-0.004996170042260236,-0.005559967256701181,0.7488324258398217,0.6627172270734035,-0.03595156595485331,0.05434387660292481,0.030833399523359083,-0.055246969616189655
6.026,24.30528569300077,-0.01976430277023281,2.4755095802026625,0.3495211354611782,-0.004990965642657533,-0.005485636428746664,0.7488031305879952,0.6627509861754588,-0.035800301837740384,0.05436194882421035,0.02338112249457704,-0.045029310115296886
6.028,24.469391431004624,-0.01983493305874141,2.475614741550534,0.3495631101482911,-0.004960840732716391,-0.005398574397044938,0.7487865488754889,0.6627706614484674,-0.03531647127028638,0.05257820917820131,0.02098303367856876,-0.02597215336796479
6.03,24.471192442004394,-0.019904060950846937,2.4757258095063897,0.3495814997521861,-0.004915661972570239,-0.0053856637192079265,0.7487703130325606,0.6627894456121013,-0.03456533344130354,0.05553136491300373,0.009190011557892678,-0.02462511846024327
6.032,24.47326697200333,-0.019971661117017637,2.4758360934365395,0.34959381844142234,-0.004869414764798813,-0.005412350352000764,0.7487647165622073,0.6627958920324062,-0.0338015177726483,0.0551392287963901,0.0061542824788737155,-0.008133908629851078
6.034,24.475263492000522,-0.02003786514291644,2.475942483641955,0.34960743957203366,-0.004820276413375218,-0.005453910988859264,0.7487727586348973,0.6627868252436149,-0.033103579888119926,0.05319202212444167,0.006804895549639198,0.012611903547868899
6.036,24.477163732000918,-0.020103043423126344,2.4760455744308207,0.3496201073392879,-0.004759581078767503,-0.005501883966623467,0.7487920221226677,0.6627651041403878,-0.0325907549487111,0.051542211328513964,0.0063279853993212344,0.02961926000453412
6.038,24.47914650200255,-0.02016804070777601,2.476150816154264,0.34961933444119797,-0.00467927558196263,-0.005574436295926283,0.7488128525307993,0.6627415347816206,-0.032500273356011515,0.05261773988952302,-0.0003922786442803224,0.03226647576862911
6.04,24.48118184300256,-0.02023275831640353,2.4762554128671987,0.3496125504414018,-0.004593015379341746,-0.005663034116872043,0.7488392514618573,0.6627115584659451,-0.0323599857897063,0.05229652456788317,-0.0033957683944850292,0.04085413072027607
6.042,24.48318363800354,-0.02029827757161346,2.4763603163966086,0.3495957357335835,-0.004486028025868769,-0.005746671089542471,0.7488671922149595,0.6626799979990512,-0.032760643513241684,0.05244943595631623,-0.008412038116539563,0.04315792686118947
6.044,24.485153211004217,-0.020364200025940075,2.476462621499263,0.3495766455115296,-0.0043818589434212706,-0.0058275376521535124,0.7489010923981949,0.6626416776221543,-0.03296075687880245,0.05114941992800953,-0.009551969073555723,0.05213612937812653
6.046,24.487121356003627,-0.0204308807257433,2.4765641118187762,0.3495491750318072,-0.004278646170857455,-0.005910629100132082,0.7489338044682822,0.6626046439433172,-0.033339652278398094,0.050741480706084356,-0.013743328646014517,0.05039031516094904
6.048,24.489184827005374,-0.020498075939341297,2.4766626161221774,0.34951959464141963,-0.0041905127475624585,-0.005994689941413286,0.7489689202206039,0.6625647589775672,-0.03359600940657855,0.04924766734311027,-0.014800219044147684,0.05403219042476314
6.05,24.49126718500338,-0.02056582676299889,2.47675952857438,0.34948412684826413,-0.004118116343224798,-0.006089817717574139,0.7490028265182458,0.662526015417983,-0.03387373560208962,0.048451284471742816,-0.017744872113010818,0.0523295521334736
6.052,24.49320314200304,-0.02063403938012321,2.47685322103367,0.34944722710414483,-0.004066940469498719,-0.006189291485158534,0.749038255756984,0.6624853538597396,-0.034104188572190025,0.046840482937724325,-0.0184625524913175,0.05466509717664029
6.054,24.495109087001765,-0.020702636134562604,2.4769447441246806,0.3494059128410308,-0.0040341770473861435,-0.0063002808107458725,0.7490722868363157,0.6624460287231468,-0.03429630159771931,0.045755527767854735,-0.02067035969051578,0.052672116148077104
6.056,24.49711956900137,-0.020771622635719914,2.4770329252057572,0.3493634717956151,-0.004021192403807409,-0.006415082149674581,0.7491069369672673,0.6624058225288962,-0.0344912505499271,0.044084209751796916,-0.021234314951402225,0.053634807661546186
6.058,24.499174892000156,-0.020840996588282555,2.4771185228415593,0.3493177736784738,-0.004021550200678139,-0.006535486482386387,0.7491403502037433,0.662366854731602,-0.03468507830358128,0.042792324286516824,-0.022863134087497367,0.05182605602287066
6.06,24.50115393300075,-0.02091074330226303,2.4772006818665577,0.34927121976187886,-0.004036952242235694,-0.0066563916152051275,0.7491740595713714,0.6623274295487168,-0.03487164000711974,0.04107266316669711,-0.023291634763174505,0.05227119356724033
6.062,24.50318014500226,-0.02098085080982799,2.4772797596051985,0.3492225594244942,-0.004058040241508661,-0.006774827656415416,0.7492069368821541,0.6622889095759373,-0.035052128942929944,0.03953193483903593,-0.024345004895518708,0.05099508632505152
6.064,24.50509978500486,-0.021051265692748348,2.4773552098719844,0.3491734145547072,-0.004087756818331977,-0.006889464957365194,0.7492400073851674,0.66225013163477,-0.03520622467832841,0.037717873258590245,-0.024587729558988084,0.051246200994321825
6.066,24.507112006998796,-0.02112186475569091,2.4774271078261605,0.34912328170705814,-0.004117257071259308,-0.006997760371290415,0.7492729146849011,0.662211581644106,-0.035298381180490286,0.035941691216357236,-0.02508177098021188,0.050943500774873446
6.068,24.509151454003586,-0.021192602473456276,2.4774951759667574,0.349073044292592,-0.004148957615296504,-0.007099796253584898,0.7493062004851756,0.6621726338035525,-0.035368331419103845,0.0340263472709666,-0.02513463702480673,0.051456540343074106
6.07,24.51115184900118,-0.02126323601943872,2.4775592986644974,0.3490230717101264,-0.004184806204706723,-0.007200156314587726,0.7493397196067212,0.6621333927282287,-0.03531629905107428,0.032053646502493434,-0.025002204051522956,0.05179469284787072
6.072,24.51321750900388,-0.02133382322934553,2.4776194674064844,0.34897347440026905,-0.004222838291779641,-0.007296767078184394,0.7493734652104587,0.6620939015467804,-0.03529341603075644,0.030076355707837833,-0.024815051055140206,0.05210367938931545
6.074,24.51520770999923,-0.021404167262970928,2.4776754102158463,0.348925282530464,-0.004268542449522054,-0.007394345974242848,0.7494076238725643,0.6620538622156411,-0.03517188284907672,0.027963457517781305,-0.024112220029683322,0.05273604985727228
6.076,24.517181522998726,-0.02147440328167781,2.4777273661573336,0.3488778554346559,-0.004316621883416387,-0.00748942368060974,0.7494417006979872,0.6620139066238385,-0.03511794147689677,0.02596985413172132,-0.0237301257895566,0.05259201806248526
6.076,24.519387546999496,-0.02154436085639394,2.477774975956221,0.34883275275588815,-0.004373937000427266,-0.0075864524982516566,0.7494762114089597,0.6619733551629404,-0.034978779820393,0.02379689953296568,-0.022567698973643698,0.053264823853735085
6.08,24.521169015999476,-0.021614207382560296,2.477818669128844,0.34878873445432973,-0.0044330775199499855,-0.007681639599284828,0.7495102645644603,0.6619333074783907,-0.034923251379485605,0.02183848370860052,-0.022025698526993907,0.0525629110287961
6.082,24.523193123000965,-0.02168384878660301,2.4778579493492545,0.3487478452863793,-0.0044992569728759734,-0.007775692183134629,0.7495447979533861,0.6618926583357629,-0.03482075320202766,0.019632161895386486,-0.02046083833083828,0.05327206795291305
6.084,24.525313509002444,-0.02175342844526927,2.477893408737368,0.3487083205826083,-0.004565217565114022,-0.0078668007239938,0.7495785491386862,0.6618529073034992,-0.0347898783002224,0.01772171143153965,-0.019778661946785143,0.052069762490785855
6.086,24.52716910000163,-0.021823257550355787,2.477924885466256,0.3486708083900962,-0.004640232464734883,-0.007975497073571338,0.7496106073974649,0.6618147754215726,-0.034914667769551135,0.01573055345787812,-0.018772056845987643,0.04974410827956109
6.088,24.52934128799825,-0.02189278276681679,2.477952364103877,0.3486359512857763,-0.004712488644385434,-0.008067269331248208,0.7496434017663463,0.6617760057636528,-0.0347626614529153,0.013731897695441801,-0.017443805988044063,0.05065072996060668
6.09,24.531191624999337,-0.02196211755634056,2.477976369601024,0.34860225473722817,-0.004780641946288301,-0.008150233799883102,0.7496753861587541,0.6617382673983057,-0.0346675407232412,0.011995116887246627,-0.0168638538796436,0.04933466977183084
6.092,24.53322173700144,-0.022031394989533652,2.4779960384860993,0.3485729715869866,-0.004850827797035466,-0.008226571421580203,0.7497084773954268,0.66169932137925,-0.03463889652889594,0.009826977795058674,-0.014656864334457257,0.050923642091934104
6.094,24.535101708002912,-0.02210075211036997,2.4780121456975555,0.3485455670734317,-0.004917156170560421,-0.008301023865002009,0.7497405338041211,0.6616615800763248,-0.03467877444097501,0.008046191727567965,-0.013717425597964152,0.049358250255526426
6.096,24.537215310003376,-0.022170028871151777,2.4780239469696568,0.34852322285250065,-0.004987724757635449,-0.008372300077533763,0.7497736856651129,0.6616225868856853,-0.034638631466032875,0.005893445275974237,-0.011186853519922366,0.05096998207736602
6.098,24.53918859999976,-0.02223934528165747,2.4780323957758656,0.34850274327698216,-0.005053497165010446,-0.008441183851555848,0.7498054667835345,0.6615851952417869,-0.03465846760456152,0.004217318004331457,-0.01025430639330708,0.04889006554019035
6.1,24.54132998300338,-0.022308472868444968,2.478036681462025,0.34848773022072455,-0.005128436060530775,-0.00851425875868487,0.749838494675926,0.6615462481516348,-0.03456410090301644,0.002136003189463808,-0.007520568013772978,0.05082403160855389
6.102,24.54319532700174,-0.022377605624953646,2.4780377962423565,0.34847469431894634,-0.0052000507381031544,-0.008588804547634554,0.7498700818506785,0.6615089207667729,-0.03456668460578807,0.0005506568834729054,-0.006531763507293382,0.04869174735020881
6.104,24.545166538002377,-0.022446597405899976,2.4780348728913575,0.3484674232983278,-0.005280939588425661,-0.008666581442504557,0.749902716039042,0.6614702703224324,-0.034496249299960535,-0.0014681564718775123,-0.0036488273162141273,0.05031266029451778
6.106,24.547153272003925,-0.022515671670789963,2.4780289583956465,0.3484621868506764,-0.00535772390715499,-0.008745167768678553,0.7499334740383089,0.6614337467593149,-0.034537411405596415,-0.002963380069653401,-0.002630884863802928,0.04751446453144059
6.108,24.5491860559996,-0.022584716177410966,2.478019144920275,0.34846287148296695,-0.005443286808368081,-0.008825711320053428,0.7499651548991918,0.6613960567507552,-0.034522584606161984,-0.004912613492473505,0.0003301859890634263,0.04893233686844886
6.11,24.55117990099825,-0.022653939290464328,2.4780065305403856,0.34846549494068685,-0.005524456695959978,-0.0089071982415332,0.7499946205738112,0.6613608782714969,-0.034611773964754414,-0.006312674155795946,0.001300327880965251,0.045625148465282324
6.112,24.811595431005117,-0.022723243046562234,2.4779894223452104,0.34847708302581837,-0.005620302492505522,-0.008986711400109579,0.7500270726598316,0.6613221918969813,-0.03465215618513903,-0.00855931787741038,0.0057831840892020895,0.05008849903958231
6.114,24.813379206003447,-0.02279264006138549,2.4779667993647703,0.34850193279783787,-0.005733675357524493,-0.00905502309427635,0.7500641612004127,0.6612782210283187,-0.03469856588496568,-0.011316152043695104,0.01241499027910951,0.05689396067808357
6.116,24.815346283998224,-0.02286237099099683,2.4779413476527816,0.34852984737123216,-0.005842444568856102,-0.00912210272141323,0.7500976142690361,0.6612384003907367,-0.034865565248146754,-0.012729709538380037,0.013949005820170899,0.05140795297719103
6.118,24.8174458670037,-0.022932653223167482,2.4779145568004743,0.34855542026116343,-0.005938329294987966,-0.009193632192101788,0.7501246873091906,0.6612058430334607,-0.03514134259264257,-0.013398716043197128,0.012779396780938337,0.041882590853509885
6.12,24.819337231005193,-0.02300344813038937,2.4778855933898396,0.34858148728005955,-0.0060296253311593745,-0.009265464521941628,0.7501490759808573,0.6611763445485814,-0.03539770038711859,-0.014484739499900265,0.01302702651283391,0.03785604278081538
6.122,24.821568006002053,-0.02307479948793936,2.4778545937190115,0.3486075287578843,-0.006112390152181572,-0.009335970178514617,0.7501710139773821,0.6611497017586864,-0.03567577344414106,-0.015502851762783305,0.01301427432822767,0.03416372290803591
6.124,24.8237839190042,-0.023146455869522624,2.477820019214887,0.34863870689148313,-0.006195952792165242,-0.009399493786879569,0.7501939628002263,0.6611219841025108,-0.03582822745763624,-0.017290250589984565,0.015582615283099585,0.035587850242107304
6.126,24.825832080998225,-0.02321852745944894,2.4777829764227985,0.34867124733932653,-0.006270210733277308,-0.00946066126363777,0.7502145123143921,0.6610970926109824,-0.03603627666431201,-0.018523540744676836,0.01626555974207987,0.031952635994664774
6.128,24.98259867700108,-0.023290922553744344,2.477742516347236,0.3487095410647153,-0.0063505449420462705,-0.009521254957837375,0.750237877036316,0.6610689405372244,-0.03619806026813844,-0.02023200400313571,0.019142630476978523,0.03619818256383044
6.13,24.984407422001823,-0.023363386248408613,2.47769738140023,0.3487589950757406,-0.006453473272708858,-0.009582942434367003,0.7502676916348797,0.66103321458599,-0.03623210452659577,-0.022569576382361876,0.024722414224184183,0.045935274191556984
6.132,24.986409322002146,-0.02343622175476976,2.477649984510295,0.3488100709934675,-0.006554691729639154,-0.009650722885303581,0.7502956816013442,0.6609994627338928,-0.0364178124074862,-0.02370021248718888,0.025533929294520114,0.04330106133100005
6.134,24.988170812001044,-0.023509711185480647,2.4776017291100247,0.34885759059022503,-0.006644607207452314,-0.009727367663598914,0.7503188711492342,0.6609711182122369,-0.03674487973431486,-0.024129001818050867,0.02375675477660775,0.036236370624336205
6.136,24.990226267000253,-0.023583962246454884,2.4775527624617566,0.34890121427043486,-0.006721594839019378,-0.009810091847041971,0.7503381316097611,0.6609472524439035,-0.03712568498518072,-0.02448446791067961,0.021809166109812306,0.03044424515376066
6.138,24.99222450000525,-0.02365899558864287,2.4775027018369715,0.3489422923481312,-0.006787008427547495,-0.009895471623180125,0.7503553768494244,0.6609257330374704,-0.03751672749369695,-0.02503154313191002,0.020536194926913123,0.027483052459379795
6.14,24.994205615999817,-0.02373470295919897,2.477448718003513,0.34899167986833807,-0.0068564236294982196,-0.009966830980742188,0.7503768191946766,0.660899599750593,-0.0378536204820032,-0.0269933358570177,0.02469049753640368,0.033584597571511395
6.142,24.99622172400268,-0.023811092040925075,2.477392354915967,0.34904344320839714,-0.006919178068961491,-0.010035136925226699,0.7503967093361354,0.6608753283481246,-0.03819457436916732,-0.028181833888959663,0.02588056955940875,0.031202292996669698
6.144,24.99824827300472,-0.023888347123975105,2.4773332367866354,0.3490991389548739,-0.006978744098373702,-0.010095759506817362,0.7504167125129969,0.6608510651818427,-0.038627599508605316,-0.029559124062265688,0.02784734433087406,0.031248666446486238
6.146,25.0002354390017,-0.023966462561104303,2.477272843955186,0.34915318580915183,-0.007028539414719989,-0.010159479401020133,0.7504324423288573,0.6608316987799104,-0.039057614385913514,-0.03019621442559126,0.027023379644968298,0.024868187895449423
6.148,25.002162975004467,-0.02404557278959333,2.477210058827343,0.3492106258534448,-0.00708446866770682,-0.010224039154785683,0.7504494537304341,0.6608107873837643,-0.039555016270528494,-0.03139217789313297,0.02872035533994695,0.02681718883183407
6.15,25.004216705005092,-0.02412570027472971,2.477145961488205,0.34926687807860174,-0.007138480613543328,-0.010294345077194268,0.7504642130180923,0.6607923528106975,-0.040063001750912146,-0.032048952911694815,0.028124966079905285,0.023530346345991583
6.152,25.006320831002085,-0.024206791746664028,2.47707951925126,0.34932518880018365,-0.0071989347302558035,-0.01036644216692038,0.7504789870664051,0.6607737904815323,-0.040545015993598624,-0.03322138348102443,0.02915418597617705,0.023582344623859212
6.154,25.008262880000984,-0.024288927742430987,2.4770117248385044,0.34938178485112953,-0.007257430942362364,-0.010443872352630649,0.7504909070773956,0.6607583927734454,-0.04106734735919956,-0.033897365815789,0.028297078964237457,0.019380027160348094
6.156,25.010299583998858,-0.02437193433802103,2.4769411154463485,0.34943999990335967,-0.007331794961460308,-0.010529731359682963,0.7505043071182623,0.6607409889942297,-0.04150269173713602,-0.035304815367066256,0.02910667808566264,0.021758927310492324
6.158,25.012337432002823,-0.024455891356621202,2.4768687163931196,0.3494961915342916,-0.007410746012076063,-0.010623131334501369,0.7505164696304425,0.6607247980344401,-0.04197778288716064,-0.036199843956980074,0.028094553606388104,0.020038275698897143
6.16,25.014544327001204,-0.024541007434587127,2.4767938729383823,0.34955407440351804,-0.007486394309525349,-0.01070491211545188,0.7505298717107157,0.6607074015225949,-0.04255734447868646,-0.03742197987434171,0.028940282813307974,0.021710953846686063
6.162,25.01630945400393,-0.024627301756647936,2.4767176576047727,0.3496097875867585,-0.007555137721750753,-0.01078592248235352,0.7505413103694498,0.6606923075071475,-0.043146592554547086,-0.038107716795268046,0.027855882184834403,0.01875348731907202
6.164,25.018234704999486,-0.024714850618209203,2.4766391806151984,0.3496661520823856,-0.0076227689451211075,-0.010863072734983608,0.7505535131399055,0.6606764041175599,-0.043773880268919686,-0.03923851381767911,0.028181624484265245,0.019848614082377772
6.166,25.020206355999107,-0.02480361198854239,2.47655939000679,0.3497197011118336,-0.007686781664352882,-0.010945447016065304,0.7505638150045607,0.6606625993523944,-0.04438006554032338,-0.03989542892339139,0.026773675285887057,0.01709687730010832
6.168,25.0222878880013,-0.024893658537199326,2.4764775441164506,0.3497732854556963,-0.007744969186496395,-0.01102328119916449,0.7505741900572214,0.6606488386002434,-0.04502263466152498,-0.04092308706089421,0.026791284005899575,0.017141063703997532
6.17,25.024381809998886,-0.024984932664619357,2.4763944780132565,0.349823894450458,-0.00779602845547813,-0.011104686803387501,0.7505823571185801,0.6606375958523981,-0.04563659115955637,-0.04153293157969167,0.025304172270475385,0.0138982751125624
6.172,25.026314758004446,-0.0250773134250029,2.476309058214244,0.34987376553466276,-0.007853997515712861,-0.011192575005685629,0.7505910781280262,0.6606255175380169,-0.04618988408685235,-0.04270983340014278,0.024935134641853592,0.014865321938595816
6.174,25.028344076003123,-0.025170817547286388,2.4762220725300503,0.3499202801662185,-0.007913161297471574,-0.011288294226501015,0.7505984949941207,0.6606147558178649,-0.04675144831194176,-0.043492959768953794,0.023256515240988672,0.013063928605925059
6.176,25.030286599998362,-0.02526547559397582,2.4761329265970153,0.34996558589382315,-0.007978368002913391,-0.01138892334891728,0.7506066715464241,0.6606029538981498,-0.04732839289023135,-0.04457312605750914,0.02265195742455277,0.014317258974874883
6.178,25.032292237003276,-0.02536136683583952,2.4760423526812905,0.35000731708240473,-0.008044196056527987,-0.0114962055502328,0.7506138008155355,0.6605921965880363,-0.047944835472980014,-0.04528735734475187,0.020864171568725793,0.012887664467127014
6.18,25.034480073998566,-0.0254590393706642,2.4759513878590416,0.35004677461156414,-0.008096081500046504,-0.011606298628399495,0.7506203138843831,0.6605822368794088,-0.04883544376426195,-0.04548285155934282,0.01972722904557628,0.012064863445982033
6.182,25.036317748003057,-0.025558436342514295,2.4758604261197017,0.35008207206732667,-0.008136695395800093,-0.011724927206078099,0.7506247890600474,0.6605745577288059,-0.049697477942772586,-0.04548157620092015,0.017646614307163657,0.009207141696915572
6.184,25.038326423004037,-0.02565967463033143,2.475767500703847,0.35011444861493485,-0.008170896412820927,-0.011831377858510014,0.750629471672637,0.6605669165241607,-0.05061801510726002,-0.04646357880128029,0.01618576749270355,0.009292013124844501
6.186,25.040458930001478,-0.025762588287111463,2.475673000766965,0.35014282190112866,-0.008203524303528961,-0.011936171434204047,0.7506334150732935,0.6605601457671354,-0.05145546373432209,-0.047251189762108514,0.01418336227036903,0.008155900832756191
6.188,25.042406682005094,-0.02586725799887081,2.475577307094215,0.35016806166997533,-0.008236507114498479,-0.012048079235466325,0.7506358284685305,0.6605549611929741,-0.05233341426850934,-0.04784817429692165,0.01261631636027151,0.006008873453747668
6.19,25.044423441002436,-0.025973617531133576,2.475480668061244,0.35018942348962917,-0.008271584290787467,-0.012170402791636392,0.7506363371355981,0.6605517024131136,-0.05317814158145575,-0.04832113272401873,0.010676733650724727,0.0033660873740301296
6.192,25.046331399003975,-0.026081765877481903,2.4753828311456387,0.35020690018457573,-0.008313999547792269,-0.012303950386557141,0.750635809792156,0.6605492951128467,-0.054072489210183906,-0.048920179407719665,0.008733923268599559,0.0020462911315437798
6.194,25.04835282899876,-0.026191688509754518,2.4752838666225814,0.3502203175058593,-0.008362522254804265,-0.012447395057005142,0.7506342578648862,0.6605477586802214,-0.05495930568915684,-0.049484483681137954,0.006703158123125542,0.0007236840160784755
6.196,25.050295319000725,-0.026303535636496844,2.47518410265559,0.35022920155515264,-0.008415192327286958,-0.012602033030943854,0.7506317045701849,0.6605470591832504,-0.05592149642783081,-0.049884295043252355,0.00443628392053245,-0.000523914436996474
6.198,25.052295943998615,-0.026417272030270632,2.4750833806505463,0.3502340976380961,-0.008472437162584095,-0.012765910773039449,0.750628662912961,0.6605466370697539,-0.05686596285056515,-0.05036357207100668,0.0024417441216731638,-0.001034207690961249
6.2,25.054391525001847,-0.026533338186162186,2.474982241758853,0.35023372736629144,-0.008523234237314279,-0.012931824534148673,0.7506244293051773,0.6605475671915163,-0.058030767116139526,-0.05057210788447473,-0.00019166410163203132,-0.002736866258421926
6.202,25.056374350002443,-0.026651518264780228,2.474880224781501,0.35022954898196634,-0.008573911932409525,-0.013101297985769622,0.7506201630019572,0.6605484198150644,-0.05908755624576319,-0.05101140208995887,-0.002096266698324265,-0.002667992070893441
6.204,25.058257791999495,-0.02677186799120983,2.4747779628666455,0.3502199172909399,-0.00862142151863582,-0.013277112250585069,0.7506156069839034,0.6605494681955847,-0.06017227686334452,-0.05113400685350666,-0.0048232377369048585,-0.0029102209780251295
6.206,25.06035153999983,-0.026894260268320418,2.474674768150102,0.35020680756425826,-0.008671547680073588,-0.013459664017259114,0.7506120102655464,0.6605492046399649,-0.06119343312187581,-0.05160058555985089,-0.006562641364334999,-0.0012681373777367205
6.208,25.06232446800277,-0.027018918152889336,2.4745717541799794,0.3501875383803967,-0.00872011933467199,-0.013654138927623577,0.750607628846653,0.6605495526651575,-0.06232613679718981,-0.051510351494594465,-0.009642681225163829,-0.0021209724971397855
6.21,25.06438435400196,-0.027145703367028415,2.4744678502974207,0.350165066303218,-0.008772072019885509,-0.013856381320002316,0.750604481403494,0.6605482298410801,-0.06338959805325992,-0.051955612040332715,-0.011244779638285168,-2.9620685756774107e-05
6.212,25.32473457600281,-0.027274844713532698,2.4743644614222515,0.35013604608713395,-0.008822331199048327,-0.014071560533375167,0.7506002403573517,0.6605478308433507,-0.06456755564711848,-0.05169825863668904,-0.014519195722629667,-0.0013082078915064737
6.214,25.326374216005206,-0.027406817020369678,2.4742639206122976,0.3500950037107251,-0.008859896873295376,-0.014302496903719392,0.7505915949575709,0.6605521920247965,-0.06598280307182783,-0.050274527304837814,-0.020530954404050526,-0.007472325859061999
6.216,25.32835780500318,-0.027541095452122463,2.474162560761813,0.3500516554638494,-0.008900866712676304,-0.01453860490528511,0.7505851100264174,0.6605538555983167,-0.06713570403280873,-0.05068482501960205,-0.02168544201103566,-0.004020163954898928
6.218,25.330414219002705,-0.027677457354227584,2.4740587530021387,0.3500098175822469,-0.008949123432557967,-0.014775023766122709,0.750582546087203,0.660550871146009,-0.06817728329537463,-0.051909288009248364,-0.020931342051185402,0.001957301140130341
6.22,25.33259203000489,-0.027815996732574746,2.4739529511361025,0.3499680497770307,-0.00900301603418657,-0.015013768457982503,0.7505824125415476,0.6605449072109243,-0.06926598115566326,-0.052906537319483825,-0.02089672890027946,0.005737475195243712
6.222,25.33443252800498,-0.0279573249169585,2.4738493567668587,0.3499169457295544,-0.009044948762923555,-0.015260856269201567,0.7505781879972723,0.6605434723548013,-0.07066039031295601,-0.051802761404143305,-0.025564826891788413,-0.00010943325503104207
6.224,25.336352252001234,-0.028101147622971383,2.4737454824114704,0.3498628118248982,-0.00908899628282613,-0.015515264682216721,0.7505738882447811,0.6605418268312176,-0.0719075364786669,-0.051943259884474846,-0.027080740725915764,3.504292535815971e-05
6.226,25.50437554200471,-0.028246559040882014,2.473648174863807,0.3498095022139032,-0.009108429537710825,-0.015699838446752313,0.7505697728549003,0.6605418742673668,-0.07287143602639072,-0.049214285864191305,-0.02751053228698761,-0.001857648675450135
6.228,25.506000009998388,-0.02839045142950434,2.4735497224887713,0.34976063196355844,-0.009104041227156703,-0.015710787683403078,0.7505842644690942,0.6605252073275404,-0.07195056859507519,-0.04926014442465188,-0.02452704764382788,0.022298586425505296
6.23,25.508126421998895,-0.02853206516554177,2.4734475579788184,0.34972907375505285,-0.009113598751390768,-0.015589127159492573,0.7506191713960081,0.6604882898015486,-0.07080263372276073,-0.051088677795328205,-0.015797434591079462,0.0495345633575679
6.232,25.51006026200048,-0.02867094204480108,2.473341200670375,0.34971712154427875,-0.009165455555787494,-0.015390794824476453,0.7506718997000904,0.660432295439724,-0.06943467557958838,-0.05318505094238656,-0.005991295560887181,0.07426018544195805
6.234,25.51201639500505,-0.028808754850382402,2.473236534855989,0.3497215662521365,-0.009264872161584049,-0.015181617997080739,0.7507452566618907,0.6603523606518659,-0.06859651807966552,-0.052850280467179815,0.001261796644706801,0.10127124743227231
6.236,25.514068317999772,-0.028945133616794863,2.47312621428679,0.34975052861073463,-0.009466403234730685,-0.015077037370604758,0.7508293540309136,0.6602562769708775,-0.06819035922604183,-0.05516719730495918,0.014418006460594488,0.12358875563186889
6.2379999999999995,25.516171686002053,-0.029079564447934518,2.4730153488034805,0.3497914601032801,-0.009759697667613153,-0.015147740257955698,0.7509127630147115,0.6601555245607855,-0.06721531184084799,-0.05543592268837881,0.020455203940946163,0.1269825122709009
6.24,25.518145695001294,-0.029213337921727298,2.4729038255692832,0.3498428189193713,-0.010091042015667651,-0.015327219708906496,0.7509980715539195,0.6600493494651191,-0.06688882168006147,-0.05576287930569708,0.025675934190828434,0.13279510831161304
6.242,25.520117312000366,-0.029345659558085914,2.4727997178204912,0.34989167558455553,-0.010324282637260911,-0.015485382869682852,0.7510764964152187,0.6599528078870831,-0.06616240393592912,-0.05205560158083476,0.024424446902066355,0.12231396751674943
6.244,25.522048876002373,-0.029476953623564287,2.472702185472906,0.34993593287240293,-0.010495074487223446,-0.01562290409525456,0.7511460868665637,0.6598676643571701,-0.0656494215966712,-0.048771553218294746,0.02212009584922906,0.1086499063187611
6.246,25.523939493003127,-0.029604869210763704,2.472608656575837,0.3499744240789795,-0.010494944425521274,-0.015588734293660238,0.7512088090118801,0.6597970693838975,-0.06396014947473186,-0.046771597726647914,0.01923396698142519,0.09405283506482776
6.248,25.52601058700384,-0.02972891663402919,2.4725188185182576,0.3500103696909991,-0.010336651519368304,-0.015405062862262326,0.7512631592484553,0.6597419974729565,-0.06202532227238336,-0.04492299716690683,0.017965908810639187,0.07776722193497436
6.25,25.528010517999064,-0.02984808989053396,2.4724330371362244,0.3500420902409059,-0.01002182271753424,-0.015059149286561433,0.7513094718199073,0.6597021014411545,-0.05958882465501873,-0.04289471749095141,0.015853664157066627,0.061797016677879825
6.252,25.52999885000463,-0.029961539846589808,2.4723513385175626,0.35007101553291925,-0.009579451899562847,-0.014590306185419224,0.7513465709941592,0.6596769567917607,-0.05672826958147402,-0.04085424316049467,0.014454687238881238,0.04532408147361991
6.254,25.532145088000107,-0.030067711365122582,2.4722738122463013,0.3500972844308636,-0.00908622654044634,-0.014065185082454065,0.7513745357078273,0.6596634885649643,-0.05308944530125613,-0.03876801467897492,0.013126616111893403,0.03072848529926784
6.256,25.534036924000247,-0.03016716335790288,2.4722015241621804,0.35012144187910543,-0.008558541868747695,-0.0135006922959991,0.751390896486429,0.6596637047359285,-0.04959539322873173,-0.036340706832505947,0.01166156009964749,0.013257007549031877
6.258,25.53601183000137,-0.03025763040359265,2.4721325529392857,0.3501446971389265,-0.00815384276556941,-0.013064383219258267,0.7513925178169667,0.6596757695322256,-0.045237203040484016,-0.03448914086572051,0.01160422996691428,-0.006291235163899317
6.26,25.538147407001816,-0.030339822187889533,2.4720672937326897,0.3501675624556401,-0.007855659208276201,-0.012734256643392228,0.7513801168288472,0.659699967682591,-0.041097351218537685,-0.03263065455789489,0.011429688910499357,-0.02516092974837366
6.2620000000000005,25.54016933800449,-0.030413659618127437,2.472005202923141,0.3501911771218888,-0.007793030035781527,-0.012655808123955847,0.7513541320141977,0.659731814837501,-0.036919612770621175,-0.031046598750058326,0.011805265667893078,-0.040890849256348796
6.264,25.542147790001763,-0.03048015359860444,2.471946296808147,0.3502143907015364,-0.007915936586053713,-0.012771747541207946,0.7513165923032252,0.6597708682130322,-0.033247228849697254,-0.029451746116741697,0.011608688579476847,-0.054759673844272216
6.266,25.54413956800272,-0.03054119236750348,2.4718903052504944,0.35023673909069375,-0.008146605189887829,-0.012997736320974451,0.7512733185630449,0.6598129223421442,-0.03051994449245834,-0.027994518361022815,0.011176243314991683,-0.061302971297692826
6.268,25.546012049002456,-0.0305973615989041,2.4718371771299923,0.35025796235709383,-0.008455333206858186,-0.013301007647045985,0.7512258680782959,0.6598570191078862,-0.028085540123479674,-0.0265628158375324,0.010613610057911626,-0.06597854168215252
6.27,25.548129378999874,-0.030650894611575448,2.4717866936853863,0.35027696773309186,-0.008669465712328536,-0.013490577943245678,0.7511825716382037,0.659899680813709,-0.0267668566154043,-0.02524043953584711,0.009504687773631103,-0.061863266162690916
6.272,25.5501423780006,-0.03070145202774543,2.4717388576538206,0.35029397726977973,-0.008804631272805166,-0.013584360812027279,0.7511433603408396,0.6599406002250128,-0.025279054068369076,-0.023917503047839527,0.008505547214984489,-0.05762439381323791
6.274,25.552136639998935,-0.0307501528755782,2.471693526563664,0.3503083179152211,-0.008744001411912306,-0.013454543148705773,0.7511132614827343,0.6599783224718351,-0.024350575000251506,-0.02266503324178044,0.007171141967568783,-0.04851859133714086
6.276,25.554033655003877,-0.030796099088779654,2.4716507432878743,0.3503204613123215,-0.008532186798454421,-0.01315161199779009,0.7510905592940569,0.6600130367118794,-0.022974516558320508,-0.021394033513369364,0.006068162733553309,-0.0408591263146506
6.2780000000000005,25.556079309004417,-0.030838734926864397,2.4716104009012945,0.3503308174585952,-0.008211786088576374,-0.012727819665347861,0.7510732660095549,0.6600450880519769,-0.021319798582202815,-0.02017324648238878,0.0051750676916293235,-0.03489138726781989
6.28,25.558174687001156,-0.03087747446892452,2.4715725296561817,0.3503396397326868,-0.007814021591800944,-0.012218284994740286,0.751059762240392,0.6600749109924993,-0.019371746179708237,-0.018936211148757917,0.004410618670561731,-0.030434663036807988
6.282,25.56008276600187,-0.030911087179269804,2.471536982719284,0.3503480056770208,-0.0074863029461513025,-0.011793110370034415,0.7510443183155108,0.6601040143356108,-0.01680783882887459,-0.017773520053670604,0.004183284267475091,-0.03137057806056867
6.284,25.562012734000746,-0.030939815502359636,2.471503735661729,0.3503557344647001,-0.00721998324360612,-0.011441990138871485,0.7510271037855091,0.6601327458043375,-0.01436495705960391,-0.016622357520927222,0.003866537620067416,-0.032428977285495514
6.286,25.564051767003548,-0.03096323580614708,2.471472564872929,0.3503636286349924,-0.007124981060939144,-0.011290626320284275,0.7510043245013578,0.6601622989708186,-0.011710457137724147,-0.015584119217070471,0.003949272801782433,-0.03723704610315286
6.288,25.565996375000395,-0.030982154282286074,2.4714433950236994,0.35037127573392807,-0.007164297860381542,-0.011296332782084043,0.750977444944555,0.6601923529444977,-0.009459445127144738,-0.014583617076304253,0.0038256995698757157,-0.04071750790551636
6.29,25.56811289000325,-0.030997578533585573,2.4714159610174677,0.3503785766487377,-0.007312542750919014,-0.011429183806347646,0.7509474665240387,0.6602225405097621,-0.007712513883119796,-0.013715704706699765,0.00365258381936699,-0.04318325484147205
6.292,25.570019334998506,-0.031010118089894324,2.4713901873411097,0.35038528801886565,-0.007540786417295939,-0.011655594811314491,0.7509157298266295,0.6602521112035489,-0.006270425661709606,-0.012885566093642798,0.0033577912293258957,-0.04411109941577248
6.294,25.572027005000564,-0.03102145180322394,2.4713658549478925,0.3503906388123164,-0.007721353258313946,-0.011828470714427908,0.7508867202748637,0.6602799416151278,-0.005667241058226085,-0.012164910157451104,0.0026775026841412766,-0.040852241473251893
6.296,25.57408992400451,-0.031031467311004077,2.4713429395822155,0.3503947677672772,-0.007859590014920223,-0.011953360338732347,0.7508606865277206,0.6603056666790995,-0.005008015917546482,-0.011456381578046307,0.002066563536438302,-0.03717635815565785
6.298,25.57610738400399,-0.03104117653559512,2.471321321626779,0.35039706190817305,-0.007848833923916802,-0.01190760162633796,0.7508411715814443,0.6603288119473111,-0.004854628345224852,-0.010807674609437426,0.0011491822295890074,-0.030495623534324737
6.3,25.57820866900147,-0.031049916995739897,2.4713010295672633,0.35039788403228245,-0.007721731854151275,-0.011728093258005416,0.7508270955426244,0.6603495281172923,-0.004370418719474602,-0.010144759854332568,0.0004131903712006285,-0.02474462893800511
6.302,25.580119762998947,-0.031057375769607463,2.471282013526865,0.3503973983819426,-0.007487561289771876,-0.011425426966084692,0.7508175323619795,0.6603684041067097,-0.0037299524587011794,-0.009506815382300807,-0.00024063804613053325,-0.020078159241260114
6.304,25.58210257600149,-0.031062995528927256,2.4712643118034303,0.3503958370375598,-0.00717495075675182,-0.011032200371502763,0.7508111323529317,0.66038583734928,-0.002810868871329152,-0.008849721268171348,-0.0007784486589301576,-0.016687850089457494
6.306,25.58412203300395,-0.03106570520555913,2.4712478694210556,0.3503939963507948,-0.00689161374763269,-0.010672127998279018,0.7508037209389938,0.6604031980298878,-0.001355753990850749,-0.00822002007708295,-0.0009181353992102535,-0.017385868427110148
6.308,25.58615032200032,-0.031065560080765366,2.47123269004211,0.35039176677401035,-0.006636796493861417,-0.01034447083462542,0.7507950922599951,0.6604208312082201,7.17857139553974e-05,-0.007588495929677087,-0.0011125638617128556,-0.01847526676702483
6.31,25.588245412000106,-0.031061927730444985,2.471218658066406,0.3503898747390396,-0.006511220227268452,-0.01016509893727748,0.750781902428834,0.6604398608201111,0.0018157789488826757,-0.007014711197531074,-0.0009438285026226157,-0.022888277083179264
6.312,25.845863526003086,-0.031055390586503178,2.4712057322596834,0.3503879829384767,-0.006487928368290737,-0.010103302198313424,0.7507651030292143,0.6604601351661666,0.0032683350779884805,-0.006461594417437758,-0.0009437104825495029,-0.026480878647297524
6.314,25.84776802200213,-0.03104723328729326,2.471193645013286,0.35038574938753503,-0.006501686701769154,-0.010085105235710887,0.7507470978492339,0.6604807444531365,0.004078450336746889,-0.00604231146959153,-0.0011145785922162654,-0.027620397712530876
6.316,25.8495926100004,-0.031037672542007663,2.4711823662270667,0.3503830631728347,-0.0065416755284210685,-0.010097748881311675,0.7507286857579978,0.6605010842753252,0.004780169005032466,-0.005638075253659746,-0.0013409589939275956,-0.027750955347105352
6.318,25.85161382100341,-0.03102693032670472,2.4711718642911094,0.35037988039973117,-0.006597485982239949,-0.010129117768769314,0.7507102482487978,0.6605210044549447,0.005370895311606918,-0.005249649347131746,-0.0015892435756546797,-0.027489994950469776
6.32,25.853696885002137,-0.0310151513285871,2.4711621124830114,0.3503761904867395,-0.00666237741784858,-0.010171394985004077,0.7506920099171827,0.6605404315389799,0.0058892799652287674,-0.00487458517439064,-0.0018428146274165572,-0.027008289829075605
6.322,25.85563447700406,-0.03100303261352779,2.471153021541359,0.35037160655514565,-0.006668993203390889,-0.010147550369839579,0.7506762343594362,0.6605586597109159,0.00605922661564768,-0.004544156411730668,-0.002289802010761137,-0.024329590295674736
6.324,25.85769688500295,-0.030990331247165673,2.471144596962258,0.3503662653170013,-0.006629101497467721,-0.010070701531628899,0.7506626683382193,0.6605756537652153,0.00635052926255937,-0.004210979180390673,-0.002668474324394505,-0.021825197389786114
6.326,26.023074734999682,-0.030977077447705687,2.471136796730431,0.3503601669798221,-0.006532624416642677,-0.009929286813284836,0.7506514323954298,0.6605915236545955,0.006626677461751619,-0.0038988220622073375,-0.003047010423662804,-0.019300357921481638
6.328,26.0248478479989,-0.030962755951191127,2.4711295449172543,0.35035374188650026,-0.006436300910914193,-0.009788486752501577,0.750640506999057,0.6606069851355485,0.007160476353195759,-0.003624612146234677,-0.0032103722575901688,-0.018785892410984165
6.33,26.027003228999092,-0.030947334536726868,2.4711228532529907,0.3503469051125284,-0.00634292762755963,-0.009651480536809632,0.7506296548808108,0.6606222350224626,0.007710436284106059,-0.0033445367642706268,-0.0034162112535657428,-0.018583095413354553
6.332,26.02883208700223,-0.03093079240472581,2.4711167094967763,0.35033972475108593,-0.006253555140329021,-0.009519354761028803,0.7506188096896881,0.6606373267331147,0.008270803301295503,-0.0030705807129406655,-0.0035880053313140556,-0.01846744958824816
6.334,26.030828767005005,-0.030913111551636677,2.471111039139855,0.3503324240824573,-0.006194182495122519,-0.009422101718945813,0.7506071295123186,0.660652551064243,0.008840176719708876,-0.0028338716876645338,-0.003648157302007325,-0.019185961223440445
6.336,26.032866007000848,-0.030894416532861742,2.4711058342524104,0.3503248864841321,-0.006159193999563719,-0.009353244466576885,0.750594832116012,0.6606678281466111,0.009347284586290309,-0.00260113143853915,-0.003766626878153269,-0.019687193915245663
6.338,26.034790981000697,-0.030874909440503803,2.471101014680867,0.3503171260391062,-0.006142170622461051,-0.009305428902305785,0.7505821222300832,0.6606831014348505,0.009753332687116787,-0.002408469724455526,-0.003878052908060963,-0.01999531056280499
6.34,26.037142280998523,-0.03085469033626868,2.4710965677179,0.3503090921636534,-0.006138368989484599,-0.009273121785029073,0.7505692272398597,0.6606982403178238,0.010109344940317937,-0.002222163601991591,-0.004014770952630229,-0.02004451515144994
6.342,26.038863826004672,-0.03083402595442543,2.4710924307052036,0.3503007191998065,-0.0061300621407011716,-0.009236047397384348,0.7505567635978536,0.660712995470908,0.010331994316883938,-0.0020671885356282568,-0.004184316188312552,-0.019459068481596207
6.344,26.04089187500358,-0.0308129121257881,2.4710885983452435,0.35029201204833427,-0.006117424504454953,-0.009194283356527836,0.750544785179459,0.660727302077727,0.010556716804782823,-0.0019148630413686795,-0.00435140704371642,-0.01879056803293267
6.346,26.042839631998504,-0.030791525835654105,2.4710850073819346,0.3502829468911382,-0.006089853267697458,-0.009135746731712892,0.7505335957416998,0.6607410790028623,0.010692945214651082,-0.0017941676812205484,-0.0045304029382341885,-0.017837064734563552
6.348,26.044902466004714,-0.03076979821504687,2.471081660567885,0.35027354026845336,-0.0060507755876778,-0.009064242700295948,0.7505231111863022,0.6607543319527245,0.010863601200538663,-0.001672095252494337,-0.004701133311268336,-0.016951902013378584
6.35,26.046973567004898,-0.030747837600510988,2.471078517299272,0.35026377162966044,-0.005988853446637861,-0.0089667987412461,0.7505136275964361,0.6607669974709439,0.0109800840101897,-0.0015703273597954656,-0.004882138649375785,-0.015799580674585163
6.352,26.048874922002142,-0.030725530873132182,2.471075584238502,0.3502536815403135,-0.0059096496940970016,-0.008849678606064502,0.7505049653178408,0.6607791281981665,0.011153114485098129,-0.00146522820688259,-0.00504286078860517,-0.014818384291195403
6.354,26.05088230000547,-0.030702741202698287,2.471072850578756,0.3502433780982934,-0.005821652903953663,-0.008722544359156472,0.7504967803241781,0.6607908960483723,0.011394566234887967,-0.0013655298139359628,-0.005149533384241225,-0.014212008403695102
6.356,26.052877740999975,-0.030679417385074653,2.471070320905552,0.35023286425547173,-0.005727552769536259,-0.008588459716775163,0.7504889288526966,0.6608023919209869,0.011661627666724121,-0.0012635386994076059,-0.005254732614203242,-0.013774722906009658
6.358,26.054848455001775,-0.0306553424489724,2.4710679805466844,0.3502223530063814,-0.005652593952246988,-0.008476353312318633,0.7504805917835307,0.6608139533729424,0.012037197552318466,-0.0011688739995916486,-0.00525344051203803,-0.014183217263183286
6.36,26.05694462700194,-0.03063059451001311,2.4710658265961354,0.35021177196776704,-0.0055932511244097495,-0.008382238802204357,0.750471840497365,0.6608255974423355,0.012373720656630904,-0.0010756660123471234,-0.005288338767593263,-0.014549612967127834
6.362,26.058906316000503,-0.030605176790078906,2.4710638287417,0.35020122735735315,-0.005559315635276652,-0.008317415598601342,0.7504624070424609,0.6608374158773572,0.012708623958071574,-0.000997612307829926,-0.005270124637027624,-0.01518034873516201
6.364,26.060951521001698,-0.030579211024650388,2.4710619782561642,0.350190638601798,-0.005544933794355982,-0.008275190995173765,0.7504525036651402,0.660849313131165,0.012982658732036158,-0.0009239260099849734,-0.005292195702667734,-0.015587063469404316
6.366,26.062898985001084,-0.03055289247722946,2.4710602403169255,0.3501799803267615,-0.005540439125180965,-0.008244585651058045,0.7504424684434583,0.6608611290568023,0.013159057134105352,-0.0008676514043657584,-0.005326956947709377,-0.01563058695808612
6.368,26.064855832999456,-0.03052628119352966,2.471058608562752,0.3501692132522931,-0.005542788239581996,-0.008222064277753188,0.75043245722999,0.6608727580202585,0.01330542802824403,-0.0008145585093681097,-0.005381358653558593,-0.01548606150633167
6.37,26.067022777999227,-0.030499619512003247,2.4710570562024534,0.3501582418349527,-0.005531696745653763,-0.008184470108338563,0.750423094242631,0.6608839492736036,0.013330640128892979,-0.0007748627248874056,-0.005483531457263466,-0.01470232612428389
6.372,26.068968264000432,-0.030472855023332905,2.471055585081083,0.350147082234028,-0.005509529785288638,-0.008134412880208023,0.7504143561964347,0.6608946742279967,0.013382039648587146,-0.0007342450190132038,-0.005577622171245618,-0.01391768441208751
6.374,26.070868397000595,-0.030446077864024854,2.4710541840240374,0.3501357011823318,-0.005465194842503339,-0.008059223381338658,0.7504065314745744,0.6609048479804955,0.013388369048500352,-0.000699216475837864,-0.005688346398758856,-0.012858650744259343
6.376,26.07295585799875,-0.030419181399383346,2.471052861049426,0.35012413094874983,-0.0054038110518384135,-0.00796468029786243,0.7503994566530292,0.6609145316519431,0.013448002283849576,-0.0006601793393621506,-0.005782934897179556,-0.011963639750279191
6.378,26.074974296003347,-0.030392098413893603,2.4710516219160614,0.3501124217297126,-0.00532650961522522,-0.007852035875246912,0.7503930334070116,0.6609237998757168,0.013541242024521116,-0.000618262543698479,-0.005852424820138658,-0.011192305636731192
6.38,26.077118129003793,-0.030364741001504957,2.471050474804582,0.35010059271225946,-0.00523757816319474,-0.00772616046257457,0.7503870906338685,0.6609327412297936,0.013678435085650798,-0.0005722553685101667,-0.005912322543181769,-0.010608617194266588
6.382,26.078977333003422,-0.030336870140921075,2.4710494221811956,0.3500888448896408,-0.005161909992878834,-0.007615553643480995,0.750380839920381,0.6609417168769969,0.013935159458864657,-0.0005250072653626231,-0.005871722447552541,-0.010860274539866958
6.384,26.0809567680044,-0.030308532195968872,2.471048464810243,0.3500771184426715,-0.005097445656038908,-0.0075179094964772245,0.7503742898942366,0.6609507713516237,0.014168717324628911,-0.00047737865276637614,-0.0058610369095984695,-0.011135668370781872
6.386,26.082963516004384,-0.030279682523899537,2.471047601368087,0.3500654896082671,-0.005050427614935923,-0.007440366124117166,0.7503672842732412,0.6609599631030961,0.01442459564971131,-0.0004304099803175619,-0.0058122318005189135,-0.011568481513375308
6.388,26.084879745998478,-0.030250404926854556,2.4710468266117944,0.35005389994023345,-0.0050167480839980365,-0.007378241045489583,0.7503599550973563,0.6609692364883782,0.014638571286435373,-0.00038606499886915057,-0.005792651706867383,-0.011864980119212734
6.39,26.087119469004392,-0.03022074501848056,2.471046123923743,0.3500424122553226,-0.005001160669947149,-0.007337035563695336,0.7503522050404474,0.6609786113725835,0.014829729580282941,-0.000350027973805702,-0.005741660756797322,-0.012247839778554566
6.392,26.088874152002973,-0.030190793561165847,2.4710454874540724,0.3500309615554306,-0.004999180928964912,-0.007311630994189047,0.7503441949529072,0.6609880009067621,0.014975509376746084,-0.000316917822108142,-0.005723171115392632,-0.012451535124018004
6.394,26.09102432600048,-0.030160742977023865,2.471044884141614,0.3500195190478249,-0.005002511741383414,-0.007292643811708282,0.7503361967029821,0.6609972648504808,0.015025076154574065,-0.0003003388476399209,-0.005719076368913485,-0.012356247652675753
6.396,26.092869453001185,-0.03013062429793282,2.47104431176665,0.3500080489430342,-0.005009474412848111,-0.007278097451873143,0.7503283184259423,0.6610063154249634,0.015059124934388825,-0.00028487034445264577,-0.005732876568703314,-0.012121123233410143
6.398,26.095020735003345,-0.030100693821213803,2.471043744495116,0.34999643352597787,-0.004997223665295618,-0.007241941704941613,0.7503212132150355,0.6610148705101107,0.014965039100334924,-0.00028232009518265074,-0.005805534912013899,-0.011206864828702494
6.4,26.097113471005287,-0.030070866177067848,2.471043187517801,0.34998470313157287,-0.004969635744462392,-0.007188505776130588,0.7503148189832325,0.6610229198140055,0.014913616059879373,-0.0002771753706213609,-0.005863022014796187,-0.01033267622416244
6.402,26.098916984003154,-0.030041153775427175,2.471042638725507,0.34997285509516246,-0.004921348111752858,-0.007111631413925017,0.750309229660601,0.6610304568758621,0.014855984286001945,-0.0002730862654682243,-0.005921841750680144,-0.009383990591141757
6.404,26.10098945700156,-0.030011452166144,2.471042107423807,0.3499609169664628,-0.0048573467947599525,-0.0070169694558449005,0.7503042717611202,0.6610375693550148,0.014850569216730952,-0.0002643448171455468,-0.00596688609119913,-0.008623812252709067
6.406,26.102909353998257,-0.02998161699431017,2.4710415970788775,0.34994899513007577,-0.004788792119194563,-0.0069172617388343965,0.7502995640989399,0.6610444637639864,0.014917336790794924,-0.0002538671772728819,-0.005958738073926896,-0.008287293264127622
6.408,26.104994153000007,-0.029951610899391794,2.4710411139241995,0.3499370759747205,-0.004717537240647822,-0.006814632191711277,0.7502950047671968,0.6610512169657257,0.015002793563549135,-0.00024027355720365482,-0.005957397324707007,-0.008078608925420368
6.41,26.107177636004053,-0.029921273951050605,2.4710406558755573,0.34992530910868996,-0.004661693750568231,-0.006729781691755565,0.7502900619040292,0.6610580924985376,0.015168224840191818,-0.00022771616810373713,-0.005881252869069721,-0.008444984098528492
6.412,26.367095638001047,-0.029890667002061198,2.4710402218468293,0.34991363500903794,-0.004618349769172123,-0.0066594233300379295,0.7502847929386458,0.6610650893908514,0.015303237831378423,-0.00021570510700082333,-0.0058348708766320055,-0.008768193986517358
6.414,26.36880229900271,-0.029859854954402947,2.471039788501815,0.34990212754957084,-0.004590309183732385,-0.00660679186083819,0.7502791503015686,0.6610722169216173,0.015405793842228024,-0.0002153593195488903,-0.005751551649839471,-0.00913324821288483
6.416,26.370668358998955,-0.029828907959387654,2.471039353726321,0.34989071722253484,-0.004574043640660664,-0.00656786581371096,0.7502732750601835,0.661079385546012,0.015473275025123384,-0.00021607363092173944,-0.005702988154542113,-0.009332740992769706
6.418,26.372744227999647,-0.02979788734437909,2.471038910644903,0.34987938086351755,-0.004566299093265749,-0.006538900898062227,0.7502672835496396,0.6610865260483538,0.015510089726212707,-0.0002202261972028793,-0.005666006550523471,-0.009398916626988128
6.42,26.374790412002767,-0.029766881371684262,2.4710384548832875,0.34986808039882733,-0.004559126955590767,-0.006510788363456933,0.7502614184689296,0.6610935092354779,0.015502775482455582,-0.00022656629226043367,-0.0056480611820849515,-0.009197202277344024
6.422,26.37675624500116,-0.029735902177641268,2.4710379859906975,0.3498567949570642,-0.004551726691647789,-0.006482592044683335,0.7502557236038252,0.661100300245135,0.015489387271836505,-0.00023313231335596476,-0.005640550907378106,-0.008939391808219272
6.424,26.37874363300216,-0.029705053939676603,2.4710374891673648,0.3498455033756984,-0.0045370081093634145,-0.006446236980474261,0.7502503934509954,0.6611068058285544,0.015423911835725753,-0.00024709831812755567,-0.005643620947299604,-0.008473865818652747
6.426,26.549764177005272,-0.029674300275214904,2.4710369683526006,0.3498342027920589,-0.004516542884534515,-0.00640347962541884,0.750245405171662,0.6611130223402558,0.01537662287848173,-0.0002590951958462408,-0.0056481224398231165,-0.008022976003036265
6.428,26.551226251001935,-0.02964367533355856,2.471036413902487,0.3498229141424327,-0.004485889729976663,-0.006349287233447017,0.750240831860332,0.6611189435755678,0.015312260033205701,-0.0002759136008381816,-0.0056421544914794074,-0.007513552570403793
6.43,26.55342797400226,-0.02961312642197399,2.4710358331408093,0.3498116269736433,-0.004447481946259978,-0.0062864253007207955,0.7502366037290514,0.6611246018613847,0.015274239249809186,-0.0002890711595735255,-0.005641413963465933,-0.007077723594668038
6.432,26.555290304000664,-0.029582610352633962,2.471035229568388,0.34980035842832236,-0.004403322404411825,-0.006217144943249813,0.7502326399210535,0.6611300506387866,0.015257812735860198,-0.00030047800955495835,-0.0056321024544841395,-0.006738175184954935
6.434,26.557371805000002,-0.029552094328046126,2.471034600929799,0.3497891341806439,-0.004355082008631347,-0.006143327793074386,0.7502288736009928,0.6611353341031703,0.01525778617095071,-0.0003130121020383057,-0.005609953524291575,-0.006478197328108471
6.436,26.559758770999906,-0.029521549663542854,2.471033951722683,0.34977794450608884,-0.004304032866072475,-0.006066418743527071,0.7502252570018799,0.6611404825157654,0.015272103279332696,-0.00032329743132324183,-0.005592667634031815,-0.006274101291956691
6.438,26.561369661001663,-0.02949088679428263,2.471033275843459,0.3497668919319951,-0.004262395111312321,-0.006000407540298244,0.7502214390818123,0.6611456870004373,0.015331203108902278,-0.00033663204521529186,-0.005524116276289258,-0.006459404100834516
6.44,26.56337837599858,-0.029460140010049787,2.471032573833097,0.3497559329943335,-0.004228457722047889,-0.005943370221192031,0.7502174519002436,0.6611509444597448,0.015373167075792685,-0.0003496969759179218,-0.005477299785604385,-0.006619012138436123
6.442,26.565464995001093,-0.02942932164704784,2.4710318351938017,0.3497451127549739,-0.004205743640093202,-0.005899359138117496,0.7502132193496447,0.6611562862101785,0.015408958895554126,-0.00036801001819295874,-0.005407950948787046,-0.006856082349380277
6.444,26.567363451002166,-0.02939848228615664,2.47103105774462,0.34973438806887047,-0.004191649980065101,-0.005865410190854806,0.7502088296100746,0.6611616587558747,0.015419462706630816,-0.0003874145468728,-0.005360176274663738,-0.006991655086002337
6.446,26.569300376002502,-0.02936768232952131,2.4710302376705005,0.34972374990696553,-0.004181661274591021,-0.005836327616153455,0.7502044233317902,0.6611669790622925,0.015399765493437658,-0.0004087264396273211,-0.005316915107562403,-0.00696710530821639
6.448,26.57133104600507,-0.029336946391702468,2.4710293734830717,0.34971317704418825,-0.0041743674662569254,-0.005810490904194561,0.7502000583200881,0.6611722055170237,0.015367757923995433,-0.00043078333934230004,-0.005284266950236306,-0.006871573922762668
6.45,26.57340794600168,-0.029306367692891036,2.471028469608959,0.3497026286354431,-0.004160645069730858,-0.005777477308904913,0.7501959827228449,0.6611772056680825,0.015289144572006488,-0.00045062702198536995,-0.005272040996506735,-0.006503103483397525
6.452,26.575336740002967,-0.029275918107541543,2.4710275289545076,0.3496921035899951,-0.004141615280394372,-0.005738538612673617,0.7501921851499481,0.6611819730886542,0.01522458635538013,-0.00046901820995956875,-0.005260359856002786,-0.00613867573909968
6.454,26.57730229200388,-0.02924561753901446,2.4710265570041274,0.3496815944362698,-0.004112767985339083,-0.005688482484901805,0.7501887618707297,0.6611864698172365,0.015150077857998647,-0.00048466714873783166,-0.00525241395043556,-0.005677867806152531
6.456,26.579363659999217,-0.02921541600616916,2.471025558954442,0.34967110901033494,-0.004076341238013865,-0.00562984818719903,0.7501856452629326,0.6611907333689256,0.01510055470952728,-0.0004977183484056753,-0.005240550230395555,-0.005292335697629406
6.458,26.58132711199869,-0.029185262272475036,2.4710245379665117,0.3496606899208378,-0.004036073753981083,-0.005566927424772415,0.75018270664312,0.6611948472888326,0.015076649716347895,-0.0005091882196838182,-0.0052073813224699644,-0.005058243467352521
6.46,26.58356454600289,-0.02915512855862081,2.471023498674061,0.34965032720739436,-0.003993199673485718,-0.005501135307278505,0.7501798937914341,0.6611988496797097,0.015066637405036163,-0.000518341437998774,-0.0051791938999534055,-0.004888495663830387
6.462,26.585432976004086,-0.029124962348001188,2.471022439936285,0.3496400938013223,-0.0039558166913760935,-0.005441781564745665,0.7501769801461976,0.6612028712781253,0.015082882608143236,-0.0005280634932044383,-0.0051145393905032725,-0.004974012344213413
6.464,26.587349746005202,-0.029094778973806544,2.4710213632261935,0.3496299580775509,-0.003923090656229171,-0.005387927869733475,0.750173980902128,0.6612069101048682,0.015091468108270735,-0.000537049526241732,-0.005065699561096015,-0.005047121909976084
6.466,26.58936224700301,-0.029064549641470358,2.4710202537278794,0.3496199678750739,-0.0038998609637020676,-0.005345086403502652,0.7501707752421147,0.6612110322041275,0.015114448368718605,-0.0005534426402096403,-0.0049929390351543985,-0.005254020611177593
6.468,26.591388471002574,-0.029034316700160295,2.471019109655242,0.3496100889531568,-0.0038839383071565233,-0.005310770107592259,0.7501674234905131,0.6612152051168331,0.015116257054813134,-0.0005707295345872836,-0.0049373003806353075,-0.00539455244129025
6.47,26.59355898600188,-0.02900413005597422,2.4710179276252555,0.34960032300045757,-0.0038728086745363596,-0.005282086012216306,0.7501640122199473,0.6612193703230426,0.015093111597218411,-0.0005897076643428191,-0.004880816336179302,-0.005431720879578469
6.4719999999999995,26.5954394970031,-0.02897401401141448,2.471016706686838,0.34959064563421816,-0.0038650834503980796,-0.0052574438967743,0.7501605976695304,0.6612234857577934,0.015057813685418545,-0.0006091620831055784,-0.00483652444916412,-0.005398886271065688
6.474,26.5974724550033,-0.02894402135042793,2.471015442274086,0.34958102825505427,-0.0038537304786733276,-0.005228750575838312,0.7501573723159337,0.6612274386993231,0.014996127964942515,-0.0006308992453369854,-0.004806531770066876,-0.005148517251729076
6.476,26.599418853002135,-0.028914138586767533,2.4710141358029296,0.3495714696207759,-0.0038391628022824767,-0.005196472509211636,0.7501543346408655,0.6612312240978633,0.014941178949157368,-0.00065192915937373,-0.004777160112045307,-0.004895742772695994
6.478,26.60136610599875,-0.028884380189905915,2.471012791820248,0.3495619527024154,-0.003816667216189532,-0.005155209394960942,0.750151594547427,0.6612347858857759,0.014878997781974468,-0.0006706856025704697,-0.004756302601980749,-0.004524562789259494
6.48,26.603515394002898,-0.028854707226072272,2.4710114146682365,0.3495524814080242,-0.0037879316853983314,-0.0051068813380792935,0.7501491021808094,0.6612381536435047,0.014836277931616916,-0.000687271471641814,-0.00473349105824892,-0.004209999862745269
6.482,26.605356489002588,-0.02882508848392996,2.4710100083946336,0.34954308178582877,-0.003754712236910252,-0.005053508910567839,0.7501467866284786,0.6612413800532122,0.014809163460549576,-0.0007018329908472993,-0.004697654592710652,-0.00398326224248753
6.484,26.607295214998885,-0.028795494856844406,2.471008577477809,0.34953374715662344,-0.0037182845611035266,-0.0049965531618923805,0.7501446010904057,0.6612444981028872,0.014796603509346664,-0.0007141555601257455,-0.0046651586604847094,-0.003813245342420856
6.486,26.609396623003704,-0.028765885328009205,2.471007133715668,0.34952451273445795,-0.003681232260420227,-0.004938967731674059,0.7501424664538606,0.6612475596547096,0.014804552736060891,-0.0007205782996734254,-0.004615054789135968,-0.0037364250427377194
6.4879999999999995,26.61145585500344,-0.028736250523438228,2.4710056797673454,0.34951536554280105,-0.0036438795253643345,-0.004881131289237073,0.7501403619410363,0.6612505834298469,0.014817190596677571,-0.0007256719161687845,-0.004571440364360387,-0.003687608801074237
6.49,26.613377300003776,-0.02870653277378062,2.4710042193842243,0.34950638079451246,-0.0036154562249054896,-0.0048336470122140995,0.7501380497458285,0.661253711260944,0.014858660316588865,-0.0007288884972577502,-0.004490217910827833,-0.0039088178748453465
6.492,26.615423021001334,-0.028676767817699254,2.4710027521473577,0.34949752030857517,-0.0035941575157853274,-0.004794478523791458,0.7501355675615995,0.6612569283466705,0.014882267866045696,-0.0007323150795671296,-0.004428088113453726,-0.004092553210885842
6.494,26.617386067999178,-0.028646981083020998,2.471001272474435,0.3494888012451657,-0.003580725710959686,-0.004764496210716409,0.7501329178350825,0.6612602237844541,0.0148931587612416,-0.0007385325140768976,-0.004357377294075042,-0.004266815835875335
6.496,26.61946562900266,-0.028617205972071937,2.470999778871387,0.34948019414321907,-0.0035733263294787146,-0.004741605075140787,0.7501301706707004,0.6612635447155697,0.014887349541151508,-0.0007454975841133175,-0.004301397985668904,-0.0043537264133462
6.498,26.62133316800464,-0.028587517748099322,2.4709982645040514,0.34947167963216164,-0.003566930627879362,-0.004720052723738759,0.7501274686614736,0.6612667985523779,0.014843909786113888,-0.0007558795931437649,-0.004255103300508892,-0.004273537706395986
6.5,26.62350905600033,-0.028557923729172416,2.4709967291724606,0.349463244063906,-0.0035609705802232493,-0.004699171367429179,0.7501248474057128,0.6612699528797163,0.014796808162254576,-0.0007663620999228147,-0.0042156328771531665,-0.004145159102127097
6.502,26.62540347000322,-0.028528492709611664,2.470995169599766,0.3494548545106152,-0.0035485187841720516,-0.004671024515817547,0.7501224781093526,0.6612729068845138,0.014715313023668368,-0.000778482952785657,-0.004192626105584459,-0.0038236834393650236
6.504,26.627395843002887,-0.02849919429603154,2.4709935886670933,0.34944651394365944,-0.0035308312561369033,-0.004637022526005942,0.7501203400177596,0.6612756662273116,0.014649008509409582,-0.0007891637896140511,-0.004168133462735331,-0.0035210935293904094
6.506,26.629384785002912,-0.02847003232550986,2.470991987770114,0.34943822492048043,-0.003506347446212608,-0.004595358393525113,0.7501184529225903,0.6612782279750643,0.014580785815028328,-0.0007991466146686692,-0.004142361513548433,-0.0032024505044908904
6.508,26.631497089998447,-0.028440969165126364,2.4709903711917223,0.3494299898604684,-0.0034767259199006938,-0.004547916474431178,0.7501167670694323,0.661280624692666,0.01453137771439735,-0.0008069883414910022,-0.004115380314994683,-0.0029422281365796476
6.51,26.63356028900307,-0.028411968802202738,2.47098874573496,0.3494218279483925,-0.0034427749583794977,-0.004495582574378727,0.7501152378559024,0.661282894814531,0.014499976845307532,-0.0008114280341687775,-0.004078806106292485,-0.0027410108276956675
6.5120000000000005,26.893890245002694,-0.028383004762806245,2.4709871149410825,0.3494137376234239,-0.003405640847733728,-0.004439669645495101,0.7501138201105997,0.6612850730380492,0.014481812763378364,-0.0008140974489779563,-0.004043013042003771,-0.002596374995683459
6.514,26.89558157200372,-0.02835396085551318,2.470985486640036,0.34940582667189557,-0.003377580694851433,-0.004394175438873297,0.750112189663151,0.6612873702783194,0.014521742517042526,-0.0008128500225404947,-0.003953324562078493,-0.002831067435980864
6.516,26.897602741999435,-0.028324875572575018,2.470983860944549,0.349398052326184,-0.0033567313297447536,-0.004357025176208901,0.7501103623814248,0.6612897949722205,0.014542434395415062,-0.0008115469633356401,-0.003885022779882977,-0.003060343050420311
6.518,26.89957019800204,-0.028295744239967145,2.470982239679093,0.3493903975417989,-0.0033426114829011584,-0.004327710476248203,0.7501084309250975,0.6612922498605261,0.014565463240378652,-0.0008093319121033512,-0.0038252438349245946,-0.0031549065320784033
6.52,26.90153140899929,-0.02826663735572481,2.4709806134434333,0.34938285968997695,-0.003332120446879574,-0.004302579146529741,0.7501064003621619,0.6612947700698499,0.01455324123231143,-0.0008118168571477192,-0.00376677839324825,-0.003271169316906305
6.522,26.903508749004686,-0.02823755897713501,2.4709789844080117,0.3493754064974897,-0.0033246779918196757,-0.004281069410289309,0.7501043420929038,0.661297281813805,0.014538989988306663,-0.000813217037279311,-0.003724449960509652,-0.0032841938416097926
6.524,26.905621522004367,-0.02820855096109914,2.4709773468156464,0.34936805149865446,-0.00331943988765303,-0.004262207115416215,0.7501022826058384,0.6612997660205608,0.014503808618694537,-0.0008174953650206776,-0.003675353072550833,-0.0032649819984751343
6.526,26.907550864998484,-0.028179662388098586,2.470975697968578,0.3493607613510182,-0.0033144886185793613,-0.004243757601399255,0.7501003335996019,0.661302120229766,0.014444087787567807,-0.0008231233033186189,-0.003642928512052858,-0.0030942657584760724
6.5280000000000005,27.071853845001897,-0.028150929064431163,2.4709740350905727,0.34935352990609647,-0.003303351419725851,-0.004218480346526061,0.7500986050738859,0.6613042983068946,0.014366468465343054,-0.0008301386314071884,-0.003613577628293764,-0.002812762632264166
6.53,27.073774197000603,-0.02812234650222669,2.470972362770117,0.34934635085760213,-0.0032847907314492784,-0.004184852645439203,0.7500971220064406,0.6613062866144865,0.014291087788329458,-0.000834860243131549,-0.0035873791204133008,-0.0025043866826627583
6.532,27.075739150001027,-0.0280938791575005,2.470970685406392,0.3493392231086289,-0.003260411937503448,-0.004144706438861513,0.7500958353439132,0.6613081195042526,0.014233476072020265,-0.0008373828742139053,-0.003561729675828363,-0.0022549854126698832
6.534,27.077589171,-0.028065494071554176,2.4709690059799394,0.34933215627938213,-0.0032316704414330688,-0.004099694895622106,0.7500946909589248,0.6613098391852008,0.014192343981668592,-0.000838415103076326,-0.0035312701675211723,-0.0020737559444925727
6.536,27.079706907999935,-0.028037159696701154,2.4709673271060666,0.34932516288132637,-0.0031997900438579907,-0.004051190686208093,0.7500936453341166,0.6613114791284631,0.014166986582831552,-0.0008381394386709556,-0.003494554729288092,-0.0019470574988575075
6.538,27.08170985600009,-0.028008854061170138,2.4709656518389704,0.3493182389210829,-0.003165696027414284,-0.0040002464375299245,0.7500926642437447,0.6613130661379844,0.014152615468837256,-0.000836336707478327,-0.003459836343008004,-0.0018635138754253887
6.54,27.083816616999684,-0.02798051162054371,2.4709639852910907,0.3493114410521181,-0.003136409957816701,-0.0039548682866254485,0.7500915718783013,0.6613147176243328,0.014171015319453747,-0.0008319768343591846,-0.003396790046884797,-0.0019870511005133174
6.542,27.08560338600364,-0.027952149059144706,2.470962327769068,0.3493047467913421,-0.0031110347480603246,-0.003914055303786634,0.7500903745955796,0.6613164383053988,0.014181078247176335,-0.0008274638872049401,-0.0033449868108968634,-0.0021094875571279065
6.5440000000000005,27.08765234400198,-0.02792374497052609,2.4709606714733154,0.3492982012049003,-0.003095385137083368,-0.0038844640485408343,0.7500889432531077,0.6613183096961288,0.014201840088987129,-0.000826850330857954,-0.0032706494088576826,-0.0023804495536108796
6.546,27.08966782600328,-0.0278953368934345,2.4709590150168372,0.34929177121259897,-0.00308746344279673,-0.0038638372140713216,0.7500873403741426,0.6613202855968642,0.014203837260743759,-0.0008269305866094569,-0.003212853498918799,-0.0025745567837174715
6.548,27.09166119099973,-0.027866973012554114,2.470957353700039,0.3492854502383909,-0.0030847565989422414,-0.003849291671246591,0.7500856493501772,0.661322301052428,0.01418174151808445,-0.0008293604564099711,-0.003158345002361283,-0.0026639053099320434
6.55,27.09376877699833,-0.02783868053529142,2.4709556853917807,0.3492792204900795,-0.003085753442080365,-0.0038390943235599253,0.7500839251381242,0.6613243113101579,0.014146040974056938,-0.0008328563377253266,-0.003112732977799806,-0.002682802485342499
6.552,27.09566857200116,-0.0278105314403651,2.470954007934142,0.34927304574523166,-0.0030834232017087904,-0.003825197809711118,0.7500823447670377,0.6613261951804562,0.014074355646119559,-0.0008374308572653528,-0.003085232014062452,-0.0024915544748911394
6.554,27.097683543004678,-0.027782513216985823,2.4709523222535004,0.34926692597141046,-0.00307815249271551,-0.003808027240424222,0.7500809144120761,0.6613279411460791,0.014008920045721877,-0.0008415427796180447,-0.0030577470647582482,-0.0022877531866927147
6.556,27.09977508299926,-0.0277546591738161,2.470950630393853,0.34926083291531906,-0.003064615688302289,-0.0037814983923283624,0.7500797433281804,0.661329484485096,0.013926833468381496,-0.0008446326511097993,-0.0030443888193867185,-0.001961665282695561
6.558,27.1017955990028,-0.027726928378669417,2.470948936236269,0.349254774725438,-0.0030445995550474297,-0.0037476319216053653,0.7500787887392285,0.6613308524120296,0.013865207071068746,-0.0008457824417501411,-0.003026955997342395,-0.001684900739159235
6.5600000000000005,27.103687770999386,-0.027699289141229596,2.47094724392432,0.3492487696217133,-0.0030195018006043514,-0.0037080343119606997,0.7500779921503548,0.6613320941721412,0.013819425492576875,-0.0008448601914281612,-0.003000412635819078,-0.0014841823193516852
6.562,27.105680305001442,-0.0276717099206981,2.4709455571787062,0.3492428192264388,-0.0029907138339456576,-0.003664294917150328,0.7500773055153781,0.6613332475570193,0.013789414784122973,-0.0008420777429715829,-0.0029730586912741132,-0.001343998254014316
6.564,27.107697100000223,-0.027644126740942045,2.4709438747554717,0.34923697339866205,-0.0029645484268462207,-0.003623630543866883,0.7500765670259145,0.6613344270132362,0.013791390846529113,-0.0008399166384204301,-0.0029207743332201517,-0.0013982375000538359
6.566,27.10965307099832,-0.027616543573269838,2.4709421978213832,0.34923121682485786,-0.0029407129002053554,-0.003585722249465246,0.7500757689774133,0.6613356451882284,0.013791386152917182,-0.0008371722032761068,-0.0028761479859542383,-0.0014669408245417163
6.568,27.111624538003525,-0.02758893018062208,2.470940529857295,0.34922557464446247,-0.002921970519110453,-0.0035537132510628047,0.7500748498734021,0.6613369434696719,0.013806499104034175,-0.0008326869202999576,-0.0028189512978250147,-0.001607993945378198
6.57,27.113825273001567,-0.027561307826675888,2.470938869954284,0.34922002850942113,-0.002907150260362503,-0.003526277490441157,0.7500738357289808,0.6613383058611061,0.013810981844046381,-0.0008286563934964571,-0.002770929441025884,-0.0017195136755436945
6.572,27.115651551001065,-0.027533677795472278,2.470937215205404,0.3492146004294271,-0.002898645661768099,-0.0035061579940727314,0.7500726837765523,0.6613397566770717,0.013814819403754876,-0.0008260791598888093,-0.0027119018329398526,-0.0018779675132034037
6.574,27.117647471000964,-0.027506068289753292,2.4709355640169535,0.34920926861054064,-0.002894941604958068,-0.0034916337088572113,0.750071437543801,0.6613412631827253,0.013804558176412777,-0.0008242990134809499,-0.002663772086894884,-0.0019827067137490216
6.576,27.11968696200347,-0.027478537321086596,2.4709339081897363,0.3492040110908153,-0.0028917455245819654,-0.0034778051960076893,0.7500702108714653,0.6613427412787377,0.013765292970561494,-0.0008266183135353558,-0.002626623143426336,-0.0019482424991157992
6.578,27.121649853004783,-0.02745108807385821,2.4709322475423647,0.3491988200636216,-0.0028887002940969175,-0.0034642511166636898,0.7500690306823115,0.6613441642489252,0.013724432925762347,-0.00082902864533506,-0.002593377515029053,-0.0018758859853534905
6.58,27.1235926570007,-0.02742376041854793,2.4709305763389824,0.34919368789063093,-0.0028838752560817337,-0.0034487847976657593,0.7500679398928243,0.6613455032672871,0.013663637651472896,-0.0008343068458104607,-0.00256395065094275,-0.001753159741854272
6.582,27.12552072100516,-0.02739654321737057,2.470928896039372,0.3491886092068051,-0.0028776351601616955,-0.003431810604099867,0.7500669391837899,0.6613467537043813,0.01360841060126281,-0.0008388553150714957,-0.002537206535276835,-0.0016266113858139392
6.584,27.127502982002625,-0.02736948241220699,2.4709272022681477,0.34918355959511943,-0.002865121179695151,-0.003407792768259138,0.750066128092497,0.6613478521303326,0.013530215560217334,-0.0008455913419397767,-0.002522670975636894,-0.001385955166985773
6.586,27.129569208002067,-0.027342544509312318,2.4709254980127753,0.3491785458539129,-0.0028477601098131845,-0.003378337507518705,0.7500654814961657,0.6613488115706925,0.013468762908306373,-0.0008508340005580832,-0.002504736021890559,-0.00117197752510585
6.588,27.131530737999128,-0.02731569708126643,2.470923785639215,0.34917358741817744,-0.0028274855015631506,-0.0033456403221130216,0.7500649346849874,0.6613496849417707,0.013423523375587243,-0.0008548934569845353,-0.002477083036311546,-0.0010408148052515726
6.59,27.13369076300296,-0.027288920228047606,2.470922067684995,0.3491686827916938,-0.002805127633520464,-0.0033106515757820774,0.7500644547366199,0.6613505005560673,0.013388234972313545,-0.0008576842503144322,-0.0024501787292451407,-0.0009527819052624563
6.592,27.13558094399923,-0.027262169113002572,2.4709203457734605,0.3491638660354911,-0.002784963126456775,-0.0032782482459559367,0.7500639330057071,0.6613513389060555,0.01337536361608531,-0.0008596630068085649,-0.002406243242925896,-0.0009974634440060135
6.594,27.137598546003574,-0.027235447682920466,2.4709186206088143,0.3491591249148836,-0.0027666840975549513,-0.00324808767990797,0.7500633672619609,0.6613522060726621,0.01336052213045974,-0.0008612897098326235,-0.002368425979860909,-0.0010481217091916897
6.596,27.13964277600462,-0.02720873371786618,2.4709168913251647,0.34915448749504363,-0.0027537545244508176,-0.003224121582020844,0.7500626802732501,0.6613531564431757,0.013356788309344933,-0.0008633491175180477,-0.002316575404218997,-0.0011909402387724137
6.598,27.14161348900234,-0.0271820488003297,2.470915156915155,0.34914993549163914,-0.0027449977107634623,-0.00320501696660114,0.7500618999324493,0.6613541707160665,0.013342266147606334,-0.0008659123388078747,-0.002273867857831048,-0.0013006787464399793
6.6,27.143606753001222,-0.0271554176185849,2.470913413898104,0.34914546913547445,-0.0027396721540898093,-0.0031899226991080336,0.7500610531964811,0.6613552260831145,0.013315399064893204,-0.0008702157782377807,-0.002231044460737612,-0.0013754066247473817
6.602,27.14558535800461,-0.027128855505333636,2.470911661286101,0.34914107517489706,-0.002736862383421826,-0.0031777925182654293,0.7500601731744151,0.6613562941687118,0.013280865786712502,-0.0008750133947592118,-0.0021948472860916146,-0.0014068675220758819
6.604,27.147585864004213,-0.027102408763531274,2.470909895893782,0.34913673392202893,-0.0027327830944630124,-0.003164298802864555,0.7500593513856908,0.6613573077456101,0.013223182960982034,-0.0008814035138865089,-0.002168493911271978,-0.001327187308658715
6.606,27.149629621002532,-0.027076070959919766,2.4709081183319355,0.34913244239091495,-0.0027275503492098464,-0.0031495635192464533,0.7500585978969483,0.6613582542310901,0.013168714154743452,-0.0008874885418124026,-0.0021436334901662737,-0.0012314378742643004
6.608,27.151737781998236,-0.02704986485932017,2.470906326038265,0.3491281941476355,-0.002719470662899185,-0.0031316550024533553,0.7500579462823174,0.6613591115536337,0.013102863484792287,-0.0008948546265092352,-0.002121989763908593,-0.0010968843226006784
6.61,27.15375711300294,-0.027023773456764197,2.4709045208592126,0.34912398832504316,-0.002709194135234408,-0.0031113072596498175,0.7500573852820088,0.6613598860062425,0.013045514124243273,-0.0009012976681919098,-0.002100779759255714,-0.0009745512537051147
6.612,27.417059341998538,-0.026997804963588855,2.470902701846034,0.34911982074832226,-0.0026952264248731633,-0.003086822358581735,0.750056935973948,0.6613605673757836,0.012984060138462228,-0.0009082149409607999,-0.0020816569957259174,-0.000830601164862383
6.614,27.418622889999824,-0.026971916076300416,2.4709008708090656,0.3491157249412837,-0.002681466925387021,-0.0030626494941655507,0.7500565030777631,0.6613612266409041,0.012944254525732118,-0.0009142270105044999,-0.0020457715667773746,-0.0008029624865101215
6.616,27.420607164000103,-0.026946102953990123,2.4708990293226822,0.349111690707813,-0.002668004145564566,-0.0030388977983171555,0.7500560727354505,0.6613618787069022,0.01290637214749401,-0.0009194519916673541,-0.002014985162247925,-0.0007956528900920196
6.618,27.42268614799832,-0.026920361151403144,2.470897177648765,0.3491077162848982,-0.002654870052259989,-0.0030156002748369264,0.7500556434304027,0.6613625250784871,0.012870712764406891,-0.0009245459609241737,-0.0019850803575060024,-0.0007904833784655424
6.62,27.424943146004807,-0.026894688019201786,2.470895316124332,0.3491037985855809,-0.0026420297236858393,-0.0029927114723319838,0.7500552172719017,0.6613631637762895,0.012836378001740876,-0.0009294714156019199,-0.001956719007884662,-0.0007824479989950823
6.622,27.426749595004367,-0.026869081555459244,2.4708934450467774,0.34909993380450177,-0.002629415992973605,-0.0029701494515421843,0.7500547968175625,0.6613637925943153,0.012803044179378935,-0.0009342481683196205,-0.0019302603186900622,-0.0007710804714499362
6.624,27.428733161003038,-0.026843527486068212,2.470891565279863,0.34909613855133403,-0.0026187584662109797,-0.0029498802762039514,0.7500543425723472,0.6613644407577534,0.012776846143995544,-0.0009385928562698523,-0.0018954961741659787,-0.0008077162535282881
6.626,27.59593699600373,-0.026818031938435814,2.4708896768520487,0.34909240306896483,-0.0026096181177502203,-0.0029314097356234995,0.7500538627160829,0.6613651032182791,0.012747585967303824,-0.0009429234497846557,-0.0018656112088092827,-0.000835144703612475
6.628,27.59770377100358,-0.02679261003089326,2.4708877793592867,0.3490887354004294,-0.002601516393631451,-0.0029141949116216403,0.7500533707567059,0.6613657691451641,0.012710766390906717,-0.0009474558123727846,-0.0018317040871474205,-0.0008455263905180232
6.63,27.599608497999725,-0.026767263990945186,2.4708858732013166,0.34908512588257684,-0.002594188299004538,-0.0028979345105525534,0.7500528795309911,0.6613664264762088,0.012672833135885311,-0.0009517886003058128,-0.0018026291733335411,-0.0008383668378802567
6.632,27.601711013005115,-0.026741995575445446,2.470883958190764,0.3490815700374379,-0.0025873837420641696,-0.0028823372199541565,0.7500523965981872,0.661367068982753,0.012634021404271403,-0.0009562150756480131,-0.0017757932670937119,-0.0008215606226302087
6.634,27.603837308000948,-0.026716805284535662,2.470882034294409,0.34907806383395,-0.002580918783009518,-0.002867189993217206,0.7500519272358616,0.6613676923841594,0.012594959530794455,-0.0009606581539031947,-0.0017509728500412515,-0.0007980707161484983
6.636,27.605892052000854,-0.02669171641515753,2.4708801004505623,0.34907459952287084,-0.0025728501701534445,-0.0028502905463377616,0.7500515120381306,0.6613682677412922,0.012544250131096444,-0.0009656319172862942,-0.001730026823867423,-0.00072614891860934
6.638,27.607783965002454,-0.026666718380912256,2.4708781577022907,0.3490711757629663,-0.0025635192194393528,-0.0028320199595429185,0.7500511501578648,0.6613687928675079,0.012498832568361781,-0.0009700843683373782,-0.001709751548367437,-0.0006531403745739127
6.64,27.609800240999903,-0.026641809933135082,2.470876206915492,0.3490677949851124,-0.0025527115443015023,-0.002812131111231777,0.7500508394014997,0.6613692719619582,0.012454039481830558,-0.0009741037605118389,-0.001688260578044847,-0.0005847743595688597
6.642,27.611787856003502,-0.02661698051458422,2.4708742492622813,0.34906445544322007,-0.0025407876840795552,-0.002791032428126935,0.7500505699367764,0.6613697128486054,0.012414524752561034,-0.000977537213758486,-0.0016676428818992168,-0.0005287567887711048
6.644,27.61381907800387,-0.026592218134366696,2.4708722859431536,0.34906116736835374,-0.002528725406969156,-0.0027698408251172653,0.7500503146163843,0.6613701377243176,0.0123810050146235,-0.000980370300661965,-0.0016419093111998129,-0.0005072430556494671
6.646,27.615788932002033,-0.026567517939106756,2.4708703177825146,0.34905792605061,-0.002516619233053311,-0.002748664764614439,0.7500500685145629,0.6613705513484457,0.012349912728425758,-0.000982791257161439,-0.0016185310726725504,-0.0004925462383375973
6.648,27.61783919300069,-0.026542867896958942,2.4708683454572777,0.34905474447854967,-0.002505915003139893,-0.0027291532322214996,0.75004979714725,0.6613709805487394,0.012324835430057784,-0.0009848736421342026,-0.0015886581427961843,-0.0005206007067877008
6.65,27.619874121002795,-0.02651827091271582,2.4708663691013464,0.3490516150312304,-0.0024963360811688477,-0.0027109926859736192,0.7500495056301824,0.6613714220683757,0.012298307038461404,-0.0009868891274338756,-0.0015625961341414723,-0.0005428539269443254
6.652,27.62173704000452,-0.026493728102961085,2.4708643883984918,0.3490485442611018,-0.0024883790891067964,-0.0026947503441698134,0.7500491845171656,0.661371882601027,0.012271219678951539,-0.000989062633376414,-0.001533257555533979,-0.0005762978425025204
6.654,27.623726577003254,-0.02646924439294955,2.470862403180979,0.34904552441085734,-0.0024816589748770505,-0.002679987917686958,0.7500488454784908,0.6613723523325393,0.012241670406779736,-0.0009913200903880254,-0.0015077979863930033,-0.0005947047286814322
6.656,27.62580156900367,-0.026444829120531792,2.4708604123936806,0.349042556789618,-0.0024759620229054032,-0.0026664614279273517,0.7500484955965774,0.6613728251514612,0.012207451853532744,-0.0009941050425378197,-0.0014816835832630573,-0.0006038702731293999
6.658,27.627831035999407,-0.02642048489574896,2.4708584159915956,0.34903963463328813,-0.0024710117444956734,-0.002653852897760567,0.7500481455090718,0.661373291405208,0.012171928506712162,-0.0009969125817221732,-0.0014589514814451992,-0.0005988012331053098
6.66,27.62982134300546,-0.0263962317607393,2.470856411505723,0.3490367531418623,-0.002465584485799629,-0.0026407739576246344,0.7500478219677537,0.6613737309324258,0.012126384433725252,-0.001000954530734173,-0.0014386191915324823,-0.0005611023773113475
6.662,27.63188087200251,-0.02637206480690825,2.4708543994063463,0.3490339091199414,-0.002459758704720299,-0.0026273066768448842,0.750047529707701,0.6613741377058191,0.012083294075765279,-0.0010047614546884979,-0.001419884731342776,-0.0005157522418981973
6.664,27.63378346800164,-0.02634799913633675,2.4708523785649317,0.34903109598808735,-0.0024519789684600353,-0.0026116777366051646,0.7500472978605454,0.6613744914272343,0.012032653603588338,-0.0010091325268547595,-0.001404439875865066,-0.0004361994195939389
6.666,27.635865267002373,-0.026324022550574845,2.470850350066753,0.3490283140515781,-0.002442677328549151,-0.0025943738887227274,0.75004711999197,0.6613747956668331,0.011988111088646647,-0.0010129611239186693,-0.0013888424391922832,-0.0003635174456377686
6.668,27.638139177004632,-0.026300127093250962,2.470848315201752,0.3490255685378222,-0.002432159929922295,-0.0025757404112540356,0.7500469823695404,0.6613750633322637,0.01194754670279972,-0.0010161446599529673,-0.0013706310502356411,-0.0003095642363105195
6.67,27.639895291002176,-0.026276303169368825,2.4708462749909543,0.34902285794576426,-0.0024207498920940512,-0.0025561440346085246,0.7500468746565003,0.6613753033759653,0.011911779906491162,-0.0010188177635327687,-0.0013531704315889958,-0.00026910775027939665
6.672,27.64183777400467,-0.026252534930229728,2.4708442308291985,0.34902019451098404,-0.0024098723426727287,-0.0025372086917627413,0.7500467606225867,0.6613755453348051,0.011883936728322083,-0.001020793363000746,-0.0013295916868605847,-0.00027448328702997217
6.674,27.643773927004077,-0.026228820818814225,2.470842183164058,0.3490175732107588,-0.002399472616134405,-0.0025188744983219184,0.7500466384325346,0.6613757917995493,0.01185687319295797,-0.0010225451975056385,-0.0013085246808607343,-0.0002830212365814605
6.676,27.645847602005233,-0.026205151377149596,2.4708401325206832,0.3490150053891803,-0.0023908679036147283,-0.0025026438736822742,0.7500464787354485,0.6613760656849198,0.011834537654809497,-0.0010240343897573168,-0.0012817852720547105,-0.00032786540250147946
6.678,27.647845635998237,-0.026181531829362885,2.470838078705649,0.3490124835566328,-0.002383672196712298,-0.0024880798280623104,0.7500462901820456,0.6613763604406938,0.011809591303375855,-0.0010256203241914262,-0.0012587910710177093,-0.0003621468600435317
6.68,27.64983594699879,-0.026157968924467777,2.4708360207741915,0.34901000376286334,-0.00237744568339159,-0.0024746848147791703,0.7500460901311504,0.6613766599798214,0.011781270448887313,-0.0010276786092973163,-0.001237771980441921,-0.0003729647315260741
6.682,27.65199087200017,-0.026134464750198663,2.470833958979227,0.349007567828662,-0.0023723501318287273,-0.0024626317142326477,0.7500458738478156,0.6613769685465006,0.01175190519273347,-0.001029610433592007,-0.0012158422575125841,-0.0003900822910799413
6.684,27.653833344003942,-0.026111032841077755,2.4708318939523037,0.3490051654473051,-0.002367349653584484,-0.002450784225301719,0.7500456643634253,0.6613772680414157,0.011715773515232238,-0.0010312265762471122,-0.001199066163501337,-0.00037853629546655325
6.686,27.655901761005225,-0.02608767424829854,2.4708298244754796,0.34900279882967344,-0.002362217783056521,-0.002438829567137453,0.750045471807303,0.6613775489528263,0.011679115734695862,-0.0010334515011378542,-0.0011811843718897196,-0.00035333389887178137
6.688,27.65773351700045,-0.026064386495497183,2.4708277508182226,0.34900046449210725,-0.00235693308780574,-0.002426746608450657,0.7500452979685835,0.6613778093968203,0.011643695982472167,-0.0010355418519953324,-0.0011650445798656055,-0.0003255334473642543
6.6899999999999995,27.66000378800527,-0.02604117901648601,2.47082567330655,0.3489981588489434,-0.0023505248611479677,-0.002413427636977338,0.7500451609029581,0.6613780363800827,0.011603559915428701,-0.0010374691017382847,-0.0011506974986263856,-0.0002763101126633829
6.692,27.661681279998447,-0.026018043639953765,2.470823592636361,0.3489958810711808,-0.002343240722635266,-0.0023991499848753125,0.7500450578129892,0.6613782310845856,0.011567508744770033,-0.0010390485167563431,-0.00113676500527901,-0.00022976825782175175
6.694,27.66373599399958,-0.02599498102624298,2.470821509708498,0.34899363190612237,-0.0023347954431504727,-0.0023835850044851676,0.7500449902438727,0.6613783938584884,0.011531127609762059,-0.0010401774377629758,-0.0011224586981736712,-0.0001825619878835226
6.696,27.665703217004193,-0.025971982231060484,2.4708194253541143,0.34899141050918864,-0.0023254799656306827,-0.0023670624272513047,0.7500449515773407,0.6613785298690453,0.011499218333316649,-0.0010408908619853588,-0.0011085748240753576,-0.00014353411034379713
6.698,27.667907199000183,-0.025949041585088747,2.4708173407967395,0.3489892222149582,-0.002315735189844196,-0.0023500904805461497,0.7500449268224579,0.6613786526590933,0.011470143485263623,-0.0010409924630121546,-0.0010920234454448125,-0.00012444774977137302
6.7,27.66984809299902,-0.0259261532930448,2.4708152566428008,0.34898706481881375,-0.0023057088146194497,-0.0023328371548180776,0.7500449115319515,0.6613787661111432,0.011443966634411025,-0.0010407908884001614,-0.0010765745994946584,-0.00011117413620788864
6.702,27.671909353004594,-0.02590330793387516,2.4708131749439053,0.3489849448567016,-0.0022960632521696394,-0.0023160539232485243,0.750044889723504,0.6613788833848745,0.01142250003026608,-0.0010395634411518632,-0.0010578575591498416,-0.00011815693994156275
6.704,27.673656374005077,-0.02588050415458332,2.4708110959048426,0.3489828585460792,-0.0022867325648430856,-0.002299667405993141,0.7500448613000817,0.6613790051259112,0.0114017103998811,-0.0010382336409058212,-0.0010410320398589424,-0.000125701500536585
6.7059999999999995,27.675675588005106,-0.02585773292285122,2.470809021039084,0.34898081439034034,-0.0022787008591527414,-0.002284803886586938,0.7500448048018994,0.6613791484339939,0.011385436200877204,-0.0010361470572834855,-0.0010199545341015319,-0.00015994918451931573
6.708,27.677645089999714,-0.025834997653571,2.470806950143721,0.3489788068030386,-0.0022716748488624877,-0.0022711313916637067,0.7500447260495492,0.6613793090056865,0.011367455446467481,-0.0010341619477979014,-0.0010016705543316688,-0.00018720085729368054
6.71,27.679757246005465,-0.025812299523847417,2.4708048829096483,0.34897684219813596,-0.0022663390454336347,-0.0022594448319594924,0.7500446123043403,0.6613794963329408,0.011348885196342593,-0.0010323313802366805,-0.0009801793039399048,-0.00022973826083301057
6.712,27.944169413000054,-0.025789643981334848,2.4708028188770936,0.3489749141433908,-0.002262299210741961,-0.002249293804952283,0.7500444751614828,0.6613797002928017,0.011327592078785576,-0.00103073070428343,-0.0009619044680886359,-0.00025713737577145085
6.714,27.945888360001845,-0.02576706066210752,2.470800757088597,0.3489730152832815,-0.0022574015402077783,-0.0022382334412483747,0.7500443613167559,0.6613798836571072,0.011291482013512008,-0.0010296085648257628,-0.0009473071639622795,-0.00022642353808319653
6.716,27.947900432998722,-0.025744543409503936,2.4707986979166323,0.34897114413703645,-0.0022517904148140317,-0.00222641978762263,0.7500442770366689,0.6613800382377728,0.011258448893268802,-0.0010283004176260483,-0.0009334504166426724,-0.00018538513768640822
6.718,27.94999158000428,-0.02572208735816192,2.470796641671848,0.348969299921445,-0.0022455744870584866,-0.002213969588350112,0.7500442184980847,0.6613801675522802,0.011227848333780792,-0.0010268369605645868,-0.000919985270008805,-0.00014949575091591024
6.72,27.952160990003904,-0.025699686554327014,2.4707945886892,0.34896748229449154,-0.002238899909298684,-0.002201044597586677,0.750044181488081,0.6613802752923239,0.011200224693734773,-0.0010252060105030078,-0.0009066911199120582,-0.00011912587563214072
6.7219999999999995,27.953952383002616,-0.025677354124971817,2.4707925399356503,0.3489656856955039,-0.002231007407287928,-0.002186794328759229,0.7500441622979628,0.6613803709963425,0.01116603780998508,-0.0010230915668329268,-0.000896177247006824,-9.860435107610168e-05
6.724,27.955880585999694,-0.02565507157747767,2.470790496610848,0.34896391890018885,-0.0022225600128152946,-0.0021719314092963024,0.7500441694318967,0.6613804403232371,0.01114109690924623,-0.0010203772436229107,-0.0008812754403984567,-6.156323668830331e-05
6.726,28.1232843290054,-0.02563282983942297,2.470788459987838,0.34896218706338183,-0.0022147535904767836,-0.0021578467742895094,0.7500441674686423,0.6613805148400606,0.011120691311184192,-0.001017026489374728,-0.0008637960839237092,-7.113190108199269e-05
6.728,28.12523423699895,-0.025610625632438686,2.470786431535254,0.3489604987099781,-0.0022086773317309023,-0.002145788350822696,0.7500441294278816,0.6613806175324229,0.011101924966073522,-0.0010129413860854096,-0.0008420541663030599,-0.0001153718456913887
6.73,28.12729091100482,-0.02558846374428753,2.4707844108452917,0.3489588477181728,-0.002203981826310446,-0.0021353568897832125,0.7500440637331427,0.6613807414596647,0.011080766043557311,-0.001009060153940124,-0.0008233735869165163,-0.0001489592512668983
6.732,28.12927526400017,-0.025566348315445804,2.4707823972245397,0.3489572305066663,-0.0022003228207806693,-0.0021261551265082442,0.7500439812938895,0.6613808767787847,0.011057536912652379,-0.0010055256151389382,-0.0008064836882618585,-0.00016808217714954856
6.734,28.131181823002407,-0.025544286990939163,2.470780389780072,0.3489556453778653,-0.0021974189418108333,-0.002117858606697782,0.7500438906734529,0.6613810158209453,0.01103048501036341,-0.0010024375551306256,-0.0007904424494071944,-0.00017590245930147405
6.736,28.133350499003427,-0.025522281593660094,2.470778388230247,0.34895408800228367,-0.002195047176769505,-0.0021102099020466024,0.7500438001458412,0.6613811508085534,0.011002521747181408,-0.0009994903177984657,-0.0007765660372278714,-0.00017250414986229252
6.7379999999999995,28.135143930005142,-0.025500333108422146,2.4707763922266457,0.34895255573794387,-0.0021930260327958848,-0.0021029982973716247,0.7500437150770852,0.6613812769562993,0.01097406605230637,-0.00099671728656941,-0.000764010609044137,-0.00016204429714472785
6.74,28.137539471004857,-0.025478462365771514,2.4707744001168797,0.34895103953451767,-0.0021896682855639163,-0.002094307935576721,0.7500436689837067,0.6613813679296765,0.010935196034019283,-0.000994770357303536,-0.0007559803157843911,-0.00011032607289728778
6.742,28.139177418001054,-0.02545666053162307,2.4707724124271238,0.34894953998926753,-0.0021852553948297072,-0.0020844518189872944,0.7500436620586217,0.6613814215149725,0.010900741878028529,-0.0009925604534126553,-0.0007476513557931003,-5.672085171912016e-05
6.744,28.141135290999955,-0.025434931278106032,2.470770429277253,0.3489480552902768,-0.0021792404518367705,-0.002072808163469476,0.7500437000009638,0.661381434927104,0.01086445200788767,-0.000990290569622368,-0.0007402282754194846,2.5130246736786614e-06
6.746,28.14308680999966,-0.025413263880559284,2.4707684514458257,0.3489465865766731,-0.0021720089351528237,-0.002059812567212667,0.7500437744098729,0.6613814149326885,0.01083352394698864,-0.00098763146986657,-0.0007322356806328464,5.126378595377324e-05
6.748,28.145377127002575,-0.02539165604335209,2.4707664793197055,0.3489451361404604,-0.0021636499470615612,-0.0020455677419509125,0.7500438774534202,0.6613813696848128,0.010803743703934741,-0.0009847789118136354,-0.0007230969704115749,8.874982640810135e-05
6.75,28.147248416004004,-0.025370098527939106,2.4707645135929477,0.3489437042402908,-0.0021544836405001195,-0.002030435265088453,0.7500440014278369,0.6613813056437233,0.010778582758859937,-0.0009815793483629025,-0.0007138290513190205,0.00011642013361598708
6.752,28.14914568200038,-0.025348579787780042,2.470762554590549,0.34894230025880746,-0.0021457398176158355,-0.002015826850381755,0.7500441140932127,0.6613812509868057,0.010759194302764825,-0.0009782172976925624,-0.0006998695884709969,0.0001021761800126572
6.754,28.15110590599943,-0.02532709804485464,2.470760602450994,0.3489409213001295,-0.0021373891418209664,-0.002001708803815355,0.7500442139791932,0.6613812076298021,0.010740695929264816,-0.000974785956971637,-0.0006873583174031645,8.55081792493386e-05
6.756,28.15319156300393,-0.025305643870233083,2.4707586581757215,0.34893957380472934,-0.00213015033461001,-0.0019888985318206884,0.7500442862058948,0.6613811877216283,0.010726911640645244,-0.0009708538552191675,-0.0006716266256949093,5.019667842603158e-05
6.758,28.15511188000528,-0.02528422009358727,2.4707567214358535,0.34893825358675534,-0.0021237638275419177,-0.001977101273427816,0.7500443354662052,0.6613811877675524,0.010711713070152961,-0.0009670862107865462,-0.0006579880788358029,2.0502570808008303e-05
6.76,28.157207994998316,-0.025262820942595514,2.4707547918097776,0.3489369706488263,-0.002119620737732721,-0.0019679129043305007,0.7500443340220987,0.6613812300996117,0.01069939918725718,-0.0009635294363969527,-0.0006393479179025008,-4.363858405903807e-05
6.7620000000000005,28.159166484998423,-0.025241454614519817,2.4707528685458855,0.3489357183901327,-0.002117210866579653,-0.001960752380820537,0.7500442941844085,0.661381304263781,0.010682988194883818,-0.0009603483965604128,-0.0006240084739003709,-9.202051276785945e-05
6.764,28.161212509003235,-0.02522013930956416,2.4707509502696934,0.34893449096481305,-0.0021154051194763506,-0.001954333446582478,0.7500442436433497,0.6613813863569457,0.010657477508491718,-0.0009578545262501528,-0.0006115918983385745,-0.00010466751409051183
6.766,28.16309980799997,-0.02519887638630179,2.4707490365285256,0.34893328581098343,-0.0021139995438503524,-0.0019484170537284933,0.7500441939057366,0.6613814647124662,0.010631287020297834,-0.0009555870656042905,-0.0006004563047268583,-0.00010105251449283377
6.768,28.165221823001048,-0.02517767839535677,2.4707471283757534,0.3489320945856143,-0.002111505544008532,-0.0019412948369991222,0.7500441765790304,0.6613815132724664,0.010598822265882173,-0.0009527928147174446,-0.0005934922309593926,-5.77065975943161e-05
6.77,28.167260022004484,-0.02515653885623591,2.4707452260221237,0.3489309180517314,-0.002108098357518087,-0.0019331601889869623,0.7500441907217819,0.661381531929571,0.01056959650220831,-0.0009498933170185089,-0.0005861465962100203,-1.4829810505252236e-05
6.772,28.169269548998273,-0.02513546566238513,2.4707433302196278,0.34892975217561945,-0.002102924668026003,-0.0019230422014504876,0.7500442513816805,0.6613815091048636,0.010536424531472648,-0.0009466177721274705,-0.000580817766383026,4.627644501917486e-05
6.774,28.171209079002438,-0.02511444738861928,2.4707414417516937,0.34892859903169265,-0.0020964051605584797,-0.0019114144641928935,0.7500443508970303,0.6613814506527995,0.01050896440829316,-0.0009429505919276514,-0.0005744517424087524,9.811062781136487e-05
6.776,28.173160792001,-0.025093477432672533,2.470739561110973,0.3489274634120058,-0.002089205270696668,-0.0018990429841788954,0.7500444657857079,0.6613813787833108,0.010484804958170585,-0.0009390371325541243,-0.0005656895794109664,0.00011808384499595664
6.7780000000000005,28.175142446998507,-0.02507254875431086,2.4707376889001744,0.3489263441227264,-0.002081553490709865,-0.0018861861962137301,0.750044589507553,0.661381299393281,0.010464166183363571,-0.000934822268563949,-0.0005575244617527844,0.00012941134376158364
6.78,28.17731092900067,-0.025051651317573264,2.470735826706964,0.3489252525284904,-0.002074881170890738,-0.00187448353398789,0.75004469035957,0.6613812392584358,0.010448544314634708,-0.0009298135811275623,-0.0005436767397343265,0.00010040304650706443
6.782,28.179236713003775,-0.025030786028194113,2.4707339743893857,0.3489241852463883,-0.0020690330345491193,-0.0018637597901471643,0.7500447703496138,0.6613811971722069,0.010432470939321514,-0.0009248758198453025,-0.0005315207796834512,7.355394112026827e-05
6.784,28.181328384001972,-0.025009952230589966,2.4707321301312812,0.3489231479474558,-0.0020648613430196533,-0.001854998275694491,0.7500448133551981,0.6613811860704818,0.010416724381846496,-0.0009208462104569902,-0.0005165291424538976,2.6791574941209626e-05
6.786,28.183367007004563,-0.02498915513113276,2.470730293312617,0.34892213581625803,-0.0020619991201331583,-0.0018477783083337633,0.7500448297128497,0.6613811966604237,0.010398375711886643,-0.0009171265335538703,-0.0005039454128306314,-6.3494092645743615e-06
6.788,28.18533771300281,-0.024968404323151953,2.4707284626655586,0.3489211491991684,-0.0020603735185834426,-0.0018420226043073802,0.7500448215735307,0.661381227012394,0.010375229907760325,-0.0009140407919193363,-0.0004911883604912349,-3.664040794854929e-05
6.79,28.187376337002206,-0.024947703784890585,2.4707266376206927,0.348920183823756,-0.002059669484265197,-0.0018373683166292203,0.7500448004904202,0.6613812660610903,0.010350095396269196,-0.0009112397427048845,-0.0004805676545963273,-5.115313606851912e-05
6.792,28.189291852999304,-0.02492707611834242,2.4707248156311596,0.3489192297038981,-0.002058161393372876,-0.00183184752138517,0.7500448028647272,0.6613812833774098,0.010313660853208206,-0.0009097120356605403,-0.0004749400413094216,-1.9654885116023666e-05
6.7940000000000005,28.191343423000944,-0.0249065157604166,2.470722996799204,0.34891828722592605,-0.0020559822342535532,-0.0018256022742066257,0.7500448328094395,0.6613812734642922,0.010280006734511066,-0.0009081333016010633,-0.0004691191933828909,1.874117800379235e-05
6.796,28.193327392000356,-0.024886031615891466,2.470721180609688,0.34891735090182696,-0.0020521105247818024,-0.0018174627548667717,0.7500449073430216,0.6613812233805302,0.010241900905100606,-0.0009068120815267708,-0.0004660423454297062,7.754962302954215e-05
6.798,28.195391490000475,-0.02486561314438788,2.4707193677012187,0.34891642277373597,-0.0020469255964800483,-0.0018078546111024722,0.7500450197833892,0.6613811382670682,0.010209064367370268,-0.0009051716357013389,-0.00046194439431897563,0.0001282678081431269
6.8,28.19746550200216,-0.024845254859517496,2.470717558575567,0.348915505640265,-0.0020406984254644524,-0.0017970858173791393,0.7500451584502261,0.6613810296023592,0.010178970916100304,-0.0009032803093159118,-0.00045644704592201393,0.00016278496449356744
6.802,28.199575732003723,-0.02482494833476226,2.4707157538255498,0.34891460007269426,-0.0020337192918468356,-0.0017854858225046662,0.7500453152107023,0.6613809047415098,0.010153090834650418,-0.0009010925760689867,-0.00045066415188918697,0.00018655519688645517
6.804,28.201479622999614,-0.024804680532788052,2.4707139540657903,0.34891371541937627,-0.002027318585974428,-0.0017745746040402186,0.7500454580450105,0.6613807917760964,0.010133728547627136,-0.0008985975795676691,-0.0004402068917847571,0.0001687942865386778
6.806,28.203504666002118,-0.02478445061210361,2.47071215931023,0.34891284920753857,-0.002021429684182021,-0.0017642765504264483,0.7500455859956691,0.6613806922481932,0.010114788131352184,-0.0008960955342883296,-0.00043098623379367394,0.00014920647194429436
6.808,28.20548995900026,-0.02476425271500047,2.4707103693362495,0.34891200882872503,-0.002017117470030902,-0.0017558112682041572,0.7500456766391144,0.6613806251462736,0.010098775601267755,-0.000893704856320349,-0.00041806962149050513,0.00010113768065983444
6.8100000000000005,28.207594997998967,-0.02474409147638656,2.470708583586265,0.3489111900622552,-0.002014044868674521,-0.0017487946014038591,0.7500457380303924,0.6613805834790986,0.010080446733490456,-0.0008915928923007541,-0.0004072635566199951,6.345837308843199e-05
6.812,28.468073641000956,-0.024723974654774716,2.4707068010140145,0.3489103928176513,-0.00201208847443279,-0.0017430887502284942,0.7500457749070532,0.6613805626760269,0.010058238298318983,-0.0008900040670545975,-0.0003965026268334897,3.2282325500093676e-05
6.814,28.46961893000116,-0.02470392466920516,2.47070502065983,0.34890960739890003,-0.002009561858510502,-0.0017367694467466741,0.7500458247936915,0.6613805304078557,0.010024821558596908,-0.0008888949949249639,-0.0003905897947866547,4.923452724577512e-05
6.816,28.47153338100179,-0.024683936997797744,2.470703242581412,0.348908833630282,-0.002006545067749676,-0.001729920425447371,0.7500458930793412,0.6613804800771084,0.009993664695417933,-0.0008877571564841441,-0.0003847648165493458,7.473755644346383e-05
6.818,28.473586755004362,-0.024664008089461432,2.470701466886321,0.3489080712230318,-0.002003096827474337,-0.0017226043575286568,0.7500459773241572,0.6613804140864598,0.009964283267622605,-0.0008865655490440076,-0.0003790842003767332,9.684795630306204e-05
6.82,28.475588503002655,-0.024644139923786352,2.47069969397196,0.34890731782003936,-0.001998808358761331,-0.0017143525270932344,0.7500460834102931,0.6613803281935723,0.009933912410022247,-0.0008851752188842181,-0.0003745821327900613,0.00012578961365789973
6.822,28.477541063002718,-0.024624325877360135,2.4706979241728355,0.34890657408033915,-0.001993878318652046,-0.0017053878090436902,0.7500462077941991,0.6613802251921449,0.009906852864907483,-0.0008836176568874312,-0.0003697505425313486,0.00015039873729949876
6.824,28.47956702100055,-0.02460455947924997,2.4706961588710663,0.3489058433931636,-0.001988739466686808,-0.0016962037025551728,0.7500463393321418,0.6613801151099015,0.009883028534466508,-0.0008813690513633106,-0.0003632242376508935,0.0001603593522042013
6.826,28.644154645000526,-0.02458483680910085,2.470694398257409,0.3489051248994228,-0.001983467172491694,-0.0016868852054844326,0.7500464749673231,0.6613800009566151,0.009861164686489095,-0.0008790250514461814,-0.0003571275849349803,0.00016608178648778806
6.828,28.64626611600397,-0.02456514971541361,2.470692644075334,0.34890442834900914,-0.0019793248401469687,-0.0016788849989883147,0.7500465848812066,0.6613799090737309,0.00984337550671155,-0.0008758093858527853,-0.0003461557166115566,0.00013307702615797994
6.83,28.64814481999929,-0.0245455005044754,2.470690896035932,0.34890375017076536,-0.0019760972872954435,-0.0016719594571449254,0.7500466730407712,0.6613798362904296,0.009824434410177094,-0.0008727380891972252,-0.0003369697034548429,0.00010495433107146516
6.832,28.650094426004216,-0.0245258909750289,2.470689153609938,0.3489030884314206,-0.0019735694076080056,-0.0016658612168302489,0.7500467461990031,0.6613797762605746,0.00980459403500073,-0.0008699314051544754,-0.000328750357954629,8.593146861439543e-05
6.834,28.652254977001576,-0.024506322645968297,2.4706874163480936,0.34890244121577846,-0.001971548685100323,-0.0016603671971033766,0.7500468107313477,0.6613797229189047,0.009783994150757166,-0.0008673493559608284,-0.0003214885995752029,7.555715225998027e-05
6.836,28.65411534099985,-0.024486804645717748,2.4706856833305486,0.3489018065008976,-0.001969636147095524,-0.0016550312215219646,0.7500468744857975,0.6613796696899522,0.009758829986595894,-0.0008652272382815508,-0.0003152382338697403,7.508735760339403e-05
6.838,28.656194230999972,-0.024467335353871852,2.470683954424609,0.3489011831250322,-0.0019677911829277276,-0.001649802620152554,0.7500469421498105,0.6613796115098299,0.009734476000475315,-0.0008631714702825015,-0.00030956878939864793,8.148611913113874e-05
6.84,28.658166630004416,-0.024447923126997863,2.4706822288747166,0.34890056851857165,-0.0019655755377026196,-0.0016441855441108105,0.7500470214634499,0.6613795421393902,0.009705943810188546,-0.000861493489701535,-0.0003051841261133341,9.742829696694962e-05
6.842,28.6601322839997,-0.024428563766421572,2.4706805067794635,0.3488999623857971,-0.001963072357743577,-0.001638270554071226,0.7500471135257558,0.661379459847516,0.009679510813444462,-0.0008597662088175892,-0.0003009473321455205,0.00011543894337675997
6.844,28.662163041000895,-0.024409263560201643,2.4706787875128273,0.3488993622947849,-0.001959786213600561,-0.001631499036500705,0.7500472252677034,0.6613793596092262,0.009649934042833585,-0.0008583519229569662,-0.0002979264815088745,0.00014151283673330026
6.846,28.66414242600149,-0.024390016144414016,2.4706770713506168,0.34889876885239685,-0.001955907409581394,-0.0016240819797598974,0.7500473546683389,0.6613792425975852,0.009623538914717998,-0.0008567997558925178,-0.00029460220984733567,0.00016547479679512506
6.848,28.666160947002936,-0.024370818561452297,2.470675358542895,0.34889818468638034,-0.0019517389911273078,-0.001616365693140613,0.7500474917663544,0.6613791183367199,0.009598622329904423,-0.0008551225786095813,-0.00028996397451460515,0.00017588760254724997
6.85,28.668241008999757,-0.02435166655872954,2.4706736492320047,0.34889760949155363,-0.0019473775542081188,-0.0016084578604295453,0.750047633965458,0.6613789892087524,0.009575832323864835,-0.0008533742067160531,-0.00028547841811804917,0.00018285019443054816
6.852,28.67010179900535,-0.024332555899612203,2.470671943583274,0.34889704752512096,-0.0019434088256173121,-0.0016010288271381436,0.7500477670007205,0.6613788680371213,0.009555160131185372,-0.0008515432118312949,-0.00027886415121960485,0.00017112362496144617
6.854,28.672078064002562,-0.02431348560176966,2.4706702414750827,0.3488964971955262,-0.0019397735465327228,-0.0015940085384448814,0.7500478921049519,0.6613787537896012,0.009534979698279235,-0.0008497729774199095,-0.00027304578457493613,0.00016094512462676457
6.856,28.674100812000688,-0.024294455260264285,2.4706685426988186,0.3488959614198302,-0.0019368566003278838,-0.0015878378335966322,0.7500480005746174,0.6613786541698655,0.009515001257732098,-0.0008481070853315188,-0.0002657687826458918,0.00013947532428992175
6.858,28.676194963001763,-0.02427546583710024,2.4706668469095887,0.34889543809258916,-0.0019345031758544564,-0.0015823384467572791,0.7500480971815818,0.6613785646789523,0.009494542339257069,-0.0008466135955077468,-0.00025954461431188446,0.00012443757640324688
6.86,28.678176827001153,-0.024256521679414035,2.4706651536106072,0.3488949272834453,-0.001932687150752579,-0.0015774821501799642,0.7500481828061932,0.6613784844849209,0.009471909613911646,-0.0008453685242080615,-0.00025328556115773054,0.00011059355058888277
6.862,28.68025587000011,-0.024237623220248097,2.4706634624765127,0.34889442715221813,-0.0019312747928949634,-0.0015731136567844516,0.7500482628571521,0.661378408232432,0.00944906059749908,-0.0008442861065780534,-0.00024794666141928986,0.0001042565265159083
6.864,28.682099117002508,-0.0242187808152019,2.470661772574756,0.34889393378412215,-0.0019295646642935665,-0.0015684354298438298,0.7500483511130505,0.6613783242464958,0.00942103408424257,-0.0008436699375069833,-0.00024456514317228433,0.00011534961782629305
6.866,28.68418068200117,-0.02419999095243642,2.4706600838770045,0.348893447022076,-0.0019276079811278192,-0.0015635009265030713,0.7500484501572511,0.6613782293128718,0.009394763122273012,-0.0008430679653122298,-0.00024126216622415028,0.00013058821072020542
6.868,28.686098832004063,-0.02418125710852303,2.470658396343871,0.3488929689854946,-0.0019251857588031874,-0.0015580428792530787,0.7500485641288853,0.6613781199967068,0.009366753896244221,-0.0008424855899514121,-0.00023689929209348741,0.00015096513856980873
6.87,28.68815777800046,-0.024162575205643286,2.470656709955913,0.34889249684371787,-0.0019224196145489767,-0.0015522159329625306,0.7500486897257597,0.6613779993084092,0.009340783467976576,-0.0008419131402237183,-0.00023395205594624647,0.0001670091801352498
6.872,28.690147695000633,-0.02414394631655815,2.4706550245776695,0.34889202434742883,-0.00191918299130915,-0.0015458429564709458,0.7500488345657275,0.6613778593760103,0.009314276786709307,-0.0008414084738355396,-0.00023412959682867068,0.00019384960971559543
6.874,28.692260529001942,-0.02412536654450408,2.470653340348187,0.3488915569206011,-0.0019155567583180938,-0.0015390501649120215,0.7500489892147204,0.66137771034778,0.009289718359189205,-0.0008408339811855035,-0.0002315946483860175,0.00020695502655624325
6.876,28.694040959999256,-0.024106831696857265,2.4706516573787884,0.3488910954700549,-0.0019116404695220367,-0.0015319523627469714,0.7500491514339362,0.6613775541896669,0.009267256265513873,-0.0008402039583784202,-0.0002286065006331781,0.0002171718917893491
6.878,28.696352067003318,-0.024088338125668025,2.4706499759487586,0.3488906431809547,-0.0019078652790436188,-0.0015250462815363163,0.7500493095492548,0.6613774017371643,0.009246617775050028,-0.0008394343485387815,-0.00022402572201743595,0.00021182900072105068
6.88,28.698102428999846,-0.024069883792604906,2.4706482960129965,0.34889019911526475,-0.0019042261792372396,-0.0015183233963241703,0.7500494635680852,0.6613772530242857,0.009226998879440392,-0.0008386872463351901,-0.00021991405338995883,0.00020645668851473358
6.882,28.700152368001,-0.024051467061218045,2.4706466177830415,0.3488897660676555,-0.0019011171527229098,-0.0015122412788585783,0.7500496033673433,0.6613771173607214,0.009208197781426728,-0.0008378344136721085,-0.00021440496110971982,0.0001876804335093188
6.884,28.702054849003616,-0.024033087938319708,2.4706449409886457,0.3488893424512483,-0.0018984316263830872,-0.001506675854234873,0.750049732085909,0.661376991800506,0.009189393760452125,-0.0008371166566047587,-0.000209689401131782,0.00017311548510466163
6.886,28.704085106001003,-0.0240147475376934,2.4706432655547017,0.34888893023533424,-0.0018964218959848665,-0.0015019154964765668,0.750049844485518,0.6613768809242458,0.009170032430290392,-0.0008364364905094926,-0.00020398910690835046,0.00015181914414558778
6.888,28.706073468005343,-0.02399644854998101,2.470641591256956,0.34888852465374115,-0.0018948611132360161,-0.0014976852020771388,0.750049948887756,0.6613767765909776,0.009149326251529881,-0.0008358684799384663,-0.00020067209698112343,0.00014195233533126816
6.89,28.708142665003834,-0.023978193906231605,2.470639917583612,0.3488881281817392,-0.0018936570673963394,-0.001493897306308741,0.7500500457398723,0.6613766787688878,0.00912715437375672,-0.0008355562522666164,-0.0001961172154618797,0.0001323779642217327
6.892,28.710058495998965,-0.02395998352286896,2.4706382443471258,0.34888773882400365,-0.0018927097069534734,-0.0014904315789049777,0.7500501393507082,0.6613765831382731,0.009105024397472768,-0.0008353378426371693,-0.0001925601172693329,0.0001288169016196774
6.894,28.712034194002626,-0.023941823519291302,2.470636570933874,0.3488873563697901,-0.0018918973294233647,-0.0014871505210376987,0.7500502317508405,0.661376488059814,0.009079834517865246,-0.0008354262685955753,-0.0001891083318779999,0.00012774920834668043
6.896,28.714012215001276,-0.023923712294878233,2.4706348971910326,0.3488869799253491,-0.001891189183018527,-0.0014840149718464261,0.7500503263641758,0.661376389829597,0.009055445116940801,-0.0008355910874008661,-0.0001861034786486707,0.00013169714869113396
6.898,28.716122415004065,-0.023905661280317226,2.4706332221832454,0.3488866043796326,-0.0018896650482976758,-0.0014799768081228961,0.7500504399900921,0.6613762743743701,0.009025340937100777,-0.0008362235306882071,-0.00018565417283376544,0.00015669000987012337
6.9,28.718112442002166,-0.023887664349014803,2.470631546104651,0.3488862308245173,-0.0018875056383541703,-0.0014752358941987952,0.7500505724446315,0.6613761409190707,0.00899829942394451,-0.0008367589582241911,-0.00018465889289926273,0.0001822562250374394
6.902,28.720094894000795,-0.02386972115791962,2.470629869487441,0.34888585897310864,-0.0018845761832294663,-0.0014696376846920314,0.7500507230523433,0.6613759909358233,0.008971429543200557,-0.0008370282859685244,-0.00018380702919209847,0.00020617460132846003
6.904,28.722045300004538,-0.02385182557529479,2.4706281925785154,0.3488854897893691,-0.001881067340461605,-0.0014633967874041456,0.7500508874376941,0.6613758283377393,0.008947625369798273,-0.0008371741742148826,-0.00018247320181984558,0.00022438919618764365
6.906,28.7240548760019,-0.023833976003626235,2.470626516012903,0.3488851242829079,-0.0018770730926152396,-0.0014566179327819863,0.7500510608313427,0.6613756580088055,0.008924619905826419,-0.0008370025614126927,-0.00018063453465709723,0.00023584279533305104
6.908,28.726031418002094,-0.023816167256632343,2.4706248399679662,0.348884763118976,-0.0018727387476274193,-0.0014494649237403255,0.7500512401607888,0.6613754826377226,0.008904207651269355,-0.0008367422516981192,-0.00017846327921545101,0.00024334375790190736
6.91,28.728202086000238,-0.023798393080329924,2.4706231651580217,0.34888441126718306,-0.0018688013679781965,-0.001442780347223754,0.7500514075039626,0.661375318610879,0.008886921794578988,-0.0008361248458920419,-0.00017380711631109056,0.00022721144971853566
6.912,28.9870619620051,-0.02378065254732067,2.4706214914522326,0.34888406749949463,-0.0018652052280558136,-0.0014365008766131166,0.7500515633915659,0.6613751656424337,0.008870100329899355,-0.0008355727943894653,-0.0001697650919064467,0.00021160527188284785
6.914,28.988923460005026,-0.023762946170753196,2.470619819243901,0.34888373797710037,-0.0018628332772540664,-0.0014316424855557249,0.7500516889160636,0.6613750405073777,0.008853021227885184,-0.0008348242030518525,-0.00016264228478643066,0.0001715417480488518
6.916,28.99095510400366,-0.023745276912831577,2.470618148032065,0.3488834199636664,-0.0018614444431813597,-0.0014279294444024737,0.7500517913353608,0.661374936293101,0.008834462150098492,-0.0008343259783069313,-0.0001568878405885077,0.00014129450898831626
6.918,28.99288814600004,-0.023727647575634617,2.470616477220561,0.3488831115332696,-0.0018607879637588822,-0.0014250740348104435,0.7500518780523995,0.6613748459551648,0.008814502115861966,-0.0008341258132776691,-0.00015209637982769485,0.00012105151818761313
6.92,28.994992327003274,-0.02371006212172886,2.4706148067099116,0.34888281124465365,-0.0018606566227612929,-0.0014228352691275056,0.7500519552769885,0.6613747635659345,0.008792560686397019,-0.000833975412675396,-0.0001480255085077511,0.00010920864304556923
6.922,28.996915700998215,-0.023692521652375485,2.4706131360867203,0.3488825175844665,-0.0018608905285473537,-0.0014210290758170639,0.7500520285000363,0.6613746837502834,0.00877006864200986,-0.0008340316998210381,-0.0001447113371540737,0.00010491658120488971
6.924,28.99896038800216,-0.023675039359642283,2.470611465805914,0.3488822232438797,-0.0018602698822558646,-0.0014182687237513964,0.7500521207999467,0.6613745867458883,0.008740981387084342,-0.0008338604423562317,-0.00014505163567748796,0.00012985818257970036
6.926,29.00090746099886,-0.02365760950254693,2.4706097960143176,0.34888192908098514,-0.001858957439254165,-0.0014147356120249334,0.7500522329009035,0.6613744708716507,0.008714763709885928,-0.0008336158525244702,-0.0001449628108749738,0.00015665121109848063
6.928,29.16516533500544,-0.023640234617397796,2.4706081276717344,0.3488816330347428,-0.0018565201410160523,-0.0014099316442880202,0.7500523737557986,0.6613743282355434,0.008687278199127582,-0.0008328913326019715,-0.00014590449047230828,0.00019496646056972646
6.93,29.167141297002672,-0.023622907754102862,2.470606462807157,0.34888134100703255,-0.0018537659208545387,-0.0014047801799797412,0.7500525217453191,0.6613741790908111,0.008663266681734087,-0.0008311524385695528,-0.0001438950957732524,0.00020436917813586593
6.932,29.168991153004754,-0.02360562460105377,2.470604801627097,0.3488810529883796,-0.0018508143452154611,-0.0013994179667807796,0.7500526729119119,0.6613740272896347,0.008641411605820557,-0.0008293102172708605,-0.00014189056516931807,0.00020834980406797294
6.934,29.170930717002193,-0.023588381488388308,2.470603144131409,0.348880769408839,-0.001847737423799768,-0.001393926002568675,0.7500528248009057,0.6613738752361586,0.008621391558643148,-0.0008274680470174813,-0.00013967102437442404,0.00020895228035319033
6.936,29.172981832001824,-0.023571174604075665,2.4706014891902113,0.34888049373220975,-0.0018451129422997457,-0.0013889666093490245,0.7500529651030525,0.6613737338828231,0.008603276951386886,-0.0008261909033140142,-0.00013571951510246417,0.00019361844771140926
6.938,29.17497833500238,-0.023554003447250865,2.470599836620971,0.34888022466467156,-0.0018428680050258214,-0.0013844547729439122,0.7500530955655091,0.6613736016466751,0.00858541338675545,-0.0008250049445010531,-0.00013241498997969576,0.00018057084706206544
6.9399999999999995,29.17707482699916,-0.02353687027161177,2.4705981861435387,0.3488799634677794,-0.0018411930771525928,-0.0013806149722401715,0.7500532121055398,0.6613734821721488,0.008566422606404098,-0.0008239591055982365,-0.00012847963106481358,0.00016224068952543506
6.942,29.178969450003933,-0.023519775534540016,2.4705965374355294,0.34887970871122437,-0.0018399665214110853,-0.0013773069017292232,0.7500533193332675,0.6613733708776354,0.008547203530286346,-0.000823074407913022,-0.00012525948701363026,0.00015030605252810156
6.944,29.180990164000832,-0.023502724928680403,2.4705948904978574,0.348879459890212,-0.0018391449401646562,-0.0013744841604421802,0.7500534177796526,0.6613732673885783,0.00852513786822559,-0.0008221892977759827,-0.00012229170692670545,0.00013897854839661018
6.946,29.183000974000606,-0.023485718301834255,2.4705932450198325,0.348879215869219,-0.0018386328130423504,-0.001372035404106433,0.7500535122167379,0.6613731667973571,0.008503148557264454,-0.0008214594875391533,-0.00011989172017010218,0.00013441563515927382
6.948,29.184978301003866,-0.023468760295368395,2.4705916004867556,0.34887897456049377,-0.0018379952551252734,-0.0013694677093601918,0.7500536119541006,0.6613730607805571,0.008478838808196026,-0.0008209869961497248,-0.00011853559572949601,0.00014194098688036013
6.95,29.187079939001705,-0.023451848622012224,2.470589956718886,0.3488787360533186,-0.0018372377264206318,-0.0013667834348660896,0.7500537186598006,0.6613729474246612,0.008455672425936497,-0.0008206044000237501,-0.0001171348319629066,0.00015200430439378404
6.952,29.189028730004793,-0.02343498787489009,2.4705883136708464,0.3488784979362697,-0.00183592529729121,-0.0013634873033159295,0.7500538394245351,0.6613728209150949,0.008430209728677454,-0.0008202444793253142,-0.00011693978627595873,0.00017079980600978706
6.954,29.19097478400363,-0.02341817331861198,2.470586671398667,0.34887826108073283,-0.0018341823752743352,-0.0013597168022864978,0.7500539732646669,0.661372681727268,0.008407114420914888,-0.0008198565615985897,-0.00011630903060026044,0.00018867314244136465
6.9559999999999995,29.193030449001526,-0.023401408153431023,2.4705850302617853,0.3488780242660864,-0.0018318463552692546,-0.001355286469652546,0.7500541190969946,0.6613725319085664,0.008382419003035383,-0.0008192889537142128,-0.00011628859186434709,0.00020417274214901075
6.958,29.194999090999772,-0.0233846869638354,2.4705833904562504,0.3488777882059029,-0.0018290785090913152,-0.0013503762058220134,0.7500542749232145,0.6613723728923984,0.008360431288453487,-0.0008186233040596292,-0.00011591136522196699,0.00021738742341135053
6.96,29.197073013005138,-0.023368005503588675,2.470581752925047,0.3488775559407438,-0.001826306692830673,-0.001345477322293155,0.7500544294092824,0.6613722153357781,0.008340566351896596,-0.0008174861980838152,-0.00011401378479885529,0.0002154333162961563
6.962,29.199006658003782,-0.023351361215395727,2.470580117626991,0.3488773273465247,-0.0018235603698460675,-0.0013406219925907283,0.7500545813457521,0.6613720604640774,0.008321980449182791,-0.0008163696404614231,-0.00011217831455903416,0.0002117785844199746
6.964,29.200999951004633,-0.023334751479353703,2.4705784849710724,0.3488771039922412,-0.0018210556741114511,-0.0013360550871139934,0.750054725650976,0.661371912951915,0.008304704336002283,-0.0008150486116168626,-0.0001095583128687784,0.00020141313474921965
6.966,29.203018391002843,-0.0233181752569826,2.4705768547862923,0.34887688523275356,-0.001818746093085804,-0.0013317227672196203,0.7500548636030814,0.6613717715948293,0.008287947676525293,-0.0008138130568351461,-0.00010726093300957796,0.00019276107204882283
6.968,29.20497755300312,-0.023301630029752954,2.4705752277821653,0.34887667358611496,-0.0018170808544987905,-0.0013281417602327877,0.7500549852997541,0.6613716453580535,0.008272449787103151,-0.000812222810140724,-0.00010370446189049572,0.00017117871880678668
6.97,29.207075604004785,-0.023285116805212516,2.4705736035866757,0.34887646755727464,-0.0018159175433521346,-0.0013251492003576513,0.750055094176073,0.6613715310803715,0.008256448641460848,-0.0008108185058742425,-0.00010089558417364445,0.00015413207914803494
6.9719999999999995,29.209028561002924,-0.02326864114247809,2.470571982047573,0.34887626637682123,-0.001815068521797646,-0.0013225339947012813,0.7500551946301136,0.6613714247217493,0.008237667859223348,-0.0008094903293573796,-9.84713693083503e-05,0.00014288954289307297
6.974,29.210973895998904,-0.023252202647433388,2.4705703628718436,0.34887606934310444,-0.0018144546053489392,-0.001320202443682594,0.7500552912393245,0.6613713215009291,0.008219084205876498,-0.0008083086493542383,-9.639801463309592e-05,0.0001381968776797219
6.976,29.21303023600194,-0.023235806473127004,2.470568745764531,0.348875875451483,-0.0018139225214515576,-0.0013179824655552934,0.7500553867196603,0.6613712191047684,0.008197923909937026,-0.0008072744774455178,-9.482696024726812e-05,0.00013692510028555935
6.978,29.21499147400027,-0.023219451060651132,2.4705671305393464,0.3488756842322911,-0.0018134479322045587,-0.0013158440625505798,0.7500554838065218,0.6613711145588117,0.008177543156700214,-0.0008063334237513858,-9.349075483388431e-05,0.00013967222582676189
6.98,29.21730118599953,-0.023203144302238087,2.4705655166746054,0.348875492561093,-0.001812500674093761,-0.0013131862636887785,0.7500555918137246,0.6613709999479163,0.00815321653550903,-0.0008056531992505396,-9.37167822236082e-05,0.00015412104785535226
6.982,29.219045174999337,-0.023186881862579257,2.470563904217531,0.34887530099578373,-0.0018111893645674406,-0.0013101283825578802,0.7500557112063793,0.6613708742025156,0.008131057279720971,-0.0008049493798508057,-9.366384469654135e-05,0.00016975564887815808
6.984,29.22102738200192,-0.02317066572810177,2.4705622932547486,0.34887510849126263,-0.0018093133896651366,-0.001306443512294398,0.7500558432999972,0.6613707368200812,0.008107904913274707,-0.0008042022478676313,-9.413344772683761e-05,0.0001864864301280687
6.986,29.22308898600022,-0.023154490983825445,2.4705606838968577,0.3488749160469185,-0.0018070133924601422,-0.0013022891248109778,0.7500559859178767,0.6613705895595878,0.008087209897594115,-0.0008033998137423714,-9.410334910456656e-05,0.0002005607063937905
6.9879999999999995,29.225062170000456,-0.02313835447115032,2.4705590766969454,0.3488747257458115,-0.0018045893692068824,-0.0012980086172225626,0.7500561303052218,0.6613704408441569,0.008068093935633713,-0.0008023208768130482,-9.303167978352802e-05,0.0002027561636904814
6.99,29.22709203800332,-0.023122253163564137,2.47055747162885,0.34887453772587307,-0.0018020946952300456,-0.0012936606981644638,0.7500562749804577,0.6613702920899512,0.00805049150301713,-0.0008012549827117689,-9.18910912806148e-05,0.00020294582536885104
6.992,29.229046330998244,-0.023106183751253197,2.470555869152549,0.34887435497818176,-0.0017999996766237853,-0.0012897835746264617,0.7500564089499264,0.661370153433488,0.008034543539445384,-0.0007999591579040461,-8.925490485230876e-05,0.0001886241750879908
6.994,29.231071722002525,-0.023090145818107345,2.470554269036433,0.34887417666705495,-0.0017982343582819155,-0.0012862960249321314,0.7500565338089351,0.6613700234258088,0.008018804122144296,-0.0007987790771448562,-8.703662901769774e-05,0.0001763875876957545
6.996,29.23308210400137,-0.02307414003676361,2.4705526714244592,0.348874004106225,-0.0017970035976114223,-0.0012834340404380045,0.7500566452561688,0.6613699059393281,0.008002728063990291,-0.000797527059471097,-8.41614400879614e-05,0.00015856354375323186
6.998,29.235094347000995,-0.02305816696358389,2.470551075982677,0.3488738360671995,-0.001796187983297564,-0.0012810600715679658,0.7500567473359564,0.6613697969892691,0.007986374172766214,-0.0007964419765222512,-8.190055742505965e-05,0.00014630931953039768
7.0,29.23707566300436,-0.023042230638405232,2.4705494825384657,0.3488736720439246,-0.0017957249457279277,-0.0012791046614900015,0.7500568414687001,0.6613696952757826,0.007968000190291768,-0.0007954432309323027,-7.989267066363635e-05,0.00013592505968330272
7.002,29.239138212004036,-0.023026330946405146,2.4705478907842275,0.34887351122653043,-0.0017955264780532252,-0.0012774651965584882,0.7500569316815876,0.6613695966732525,0.007949683780356234,-0.0007945982505680149,-7.828973950718209e-05,0.00013122794968378426
7.004,29.241079791005177,-0.023010475374709488,2.4705463000948926,0.348873351382619,-0.0017952045380856035,-0.0012757019627815244,0.750057025307327,0.6613694947699752,0.007927623887593974,-0.0007940658066951579,-7.780300264264053e-05,0.000135894390008432
7.006,29.243098668004677,-0.022994661426352682,2.4705447103673706,0.3488731923917318,-0.0017947812824317523,-0.001273837077919677,0.7500571247260481,0.6613693867627537,0.007906812368121751,-0.000793584912195029,-7.737650164274718e-05,0.00014425078300198108
7.008,29.245227327002794,-0.022978895083330002,2.4705431212725184,0.34887303182376916,-0.0017938440140382087,-0.0012714019517995408,0.7500572363197986,0.6613692674331311,0.00788301003513072,-0.0007932685783649993,-7.816505242058894e-05,0.00016042435273922617
7.01,29.247179719000997,-0.022963171843596142,2.470541532872118,0.34887287051667243,-0.0017925143718745507,-0.0012685312521729046,0.7500573595695786,0.6613691367732554,0.00786145849438576,-0.0007929213617602296,-7.853461322081552e-05,0.00017634937838386736
7.012,29.513040277000982,-0.022947492631319164,2.4705399453828845,0.34887270783878305,-0.0017906600779197927,-0.0012650759160203347,0.750057494188271,0.6613689957439979,0.007839444948475808,-0.0007924657928972306,-7.922000056979534e-05,0.0001912620975680404
7.014,29.51494736400491,-0.02293185301885413,2.4705383596754653,0.34887254774289983,-0.0017888909794424532,-0.0012617311120734639,0.7500576260591093,0.6613688573664759,0.00781964458431819,-0.0007915749814415314,-7.79289000667928e-05,0.0001875466354292169
7.016,29.51680940400547,-0.022916250973515788,2.4705367756760155,0.34887239012819027,-0.001787220555473905,-0.0012585105433182738,0.7500577543161936,0.6613687225625711,0.007800861125901059,-0.0007907210122932244,-7.668830232015523e-05,0.00018257402879676528
7.018,29.518810915003996,-0.022900684784122348,2.470535193219214,0.3488722348364799,-0.001785635176445664,-0.0012553976061164419,0.7500578792089074,0.6613685911203396,0.007782933325556942,-0.000789949694118995,-7.552681387624042e-05,0.0001779128113506819
7.02,29.520782299005077,-0.02288515283004723,2.470533612396375,0.34887208325775915,-0.001784367487197799,-0.0012526560873936212,0.7500579959789544,0.6613684673110991,0.007765815546933385,-0.0007891327630225014,-7.367028432514588e-05,0.00016708018982259802
7.022,29.522792012998252,-0.0228696546336646,2.4705320329617186,0.3488719347641271,-0.0017833493784520497,-0.0012502077618829024,0.7500581065934142,0.6613683492419706,0.007748936864170798,-0.0007884386810485239,-7.21277469290216e-05,0.0001589140618591551
7.024,29.524709679004445,-0.022854193010149938,2.470530455196855,0.34887178884503184,-0.0017824899805415637,-0.0012479508635074037,0.7500582125806862,0.6613682356209569,0.007730650525412279,-0.0007876038084365126,-7.08404655896716e-05,0.00015265945209408193
