# .PCD v0.7
VERSION 0.7
FIELDS x y z
SIZE 4 4 4
TYPE F F F
COUNT 1 1 1
WIDTH 5006
HEIGHT 1
VIEWPOINT 0 0 0 1 0 0 0
POINTS 5006
DATA ascii
-0.28998 1.53944 0.82462
-0.39180 1.54195 0.87323
-0.41613 1.54184 0.84982
-0.44067 1.54177 0.82677
-0.46548 1.54174 0.80408
-0.17035 1.54121 0.96416
-0.27246 1.54311 0.99774
-0.29610 1.54280 0.97174
-0.31990 1.54252 0.94631
-0.34363 1.54229 0.92157
-0.48265 1.53785 0.56208
-0.56792 1.54076 0.63975
-0.59526 1.54098 0.61787
-0.62329 1.54125 0.59601
-0.65166 1.54156 0.57451
-0.41543 1.53885 0.69738
-0.51583 1.54180 0.75989
-0.54140 1.54188 0.73834
-0.56732 1.54201 0.71703
-0.59364 1.54218 0.69597
0.24159 1.55577 1.61275
0.21548 1.55457 1.56327
0.18961 1.55341 1.51543
0.16418 1.55229 1.46940
0.13929 1.55122 1.42546
0.30167 1.56029 1.80627
0.27316 1.55900 1.75030
0.24551 1.55776 1.69719
0.21846 1.55657 1.64631
0.19170 1.55540 1.59718
-0.00572 1.54566 1.19018
-0.02929 1.54489 1.15520
-0.13137 1.54587 1.16774
-0.07622 1.54348 1.08823
-0.09981 1.54284 1.05587
0.04066 1.54932 1.34102
0.01648 1.54845 1.30338
-0.64701 1.48297 0.53552
-0.03118 1.54685 1.23189
-0.05489 1.54611 1.19762
-5.11558 4.23090 -0.14564
-5.10804 4.08339 -0.20530
-5.10083 3.93923 -0.26224
-5.09395 3.79805 -0.31628
-5.08743 3.66085 -0.36734
-5.17423 4.83248 0.35259
-5.16514 4.68189 0.27888
-5.15650 4.53607 0.20903
-5.14815 4.39242 0.14169
-1.83904 1.02307 -0.33225
-5.05390 2.88415 -0.62679
-5.04922 2.76291 -0.66254
-4.84060 2.53976 -0.66592
-4.15835 2.09945 -0.59050
-5.05232 3.29271 -0.66705
-5.09844 3.46944 -0.25415
-5.09242 3.34697 -0.30158
-5.08665 3.22648 -0.34685
-5.08111 3.10794 -0.39023
-0.85570 1.57433 0.45495
-0.88961 1.57493 0.43373
-0.92444 1.57557 0.41253
-0.96022 1.57625 0.39131
-0.99705 1.57697 0.37006
-0.70476 1.45391 0.54595
-0.73272 1.45434 0.52738
-0.84054 1.57489 0.54337
-0.87214 1.57539 0.52341
-0.90421 1.57592 0.50365
-1.24379 1.58209 0.24052
-5.20151 5.73988 0.54952
-1.10663 1.57859 0.16041
-5.17915 5.37014 0.36624
-5.16873 5.19353 0.28138
-1.11579 1.57986 0.38477
-1.15448 1.58063 0.36486
0.38142 1.56237 1.89643
-1.23550 1.58228 0.32469
-5.23758 5.82416 0.87300
0.81093 -0.75567 2.32503
0.81894 -0.70693 2.32539
0.82635 -0.65814 2.32571
0.83321 -0.61008 2.32600
0.83948 -0.56194 2.32625
0.76135 -1.00685 2.32259
0.77261 -0.95553 2.32317
0.78310 -0.90508 2.32370
0.79305 -0.85473 2.32419
0.80227 -0.80519 2.32463
0.82580 -0.33343 2.32289
0.83029 -0.28921 2.32314
0.83437 -0.24437 2.32337
0.83791 -0.19994 2.32357
0.84099 -0.15557 2.32374
0.84521 -0.51409 2.32647
0.85048 -0.46657 2.32702
0.85505 -0.41957 2.32717
0.85909 -0.37242 2.32729
0.54443 -1.73114 2.30959
0.64811 -1.95941 2.32542
0.67255 -1.88466 2.32694
0.69561 -1.81152 2.32834
0.71728 -1.73986 2.32961
0.48960 -2.12346 2.31024
0.31816 -2.04179 2.28959
0.34639 -1.98060 2.29166
0.37368 -1.92005 2.29364
0.39968 -1.86108 2.29550
0.82257 -1.33708 2.33513
0.83646 -1.27353 2.33574
0.84932 -1.21142 2.33628
0.86121 -1.15021 2.33675
0.87221 -1.08986 2.33714
0.53537 -1.52504 2.30486
0.55473 -1.47220 2.30614
0.57343 -1.41963 2.30736
0.59133 -1.36773 2.30852
0.60837 -1.31692 2.30961
0.74942 1.01791 2.31841
0.73778 1.07014 2.31767
0.69086 1.14858 2.31312
0.71227 1.17640 2.31603
0.69835 1.23049 2.31511
0.77615 0.85272 2.31971
0.76507 0.90258 2.31893
0.59594 1.41432 2.30574
0.74079 1.00393 2.31721
0.72760 1.05508 2.31627
0.57200 1.48069 2.17782
0.53878 1.47904 2.09661
0.50684 1.47743 2.02006
0.47902 1.49007 1.96616
0.45851 1.54422 1.96477
0.63159 1.37455 2.30931
0.61253 1.43021 2.30790
0.59248 1.48658 2.30640
0.55621 1.48135 2.21516
0.87706 0.30890 2.32805
0.84931 0.11279 2.32423
0.84899 0.15770 2.32423
0.84819 0.20307 2.32419
0.84690 0.24820 2.32413
0.92231 0.14167 2.33332
0.87265 -0.04646 2.32730
0.87250 -0.00023 2.32719
0.87181 0.04599 2.32705
0.87059 0.09256 2.32687
0.82797 0.52565 2.32311
0.82289 0.57297 2.32282
0.81724 0.62058 2.32250
0.81095 0.66889 2.32214
0.80412 0.71717 2.32174
0.85228 0.37170 2.32523
0.84729 0.41885 2.32484
0.84179 0.46580 2.32443
0.83568 0.51331 2.32397
0.82898 0.56103 2.32348
-0.71049 -3.41446 2.19931
-0.63373 -3.31216 2.20624
-0.69397 -2.91682 2.19462
-0.49177 -3.11606 2.21886
-0.42610 -3.02204 2.22461
-1.16663 -3.98225 2.15698
-1.06469 -3.86063 2.16660
-0.41578 -2.55458 2.21881
-0.87736 -3.62955 2.18404
-0.79157 -3.52029 2.19193
-0.14687 -2.36906 2.24464
-0.10446 -2.29979 2.24805
-0.23533 -2.09386 2.23036
-0.02541 -2.16548 2.25430
0.01143 -2.10036 2.25716
-0.36384 -2.93076 2.23001
-0.30481 -2.84197 2.23506
-1.04437 -3.32874 2.16287
-0.19608 -2.67210 2.24421
-0.14563 -2.59015 2.24837
-2.48510 -4.57943 1.87108
-2.40735 -4.57916 1.94097
-2.33116 -4.57893 2.01161
-2.21616 -4.50347 2.05027
-2.07783 -4.37577 2.06392
-2.93637 -4.58121 1.29022
-2.84196 -4.58063 1.35716
-2.74985 -4.58010 1.42458
-2.65997 -4.57960 1.49234
-1.51086 -4.37616 2.12402
-1.39372 -3.70506 2.13014
-1.29962 -3.60641 2.13905
-1.21026 -3.51100 2.14744
-1.12527 -3.41846 2.15537
-1.54893 -3.61937 2.11293
-2.08320 -4.57732 1.98375
-2.00695 -4.57716 2.05725
-1.88347 -4.47239 2.08526
-1.75212 -4.33979 2.09810
0.52352 -0.76369 2.29104
0.53206 -0.71811 2.29141
0.54000 -0.67255 2.29174
0.54719 -0.62766 2.29202
0.55375 -0.58275 2.29225
0.53356 -0.99975 2.29584
0.54478 -0.94825 2.29633
0.55510 -0.89731 2.29675
0.56463 -0.84692 2.29711
0.57337 -0.79669 2.29741
0.57940 -0.32024 2.29274
0.58153 -0.27705 2.29269
0.49696 -0.40198 2.28357
0.58392 -0.19184 2.29246
0.58427 -0.14946 2.29229
0.60914 -0.50725 2.29803
0.61252 -0.46031 2.29796
0.46944 -0.99904 2.28834
0.61719 -0.36773 2.29768
0.61846 -0.32205 2.29747
0.19905 -1.73424 2.27108
0.22546 -1.67672 2.27294
0.25063 -1.62012 2.27468
0.27439 -1.56477 2.27630
0.29720 -1.50985 2.27783
0.10809 -2.13726 2.26840
0.14319 -2.06759 2.27102
0.17673 -1.99884 2.27349
0.20833 -1.93195 2.27577
0.31075 -1.07337 2.27133
0.41175 -1.19592 2.28507
0.42747 -1.14577 2.28599
0.44237 -1.09623 2.28685
0.45635 -1.04718 2.28763
0.29064 -1.31780 2.27350
0.38841 -1.49536 2.28788
0.40878 -1.43725 2.28912
0.42797 -1.38000 2.29026
0.44624 -1.32323 2.29132
-1.44171 -0.11863 -0.28427
-1.46873 -0.15431 -0.28735
-1.50080 -0.19167 -0.29100
-1.53786 -0.23105 -0.29522
-1.58079 -0.27288 -0.30011
-1.36720 0.04511 -0.27587
-1.37479 0.01357 -0.27670
-1.38605 -0.01847 -0.27795
-1.40066 -0.05099 -0.27960
-1.41929 -0.08429 -0.28172
-2.18582 -0.75076 -0.36805
-2.37278 -0.86459 -0.38880
-2.60210 -1.00191 -0.41415
-2.88963 -1.17142 -0.44580
-3.26130 -1.38748 -0.48656
-1.63072 -0.31779 -0.30577
-1.68827 -0.36626 -0.31229
-1.75433 -0.41905 -0.31976
-1.83115 -0.47724 -0.32841
-1.92031 -0.54191 -0.33842
-3.68432 1.41249 -0.53724
-3.35210 1.22263 -0.50036
-1.73937 0.66520 -0.31997
-2.86587 0.93724 -0.44619
-2.68303 0.82636 -0.42573
-1.55977 0.75143 -0.29992
-1.49303 0.68174 -0.29210
-1.48827 0.39712 -0.29064
-1.38805 0.56379 -0.27968
-1.34634 0.51260 -0.27470
-2.03496 0.38828 -0.35257
-1.97244 0.33682 -0.34544
-1.91773 0.28886 -0.33918
-1.87072 0.24391 -0.33378
-1.83016 0.20140 -0.32911
-1.20364 0.27445 -0.25733
-1.19353 0.24175 -0.25605
-1.18645 0.21014 -0.25513
-1.18250 0.17941 -0.25458
-3.99675 -4.13245 0.38455
-4.04440 -4.37653 0.79723
-4.05552 -4.51093 0.88793
-4.01227 -4.58891 0.97135
-3.89901 -4.58810 1.04033
-3.93532 -3.31998 -0.10745
-3.97041 -3.55030 0.19262
-3.97847 -3.66988 0.25592
-3.98689 -3.79218 0.32223
-3.99566 -3.91735 0.39173
-3.29277 -4.58405 1.44822
-3.20209 -4.58351 1.51572
-3.11392 -4.58301 1.58344
-3.02811 -4.58254 1.65117
-2.94445 -4.58211 1.71916
-3.92037 -4.58823 0.86041
-3.80351 -4.58737 0.92800
-3.69058 -4.58655 0.99513
-3.58125 -4.58577 1.06207
-3.47537 -4.58503 1.12884
-3.89354 -2.18004 -0.39129
-3.89858 -2.27464 -0.35295
-3.47137 -1.57257 -0.50947
-3.90931 -2.46721 -0.27095
-3.91501 -2.56529 -0.22728
-2.94034 -1.19832 -0.45138
-3.27231 -1.39964 -0.48776
-3.88832 -2.20572 -0.44158
-3.87480 -1.81905 -0.53479
-3.87865 -1.90960 -0.50633
-3.95439 -3.18414 0.07813
-3.96188 -3.29313 0.13691
-3.96969 -3.40408 0.19841
-3.97779 -3.51709 0.26242
-3.98622 -3.63225 0.32927
-3.90592 -2.47647 -0.30285
-3.91121 -2.57568 -0.26297
-3.91674 -2.67638 -0.22111
-3.92250 -2.77874 -0.17735
1.10116 0.82250 2.35877
1.10179 0.90814 2.35963
1.09019 0.96488 2.35876
1.07779 1.02253 2.35783
1.06478 1.08028 2.35686
1.12791 0.55067 2.36008
1.15067 0.62978 2.36341
1.14205 0.68500 2.36272
1.13294 0.74012 2.36201
1.12313 0.79601 2.36125
0.85197 1.59967 2.23062
0.99129 1.39313 2.35169
0.97532 1.45625 2.35059
0.95862 1.51984 2.34943
0.94089 1.58494 2.34818
1.05943 1.10945 2.35653
1.03661 1.19753 2.35476
1.02145 1.25713 2.35364
1.00557 1.31694 2.35246
0.98877 1.37796 2.35120
1.12612 -0.31782 2.35984
1.12987 -0.26768 2.36002
1.13321 -0.21726 2.36019
1.13606 -0.16691 2.36033
1.13849 -0.11662 2.36045
1.15422 -0.51629 2.36482
1.15841 -0.46276 2.36491
1.16204 -0.40993 2.36496
1.16514 -0.35694 2.36499
1.16783 -0.30419 2.36500
1.14355 0.18705 2.36075
1.14276 0.23812 2.36073
1.19017 0.30413 2.36683
1.13981 0.34078 2.36061
1.13756 0.39283 2.36051
1.17341 0.00933 2.36455
1.17263 0.06135 2.36439
0.90027 1.60071 2.27855
1.16967 0.16546 2.36402
1.16745 0.21760 2.36380
0.09637 1.53873 0.93676
0.07151 1.53803 0.90504
0.04695 1.53738 0.87434
0.02248 1.53678 0.84434
-0.00193 1.53623 0.81500
0.15962 1.54212 1.07468
0.13441 1.54130 1.04134
0.10942 1.54053 1.00893
0.08463 1.53980 0.97737
-0.29324 1.53548 0.62445
-0.14914 1.53398 0.65024
-0.17396 1.53378 0.62444
-0.19912 1.53363 0.59880
-0.22429 1.53353 0.57368
-0.01888 1.53453 0.73564
-0.08548 1.53600 0.77663
-0.10976 1.53564 0.75020
-0.13409 1.53533 0.72422
-0.15833 1.53507 0.69887
0.64996 1.47209 1.74501
0.61527 1.47052 1.68276
0.58159 1.46898 1.62319
0.57008 1.55321 1.65334
0.53800 1.55616 1.60095
0.80665 1.59771 2.13245
0.76322 1.59604 2.05375
0.72170 1.59442 1.97941
0.64503 1.47265 1.77161
0.60962 1.47110 1.70984
0.35706 1.54829 1.30660
0.32934 1.54713 1.26412
0.25102 1.54654 1.24569
0.27502 1.54494 1.18295
0.24872 1.54392 1.14467
0.43474 1.55278 1.47675
0.40460 1.55152 1.42940
1.10034 -0.57152 2.35860
0.34658 1.54913 1.34054
0.31841 1.54799 1.29836
-0.58503 -4.57078 1.99922
-0.52014 -4.57108 2.07950
-0.45551 -4.57143 2.16093
-0.39077 -4.57181 2.24368
-0.30784 -4.41732 2.25297
-0.91222 -4.56989 1.61287
-0.84616 -4.56998 1.68833
-0.78049 -4.57012 1.76471
-0.71508 -4.57030 1.84191
-0.64998 -4.57052 1.92002
0.21242 -4.48635 2.31018
0.28559 -4.30923 2.31650
0.35369 -4.14108 2.32229
0.41714 -3.98114 2.32760
0.47669 -3.82753 2.33250
-0.23012 -4.26803 2.25995
-0.15704 -4.12559 2.26645
-0.08816 -3.98958 2.27250
-0.02378 -3.86024 2.27810
-1.83707 -4.57251 0.67019
-2.11604 -4.57462 0.18641
-2.02306 -4.57387 0.26094
-1.93213 -4.57317 0.33487
-1.84311 -4.57251 0.40855
-2.33065 -4.57629 0.13125
-2.70747 -4.58021 -0.36864
-2.59407 -4.57913 -0.28853
-2.48391 -4.57809 -0.20944
-2.37679 -4.57709 -0.13139
-1.34195 -4.56963 0.84828
-1.26287 -4.56933 0.92196
-1.18480 -4.56907 0.99592
-1.10766 -4.56887 1.07038
-1.03134 -4.56871 1.14528
-1.78752 -4.57217 0.32329
-1.69671 -4.57153 0.39776
-1.60757 -4.57094 0.47202
-1.51996 -4.57040 0.54628
-1.43390 -4.56992 0.62052
1.18377 -1.34668 2.37844
1.19418 -1.27670 2.37870
1.02392 -1.37448 2.35967
1.21238 -1.14061 2.37905
1.22037 -1.07389 2.37915
0.88108 -1.62461 2.34675
0.89845 -1.56309 2.34778
1.08281 -1.07295 2.36237
0.93081 -1.44290 2.34966
0.94591 -1.38416 2.35052
1.25288 -0.69329 2.37877
1.25597 -0.63248 2.37856
1.25842 -0.57223 2.37833
1.26026 -0.51252 2.37806
1.26154 -0.45330 2.37776
1.02299 -1.04564 2.35472
1.03371 -0.99132 2.35527
1.04387 -0.93753 2.35580
1.05342 -0.88423 2.35628
0.65016 -2.63268 2.33641
0.75989 -3.03791 2.35438
0.79716 -2.92373 2.35703
0.83241 -2.81277 2.35948
0.86527 -2.70630 2.36171
0.54365 -3.26147 2.33321
0.34233 -3.07971 2.30856
0.38423 -2.98393 2.31187
0.42435 -2.89033 2.31499
0.46227 -2.80034 2.31790
1.02485 -2.13039 2.37149
1.04597 -2.04383 2.37262
1.06571 -1.95939 2.37364
1.08442 -1.87646 2.37456
1.10174 -1.79598 2.37536
0.65616 -2.30778 2.33208
0.68362 -2.23268 2.33399
0.70977 -2.15927 2.33578
0.73455 -2.08805 2.33744
0.75845 -2.01785 2.33903
-3.90725 -4.37288 -0.45461
-3.91526 -4.54060 -0.39396
-3.76071 -4.58771 -0.06351
-3.67319 -4.58738 -0.23847
-3.53775 -4.58618 -0.16021
-2.09057 -2.02832 -0.35760
-2.43202 -2.42026 -0.39507
-3.16806 -4.58260 0.31674
-3.66778 -3.83129 -0.52926
-3.89965 -4.21089 -0.51167
-2.73998 -4.57915 0.48019
-2.63935 -4.57835 0.55168
-2.57994 -4.57801 0.88226
-2.44588 -4.57690 0.69388
-2.35263 -4.57624 0.76469
-3.40707 -4.58502 -0.08308
-3.28090 -4.58390 -0.00701
-3.90916 -4.03582 -0.40981
-3.04064 -4.58179 0.14263
-2.92602 -4.58080 0.21628
-0.99948 -0.68617 -0.23365
-1.06308 -0.75570 -0.24124
-1.13682 -0.83539 -0.24994
-1.22307 -0.92775 -0.26000
-1.32569 -1.03654 -0.27184
-0.73600 -0.37593 -0.20097
-0.75993 -0.40872 -0.20406
-0.78673 -0.44424 -0.20748
-0.81669 -0.48289 -0.21127
-1.49181 -1.33391 -0.29091
-2.81511 -2.57662 -0.43704
-3.49841 -3.27605 -0.51129
-3.89438 -3.75606 -0.52264
-3.90160 -3.89411 -0.46770
-2.62668 -2.31291 -0.41651
-1.17307 -0.90427 -0.25424
-1.26049 -1.00278 -0.26440
-1.36470 -1.11897 -0.27637
-1.49018 -1.25788 -0.29065
-0.32542 -3.73432 2.24400
-0.25324 -3.61227 2.25038
-0.18515 -3.49488 2.25634
-0.12139 -3.38254 2.26186
-0.06066 -3.27340 2.26705
-0.74364 -4.57173 2.09870
-0.66971 -4.57203 2.18616
-0.57799 -4.46571 2.22424
-0.48137 -4.30539 2.23315
-0.39039 -4.15150 2.24145
0.24059 -2.68980 2.29172
0.28205 -2.60231 2.29494
0.12033 -2.43780 2.27449
0.35841 -2.43495 2.30074
0.39379 -2.35415 2.30336
0.04659 -3.35815 2.27982
0.10463 -3.24385 2.28467
-0.75910 -4.42501 2.20437
0.21159 -3.02555 2.29343
0.26052 -2.92185 2.29734
-1.83369 -4.57325 1.19145
-1.75288 -4.57291 1.26354
-1.67332 -4.57263 1.33612
-1.59501 -4.57239 1.40934
-1.51789 -4.57219 1.48309
-2.30206 -4.57581 0.64949
-2.20698 -4.57514 0.72106
-2.11396 -4.57452 0.79271
-2.02294 -4.57396 0.86447
-0.85540 -3.98518 2.18978
-1.07408 -4.57203 1.94394
-1.00254 -4.57217 2.02464
-0.93154 -4.57235 2.10660
-0.86090 -4.57258 2.19001
-1.31085 -4.57282 1.89992
-1.43073 -4.57137 1.37727
-1.35125 -4.57121 1.45305
-1.27269 -4.57109 1.52962
-1.19516 -4.57103 1.60728
-1.16103 1.57973 0.03955
-1.20575 1.58077 0.01525
-5.11067 5.78511 -0.28233
-5.10113 5.59314 -0.35921
-5.09203 5.40697 -0.43218
-0.83806 1.57187 0.03812
-0.87938 1.57288 0.01106
-0.92215 1.57395 -0.01643
-0.96648 1.57506 -0.04438
-1.01286 1.57623 -0.07303
-3.19695 2.84615 -0.48713
-2.69844 2.34670 -0.43134
-1.36198 1.35488 -0.28038
-2.06864 1.71255 -0.36028
-1.85580 1.49673 -0.33601
-1.50500 1.76058 -0.29796
-1.33752 1.52690 -0.27839
-0.95811 1.57500 0.15562
-1.09966 1.19211 -0.25007
-1.01222 1.06770 -0.23943
-0.49934 1.53668 0.45071
-0.52661 1.53702 0.42967
-0.55434 1.53740 0.40868
-0.58258 1.53782 0.38774
-0.61113 1.53827 0.36699
-0.22119 1.53254 0.51738
-0.24749 1.53254 0.49161
-0.27412 1.53259 0.46612
-0.30107 1.53270 0.44083
-0.77281 1.57042 0.14440
-0.81604 1.57186 0.24370
-0.85007 1.57259 0.22201
-0.88529 1.57336 0.19996
-0.92117 1.57416 0.17789
-0.61770 1.49376 0.27762
-0.50342 1.53501 0.26700
-0.53483 1.53556 0.24223
-0.56675 1.53615 0.21757
-0.59972 1.53681 0.19267
-0.63307 0.09712 -0.18730
-0.54207 -0.07224 -0.17494
-0.53621 -0.13286 -0.17428
-0.56440 -0.12606 -0.17804
-0.57388 -0.14515 -0.17935
-0.47108 0.11486 -0.16561
-0.46996 0.09866 -0.16536
-0.46956 0.08258 -0.16522
-0.52259 0.09207 -0.17257
-0.64875 0.13442 -0.18949
-0.65806 -0.27960 -0.19078
-0.67788 -0.30674 -0.19341
-0.63389 -0.18617 -0.18733
-0.72411 -0.36699 -0.19946
-0.75121 -0.40076 -0.20295
-0.59706 -0.13723 -0.18239
-0.60489 -0.15644 -0.18347
-0.70754 0.23924 -0.19756
-0.62389 -0.19703 -0.18607
-0.63512 -0.21860 -0.18760
-1.17566 0.79379 -0.25663
-1.11276 0.72629 -0.24903
-1.05708 0.66576 -0.24225
-1.00775 0.61145 -0.23618
-0.96407 0.56249 -0.23075
-0.70769 0.61832 -0.20059
-0.67726 0.57045 -0.19647
-0.65058 0.52748 -0.19279
-0.62689 0.48836 -0.18948
-0.54942 0.19945 -0.17685
-0.78098 0.34280 -0.20736
-0.75981 0.31455 -0.20456
-0.74073 0.28817 -0.20203
-0.72338 0.26307 -0.19970
-0.71215 0.36628 -0.19900
-0.51952 0.28554 -0.17366
-0.51023 0.26324 -0.17220
-0.50209 0.24217 -0.17090
-0.49492 0.22189 -0.16974
-5.97808 1.09096 0.48724
-6.53467 1.09259 0.49651
-7.20610 1.09429 0.50933
-8.01713 1.09606 0.52659
-9.03533 1.09796 0.55046
-5.17581 1.33429 0.55918
-5.17245 1.25655 0.53172
-5.16927 1.17963 0.50578
-5.16625 1.10221 0.48103
-5.50180 1.08938 0.48045
-16.01820 0.11134 0.56956
-16.05061 -0.13386 0.56643
-16.05683 -0.37939 0.56613
-16.03469 -0.62435 0.56889
-15.98433 -0.86750 0.57469
-10.33924 1.10000 0.58324
-12.84381 1.16998 0.66325
-14.49950 1.10488 0.69779
-14.96995 0.91811 0.68139
-15.19527 0.70599 0.65742
-5.19480 2.47100 0.67815
-5.18982 2.37231 0.63871
-5.24598 2.52441 1.13184
-5.18056 2.17750 0.56560
-5.17630 2.08200 0.53213
-5.24716 2.92558 1.12148
-5.24065 2.83113 1.06851
-5.21824 2.11938 0.90495
-5.22828 2.64379 0.96819
-5.22247 2.55157 0.92115
-5.15551 1.52788 0.37023
-5.15281 1.43873 0.34939
-5.15028 1.34956 0.32995
-5.14798 1.26165 0.31232
-5.14585 1.17365 0.29606
-5.19226 2.01627 0.67813
-5.18793 1.92895 0.64349
-5.18383 1.84298 0.61072
-5.17993 1.75760 0.57959
-4.06166 -2.24812 1.11242
-4.00789 -1.96461 0.65865
-4.01250 -2.03945 0.69397
-4.01731 -2.11519 0.73100
-4.02234 -2.19188 0.76980
-4.01302 -1.82960 0.71370
-5.16881 -1.94880 0.46060
-4.02902 -1.60716 0.40411
-3.97897 -1.66137 0.42335
-3.98234 -1.73683 0.44809
-4.05741 -2.67324 1.04373
-4.06414 -2.75746 1.09694
-4.07116 -2.84304 1.15253
-4.07846 -2.92989 1.21063
-4.08605 -3.01813 1.27127
-4.00699 -2.21129 0.63212
-4.01190 -2.29442 0.66936
-4.01707 -2.37884 0.70873
-4.02248 -2.46464 0.75015
-4.02816 -2.55185 0.79386
-7.24076 -1.07697 0.37230
-6.52131 -1.07582 0.35986
-5.24612 -1.07278 0.41461
-5.42369 -1.07337 0.34488
-5.15214 -1.10456 0.34845
-16.11039 -0.70508 0.56085
-16.17473 -0.95482 0.55429
-5.17801 -1.46767 0.56599
-12.82170 -1.15391 0.45574
-10.19900 -1.07965 0.38497
-5.16857 -1.61775 0.47482
-5.17199 -1.70538 0.50133
-5.17562 -1.79363 0.52957
-5.17946 -1.88264 0.55951
-5.18351 -1.97244 0.59120
-5.24188 -1.07294 0.28191
-5.14571 -1.13940 0.28949
-5.14745 -1.22597 0.30193
-5.14939 -1.31330 0.31596
-0.77260 1.56345 1.67846
-0.49838 1.55991 1.63778
-0.51738 1.55931 1.60047
-0.53677 1.55874 1.56409
-0.55646 1.55822 1.52889
-0.67180 1.56547 1.84134
-0.40649 1.56346 1.84626
-0.42439 1.56268 1.80169
-0.44260 1.56193 1.75841
-0.46086 1.56122 1.71697
-0.78845 1.46816 1.27234
-0.59692 1.55308 1.25878
-0.61941 1.55278 1.22907
-0.64250 1.55252 1.19995
-0.66594 1.55230 1.17187
-0.81734 1.47203 1.45553
-0.59675 1.55727 1.46174
-0.61737 1.55686 1.42967
-0.63836 1.55648 1.39857
-0.65970 1.55614 1.36834
-0.24658 1.27642 2.20979
-0.27396 1.31007 2.20743
-0.30233 1.34403 2.20498
-0.33133 1.37774 2.20246
-0.36139 1.41176 2.19985
0.09412 1.00320 2.24248
0.07891 1.04321 2.24138
0.06288 1.08354 2.24021
0.04586 1.12450 2.23896
0.02816 1.16552 2.23765
-0.49521 1.47943 2.00802
-0.51287 1.47875 1.96532
-0.27355 1.47870 2.03667
-0.54868 1.47747 1.88435
-0.56927 1.48197 1.85264
-0.09920 1.42188 2.22788
-0.12413 1.46625 2.22591
-0.68980 1.55213 1.14447
-0.15897 1.47978 2.11655
-0.17490 1.47862 2.05450
-5.22988 4.79617 1.71921
-5.31688 4.73206 1.64645
-5.30514 4.58386 1.54900
-5.29405 4.43996 1.45725
-5.28337 4.29836 1.36926
-3.90051 3.91708 1.85766
-4.06749 3.97339 1.84032
-4.24219 4.02955 1.82213
-4.42205 4.08450 1.80337
-5.26845 3.21815 1.29534
-5.22938 3.51068 0.92969
-5.22178 3.38733 0.86864
-5.21461 3.26695 0.81130
-5.20780 3.14862 0.75696
-4.97491 3.33337 1.74424
-5.29586 4.00639 1.49699
-5.28634 3.88442 1.41858
-5.27729 3.76554 1.34426
-5.26856 3.64778 1.27275
-0.75937 1.46184 0.96308
-0.78541 1.46193 0.94071
-0.86239 1.53476 0.96007
-0.85557 1.48479 0.90995
-0.86772 1.46247 0.87658
-0.73897 1.46480 1.13908
-0.76222 1.46474 1.11534
-0.78583 1.46471 1.09239
-0.89271 1.58487 1.15041
-0.91966 1.58492 1.12654
-1.15801 1.58486 0.81456
-1.19581 1.58539 0.79474
-2.95172 3.22271 1.95386
-1.27494 1.58656 0.75626
-3.93613 4.32874 1.85495
-0.99717 1.46585 0.92629
-1.02678 1.46617 0.90757
-4.12168 -3.10099 1.57976
-1.19433 1.58705 0.93506
-1.22953 1.58747 0.91584
0.08163 0.21989 2.23348
0.07416 0.25103 2.23276
0.06617 0.28208 2.23199
0.05765 0.31304 2.23120
0.04866 0.34366 2.23036
0.11122 0.06159 2.23657
0.10634 0.09352 2.23602
0.10097 0.12534 2.23544
0.09504 0.15705 2.23483
0.08861 0.18839 2.23417
0.02903 0.48112 2.22914
0.01955 0.51249 2.22836
0.00955 0.54389 2.22755
-0.00101 0.57532 2.22669
-0.01201 0.60653 2.22579
0.03910 0.37445 2.22949
0.02909 0.40491 2.22858
0.01856 0.43529 2.22764
0.00753 0.46561 2.22666
0.12428 -0.37097 2.24018
0.02997 -0.48415 2.23088
0.03856 -0.45283 2.23148
0.04671 -0.42130 2.23204
0.05423 -0.39005 2.23256
-0.05708 -0.61125 2.22296
0.03884 -0.61314 2.23347
0.04763 -0.57931 2.23399
0.05581 -0.54562 2.23446
0.06337 -0.51206 2.23489
0.08889 -0.20174 2.23491
0.09291 -0.17035 2.23518
0.09640 -0.13869 2.23541
0.09939 -0.10728 2.23561
0.10184 -0.07586 2.23577
0.09666 -0.31364 2.23658
0.10028 -0.28092 2.23672
0.10331 -0.24828 2.23682
0.10577 -0.21599 2.23689
0.10777 -0.18354 2.23692
-0.49307 1.41015 2.18614
-0.52182 1.44333 2.18368
-0.29834 1.49555 2.20780
-0.58229 1.51036 2.17848
-0.58105 1.48153 2.09132
-0.46249 1.21936 2.18639
-0.48818 1.24757 2.18417
-0.36246 1.47646 1.89963
-0.54139 1.30371 2.17956
-0.56888 1.33167 2.17717
-0.66917 1.48273 1.84257
-0.70221 1.51209 1.83975
-0.73624 1.54158 1.83682
-0.76821 1.56612 1.82818
-0.78532 1.56564 1.79228
-0.74812 1.49892 2.16143
-0.75250 1.48289 2.09871
-0.76671 1.48234 2.05911
-0.78117 1.48181 2.02084
0.02445 0.81643 2.23222
-0.09047 0.79578 2.21946
-0.10555 0.82735 2.21824
-0.12137 0.85924 2.21696
-0.13768 0.89095 2.21564
0.01351 0.66826 2.22924
-0.08394 0.67429 2.21871
-0.09903 0.70364 2.21742
-0.11467 0.73293 2.21608
-0.13081 0.76221 2.21471
-0.24921 1.08294 2.20655
-0.27023 1.11524 2.20482
-0.29195 1.14765 2.20302
-0.31439 1.18018 2.20116
-0.33762 1.21280 2.19923
-0.23872 0.93581 2.20553
-0.25851 0.96436 2.20385
-0.27888 0.99288 2.20211
-0.29980 1.02140 2.20033
-0.32133 1.04990 2.19850
-1.89232 -2.54067 2.06575
-1.82113 -2.50078 2.07252
-2.13569 -3.20563 2.04768
-1.68541 -2.42148 2.08535
-1.62067 -2.38213 2.09143
-2.28496 -2.74235 2.02789
-2.20124 -2.70180 2.03603
-1.66794 -2.89987 2.09278
-2.04182 -2.62100 2.05143
-1.96587 -2.58076 2.05872
-1.29843 -1.94754 2.11805
-1.25317 -1.91728 2.12215
-1.30601 -2.39749 2.12365
-1.16610 -1.85709 2.12998
-1.12423 -1.82716 2.13372
-1.55799 -2.34293 2.09729
-1.49725 -2.30393 2.10293
-2.70646 -3.52370 1.99128
-1.38136 -2.22650 2.11363
-1.32609 -2.18808 2.11870
-4.11149 -3.62549 1.45265
-4.12133 -3.73590 1.53234
-4.13163 -3.84877 1.61604
-4.14241 -3.96432 1.70402
-4.15369 -4.08276 1.79645
-3.99849 -3.04166 1.85433
-3.86845 -3.00994 1.86758
-3.74298 -2.97777 1.88034
-3.62202 -2.94549 1.89261
-2.55315 -2.86432 2.00162
-3.25215 -3.78400 1.93635
-3.10758 -3.71869 1.95098
-2.96847 -3.65339 1.96501
-2.83489 -3.58845 1.97843
-3.37133 -3.49591 1.92205
-2.88278 -2.71469 1.96672
-2.79070 -2.68149 1.97584
-2.70162 -2.64831 1.98462
-2.61547 -2.61528 1.99310
-0.35580 -1.10257 2.19924
-0.33390 -1.07395 2.20101
-0.31265 -1.04532 2.20272
-0.29193 -1.01674 2.20439
-0.27169 -0.98789 2.20601
-0.37880 -1.29211 2.20030
-0.35433 -1.25861 2.20223
-0.33046 -1.22500 2.20411
-0.30755 -1.19182 2.20590
-0.28522 -1.15851 2.20763
-0.16185 -0.81503 2.21473
-0.14543 -0.78622 2.21602
-0.02765 -0.82033 2.22926
-0.11395 -0.72806 2.21850
-0.09899 -0.69895 2.21967
-0.16699 -0.96217 2.21663
-0.14960 -0.92973 2.21793
-0.47396 -1.24574 2.18960
-0.11682 -0.86514 2.22036
-0.10137 -0.83300 2.22149
-0.89430 -1.64978 2.15398
-0.85926 -1.62056 2.15702
-0.82507 -1.59146 2.15998
-0.79175 -1.56239 2.16285
-0.75924 -1.53345 2.16564
-1.02812 -1.96194 2.14552
-0.98363 -1.92501 2.14945
-0.94049 -1.88829 2.15324
-0.89867 -1.85174 2.15690
-0.36589 -1.45044 2.20460
-0.57975 -1.36041 2.18082
-0.55228 -1.33166 2.18311
-0.52551 -1.30297 2.18534
-0.49941 -1.27433 2.18750
-0.43218 -1.73070 2.20288
-0.63909 -1.60124 2.17907
-0.60642 -1.56628 2.18180
-0.57478 -1.53147 2.18442
-0.54386 -1.49657 2.18697
-5.18849 4.40865 0.50747
-5.17930 4.25127 0.43365
-5.17064 4.09878 0.36437
-5.16235 3.94877 0.29834
-5.15455 3.80311 0.23651
-5.24195 5.25556 0.94308
-5.23015 5.07689 0.84608
-5.21894 4.90323 0.75441
-5.20821 4.73318 0.66703
-5.19810 4.56884 0.58500
-5.17651 2.93813 0.48773
-5.17060 2.83823 0.44028
-5.16491 2.73956 0.39462
-5.15948 2.64282 0.35113
-5.15421 2.54631 0.30906
-5.14708 3.65960 0.17761
-5.14007 3.52003 0.12253
-5.13336 3.38231 0.07013
-5.12707 3.24817 0.02121
-5.12107 3.11562 -0.02525
-1.01072 1.58113 0.75587
-1.04397 1.58158 0.73621
-0.74225 1.45591 0.62723
-1.11290 1.58258 0.69761
-1.14869 1.58314 0.67867
-0.88131 1.46212 0.83665
-0.90902 1.46243 0.81901
-0.99396 1.57853 0.56079
-0.96612 1.46315 0.78456
-0.99556 1.46355 0.76771
-5.23378 5.42728 1.71945
-5.31962 5.36478 1.63844
-5.30701 5.20760 1.53293
-5.29493 5.05450 1.43223
-5.28329 4.90400 1.33540
-1.30226 1.58673 0.71765
-4.19137 4.52423 1.82851
-4.37914 4.60245 1.80886
-4.57564 4.68234 1.78825
-27.01570 -1.08258 -2.37213
-24.72196 1.10893 -1.73801
-32.98558 0.93167 -2.38829
-32.98181 0.38780 -2.42407
-32.97889 -0.15894 -2.45232
-15.21418 1.10286 -1.16694
-24.55437 1.10763 -2.57683
-32.87157 0.85828 -3.43669
-32.87677 0.24064 -3.39019
-32.88306 -0.37241 -3.33404
-10.16931 -1.08124 -0.70611
-8.72071 -1.08006 -0.58779
-7.61973 -1.07876 -0.49587
-6.75431 -1.07739 -0.42210
-6.05536 -1.07596 -0.36102
-8.73536 -1.08022 -0.68732
-7.56174 -1.07878 -0.55587
-6.66027 -1.07728 -0.45313
-5.94471 -1.07573 -0.36978
-5.36352 -1.07417 -0.30053
-5.12673 1.98605 0.09016
-5.12281 1.89556 0.05903
-5.09372 1.93778 -0.20765
-5.11544 1.71586 0.00057
-5.11201 1.62651 -0.02661
-5.09180 2.36953 -0.24812
-5.08793 2.25198 -0.27697
-5.07980 1.42325 -0.31186
-5.08096 2.02073 -0.32854
-5.07787 1.90768 -0.35114
-5.09487 1.10074 -0.16295
-5.48355 1.08831 -0.20171
-6.02022 1.09002 -0.24989
-6.67156 1.09179 -0.30690
-7.47163 1.09362 -0.37522
-5.06431 1.25485 -0.44762
-5.06285 1.14962 -0.45748
-5.26959 1.08719 -0.48774
-5.88379 1.08921 -0.56070
0.44266 0.87825 2.28041
0.38341 0.94189 2.27436
0.36689 0.98524 2.27304
0.34972 1.02848 2.27167
0.33169 1.07234 2.27024
0.48931 0.66299 2.28344
0.45500 0.72888 2.28009
0.44205 0.77125 2.27905
0.42847 0.81345 2.27796
0.41414 0.85617 2.27681
0.06918 1.50544 2.24758
0.25921 1.31373 2.26566
0.23796 1.36070 2.26401
0.21573 1.40812 2.26227
0.19238 1.45643 2.26044
0.37795 1.10375 2.27599
0.29338 1.16013 2.26717
0.27302 1.20447 2.26553
0.25166 1.24948 2.26381
0.22951 1.29442 2.26202
0.53740 -0.01762 2.28621
0.53878 0.02104 2.28631
0.53966 0.05975 2.28639
0.54002 0.09884 2.28643
0.53990 0.13800 2.28644
0.55425 -0.15953 2.28872
0.55577 -0.11915 2.28872
0.55674 -0.07914 2.28870
0.55717 -0.03885 2.28864
0.55707 0.00140 2.28854
0.52821 0.37556 2.28582
0.52438 0.41592 2.28559
0.51906 0.47712 2.28537
0.51503 0.49719 2.28503
0.50953 0.53813 2.28470
0.54532 0.24272 2.28730
0.54145 0.28314 2.28697
0.16799 1.50523 2.25850
0.53208 0.36420 2.28622
0.52653 0.40488 2.28578
-0.38896 1.54842 1.16753
-0.41163 1.54803 1.13791
-0.43457 1.54768 1.10907
-0.45776 1.54738 1.08092
-0.48122 1.54712 1.05343
-0.36980 1.55175 1.32248
-0.39188 1.55128 1.29135
-0.41413 1.55084 1.26110
-0.43655 1.55044 1.23164
-0.88379 1.58151 0.95695
-0.62999 1.54646 0.90041
-0.65623 1.54651 0.87673
-0.68317 1.54659 0.85328
-0.67877 1.49277 0.80462
-0.46769 1.54480 0.95379
-0.59993 1.54876 1.04516
-0.62439 1.54867 1.02100
-0.64925 1.54863 0.99735
-0.67469 1.54862 0.97395
0.05484 1.48995 1.91849
0.02824 1.53441 1.91643
0.00263 1.56251 1.89463
-0.01953 1.56139 1.84038
-0.04147 1.56031 1.78839
0.08424 1.47929 2.12296
0.06110 1.47804 2.05911
0.03853 1.47684 1.99883
0.01619 1.47567 1.94089
-0.00855 1.49555 1.91169
-0.17088 1.55464 1.51563
-0.19238 1.55383 1.47555
-0.33554 1.55558 1.50432
-0.23528 1.55234 1.39966
-0.25673 1.55166 1.36366
-0.15231 1.55869 1.69521
-0.17419 1.55782 1.65172
-5.08729 -1.16064 -0.24051
-0.21760 1.55620 1.56968
-0.23931 1.55544 1.53060
0.23043 -0.86832 2.25872
0.24135 -0.82489 2.25926
0.25141 -0.78183 2.25974
0.26058 -0.73946 2.26014
0.26903 -0.69712 2.26049
0.16300 -1.09153 2.25498
0.17831 -1.04591 2.25588
0.19273 -1.00079 2.25670
0.20622 -0.95611 2.25745
0.21871 -0.91217 2.25812
0.25487 -0.47904 2.25608
0.26026 -0.44158 2.25630
0.26505 -0.40431 2.25647
0.26920 -0.36719 2.25660
0.27281 -0.33025 2.25669
0.27663 -0.65542 2.26077
0.28360 -0.61377 2.26101
0.28972 -0.57272 2.26119
0.29512 -0.53197 2.26131
-0.13659 -1.73563 2.23438
-0.30132 -1.60644 2.21434
-0.27228 -1.56424 2.21662
-0.24424 -1.52250 2.21881
-0.21724 -1.48113 2.22089
-0.45292 -1.62113 2.19869
-0.40982 -1.94925 2.20921
-0.37196 -1.89786 2.21228
-0.33590 -1.84755 2.21518
-0.30105 -1.79749 2.21795
-0.07499 -1.24053 2.23158
-0.05433 -1.20158 2.23309
-0.03449 -1.16291 2.23452
-0.01557 -1.12484 2.23588
0.00276 -1.08675 2.23718
-0.12031 -1.51014 2.23183
-0.09438 -1.46414 2.23375
-0.06959 -1.41863 2.23556
-0.04608 -1.37391 2.23725
-0.02341 -1.32935 2.23886
0.17746 0.56077 2.24639
0.16619 0.59613 2.24546
0.23529 0.44003 2.25196
0.14200 0.66644 2.24347
0.12899 0.70169 2.24241
0.20761 0.44706 2.24886
0.19604 0.48231 2.24781
0.20488 0.62076 2.25008
0.17102 0.55291 2.24559
0.15753 0.58827 2.24441
0.03725 0.91468 2.23494
0.01959 0.95050 2.23350
0.00135 0.98613 2.23201
-0.01772 1.02218 2.23046
-0.03740 1.05804 2.22885
0.06401 0.79728 2.23633
0.04621 0.83192 2.23481
0.02785 0.86625 2.23325
0.00869 0.90086 2.23162
0.23649 -0.13932 2.25126
0.28200 -0.11168 2.25638
0.28154 -0.07588 2.25619
0.28052 -0.03989 2.25597
0.27892 -0.00426 2.25571
0.24565 -0.26237 2.25304
0.31356 -0.25443 2.26081
0.31354 -0.21567 2.26056
0.31284 -0.17739 2.26026
0.31154 -0.13931 2.25992
0.25772 0.20877 2.25337
0.25224 0.24404 2.25285
0.24621 0.27929 2.25229
0.23962 0.31452 2.25170
0.23246 0.34975 2.25106
0.29071 0.08541 2.25700
0.28509 0.12213 2.25637
0.27888 0.15900 2.25570
0.27205 0.19547 2.25499
0.26464 0.23184 2.25424
-4.03462 -3.07104 0.81031
-4.04248 -3.16598 0.87294
-3.98193 -2.73597 0.36556
-4.05911 -3.36053 1.00617
-4.06791 -3.46031 1.07701
-3.97914 -2.48540 0.36131
-3.98480 -2.57522 0.40473
-4.01477 -3.24844 0.61824
-3.99689 -2.75919 0.49802
-4.00334 -2.85349 0.54808
-4.12842 -4.10052 1.57033
-4.13995 -4.21511 1.66543
-4.15194 -4.33220 1.76473
-4.11741 -4.40399 1.84925
-3.92679 -4.31226 1.86883
-4.04827 -3.45719 0.90184
-4.05693 -3.56505 0.97098
-4.06597 -3.67526 1.04336
-4.07538 -3.78794 1.11913
-5.09659 -1.66033 -0.17773
-5.11574 -1.90667 -0.01627
-4.06981 -1.60790 0.03366
-3.93872 -1.63397 0.06429
-3.94269 -1.71168 0.09450
-5.11348 -1.79463 -0.03081
-5.08964 -1.25420 -0.22279
-5.09217 -1.34830 -0.20362
-5.09489 -1.44295 -0.18289
-5.09781 -1.53840 -0.16071
-3.97052 -2.19249 0.30773
-3.97587 -2.27551 0.34908
-3.98144 -2.35944 0.39224
-3.98722 -2.44431 0.43717
-3.99325 -2.53029 0.48417
-3.93459 -1.65200 0.02562
-3.93815 -1.73088 0.05200
-3.94189 -1.81064 0.07984
-3.94582 -1.89127 0.10916
-3.94995 -1.97288 0.14003
-1.17568 -2.56426 2.13933
-1.11501 -2.51005 2.14484
-1.32912 -3.16327 2.13101
-0.99988 -2.40370 2.15519
-0.94527 -2.35146 2.16005
-1.61008 -3.16029 2.10169
-1.52306 -3.08927 2.10994
-0.94564 -2.78719 2.16632
-1.35999 -2.95119 2.12526
-1.28357 -2.88415 2.13237
-0.65850 -2.05429 2.18500
-0.61668 -2.00709 2.18854
-0.57632 -1.96053 2.19194
-0.53744 -1.91446 2.19519
-0.49991 -1.86899 2.19830
-0.88706 -2.50538 2.16841
-0.82991 -2.44578 2.17346
-0.77510 -2.38709 2.17828
-0.72292 -2.32973 2.18282
-3.42440 -4.58564 1.82066
-2.96286 -3.80637 1.96669
-2.82744 -3.72845 1.98025
-2.69823 -3.65247 1.99314
-2.57480 -3.57804 2.00540
-2.98690 -3.55426 1.96238
-4.08945 -4.59002 1.73938
-3.97823 -4.58936 1.79839
-3.87046 -4.58873 1.85787
-3.71113 -4.52466 1.89269
-1.93849 -3.16212 2.06765
-1.84749 -3.09743 2.07640
-1.76017 -3.03385 2.08475
-1.67648 -2.97154 2.09271
-1.59605 -2.91031 2.10032
-2.73252 -3.95546 1.99184
-2.59561 -3.86810 2.00551
-2.46489 -3.78263 2.01850
-2.34028 -3.69903 2.03083
-2.22119 -3.61719 2.04256
1.29695 -4.56932 1.17025
1.37972 -4.56999 1.25255
1.49659 -4.56978 0.91345
1.47109 -4.30537 1.34399
1.46962 -4.03952 1.34316
0.90204 -4.56671 0.77515
0.97846 -4.56713 0.85194
1.49871 -3.38917 1.02678
1.13541 -4.56813 1.00913
1.21555 -4.56870 1.08915
1.49345 -2.40699 0.97672
1.49058 -2.29273 0.98916
1.47432 -2.80151 1.20428
1.48519 -2.08332 1.01147
1.48267 -1.98764 1.02146
1.46818 -3.79952 1.34216
1.46677 -3.58158 1.34101
1.07741 -4.56715 0.50584
1.46401 -3.20013 1.33836
1.46265 -3.03075 1.33688
0.05495 -1.19956 -0.11627
0.06995 -1.50457 -0.11710
0.09578 -1.98613 -0.11651
0.02092 -4.56555 -0.12284
0.19220 -3.64632 -0.10798
0.03618 -0.71481 -0.11047
0.03780 -0.77059 -0.11161
0.03986 -0.83365 -0.11271
0.07661 -0.78036 -0.10742
0.67589 -4.56573 0.54696
0.75863 -4.56603 0.19240
0.83731 -4.56623 0.27005
0.91652 -4.56648 0.34803
0.99648 -4.56679 0.42656
0.41551 -4.56539 0.06856
0.32702 -2.10871 -0.09173
0.39749 -2.53008 -0.08496
0.50199 -3.14916 -0.07420
0.67177 -4.14720 -0.05578
2.36416 -0.87773 1.93932
2.36308 -0.80529 1.94524
2.36205 -0.73313 1.95105
2.36108 -0.66221 1.95674
2.36017 -0.59139 1.96232
2.21094 -1.41405 2.03767
2.21040 -1.33284 2.03515
2.20989 -1.25293 2.03262
2.20943 -1.17535 2.03008
2.20900 -1.09880 2.02754
2.35581 -0.17849 1.99406
2.35526 -0.11024 1.99914
2.34760 -0.34086 2.08653
2.35432 0.02539 2.00916
2.35392 0.09343 2.01413
2.34395 -0.71269 2.14261
2.34381 -0.63915 2.13988
2.23217 -1.17858 1.79198
2.34367 -0.49503 2.13438
2.34367 -0.42373 2.13162
1.53000 -1.57577 1.11603
1.59317 -1.57748 1.17322
2.25366 -2.22145 1.69600
2.25145 -2.11959 1.70597
2.24931 -2.02049 1.71553
1.45504 -2.23927 1.32682
1.45386 -2.13480 1.32501
1.45270 -2.03531 1.32318
1.45157 -1.94105 1.32133
2.22049 -1.55239 1.95359
2.23818 -1.48944 1.76478
2.23657 -1.40888 1.77193
2.23504 -1.33070 1.77883
2.23357 -1.25360 1.78552
2.23493 -1.87306 1.84247
2.21733 -2.25843 2.06011
2.21650 -2.15252 2.05766
2.21568 -2.04960 2.05519
2.21490 -1.95020 2.05271
2.24098 3.00544 1.91920
1.22102 1.58040 1.00859
1.17336 1.57887 0.96591
1.12795 1.57739 0.92517
1.08429 1.57595 0.88590
2.23501 2.37833 1.91146
2.23612 2.49287 1.91326
2.23727 2.61238 1.91493
2.23846 2.73730 1.91649
2.23970 2.86813 1.91791
0.90718 1.56889 0.65643
0.87121 1.56772 0.62347
0.83652 1.56660 0.59158
0.75579 1.44549 0.52426
0.72516 1.44446 0.49595
1.04192 1.57454 0.84768
1.00136 1.57319 0.81101
0.96217 1.57188 0.77549
0.92424 1.57062 0.74103
0.88748 1.56940 0.70755
2.30769 0.99273 1.86340
2.23093 1.02741 1.79535
2.22356 1.04532 1.87507
2.23305 1.17323 1.78906
2.23420 1.24826 1.78565
2.36204 0.73563 1.95565
2.36252 0.80782 1.95606
2.22629 1.43006 1.88887
2.36365 0.95471 1.95656
2.28520 0.99277 1.88867
2.24245 1.73644 1.76056
2.24406 1.82564 1.75548
2.24574 1.91759 1.75008
2.24751 2.01322 1.74432
2.24934 2.11138 1.73822
2.23123 1.41668 1.83625
2.23225 1.49835 1.83548
2.23331 1.58155 1.83457
2.23443 1.66703 1.83350
0.09605 0.51694 -0.09795
0.04584 0.77337 -0.11282
0.04339 0.71909 -0.11161
0.04140 0.67061 -0.11038
0.03979 0.62736 -0.10914
0.04749 1.33616 -0.08591
0.03188 2.65243 -0.13273
0.06962 1.33582 -0.06381
0.02537 1.33655 -0.10807
0.00512 1.18502 -0.12503
0.03228 -0.45230 -0.10180
0.03246 -0.51071 -0.10433
0.05560 -0.48663 -0.10044
0.07779 -0.46406 -0.09663
0.08082 -0.49243 -0.09760
0.00499 0.67204 -0.11470
0.06188 0.46163 -0.09936
0.00736 0.55278 -0.11029
0.01032 0.46201 -0.10598
0.01101 -0.47319 -0.10546
0.57810 1.52939 0.35285
0.55014 1.52873 0.32644
0.67120 1.53023 0.29336
0.49524 1.52755 0.27436
0.46824 1.52704 0.24861
0.67787 1.53307 0.51523
0.64802 1.53219 0.48751
0.52706 1.52718 0.15625
0.58988 1.53057 0.43328
0.56150 1.52983 0.40670
0.31224 1.52512 0.09820
0.28673 1.52499 0.07332
0.26151 1.52491 0.04864
0.20031 1.52485 0.06071
0.17832 2.68628 -0.11693
0.40079 1.52647 0.25458
0.37517 1.52608 0.23007
0.34977 1.52575 0.20570
0.32439 1.52547 0.18126
0.00056 -0.90257 -0.11841
-0.08543 -1.12478 -0.13109
-0.09437 -1.24990 -0.13330
-0.10492 -1.40180 -0.13566
-0.11766 -1.58993 -0.13821
-0.00017 -0.61554 -0.11198
-0.05455 -0.72679 -0.12133
-0.05947 -0.78593 -0.12316
-0.06489 -0.85312 -0.12503
-0.07092 -0.93028 -0.12697
-0.02833 -4.56541 -0.05595
-0.23741 -4.56539 0.08120
-0.16693 -4.56519 0.15598
-0.09671 -4.56504 0.23057
-0.02661 -4.56494 0.30513
0.01023 -1.51665 -0.12372
-0.15389 -2.14473 -0.14424
-0.18142 -2.57887 -0.14805
-0.22118 -3.21625 -0.15290
-0.28432 -4.24246 -0.15971
0.01491 0.61277 -0.11159
0.01459 0.57453 -0.11024
0.01443 0.53948 -0.10889
0.01440 0.50770 -0.10756
-0.01786 0.54265 -0.11303
-0.03212 1.04468 -0.12713
-0.03050 0.95772 -0.12548
-0.02888 0.88175 -0.12384
-0.02726 0.81525 -0.12222
-0.02567 0.75696 -0.12064
-0.01316 -0.43648 -0.10700
0.00259 -0.42174 -0.10423
-0.05329 -0.53293 -0.11588
0.00144 -0.47533 -0.10677
0.00094 -0.50569 -0.10807
-0.01487 0.48159 -0.11014
-0.01194 0.42944 -0.10734
0.04344 -4.56489 0.37972
-0.04419 -0.46817 -0.11240
-0.01147 -0.41129 -0.10562
1.42213 -3.08169 1.72725
1.42231 -2.92157 1.71278
1.42240 -2.77177 1.69925
1.42241 -2.63329 1.68675
1.42234 -2.50284 1.67499
1.43870 -3.77646 1.61765
1.43847 -3.55669 1.60593
1.43815 -3.35618 1.59521
1.43774 -3.17233 1.58538
1.47595 -1.57902 1.45008
1.42094 -1.86624 1.61805
1.42060 -1.77780 1.61026
1.42024 -1.69411 1.60294
1.41987 -1.61412 1.59599
1.45068 -1.81094 1.31114
1.43353 -2.20734 1.53400
1.43282 -2.10196 1.52848
1.43210 -2.00230 1.52329
1.43138 -1.90711 1.51836
0.39521 -4.56539 0.75571
0.46640 -4.56563 0.83211
0.53818 -4.56593 0.90922
0.61034 -4.56627 0.98684
0.68311 -4.56666 1.06524
0.12102 -4.56492 0.27713
0.19418 -4.56491 0.35301
0.26743 -4.56496 0.42907
0.34084 -4.56505 0.50541
0.41449 -4.56520 0.58211
1.13837 -4.57000 1.55801
1.21805 -4.57071 1.64468
1.31164 -4.56983 1.30709
1.38175 -4.57227 1.82309
1.41786 -4.39961 1.84606
0.86651 -4.56719 1.05522
0.94430 -4.56770 1.13706
0.02011 0.88132 -0.11826
1.10226 -4.56886 1.30364
1.18326 -4.56952 1.38923
2.22324 1.95205 1.98047
2.22417 2.05200 1.98251
2.22512 2.15482 1.98457
2.22612 2.26233 1.98662
2.22714 2.37329 1.98868
2.21917 1.49822 1.97022
2.21991 1.58385 1.97227
2.22068 1.67125 1.97432
2.22150 1.76192 1.97637
2.22235 1.85544 1.97842
2.24076 2.97870 1.91867
1.22985 1.58064 1.01376
1.18170 1.57905 0.96829
1.13553 1.57751 0.92464
1.09117 1.57601 0.88267
2.22820 2.48973 1.99073
2.22930 2.61127 1.99277
2.23042 2.73743 1.99482
2.23158 2.86960 1.99687
2.35040 0.57158 2.06921
2.34657 0.34331 2.09965
2.34712 0.41400 2.09654
2.34772 0.48454 2.09337
2.34836 0.55607 2.09015
2.35299 0.29936 2.02890
2.34728 0.07373 2.08566
2.34739 0.14288 2.08539
2.34755 0.21219 2.08510
2.34776 0.28172 2.08476
2.34253 0.99456 2.05951
2.21706 1.00931 1.94020
2.21809 1.08297 1.93661
2.21918 1.15849 1.93292
2.22032 1.23486 1.92911
2.35000 0.70769 2.08199
2.35054 0.78113 2.08138
2.35113 0.85604 2.08073
2.35176 0.93143 2.08004
2.32323 0.99437 2.05239
0.28960 1.52507 0.11617
0.26368 1.52494 0.09097
0.24386 1.52530 0.19766
0.21178 1.52485 0.04045
0.18594 1.52489 0.01524
0.38365 1.52646 0.26880
0.35734 1.52607 0.24385
0.11850 1.52503 0.08074
0.30550 1.52546 0.19464
0.27971 1.52523 0.17012
-0.16981 2.42913 -0.15374
0.07524 0.96384 -0.11373
0.06908 0.88433 -0.11281
0.06395 0.81531 -0.11181
0.05965 0.75479 -0.11075
0.12660 1.52501 0.02415
0.10094 1.52516 -0.00038
0.07536 1.52536 -0.02484
-0.04324 2.49229 -0.14021
0.68436 1.44559 0.60110
0.85571 1.56803 0.65914
0.77252 1.44683 0.58471
0.74069 1.44572 0.55436
0.70990 1.44466 0.52497
1.02162 1.57272 0.76207
0.99281 1.57357 0.84080
0.95319 1.57223 0.80389
0.91486 1.57094 0.76815
0.87771 1.56969 0.73347
0.56014 1.52944 0.37765
0.53155 1.52875 0.35014
0.50358 1.52812 0.32321
0.47599 1.52755 0.29661
0.44853 1.52702 0.27011
0.66587 1.53320 0.53506
0.63543 1.53230 0.50645
0.60559 1.53144 0.47840
0.57632 1.53063 0.45084
0.54757 1.52988 0.42374
1.45598 -1.64459 1.23141
1.46113 -1.57610 1.23863
1.45041 -1.84829 1.31947
1.58812 -1.57952 1.35872
2.22840 -2.20069 1.94410
1.46363 -2.08835 1.22284
1.46200 -1.98997 1.22490
1.55664 -1.57958 1.40282
1.45890 -1.80901 1.22845
1.45742 -1.72485 1.23000
2.21938 -1.72566 1.98352
2.21862 -1.63578 1.98164
2.22426 -1.61029 1.92123
2.21721 -1.46412 1.97791
2.21656 -1.38133 1.97605
2.22707 -2.09655 1.94614
2.22578 -1.99531 1.94807
1.45452 -2.36111 1.34671
2.22336 -1.80340 1.95153
2.22223 -1.71218 1.95311
1.23779 -4.56925 1.24133
1.32375 -4.56993 1.32059
1.41055 -4.57065 1.40052
1.46132 -4.43698 1.44170
1.46105 -4.14957 1.42945
0.94482 -4.56691 0.80097
1.02636 -4.56737 0.87816
1.10830 -4.56789 0.95563
1.19196 -4.56845 1.03471
1.46881 -2.42080 1.21529
1.45763 -2.90795 1.37362
1.45689 -2.75659 1.36634
1.45611 -2.61508 1.35945
1.45533 -2.48426 1.35293
1.48613 -2.94346 1.10616
1.47149 -3.59426 1.29753
1.47007 -3.38751 1.29587
1.46866 -3.19865 1.29420
1.46727 -3.02529 1.29252
2.34650 0.44461 2.10454
2.34679 0.51586 2.10488
2.34712 0.58719 2.10518
2.34750 0.65920 2.10545
2.34793 0.73199 2.10569
2.34242 0.17610 2.13975
2.34228 0.24649 2.14292
2.34218 0.31673 2.14608
2.34212 0.38743 2.14924
2.34211 0.45812 2.15238
2.20819 1.21592 2.05416
2.20866 1.29460 2.05721
2.22058 1.01925 1.90399
2.20972 1.45817 2.06335
2.21030 1.54276 2.06645
2.34290 0.89991 2.17124
2.36134 0.76709 1.96549
2.34575 0.09605 2.10244
2.36350 0.91348 1.95452
2.37780 0.99402 1.96009
2.34980 -0.89879 2.09281
2.34921 -0.82360 2.09372
2.34867 -0.74939 2.09459
2.34817 -0.67607 2.09542
2.34772 -0.60353 2.09621
2.21637 -1.21146 1.96084
2.21556 -1.13482 1.96188
2.21479 -1.05966 1.96289
2.21407 -0.98585 1.96383
2.35217 -0.20050 2.03381
2.34599 -0.18091 2.10028
2.34586 -0.11145 2.10086
2.34578 -0.04210 2.10142
2.34574 0.02670 2.10194
2.34879 -0.46949 2.07839
2.34576 -0.45278 2.11021
2.34520 -0.38164 2.11362
2.34469 -0.31137 2.11699
2.34423 -0.24136 2.12032
-0.02127 1.52608 -0.02411
-0.23758 2.72888 -0.16277
-0.19939 2.25249 -0.15645
-0.06180 1.34076 -0.07833
-0.08395 1.33782 -0.10114
0.10219 1.52512 0.10289
0.07775 1.52520 0.07767
0.05321 1.52534 0.05239
0.02855 1.52554 0.02702
0.00373 1.52578 0.00153
-0.04463 0.76955 -0.12349
-0.04130 0.71350 -0.12167
-0.03820 0.66364 -0.11990
-0.03531 0.61929 -0.11819
-0.03257 0.57900 -0.11650
-0.10708 1.33838 -0.12468
-0.11977 1.29415 -0.14058
-0.10825 1.16294 -0.13771
-0.09840 1.05328 -0.13506
-0.08984 0.96023 -0.13259
0.52951 1.52943 0.40905
0.50083 1.52872 0.38039
0.47664 1.53013 0.49481
0.44482 1.52749 0.32455
0.41721 1.52696 0.29708
0.63277 1.53356 0.58628
0.60295 1.53261 0.55534
0.34738 1.52715 0.35835
0.54500 1.53088 0.49539
0.51678 1.53010 0.46627
0.25588 1.52502 0.13739
0.22939 1.52490 0.11129
0.20291 1.52485 0.08524
0.17642 1.52485 0.05922
0.15006 1.52492 0.03336
0.35550 1.52655 0.30080
0.32953 1.52615 0.27432
0.30392 1.52581 0.24825
0.27828 1.52552 0.22218
-0.03804 -4.08734 -0.13296
0.12257 -1.49223 -0.11126
0.14223 -1.70531 -0.11032
0.16833 -1.98246 -0.10859
0.20434 -2.35808 -0.10564
-0.14869 -2.11211 -0.14359
0.02702 -1.06022 -0.11777
0.03094 -1.16896 -0.11860
0.03595 -1.29885 -0.11930
0.04239 -1.45683 -0.11980
0.68934 -4.56584 0.18281
0.76955 -4.56601 0.26228
0.85026 -4.56624 0.34218
0.93159 -4.56653 0.42259
1.01334 -4.56687 0.50335
0.06214 -4.56503 0.15156
0.13747 -4.56496 0.22171
0.21280 -4.56495 0.29183
0.28833 -4.56498 0.36208
0.36407 -4.56506 0.43250
-0.04933 0.45419 -0.11380
-0.04035 -0.43012 -0.11068
-0.05397 0.48324 -0.11562
0.01443 -0.42429 -0.10310
-0.05819 -0.62109 -0.11948
-0.05427 0.60364 -0.12000
-0.04994 0.56438 -0.11815
0.01418 -0.47705 -0.10554
-0.06426 0.54945 -0.11942
-0.03529 0.43958 -0.11127
-0.02707 -0.82124 -0.12044
-0.02852 -0.88934 -0.12183
-0.02995 -0.96726 -0.12322
-0.03137 -1.05724 -0.12460
-0.03275 -1.16257 -0.12596
0.01420 -0.50684 -0.10677
0.01434 -0.53932 -0.10800
0.01462 -0.57493 -0.10923
0.01506 -0.61408 -0.11045
1.49422 -2.20262 0.94162
1.48233 -2.64208 1.11108
1.48019 -2.51228 1.11675
1.47812 -2.39090 1.12185
1.47614 -2.27705 1.12645
1.51075 -2.82062 0.86112
1.49452 -3.45806 1.07143
1.49186 -3.26792 1.08120
1.48931 -3.09213 1.08997
1.48687 -2.93015 1.09781
1.55721 -1.57677 1.16336
1.45943 -1.74018 1.21228
1.45822 -1.66003 1.21129
1.45705 -1.58348 1.21021
1.51157 -1.57714 1.25833
1.48110 -1.74576 0.99679
1.47239 -2.06967 1.13431
1.47061 -1.97411 1.13769
1.46889 -1.88351 1.14073
1.46723 -1.79745 1.14348
0.66563 -3.49026 -0.05654
0.89098 -4.56681 -0.02369
0.97194 -4.56698 0.05529
1.05352 -4.56721 0.13457
1.13589 -4.56749 0.21432
0.09780 -4.11567 -0.11817
0.28422 -2.21925 -0.09666
0.31012 -4.56524 0.07658
0.38464 -4.56524 0.14893
0.45945 -4.56528 0.22136
1.54414 -4.23472 0.66144
1.53824 -3.96940 0.70004
1.37325 -4.56904 0.88285
1.52778 -3.51488 0.76511
1.52310 -3.31835 0.79275
0.91813 -4.56661 0.66069
0.99688 -4.56701 0.73532
1.57577 -1.57882 1.31491
1.15791 -4.56797 0.88728
1.23979 -4.56851 0.96421
2.35973 -0.36321 1.95643
2.35986 -0.29539 1.95293
2.36003 -0.22751 1.94935
2.36026 -0.16001 1.94569
2.36054 -0.09281 1.94194
2.36145 -0.63676 1.95123
2.36111 -0.56653 1.95088
2.36081 -0.49698 1.95043
2.36058 -0.42802 1.94988
2.36091 0.52402 1.95382
2.36336 0.31025 1.91738
2.36403 0.37791 1.91290
2.36476 0.44587 1.90829
2.36554 0.51419 1.90354
2.35973 0.25403 1.95469
2.36041 0.04503 1.94331
2.36061 0.11198 1.94198
2.36086 0.17901 1.94054
2.36116 0.24669 1.93901
2.22976 -1.82963 1.88965
2.22894 -1.73803 1.88771
2.22816 -1.64919 1.88568
2.22743 -1.56354 1.88356
2.22673 -1.47963 1.88138
2.24153 -2.20013 1.81362
2.24009 -2.09701 1.81629
2.23872 -1.99823 1.81867
2.23742 -1.90273 1.82082
2.23616 -1.81029 1.82276
2.22349 -1.01585 1.86688
2.30100 -0.98020 1.93228
2.34146 -0.98031 1.89007
2.36029 -0.85876 1.97882
2.36006 -0.78552 1.97583
2.22980 -1.30602 1.83058
2.22893 -1.22936 1.83133
0.15728 -2.18901 -0.11039
2.22734 -1.08025 1.83245
2.22663 -1.00756 1.83284
0.87865 1.56778 0.61900
0.84377 1.56663 0.58574
0.76231 1.44550 0.51767
0.73175 1.44446 0.48841
0.70170 1.44347 0.45960
1.00216 1.57336 0.82015
0.96338 1.57203 0.78275
0.92587 1.57074 0.74651
0.88926 1.56949 0.71108
0.44164 1.52773 0.34613
0.55599 1.52865 0.31114
0.52828 1.52804 0.28414
0.50075 1.52747 0.25726
0.47356 1.52697 0.23066
0.69290 1.53130 0.36465
0.65167 1.53214 0.48073
0.62255 1.53130 0.45213
0.59376 1.53049 0.42382
0.56570 1.52975 0.39617
2.23278 1.82859 1.86973
2.23433 1.92202 1.86536
2.23593 2.01846 1.86075
2.23760 2.11818 1.85588
2.23934 2.22147 1.85075
2.21860 1.51268 1.97762
2.21957 1.59726 1.97729
2.22058 1.68480 1.97686
2.22164 1.77488 1.97636
2.22275 1.86768 1.97576
2.25131 2.93655 1.81247
1.25121 1.58029 0.97095
1.18915 1.58120 1.08435
1.15751 1.57719 0.88291
1.11311 1.57570 0.84110
2.23039 2.49359 1.96967
2.23184 2.61312 1.96811
0.44687 1.52652 0.20447
2.23490 2.86754 1.96443
2.23651 3.00338 1.96225
0.02631 0.44109 -0.10285
0.01377 -0.42655 -0.10298
0.03848 -0.45176 -0.10097
0.03992 -0.50877 -0.10333
0.06692 -0.47791 -0.09864
0.05172 0.56924 -0.10555
0.05003 0.53466 -0.10432
0.04864 0.50330 -0.10308
0.02535 0.52722 -0.10703
0.07671 -1.16370 -0.11349
0.05828 -0.88817 -0.11166
0.06929 -1.05730 -0.11303
0.08590 -1.29031 -0.11373
0.11217 -1.63295 -0.11323
0.07521 -0.57468 -0.10164
0.00894 -0.70821 -0.11346
0.00889 -0.76183 -0.11473
0.00905 -0.82216 -0.11598
0.00947 -0.89053 -0.11720
0.31617 1.52511 0.07531
0.29038 1.52500 0.04963
0.26466 1.52494 0.02395
0.23916 1.52494 -0.00157
0.18010 1.52491 0.00980
0.40559 1.52637 0.23727
0.38000 1.52599 0.21168
0.35461 1.52567 0.18624
0.32941 1.52540 0.16093
0.30436 1.52518 0.13571
-0.01857 1.22224 -0.12814
0.08927 0.65727 -0.10439
0.07122 0.87310 -0.11233
0.08042 0.57641 -0.10243
0.07684 0.54154 -0.10138
0.16631 1.33531 -0.05754
0.10903 1.46651 -0.06027
1.45454 -1.58110 1.63219
0.03965 1.24429 -0.12198
-0.01673 1.33716 -0.12581
1.35406 -2.53847 2.34415
1.35621 -2.39736 2.31284
1.35810 -2.26561 2.28429
1.35978 -2.14123 2.25790
1.36122 -2.02524 2.23404
1.27108 -3.24042 2.41432
1.29925 -3.10708 2.41596
1.32531 -2.97991 2.41740
1.34874 -2.85543 2.41695
1.35159 -2.69028 2.37865
1.37135 -1.58859 2.29095
1.44194 -1.59038 2.40255
1.45824 -1.52094 2.41385
1.46778 -1.44532 2.41402
1.47659 -1.37107 2.41414
1.36247 -1.91584 2.21219
1.36356 -1.81241 2.19226
1.36451 -1.71424 2.17389
1.36533 -1.62086 2.15706
0.53777 -4.56989 1.90173
0.31310 -4.57031 2.03227
0.38635 -4.57091 2.12203
0.45971 -4.57155 2.21302
0.53442 -4.57224 2.30676
0.03672 -4.56943 1.89529
0.00861 -4.56743 1.48795
0.08285 -4.56779 1.57096
0.15796 -4.56821 1.65588
0.23290 -4.56867 1.74160
0.84774 -3.68943 2.37200
0.88828 -3.55286 2.37498
0.92613 -3.42301 2.37772
0.96201 -3.29737 2.38025
0.99582 -3.17664 2.38258
0.69737 -4.57249 2.29560
0.77215 -4.52532 2.37191
0.82643 -4.34019 2.37620
0.87652 -4.16608 2.38009
0.92347 -3.99942 2.38364
1.52233 0.22963 2.40863
1.51807 0.28955 2.40817
1.44932 0.04969 2.39939
1.50825 0.40977 2.40721
1.50262 0.47014 2.40669
1.58615 0.01933 2.41674
1.58176 0.08151 2.41612
1.44850 0.33537 2.39948
1.57153 0.20560 2.41483
1.56572 0.26715 2.41415
1.45857 0.83797 2.40315
1.44936 0.90093 2.40246
1.43970 0.96399 2.40175
1.42941 1.02763 2.40101
1.41847 1.09241 2.40022
1.52055 0.63865 2.40967
1.51127 0.70087 2.40885
1.50142 0.76343 2.40799
1.49104 0.82638 2.40710
1.37676 -0.92560 2.39658
1.51644 -0.95021 2.41411
1.52112 -0.88348 2.41400
1.52523 -0.81752 2.41386
1.52878 -0.75229 2.41369
1.41427 -1.19645 2.40438
1.57590 -1.25967 2.42485
1.58139 -1.18443 2.42466
1.58624 -1.11043 2.42442
1.59048 -1.03760 2.42416
1.54000 -0.37418 2.41229
1.54026 -0.31258 2.41200
1.54006 -0.25175 2.41169
1.53939 -0.19074 2.41136
1.53828 -0.13041 2.41101
1.60403 -0.62165 2.42199
1.60447 -0.55487 2.42155
1.60437 -0.48918 2.42109
1.60377 -0.42402 2.42061
1.60267 -0.35936 2.42011
-0.20989 0.24286 -0.12895
-0.18846 -0.24582 -0.12524
-0.22160 0.27488 -0.13162
-0.20932 -0.29964 -0.12986
-0.21740 -0.31993 -0.13157
-0.28909 0.44745 -0.14551
-0.17198 0.30854 -0.12517
-0.19334 -0.26007 -0.12639
-0.19672 0.29098 -0.12833
-0.18613 0.25795 -0.12570
-0.31484 -0.54281 -0.14950
-0.33397 -0.58525 -0.15262
-0.24449 -0.39732 -0.13729
-0.37929 -0.68543 -0.15967
-0.40633 -0.74513 -0.16368
-0.22610 -0.34159 -0.13337
-0.23551 -0.36484 -0.13528
-0.18337 0.34775 -0.12815
-0.25683 -0.41683 -0.13942
-0.26895 -0.44610 -0.14168
-0.36013 0.91596 -0.16276
-0.33636 0.84055 -0.15888
-0.31562 0.77465 -0.15536
-0.29731 0.71647 -0.15214
-0.28120 0.66512 -0.14920
-0.49778 1.36856 -0.12653
-0.51698 1.34761 -0.14665
-0.54821 1.34861 -0.17076
-0.56824 1.32866 -0.19089
-0.32737 0.54182 -0.15251
-0.21240 0.44412 -0.13512
-0.20420 0.41723 -0.13323
-0.19669 0.39245 -0.13145
-0.18973 0.36924 -0.12975
-0.18635 0.47590 -0.13255
-0.34502 0.71220 -0.15784
-0.32693 0.66204 -0.15475
-0.31066 0.61688 -0.15189
-0.29599 0.57603 -0.14922
-1.11861 -4.56819 0.60688
-1.04726 -4.56790 0.67959
-0.97669 -4.56766 0.75230
-0.90683 -4.56747 0.82521
-0.83760 -4.56732 0.89814
-1.52254 -4.57068 0.09545
-1.44074 -4.57008 0.17056
-1.36038 -4.56953 0.24523
-1.28128 -4.56903 0.31946
-1.20341 -4.56858 0.39354
-0.43145 -4.56738 1.34344
-0.36462 -4.56754 1.41962
-0.43755 -4.56633 1.01013
-0.23115 -4.56800 1.57424
-0.16466 -4.56829 1.65267
-0.75508 -4.56690 0.83676
-0.68280 -4.56679 0.91121
-1.49006 -4.57031 0.24057
-0.53962 -4.56672 1.06131
-0.46857 -4.56676 1.13712
-0.69042 -1.37070 -0.20096
-0.77782 -1.56317 -0.21144
-0.88952 -1.80909 -0.22450
-1.03724 -2.13445 -0.24137
-1.24230 -2.58608 -0.26431
-0.37270 -0.69301 -0.15897
-0.39780 -0.75227 -0.16275
-0.42636 -0.81958 -0.16691
-0.45921 -0.89690 -0.17154
-1.82381 -4.57346 -0.28100
-1.81044 -4.57283 -0.06044
-1.72800 -4.57213 0.01579
-1.64717 -4.57148 0.09128
-1.56792 -4.57087 0.16620
-0.58021 -1.36583 -0.18854
-0.97670 -2.11251 -0.23467
-1.16207 -2.54769 -0.25547
-1.43323 -3.18455 -0.28532
-1.87023 -4.21089 -0.33264
-0.33648 0.22982 -0.14768
-0.32994 0.21343 -0.14647
-0.32389 0.19761 -0.14533
-0.31840 0.18243 -0.14428
-0.36136 0.19631 -0.15080
-0.37943 0.32589 -0.15533
-0.36929 0.30447 -0.15357
-0.35999 0.28426 -0.15194
-0.35153 0.26528 -0.15043
-0.34368 0.24711 -0.14901
-0.25160 -0.06065 -0.13220
-0.27352 -0.06788 -0.13581
-0.26973 -0.11077 -0.13555
-0.27541 -0.12429 -0.13660
-0.28156 -0.13830 -0.13772
-0.26670 0.11724 -0.13537
-0.30098 0.12674 -0.14087
-0.33738 0.13717 -0.14653
-0.26043 0.06941 -0.13383
-0.32425 0.09733 -0.14414
-0.43314 0.65531 -0.16767
-0.41157 0.60706 -0.16426
-0.74435 0.99044 -0.20817
-0.37520 0.52425 -0.15828
-0.35981 0.48856 -0.15565
-0.78074 1.21921 -0.21409
-0.71722 1.09707 -0.20592
-0.55225 0.65250 -0.18216
-0.61802 0.90523 -0.19275
-0.57889 0.82895 -0.18737
-0.29391 0.32616 -0.14342
-0.28617 0.30517 -0.14186
-0.27913 0.28541 -0.14040
-0.27273 0.26676 -0.13905
-0.26698 0.24921 -0.13781
-0.42517 0.52202 -0.16460
-0.40828 0.48685 -0.16187
-0.39297 0.45456 -0.15934
-0.37908 0.42478 -0.15700
-0.73725 -0.93276 -0.20417
-1.06300 -1.35876 -0.24284
-1.19784 -1.55825 -0.25834
-1.37187 -1.81518 -0.27804
-1.60446 -2.15811 -0.30399
-0.48243 -0.52170 -0.17040
-0.58801 -0.65877 -0.18470
-0.62468 -0.71735 -0.18956
-0.66643 -0.78370 -0.19499
-0.71460 -0.85972 -0.20112
-2.91988 -4.58152 -0.23304
-2.81564 -4.58053 -0.15277
-2.71448 -4.57958 -0.07376
-2.61626 -4.57867 0.00418
-2.52087 -4.57781 0.08097
-1.27878 -1.73676 -0.26761
-1.47617 -2.04121 -0.28976
-1.74661 -2.45781 -0.31971
-2.14033 -3.06347 -0.36279
-2.76708 -4.02655 -0.43070
-0.33133 -0.23663 -0.14650
-0.34227 -0.25624 -0.14834
-0.31992 -0.16904 -0.14394
-0.36706 -0.29927 -0.15244
-0.38113 -0.32303 -0.15470
-0.29451 -0.13238 -0.13966
-0.30006 -0.14653 -0.14067
-0.35475 -0.25291 -0.15008
-0.31275 -0.17650 -0.14295
-0.31997 -0.19247 -0.14423
-0.49954 -0.51275 -0.17246
-0.52740 -0.55587 -0.17637
-0.55857 -0.60380 -0.18065
-0.59373 -0.65750 -0.18538
-0.63369 -0.71813 -0.19064
-0.37858 -0.30768 -0.15414
-0.39162 -0.33127 -0.15624
-0.40587 -0.35656 -0.15850
-0.42147 -0.38378 -0.16092
0.46253 1.54432 1.13354
0.61060 1.52751 1.25097
0.58390 1.54729 1.22062
0.55213 1.54595 1.17561
0.52136 1.54466 1.13262
0.55544 1.54864 1.28400
0.73477 1.58413 1.48913
0.65955 1.46250 1.33313
0.62649 1.46105 1.28556
0.60766 1.50773 1.27790
0.34874 1.53792 0.90147
0.32154 1.53697 0.86672
0.29470 1.53607 0.83291
0.26818 1.53522 0.79998
0.24196 1.53443 0.76785
0.43368 1.54223 1.05728
0.40496 1.54113 1.01964
0.37696 1.54009 0.98346
0.34945 1.53909 0.94835
0.32219 1.53814 0.91396
1.37726 1.26645 2.39681
1.36805 1.33521 2.39637
1.35444 1.42565 2.39566
1.34759 1.47677 2.39537
1.33628 1.54976 2.39480
1.41102 1.04400 2.39888
1.40190 1.10890 2.39833
1.27188 1.78369 2.38973
1.38191 1.24068 2.39712
1.37092 1.30819 2.39645
1.02711 1.59480 1.90376
0.97896 1.59301 1.82725
0.93308 1.59126 1.75501
0.88924 1.58955 1.68666
0.84695 1.58787 1.62138
1.28982 1.73739 2.39133
1.14580 1.59938 2.11824
1.09062 1.59753 2.03096
1.03875 1.59572 1.94962
-0.57516 1.53593 0.08939
-0.46078 1.53328 0.06654
-0.49308 1.53400 0.04034
-0.52621 1.53477 0.01389
-0.56020 1.53559 -0.01285
-0.47096 1.53402 0.22449
-0.35189 1.53145 0.21220
-0.38059 1.53190 0.18799
-0.40980 1.53240 0.16370
-0.43980 1.53296 0.13910
-0.80671 1.57166 -0.18812
-0.84986 1.57284 -0.21888
-0.78480 1.41553 -0.21589
-0.70973 1.25520 -0.20630
-0.64807 1.12303 -0.19823
-0.58523 1.44753 -0.00564
-0.61835 1.44823 -0.03019
-0.65255 1.44918 -0.05513
-0.76144 1.57019 -0.09507
-0.80081 1.57123 -0.12302
0.08814 1.53079 0.58868
0.06269 1.53038 0.56058
0.01560 1.53160 0.60887
0.01180 1.52972 0.50564
-0.01371 1.52947 0.47871
0.16589 1.53348 0.72610
0.14054 1.53288 0.69708
-0.10801 1.53052 0.48521
0.09017 1.53184 0.64073
0.06530 1.53139 0.61349
-0.17029 1.52919 0.32231
-0.19735 1.52934 0.29674
-0.22453 1.52955 0.27141
-0.25229 1.52982 0.24598
-0.28046 1.53015 0.22056
-0.08538 1.52983 0.45698
-0.11082 1.52975 0.43193
-0.13643 1.52973 0.40709
-0.16224 1.52976 0.38242
-0.22657 1.34049 -0.11972
-0.12255 1.22891 -0.13980
-0.11248 1.10657 -0.13709
-0.10392 1.00463 -0.13460
-0.09642 0.91717 -0.13224
-0.14598 1.52756 -0.02385
-0.22309 2.52823 -0.16001
-0.07558 1.47627 -0.08056
-0.07456 1.33758 -0.08776
-0.09970 1.33815 -0.11181
-0.09980 0.57765 -0.12450
-0.24347 0.88876 -0.14875
-0.22862 0.82206 -0.14587
-0.21527 0.76251 -0.14316
-0.20336 0.70981 -0.14064
-0.20555 0.96883 -0.14564
-0.08393 0.77607 -0.12791
-0.07868 0.71866 -0.12590
-0.07388 0.66736 -0.12397
-0.06950 0.62152 -0.12210
0.29286 1.52730 0.38771
0.26689 1.52689 0.36256
0.24127 1.52654 0.33786
0.21558 1.52624 0.31318
0.19018 1.52600 0.28887
0.38500 1.52985 0.52174
0.35836 1.52925 0.49637
0.33200 1.52870 0.47136
0.30591 1.52820 0.44669
0.28005 1.52774 0.42231
0.03771 1.52562 0.14498
0.01194 1.52575 0.12100
0.10476 1.52511 0.09841
-0.03966 1.52614 0.07329
-0.06594 1.52642 0.04912
0.12854 1.52605 0.28137
0.10362 1.52594 0.25850
-0.19258 0.66246 -0.13827
0.05357 1.52587 0.21280
0.02838 1.52590 0.18993
-0.29794 -1.29219 -0.15639
-0.33113 -1.45644 -0.16113
-0.37240 -1.66176 -0.16669
-0.42540 -1.92651 -0.17346
-0.49606 -2.28080 -0.18203
-0.15529 -0.69782 -0.13271
-0.16504 -0.75394 -0.13495
-0.17601 -0.81753 -0.13734
-0.18846 -0.89019 -0.13989
-0.59752 -4.56599 0.39636
-0.69544 -4.56668 0.01172
-0.61671 -4.56629 0.08832
-0.53878 -4.56595 0.16463
-0.46143 -4.56567 0.24087
-0.94699 -4.56792 -0.09847
-0.37295 -2.00178 -0.16790
-0.43544 -2.38498 -0.17555
-0.52455 -2.93367 -0.18586
-0.66273 -3.78727 -0.20107
-0.09823 0.37988 -0.11706
-0.12689 0.38229 -0.12124
-0.11807 -0.37833 -0.11908
-0.13286 -0.42975 -0.12289
-0.12279 -0.41420 -0.12100
-0.04939 0.42412 -0.11217
-0.04678 0.40004 -0.11069
-0.07760 0.42431 -0.11604
-0.11203 0.45149 -0.12179
-0.15071 0.48212 -0.12802
-0.14443 -0.55073 -0.12796
-0.15288 -0.59022 -0.13002
-0.21019 -0.70462 -0.13946
-0.17250 -0.68276 -0.13448
-0.18401 -0.73749 -0.13691
-0.09550 -0.36272 -0.11526
-0.09954 -0.38495 -0.11670
0.42588 1.53009 0.51794
-0.10856 -0.43472 -0.11976
-0.11362 -0.46272 -0.12138
2.29298 -0.25874 2.50614
2.29554 -0.18446 2.50623
2.29800 -0.11085 2.50635
2.31793 0.15632 2.40330
2.32304 0.32803 2.35234
2.27843 -0.63170 2.50597
2.28159 -0.55627 2.50596
2.28461 -0.48134 2.50598
2.28752 -0.40683 2.50601
2.29031 -0.33265 2.50606
2.31682 0.84039 2.44293
2.25758 0.99636 2.35055
2.31986 0.88156 2.50988
2.17989 0.99623 2.33276
2.18017 1.07527 2.33598
2.30670 0.18563 2.50705
2.31724 0.45386 2.41884
2.32166 0.62926 2.37950
2.31368 0.48805 2.50810
2.18402 -1.60235 2.33308
2.20563 -1.51151 2.10224
2.20450 -1.42539 2.10543
2.20342 -1.34190 2.10868
2.20236 -1.25964 2.11197
2.19835 -1.93294 2.21800
1.51853 -1.58280 1.70414
2.17382 -2.25486 2.49311
2.17375 -2.14553 2.48458
2.17367 -2.03923 2.47641
2.17256 -1.05201 2.40790
2.18919 -0.98202 2.42276
2.32244 -0.73405 2.37255
2.32192 -0.65768 2.37431
2.32142 -0.58149 2.37621
2.17302 -1.46687 2.43475
2.17292 -1.38050 2.42888
2.17281 -1.29553 2.42326
2.17272 -1.21246 2.41789
2.17264 -1.13174 2.41279
0.93718 1.57586 1.00683
0.89768 1.57444 0.96489
0.86462 1.57460 0.99563
0.82250 1.57173 0.88539
0.74127 1.45038 0.78972
1.09249 1.58193 1.20168
1.04699 1.58037 1.15423
0.65798 1.47661 0.77669
0.96120 1.57738 1.06509
0.92034 1.57594 1.02277
0.58236 1.53378 0.63206
0.55271 1.53285 0.60150
0.52360 1.53197 0.57160
0.49479 1.53114 0.54210
0.46664 1.53037 0.51338
0.66358 1.44825 0.74506
0.66056 1.53719 0.75300
0.62907 1.53612 0.72111
0.59829 1.53511 0.69004
2.18303 1.93522 2.38454
2.18214 1.58677 2.36056
2.18250 1.67983 2.36565
2.18286 1.77638 2.37110
2.18323 1.87524 2.37685
2.17998 1.21650 2.34968
2.18233 1.26070 2.32894
2.18239 1.34525 2.33581
2.18245 1.43193 2.34302
2.18251 1.52091 2.35059
2.18525 2.55126 2.42014
2.18552 2.68041 2.42906
2.18577 2.81666 2.43864
2.18598 2.95968 2.44888
1.20882 1.58534 1.29783
2.18273 2.11568 2.40472
2.18271 2.22749 2.41548
2.18265 2.34293 2.42679
2.18256 2.46416 2.43880
2.18243 2.59077 2.45151
1.03518 1.58729 1.50900
0.98870 1.58565 1.45169
1.19278 1.59195 1.66975
0.90172 1.58250 1.34539
0.86059 1.58099 1.29553
1.68044 2.13672 2.44153
1.66313 2.22881 2.44035
0.95259 1.58327 1.35523
1.13434 1.59068 1.63232
1.08341 1.58896 1.56881
0.66015 1.45414 0.99666
0.63774 1.48322 0.97694
0.61048 1.54262 1.01934
0.59135 1.54047 0.93630
0.56039 1.53932 0.89993
0.82121 1.57953 1.24817
0.78292 1.57809 1.20235
1.73841 1.88749 2.44611
0.67106 1.45529 1.03831
0.63886 1.45400 1.00049
1.81576 0.79325 2.44727
1.81316 0.86295 2.44731
1.81013 0.93400 2.44734
1.80671 1.00595 2.44736
1.80295 1.07889 2.44736
1.85466 0.55831 2.45116
1.85100 0.62591 2.45093
1.84697 0.69451 2.45070
1.84260 0.76316 2.45046
1.72755 1.87309 2.44469
1.77065 1.54369 2.44697
1.76351 1.62666 2.44682
1.75575 1.71140 2.44662
1.74744 1.79808 2.44639
1.79151 1.60061 2.44996
1.80061 1.26783 2.44841
1.79284 1.34349 2.44804
1.78458 1.42099 2.44765
1.77572 1.49981 2.44722
-0.10623 1.52731 0.19728
-0.13267 1.52753 0.17279
-0.15958 1.52781 0.14807
-0.18681 1.52814 0.12330
-0.21440 1.52852 0.09846
-0.01615 1.52747 0.33164
-0.04153 1.52746 0.30779
-0.06687 1.52750 0.28424
-0.09236 1.52758 0.26077
-0.11805 1.52772 0.23735
-0.38926 1.53193 -0.05374
-0.42052 1.53268 -0.08008
-0.42779 1.53256 0.02687
-0.44829 1.45127 -0.12156
-0.43019 1.34524 -0.12983
-0.27821 1.52962 0.09603
-0.30611 1.53010 0.07222
0.02363 1.52703 0.32128
-0.36330 1.53122 0.02408
-0.39267 1.53186 -0.00033
0.38713 1.53344 0.70189
0.35993 1.53263 0.67169
0.33307 1.53189 0.64216
0.30631 1.53118 0.61301
0.28003 1.53054 0.58461
0.47999 1.53730 0.84380
0.45121 1.53634 0.81177
0.42292 1.53542 0.78058
0.39510 1.53456 0.75014
0.01750 1.52818 0.40975
0.12550 1.52778 0.42291
0.10016 1.52751 0.39724
0.07462 1.52729 0.37165
0.04905 1.52713 0.34629
0.24428 1.52892 0.50056
0.21035 1.52987 0.55459
0.18482 1.52940 0.52852
0.15963 1.52898 0.50302
0.13433 1.52861 0.47768
1.25459 -4.18264 2.42216
1.28824 -4.01915 2.42437
1.31985 -3.86362 2.42640
1.34974 -3.71413 2.42825
1.35581 -3.50650 2.38687
1.06102 -4.57217 2.06116
1.14320 -4.57300 2.15762
1.22626 -4.57387 2.25571
1.31164 -4.57479 2.35712
1.36044 -4.42966 2.38578
1.37065 -2.52046 2.18079
1.37224 -2.39390 2.15527
1.39897 -2.28503 1.88278
1.37494 -2.16099 2.10907
1.37606 -2.05426 2.08837
1.37905 -3.05740 2.13809
1.38086 -2.89237 2.10934
0.95041 -4.57228 2.14723
1.38380 -2.59479 2.05836
1.38498 -2.46091 2.03587
-0.04736 -4.56571 0.99169
0.02104 -4.56589 1.06772
0.08953 -4.56611 1.14434
0.15824 -4.56638 1.22170
0.22719 -4.56670 1.29982
-0.34955 -4.56536 0.50479
-0.27719 -4.56528 0.57999
-0.20507 -4.56524 0.65543
-0.13315 -4.56525 0.73114
0.92299 -4.56981 1.69561
0.65133 -4.56953 1.79068
0.72504 -4.57016 1.87772
0.79908 -4.57082 1.96574
0.87421 -4.57153 2.05549
0.60862 -4.56678 1.16557
0.37218 -4.56675 1.27720
0.44580 -4.56716 1.35882
0.51998 -4.56762 1.44159
0.59422 -4.56813 1.52500
1.80106 -0.51431 2.44592
1.80467 -0.44936 2.44599
1.80793 -0.38473 2.44606
1.81090 -0.32039 2.44613
1.81360 -0.25626 2.44620
1.86062 -0.77595 2.45517
1.86333 -0.70634 2.45499
1.86568 -0.63792 2.45479
1.86773 -0.56956 2.45460
1.86944 -0.50225 2.45441
1.82361 0.12831 2.44663
1.82424 0.19286 2.44671
1.91870 0.26043 2.45861
1.82462 0.32312 2.44685
1.82432 0.38844 2.44692
1.87320 -0.10353 2.45321
1.87276 -0.03775 2.45301
1.77839 -0.84388 2.44553
1.87095 0.09366 2.45261
1.86958 0.15940 2.45241
1.43680 -1.58658 2.07856
1.50518 -1.58829 2.17241
1.68650 -1.71488 2.44364
1.69654 -1.63615 2.44390
1.70614 -1.55836 2.44413
1.38924 -1.80950 1.93204
1.38961 -1.71959 1.91867
1.38992 -1.63381 1.90621
1.41532 -1.58456 1.93251
1.94376 -0.92313 2.46664
1.75424 -1.11844 2.44512
1.76085 -1.04842 2.44524
1.76705 -0.97982 2.44534
1.77293 -0.91149 2.44544
2.04348 -1.25806 2.48181
1.81984 -1.44082 2.45652
1.82603 -1.36187 2.45642
1.83172 -1.28489 2.45630
1.83699 -1.20920 2.45617
-0.09917 -0.57869 -0.12235
-0.10497 -0.62105 -0.12418
-0.11137 -0.66827 -0.12609
-0.11846 -0.72121 -0.12809
-0.12639 -0.78103 -0.13019
-0.07666 -0.41825 -0.11415
-0.08047 -0.44498 -0.11568
-0.08458 -0.47402 -0.11725
-0.08904 -0.50571 -0.11889
-0.09389 -0.54046 -0.12059
-0.33100 -1.73620 -0.16166
-0.37705 -2.01658 -0.16762
-0.43879 -2.39436 -0.17515
-0.52600 -2.93042 -0.18522
-0.65936 -3.75315 -0.19988
-0.13533 -0.84920 -0.13240
-0.14550 -0.92765 -0.13475
-0.15721 -1.01902 -0.13727
-0.17087 -1.12678 -0.13999
-0.18706 -1.25577 -0.14296
-0.19593 0.54056 -0.13497
-0.18509 0.50513 -0.13258
-0.14685 0.43534 -0.12530
-0.16616 0.44343 -0.12819
-0.15779 0.41618 -0.12615
-0.32893 0.91568 -0.15844
-0.30308 0.83768 -0.15423
-0.13468 0.35514 -0.12068
-0.26044 0.70947 -0.14687
-0.24273 0.65647 -0.14362
-0.09323 -0.34959 -0.11375
-0.19201 -0.50642 -0.13226
-0.14869 -0.47304 -0.12568
-0.15557 -0.50362 -0.12745
-0.16303 -0.53692 -0.12929
-0.12913 0.33464 -0.11908
-0.14971 0.38078 -0.12379
-0.13976 -0.31451 -0.11930
-0.11662 -0.33118 -0.11646
1.13876 -4.57161 1.92578
1.23381 -4.57133 1.79349
1.32228 -4.57217 1.88714
1.40556 -4.54703 1.97232
1.40805 -4.23642 1.93484
0.85114 -4.56870 1.52326
0.93531 -4.56826 1.34458
1.01871 -4.56890 1.43331
1.10391 -4.56960 1.52438
1.19044 -4.57035 1.61732
1.41573 -2.92392 1.77981
1.41624 -2.76612 1.76172
1.41662 -2.61878 1.74502
1.41687 -2.48269 1.72975
1.41702 -2.35467 1.71555
1.42111 -3.62404 1.77831
1.42162 -3.40838 1.75945
1.42195 -3.21034 1.74230
1.42213 -3.02894 1.72678
1.42218 -2.86316 1.71279
-0.36117 -4.56548 0.18947
-0.28288 -4.56526 0.26423
-0.56861 -4.56593 0.31655
-0.12733 -4.56498 0.41398
-0.04995 -4.56493 0.48910
-0.44448 -3.38465 -0.17648
-0.58458 -4.56681 -0.19093
-0.19217 -4.56520 0.65635
-0.42094 -4.56597 -0.03307
-0.34030 -4.56564 0.04537
0.41475 -4.56574 0.94876
0.49300 -4.56607 1.02761
0.57182 -4.56645 1.10744
0.65127 -4.56688 1.18832
0.73143 -4.56736 1.27034
0.13470 -4.56489 0.51621
0.21322 -4.56497 0.59555
0.29180 -4.56510 0.67535
0.37064 -4.56530 0.75583
0.78438 1.57493 1.05572
0.70834 1.45737 1.10248
0.67675 1.45601 1.06170
0.64589 1.45469 1.02207
0.63372 1.51405 1.02145
0.98745 1.58272 1.30426
0.94070 1.58493 1.43606
0.89998 1.58336 1.38179
0.86051 1.58182 1.32951
0.82274 1.58034 1.27984
0.38103 1.53544 0.78959
0.47574 1.53541 0.75996
0.44769 1.53446 0.72730
0.42011 1.53356 0.69543
0.39294 1.53272 0.66429
0.60357 1.53838 0.83687
0.58130 1.54107 0.96269
0.55200 1.53993 0.92619
0.52339 1.53883 0.89072
0.49534 1.53778 0.85629
1.89169 1.31612 2.46045
1.88834 1.39956 2.46065
1.88447 1.48466 2.46082
1.88006 1.57157 2.46096
1.87508 1.66040 2.46107
1.80722 0.98530 2.44789
1.80381 1.05858 2.44793
1.79990 1.13291 2.44795
1.79550 1.20894 2.44795
1.79071 1.28566 2.44794
1.83146 2.24494 2.46078
1.82153 2.35280 2.46053
1.58797 2.14941 2.43139
1.18250 1.58978 1.54991
1.13024 1.58795 1.48352
1.75064 1.77875 2.44719
1.74191 1.86709 2.44693
0.36614 1.53193 0.63383
1.72232 2.05113 2.44626
1.71137 2.14720 2.44584
-0.28146 1.52975 -0.02688
-0.31013 1.53036 -0.05314
-0.74761 2.69508 -0.21168
-0.64567 2.27862 -0.20447
-0.32815 1.34791 -0.10683
-0.14876 1.52764 0.14257
-0.17411 1.52793 0.11751
-0.19978 1.52828 0.09236
-0.22557 1.52867 0.06726
-0.43632 1.24181 -0.17454
-0.29567 0.95115 -0.15508
-0.27402 0.87016 -0.15134
-0.25517 0.79984 -0.14793
-0.23859 0.73817 -0.14480
-0.29444 1.06659 -0.15650
-0.43071 1.55991 -0.11957
-0.36968 1.34362 -0.11402
-0.39668 1.34446 -0.13854
-0.42435 1.34535 -0.16350
0.23661 1.52877 0.49012
0.21127 1.52830 0.46270
0.18605 1.52788 0.43565
0.16092 1.52752 0.40892
0.13585 1.52721 0.38249
0.33674 1.53246 0.66636
0.31147 1.53174 0.63691
0.28666 1.53107 0.60825
0.26208 1.53045 0.58008
0.23753 1.52988 0.55217
-0.01480 1.52653 0.22825
-0.04030 1.52660 0.20292
-0.01377 1.52746 0.33112
-0.09168 1.52692 0.15250
-0.11783 1.52717 0.12717
0.09363 1.52751 0.39317
0.06991 1.52730 0.36768
1.41306 -2.40456 1.75934
0.02216 1.52701 0.31709
-0.00189 1.52695 0.29190
0.10196 1.52564 0.21447
0.07875 1.52560 0.18963
0.05549 1.52560 0.16480
0.03236 1.52566 0.14016
0.00895 1.52577 0.11530
0.21787 1.52658 0.33963
0.19450 1.52629 0.31426
0.17140 1.52605 0.28924
0.14816 1.52586 0.26416
0.12496 1.52572 0.23918
-0.29989 2.36299 -0.16696
-0.12000 1.39322 -0.08415
-0.13054 1.33855 -0.10034
-0.15415 1.33916 -0.12404
-0.17509 1.32887 -0.14610
-0.01458 1.52593 0.09038
-0.03826 1.52613 0.06537
-0.06211 1.52639 0.04025
-0.08617 1.52670 0.01498
0.54074 1.53467 0.69731
0.66000 1.53576 0.67871
0.62929 1.53471 0.64597
0.59946 1.53372 0.61427
0.57001 1.53278 0.58306
0.82249 1.56961 0.77356
0.73582 1.45128 0.83021
0.70476 1.45004 0.79564
0.67455 1.44885 0.76211
0.66090 1.49759 0.75180
0.40376 1.52825 0.40861
0.37744 1.52769 0.38129
0.35119 1.52718 0.35411
0.32517 1.52673 0.32724
0.29952 1.52633 0.30084
0.50066 1.53194 0.58015
0.47362 1.53114 0.55081
0.44720 1.53039 0.52222
0.42095 1.52969 0.49391
0.39524 1.52905 0.46625
-0.01029 -0.69930 -0.11481
-0.01094 -0.75306 -0.11615
-0.11818 -0.95724 -0.13204
-0.01193 -0.88271 -0.11880
-0.01222 -0.96202 -0.12010
0.02363 -0.44260 -0.10181
0.02393 -0.47006 -0.10302
-0.17553 -1.58072 -0.14380
0.02495 -0.53265 -0.10546
0.02572 -0.56854 -0.10667
-0.00693 -1.89419 -0.12666
-0.00329 -2.22481 -0.12722
0.00238 -2.68355 -0.12737
0.01157 -3.36353 -0.12681
0.02766 -4.47701 -0.12485
0.03660 -0.89083 -0.11345
0.04019 -0.97367 -0.11440
0.04464 -1.07055 -0.11524
0.05021 -1.18548 -0.11594
-0.03647 0.52590 -0.11408
-0.10167 0.75879 -0.12893
-0.09401 0.70303 -0.12667
-0.08708 0.65343 -0.12452
-0.08076 0.60901 -0.12245
-0.08555 0.84503 -0.12893
-0.20577 1.34022 -0.13616
-0.21124 1.28371 -0.14965
-0.18983 1.15249 -0.14573
-0.17165 1.04214 -0.14218
-0.05273 -0.37926 -0.10921
-0.02886 -0.39845 -0.10675
-0.03298 -0.44717 -0.10943
-0.07759 -0.57533 -0.11957
-0.03984 -0.53630 -0.11364
-0.10200 0.63580 -0.12584
-0.09420 0.59260 -0.12361
-0.08702 0.55336 -0.12146
-0.03914 0.40269 -0.10912
-0.06871 0.45614 -0.11551
2.22896 -0.93296 2.50241
2.23448 -0.85518 2.50254
2.16894 -0.78142 2.49398
2.24478 -0.70124 2.50282
2.24957 -0.62548 2.50298
2.16900 -1.31803 2.46800
2.16914 -1.23206 2.46003
2.16395 -0.40743 2.49127
2.16940 -1.06584 2.44533
2.16953 -0.98526 2.43856
2.27379 -0.17681 2.50410
2.21129 -0.00102 2.49595
2.21046 -0.14611 2.49615
2.31315 0.01678 2.45584
2.31367 0.09135 2.45074
2.25413 -0.54967 2.50314
2.25847 -0.47486 2.50331
2.16561 -1.17882 2.49297
2.26653 -0.32568 2.50368
2.27026 -0.25118 2.50389
1.41815 -1.61816 1.61720
1.45170 -1.58122 1.65440
1.51823 -1.58300 1.73265
2.14550 -2.21963 2.50422
2.14932 -2.11256 2.50358
1.40960 -2.45942 1.79846
1.41055 -2.33218 1.77680
1.41136 -2.21307 1.75667
1.41204 -2.10121 1.73790
2.16850 -1.58881 2.49465
2.16471 -1.52690 2.49962
2.16617 -1.43745 2.49896
2.16642 -1.34985 2.49719
2.16601 -1.26310 2.49491
2.14254 -1.92875 2.50092
1.51019 -1.58320 1.75623
2.11279 -2.19351 2.50011
2.12730 -2.09658 2.50082
2.14127 -2.00112 2.50150
2.19873 2.12320 2.24591
2.19981 2.23339 2.24615
2.20092 2.34870 2.24661
2.20203 2.46785 2.24726
2.20316 2.59305 2.24816
2.18261 1.76830 2.37407
2.18326 1.86648 2.37677
2.18392 1.96781 2.37976
2.18458 2.07256 2.38307
2.18524 2.18104 2.38669
1.10671 1.57980 1.07268
1.06157 1.57820 1.02484
1.00542 1.57969 1.14381
0.97644 1.57514 0.93494
0.93587 1.57368 0.89226
2.18911 2.93279 2.41648
1.22060 1.58549 1.29077
2.19362 1.62484 2.24766
1.12301 1.58212 1.18304
1.07751 1.58050 1.13298
2.31721 0.54344 2.42499
2.31788 0.62030 2.42145
2.31857 0.69782 2.41812
2.31928 0.77669 2.41500
2.32001 0.85586 2.41206
2.29119 0.26989 2.50570
2.29348 0.34531 2.50602
2.29561 0.42117 2.50635
2.29757 0.49756 2.50670
2.16994 1.62815 2.49084
2.18992 1.27434 2.25236
2.19081 1.35902 2.25093
2.19172 1.44501 2.24964
2.19266 1.53376 2.24856
2.08305 1.26458 2.48338
2.18633 0.99635 2.37197
2.17783 1.07056 2.36203
2.17837 1.15129 2.36270
2.17894 1.23359 2.36358
0.75985 1.58216 1.38845
0.68192 1.46048 1.23988
0.64790 1.45897 1.19188
0.61951 1.47246 1.15708
0.60732 1.54619 1.16482
0.97307 1.59066 1.70257
0.92651 1.58886 1.63264
0.88233 1.58712 1.56693
0.83999 1.58542 1.50457
0.79902 1.58376 1.44488
0.35184 1.54213 1.06496
0.32688 1.54114 1.02970
0.30254 1.54020 0.99565
0.27836 1.53930 0.96224
0.25469 1.53845 0.92992
0.57458 1.54483 1.12019
0.54244 1.54351 1.07695
0.51132 1.54225 1.03557
0.48070 1.54104 0.99530
0.45093 1.53988 0.95667
1.31942 1.13788 2.38913
1.30990 1.20191 2.38859
1.48122 1.05522 2.40823
1.28913 1.33276 2.38741
1.27786 1.39917 2.38676
1.28850 0.87960 2.38302
1.27996 0.93713 2.38245
1.44549 1.42092 2.40722
1.26138 1.05439 2.38123
1.25131 1.11374 2.38057
1.07019 1.59866 2.09704
1.01996 1.59687 2.01347
0.97226 1.59511 1.93473
0.92716 1.59340 1.86097
0.88377 1.59171 1.79060
1.17904 1.48529 2.37587
1.16484 1.55012 2.37493
1.14982 1.61656 2.37393
1.08830 1.60152 2.26131
-0.41284 1.53226 0.09500
-0.33934 1.53140 0.24349
-0.36462 1.53174 0.21906
-0.39010 1.53212 0.19474
-0.41622 1.53255 0.17013
-0.26971 1.53029 0.26734
-0.24587 1.52941 0.19898
-0.27417 1.52978 0.17377
-0.30290 1.53020 0.14848
-0.33213 1.53068 0.12311
-0.58396 1.53609 0.01877
-0.58623 1.48340 -0.00411
-0.59615 1.44762 -0.02672
-0.62643 1.44846 -0.05230
-0.65758 1.44935 -0.07830
-0.51971 1.53467 -0.03216
-0.55357 1.53552 -0.05894
-0.57844 1.51756 -0.08372
-0.57573 1.44737 -0.10141
-0.61044 1.44837 -0.12785
0.11724 1.53418 0.74991
0.09485 1.53361 0.72182
0.15652 1.53218 0.66454
0.05050 1.53262 0.66728
0.02833 1.53219 0.64054
0.28220 1.53407 0.74725
0.25523 1.53329 0.71531
0.03298 1.52994 0.52530
0.20237 1.53191 0.65398
0.17620 1.53130 0.62428
-0.10485 1.53053 0.48695
-0.12747 1.53041 0.46203
-0.15003 1.53034 0.43749
-0.17274 1.53031 0.41310
-0.19584 1.53033 0.38867
0.02086 1.52887 0.45625
-0.00507 1.52866 0.42957
-0.03092 1.52852 0.40336
-0.05710 1.52843 0.37722
0.84920 -2.69907 2.36051
0.95114 -2.63278 2.37111
0.98052 -2.53734 2.37310
1.00827 -2.44454 2.37493
1.03436 -2.35495 2.37662
0.64663 -3.18205 2.34436
0.77726 -3.15664 2.35859
0.81617 -3.04469 2.36149
0.85286 -2.93645 2.36418
0.88754 -2.83175 2.36667
1.23708 -1.59753 2.38911
1.13879 -1.90517 2.38205
1.15928 -1.83049 2.38333
1.17897 -1.75668 2.38455
1.19770 -1.68422 2.38570
1.00997 -2.27212 2.37260
1.08275 -2.18207 2.37965
1.10510 -2.09848 2.38100
1.12613 -2.01746 2.38224
1.14614 -1.93763 2.38339
-0.46989 -4.56957 1.82337
-0.39719 -4.56982 1.89736
-0.32441 -4.57010 1.97238
-0.25100 -4.57043 2.04935
-0.17783 -4.57080 2.12697
-0.67676 -4.56851 1.47324
-0.60287 -4.56860 1.54683
-0.52924 -4.56874 1.62148
-0.45565 -4.56892 1.69703
-0.38223 -4.56915 1.77375
0.26356 -3.99689 2.31171
0.32694 -3.86848 2.31727
0.48863 -3.92580 2.33563
0.44474 -3.62384 2.32745
0.49914 -3.50804 2.33208
0.06187 -4.57150 2.26280
0.13841 -4.47615 2.30280
1.21539 -1.61355 2.38676
0.28178 -4.16746 2.31546
0.34692 -4.02393 2.32112
1.44204 -0.06383 2.39930
1.44423 -0.00559 2.39946
1.44591 0.05271 2.39959
1.44713 0.11155 2.39971
1.44790 0.17008 2.39981
1.39561 -0.26104 2.39413
1.39767 -0.20413 2.39414
1.39926 -0.14778 2.39413
1.40040 -0.09109 2.39410
1.31125 0.70903 2.38458
1.44241 0.52779 2.39998
1.43977 0.58890 2.39994
1.43669 0.65003 2.39987
1.43300 0.71215 2.39977
1.50440 0.27075 2.40704
1.39616 0.30485 2.39344
1.39378 0.36211 2.39328
1.39096 0.41917 2.39310
1.38768 0.47650 2.39290
1.29192 -1.27380 2.39117
1.30498 -1.20868 2.39189
1.31736 -1.14436 2.39257
1.32908 -1.08079 2.39320
1.34010 -1.01789 2.39379
1.24519 -1.49499 2.38861
1.25866 -1.42580 2.38924
1.27143 -1.35775 2.38983
1.28340 -1.29070 2.39036
1.29473 -1.22466 2.39085
1.39405 -0.65109 2.39663
1.40112 -0.59130 2.39700
1.35994 -0.51071 2.39120
1.41367 -0.47312 2.39767
1.41915 -0.41420 2.39796
1.34886 -0.84685 2.39293
1.35582 -0.78598 2.39316
-0.80366 1.57150 -0.17966
1.36814 -0.66677 2.39354
1.37352 -0.60786 2.39369
1.26657 -3.17130 2.41371
1.29994 -3.05907 2.41617
1.33161 -2.95035 2.41846
1.35080 -2.81699 2.39849
1.35448 -2.65886 2.35228
1.07085 -3.79484 2.39866
1.11450 -3.66049 2.40211
1.15540 -3.53216 2.40530
1.19452 -3.40764 2.40830
1.23147 -3.28739 2.41110
1.39817 -1.58609 2.07826
1.46687 -1.58786 2.17685
1.63561 -1.70264 2.43807
1.64442 -1.61972 2.43811
1.65245 -1.53911 2.43810
1.35777 -2.51127 2.30976
1.36072 -2.37392 2.27056
1.36337 -2.24562 2.23431
1.36575 -2.12465 2.20069
0.18468 -4.56849 1.72503
0.30848 -4.56799 1.60583
0.38602 -4.56848 1.69017
0.46477 -4.56902 1.77669
0.54368 -4.56960 1.86421
-0.05381 -4.56688 1.35971
0.05328 -4.56623 1.19303
0.13069 -4.56652 1.27570
0.20798 -4.56686 1.35926
0.28634 -4.56726 1.44476
1.02670 -4.51099 2.40059
1.07492 -4.32880 2.40430
1.12017 -4.15462 2.40770
1.16230 -3.98891 2.41079
1.20166 -3.83105 2.41360
0.76456 -4.57074 1.98626
0.84760 -4.57150 2.08366
0.93123 -4.57230 2.18279
1.01626 -4.57316 2.28446
1.10277 -4.57406 2.38893
1.70475 0.14826 2.43226
1.70211 0.21003 2.43194
1.81147 -0.03319 2.44590
1.69587 0.33343 2.43129
1.69226 0.39515 2.43095
1.84477 -0.40195 2.45139
1.85121 -0.33467 2.45188
1.81936 0.29540 2.44677
1.86287 -0.20089 2.45281
1.86815 -0.13330 2.45327
1.66339 0.77165 2.42882
1.65734 0.83609 2.42844
1.65089 0.90060 2.42804
1.64405 0.96577 2.42763
1.63689 1.03166 2.42721
1.89169 0.27417 2.45584
1.89430 0.34327 2.45624
1.89653 0.41282 2.45663
1.89837 0.48340 2.45702
1.71243 -1.17476 2.44123
1.68911 -1.08539 2.43743
1.69338 -1.01458 2.43724
1.69730 -0.94424 2.43704
1.70074 -0.87531 2.43682
1.66522 -1.42227 2.43825
1.49219 -1.58846 2.21036
1.64828 -1.68139 2.43932
1.66410 -1.60348 2.44027
1.67921 -1.52684 2.44117
1.71289 -0.47732 2.43527
1.71361 -0.41333 2.43499
1.71396 -0.34975 2.43470
1.71399 -0.28651 2.43441
1.71365 -0.22405 2.43411
1.75666 -1.08739 2.44575
1.76757 -1.01688 2.44640
1.77800 -0.94707 2.44703
1.78798 -0.87735 2.44764
1.79740 -0.80872 2.44822
-0.21876 0.23690 -0.12952
-0.20878 0.22892 -0.12775
-0.23312 0.28135 -0.13287
-0.25317 -0.25693 -0.13470
-0.26738 -0.29241 -0.13752
-0.25943 0.33024 -0.13795
-0.25002 0.30929 -0.13607
-0.27529 -0.31167 -0.13905
-0.23321 0.27096 -0.13261
-0.22571 0.25345 -0.13102
-0.21928 -0.35063 -0.13196
-0.22675 -0.37345 -0.13359
-0.23490 -0.39795 -0.13531
-0.24374 -0.42433 -0.13714
-0.25345 -0.45289 -0.13908
-0.28380 -0.33208 -0.14067
-0.23960 -0.30993 -0.13388
-0.20023 -0.29047 -0.12760
-0.16504 -0.27336 -0.12177
-0.62083 1.04272 -0.19368
-0.46103 0.78936 -0.17223
-0.43279 0.72691 -0.16799
-0.40783 0.67158 -0.16413
-0.38571 0.62228 -0.16062
-0.46883 0.86067 -0.17407
-0.84269 1.57257 -0.20988
-0.81131 1.46975 -0.21848
-0.72686 1.29774 -0.20783
-0.65824 1.15783 -0.19897
-0.29240 0.41020 -0.14443
-0.28135 0.38418 -0.14233
-0.27124 0.36017 -0.14035
-0.26187 0.33760 -0.13848
-0.25330 0.31664 -0.13673
-0.41890 0.66734 -0.16542
-0.39479 0.61745 -0.16166
-0.37312 0.57243 -0.15819
-0.35381 0.53214 -0.15501
-0.33642 0.49562 -0.15207
-1.25806 -4.56920 0.08139
-1.17333 -4.56864 0.15573
-1.48591 -4.57038 0.21002
-1.00757 -4.56767 0.30365
-0.92639 -4.56727 0.37734
-1.09175 -3.26864 -0.24712
-1.43673 -4.37567 -0.28435
-1.08635 -4.56803 0.54268
-1.32620 -4.57003 -0.14123
-1.23716 -4.56935 -0.06224
-0.45515 -4.56595 0.82124
-0.37850 -4.56592 0.89626
-0.30207 -4.56594 0.97184
-0.22593 -4.56602 1.04803
-0.14993 -4.56614 1.12486
-0.73109 -4.56646 0.40383
-0.65040 -4.56618 0.48106
-0.57049 -4.56596 0.55850
-0.49119 -4.56579 0.63607
-0.65135 -1.14667 -0.19471
-0.33637 -0.69067 -0.15382
-0.35633 -0.74703 -0.15700
-0.37899 -0.81077 -0.16048
-0.40487 -0.88344 -0.16432
-0.36671 -0.63832 -0.15678
-0.20812 -0.42627 -0.13236
-0.21677 -0.45536 -0.13425
-0.22626 -0.48702 -0.13626
-0.23674 -0.52168 -0.13840
-0.69601 -1.69759 -0.20196
-0.79359 -1.96997 -0.21342
-0.92402 -2.33410 -0.22832
-1.10773 -2.84710 -0.24881
-1.38602 -3.62400 -0.27919
-0.33112 -0.82798 -0.15503
-0.35518 -0.90544 -0.15875
-0.38321 -0.99543 -0.16291
-0.41623 -1.10141 -0.16760
-0.45570 -1.22803 -0.17298
2.26807 0.99321 1.93397
2.22217 1.04382 1.89101
2.22004 1.05840 1.91499
2.22396 1.19304 1.88779
2.22493 1.26960 1.88603
2.35559 0.66602 2.02127
2.35617 0.73856 2.02013
2.22204 1.44897 1.93621
2.35746 0.88519 2.01760
2.35819 0.96057 2.01619
2.23498 1.67061 1.82926
2.23664 1.75930 1.82320
2.22778 1.78580 1.91626
2.24016 1.94472 1.81021
2.24203 2.04190 1.80324
2.22596 1.34842 1.88414
2.22705 1.42906 1.88213
2.35660 0.75088 2.01643
2.22937 1.59581 1.87770
2.23062 1.68288 1.87526
2.36008 -0.21361 1.95091
2.35951 -0.14645 1.95593
2.35899 -0.07881 1.96087
2.35852 -0.01161 1.96575
2.35811 0.05621 1.97056
2.35025 -0.73552 2.07959
2.35009 -0.66312 2.07690
2.34997 -0.59104 2.07417
2.34989 -0.51975 2.07139
2.35419 0.45416 2.02424
2.35664 0.46606 1.99845
2.35657 0.53643 2.00297
2.35653 0.60704 2.00748
2.35654 0.67849 2.01196
2.35493 0.18454 2.00687
2.35067 -0.03389 2.05074
2.35098 0.03465 2.04758
2.35134 0.10312 2.04436
2.35174 0.17161 2.04108
0.63460 1.53019 0.34373
0.60512 1.52944 0.31524
0.57612 1.52876 0.28716
0.54757 1.52813 0.25945
0.51942 1.52756 0.23206
0.71189 1.44414 0.48677
0.69006 1.46672 0.46462
0.68138 1.53227 0.45203
0.65108 1.53140 0.42330
0.62115 1.53057 0.39487
0.35638 1.52537 0.07214
0.32990 1.52521 0.04594
0.30883 1.52534 0.16120
0.35297 2.93204 -0.09828
0.28228 2.38504 -0.10361
0.45225 1.52681 0.23338
0.42521 1.52638 0.20734
0.75589 1.44472 0.47019
0.37204 1.52568 0.15600
0.34564 1.52541 0.13044
2.25499 2.70769 1.75265
2.25747 2.83538 1.74241
2.26007 2.97018 1.73147
1.24293 1.57939 0.91727
1.19532 1.57781 0.87270
2.23932 2.26542 1.85666
2.24098 2.37523 1.85275
2.24271 2.48950 1.84854
2.24451 2.60865 1.84404
0.76038 1.44673 0.58736
0.94484 1.56936 0.63685
0.90788 1.56813 0.60182
0.87174 1.56695 0.56749
0.83660 1.56581 0.53405
0.93746 1.57202 0.80234
1.09030 1.57526 0.83345
1.04815 1.57383 0.79426
1.00749 1.57246 0.75638
0.96791 1.57112 0.71946
0.70633 -3.89023 -0.05134
0.87575 -4.56664 0.00231
0.95689 -4.56681 0.08116
1.03870 -4.56703 0.16039
1.12118 -4.56732 0.23998
0.15032 -2.29433 -0.11064
0.24207 -3.51629 -0.10177
0.35006 -2.87932 -0.08977
0.42902 -2.42568 -0.08063
0.53611 -2.99384 -0.06966
1.48808 -4.56946 0.82675
1.52203 -4.39207 0.87882
1.51751 -4.11344 0.90501
1.51330 -3.86150 0.92836
1.50937 -3.63399 0.94914
1.20437 -4.56766 0.31999
1.28850 -4.56806 0.40064
1.37431 -4.56852 0.48260
1.46070 -4.56903 0.56486
1.54795 -4.56811 0.64791
0.01220 0.56544 -0.10955
0.01393 0.49984 -0.10663
0.01145 0.60275 -0.11101
0.04027 -0.47800 -0.10131
0.01381 -0.61099 -0.10950
0.10048 0.53304 -0.09755
0.09633 0.50216 -0.09657
0.06495 -0.48228 -0.09843
0.06770 0.50223 -0.10005
0.04096 0.53271 -0.10471
0.08473 -0.71497 -0.10423
0.06095 -0.97827 -0.11215
0.07323 -1.18451 -0.11339
0.09254 -1.48102 -0.11375
0.12501 -1.94594 -0.11245
0.06714 -0.51246 -0.09950
0.06969 -0.54541 -0.10053
0.07264 -0.58157 -0.10154
0.07607 -0.62144 -0.10249
2.21937 -1.69002 1.98301
2.23611 -1.63218 1.80570
2.23468 -1.54781 1.81053
2.23331 -1.46557 1.81512
2.23200 -1.38531 1.81952
2.23242 -2.03205 1.88885
2.25286 -1.95679 1.67552
2.25078 -1.86429 1.68507
2.24877 -1.77390 1.69425
2.24685 -1.68674 1.70299
2.31529 -0.98005 1.91959
2.36242 -0.92738 1.96450
2.36155 -0.85343 1.96788
2.36073 -0.78097 1.97112
2.35997 -0.70882 1.97426
2.23689 -1.20831 1.74873
2.23547 -1.13419 1.75545
2.23413 -1.06193 1.76194
2.23284 -0.99085 1.76823
2.36225 -0.98025 1.88220
1.49021 -2.62245 1.03681
1.48755 -2.49517 1.04714
1.46915 -3.05787 1.28101
1.48256 -2.26337 1.06539
1.48021 -2.15735 1.07348
1.51687 -3.15495 0.83990
1.51288 -2.98901 0.86150
1.46184 -2.36928 1.27968
1.50551 -2.69179 0.89946
1.50213 -2.55979 0.91600
1.46792 -1.63084 1.11092
1.48070 -1.57492 1.12749
1.54129 -1.57659 1.18254
1.60573 -1.57831 1.24097
2.24611 -2.19420 1.77083
1.48481 -1.92036 0.99247
1.48234 -1.83360 1.00230
1.47997 -1.75103 1.01153
1.47769 -1.67226 1.02019
2.32385 -0.52253 2.35065
2.33813 -0.47051 2.19556
2.33743 -0.39812 2.20043
2.33676 -0.32606 2.20538
2.33614 -0.25477 2.21039
2.32546 -0.90418 2.35351
2.34222 -0.84121 2.17194
2.34132 -0.76576 2.17658
2.34046 -0.69057 2.18126
2.33965 -0.61664 2.18598
2.31870 0.11455 2.39686
2.32770 0.15277 2.30043
2.32753 0.22495 2.30371
2.32738 0.29748 2.30711
2.32726 0.37046 2.31062
2.32301 -0.15663 2.35033
2.33499 -0.11202 2.22068
2.33448 -0.04092 2.22596
2.33399 0.03028 2.23134
2.33354 0.10168 2.23683
1.53695 -1.58070 1.52858
2.19994 -2.25291 2.23624
2.19917 -2.14546 2.23374
2.19840 -2.04098 2.23134
2.19766 -1.94002 2.22908
1.44767 -1.72469 1.33126
1.44638 -1.64448 1.33180
1.45300 -1.57713 1.34012
1.51527 -1.57885 1.40369
1.58067 -1.58060 1.47051
2.19367 -1.39454 2.21802
2.19309 -1.31152 2.21656
2.21181 -1.23655 2.01405
2.19201 -1.15083 2.21396
2.19151 -1.07287 2.21281
2.20716 -1.70173 2.10891
2.20613 -1.61194 2.11036
2.32717 0.44397 2.31428
2.20418 -1.43931 2.11332
2.20325 -1.35549 2.11484
2.19271 2.82006 2.37154
2.19234 2.96265 2.38755
1.21023 1.58493 1.26793
1.16004 1.58332 1.21877
1.11199 1.58175 1.17176
2.19788 1.91032 2.23298
2.19885 2.01234 2.23357
2.19984 2.11790 2.23430
2.20085 2.22647 2.23513
0.89025 1.57279 0.88340
0.85998 1.57319 0.92634
0.82274 1.57192 0.89026
0.74149 1.45063 0.79709
0.70903 1.44944 0.76573
1.03765 1.57869 1.06980
1.20990 1.58330 1.17776
1.16109 1.58162 1.12604
1.11403 1.57998 1.07627
1.06892 1.57839 1.02863
2.32712 0.82236 2.33470
2.32718 0.90117 2.33926
2.19458 1.01388 2.18044
2.19450 1.09171 2.18794
2.19443 1.17063 2.19568
2.33144 0.53746 2.27250
2.33119 0.61218 2.27898
2.33096 0.68783 2.28564
2.33075 0.76395 2.29247
2.33056 0.84179 2.29952
2.19418 1.68944 2.24836
2.19413 1.78481 2.25838
2.19298 1.46584 2.23862
2.19400 1.98544 2.27970
2.19391 2.09048 2.29103
2.18974 1.03828 2.23366
2.19043 1.11706 2.23310
1.43966 -1.85667 1.43141
2.19188 1.27797 2.23228
2.19265 1.36159 2.23204
-0.01958 -0.61264 -0.11356
-0.02215 -0.65753 -0.11513
-0.02486 -0.70765 -0.11672
-0.02773 -0.76402 -0.11833
-0.03081 -0.82786 -0.11996
-0.02466 -0.45982 -0.10886
-0.03171 -0.52245 -0.11214
-0.01255 -0.50216 -0.10897
0.00644 -0.48299 -0.10580
0.05364 -1.15138 -0.11519
-0.05686 -1.51363 -0.13035
-0.06375 -1.73110 -0.13223
-0.07225 -2.01358 -0.13419
-0.08319 -2.39534 -0.13628
-0.10084 -1.29893 -0.13371
0.00231 -0.78316 -0.11527
0.00216 -0.84921 -0.11660
0.00220 -0.92501 -0.11790
0.00250 -1.01279 -0.11917
0.06810 1.19076 -0.11748
0.00485 1.31588 -0.12601
-0.04776 1.33745 -0.11548
0.08181 0.71619 -0.10647
0.07713 0.66711 -0.10548
0.14692 1.52495 0.07280
0.14802 2.29543 -0.11775
0.03566 2.67909 -0.13176
0.04641 1.52555 -0.02238
0.07694 1.32304 -0.11816
0.05989 0.45770 -0.09878
0.03254 0.48815 -0.10375
0.00059 0.62958 -0.11323
0.00397 0.46332 -0.10624
-0.02407 0.46626 -0.11003
0.04084 0.71832 -0.11124
0.03867 0.66980 -0.11003
-0.09815 -2.94139 -0.13856
0.03543 0.58658 -0.10754
0.03424 0.55060 -0.10628
1.45339 -3.85915 1.48855
1.45250 -3.63166 1.48246
1.45158 -3.42609 1.47688
1.45063 -3.23650 1.47165
1.44965 -3.06349 1.46682
1.38851 -4.56980 1.21538
1.47562 -4.57053 1.30345
1.47516 -4.27317 1.30850
1.47320 -4.00245 1.31156
1.45984 -1.84939 1.22825
1.44362 -2.25197 1.44330
1.44262 -2.14520 1.44011
1.44162 -2.04357 1.43705
1.44064 -1.94805 1.43418
1.43397 -2.82933 1.59651
1.46084 -2.68345 1.32440
1.45924 -2.54864 1.32548
1.45768 -2.42364 1.32645
1.45615 -2.30560 1.32733
0.10996 -4.56506 0.11512
0.18349 -4.56498 0.19096
0.25700 -4.56496 0.26680
0.33067 -4.56498 0.34284
0.40449 -4.56507 0.41904
0.01635 -2.11385 -0.12480
0.02378 -2.53785 -0.12485
0.03542 -3.15812 -0.12415
0.05511 -4.15514 -0.12201
0.11800 -4.56538 -0.06598
0.85605 -4.56666 0.88579
0.93404 -4.56711 0.96649
1.00934 -4.56685 0.62177
1.09163 -4.56815 1.12971
1.17266 -4.56875 1.21368
0.57855 -4.56538 0.39789
0.65612 -4.56558 0.47607
0.04892 0.74216 -0.11098
0.81287 -4.56614 0.63412
0.89212 -4.56650 0.71407
2.22730 3.00836 2.05201
1.21378 1.58152 1.07388
1.16670 1.57994 1.02755
1.12156 1.57840 0.98308
1.07818 1.57691 0.94032
2.22076 2.37916 2.05301
2.22199 2.49488 2.05298
2.22325 2.61458 2.05287
2.22456 2.73955 2.05268
2.22590 2.87028 2.05240
0.90908 1.56956 0.69001
0.87278 1.56833 0.65483
0.83779 1.56716 0.62086
0.75695 1.44601 0.54971
0.72608 1.44493 0.51967
1.03643 1.57546 0.89914
0.99619 1.57406 0.85940
0.95732 1.57270 0.82099
0.91974 1.57139 0.78381
2.20845 1.18279 2.04956
2.35865 0.96923 2.01204
2.25137 0.99290 1.91083
2.22330 1.05142 1.87991
2.22451 1.12521 1.87474
2.33560 0.96764 2.25516
2.34761 0.69650 2.10852
2.34830 0.76989 2.10613
2.34903 0.84413 2.10371
2.34982 0.91932 2.10125
2.23306 1.60231 1.84073
2.23470 1.68898 1.83443
2.23640 1.77809 1.82789
2.23818 1.86985 1.82111
2.24003 1.96517 1.81403
2.21838 1.30943 1.95879
2.21948 1.38976 1.95609
2.22062 1.47135 1.95331
2.22183 1.55558 1.95042
2.22308 1.64137 1.94743
0.00923 1.46370 -0.07049
0.05974 1.06051 -0.11648
0.07396 1.29958 -0.11821
0.01064 1.03785 -0.12157
0.01025 0.94825 -0.12004
0.17603 1.52490 0.03771
0.12172 1.52502 0.04876
0.07179 0.66781 -0.10612
0.07736 1.51828 -0.06344
-0.08214 2.49268 -0.14378
0.01219 0.60284 -0.11092
0.01293 0.56443 -0.10942
-0.01171 0.59132 -0.11341
0.01551 0.46912 -0.10502
-0.00214 0.45969 -0.10686
-0.03378 1.01652 -0.12620
-0.02996 0.92996 -0.12424
-0.02642 0.85455 -0.12233
-0.02313 0.78871 -0.12047
0.46280 1.52867 0.40140
0.57821 1.52964 0.36937
0.55005 1.52895 0.34169
0.52210 1.52830 0.31419
0.49475 1.52771 0.28722
0.69552 1.46800 0.41280
0.67566 1.53353 0.54194
0.64592 1.53261 0.51227
0.61680 1.53173 0.48318
0.58824 1.53091 0.45462
0.33603 1.52535 0.12989
0.31016 1.52516 0.10409
0.28458 1.52502 0.07853
0.25887 1.52493 0.05281
0.23340 1.52491 0.02727
0.42644 1.52706 0.29208
0.40064 1.52661 0.26604
0.37508 1.52620 0.24022
0.34974 1.52585 0.21457
0.32459 1.52555 0.18908
1.47322 -2.76966 1.21486
1.47108 -2.62883 1.22036
1.45931 -3.17772 1.38458
1.46701 -2.37322 1.23005
1.46507 -2.25748 1.23434
1.48531 -3.68172 1.17763
1.48268 -3.46588 1.18669
1.45438 -2.43271 1.35951
1.47775 -3.08805 1.20219
1.47544 -2.92257 1.20883
1.45216 -1.79030 1.29606
1.45089 -1.70661 1.29586
1.44634 -2.01923 1.38700
1.47034 -1.57709 1.31643
1.53389 -1.57881 1.37836
1.46321 -2.14943 1.23829
1.46140 -2.04750 1.24197
1.46351 -4.32944 1.42016
1.45794 -1.85902 1.24861
1.45630 -1.77215 1.25161
0.38561 -4.56504 0.40126
0.46281 -4.56517 0.47459
0.54032 -4.56535 0.54821
0.61832 -4.56558 0.62235
0.69686 -4.56586 0.69702
0.10244 -4.56536 -0.05332
0.18037 -4.56522 0.02238
0.25824 -4.56514 0.09805
0.33613 -4.56511 0.17377
1.49410 -4.48331 1.14295
1.18480 -4.56865 1.16133
1.27028 -4.56929 1.24274
1.35651 -4.56998 1.32487
1.44492 -4.57072 1.40910
0.82026 -4.56674 0.97567
0.88992 -4.56649 0.71275
0.97135 -4.56691 0.79207
1.05368 -4.56738 0.87228
1.13702 -4.56790 0.95350
2.33698 -0.26590 2.20162
2.33658 -0.19477 2.20458
2.33622 -0.12430 2.20755
2.33590 -0.05337 2.21054
2.33563 0.01707 2.21354
2.34540 -0.80899 2.13607
2.34544 -0.73394 2.13078
2.34552 -0.65995 2.12557
2.34563 -0.58692 2.12043
2.34577 -0.51474 2.11534
2.33483 0.44416 2.23203
2.33483 0.51650 2.23521
2.34443 0.26885 2.12242
2.33494 0.66332 2.24169
2.33506 0.73799 2.24499
2.34746 -0.09312 2.08582
2.34788 -0.02397 2.08101
2.33961 -0.62605 2.18685
2.34885 0.11388 2.07141
2.34940 0.18273 2.06662
2.21470 -1.77216 2.03942
2.21374 -1.68052 2.03953
2.21282 -1.59148 2.03963
2.21194 -1.50484 2.03973
2.21109 -1.42041 2.03982
2.22325 -2.15097 1.99356
2.22174 -2.04696 1.99752
2.22030 -1.94719 2.00133
2.21891 -1.85060 2.00500
2.22099 -0.97992 2.03323
2.26841 -0.98064 2.10002
2.34279 -0.93814 2.17275
2.34226 -0.86117 2.17292
2.34027 -0.70034 2.18387
2.20913 -1.26969 2.04531
2.21056 -1.24521 2.02795
2.20956 -1.16703 2.03095
2.20861 -1.09032 2.03390
2.20770 -1.01496 2.03680
2.23082 1.44812 1.84537
2.23186 1.53002 1.84436
2.23296 1.61472 1.84317
2.23411 1.70115 1.84183
2.23532 1.79010 1.84031
2.22640 1.06422 1.84839
2.22718 1.13803 1.84804
2.22801 1.21331 1.84756
2.22889 1.28962 1.84697
2.22982 1.36764 1.84625
2.25209 2.24843 1.72822
2.25412 2.35510 1.72093
2.25626 2.46683 1.71311
2.25847 2.58235 1.70482
2.26077 2.70289 1.69596
2.23658 1.88180 1.83860
2.23792 1.97718 1.83666
2.23930 2.07508 1.83452
2.24074 2.17646 1.83214
2.24225 2.28161 1.82951
2.36158 -0.00303 1.93271
2.36200 0.06420 1.92852
2.35901 0.07255 1.96099
2.36301 0.19806 1.91985
2.36359 0.26532 1.91535
2.35987 -0.26839 1.95449
2.35983 -0.20074 1.95336
2.35945 0.41175 1.96563
2.35991 -0.06618 1.95081
2.36004 0.00089 1.94940
2.36834 0.67544 1.88578
2.36934 0.74596 1.88033
2.37041 0.81667 1.87472
2.37154 0.88873 1.86893
2.37273 0.96169 1.86294
2.36191 0.40583 1.93889
2.36242 0.47460 1.93676
2.36298 0.54335 1.93453
2.36360 0.61317 1.93217
0.34215 1.52569 0.19655
0.44917 1.52633 0.15373
0.42274 1.52598 0.12812
0.39633 1.52569 0.10244
0.37011 1.52546 0.07684
0.57633 1.52811 0.19845
0.54134 1.52857 0.31662
0.51383 1.52797 0.29034
0.48691 1.52742 0.26452
0.46011 1.52693 0.23876
0.03660 2.42015 -0.13050
0.06454 1.33594 -0.07391
0.02048 1.33671 -0.11864
0.01120 1.12284 -0.12282
0.05174 0.79928 -0.11215
0.30514 1.52511 0.08797
0.27977 1.52499 0.06300
0.21814 1.52488 0.07475
0.20439 1.52497 -0.01173
0.15610 1.44963 -0.05434
1.11292 1.57463 0.76929
1.07073 1.57322 0.73101
1.02509 1.57418 0.83842
0.99097 1.57057 0.65832
0.95288 1.56931 0.62346
2.25269 3.01254 1.80695
1.22447 1.57954 0.94689
0.83808 1.56793 0.66628
1.13253 1.57652 0.86357
1.08921 1.57508 0.82416
0.70388 1.44282 0.40627
0.69844 1.51311 0.39314
0.67436 1.53110 0.36839
0.64459 1.53031 0.34035
0.61558 1.52958 0.31294
0.85881 1.56740 0.61271
0.77617 1.44626 0.54343
0.74513 1.44520 0.51458
0.71486 1.44419 0.48637
1.21677 -4.56795 0.77433
1.30728 -4.56815 0.43527
1.39256 -4.56863 0.51720
1.47906 -4.56916 0.60002
1.54470 -4.49561 0.67429
0.93400 -4.56649 0.29501
0.61934 -4.56548 0.41214
0.69591 -4.56569 0.48473
0.77302 -4.56595 0.55762
0.85082 -4.56626 0.63097
1.51453 -3.11613 0.85823
1.51061 -2.95211 0.87913
1.50694 -2.80163 0.89806
1.50344 -2.66102 0.91550
1.50014 -2.53105 0.93141
1.33798 -4.56918 1.08589
1.42400 -4.56984 1.16550
1.48545 -4.48197 1.22338
1.48359 -4.19153 1.22538
1.48181 -3.93303 1.22684
-0.00152 -0.75029 -0.11499
-0.00198 -0.80897 -0.11629
0.06434 -0.53066 -0.10059
-0.00235 -0.95110 -0.11882
0.04629 -0.87148 -0.11202
0.00552 -0.44710 -0.10437
0.00242 -0.53564 -0.10835
-0.00165 -1.14013 -0.12119
-0.00021 -0.65118 -0.11235
0.03514 -0.60602 -0.10680
0.26413 -3.96433 -0.09934
0.38042 -3.17739 -0.08666
0.46059 -2.63808 -0.07752
0.58719 -3.32129 -0.06427
0.79932 -4.45821 -0.04103
0.05508 -1.03490 -0.11361
0.06849 -1.25856 -0.11464
0.08977 -1.58449 -0.11469
0.12614 -2.10550 -0.11282
2.22720 -1.13057 1.84194
2.23438 -1.11445 1.76479
2.23310 -1.04230 1.77073
2.24854 -0.97878 1.79027
2.22400 -1.06412 1.86894
2.23512 -1.42914 1.79224
2.22865 -1.70923 1.89054
2.22793 -1.62102 1.88802
2.22724 -1.53535 1.88546
2.22660 -1.45261 1.88282
2.36023 -0.68856 1.97017
2.36014 -0.61759 1.96673
2.36010 -0.54745 1.96323
2.36010 -0.47754 1.95968
2.36016 -0.40882 1.95604
2.37367 -0.98078 1.96983
2.36259 -0.90177 1.96057
2.36208 -0.82809 1.96028
2.36162 -0.75544 1.95989
2.36121 -0.68371 1.95940
1.48322 -1.90033 1.00486
1.48078 -1.81380 1.01435
1.47251 -2.14578 1.14683
1.47623 -1.65394 1.03147
1.47410 -1.57983 1.03923
1.47208 -2.79724 1.22853
1.47059 -2.65596 1.22801
1.46429 -1.69513 1.15868
1.46773 -2.40137 1.22651
1.46635 -2.28606 1.22556
2.25112 -1.93316 1.69005
2.24910 -1.84111 1.69910
2.24716 -1.75178 1.70772
2.24531 -1.66495 1.71597
2.24352 -1.58044 1.72385
1.45874 -1.71597 1.21798
1.45760 -1.63719 1.21647
1.46819 -1.57591 1.22532
1.53026 -1.57756 1.27987
-4.09011 -4.42161 1.20547
-4.10068 -3.82095 1.34253
-4.11045 -3.93334 1.42166
-4.12065 -4.04855 1.50460
-4.13129 -4.16665 1.59147
-4.03914 -3.73534 0.79834
-4.05739 -3.29608 0.99575
-4.06535 -3.39651 1.05906
-4.07365 -3.49916 1.12525
-4.08229 -3.60407 1.19442
-3.25792 -4.44278 1.93996
-3.40092 -3.80100 1.92093
-3.26653 -3.74536 1.93459
-3.13667 -3.68990 1.94775
-3.01141 -3.63500 1.96041
-3.62590 -4.58657 1.54303
-4.15399 -4.41256 1.77782
-4.10123 -4.47306 1.85131
-3.91815 -4.39383 1.87018
-3.74280 -4.31564 1.88819
-3.93682 -1.92515 0.02509
-3.94058 -2.01648 0.05191
-3.94458 -2.10926 0.08067
-3.94882 -2.20357 0.11127
-3.95331 -2.29938 0.14400
-3.96518 -1.60882 0.30395
-3.96883 -1.67749 0.33175
-3.97262 -1.74660 0.36072
-3.97657 -1.81631 0.39091
-3.98067 -1.88659 0.42235
-3.98601 -2.91277 0.38740
-3.99251 -3.02234 0.43679
-4.01579 -2.73210 0.66936
-4.00654 -3.24884 0.54427
-4.01410 -3.36605 0.60267
-4.00868 -2.32305 0.63854
-4.01397 -2.39867 0.67965
-2.89042 -3.58036 1.97260
-4.02509 -2.55279 0.76650
-4.03095 -2.63135 0.81243
-0.85632 -2.33273 2.16898
-0.80332 -2.28713 2.17377
-0.75161 -2.24139 2.17841
-0.70146 -2.19611 2.18290
-0.65290 -2.15109 2.18721
-0.98403 -2.61063 2.15984
-0.92303 -2.55596 2.16540
-0.86376 -2.50146 2.17078
-0.80701 -2.44810 2.17589
-0.10787 -1.76049 2.23795
-0.39025 -1.88627 2.21014
-0.35071 -1.84270 2.21352
-0.31245 -1.79937 2.21678
-0.27536 -1.75635 2.21992
-0.16536 -1.99480 2.23610
-0.46012 -2.08915 2.20638
-0.41717 -2.03994 2.21005
-0.37570 -1.99127 2.21357
-0.33570 -1.94308 2.21695
-2.34373 -3.31306 2.02714
-2.24494 -3.26072 2.03690
-2.14932 -3.20876 2.04630
-2.05675 -3.15719 2.05537
-1.96717 -3.10594 2.06412
-2.83391 -3.86718 1.98059
-2.70326 -3.79599 1.99371
-2.57783 -3.72570 2.00626
-2.45741 -3.65648 2.01826
-2.34168 -3.58824 2.02975
-1.48542 -2.80620 2.11050
-1.41358 -2.75753 2.11732
-1.25129 -3.04628 2.13774
-1.27627 -2.66093 2.13025
-1.21068 -2.61321 2.13638
-1.73481 -3.19734 2.08913
-1.64658 -3.13527 2.09762
-5.10291 -1.91570 -0.13345
-1.47983 -3.01341 2.11355
-1.40096 -2.95374 2.12103
-5.23478 3.17370 0.99730
-5.22653 3.07345 0.92912
-5.21857 2.97409 0.86348
-5.21089 2.87563 0.80022
-5.20348 2.77802 0.73924
-5.28021 3.68547 1.37475
-5.27054 3.58158 1.29415
-5.26114 3.47798 1.21586
-5.25204 3.37557 1.14026
-5.24325 3.27415 1.06744
-5.14792 2.03293 0.27938
-5.14324 1.93846 0.24181
-5.13879 1.84462 0.20601
-5.13455 1.75137 0.17196
-5.13055 1.65938 0.13991
-5.19634 2.68116 0.68058
-5.18941 2.58429 0.62371
-5.18274 2.48812 0.56905
-5.17631 2.39265 0.51644
-3.63977 3.50899 1.88369
-4.61886 4.51685 1.78342
-4.83812 4.60082 1.76040
-5.06638 4.68520 1.73639
-5.30761 4.77093 1.71095
-4.60567 4.89779 1.78542
-1.31352 1.58885 0.89777
-3.38100 3.67536 1.91116
-3.52804 3.74044 1.89605
-3.68162 3.80646 1.88023
-5.26009 4.00277 1.17698
-5.25081 3.88115 1.10067
-5.24185 3.76059 1.02715
-5.23331 3.64295 0.95735
-5.22512 3.52719 0.89054
-4.76597 4.22179 1.76745
-4.97657 4.29345 1.74537
-5.19911 4.36646 1.72198
-5.31663 4.34878 1.66440
-5.30554 4.22886 1.57161
-9.33486 -1.08028 -0.41723
-8.06367 -1.07904 -0.34144
-6.93732 -1.07711 -0.04791
-6.30864 -1.07628 -0.23172
-5.67723 -1.07481 -0.18985
-33.02359 -0.14100 -2.04150
-33.01801 -0.73226 -2.09456
-5.12302 -1.21660 0.08203
-18.54433 -1.08282 -1.18485
-14.09397 -1.08258 -0.89209
-5.10730 -1.54266 -0.07450
-5.11004 -1.64116 -0.05433
-5.11299 -1.74065 -0.03249
-5.11616 -1.84116 -0.00893
-5.11956 -1.94268 0.01646
-5.58597 -1.07475 -0.29498
-5.08547 -1.08100 -0.25419
-5.08685 -1.18173 -0.24530
-5.08846 -1.28346 -0.23470
-9.08204 1.09685 -0.26365
-5.11054 1.11205 -0.02089
-5.45318 1.08840 -0.05109
-6.01094 1.09021 -0.08896
-6.68216 1.09205 -0.13272
-5.11174 1.22301 -0.01350
-5.13772 1.73556 0.20138
-5.13308 1.64268 0.16345
-5.12864 1.55015 0.12727
-5.12441 1.45796 0.09270
-19.19546 1.10652 -0.84521
-27.53511 1.11126 -1.29537
-33.06926 0.76890 -1.61989
-33.06517 0.20501 -1.65862
-33.06211 -0.35824 -1.68830
-6.18524 1.09070 -0.11567
-6.91585 1.09260 -0.17113
-7.83341 1.09458 -0.23846
-9.03082 1.09669 -0.32349
-10.64478 1.09895 -0.43514
-0.44014 1.54562 1.01162
-0.46288 1.54535 0.98336
-0.48405 1.55117 1.23806
-0.50936 1.54494 0.92862
-0.53313 1.54481 0.90203
-0.33055 1.54764 1.16318
-0.35201 1.54715 1.13136
-0.58211 1.54951 1.09602
-0.39555 1.54630 1.07004
-0.41770 1.54594 1.04049
-0.66276 1.52460 0.66366
-0.65637 1.46481 0.61881
-0.67252 1.54662 0.86595
-0.70642 1.45429 0.57124
-0.73581 1.45470 0.54979
-0.55712 1.54471 0.87614
-0.58175 1.54467 0.85053
-0.39158 1.55365 1.39599
-0.63234 1.54470 0.80054
-0.65820 1.54479 0.77630
-0.12992 1.50018 1.89869
-0.15626 1.53938 1.89662
-0.17952 1.56277 1.87621
-0.19708 1.56185 1.82888
-0.21475 1.56095 1.78286
0.12712 1.55263 1.92763
0.10352 1.56191 1.87660
0.08051 1.56060 1.81550
0.05777 1.55934 1.75716
-0.26731 1.54938 1.26403
-0.32001 1.55620 1.53753
-0.33775 1.55552 1.50073
-0.35555 1.55486 1.46495
-0.37358 1.55424 1.42986
-0.21326 1.55567 1.54789
-0.09683 1.55172 1.41233
-0.11878 1.55081 1.37013
-0.14056 1.54996 1.32965
-0.16239 1.54915 1.29049
-5.11734 3.72591 -0.09760
-5.11054 3.58877 -0.15104
-5.10411 3.45530 -0.20138
-5.09799 3.32428 -0.24907
-5.09217 3.19560 -0.29433
-5.18585 4.64923 0.46912
-5.17611 4.49795 0.38968
-5.16679 4.35009 0.31396
-5.15788 4.20537 0.24189
-5.14929 4.06268 0.17256
-5.06307 2.46912 -0.51741
-5.05909 2.35433 -0.54747
-5.09939 2.99370 -0.21568
-5.05184 2.12990 -0.60198
-5.04855 2.02008 -0.62656
-5.10554 3.26876 -0.17650
-5.09934 3.14417 -0.22547
-5.15677 4.45657 0.21631
-5.08780 2.90161 -0.31604
-5.08242 2.78249 -0.35814
-1.02226 1.57818 0.45242
-1.06097 1.57891 0.43023
-1.10066 1.57967 0.40823
-1.14202 1.58047 0.38606
-1.18452 1.58132 0.36403
-0.84647 1.57626 0.64730
-0.87770 1.57665 0.62434
-0.90953 1.57709 0.60174
-0.94219 1.57756 0.57926
-5.25415 5.32999 1.04944
-5.19613 5.11085 0.53552
-5.18554 4.94054 0.44911
-5.17546 4.77463 0.36725
-5.16585 4.61303 0.28950
-1.17790 1.58281 0.58161
-1.20061 1.58207 0.42442
-1.24259 1.58288 0.40234
-5.26844 5.82738 1.15268
-5.25489 5.64435 1.03942
0.42327 -0.50642 2.27593
0.42845 -0.46704 2.27611
0.43311 -0.42787 2.27626
0.43712 -0.38919 2.27636
0.44066 -0.35038 2.27644
0.38818 -0.70734 2.27437
0.39646 -0.66646 2.27477
0.40411 -0.62585 2.27513
0.41108 -0.58580 2.27543
0.41747 -0.54600 2.27570
0.45766 -0.18491 2.27730
0.46015 -0.14652 2.27741
0.46215 -0.10786 2.27748
0.46360 -0.06953 2.27752
0.46451 -0.03122 2.27753
0.44358 -0.31203 2.27647
0.44600 -0.27384 2.27647
0.44783 -0.23608 2.27644
0.44920 -0.19815 2.27637
0.45005 -0.16034 2.27627
0.02294 -1.43925 2.24603
0.04904 -1.39552 2.24805
0.17341 -1.36897 2.26130
0.09852 -1.30865 2.25185
0.12181 -1.26586 2.25362
-0.01679 -1.61364 2.24503
0.01132 -1.56551 2.24718
0.26599 -1.13652 2.26738
0.06377 -1.47143 2.25112
0.08846 -1.42514 2.25296
0.24407 -1.01359 2.26272
0.26171 -0.97220 2.26400
0.27858 -0.93101 2.26522
0.29472 -0.89002 2.26639
0.31016 -0.84921 2.26750
0.21615 -1.15605 2.26211
0.23416 -1.11285 2.26336
0.25154 -1.06968 2.26455
0.26808 -1.02682 2.26567
0.39761 1.10947 2.27833
0.29519 0.99506 2.26497
0.28030 1.03742 2.26387
0.26486 1.07983 2.26274
0.24850 1.12291 2.26153
0.39717 0.86750 2.27499
0.29884 0.79643 2.26277
0.28617 0.83390 2.26178
0.27307 0.87125 2.26077
0.25928 0.90911 2.25970
0.13410 1.38874 2.25287
0.11187 1.43490 2.25115
0.08886 1.48121 2.24936
0.06881 1.48042 2.17953
0.04927 1.47915 2.11294
0.16429 1.13984 2.25232
0.14608 1.17944 2.25090
0.12736 1.21902 2.24943
0.10793 1.25892 2.24790
0.08780 1.29917 2.24631
0.45888 0.19921 2.27686
0.45607 0.23771 2.27663
0.52008 0.10106 2.28403
0.44893 0.31465 2.27608
0.44452 0.35341 2.27575
0.44445 0.06261 2.27502
0.44180 0.09932 2.27470
0.52298 0.31584 2.28490
0.43506 0.17265 2.27398
0.43097 0.20929 2.27358
0.40644 0.58836 2.27298
0.39815 0.62782 2.27239
0.38921 0.66780 2.27175
0.37966 0.70799 2.27107
0.36956 0.74807 2.27034
0.39624 0.42833 2.27051
0.38884 0.46460 2.26990
0.38085 0.50124 2.26924
0.37233 0.53795 2.26855
-5.21010 -1.74567 0.83953
-5.16670 -1.43554 0.46613
-5.16952 -1.52280 0.48760
-5.17254 -1.61078 0.51069
-5.17577 -1.69942 0.53552
-5.18954 -1.36164 0.67316
-5.50062 -1.07351 0.40090
-5.15739 -1.09257 0.39601
-5.15943 -1.17746 0.41125
-5.16166 -1.26287 0.42797
-3.98805 -1.88332 0.48838
-4.01934 -1.83316 0.76925
-4.02381 -1.90164 0.80384
-4.02845 -1.97072 0.83996
-4.03327 -2.04045 0.87747
-4.02484 -1.65755 0.82940
-5.18288 -1.87907 0.59028
-5.18675 -1.97008 0.62027
-4.00510 -1.60690 0.52905
-3.99373 -1.67341 0.55378
-14.11921 -0.14528 0.77458
-13.96788 -0.35171 0.79117
-13.79740 -0.55208 0.80983
-13.61081 -0.74577 0.83020
-13.40958 -0.93225 0.85213
-12.85166 1.16392 0.73473
-14.05213 1.05825 0.78004
-14.12134 0.84874 0.77289
-14.16803 0.63822 0.76817
-14.19316 0.42428 0.76577
-6.78099 -1.07593 0.61598
-6.18866 -1.07487 0.59714
-11.03499 -1.07975 0.59097
-5.26204 -1.07264 0.57124
-5.17915 -1.13209 0.58913
-13.88675 -0.83486 0.80065
-13.76419 -1.03370 0.81415
-4.03828 -2.11086 0.91660
-10.23657 -1.07927 0.66857
-8.93184 -1.07848 0.61584
-3.07738 -3.10628 1.94975
-2.96883 -3.06908 1.96065
-2.86345 -3.03141 1.97119
-2.76131 -2.99359 1.98138
-2.66224 -2.95540 1.99123
-3.93821 -3.73889 1.86448
-3.78411 -3.69073 1.88029
-3.63531 -3.64199 1.89551
-3.49168 -3.59261 1.91016
-1.99146 -3.18274 2.06238
-2.12736 -2.72282 2.04377
-2.04737 -2.68380 2.05152
-1.96971 -2.64465 2.05902
-1.89438 -2.60553 2.06626
-2.36496 -2.55091 2.01792
-2.61537 -3.23748 1.99841
-2.50707 -3.18637 2.00915
-2.40241 -3.13508 2.01950
-2.30145 -3.08406 2.02943
-4.06638 -2.47424 1.13765
-4.07264 -2.54937 1.18732
-4.07913 -2.62559 1.23892
-4.08586 -2.70265 1.29264
-4.09283 -2.78082 1.34838
-4.01896 -2.12357 0.74496
-4.02391 -2.20185 0.78293
-4.02907 -2.28109 0.82271
-4.03448 -2.36143 0.86451
-4.04013 -2.44296 0.90833
-4.14035 -3.27397 1.73239
-4.14930 -3.36080 1.80549
-4.09276 -3.46433 1.29792
-3.93824 -3.35203 1.86231
-3.80376 -3.31905 1.87607
-4.07956 -2.95849 1.21827
-4.08716 -3.04945 1.27876
-14.57412 0.94895 0.72399
-4.10331 -3.23620 1.40798
-4.11191 -3.33214 1.47721
-1.24162 1.58761 0.90808
-1.27904 1.58810 0.88879
-1.31746 1.58862 0.87007
-3.50087 3.77564 1.89900
-3.65624 3.83415 1.88296
-0.97557 1.46565 0.94111
-1.00514 1.46593 0.92118
-1.03562 1.46626 0.90171
-1.17058 1.58676 0.94778
-1.20568 1.58717 0.92765
-3.31983 2.72986 1.91398
-3.42357 2.75624 1.90347
-3.53052 2.78223 1.89260
-3.64078 2.80777 1.88137
-3.75447 2.83283 1.86977
-3.81756 3.89211 1.86627
-3.98632 3.94986 1.84876
-4.16012 4.00630 1.83069
-4.34054 4.06195 1.81188
-0.70970 1.55590 1.32260
-0.83241 1.47327 1.51129
-0.85101 1.47300 1.48382
-0.95726 1.59297 1.56882
-0.97833 1.59276 1.54073
-0.71287 1.56093 1.57933
-0.88891 1.47881 1.78576
-0.99517 1.59872 1.89189
-1.01325 1.59840 1.86074
-1.03176 1.59811 1.83012
-1.11502 1.59216 1.38677
-1.13975 1.59216 1.36320
-1.16515 1.59220 1.34022
-1.19120 1.59226 1.31777
-1.21795 1.59236 1.29587
-1.14942 1.59687 1.66399
-1.17043 1.59675 1.63857
-1.19185 1.59664 1.61371
-1.21374 1.59656 1.58943
-1.23606 1.59651 1.56565
-5.22075 1.93790 0.93547
-5.21550 1.85875 0.89225
-5.18234 1.72530 0.60248
-5.20555 1.70047 0.81041
-5.20084 1.62134 0.77168
-5.17795 1.98965 0.55142
-5.17443 1.89570 0.52418
-5.16717 1.29828 0.48317
-5.16809 1.71121 0.47552
-5.16524 1.61990 0.45378
-5.17640 1.14709 0.57038
-5.27646 1.08867 0.55051
-5.72395 1.09027 0.55822
-6.24597 1.09190 0.56875
-6.87392 1.09361 0.58332
-5.15268 1.09284 0.35982
-5.58782 1.08950 0.37079
-6.12996 1.09127 0.38675
-6.77848 1.09309 0.40758
-5.27685 3.33408 1.36395
-4.52110 2.96975 1.79092
-4.66487 2.98971 1.77604
-4.81202 3.00841 1.76077
-4.96513 3.02601 1.74486
-4.64845 3.33886 1.77832
-5.29965 4.04265 1.52894
-5.29006 3.91812 1.45005
-5.28084 3.79490 1.37435
-5.27209 3.67477 1.30280
-5.28415 2.74263 1.45950
-5.27690 2.66114 1.39926
-5.26982 2.57941 1.34058
-5.26301 2.49883 1.28420
-5.25637 2.41797 1.22930
-5.22747 2.99557 0.94185
-5.22124 2.88876 0.89207
-5.21531 2.78345 0.84484
-5.20967 2.67955 0.80008
-5.20432 2.57701 0.75771
-0.02407 1.12384 2.23130
-0.04288 1.16406 2.22987
-0.15867 1.03256 2.21541
-0.08323 1.24548 2.22677
-0.10478 1.28673 2.22510
0.05721 0.92790 2.23732
0.04263 0.96635 2.23626
-0.25989 1.19039 2.20705
0.01086 1.04465 2.23391
-0.00614 1.08393 2.23264
-0.14957 1.47825 2.04056
-0.16561 1.47705 1.97868
-0.30207 1.42668 2.20631
-0.20432 1.49790 1.89073
-0.23352 1.54168 1.88846
-0.12712 1.32801 2.22336
-0.15063 1.36999 2.22151
-0.07188 0.87677 2.22252
-0.20080 1.45508 2.21751
-0.22749 1.49824 2.21536
0.10296 0.44394 2.23705
0.09355 0.47508 2.23624
0.08376 0.50596 2.23540
0.07346 0.53683 2.23453
0.06261 0.56798 2.23362
0.23833 0.19299 2.25111
0.23863 0.22963 2.25124
0.23831 0.26646 2.25134
0.23739 0.30348 2.25139
0.09667 0.81354 2.24016
-0.01206 0.75304 2.22743
-0.02633 0.78415 2.22626
-0.04103 0.81505 2.22505
-0.05626 0.84601 2.22380
0.08879 0.64498 2.23730
0.21220 0.57013 2.25041
0.20584 0.60929 2.25007
0.19877 0.64872 2.24968
0.19092 0.68844 2.24922
-0.70712 1.46043 0.94043
-0.73209 1.46048 0.91710
-0.75746 1.46056 0.89442
-0.86449 1.58083 0.93635
-0.85286 1.52201 0.88193
-0.69894 1.55395 1.23075
-0.72116 1.55374 1.20268
-0.71985 1.51428 1.14804
-0.71212 1.46536 1.08870
-0.73318 1.46323 1.06271
-1.03549 1.52184 0.75312
-1.12040 1.58344 0.75888
-1.02513 1.46681 0.95353
-1.19417 1.58451 0.71821
-1.23274 1.58511 0.69836
-0.87816 1.46350 0.92637
-0.90460 1.46368 0.90510
-0.63913 1.55099 1.12599
-0.95950 1.46416 0.86391
-0.98802 1.46445 0.84394
-0.34798 1.55820 1.61738
-0.36675 1.55740 1.57425
-0.38579 1.55665 1.53265
-0.40510 1.55593 1.49251
-0.42470 1.55526 1.45373
-0.31987 1.49787 1.87858
-0.34989 1.53734 1.87617
-0.37615 1.56349 1.85811
-0.39292 1.56263 1.81039
-0.70877 1.55821 1.44135
-0.54881 1.55216 1.24557
-0.57081 1.55180 1.21431
-0.59307 1.55148 1.18414
-0.61595 1.55121 1.15457
-0.71309 1.56420 1.75200
-0.51709 1.55763 1.52058
-0.53595 1.55707 1.48448
-0.55506 1.55655 1.44942
-0.57456 1.55606 1.41546
-0.35723 -1.70630 2.21031
-0.32508 -1.66044 2.21285
-0.29402 -1.61469 2.21527
-0.26426 -1.56937 2.21757
-0.23596 -1.52485 2.21973
-0.86554 -1.74661 2.15851
-0.82615 -1.71573 2.16199
-0.78804 -1.68515 2.16534
-0.75057 -1.65430 2.16862
-0.71406 -1.62342 2.17180
-0.08981 -1.26651 2.23047
-0.06908 -1.22484 2.23192
-0.28473 -1.29855 2.21028
-0.03083 -1.14313 2.23455
-0.01306 -1.10280 2.23575
-0.51227 -1.43697 2.18914
-0.48134 -1.40559 2.19175
-0.54129 -1.94561 2.19534
-0.42208 -1.34313 2.19674
-0.39329 -1.31151 2.19915
-1.31064 -2.69574 2.12716
-1.24009 -2.63796 2.13368
-1.17211 -2.58054 2.13992
-1.10735 -2.52441 2.14583
-1.04467 -2.46840 2.15151
-1.81514 -2.31923 2.07101
-1.75373 -2.28971 2.07685
-1.69385 -2.26010 2.08252
-1.63537 -2.23045 2.08804
-0.86144 -1.91400 2.16172
-0.71837 -2.14717 2.18033
-0.67130 -2.09585 2.18437
-0.62611 -2.04508 2.18822
-0.58267 -1.99490 2.19188
-0.98159 -2.20680 2.15410
-1.26281 -2.02065 2.12269
-1.21433 -1.99033 2.12713
-1.16702 -1.96006 2.13145
-1.12089 -1.92971 2.13564
0.19085 -0.19537 2.24635
0.19112 -0.16220 2.24620
0.19084 -0.12915 2.24601
0.19009 -0.09621 2.24579
0.18879 -0.06364 2.24553
0.10688 -0.50313 2.23962
0.11898 -0.46958 2.24059
0.13050 -0.43596 2.24152
0.14143 -0.40227 2.24240
0.15182 -0.36825 2.24324
0.17086 0.12988 2.24331
0.16619 0.16161 2.24283
0.20766 0.02915 2.24749
0.15541 0.22490 2.24177
0.14930 0.25648 2.24119
0.20180 -0.16257 2.24741
0.20810 -0.12790 2.24797
0.18156 -0.36433 2.24657
0.21897 -0.05768 2.24895
0.22353 -0.02238 2.24938
0.07554 -0.86861 2.24138
0.08757 -0.83070 2.24209
0.09872 -0.79332 2.24274
0.10930 -0.75592 2.24333
0.11908 -0.71904 2.24387
-0.23657 -1.12168 2.21209
-0.21282 -1.08975 2.21402
-0.18972 -1.05784 2.21590
-0.16735 -1.02591 2.21771
0.10601 -0.54563 2.24004
0.16394 -0.50338 2.24603
0.16922 -0.46828 2.24623
0.17394 -0.43337 2.24638
0.17800 -0.39890 2.24649
0.09668 -0.66186 2.24054
-0.02823 -0.79975 2.22887
-0.01091 -0.76740 2.23025
0.00598 -0.73447 2.23160
0.02212 -0.70178 2.23288
1.07363 -0.71196 2.35706
1.08443 -0.65714 2.35781
1.09460 -0.60256 2.35852
1.10411 -0.54820 2.35919
1.11306 -0.49362 2.35983
1.00976 -0.98963 2.35268
1.02390 -0.93352 2.35365
1.03734 -0.87782 2.35457
1.05009 -0.82249 2.35545
1.06219 -0.76707 2.35628
1.06499 0.01514 2.35123
1.06327 0.06403 2.35096
1.06112 0.11251 2.35068
1.05852 0.16138 2.35037
1.05544 0.21028 2.35004
1.12133 -0.43960 2.36043
1.12905 -0.38530 2.36099
1.13619 -0.33110 2.36153
1.14272 -0.27697 2.36203
1.14864 -0.22288 2.36249
0.82296 -1.67017 2.34106
0.84272 -1.60540 2.34229
0.69824 -1.89446 2.33041
0.87946 -1.47848 2.34452
0.89646 -1.41621 2.34551
0.77932 -1.91434 2.34007
0.80102 -1.84280 2.34139
0.82519 -1.57649 2.33976
0.84112 -1.70344 2.34373
0.85946 -1.63598 2.34475
0.98064 -1.06261 2.35017
0.99201 -1.00608 2.35075
1.00274 -0.95016 2.35129
1.01276 -0.89477 2.35178
1.02218 -0.83990 2.35223
0.94955 -1.25561 2.34930
0.96157 -1.19587 2.34983
0.97279 -1.13692 2.35030
0.98324 -1.07919 2.35072
0.87165 1.59923 2.19686
0.79651 1.55878 2.33119
0.77178 1.60071 2.30587
0.73242 1.59911 2.22338
0.69444 1.59753 2.14477
0.92276 1.38306 2.34373
1.08982 1.30031 2.36270
1.07791 1.36831 2.36207
1.06514 1.43750 2.36138
1.05137 1.50790 2.36060
0.48982 1.55872 1.71912
0.46099 1.55738 1.66475
0.43273 1.55607 1.61221
0.40546 1.55480 1.56217
0.37885 1.55356 1.51408
0.80473 1.59389 1.92850
0.76278 1.59213 1.85194
0.72226 1.59040 1.77915
0.64656 1.46856 1.58796
0.61190 1.46693 1.52745
1.02727 0.50340 2.34760
1.02092 0.55283 2.34711
1.12695 0.38937 2.35950
1.00683 0.65163 2.34605
0.99896 0.70184 2.34548
1.17224 0.10420 2.36466
1.17419 0.15970 2.36492
1.10889 0.66256 2.35877
1.17627 0.27056 2.36534
1.17642 0.32679 2.36550
0.94112 1.00794 2.34138
0.92957 1.06015 2.34057
0.91733 1.11332 2.33972
0.90462 1.16664 2.33883
0.89123 1.22054 2.33790
1.16451 0.67222 2.36575
1.16035 0.73149 2.36567
1.15547 0.79135 2.36554
1.14984 0.85228 2.36536
-3.20529 -4.58287 0.45883
-3.08576 -4.58223 0.13970
-2.97029 -4.58123 0.21208
-2.85836 -4.58027 0.28381
-2.74974 -4.57936 0.35487
-3.78129 -4.58766 0.13403
-3.72512 -4.58789 -0.23678
-3.58801 -4.58667 -0.15916
-3.45576 -4.58550 -0.08281
-3.32822 -4.58437 -0.00769
-1.80921 -4.57254 0.86199
-2.24053 -4.57558 0.89912
-2.15204 -4.57503 0.96474
-2.06531 -4.57452 1.03049
-1.98015 -4.57405 1.09637
-2.70336 -4.57894 0.77075
-2.54140 -4.57768 0.49583
-2.44130 -4.57690 0.56565
-2.34373 -4.57617 0.63529
-2.24850 -4.57549 0.70481
-2.21816 -1.57798 -0.37135
-2.48374 -1.81895 -0.40059
-2.82919 -2.13076 -0.43843
-3.29591 -2.55022 -0.48931
-3.88503 -3.08838 -0.54951
-1.12494 -0.69665 -0.24787
-1.18431 -0.76247 -0.25486
-1.25266 -0.83697 -0.26283
-1.33168 -0.92194 -0.27196
-1.42424 -1.02016 -0.28257
-3.92038 -3.80771 -0.28601
-3.92720 -3.93861 -0.23423
-3.07008 -3.07785 -0.46414
-3.94176 -4.21179 -0.12295
-3.94954 -4.35450 -0.06304
-2.61550 -2.23982 -0.41488
-3.07864 -2.70641 -0.46538
-1.89647 -4.57363 1.16257
-3.89387 -3.63109 -0.51511
-3.90023 -3.76598 -0.46792
0.03042 -3.30538 2.27776
0.08815 -3.20475 2.28274
0.14263 -3.10790 2.28739
0.19444 -3.01384 2.29177
0.24376 -2.92240 2.29589
-0.14061 -3.79806 2.26512
-0.07083 -3.67421 2.27127
-0.00494 -3.55501 2.27703
0.05683 -3.44089 2.28236
0.70589 -2.14080 2.33539
0.49562 -2.41959 2.31617
0.53119 -2.34230 2.31892
0.56518 -2.26673 2.32151
0.59763 -2.19275 2.32396
0.26022 -2.76995 2.29547
0.40834 -2.73711 2.31135
0.44864 -2.64853 2.31450
0.48689 -2.56226 2.31744
0.52352 -2.47759 2.32021
-1.49693 -4.57215 1.49946
-1.42015 -4.57199 1.56856
-1.34418 -4.57187 1.63831
-1.26896 -4.57180 1.70893
-1.19447 -4.57177 1.78041
-1.71792 -4.57240 1.12261
-1.63517 -4.57205 1.19312
-1.55361 -4.57175 1.26398
-1.47342 -4.57150 1.33543
-1.39417 -4.57130 1.40744
-0.74583 -4.51851 2.20706
-0.64758 -4.37555 2.21632
-0.46783 -4.57165 2.19841
-0.46677 -4.10618 2.23315
-0.38356 -3.97874 2.24080
-0.93764 -4.57109 1.85617
-0.86376 -4.57122 1.93450
0.39290 1.55134 1.42219
-0.71732 -4.57163 2.09504
-0.64463 -4.57191 2.17725
-0.49840 -0.34169 -0.16988
-0.51366 -0.36725 -0.17210
-0.53026 -0.39458 -0.17449
-0.54848 -0.42394 -0.17707
-0.56838 -0.45555 -0.17985
-0.43891 -0.23426 -0.16093
-0.44890 -0.25350 -0.16247
-0.45975 -0.27373 -0.16413
-0.47160 -0.29510 -0.16591
-0.48443 -0.31770 -0.16783
-0.37748 -0.41550 -0.15485
-0.39099 -0.44590 -0.15706
-0.40598 -0.47894 -0.15947
-0.42271 -0.51507 -0.16208
-0.44132 -0.55471 -0.16493
-0.59023 -0.48974 -0.18286
-0.61442 -0.52698 -0.18614
-0.64106 -0.56758 -0.18970
-0.67066 -0.61219 -0.19360
-0.34193 0.16581 -0.14689
-0.36175 0.13714 -0.14948
-0.35702 0.12273 -0.14864
-0.35289 0.10883 -0.14790
-0.34923 0.09516 -0.14724
-0.38013 0.15963 -0.15240
-0.39991 0.24615 -0.15628
-0.38939 0.22700 -0.15455
-0.37978 0.20883 -0.15294
-0.37097 0.19142 -0.15145
-0.30952 -0.08673 -0.14093
-0.31128 -0.09965 -0.14129
-0.31345 -0.11285 -0.14172
-0.31608 -0.12638 -0.14224
-0.31915 -0.14027 -0.14284
-0.31956 0.12033 -0.14299
-0.30770 0.09268 -0.14089
-0.37941 -0.09169 -0.15147
-0.30726 -0.06154 -0.14044
-0.27518 -0.05432 -0.13534
-1.59644 -4.57100 0.31432
-1.50699 -4.57039 0.39031
-1.86540 -4.57275 0.42918
-1.33295 -4.56935 0.54179
-1.24818 -4.56892 0.61740
-2.37025 -4.57660 0.22446
-2.27727 -4.57583 0.29060
-1.44446 -4.57017 0.77138
-2.09708 -4.57441 0.42166
-2.00954 -4.57376 0.48665
-0.76297 -4.56746 1.07618
-0.68497 -4.56741 1.15423
-0.60769 -4.56742 1.23297
-0.53091 -4.56748 1.31250
-0.45449 -4.56760 1.39296
-1.51442 -4.57072 0.87391
-1.43584 -4.57036 0.93862
-1.35829 -4.57004 1.00357
-1.28150 -4.56977 1.06875
-1.32529 -1.77201 -0.27200
-0.61852 -0.91485 -0.18952
-0.66600 -1.00895 -0.19561
-0.72238 -1.11996 -0.20267
-0.79025 -1.25297 -0.21097
-0.64735 -0.82633 -0.19229
-1.02064 -1.12075 -0.23663
-1.10743 -1.24447 -0.24678
-1.21138 -1.39220 -0.25876
-1.33878 -1.57250 -0.27327
-1.93388 -3.46481 -0.33912
-2.50267 -4.57887 -0.39433
-2.39086 -4.57778 -0.31203
-2.28216 -4.57674 -0.23090
-2.17663 -4.57576 -0.15079
-3.44415 -4.58643 -0.48153
-3.32196 -4.58528 -0.40582
-3.20377 -4.58416 -0.33159
-3.08914 -4.58309 -0.25859
-2.97793 -4.58204 -0.18678
-0.19777 1.53255 0.53772
-0.22275 1.53249 0.51214
-0.18682 1.53495 0.67544
-0.27331 1.53252 0.46189
-0.29913 1.53262 0.43696
-0.08800 1.53487 0.72411
-0.11084 1.53452 0.69706
-0.29826 1.53429 0.55048
-0.15695 1.53396 0.64396
-0.18011 1.53375 0.61807
-0.46182 1.53426 0.29038
-0.49056 1.53471 0.26617
-0.51988 1.53521 0.24191
-0.54986 1.53575 0.21760
-0.58076 1.53635 0.19299
-0.32351 1.53347 0.46800
-0.34850 1.53359 0.44359
-0.37360 1.53376 0.41945
-0.39931 1.53397 0.39526
0.18359 1.54497 1.18414
0.26786 1.54335 1.12104
0.24206 1.54234 1.08300
0.21641 1.54136 1.04585
0.19124 1.54044 1.01008
0.38192 1.54567 1.19977
0.36569 1.55011 1.37616
0.33907 1.54892 1.33182
0.31296 1.54777 1.28906
0.28734 1.54666 1.24776
0.04449 1.53597 0.81444
0.02044 1.53539 0.78445
-0.00358 1.53487 0.75509
-0.02760 1.53440 0.72630
-0.05164 1.53398 0.69804
0.14142 1.54092 1.02602
0.11799 1.54011 0.99261
0.09475 1.53935 0.96004
0.07165 1.53863 0.92827
0.04870 1.53795 0.89723
-0.66642 0.67474 -0.19546
-0.63198 0.62209 -0.19078
-1.01979 1.12131 -0.23987
-0.57416 0.53224 -0.18272
-0.54991 0.49378 -0.17925
-1.19762 1.39504 -0.26138
-1.07865 1.23132 -0.24716
-0.68746 0.67688 -0.19800
-0.90139 0.98598 -0.22549
-0.83366 0.89154 -0.21699
-0.44574 0.31851 -0.16353
-0.43336 0.29577 -0.16155
-0.42215 0.27451 -0.15974
-0.41195 0.25443 -0.15807
-0.40259 0.23536 -0.15651
-0.57975 0.52973 -0.18338
-0.55275 0.48979 -0.17956
-0.52865 0.45370 -0.17608
-0.50676 0.42043 -0.17287
-0.69292 1.45021 0.13694
-0.80129 1.57095 0.04147
-0.83909 1.57187 0.01489
-0.87810 1.57284 -0.01210
-0.91841 1.57386 -0.03954
-0.64834 1.44891 0.06273
-0.59215 1.53679 0.22680
-0.60950 1.51369 0.20073
-0.60498 1.45149 0.17311
-0.63293 1.44868 0.14949
-1.19267 1.58079 -0.21583
-1.40794 1.76005 -0.28642
-1.24669 1.52715 -0.26749
-1.11974 1.34320 -0.25238
-1.01656 1.19309 -0.23992
-0.91473 1.57371 -0.00293
-0.95449 1.57470 -0.03064
-0.99529 1.57573 -0.05868
-1.03793 1.57681 -0.08745
-1.08180 1.57792 -0.11664
-0.41494 -3.27035 2.22913
-0.34848 -3.17213 2.23498
-0.73880 -3.29464 2.19483
-0.22606 -2.98504 2.24560
-0.16969 -2.89573 2.25041
-0.80818 -3.81266 2.19343
-0.72067 -3.69686 2.20151
-0.40636 -2.88984 2.22486
-0.55911 -3.47620 2.21624
-0.48509 -3.37157 2.22289
-0.00734 -2.46527 2.26137
0.03594 -2.39343 2.26490
-0.28346 -2.59373 2.23358
0.11625 -2.25522 2.27135
0.15401 -2.18759 2.27433
-0.11575 -2.80820 2.25496
-0.06488 -2.72360 2.25920
-1.15595 -3.75327 2.15579
0.02916 -2.56142 2.26690
0.07290 -2.48295 2.27041
-2.53989 -4.57915 1.64845
-2.45377 -4.57874 1.71135
-2.36944 -4.57838 1.77494
-2.28657 -4.57805 1.83918
-2.20523 -4.57776 1.90415
-2.76577 -4.57990 1.25253
-2.66960 -4.57932 1.31751
-2.57577 -4.57877 1.38276
-2.48400 -4.57827 1.44846
-1.10516 -4.18929 2.16553
-1.57059 -4.17084 2.11588
-1.45898 -4.06162 2.12672
-1.35292 -3.95577 2.13695
-1.25199 -3.85302 2.14663
-2.12668 -4.39751 2.05892
-1.89307 -4.57597 1.92545
-1.81459 -4.57582 1.99675
-1.73733 -4.57572 2.06913
-1.63349 -4.50746 2.11208
0.69414 -0.80549 2.31194
0.70428 -0.75815 2.31252
0.71380 -0.71076 2.31304
0.72272 -0.66367 2.31353
0.73091 -0.61722 2.31397
0.66989 -0.96416 2.31138
0.68047 -0.91473 2.31189
0.69035 -0.86576 2.31235
0.69957 -0.81724 2.31276
0.70801 -0.76949 2.31312
0.76785 -0.34243 2.31583
0.77203 -0.29699 2.31602
0.77406 -0.50272 2.31799
0.77868 -0.20714 2.31629
0.78119 -0.16235 2.31638
0.74583 -0.49081 2.31442
0.75009 -0.44533 2.31451
0.63279 -1.04965 2.30833
0.75694 -0.35577 2.31459
0.75952 -0.31165 2.31458
0.34675 -1.80962 2.28898
0.37410 -1.75023 2.29097
0.40024 -1.69174 2.29284
0.42499 -1.63453 2.29460
0.44882 -1.57771 2.29627
0.29280 -2.05081 2.28730
0.32329 -1.98437 2.28951
0.35257 -1.91874 2.29161
0.38021 -1.85478 2.29356
0.50036 -1.33721 2.29780
0.57004 -1.25321 2.30440
0.58695 -1.20153 2.30548
0.60303 -1.15039 2.30649
0.61830 -1.09978 2.30744
0.44760 -1.50228 2.29475
0.53841 -1.43821 2.30401
0.55665 -1.38238 2.30512
0.57382 -1.32773 2.30614
0.59006 -1.27379 2.30709
-2.54025 -0.16760 -0.40813
-2.56709 -0.22134 -0.41105
-2.60406 -0.27720 -0.41509
-2.65124 -0.33580 -0.42025
-2.71120 -0.39809 -0.42683
-2.54441 0.08962 -0.40897
-2.52516 0.03797 -0.40675
-2.51583 -0.01316 -0.40563
-2.51488 -0.06407 -0.40545
-2.52297 -0.11537 -0.40628
-5.04334 -1.40308 -0.65444
-5.04603 -1.50021 -0.63406
-5.04888 -1.59791 -0.61244
-5.05190 -1.69624 -0.58956
-5.05508 -1.79525 -0.56540
-2.78387 -0.46484 -0.43481
-2.87110 -0.53715 -0.44439
-2.97696 -0.61664 -0.45601
-3.10303 -0.70482 -0.46983
-3.25438 -0.80406 -0.48641
-5.05812 2.07302 -0.54106
-5.05343 1.96342 -0.57867
-5.04172 1.67417 -0.67293
-5.04472 1.74658 -0.64852
-5.04067 1.63841 -0.68102
-5.04547 1.91147 -0.64954
-5.04259 1.80401 -0.67096
-3.47795 0.81598 -0.51346
-4.50144 1.43035 -0.62687
-4.16788 1.24322 -0.58999
-2.72027 0.56154 -0.42933
-2.54928 0.47349 -0.41018
-2.40712 0.39673 -0.39421
-2.28681 0.32858 -0.38066
-2.18538 0.26736 -0.36920
-3.14010 0.56761 -0.47578
-3.05860 0.49281 -0.46664
-2.99413 0.42355 -0.45940
-2.94396 0.35852 -0.45374
-3.99826 -4.26904 0.38773
-4.01152 -3.77801 0.54624
-4.01959 -3.89529 0.60985
-4.02801 -4.01558 0.67644
-4.03678 -4.13926 0.74615
-3.94432 -3.69322 -0.05700
-3.96303 -3.34358 0.14304
-3.96989 -3.45923 0.19560
-3.97707 -3.57757 0.25078
-3.98456 -3.69901 0.30876
-3.77363 -4.58724 1.15500
-3.66470 -4.58649 1.21072
-3.55871 -4.58576 1.26651
-3.45549 -4.58507 1.32228
-3.35479 -4.58440 1.37825
-4.03739 -4.50174 0.72480
-3.99161 -4.58876 0.79797
-3.86760 -4.58784 0.85863
-3.74752 -4.58695 0.91899
-3.63105 -4.58610 0.97919
-3.90248 -1.86925 -0.28352
-3.90609 -1.95131 -0.25700
-3.87425 -1.74967 -0.53445
-3.91380 -2.11839 -0.20015
-3.91790 -2.20345 -0.16976
-5.04364 -1.84427 -0.67360
-5.04683 -1.95148 -0.65009
-3.89153 -2.22862 -0.41394
-3.88344 -1.68438 -0.44438
-3.88654 -1.77053 -0.42242
-3.94630 -2.74056 0.04294
-3.95173 -2.83524 0.08407
-3.95738 -2.93163 0.12703
-3.96324 -3.02979 0.17178
-3.96935 -3.12995 0.21857
-3.90884 -2.31135 -0.26186
-3.91322 -2.40622 -0.22984
-3.91781 -2.50265 -0.19612
-3.92262 -2.60086 -0.16068
-2.79182 2.37317 -0.44124
-5.10034 5.00428 -0.33302
-5.09093 4.83187 -0.40904
-5.08199 4.66519 -0.48097
-5.07339 4.50129 -0.54993
-5.07736 5.02346 -0.54547
-1.22593 1.58129 0.09700
-5.14255 5.74053 0.01127
-5.13128 5.54916 -0.08117
-5.12046 5.36191 -0.16962
-2.54136 1.87448 -0.41250
-1.58751 1.10031 -0.30430
-1.46805 0.98417 -0.29040
-1.36845 0.88623 -0.27871
-1.28311 0.80119 -0.26861
-1.59232 1.16827 -0.30509
-5.05731 4.18479 -0.67809
-4.08231 3.28902 -0.58443
-3.27076 2.57049 -0.49421
-2.73476 2.09439 -0.43432
-0.64254 1.44983 0.30972
-0.67400 1.45046 0.28743
-0.70609 1.45114 0.26525
-0.81662 1.57192 0.25544
-0.85367 1.57270 0.23105
-0.53666 1.53818 0.50679
-0.56453 1.53847 0.48292
-0.59275 1.53881 0.45935
-0.62181 1.53920 0.43572
-0.63241 1.50499 0.40494
-1.10024 1.57828 0.08208
-1.14651 1.57936 0.05630
-0.97877 1.57583 0.24912
-5.11595 5.82009 -0.23690
-5.10555 5.61155 -0.32070
-0.86565 1.57322 0.27503
-0.90208 1.57397 0.25077
-1.21005 0.72717 -0.25989
-0.97781 1.57561 0.20209
-1.01753 1.57649 0.17741
-0.86547 -0.24187 -0.21613
-0.88457 -0.26873 -0.21851
-0.90591 -0.29711 -0.22114
-0.92959 -0.32719 -0.22406
-0.95586 -0.35922 -0.22727
-0.77869 -0.08175 -0.20526
-0.80683 -0.14571 -0.20880
-0.72257 -0.12889 -0.19821
-0.72974 -0.14978 -0.19914
-0.80206 -0.44226 -0.20897
-1.19071 -0.61317 -0.25533
-1.24848 -0.67107 -0.26209
-1.31415 -0.73577 -0.26971
-1.38929 -0.80865 -0.27837
-0.60489 -0.24176 -0.18344
-0.82141 -0.32097 -0.21091
-0.84190 -0.35088 -0.21350
-0.86472 -0.38278 -0.21636
-0.89025 -0.41698 -0.21954
-0.96274 0.46273 -0.22967
-0.92905 0.42342 -0.22543
-0.89912 0.38740 -0.22164
-0.87239 0.35399 -0.21823
-0.84861 0.32285 -0.21517
-1.41589 0.90477 -0.28417
-1.31649 0.81189 -0.27247
-1.23195 0.73191 -0.26243
-1.15975 0.66265 -0.25378
-1.09688 0.60124 -0.24618
-0.75091 0.16881 -0.20231
-0.74060 0.14688 -0.20092
-0.75487 0.26416 -0.20329
-0.69667 0.13369 -0.19530
-0.65884 0.14075 -0.19047
-0.84881 0.34163 -0.21529
-0.82173 0.30995 -0.21181
-0.53978 1.53744 0.44208
-0.77563 0.25252 -0.20581
-0.75607 0.22625 -0.20323
0.78478 1.01146 2.32257
0.77409 1.06853 2.32199
0.76249 1.12631 2.32133
0.75014 1.18448 2.32062
0.73670 1.24385 2.31982
0.76808 0.76418 2.31782
0.75991 0.81472 2.31735
0.75097 0.86609 2.31682
0.74141 0.91759 2.31626
0.44612 1.47915 2.11283
0.59607 1.47965 2.11958
0.56134 1.47790 2.03581
0.53069 1.48808 1.97209
0.51070 1.54682 1.97081
0.49708 1.32148 2.29292
0.65219 1.29594 2.31060
0.63610 1.35253 2.30952
0.61890 1.41032 2.30835
0.60073 1.46899 2.30710
0.84262 -0.02218 2.32352
0.84603 0.02673 2.32387
0.84884 0.07542 2.32418
0.85097 0.12427 2.32445
0.85249 0.17365 2.32468
0.80055 -0.18855 2.31889
0.80449 -0.14246 2.31917
0.80783 -0.09601 2.31941
0.81065 -0.04988 2.31963
0.81286 -0.00337 2.31980
0.84818 0.47483 2.32527
0.84516 0.52620 2.32522
0.75511 0.51088 2.31409
0.83694 0.63048 2.32499
0.83181 0.68309 2.32481
0.81408 0.27741 2.32016
0.81227 0.32480 2.32010
0.48147 1.56305 1.91823
0.80682 0.42022 2.31987
0.80316 0.46866 2.31969
-0.17071 1.53756 0.80682
-0.19526 1.53720 0.77792
-0.21999 1.53690 0.74958
-0.24474 1.53666 0.72196
-0.26990 1.53646 0.69461
-0.07328 1.54187 1.02485
-0.09625 1.54124 0.99238
-0.11908 1.54066 0.96095
-0.14196 1.54013 0.93026
-0.45764 1.53875 0.64815
-0.42682 1.53642 0.53961
-0.45438 1.53660 0.51485
-0.48221 1.53683 0.49046
-0.51082 1.53711 0.46612
-0.34895 1.54080 0.84899
-0.30603 1.53774 0.73201
-0.33023 1.53759 0.70571
-0.35473 1.53750 0.67981
-0.37954 1.53745 0.65426
0.33087 1.55553 1.59926
0.30300 1.55416 1.54425
0.27568 1.55284 1.49164
0.24886 1.55156 1.44122
0.22251 1.55033 1.39283
0.42754 1.56061 1.96152
0.39822 1.56241 1.89702
0.36927 1.56094 1.83192
0.34128 1.55952 1.77041
0.31377 1.55814 1.71128
0.07146 1.54401 1.13843
0.04698 1.54312 1.10076
0.03265 1.54846 1.30626
-0.00150 1.54152 1.02908
-0.02557 1.54080 0.99489
0.16020 1.55071 1.40644
0.13611 1.54963 1.36251
0.67767 1.44831 0.73551
0.08831 1.54758 1.27865
0.06496 1.54663 1.23908
